# Blender v2.76 (sub 0) OBJ File: 'npc_cyborgassassin.blend'
# www.blender.org
v 0.029730 1.399306 0.216604
v 0.111204 1.195231 -0.097453
v 0.087971 1.170308 0.031798
v 0.070895 1.485849 0.018359
v 0.004870 1.302574 0.150984
v 0.059105 1.297742 0.121386
v 0.070828 1.200193 -0.141189
v 0.098400 1.408369 0.154378
v 0.056515 1.472483 0.275056
v 0.106133 1.608357 0.156055
v 0.062784 1.588915 0.229380
v -0.055059 1.903413 0.054046
v 0.103747 1.461916 0.106407
v 0.002207 0.875344 0.001753
v 0.056121 1.497646 0.271107
v 0.059068 1.448485 -0.002106
v 0.036048 1.157403 0.068393
v 0.120250 1.557546 0.109048
v 0.054942 1.542354 0.254034
v 0.096555 1.296189 0.067168
v 0.088318 1.337596 0.004102
v 0.161873 1.022711 -0.137725
v 0.134185 1.069427 0.015915
v 0.045824 1.044671 0.045194
v 0.137423 0.871140 -0.048389
v 0.116223 0.969192 0.084081
v 0.184313 0.935695 0.033732
v 0.007367 0.916946 0.045626
v 0.054153 1.367187 -0.068511
v 0.175167 1.044287 -0.055475
v 0.076613 0.640335 0.172834
v 0.040253 1.423758 0.240387
v 0.023237 1.523073 0.250563
v 0.083283 1.559752 0.044516
v 0.099735 1.607340 0.208397
v -0.055623 1.943781 0.082193
v 0.089218 1.396627 0.215742
v 0.121918 1.193007 -0.037655
v 0.067366 1.026892 -0.194812
v 0.046308 0.882171 -0.144367
v 0.003681 0.815445 0.084346
v 0.148873 0.780613 0.022610
v 0.126909 0.876757 0.173193
v 0.185248 0.828902 0.082006
v 0.044600 0.870496 0.179309
v 0.057597 0.763006 -0.005597
v 0.167899 0.642322 0.149042
v 0.145217 0.702528 0.254208
v 0.186921 0.693031 0.226309
v 0.095634 0.691021 0.250101
v 0.118307 0.630847 0.144934
v 0.084484 0.484249 0.277554
v 0.185964 0.507464 0.217602
v 0.162111 0.470855 0.328302
v 0.204311 0.482661 0.303779
v 0.112472 0.471314 0.317648
v 0.136487 0.510838 0.205962
v 0.082223 0.430135 0.252641
v 0.181750 0.455489 0.213728
v 0.170026 0.415337 0.309715
v 0.216984 0.441597 0.269588
v 0.111556 0.407029 0.315774
v 0.118729 0.458006 0.186950
v 0.092281 0.090443 0.204057
v 0.147696 0.113394 0.161897
v 0.171221 0.129959 0.229180
v 0.177176 0.081539 0.174055
v 0.140088 0.127591 0.249379
v 0.104317 0.113744 0.164560
v 0.074297 0.006950 0.168731
v 0.133069 0.039411 0.127403
v 0.161672 -0.001471 0.221169
v 0.160621 0.003540 0.135445
v 0.130272 -0.001185 0.242196
v 0.089249 0.038018 0.130256
v 0.170461 0.256459 0.195477
v 0.197721 0.250280 0.232035
v 0.123173 0.258788 0.177597
v 0.097237 0.247164 0.220174
v 0.163314 0.237748 0.258137
v 0.120015 0.235349 0.261672
v 0.115398 0.062648 0.288760
v 0.176390 0.084300 0.270920
v 0.194999 0.043996 0.254312
v 0.142370 0.082654 0.281234
v 0.113191 0.000174 0.289416
v 0.174708 -0.000592 0.270983
v 0.195620 -0.000852 0.264717
v 0.140092 -0.000161 0.281356
v 0.142607 0.028753 0.405627
v 0.217155 0.031900 0.397927
v 0.234431 0.009092 0.355075
v 0.186442 0.035746 0.411435
v 0.141119 0.000606 0.406216
v 0.216807 -0.000244 0.398235
v 0.234643 -0.000702 0.355096
v 0.185414 0.000173 0.411950
v 0.100046 1.391318 0.192182
v 0.065507 1.457945 0.290002
v 0.155274 1.561852 0.165656
v 0.116875 1.576786 0.239123
v 0.119741 1.426848 0.183295
v 0.077169 1.505063 0.288893
v 0.140814 1.487838 0.166205
v 0.089782 1.555269 0.269865
v 0.148744 1.575866 0.215661
v -0.055811 1.960375 0.149966
v 0.090586 1.401412 0.251036
v 0.068259 1.192399 0.393004
v 0.099159 1.188433 0.467555
v -0.168358 1.127355 0.503408
v -0.170694 1.155915 0.453039
v 0.086658 1.269016 0.463299
v 0.058239 1.269487 0.417530
v 0.101026 1.209562 0.472730
v 0.050375 1.208355 0.393396
v 0.097165 1.243061 0.470651
v 0.051957 1.244946 0.402150
v 0.069638 1.274491 0.440782
v 0.087856 1.175699 0.430817
v -0.167851 1.190500 0.504234
v -0.172632 1.198815 0.467087
v -0.168181 1.140370 0.508570
v -0.171107 1.167178 0.452856
v -0.170506 1.171633 0.506702
v -0.173673 1.189037 0.455749
v -0.230672 1.118461 0.443065
v -0.254053 1.118471 0.463264
v -0.172883 1.202813 0.479235
v -0.173122 1.136434 0.474449
v -0.217582 1.120150 0.486911
v -0.199639 1.129901 0.451046
v -0.214336 1.198476 0.463389
v -0.238367 1.165475 0.342873
v -0.215950 1.141428 0.485783
v -0.205151 1.152953 0.440996
v -0.214775 1.176526 0.479750
v -0.206438 1.168843 0.420019
v -0.280808 1.112455 0.360680
v -0.260940 1.112408 0.350575
v -0.233765 1.158488 0.339614
v -0.209880 1.115100 0.455209
v -0.243324 1.179548 0.421328
v -0.233438 1.154816 0.399918
v -0.258462 1.142521 0.464215
v -0.228323 1.148935 0.434819
v -0.251391 1.177233 0.448754
v -0.233021 1.151795 0.414940
v -0.199162 1.186599 0.400336
v -0.207485 1.198758 0.412555
v -0.241163 1.163169 0.398797
v -0.236261 1.110231 0.445148
v -0.271040 1.170451 0.348627
v -0.256792 1.178383 0.339010
v -0.282090 1.136217 0.343909
v -0.262244 1.135475 0.329306
v -0.282476 1.155343 0.339793
v -0.261324 1.163856 0.324263
v -0.275727 1.161908 0.325142
v -0.278269 1.136589 0.329599
v -0.264757 1.182570 0.337005
v -0.272190 1.105303 0.352544
v -0.196573 1.180978 0.403990
v -0.201627 1.196428 0.403472
v -0.223624 1.194535 0.404655
v -0.210557 1.165945 0.394468
v -0.230497 1.179040 0.401422
v -0.226395 1.159919 0.391369
v -0.220392 1.157549 0.396615
v -0.232247 1.163720 0.391436
v -0.233256 1.154204 0.343666
v -0.235467 1.162439 0.339875
v -0.244518 1.161865 0.345468
v -0.241169 1.153914 0.341844
v -0.237337 1.150882 0.345190
v -0.243719 1.157193 0.342026
v -0.247960 1.159789 0.350615
v -0.244203 1.147965 0.348837
v -0.239549 1.149112 0.349565
v -0.247847 1.151092 0.349433
v -0.253944 1.107723 0.398672
v -0.245283 1.142205 0.382063
v -0.245271 1.115363 0.396934
v -0.252247 1.186586 0.382812
v -0.262007 1.176059 0.399448
v -0.276677 1.137952 0.401747
v -0.269437 1.114367 0.410013
v -0.275480 1.162882 0.398141
v -0.245686 1.178785 0.385743
v -0.243520 1.169163 0.378538
v 0.108686 1.329658 0.325551
v 0.195312 1.422104 0.309510
v 0.142658 1.429652 0.353850
v 0.174955 1.368218 0.259732
v 0.109751 1.405602 0.368580
v 0.148030 1.337612 0.259818
v 0.177868 1.433877 0.326817
v -0.054237 1.846123 0.040937
v 0.193602 1.396762 0.267366
v 0.087175 1.380862 0.366783
v -0.053111 1.779916 0.255711
v 0.124865 1.319472 0.263466
v -0.146128 1.161679 0.453136
v -0.134585 1.211664 0.485114
v -0.141395 1.204056 0.468365
v -0.115569 1.190676 0.510877
v -0.110743 1.168576 0.514651
v -0.128527 1.142259 0.485660
v -0.143597 1.151292 0.455472
v -0.147364 1.186537 0.457808
v -0.110970 1.153825 0.512120
v -0.119136 1.207424 0.502819
v 0.030619 1.871996 0.212774
v -0.055045 1.912994 0.251187
v -0.009178 1.930078 0.212770
v 0.019426 1.850934 0.251166
v -0.013415 1.897590 0.251164
v -0.077453 1.505659 0.207722
v 0.037062 1.893915 0.149933
v -0.006647 1.945125 0.149937
v -0.054120 1.849249 0.251224
v 0.033807 1.880410 0.082485
v -0.007855 1.928502 0.082165
v -0.023502 1.898996 0.054024
v 0.004089 1.847183 0.040676
v -0.051964 1.700895 0.033721
v 0.008613 1.628505 0.213047
v -0.022626 1.569339 0.245772
v 0.031683 1.666367 0.153985
v 0.037407 1.690659 0.089676
v 0.007513 1.704400 0.040032
v -0.023291 1.613503 -0.021380
v 0.062639 1.604528 0.029371
v 0.084839 1.637013 0.161918
v 0.054192 1.622669 0.212526
v 0.027150 1.575580 0.248579
v -0.041513 1.443412 0.208825
v -0.077769 1.428448 0.186892
v -0.023264 1.443058 0.215717
v -0.076762 1.418501 0.183346
v 0.028278 1.563866 0.243089
v -0.055544 1.945386 0.212797
v 0.051945 1.612478 0.213132
v 0.088107 1.628059 0.153606
v 0.061092 1.590451 0.036039
v -0.023918 1.601592 -0.018554
v 0.014784 1.778421 0.257117
v 0.006215 1.792165 0.265400
v 0.006682 1.840365 0.266217
v 0.018491 1.816492 0.265718
v -0.029922 1.792642 0.265152
v -0.029623 1.840128 0.266160
v -0.040064 1.816467 0.265664
v -0.035678 1.815896 0.315084
v -0.026840 1.835924 0.315503
v 0.013885 1.815947 0.315117
v 0.003890 1.836125 0.315551
v -0.027094 1.795730 0.314651
v 0.003636 1.795931 0.314698
v 0.120020 1.017607 -0.161354
v 0.168650 1.031528 -0.095924
v 0.158575 0.546290 0.337335
v 0.154019 0.641774 0.282850
v 0.109623 0.632208 0.279159
v 0.083248 0.610777 0.248934
v 0.067264 0.665361 0.216403
v 0.091828 0.587531 0.210123
v 0.128084 0.578566 0.185093
v 0.173652 0.588089 0.188976
v 0.199359 0.610989 0.219092
v 0.196317 0.668092 0.182748
v 0.191153 0.633354 0.257964
v 0.113697 0.541227 0.332096
v 0.094449 0.501097 0.230917
v 0.088258 0.548182 0.297903
v 0.097009 0.560257 0.255856
v 0.134544 0.565616 0.231870
v 0.214087 0.496967 0.256855
v 0.178128 0.552846 0.235861
v 0.204418 0.556171 0.273319
v 0.196107 0.554734 0.308098
v 0.178824 0.603933 0.291906
v 0.094258 0.592252 0.285450
v 0.184485 0.562813 0.292155
v 0.099919 0.551131 0.285699
v 0.190031 0.542409 0.256435
v 0.105465 0.530727 0.249979
v 0.189915 0.563126 0.220465
v 0.105349 0.551444 0.214009
v 0.184254 0.604246 0.220216
v 0.099688 0.592565 0.213760
v 0.178708 0.624650 0.255936
v 0.094142 0.612968 0.249480
v 0.147982 0.536601 0.253225
v 0.147867 0.557317 0.217255
v 0.142205 0.598438 0.217006
v 0.152534 0.600302 0.289899
v 0.121017 0.595948 0.287493
v 0.126678 0.554827 0.287742
v 0.158195 0.559181 0.290148
v 0.120901 0.616665 0.251523
v 0.152418 0.621019 0.253929
v 0.145774 0.625165 0.333427
v 0.114261 0.620812 0.331022
v 0.123212 0.546521 0.348190
v 0.154726 0.550875 0.350596
v 0.111438 0.672552 0.274373
v 0.142952 0.676905 0.276779
v 0.139086 1.223778 0.370997
v 0.090370 1.212206 0.382745
v 0.177216 1.257356 0.357681
v 0.175022 1.287495 0.324587
v 0.206455 1.264614 0.370823
v 0.213058 1.298700 0.336338
v 0.217205 1.286155 0.394278
v 0.224256 1.325617 0.353634
v 0.200023 1.307253 0.416796
v 0.211361 1.351815 0.377449
v 0.160858 1.315610 0.420901
v 0.177269 1.360740 0.392397
v 0.132588 1.311149 0.401238
v 0.141915 1.348101 0.387175
v 0.128952 1.291681 0.379359
v 0.126377 1.321519 0.364628
v 0.145021 1.269960 0.357392
v 0.139780 1.296344 0.338584
v 0.104077 1.184699 0.406142
v 0.151423 1.199020 0.392055
v 0.116802 1.183697 0.442598
v 0.162876 1.198118 0.424867
v 0.121092 1.209786 0.470757
v 0.166736 1.221599 0.450211
v 0.114432 1.247684 0.474124
v 0.160743 1.255709 0.453241
v 0.100725 1.275192 0.450726
v 0.148406 1.280467 0.432183
v 0.088000 1.276194 0.414270
v 0.136952 1.281369 0.399371
v 0.083710 1.250105 0.386111
v 0.133092 1.257888 0.374027
v 0.144572 1.242753 0.355637
v 0.190141 1.244021 0.402505
v 0.123627 1.230986 0.376320
v 0.169197 1.232253 0.423187
v 0.105503 1.250588 0.393413
v 0.151073 1.251855 0.440280
v 0.108323 1.281957 0.389823
v 0.153892 1.283225 0.436690
v 0.129267 1.293725 0.369140
v 0.174837 1.294992 0.416007
v 0.147391 1.274123 0.352048
v 0.192961 1.275390 0.398915
v 0.128162 1.251218 0.416716
v 0.130981 1.282588 0.413126
v 0.151925 1.294355 0.392444
v 0.158738 1.243147 0.370208
v 0.175722 1.243620 0.387675
v 0.154778 1.231852 0.408357
v 0.137795 1.231380 0.390890
v 0.178541 1.274989 0.384085
v 0.161558 1.274517 0.366618
v 0.180826 1.219260 0.349380
v 0.197807 1.219733 0.366845
v 0.163575 1.186606 0.401025
v 0.146594 1.186134 0.383560
v 0.212007 1.274524 0.351556
v 0.195026 1.274052 0.334091
v -0.189154 1.352726 0.098863
v -0.132314 1.203728 -0.126734
v -0.152234 1.169140 -0.004449
v -0.119648 1.529332 -0.094247
v -0.129216 1.283839 0.092021
v -0.061180 1.289690 0.137643
v -0.168154 1.279584 0.025991
v -0.075261 1.208886 -0.161029
v -0.207807 1.497982 -0.109235
v -0.246515 1.402719 0.046975
v -0.207462 1.633048 0.024509
v -0.231576 1.587372 0.107548
v -0.180718 1.542520 -0.083671
v -0.048830 0.868335 -0.011520
v -0.242846 1.428866 0.074139
v -0.108705 1.483332 -0.112833
v -0.116958 1.155014 0.043371
v -0.185025 1.606709 -0.035342
v -0.242784 1.512512 0.107415
v -0.040849 1.150002 0.058165
v -0.181418 1.287871 -0.052753
v -0.002140 1.213069 -0.146421
v -0.145995 1.343467 -0.108744
v -0.023184 1.593372 -0.022314
v -0.071890 1.359108 0.165631
v -0.019785 1.515144 -0.055288
v -0.019345 1.470496 -0.071888
v -0.176659 1.041551 -0.180292
v -0.184625 1.056594 -0.010108
v -0.020364 0.879321 -0.034556
v -0.104543 1.039099 0.029873
v -0.027061 1.023403 0.036138
v -0.003225 1.051008 -0.207014
v -0.167428 0.881394 -0.140840
v -0.177640 0.923904 0.022275
v -0.232524 0.914710 -0.053154
v -0.063417 0.906802 0.032580
v -0.026439 0.892339 0.028193
v -0.009155 0.915666 -0.153815
v -0.084250 1.374070 -0.129617
v -0.208135 1.048046 -0.096498
v -0.145981 0.583503 -0.025395
v -0.211738 1.368709 0.108524
v -0.215337 1.490020 0.142977
v -0.125924 1.594820 -0.052339
v -0.239528 1.622854 0.065435
v -0.243451 1.401635 -0.067401
v -0.161274 1.194409 -0.080701
v -0.073869 1.041172 -0.214280
v -0.010835 1.378385 -0.104158
v -0.062484 0.888568 -0.178385
v -0.062860 0.772511 -0.006783
v -0.190124 0.775103 -0.118992
v -0.203134 0.802779 0.058395
v -0.239637 0.797878 -0.054088
v -0.123943 0.790792 0.083403
v -0.094751 0.760820 -0.126897
v -0.230308 0.599355 -0.064503
v -0.231983 0.611933 0.058127
v -0.266646 0.616397 0.020894
v -0.182268 0.600410 0.059988
v -0.180709 0.588036 -0.062604
v -0.145944 0.409528 -0.006562
v -0.250619 0.435676 -0.060818
v -0.218683 0.362173 0.028712
v -0.262745 0.374724 0.006764
v -0.170218 0.376477 0.023045
v -0.203162 0.452502 -0.065784
v -0.132830 0.371467 -0.050533
v -0.235866 0.390495 -0.083459
v -0.215057 0.318375 -0.010460
v -0.266861 0.348873 -0.040311
v -0.156069 0.319823 -0.003919
v -0.175020 0.415663 -0.102413
v -0.072058 0.084064 -0.230637
v -0.132477 0.111410 -0.263176
v -0.158192 0.094521 -0.196759
v -0.153520 0.072215 -0.268217
v -0.125965 0.091813 -0.179017
v -0.088933 0.118094 -0.258596
v -0.041329 0.012129 -0.282018
v -0.097713 0.047641 -0.323081
v -0.137322 -0.006340 -0.241317
v -0.122051 0.009444 -0.326721
v -0.110121 -0.007500 -0.215236
v -0.055260 0.049235 -0.314389
v -0.183924 0.221710 -0.177731
v -0.208920 0.196266 -0.148651
v -0.138335 0.240104 -0.189752
v -0.110094 0.217668 -0.153425
v -0.172384 0.181250 -0.127161
v -0.129486 0.186065 -0.121711
v -0.101941 0.054615 -0.166020
v -0.156778 0.076779 -0.194958
v -0.174331 0.040547 -0.215589
v -0.125468 0.073595 -0.178226
v -0.105325 -0.004754 -0.163150
v -0.161587 -0.002728 -0.194056
v -0.180712 -0.002039 -0.204563
v -0.129927 -0.003868 -0.176665
v -0.156501 0.029177 -0.056301
v -0.227480 0.036176 -0.079529
v -0.236808 0.012970 -0.124578
v -0.200078 0.038761 -0.059961
v -0.156881 0.001025 -0.054839
v -0.229157 0.004088 -0.078501
v -0.237615 0.003208 -0.124403
v -0.201342 0.003221 -0.058517
v -0.228053 1.486476 -0.115344
v -0.262136 1.397059 0.015741
v -0.250856 1.623797 0.000380
v -0.275919 1.573066 0.078715
v -0.234562 1.528517 -0.088794
v -0.271671 1.439606 0.051072
v -0.239963 1.580492 -0.044234
v -0.273629 1.507335 0.081290
v -0.282197 1.602555 0.046698
v -0.261601 1.412501 -0.071412
v -0.452169 1.265111 -0.154976
v -0.522730 1.292992 -0.127187
v -0.508894 1.059427 0.003343
v -0.453075 1.044198 0.001865
v -0.472617 1.331832 -0.075728
v -0.427221 1.306061 -0.089057
v -0.516204 1.307735 -0.112465
v -0.438129 1.260735 -0.136047
v -0.495570 1.324911 -0.091956
v -0.426120 1.284947 -0.109825
v -0.446505 1.319945 -0.077614
v -0.497029 1.273410 -0.151593
v -0.459902 1.092721 0.032771
v -0.432020 1.074016 0.026247
v -0.503742 1.069738 0.011895
v -0.444794 1.049245 0.006916
v -0.477718 1.084427 0.028441
v -0.431180 1.061111 0.019364
v -0.457334 0.985046 0.018350
v -0.487362 0.979038 0.018560
v -0.437383 1.082837 0.032239
v -0.482135 1.045053 0.001474
v -0.508075 1.018854 0.023766
v -0.471966 1.012216 0.010172
v -0.437632 1.049464 0.061582
v -0.362016 0.955131 0.061229
v -0.495506 1.029829 0.036393
v -0.451842 1.014251 0.025250
v -0.466599 1.045213 0.055734
v -0.420509 1.007651 0.032896
v -0.426310 0.897072 0.045189
v -0.406238 0.906215 0.048403
v -0.361319 0.949523 0.054252
v -0.483120 1.001608 0.009332
v -0.429973 1.003664 0.071396
v -0.415161 0.976370 0.051247
v -0.490238 0.986299 0.040236
v -0.454723 0.990729 0.047018
v -0.459119 1.008042 0.073133
v -0.431201 0.980157 0.051040
v -0.394431 1.017383 0.035100
v -0.399540 1.028033 0.047656
v -0.415799 0.978392 0.064503
v -0.461193 0.979412 0.011681
v -0.427665 0.914060 0.102755
v -0.413824 0.921514 0.113303
v -0.421948 0.893100 0.073698
v -0.398518 0.899395 0.078068
v -0.424641 0.895884 0.092878
v -0.402296 0.905282 0.106048
v -0.411742 0.894312 0.104472
v -0.409461 0.887731 0.079595
v -0.418760 0.915500 0.118248
v -0.412959 0.896797 0.041544
v -0.399457 1.015446 0.030026
v -0.391934 1.024564 0.041505
v -0.398002 1.013430 0.060450
v -0.400642 0.992716 0.036269
v -0.404155 0.996689 0.058746
v -0.403831 0.978471 0.046891
v -0.408124 0.981261 0.040397
v -0.403315 0.979134 0.053673
v -0.366641 0.948303 0.051967
v -0.360144 0.952215 0.057407
v -0.367225 0.951439 0.065332
v -0.366917 0.944451 0.059115
v -0.370341 0.945018 0.054316
v -0.366161 0.946278 0.062773
v -0.373368 0.951168 0.067531
v -0.376308 0.942155 0.059333
v -0.375409 0.945028 0.055532
v -0.376217 0.943692 0.063920
v -0.434339 0.938324 0.024663
v -0.426620 0.945062 0.062543
v -0.429607 0.946076 0.032019
v -0.440134 0.955410 0.107395
v -0.453894 0.956085 0.092970
v -0.459753 0.931549 0.052017
v -0.454093 0.935160 0.027647
v -0.461589 0.939143 0.079243
v -0.435565 0.959797 0.100119
v -0.429734 0.952618 0.091906
v -0.304935 1.415495 -0.155038
v -0.371411 1.502684 -0.083126
v -0.357525 1.438877 -0.060073
v -0.322506 1.517065 -0.139671
v -0.338802 1.402084 -0.075454
v -0.299895 1.494094 -0.164895
v -0.368810 1.481599 -0.066063
v -0.343086 1.528603 -0.113901
v -0.316735 1.383237 -0.095168
v -0.283141 1.473458 -0.178006
v -0.444204 1.080745 -0.024821
v -0.445521 1.124167 0.017388
v -0.434727 1.112303 0.006317
v -0.484179 1.128630 0.011905
v -0.500681 1.119131 -0.001181
v -0.486232 1.086566 -0.025419
v -0.452396 1.076522 -0.030751
v -0.434216 1.095711 -0.007004
v -0.506417 1.109870 -0.011401
v -0.467614 1.135358 0.018514
v -0.139543 1.869528 0.212906
v -0.101447 1.928739 0.212842
v -0.127684 1.848800 0.251281
v -0.096210 1.896389 0.251229
v -0.146717 1.891249 0.150076
v -0.104512 1.943706 0.150013
v -0.143176 1.877817 0.082478
v -0.102927 1.927123 0.082239
v -0.087731 1.898089 0.054152
v -0.112572 1.845647 0.041010
v -0.145753 1.624068 0.196455
v -0.140748 1.563765 0.223408
v -0.148708 1.663585 0.141274
v -0.143813 1.689505 0.077220
v -0.109399 1.703641 0.035834
v -0.104520 1.625969 -0.035581
v -0.202468 1.650359 0.057471
v -0.214164 1.623466 0.118760
v -0.216387 1.561149 0.160444
v -0.122004 1.422596 0.171732
v -0.143268 1.413914 0.159461
v -0.215077 1.547325 0.147779
v -0.212589 1.613272 0.114232
v -0.197335 1.644517 0.044680
v -0.105552 1.613311 -0.033143
v -0.127081 1.776313 0.256852
v -0.128700 1.790118 0.264695
v -0.129437 1.838502 0.265444
v -0.053283 1.792303 0.265171
v -0.053971 1.839775 0.266179
v -0.180183 1.205868 -0.153122
v -0.197197 1.178871 -0.009693
v -0.214624 1.046697 -0.170679
v -0.222419 1.058912 -0.013721
v -0.230278 0.426735 0.065294
v -0.243586 0.544129 0.057735
v -0.198104 0.535178 0.058819
v -0.164269 0.529604 0.026790
v -0.146820 0.588955 0.025449
v -0.165845 0.523530 -0.017470
v -0.195858 0.528143 -0.051096
v -0.242158 0.534499 -0.051677
v -0.274329 0.544169 -0.020604
v -0.265952 0.611187 -0.029901
v -0.275082 0.548811 0.024749
v -0.185497 0.432486 0.063138
v -0.159682 0.441360 -0.043389
v -0.162408 0.457756 0.036846
v -0.173572 0.484053 0.002283
v -0.211069 0.492125 -0.020914
v -0.275648 0.404766 -0.030911
v -0.249285 0.474986 -0.027815
v -0.276925 0.455438 0.006687
v -0.268047 0.442087 0.036416
v -0.257595 0.496964 0.042237
v -0.172002 0.497531 0.043990
v -0.256930 0.461102 0.021346
v -0.171337 0.461669 0.023098
v -0.256081 0.461271 -0.020154
v -0.170488 0.461838 -0.018402
v -0.255898 0.497302 -0.040763
v -0.170305 0.497869 -0.039011
v -0.256564 0.533165 -0.019872
v -0.170970 0.533732 -0.018119
v -0.257412 0.532996 0.021629
v -0.171819 0.533563 0.023381
v -0.213522 0.461553 -0.019283
v -0.213339 0.497584 -0.039892
v -0.214004 0.533447 -0.019000
v -0.230986 0.497141 0.042782
v -0.199086 0.497352 0.043435
v -0.198421 0.461490 0.022544
v -0.230320 0.461278 0.021891
v -0.198903 0.533383 0.022827
v -0.230802 0.533172 0.022173
v -0.232018 0.496935 0.093354
v -0.200122 0.497146 0.094007
v -0.199161 0.423977 0.070785
v -0.231058 0.423765 0.070132
v -0.200144 0.570503 0.071361
v -0.232041 0.570291 0.070708
v -0.441714 1.338385 -0.186709
v -0.440956 1.293811 -0.161063
v -0.390552 1.405797 -0.229649
v -0.356191 1.445251 -0.209468
v -0.416773 1.428959 -0.225956
v -0.387027 1.467524 -0.201707
v -0.440971 1.430230 -0.201529
v -0.414398 1.467531 -0.174452
v -0.445942 1.417405 -0.171617
v -0.422038 1.445903 -0.143790
v -0.428192 1.402091 -0.148315
v -0.405321 1.415854 -0.127459
v -0.403021 1.373353 -0.157659
v -0.374538 1.393668 -0.134671
v -0.381847 1.368348 -0.170196
v -0.347215 1.393598 -0.161741
v -0.376725 1.378125 -0.208097
v -0.339989 1.413776 -0.192916
v -0.478328 1.289742 -0.169937
v -0.475351 1.334723 -0.194697
v -0.511550 1.302063 -0.154560
v -0.505252 1.345813 -0.180857
v -0.521162 1.323557 -0.123940
v -0.513902 1.365157 -0.153297
v -0.501532 1.341632 -0.096012
v -0.496235 1.381426 -0.128161
v -0.464160 1.345701 -0.087138
v -0.462599 1.385088 -0.120174
v -0.430938 1.333380 -0.102515
v -0.432698 1.373999 -0.134014
v -0.421326 1.311887 -0.133136
v -0.424047 1.354654 -0.161574
v -0.415672 1.341308 -0.184500
v -0.461715 1.385745 -0.197921
v -0.433578 1.329858 -0.160981
v -0.479621 1.374295 -0.174402
v -0.430724 1.341660 -0.131698
v -0.476766 1.386097 -0.145119
v -0.409962 1.364912 -0.125935
v -0.456005 1.409349 -0.139356
v -0.392056 1.376362 -0.149454
v -0.438099 1.420799 -0.162875
v -0.394911 1.364560 -0.178736
v -0.440953 1.408997 -0.192157
v -0.453617 1.363755 -0.138372
v -0.432856 1.387007 -0.132608
v -0.414950 1.398457 -0.156127
v -0.429986 1.355123 -0.188672
v -0.447145 1.371684 -0.193674
v -0.465052 1.360234 -0.170155
v -0.447892 1.343673 -0.165153
v -0.426384 1.394936 -0.187910
v -0.409225 1.378375 -0.182908
v -0.433465 1.340742 -0.224356
v -0.450623 1.357302 -0.229357
v -0.488449 1.328461 -0.195081
v -0.471291 1.311901 -0.190080
v -0.409642 1.399187 -0.231268
v -0.392484 1.382627 -0.226267
v -0.146717 1.891249 0.150076
v -0.143176 1.877786 0.082299
v 0.033330 1.815948 0.213377
v 0.040039 1.816221 0.151531
v 0.054867 1.841276 0.266191
v 0.055030 1.872897 0.215378
v 0.036860 1.817456 0.084431
v 0.004550 1.818483 0.042144
v 0.055692 1.894669 0.156215
v 0.054762 1.881257 0.088758
v 0.055403 1.806230 0.266575
v 0.055340 1.816965 0.215397
v 0.055474 1.817997 0.089508
v 0.118708 1.193407 -0.080609
v 0.086930 1.195996 -0.122286
v 0.125493 1.195991 -0.115728
v 0.171581 1.024096 -0.149601
v 0.135774 1.019936 -0.180522
v 0.101343 1.196603 -0.144397
v 0.193802 1.049577 -0.057224
v 0.140966 1.197556 -0.043352
v 0.187287 1.037287 -0.097754
v 0.137450 1.196852 -0.085067
v -0.112160 1.816157 0.041317
v -0.139897 1.813899 0.213356
v -0.147243 1.813870 0.151077
v -0.143810 1.814926 0.083692
v -0.143501 1.845501 0.083182
v -0.147025 1.846428 0.150411
v -0.139685 1.847880 0.212919
v -0.141144 1.848839 0.249895
v -0.140341 1.777563 0.254963
v -0.153358 1.814064 0.211895
v -0.160705 1.814026 0.149511
v -0.157270 1.814914 0.082120
v -0.156962 1.845607 0.082010
v -0.160484 1.846335 0.149374
v -0.153145 1.847920 0.211533
v -0.350576 1.331218 -0.080857
v -0.380579 1.337566 -0.076366
v -0.441447 1.008291 0.089184
v -0.379981 0.995286 0.079984
v -0.320898 1.361995 0.073919
v -0.350901 1.368344 0.078409
v -0.404672 1.079152 0.148597
v -0.367362 1.071257 0.143013
v -0.418399 1.035665 0.204478
v -0.356932 1.022660 0.195278
v -0.478278 0.770477 0.179296
v -0.416811 0.757472 0.170096
v -0.462279 0.787444 0.262197
v -0.400813 0.774439 0.252997
v -0.447544 0.763975 0.174696
v -0.431546 0.780941 0.257597
v -0.406608 0.768241 0.223038
v -0.468075 0.781246 0.232239
v -0.547822 0.348826 0.286076
v -0.498381 0.338365 0.278676
v -0.517314 0.349090 0.306612
v -0.508402 0.358685 0.352585
v -0.492612 0.350565 0.330701
v -0.531563 0.358807 0.336532
v -0.481888 0.766062 0.161417
v -0.420421 0.753057 0.152217
v -0.455435 0.755121 0.134493
v -0.526544 0.340025 0.264419
v -0.553233 0.129659 0.365259
v -0.546546 0.136859 0.399760
v -0.534696 0.130766 0.383337
v -0.563927 0.136951 0.387713
v -0.573193 0.133882 0.368247
v -0.556301 0.112208 0.369429
v -0.549614 0.119408 0.403929
v -0.538139 0.112925 0.385549
v -0.567371 0.119111 0.389924
v -0.566505 0.141082 0.402747
v -0.583887 0.141174 0.390700
v -0.576261 0.116431 0.372416
v -0.569574 0.123631 0.406917
v -0.587330 0.123334 0.392911
v -0.533246 0.125466 0.362417
v -0.526559 0.132666 0.396918
v -0.514709 0.126573 0.380495
v -0.536315 0.108015 0.366587
v -0.529627 0.115216 0.401087
v -0.518153 0.108733 0.382707
v -0.398135 0.789565 0.249503
v -0.459602 0.802570 0.258703
v -0.404977 1.032825 0.202469
v -0.370354 1.025500 0.197287
v -0.411557 0.792405 0.251512
v -0.446180 0.799730 0.256694
v -0.405768 1.004836 0.236751
v -0.371145 0.997510 0.231569
v -0.406469 0.797679 0.278052
v -0.441092 0.805005 0.283234
v -0.387347 0.947723 0.098007
v -0.448813 0.960728 0.107207
v -0.395150 0.998495 0.082255
v -0.426278 1.005082 0.086914
v -0.433644 0.957519 0.104936
v -0.402516 0.950933 0.100277
v -0.408148 1.025708 -0.001300
v -0.427563 1.029816 0.001606
v -0.440358 0.985835 -0.021700
v -0.420942 0.981727 -0.024606
v -0.436921 0.966123 0.070883
v -0.405792 0.959537 0.066223
v -0.430814 0.930843 0.097924
v -0.417535 0.928033 0.095936
v -0.434091 0.939447 0.063870
v -0.420811 0.936637 0.061882
vt 0.233223 0.485046
vt 0.233680 0.485202
vt 0.179828 0.488899
vt 0.239197 0.479373
vt 0.214722 0.655552
vt 0.190778 0.627255
vt 0.017621 0.221534
vt 0.009764 0.221505
vt 0.015927 0.188908
vt 0.190269 0.627043
vt 0.213882 0.655204
vt 0.238787 0.479203
vt 0.099709 0.223593
vt 0.108488 0.223619
vt 0.098543 0.018783
vt 0.195425 0.482265
vt 0.212989 0.482329
vt 0.213920 0.628024
vt 0.183405 0.632386
vt 0.173668 0.660172
vt 0.210244 0.659498
vt 0.211181 0.659817
vt 0.174605 0.660491
vt 0.183974 0.632579
vt 0.199676 0.800625
vt 0.199676 0.998662
vt 0.229714 0.999166
vt 0.027054 0.368219
vt 0.016962 0.359246
vt 0.037231 0.359323
vt 0.038771 0.571329
vt 0.031087 0.769034
vt 0.016688 0.768257
vt 0.160161 0.883237
vt 0.185029 0.882930
vt 0.160510 0.909493
vt 0.185726 0.935442
vt 0.160859 0.935749
vt 0.046212 0.768320
vt 0.032460 0.768947
vt 0.025882 0.572279
vt 0.230905 0.999461
vt 0.199676 0.998894
vt 0.199676 0.800990
vt 0.028524 0.561602
vt 0.013534 0.561425
vt 0.011361 0.379726
vt 0.210635 0.500621
vt 0.218871 0.500248
vt 0.204802 0.500806
vt 0.237817 0.373773
vt 0.235861 0.296055
vt 0.274133 0.323788
vt 0.101947 0.616359
vt 0.099848 0.754527
vt 0.114858 0.754739
vt 0.042284 0.561516
vt 0.031336 0.379962
vt 0.197492 0.323389
vt 0.207818 0.403156
vt 0.084242 0.616570
vt 0.086562 0.754685
vt 0.268133 0.402638
vt 0.240350 0.801187
vt 0.230321 0.800784
vt 0.074472 0.430621
vt 0.081645 0.627925
vt 0.094246 0.627715
vt 0.211572 0.500941
vt 0.237104 0.207031
vt 0.255785 0.246285
vt 0.237001 0.280879
vt 0.218314 0.246141
vt 0.262688 0.207440
vt 0.281369 0.246694
vt 0.023832 0.290985
vt 0.030119 0.290670
vt 0.030590 0.290764
vt 0.211415 0.280782
vt 0.192727 0.246044
vt 0.211518 0.206933
vt 0.102094 0.742635
vt 0.102056 0.752842
vt 0.110981 0.753013
vt 0.044924 0.747764
vt 0.044827 0.758062
vt 0.036687 0.758150
vt 0.040650 0.290554
vt 0.031583 0.291004
vt 0.031180 0.290907
vt 0.090504 0.752807
vt 0.024706 0.291177
vt 0.036734 0.747827
vt 0.025002 0.758106
vt 0.070962 0.752896
vt 0.078956 0.752774
vt 0.078994 0.742568
vt 0.013322 0.758063
vt 0.004349 0.757909
vt 0.004446 0.747612
vt 0.090542 0.742601
vt 0.262586 0.281288
vt 0.039777 0.290362
vt 0.013369 0.747739
vt 0.025049 0.747782
vt 0.009105 0.359217
vt 0.045089 0.359353
vt 0.037890 0.221611
vt 0.160206 0.982772
vt 0.160363 0.948104
vt 0.186080 0.948244
vt 0.038476 0.241620
vt 0.037911 0.359679
vt 0.017642 0.359602
vt 0.178795 0.834566
vt 0.160897 0.835060
vt 0.160697 0.692022
vt 0.018207 0.241543
vt 0.160212 0.691738
vt 0.160412 0.834776
vt 0.178310 0.834282
vt 0.231802 0.801149
vt 0.241830 0.801552
vt 0.097459 0.627992
vt 0.110887 0.628293
vt 0.115523 0.431012
vt 0.099764 0.252235
vt 0.108544 0.252261
vt 0.073192 0.366723
vt 0.081748 0.252181
vt 0.214823 0.800366
vt 0.215336 0.800517
vt 0.215850 0.800668
vt 0.184329 0.788037
vt 0.224082 0.795957
vt 0.238478 0.682150
vt 0.223940 0.796377
vt 0.195012 0.796839
vt 0.185663 0.788456
vt 0.072968 0.252155
vt 0.081692 0.223539
vt 0.083277 0.198688
vt 0.094514 0.198722
vt 0.082378 0.220233
vt 0.093615 0.220266
vt 0.228419 0.553931
vt 0.205091 0.519327
vt 0.223658 0.520720
vt 0.099022 0.243247
vt 0.205485 0.519017
vt 0.228665 0.553737
vt 0.224052 0.520410
vt 0.081005 0.243193
vt 0.085841 0.256273
vt 0.093527 0.256296
vt 0.213507 0.694966
vt 0.223919 0.686963
vt 0.223717 0.686894
vt 0.191014 0.481276
vt 0.204545 0.481874
vt 0.212954 0.499273
vt 0.193756 0.516814
vt 0.192695 0.503725
vt 0.204030 0.506238
vt 0.204424 0.505927
vt 0.192863 0.503592
vt 0.193924 0.516682
vt 0.179370 0.488743
vt 0.190438 0.481685
vt 0.037768 0.188991
vt 0.045748 0.221641
vt 0.190028 0.481515
vt 0.081178 0.018732
vt 0.072912 0.223513
vt 0.192078 0.627944
vt 0.045045 0.368287
vt 0.009062 0.368150
vt 0.016051 0.570051
vt 0.046212 0.571237
vt 0.204334 0.500646
vt 0.121947 0.616641
vt 0.049672 0.379846
vt 0.092789 0.430360
vt 0.205271 0.500966
vt 0.024303 0.291080
vt 0.111068 0.742832
vt 0.040247 0.290457
vt 0.071049 0.742715
vt 0.185924 0.982912
vt 0.178563 0.667718
vt 0.178078 0.667433
vt 0.096003 0.430637
vt 0.108768 0.366828
vt 0.242077 0.653698
vt 0.185506 0.652728
vt 0.184264 0.796814
vt 0.193677 0.796420
vt 0.186841 0.653148
vt 0.241936 0.654117
vt 0.238336 0.682569
vt 0.185599 0.797234
vt 0.207037 0.554129
vt 0.207283 0.553935
vt 0.213305 0.694897
vt 0.181237 0.497872
vt 0.425781 0.910156
vt 0.390625 0.910156
vt 0.425781 0.832031
vt 0.804688 0.925781
vt 0.828125 0.906250
vt 0.835938 0.921875
vt 0.808594 0.957031
vt 0.839844 0.957031
vt 0.785156 0.964844
vt 0.808594 0.980469
vt 0.398438 0.988281
vt 0.398438 0.964844
vt 0.425781 0.968750
vt 0.371094 0.964844
vt 0.378906 0.937500
vt 0.406250 0.937500
vt 0.397932 0.887413
vt 0.397922 0.833024
vt 0.417936 0.840942
vt 0.417945 0.887319
vt 0.439569 0.845461
vt 0.371094 0.906250
vt 0.371094 0.843750
vt 0.390625 0.839844
vt 0.390625 0.894531
vt 0.386719 0.761719
vt 0.373047 0.839844
vt 0.337891 0.808594
vt 0.843750 0.828125
vt 0.875000 0.804688
vt 0.874070 0.826304
vt 0.839844 0.796875
vt 0.871094 0.769531
vt 0.828125 0.761719
vt 0.808594 0.695312
vt 0.785156 0.738281
vt 0.785156 0.695312
vt 0.785156 0.691406
vt 0.824219 0.691406
vt 0.871094 0.761719
vt 0.875000 0.800781
vt 0.335938 0.812500
vt 0.332031 0.832031
vt 0.332031 0.828125
vt 0.335938 0.804688
vt 0.425781 0.761719
vt 0.828125 0.851562
vt 0.835938 0.878906
vt 0.414062 0.042969
vt 0.433594 0.031250
vt 0.433594 0.058594
vt 0.406250 0.031250
vt 0.382812 0.031250
vt 0.414062 0.015625
vt 0.382812 0.058594
vt 0.410156 0.058594
vt 0.414062 0.070312
vt 0.304688 0.082031
vt 0.324219 0.082031
vt 0.324219 0.109375
vt 0.277344 0.082031
vt 0.277344 0.109375
vt 0.257812 0.109375
vt 0.347656 0.082031
vt 0.347656 0.109375
vt 0.304688 0.109375
vt 0.234375 0.082031
vt 0.234375 0.109375
vt 0.207031 0.109375
vt 0.257812 0.082031
vt 0.390625 0.074219
vt 0.421875 0.074219
vt 0.433594 0.097656
vt 0.425781 0.121094
vt 0.390625 0.121094
vt 0.851562 0.660156
vt 0.824219 0.621094
vt 0.851562 0.621094
vt 0.875000 0.683594
vt 0.878906 0.699219
vt 0.863281 0.667969
vt 0.382812 0.574219
vt 0.386719 0.640625
vt 0.359375 0.644531
vt 0.351562 0.500000
vt 0.386719 0.492188
vt 0.343750 0.660156
vt 0.339844 0.609375
vt 0.347656 0.589844
vt 0.828125 0.535156
vt 0.855469 0.554688
vt 0.867188 0.578125
vt 0.863281 0.628906
vt 0.835938 0.472656
vt 0.371094 0.707031
vt 0.343750 0.722656
vt 0.339844 0.691406
vt 0.371094 0.746094
vt 0.339844 0.757812
vt 0.382812 0.683594
vt 0.425781 0.687500
vt 0.425781 0.707031
vt 0.425781 0.753906
vt 0.785156 0.621094
vt 0.785156 0.535156
vt 0.878906 0.679688
vt 0.425781 0.574219
vt 0.425781 0.648438
vt 0.425781 0.500000
vt 0.324219 0.707031
vt 0.332031 0.687500
vt 0.332031 0.683594
vt 0.328125 0.687500
vt 0.894531 0.699219
vt 0.882812 0.683594
vt 0.304688 0.777344
vt 0.312500 0.742188
vt 0.316406 0.804595
vt 0.289985 0.790508
vt 0.882812 0.746094
vt 0.902344 0.742188
vt 0.914062 0.777344
vt 0.920325 0.789868
vt 0.896887 0.801587
vt 0.796875 0.406250
vt 0.804688 0.410156
vt 0.785156 0.406250
vt 0.425781 0.453125
vt 0.425781 0.441406
vt 0.398438 0.425781
vt 0.800195 0.407617
vt 0.804102 0.368555
vt 0.843164 0.341211
vt 0.395027 0.428572
vt 0.387215 0.373884
vt 0.402840 0.401228
vt 0.867188 0.734375
vt 0.785156 0.464844
vt 0.324219 0.519531
vt 0.310685 0.459584
vt 0.339844 0.433594
vt 0.871094 0.414062
vt 0.878906 0.492188
vt 0.901359 0.441037
vt 0.308594 0.460938
vt 0.308594 0.398438
vt 0.335938 0.382812
vt 0.390625 0.371094
vt 0.878906 0.351562
vt 0.902344 0.398438
vt 0.902344 0.441406
vt 0.839844 0.339844
vt 0.363777 0.291853
vt 0.320312 0.289062
vt 0.343750 0.285156
vt 0.890625 0.277344
vt 0.905296 0.293584
vt 0.863281 0.273438
vt 0.746094 0.277344
vt 0.769531 0.257812
vt 0.761719 0.296875
vt 0.585938 0.253906
vt 0.601562 0.214844
vt 0.589844 0.222656
vt 0.656250 0.261719
vt 0.664062 0.246094
vt 0.636719 0.222656
vt 0.605469 0.250000
vt 0.800781 0.273438
vt 0.824219 0.300781
vt 0.812500 0.312500
vt 0.769531 0.191406
vt 0.785156 0.179688
vt 0.625000 0.132812
vt 0.667969 0.148438
vt 0.652344 0.136719
vt 0.808594 0.187500
vt 0.828125 0.203125
vt 0.808594 0.125000
vt 0.781250 0.109375
vt 0.808594 0.074219
vt 0.824219 0.085938
vt 0.625000 0.070312
vt 0.625000 0.066406
vt 0.621094 0.023438
vt 0.609375 0.140625
vt 0.773438 0.074219
vt 0.808594 0.039062
vt 0.667969 0.054688
vt 0.664062 0.011719
vt 0.648438 0.023438
vt 0.652344 0.066406
vt 0.824219 0.132812
vt 0.828125 0.121094
vt 0.679688 0.085938
vt 0.687500 0.058594
vt 0.839844 0.093750
vt 0.691406 0.039062
vt 0.671875 0.031250
vt 0.656250 0.035156
vt 0.664062 0.046875
vt 0.652344 0.050781
vt 0.679688 0.042969
vt 0.835938 0.019531
vt 0.863281 0.027344
vt 0.835938 0.007812
vt 0.718750 0.089844
vt 0.726562 0.070312
vt 0.878906 0.027344
vt 0.726562 0.066406
vt 0.703125 0.082031
vt 0.675781 0.082031
vt 0.718750 0.074219
vt 0.863281 0.007812
vt 0.878906 0.015625
vt 0.882812 0.027344
vt 0.882812 0.031250
vt 0.304688 0.660156
vt 0.316406 0.644531
vt 0.894531 0.652344
vt 0.910156 0.664062
vt 0.898438 0.671875
vt 0.273438 0.683594
vt 0.285156 0.671875
vt 0.290354 0.790139
vt 0.267717 0.689376
vt 0.925781 0.679688
vt 0.941406 0.695312
vt 0.950800 0.701575
vt 0.609375 0.441406
vt 0.601562 0.441406
vt 0.566406 0.542969
vt 0.574219 0.550781
vt 0.601562 0.562500
vt 0.621094 0.449219
vt 0.953125 0.617188
vt 0.941406 0.613281
vt 0.968750 0.511719
vt 0.628906 0.464844
vt 0.980469 0.496094
vt 0.972656 0.492188
vt 0.976562 0.468750
vt 0.972656 0.515625
vt 0.984375 0.468750
vt 0.984375 0.476562
vt 0.972656 0.496094
vt 0.636719 0.441406
vt 0.628906 0.429688
vt 0.617188 0.417969
vt 0.632812 0.410156
vt 0.621094 0.402344
vt 0.613281 0.425781
vt 0.640625 0.406250
vt 0.945312 0.503906
vt 0.957031 0.507812
vt 0.925781 0.605469
vt 0.902344 0.589844
vt 0.933594 0.503906
vt 0.556143 0.551945
vt 0.587393 0.446477
vt 0.587393 0.454289
vt 0.895986 0.594914
vt 0.935049 0.505070
vt 0.585938 0.445312
vt 0.945312 0.484375
vt 0.945312 0.460938
vt 0.960938 0.464844
vt 0.957031 0.484375
vt 0.937500 0.484375
vt 0.925781 0.468750
vt 0.933594 0.460938
vt 0.601562 0.425781
vt 0.585938 0.406250
vt 0.582031 0.406250
vt 0.589844 0.433594
vt 0.585938 0.453125
vt 0.582031 0.410156
vt 0.589844 0.437500
vt 0.585938 0.460938
vt 0.605469 0.402344
vt 0.585938 0.398438
vt 0.640625 0.394531
vt 0.625000 0.390625
vt 0.640625 0.367188
vt 0.628906 0.363281
vt 0.644531 0.394531
vt 0.648438 0.371094
vt 0.980469 0.453125
vt 0.988281 0.457031
vt 0.988281 0.460938
vt 0.980469 0.429688
vt 0.992188 0.433594
vt 0.992188 0.437500
vt 0.945312 0.453125
vt 0.964844 0.449219
vt 0.933594 0.457031
vt 0.906250 0.449219
vt 0.910156 0.445312
vt 0.609375 0.390625
vt 0.589844 0.394531
vt 0.980469 0.402344
vt 0.976562 0.398438
vt 0.992188 0.410156
vt 0.991226 0.410733
vt 0.991226 0.438077
vt 0.644531 0.343750
vt 0.648438 0.343750
vt 0.632812 0.335938
vt 0.566406 0.375000
vt 0.562500 0.382812
vt 0.957031 0.429688
vt 0.964844 0.425781
vt 0.933594 0.453125
vt 0.937500 0.449219
vt 0.945312 0.429688
vt 0.601562 0.390625
vt 0.585938 0.390625
vt 0.613281 0.363281
vt 0.605469 0.367188
vt 0.601757 0.391401
vt 0.590038 0.391401
vt 0.586132 0.391401
vt 0.589844 0.390625
vt 0.960938 0.406250
vt 0.953125 0.402344
vt 0.964844 0.394531
vt 0.968750 0.398438
vt 0.617188 0.332031
vt 0.621094 0.335938
vt 0.609375 0.339844
vt 0.632422 0.336886
vt 0.620703 0.336886
vt 0.914062 0.445312
vt 0.570312 0.375000
vt 0.570312 0.371094
vt 0.910932 0.446865
vt 0.914838 0.446865
vt 0.567182 0.376552
vt 0.571088 0.376552
vt 0.571088 0.372646
vt 0.425781 0.757812
vt 0.898438 0.804688
vt 0.878906 0.816406
vt 0.870737 0.823474
vt 0.785156 0.660156
vt 0.351562 0.585938
vt 0.453125 0.203125
vt 0.421875 0.203125
vt 0.421875 0.250000
vt 0.921875 0.109375
vt 0.921875 0.136719
vt 0.871094 0.160156
vt 0.386719 0.250000
vt 0.351562 0.250000
vt 0.351562 0.203125
vt 0.554688 0.250000
vt 0.554688 0.203125
vt 0.523438 0.203125
vt 0.320312 0.250000
vt 0.320312 0.203125
vt 0.289062 0.203125
vt 0.386719 0.203125
vt 0.488281 0.250000
vt 0.488281 0.203125
vt 0.523438 0.250000
vt 0.453125 0.250000
vt 0.898438 0.089844
vt 0.851562 0.113281
vt 0.707031 0.167969
vt 0.691406 0.167969
vt 0.691406 0.148438
vt 0.707031 0.148438
vt 0.718750 0.148438
vt 0.730469 0.148438
vt 0.718750 0.167969
vt 0.691406 0.199219
vt 0.867188 0.093750
vt 0.910156 0.093750
vt 0.910156 0.156250
vt 0.718750 0.199219
vt 0.707031 0.199219
vt 0.730469 0.199219
vt 0.902344 0.160156
vt 0.867188 0.160156
vt 0.750000 0.148438
vt 0.750000 0.167969
vt 0.730469 0.167969
vt 0.707031 0.210938
vt 0.750000 0.199219
vt 0.945312 0.125000
vt 0.984375 0.125000
vt 0.968750 0.179688
vt 0.707031 0.171875
vt 0.707031 0.117188
vt 0.730469 0.117188
vt 0.953125 0.125000
vt 0.933594 0.101562
vt 0.968750 0.078125
vt 0.933594 0.105469
vt 0.968750 0.175781
vt 0.511719 0.128906
vt 0.511719 0.191406
vt 0.554688 0.191406
vt 0.300781 0.191406
vt 0.300781 0.128906
vt 0.343750 0.128906
vt 0.878906 0.160156
vt 0.855469 0.109375
vt 0.902344 0.093750
vt 0.386719 0.128906
vt 0.386719 0.191406
vt 0.425781 0.191406
vt 0.468750 0.191406
vt 0.468750 0.128906
vt 0.425781 0.128906
vt 0.941406 0.632812
vt 0.941406 0.621094
vt 0.218750 0.128906
vt 0.218750 0.191406
vt 0.257812 0.191406
vt 0.343750 0.191406
vt 0.507812 0.128906
vt 0.507812 0.191406
vt 0.554688 0.128906
vt 0.257812 0.128906
vt 0.871094 0.093750
vt 0.705078 0.167969
vt 0.687500 0.167969
vt 0.687500 0.144531
vt 0.707031 0.144531
vt 0.718750 0.144531
vt 0.687500 0.195312
vt 0.929688 0.125000
vt 0.855469 0.125000
vt 0.705078 0.195312
vt 0.718750 0.195312
vt 0.730469 0.195312
vt 0.910156 0.152344
vt 0.871094 0.097656
vt 0.910156 0.097656
vt 0.750000 0.195312
vt 0.730469 0.144531
vt 0.705078 0.218750
vt 0.945312 0.128906
vt 0.984375 0.128906
vt 0.730469 0.218750
vt 0.949219 0.125000
vt 0.933594 0.152344
vt 0.250000 0.636719
vt 0.265625 0.625000
vt 0.921875 0.644531
vt 0.945312 0.648438
vt 0.944460 0.650685
vt 0.963294 0.664838
vt 0.252276 0.644531
vt 0.252276 0.636719
vt 0.910156 0.648438
vt 0.285156 0.621094
vt 0.304688 0.625000
vt 0.914062 0.593750
vt 0.925781 0.613281
vt 0.562500 0.562500
vt 0.582031 0.566406
vt 0.554688 0.550781
vt 0.550781 0.562500
vt 0.550781 0.574219
vt 0.550781 0.566406
vt 0.906250 0.609375
vt 0.853613 0.288672
vt 0.332037 0.323155
vt 0.310039 0.383766
vt 0.317618 0.321988
vt 0.301618 0.319625
vt 0.289062 0.250000
vt 0.785156 0.937500
vt 0.785156 0.906250
vt 0.363281 0.070312
vt 0.363281 0.015625
vt 0.785156 0.851562
vt 0.738281 0.921875
vt 0.742188 0.906250
vt 0.761719 0.925781
vt 0.757812 0.957031
vt 0.757812 0.980469
vt 0.734375 0.957031
vt 0.785156 0.988281
vt 0.476562 0.746094
vt 0.460938 0.761719
vt 0.449219 0.964844
vt 0.468750 0.937500
vt 0.476562 0.964844
vt 0.441406 0.937500
vt 0.457031 0.910156
vt 0.425781 0.941406
vt 0.464844 0.089844
vt 0.472656 0.078125
vt 0.507812 0.085938
vt 0.457031 0.839844
vt 0.457031 0.894531
vt 0.508789 0.811523
vt 0.473633 0.842773
vt 0.692969 0.825781
vt 0.691406 0.804688
vt 0.728027 0.827734
vt 0.695312 0.769531
vt 0.734375 0.796875
vt 0.757812 0.695312
vt 0.742188 0.761719
vt 0.746094 0.691406
vt 0.695312 0.761719
vt 0.691406 0.800781
vt 0.691406 0.828125
vt 0.691406 0.820312
vt 0.511719 0.804688
vt 0.742188 0.851562
vt 0.468750 0.031250
vt 0.316406 0.031250
vt 0.316406 0.015625
vt 0.363281 0.031250
vt 0.363281 0.058594
vt 0.316406 0.070312
vt 0.316406 0.058594
vt 0.371094 0.042969
vt 0.722656 0.660156
vt 0.691406 0.683594
vt 0.722656 0.621094
vt 0.703125 0.667969
vt 0.687500 0.699219
vt 0.492188 0.644531
vt 0.460938 0.640625
vt 0.464844 0.574219
vt 0.460938 0.492188
vt 0.515625 0.507812
vt 0.496094 0.585938
vt 0.507812 0.609375
vt 0.503906 0.660156
vt 0.742188 0.535156
vt 0.746094 0.621094
vt 0.718750 0.554688
vt 0.703125 0.628906
vt 0.687500 0.492188
vt 0.738281 0.472656
vt 0.570312 0.875000
vt 0.578125 0.894531
vt 0.578125 0.960938
vt 0.476562 0.707031
vt 0.464844 0.683594
vt 0.507812 0.691406
vt 0.503906 0.722656
vt 0.507812 0.757812
vt 0.687500 0.679688
vt 0.515625 0.683594
vt 0.523438 0.707031
vt 0.515625 0.687500
vt 0.519531 0.687500
vt 0.675781 0.699219
vt 0.683594 0.683594
vt 0.539062 0.742188
vt 0.546875 0.777344
vt 0.553478 0.782892
vt 0.530785 0.793867
vt 0.656250 0.777344
vt 0.667969 0.742188
vt 0.683594 0.746094
vt 0.673735 0.802130
vt 0.646392 0.790411
vt 0.773438 0.406250
vt 0.785156 0.417969
vt 0.449219 0.425781
vt 0.769824 0.408301
vt 0.758105 0.412207
vt 0.730762 0.341895
vt 0.441406 0.398438
vt 0.457031 0.371094
vt 0.699219 0.734375
vt 0.507812 0.433594
vt 0.540450 0.459465
vt 0.528731 0.525871
vt 0.695312 0.414062
vt 0.761719 0.410156
vt 0.687623 0.490896
vt 0.677873 0.511011
vt 0.669937 0.438084
vt 0.511719 0.382812
vt 0.542969 0.398438
vt 0.667969 0.441406
vt 0.667969 0.398438
vt 0.687500 0.351562
vt 0.734375 0.339844
vt 0.480469 0.289062
vt 0.503906 0.285156
vt 0.527344 0.289062
vt 0.660156 0.292969
vt 0.679688 0.277344
vt 0.703125 0.273438
vt 0.656250 0.269531
vt 0.531250 0.644531
vt 0.546875 0.660156
vt 0.660156 0.664062
vt 0.675781 0.652344
vt 0.671875 0.671875
vt 0.562500 0.671875
vt 0.574219 0.683594
vt 0.579241 0.690631
vt 0.628906 0.695312
vt 0.640625 0.679688
vt 0.621094 0.703125
vt 0.587199 0.453901
vt 0.587199 0.446089
vt 0.555949 0.551557
vt 0.895792 0.594526
vt 0.903605 0.590620
vt 0.934855 0.504682
vt 0.992249 0.413140
vt 0.976624 0.401421
vt 0.980530 0.405327
vt 0.991034 0.410925
vt 0.991034 0.434363
vt 0.991034 0.438269
vt 0.644593 0.346734
vt 0.632874 0.338921
vt 0.601911 0.391264
vt 0.586286 0.391264
vt 0.960999 0.409234
vt 0.968812 0.401421
vt 0.964905 0.397515
vt 0.609437 0.342827
vt 0.621155 0.338921
vt 0.617249 0.335015
vt 0.914818 0.447250
vt 0.910912 0.447250
vt 0.571068 0.373031
vt 0.571068 0.376938
vt 0.567162 0.376938
vt 0.449219 0.988281
vt 0.519531 0.792969
vt 0.692871 0.817871
vt 0.673340 0.802246
vt 0.683594 0.785156
vt 0.660156 0.894531
vt 0.660156 0.960938
vt 0.671875 0.875000
vt 0.613281 0.976562
vt 0.671875 0.976562
vt 0.625000 0.875000
vt 0.417969 0.250000
vt 0.417969 0.203125
vt 0.922044 0.138781
vt 0.902110 0.159299
vt 0.853821 0.139690
vt 0.285156 0.250000
vt 0.285156 0.203125
vt 0.902344 0.089844
vt 0.851562 0.125000
vt 0.906250 0.093750
vt 0.906250 0.156250
vt 0.925781 0.125000
vt 0.687500 0.148438
vt 0.687500 0.199219
vt 0.707031 0.214844
vt 0.730469 0.214844
vt 0.964844 0.078125
vt 0.964844 0.179688
vt 0.854986 0.111660
vt 0.874616 0.092765
vt 0.920811 0.112863
vt 0.855093 0.109129
vt 0.873533 0.155963
vt 0.902002 0.090727
vt 0.707031 0.195312
vt 0.871094 0.156250
vt 0.750000 0.144531
vt 0.953125 0.128906
vt 0.707031 0.218750
vt 0.968750 0.074219
vt 0.582031 0.625000
vt 0.601562 0.636719
vt 0.625000 0.648438
vt 0.609375 0.664062
vt 0.598772 0.643756
vt 0.644531 0.644531
vt 0.660156 0.648438
vt 0.546875 0.625000
vt 0.562500 0.621094
vt 0.894531 0.613281
vt 0.699512 0.275488
vt 0.717676 0.280762
vt 0.506209 0.312505
vt 0.525320 0.313083
vt 0.536221 0.396876
vt 0.547578 0.308909
vt 0.734375 0.929688
vt 0.472656 0.015625
vt 0.542969 0.031250
vt 0.578125 0.031250
vt 0.582031 0.074219
vt 0.550781 0.085938
vt 0.535156 0.082031
vt 0.542969 0.019531
vt 0.507812 0.097656
vt 0.433594 0.082031
vt 0.500000 0.878906
vt 0.531250 0.878906
vt 0.523438 0.886719
vt 0.507812 0.886719
vt 0.523438 0.960938
vt 0.507812 0.960938
vt 0.531250 0.968750
vt 0.500000 0.968750
vt 0.468750 0.917969
vt 0.476562 0.941406
vt 0.738281 0.914062
vt 0.476562 0.906250
vt 0.419355 0.886266
vt 0.439865 0.886307
vt 0.439704 0.846325
vt 0.400874 0.886169
vt 0.419199 0.842001
vt 0.738281 0.878906
vt 0.242188 0.066406
vt 0.238281 0.058594
vt 0.277344 0.058594
vt 0.238281 0.027344
vt 0.269531 0.027344
vt 0.277344 0.035156
vt 0.210938 0.035156
vt 0.210938 0.058594
vt 0.175781 0.058594
vt 0.238281 0.035156
vt 0.304688 0.058594
vt 0.296875 0.019531
vt 0.304688 0.035156
vt 0.277344 0.066406
vt 0.214844 0.066406
vt 0.199219 0.027344
vt 0.175781 0.035156
vt 0.507812 0.023438
vt 0.425781 0.996094
vt 0.439577 0.887355
vt 0.838914 0.853647
vt 0.207031 0.082031
vt 0.382812 0.097656
vt 0.371094 0.578125
vt 0.328125 0.792969
vt 0.327202 0.792354
vt 0.882812 0.785156
vt 0.410156 0.457031
vt 0.808008 0.411523
vt 0.406746 0.459822
vt 0.332031 0.507812
vt 0.318498 0.525990
vt 0.893547 0.515256
vt 0.340340 0.287947
vt 0.900498 0.398622
vt 0.746094 0.304688
vt 0.585938 0.261719
vt 0.632812 0.253906
vt 0.792969 0.296875
vt 0.667969 0.093750
vt 0.609375 0.574219
vt 0.552236 0.563664
vt 0.903799 0.591008
vt 0.991226 0.434170
vt 0.616797 0.332980
vt 0.870737 0.796131
vt 0.894531 0.515625
vt 0.855469 0.136719
vt 0.851562 0.136719
vt 0.871094 0.089844
vt 0.921875 0.113281
vt 0.898438 0.160156
vt 0.867188 0.156250
vt 0.730469 0.210938
vt 0.933594 0.148438
vt 0.933594 0.144531
vt 0.878906 0.093750
vt 0.941406 0.625000
vt 0.921875 0.140625
vt 0.855469 0.140625
vt 0.898438 0.093750
vt 0.871094 0.152344
vt 0.601562 0.578125
vt 0.894531 0.593750
vt 0.843848 0.304297
vt 0.873145 0.276953
vt 0.725684 0.844922
vt 0.730469 0.828125
vt 0.511719 0.812500
vt 0.699219 0.578125
vt 0.570312 0.976562
vt 0.524182 0.788318
vt 0.437500 0.457031
vt 0.762012 0.369238
vt 0.542969 0.460938
vt 0.552042 0.563276
vt 0.937500 0.492188
vt 0.648499 0.346734
vt 0.590193 0.391264
vt 0.953187 0.405327
vt 0.688965 0.813965
vt 0.853752 0.111050
vt 0.873686 0.090532
vt 0.901945 0.090156
vt 0.921975 0.110141
vt 0.873852 0.159675
vt 0.920316 0.140084
vt 0.900686 0.158979
vt 0.873421 0.158480
vt 0.854491 0.138880
vt 0.901881 0.093263
vt 0.920442 0.137561
vt 0.920937 0.110332
vt 0.874729 0.090228
vt 0.854598 0.136357
vt 0.900806 0.156462
vt 0.731445 0.306348
vt 0.445312 0.007812
vt 0.476562 0.843750
vt 0.400694 0.834267
vt 0.300781 0.066406
vn 0.169600 0.959900 -0.223400
vn -0.929200 0.288100 0.231500
vn 0.249800 0.733500 0.632100
vn 0.991500 -0.115300 -0.059500
vn -0.218700 -0.405800 -0.887400
vn 0.186100 0.198900 0.962200
vn 0.980600 -0.000300 -0.196000
vn -0.912300 0.400200 0.087400
vn 0.974800 -0.215600 -0.057500
vn 0.184500 0.190100 0.964300
vn 0.808200 -0.014700 0.588700
vn -0.168200 -0.958300 0.230800
vn -0.546300 0.277200 0.790300
vn -0.942500 0.206500 0.262800
vn 0.808400 -0.013900 0.588500
vn 0.180200 0.952600 -0.245200
vn -0.179700 -0.953000 0.244100
vn -0.898600 0.030100 -0.437700
vn -0.548700 0.263100 0.793600
vn -0.152500 -0.959000 0.238800
vn 0.676700 -0.291500 -0.676100
vn -0.180500 -0.953000 0.243500
vn 0.964600 -0.223900 -0.139500
vn 0.409600 -0.335700 -0.848300
vn 0.151400 0.958700 -0.240900
vn -0.168600 -0.957900 0.232600
vn -0.167200 -0.958100 0.232400
vn -0.168000 -0.958100 0.232000
vn 0.167500 0.957600 -0.234400
vn -0.167800 -0.957900 0.233100
vn -0.873900 0.037800 -0.484700
vn -0.607400 0.212100 0.765600
vn 0.168200 0.958300 -0.231100
vn -0.185800 -0.197300 -0.962600
vn 0.185800 0.197300 0.962600
vn 0.642900 -0.283100 -0.711700
vn 0.829800 -0.091900 0.550400
vn -0.178700 -0.198800 -0.963600
vn 0.178700 0.198800 0.963600
vn 0.184800 0.191600 0.963900
vn -0.169700 -0.959900 0.223300
vn -0.968000 0.204800 0.144900
vn 0.250200 0.747100 0.615800
vn 0.968000 -0.204800 -0.144900
vn -0.969300 0.197100 0.147000
vn -0.728200 -0.088000 -0.679700
vn -0.152900 -0.958800 0.239400
vn -0.205900 -0.318700 -0.925200
vn 0.123100 -0.123100 -0.984700
vn 0.237600 0.933900 0.267200
vn -0.031100 0.475100 -0.879400
vn -0.969500 0.231200 0.081600
vn -0.230800 -0.953400 -0.194400
vn 0.962000 -0.177400 -0.207400
vn -0.092900 0.243900 -0.965300
vn -0.233100 -0.947900 -0.217100
vn 0.092900 -0.243900 0.965300
vn -0.990400 -0.122000 0.064500
vn 0.835500 -0.508300 -0.208800
vn 0.169700 0.959800 -0.223400
vn -0.966300 0.214300 0.142700
vn 0.970500 -0.190300 -0.148200
vn 0.964400 -0.224000 -0.140300
vn 0.184600 0.190100 0.964300
vn 0.808300 -0.014700 0.588600
vn -0.546400 0.277200 0.790300
vn -0.969400 0.197000 0.146700
vn 0.161000 0.950100 -0.267100
vn 0.167600 0.957600 -0.234400
vn -0.882200 0.113600 -0.457100
vn -0.545100 0.284300 0.788700
vn 0.688000 -0.218600 -0.692100
vn 0.810500 -0.002500 0.585800
vn -0.967900 0.235900 0.086200
vn 0.963800 -0.172800 -0.203000
vn 0.835400 -0.508300 -0.208800
vn -0.004600 0.143800 -0.989600
vn 0.370600 0.173000 -0.912500
vn 0.110200 0.308300 -0.944900
vn 0.354700 0.390800 0.849400
vn 0.147000 0.728600 0.668900
vn 0.367200 0.812600 0.452500
vn 0.529400 0.741100 0.413000
vn 0.422000 0.906100 0.029000
vn -0.012700 0.899700 0.436200
vn 0.537400 0.843300 0.001900
vn 0.488900 0.722000 -0.489500
vn -0.020000 0.848800 -0.528300
vn 0.389400 0.745000 -0.541600
vn 0.234000 0.433600 -0.870100
vn 0.656400 -0.754300 -0.011600
vn 0.628600 0.295200 0.719500
vn 0.811600 0.448100 0.374700
vn 0.705700 -0.708100 0.024600
vn 0.937900 0.282100 -0.201800
vn 0.608800 -0.755500 -0.242200
vn 0.490000 0.158100 -0.857200
vn 0.503700 -0.045600 -0.862700
vn 0.777000 0.033500 -0.628600
vn 0.833200 0.456200 0.312400
vn 0.587100 0.419400 0.692400
vn 0.390000 0.081500 0.917200
vn -0.254200 -0.000700 0.967100
vn -0.349300 -0.282500 0.893400
vn -0.241700 -0.235100 0.941400
vn -0.335700 -0.299800 0.893000
vn -0.334500 -0.324300 0.884800
vn -0.402900 -0.182600 0.896800
vn 0.154100 0.014300 0.987900
vn 0.680200 0.267200 0.682500
vn 0.812600 0.579500 -0.060800
vn 0.366500 0.170400 -0.914700
vn 0.773100 0.058800 -0.631600
vn 0.509000 -0.470500 0.720800
vn 0.524200 -0.008600 0.851600
vn 0.696100 -0.459000 0.552000
vn 0.605800 0.387300 0.694900
vn 0.249900 -0.676700 0.692500
vn -0.256200 -0.676400 0.690500
vn -0.249200 0.809100 0.532200
vn 0.228100 0.808500 0.542500
vn -0.554500 -0.015400 0.832000
vn -0.751000 -0.007000 0.660200
vn 0.401000 0.644800 0.650700
vn 0.757000 -0.016800 0.653100
vn -0.424300 -0.654200 0.626100
vn -0.422000 0.634800 0.647200
vn 0.401600 -0.660900 0.634000
vn 0.037000 -0.648700 0.760100
vn 0.096700 -0.508300 0.855700
vn 0.537500 -0.505100 0.675200
vn -0.852500 -0.085100 0.515700
vn -0.641700 0.118100 0.757800
vn 0.618300 -0.442200 0.649700
vn 0.490100 0.370800 -0.788900
vn 0.741000 0.316500 -0.592200
vn 0.944400 0.269700 -0.187900
vn 0.238800 -0.455900 -0.857400
vn 0.330500 -0.069000 -0.941300
vn 0.967700 -0.068500 0.242500
vn 0.814200 0.402700 0.418100
vn 0.574600 0.667600 -0.473400
vn 0.281400 -0.324700 0.903000
vn 0.744800 -0.078100 0.662600
vn 0.011100 0.074700 0.997100
vn 0.839400 0.014300 -0.543200
vn 0.852500 -0.306400 -0.423500
vn 0.913100 -0.362000 -0.187800
vn 0.791500 0.209900 -0.574000
vn 0.850100 0.210500 -0.482700
vn 0.861900 0.166600 -0.478800
vn 0.527200 0.317900 -0.788000
vn 0.509800 0.333400 -0.793100
vn 0.406500 0.389400 -0.826500
vn -0.286400 -0.451000 0.845300
vn -0.156700 -0.315400 0.935900
vn -0.177200 -0.893700 0.412200
vn 0.187000 0.319000 -0.929100
vn 0.400000 0.293600 -0.868200
vn 0.137600 0.016400 -0.990300
vn 0.707600 -0.444700 -0.549100
vn -0.203100 -0.803600 -0.559400
vn -0.912700 -0.408200 -0.018500
vn -0.930200 -0.095400 0.354500
vn -0.567300 0.356200 0.742400
vn 0.888300 0.344100 -0.304100
vn 0.816400 -0.238200 -0.526000
vn 0.349100 0.844600 0.405900
vn 0.726900 0.649300 0.223600
vn -0.282100 0.413600 0.865600
vn -0.191900 0.717700 0.669400
vn 0.249000 0.699800 0.669500
vn -0.720500 -0.690200 0.067000
vn -0.626800 0.022000 0.778800
vn -0.058000 -0.642700 0.763900
vn 0.087500 -0.994600 -0.055000
vn 0.170800 -0.634900 -0.753500
vn 0.053700 -0.688500 -0.723200
vn -0.990400 -0.125300 0.058900
vn -0.556700 0.431400 0.709800
vn -0.340200 -0.702700 -0.624800
vn -0.573100 0.137700 0.807800
vn -0.110100 -0.073100 0.991200
vn 0.896100 -0.221700 -0.384300
vn 0.980800 0.128300 0.146600
vn 0.737100 -0.415600 -0.532900
vn 0.201600 0.575100 0.792800
vn 0.665900 0.309900 0.678500
vn 0.999200 0.032900 -0.023600
vn 0.662100 -0.440200 -0.606400
vn 0.437200 0.524800 0.730400
vn -0.800300 -0.527200 -0.285400
vn 0.572800 -0.467700 -0.673100
vn -0.142700 -0.691700 -0.707900
vn 0.214200 0.436500 0.873800
vn 0.840800 0.306400 0.446200
vn -0.504600 0.252800 0.825500
vn -0.998600 -0.040900 -0.034100
vn -0.478500 -0.156000 0.864100
vn -0.557000 -0.161800 0.814600
vn -0.833600 0.220000 -0.506700
vn -0.315300 0.152700 -0.936600
vn 0.968400 0.099600 -0.228500
vn 0.988100 -0.128600 0.084100
vn 0.624500 0.036000 -0.780100
vn -0.092300 0.355800 -0.930000
vn 0.398500 -0.240600 0.885000
vn 0.803200 -0.055900 0.593000
vn -0.998900 -0.045300 -0.012400
vn -0.509800 -0.240300 0.826000
vn -0.325600 0.116600 -0.938300
vn 0.989300 -0.116700 0.086700
vn 0.620600 0.062000 -0.781700
vn 0.398200 -0.208000 0.893400
vn -0.226700 0.234200 0.945400
vn -0.963100 0.183200 0.196800
vn -0.814000 0.463900 0.349500
vn -0.261600 0.804300 0.533600
vn -0.651800 0.260200 -0.712300
vn -0.564800 -0.123400 -0.815900
vn -0.798500 -0.564700 -0.208400
vn -0.694800 -0.693800 0.189300
vn 0.876900 0.133600 -0.461600
vn 0.433200 -0.582800 -0.687500
vn 0.109300 0.013400 -0.993900
vn 0.314800 0.244600 -0.917100
vn 0.870200 0.029800 0.491800
vn 0.667100 0.683300 0.296700
vn 0.958600 0.193500 -0.208900
vn 0.627300 -0.746900 -0.220400
vn 0.017500 -0.999000 -0.040600
vn -0.056800 -0.998300 -0.014300
vn -0.007400 -0.999800 0.016700
vn -0.007200 -0.999900 0.013600
vn -0.585200 0.426300 0.689700
vn 0.120000 0.571700 0.811600
vn -0.553400 -0.574500 0.603000
vn 0.667100 0.500400 0.551800
vn 0.973800 0.227400 -0.008400
vn 0.780400 -0.625200 -0.003000
vn 0.097100 -0.645100 0.757900
vn 0.548600 -0.632900 0.546300
vn 0.448100 -0.550600 -0.704300
vn -0.322400 -0.788300 -0.524100
vn -0.844600 -0.534800 0.023300
vn -0.806000 -0.071900 0.587500
vn -0.292700 0.430400 0.853800
vn 0.903900 -0.076800 -0.420700
vn 0.643500 -0.387100 -0.660300
vn 0.916900 0.379100 0.124400
vn 0.184700 0.600300 0.778200
vn 0.596800 0.576300 0.558300
vn -0.098900 -0.748600 -0.655600
vn -0.131200 -0.071500 -0.988700
vn -0.274700 0.007100 -0.961500
vn -0.070900 -0.625100 -0.777200
vn 0.148800 -0.985700 -0.079500
vn 0.221400 -0.968600 -0.112700
vn 0.305200 -0.675500 0.671200
vn 0.124500 -0.106800 0.986400
vn 0.065200 0.005400 0.997800
vn 0.196800 -0.610600 0.767100
vn 0.010800 -0.877100 0.480100
vn -0.224400 -0.185200 0.956700
vn -0.456500 0.120600 0.881500
vn -0.170800 -0.655000 0.736000
vn 0.362300 -0.885800 -0.289900
vn 0.363600 -0.837600 -0.407600
vn 0.294200 -0.370500 -0.881000
vn 0.480800 -0.469900 -0.740300
vn 0.412200 -0.521800 -0.746800
vn 0.308700 0.006900 -0.951100
vn -0.127500 0.695000 0.707600
vn -0.006300 0.287100 0.957900
vn -0.063700 0.151800 0.986400
vn -0.189600 0.973000 0.131700
vn -0.286500 0.950600 0.119300
vn -0.386100 0.386600 -0.837500
vn -0.138700 0.386600 -0.911700
vn -0.260200 0.783200 -0.564700
vn -0.337800 0.839400 -0.425800
vn -0.333000 0.519200 0.787100
vn -0.436400 0.839000 0.325100
vn -0.599400 0.353600 0.718100
vn -0.316900 0.113700 0.941600
vn -0.472000 0.863100 0.179800
vn 0.418500 0.788800 -0.450100
vn -0.058200 0.987000 -0.149700
vn -0.445100 0.863400 -0.237400
vn 0.583400 0.369200 -0.723400
vn 0.893400 -0.293200 -0.340200
vn 0.828600 0.231200 -0.509800
vn 0.301900 0.835300 -0.459400
vn 0.641400 -0.706600 -0.298800
vn 0.714800 -0.689400 -0.117500
vn 0.646900 -0.435200 -0.626200
vn 0.595400 -0.588300 -0.547100
vn 0.840000 -0.479900 -0.253100
vn 0.946200 -0.134500 -0.294200
vn 0.204900 -0.978800 0.001500
vn 0.173700 -0.984500 -0.021800
vn -0.766700 0.138500 0.626800
vn -0.593400 -0.616800 0.517100
vn -0.972300 -0.024200 0.232300
vn -0.717700 -0.656100 0.233200
vn -0.380500 0.916100 -0.126300
vn -0.549400 0.745500 0.377200
vn -0.879700 0.426400 -0.210200
vn -0.267000 0.750600 -0.604400
vn -0.713000 0.536000 -0.452000
vn 0.155500 0.421100 -0.893600
vn -0.615400 0.006500 -0.788200
vn -0.488400 -0.872600 -0.007400
vn 0.391400 -0.916000 -0.087700
vn -0.983000 -0.141000 -0.117200
vn -0.575700 -0.346200 -0.740700
vn -0.210700 -0.895100 -0.392900
vn -0.866100 -0.499400 -0.023800
vn 0.638400 -0.593200 -0.490400
vn 0.510200 -0.381200 -0.771000
vn 0.619600 -0.623300 -0.477100
vn 0.336500 -0.825600 -0.452800
vn -0.215900 -0.491800 -0.843500
vn 0.454100 -0.154500 -0.877400
vn -0.338700 0.931100 0.135100
vn -0.902500 0.389000 0.184900
vn -0.896200 -0.418200 -0.148000
vn 0.116900 0.976100 -0.183300
vn 0.133200 0.978200 0.159300
vn -0.433300 -0.834800 -0.339500
vn -0.461500 -0.887000 -0.014500
vn 0.959800 0.140100 -0.243000
vn 0.793800 0.577900 0.189300
vn -0.807600 0.587700 0.049000
vn -0.241800 0.889900 -0.386700
vn -0.590300 0.290700 -0.753000
vn -0.957500 0.260900 -0.122800
vn 0.486300 0.164400 -0.858100
vn 0.762600 0.494900 -0.416500
vn -0.956500 0.283700 -0.067500
vn 0.349600 -0.936400 -0.029400
vn -0.886400 -0.451700 -0.101400
vn -0.313800 -0.933300 -0.174500
vn 0.383200 0.102100 -0.918000
vn 0.728100 0.667800 -0.154500
vn -0.322900 -0.409700 0.853100
vn 0.776900 0.603700 -0.178700
vn 0.673400 0.736200 -0.067300
vn 0.524000 0.732500 0.434500
vn 0.378000 0.761700 -0.526200
vn -0.047000 0.898700 -0.436000
vn -0.756200 0.581000 0.300800
vn -0.301100 -0.293300 0.907300
vn -0.609500 0.766900 -0.200700
vn -0.935900 -0.138100 0.323900
vn -0.977600 -0.032000 0.207700
vn -0.442200 0.420700 0.792100
vn 0.169000 -0.215500 0.961800
vn 0.155700 0.554600 0.817300
vn 0.558800 0.202600 -0.804200
vn -0.067300 -0.960400 -0.270200
vn 0.977700 -0.066100 -0.199200
vn 0.714600 -0.275100 0.643200
vn 0.251400 -0.177900 0.951400
vn -0.523900 -0.850100 0.052900
vn 0.493600 -0.841700 -0.218700
vn -0.901100 0.153300 0.405500
vn -0.708400 0.306300 0.635900
vn -0.600300 -0.478700 0.640600
vn -0.242000 -0.821100 0.516900
vn 0.136400 -0.990600 0.006000
vn 0.374600 -0.735900 0.564000
vn -0.494500 -0.868200 -0.041200
vn -0.496700 -0.472700 -0.727900
vn 0.133600 -0.491500 -0.860500
vn -0.604700 0.312200 -0.732600
vn -0.710600 0.701700 -0.050800
vn -0.002800 0.499100 -0.866500
vn -0.394200 0.808200 -0.437400
vn 0.222400 0.893400 -0.390400
vn 0.604700 -0.312200 0.732700
vn 0.600300 0.478700 -0.640600
vn 0.494500 0.868200 0.041200
vn 0.710600 -0.701700 0.050800
vn 0.708400 -0.306300 -0.635900
vn 0.755600 0.382200 0.532000
vn -0.650800 0.724800 -0.225900
vn -0.739700 0.287300 0.608400
vn -0.523900 -0.633300 0.569500
vn 0.584300 -0.480200 0.654100
vn 0.535700 0.463500 0.705800
vn 0.457400 0.877900 -0.141300
vn 0.058100 0.915200 0.398800
vn 0.594200 0.795800 0.116600
vn 0.406300 0.810600 -0.421700
vn -0.061500 -0.995100 -0.077400
vn 0.081700 -0.783600 -0.615800
vn 0.759200 -0.426500 -0.491700
vn 0.796600 0.389600 0.462100
vn 0.831600 -0.555300 -0.003400
vn 0.997000 0.025400 -0.072300
vn 0.724200 -0.463500 0.510500
vn 0.895000 -0.170000 0.412400
vn 0.132100 0.290200 0.947800
vn 0.752500 0.423700 0.504200
vn 0.350700 -0.903300 0.247000
vn 0.357900 -0.345700 0.867400
vn 0.187700 0.480400 0.856700
vn -0.231100 -0.041200 0.972000
vn -0.189300 0.931100 -0.311700
vn 0.342900 0.425300 -0.837500
vn 0.119500 -0.882900 -0.454100
vn 0.643700 -0.540500 -0.541700
vn -0.446500 0.176800 0.877100
vn -0.736700 -0.126400 0.664200
vn 0.441300 -0.134300 -0.887200
vn -0.155300 -0.273800 -0.949100
vn -0.919900 -0.293000 0.260400
vn -0.672100 -0.688900 -0.271600
vn -0.757300 -0.565900 0.326000
vn -0.537300 -0.835800 -0.112900
vn 0.895900 -0.320600 0.307400
vn 0.878200 -0.478200 0.010000
vn 0.354700 -0.772300 0.527000
vn -0.150400 -0.783600 0.602800
vn -0.098400 -0.282300 0.954300
vn -0.660700 -0.371200 0.652400
vn -0.027900 0.501800 0.864500
vn -0.571700 0.618300 0.539200
vn 0.495600 0.796000 0.347500
vn 0.669500 0.704700 -0.234600
vn 0.948700 0.305900 -0.079700
vn 0.088900 0.989600 -0.113200
vn 0.234400 0.692600 -0.682100
vn -0.495600 -0.796000 -0.347500
vn -0.354700 0.772300 -0.527000
vn 0.098400 0.282300 -0.954300
vn -0.878200 0.478200 -0.010000
vn 0.027900 -0.501800 -0.864500
vn -0.273000 -0.353100 -0.894800
vn -0.585500 -0.795600 0.155300
vn 0.875000 0.477300 -0.081000
vn 0.886600 -0.459700 0.051000
vn 0.191500 -0.763300 0.617000
vn -0.590500 -0.785000 -0.187200
vn 0.093000 0.455500 -0.885300
vn -0.013300 -0.484700 -0.874500
vn -0.000100 0.720200 0.693700
vn -0.353600 0.372400 -0.858000
vn -0.647100 -0.549400 0.528500
vn -0.006400 0.489300 0.872100
vn -0.005100 0.483400 0.875400
vn 0.008600 -0.399300 0.916800
vn -0.911900 0.271200 0.307800
vn -0.262300 0.747500 0.610200
vn -0.364500 0.380400 0.849900
vn -0.550000 0.725400 0.413900
vn -0.561700 0.827300 0.002700
vn -0.931000 0.363400 0.034200
vn -0.014500 0.999900 -0.002800
vn 0.079500 0.609000 -0.789100
vn -0.055100 0.362100 -0.930500
vn -0.499600 0.710300 -0.495700
vn -0.860700 0.307600 -0.405600
vn -0.241100 0.450900 -0.859400
vn -0.394000 0.181000 -0.901100
vn -0.024000 0.432400 -0.901300
vn 0.659200 0.679200 0.322600
vn 0.626300 0.774200 0.091600
vn -0.491600 0.322100 -0.809000
vn -0.465800 -0.036600 -0.884100
vn -0.228300 0.255300 -0.939500
vn -0.823300 0.504400 -0.260100
vn -0.845800 0.446500 -0.291900
vn -0.902800 0.390200 0.180500
vn -0.893600 0.394100 0.214900
vn -0.889300 -0.029300 0.456400
vn -0.885700 0.217200 0.410300
vn -0.331400 -0.380300 0.863400
vn -0.378600 -0.134600 0.915700
vn -0.396600 -0.283100 0.873200
vn -0.865000 -0.132300 0.484000
vn -0.968600 0.213900 0.126600
vn -0.427300 0.829500 -0.359500
vn -0.399400 -0.507300 0.763600
vn 0.751500 -0.656200 -0.068500
vn -0.306000 -0.192000 0.932400
vn 0.010300 -0.323900 0.946000
vn -0.007700 0.470200 0.882500
vn -0.369300 0.352300 0.859900
vn -0.561100 -0.686400 0.462600
vn -0.757200 -0.574400 0.311000
vn -0.866600 -0.401800 0.295700
vn -0.660000 -0.594700 0.459000
vn -0.785500 -0.296900 0.543000
vn -0.506600 -0.096500 -0.856700
vn 0.039600 0.168600 -0.984900
vn -0.155400 0.263100 -0.952100
vn -0.082600 -0.009100 -0.996500
vn -0.472000 -0.150000 -0.868700
vn -0.448900 0.432600 -0.781900
vn -0.692100 0.721100 -0.030400
vn -0.926600 -0.280000 -0.251000
vn -0.563100 -0.248300 0.788200
vn -0.568500 -0.460600 0.681600
vn -0.691000 0.064000 0.720000
vn -0.510600 -0.090800 0.855000
vn -0.274100 -0.011300 0.961600
vn -0.704800 -0.468000 -0.533100
vn -0.322300 0.719500 -0.615100
vn 0.177700 0.481300 -0.858300
vn 0.208300 0.288900 -0.934400
vn -0.031800 0.232900 -0.972000
vn -0.071000 0.560100 -0.825400
vn -0.102200 0.763700 -0.637400
vn -0.543600 -0.619600 -0.566200
vn 0.555800 -0.038300 -0.830400
vn 0.160200 0.620200 -0.767900
vn 0.263800 -0.838700 -0.476500
vn -0.699000 -0.410000 0.585800
vn -0.215900 -0.936700 0.275600
vn -0.018300 0.688100 -0.725400
vn -0.317400 0.903000 -0.289700
vn -0.714600 0.634300 0.294700
vn -0.477300 0.816100 0.325800
vn -0.721500 0.258200 0.642500
vn -0.722600 -0.142900 0.676300
vn -0.743500 -0.083100 0.663500
vn 0.757700 -0.591400 0.275900
vn 0.281500 -0.457500 -0.843500
vn 0.158500 -0.114400 0.980700
vn 0.299800 0.012600 0.953900
vn 0.943700 -0.257900 0.207100
vn 0.510400 -0.406900 -0.757600
vn -0.611300 -0.136500 0.779500
vn -0.567200 -0.144300 -0.810800
vn -0.992700 0.115700 -0.034600
vn -0.783100 -0.619800 -0.050100
vn -0.501000 0.236500 0.832500
vn -0.486300 -0.122400 -0.865200
vn -0.971800 0.094100 -0.216000
vn -0.625500 0.199200 0.754400
vn 0.859800 -0.410800 -0.303300
vn 0.314800 -0.355500 -0.880000
vn -0.405300 -0.130700 -0.904800
vn -0.925000 0.145200 0.350900
vn -0.406400 0.060700 0.911600
vn 0.306400 -0.128000 0.943200
vn 0.573100 -0.357200 0.737500
vn 0.509800 -0.393000 0.765200
vn 0.985000 0.170200 0.025400
vn 0.268500 0.569900 -0.776600
vn 0.017900 0.700100 -0.713800
vn 0.770100 0.553100 -0.317600
vn -0.939000 -0.341300 -0.041400
vn -0.776400 -0.422600 0.467500
vn -0.971600 -0.005700 -0.236500
vn -0.624700 0.216900 -0.750100
vn -0.332300 -0.644500 0.688600
vn 0.555300 -0.453600 0.697000
vn 0.986400 0.157900 0.045300
vn 0.283200 0.544400 -0.789500
vn -0.628500 0.248300 -0.737100
vn -0.942900 -0.330600 -0.038700
vn -0.332400 -0.625200 0.706100
vn 0.201500 -0.251300 0.946700
vn 0.923300 0.234700 0.303800
vn 0.219300 0.677800 0.701700
vn 0.858500 -0.482000 -0.174700
vn 0.658600 0.131500 -0.740900
vn 0.575500 0.608400 -0.546400
vn 0.763000 0.411200 0.498600
vn 0.607400 -0.726000 0.322500
vn -0.008900 0.258200 -0.966000
vn -0.294600 -0.469900 -0.832100
vn -0.827900 0.195800 -0.525600
vn -0.344900 0.497900 -0.795600
vn -0.818800 -0.376400 0.433400
vn -0.895400 0.249500 -0.368700
vn -0.817100 0.515800 0.257500
vn -0.614600 -0.714800 -0.333500
vn 0.108700 -0.993900 -0.016000
vn -0.089000 -0.986800 -0.134800
vn -0.059900 -0.997200 0.043700
vn -0.059100 -0.997500 0.037800
vn -0.248100 0.616000 0.747700
vn 0.453000 0.426800 0.782700
vn 0.379800 -0.584200 0.717200
vn -0.929700 0.294500 -0.221100
vn -0.730100 0.567500 0.380700
vn -0.799200 -0.581000 -0.153800
vn -0.291800 -0.613700 0.733600
vn -0.687700 -0.583500 0.431800
vn 0.581800 0.161500 -0.797100
vn 0.228800 0.708500 -0.667500
vn 0.610900 -0.651700 -0.449500
vn -0.528600 -0.718900 0.451300
vn 0.082600 -0.996600 -0.001100
vn -0.013300 0.822400 -0.568700
vn -0.431200 0.846200 -0.313000
vn -0.825900 0.515100 0.229300
vn -0.852900 0.059800 0.518600
vn -0.737700 -0.341400 0.582400
vn 0.846200 -0.286600 -0.449300
vn 0.791100 -0.378300 -0.480700
vn 0.206300 -0.622500 -0.754900
vn 0.299800 -0.497500 -0.814000
vn -0.475000 -0.468100 -0.745200
vn -0.982900 -0.117400 -0.141700
vn -0.994200 -0.073200 -0.078200
vn -0.800700 0.212900 0.560000
vn -0.508900 -0.488900 -0.708500
vn -0.928000 -0.226300 -0.296000
vn -0.990600 -0.129400 -0.044600
vn -0.715000 0.164000 0.679600
vn -0.804400 0.198900 0.559800
vn -0.182100 -0.412300 -0.892600
vn -0.219600 -0.186900 -0.957500
vn 0.378000 -0.526600 -0.761400
vn 0.669800 -0.403300 -0.623500
vn 0.461800 -0.419900 -0.781200
vn 0.342700 -0.211400 -0.915300
vn -0.669300 0.119400 0.733300
vn -0.573600 0.281100 0.769300
vn -0.131000 0.375800 0.917400
vn 0.535900 0.349900 0.768300
vn 0.474600 0.453200 0.754500
vn 0.951400 0.154900 0.266100
vn 0.979200 -0.097700 -0.177800
vn 0.986700 -0.134300 -0.091500
vn 0.888600 0.211900 0.406700
vn -0.868400 0.111000 0.483200
vn -0.082900 0.403500 0.911200
vn -0.519200 0.317500 0.793400
vn -0.419800 0.330900 0.845100
vn 0.623800 0.558300 0.546900
vn 0.866600 0.496500 -0.050400
vn 0.558900 0.424700 0.712100
vn 0.170600 0.478500 0.861300
vn 0.508800 0.318000 0.800000
vn 0.712400 0.225000 -0.664700
vn 0.365900 -0.024600 -0.930300
vn 0.823800 0.027400 -0.566200
vn 0.928600 0.358900 -0.093800
vn 0.012800 -0.384600 -0.923000
vn 0.014200 -0.296700 -0.954900
vn 0.783000 0.262700 -0.563800
vn 0.275500 0.024500 -0.961000
vn 0.712900 -0.273300 -0.645700
vn 0.863500 0.501300 -0.054400
vn 0.834600 0.374200 -0.404100
vn 0.373600 -0.126500 -0.918900
vn -0.840400 -0.330900 0.429200
vn -0.690500 -0.508400 -0.514600
vn -0.490100 -0.555900 -0.671300
vn -0.858000 -0.513300 -0.017500
vn -0.359000 0.242900 0.901200
vn 0.267000 0.196800 0.943400
vn 0.113900 -0.118000 0.986400
vn 0.805400 0.188400 0.561900
vn 0.997400 -0.058900 0.041900
vn 0.479700 -0.055500 0.875700
vn 0.552000 -0.598500 0.580600
vn -0.192600 -0.755000 -0.626800
vn -0.190600 -0.601400 -0.775800
vn 0.390700 -0.646400 -0.655300
vn 0.245400 -0.969400 0.000500
vn -0.526400 -0.849300 -0.039700
vn -0.408200 -0.812900 -0.415300
vn 0.927500 0.027200 -0.372800
vn 0.982900 -0.173500 -0.061700
vn 0.261500 -0.506900 -0.821300
vn 0.463600 -0.885900 0.014300
vn 0.089600 -0.760500 -0.643100
vn 0.788900 -0.398000 -0.468200
vn -0.916700 -0.270100 0.294400
vn -0.658100 0.211000 0.722700
vn 0.698000 -0.345300 0.627300
vn -0.270100 -0.740100 0.615800
vn -0.265000 0.448100 0.853800
vn 0.034300 -0.968900 -0.244800
vn 0.078400 0.961100 0.264700
vn 0.884200 0.461600 0.071300
vn -0.486200 -0.872700 0.044400
vn -0.727800 -0.401500 0.555900
vn -0.618400 -0.719000 0.317200
vn 0.066400 -0.805000 0.589500
vn -0.133100 -0.182000 0.974200
vn 0.876200 -0.090400 0.473300
vn 0.689800 0.426200 0.585200
vn -0.028100 -0.149400 0.988400
vn -0.312400 -0.630200 -0.710700
vn -0.306800 -0.713700 0.629600
vn -0.333000 -0.938800 -0.088300
vn -0.188400 0.937800 -0.291500
vn -0.701700 0.335600 0.628500
vn -0.703600 -0.460000 0.541600
vn -0.539000 0.598700 0.592500
vn -0.636900 0.430400 0.639600
vn -0.786600 0.582800 0.203600
vn -0.511400 0.819100 -0.259900
vn -0.276100 0.116100 0.954100
vn 0.146500 -0.655200 0.741100
vn -0.066000 0.989400 -0.129300
vn 0.612800 -0.704600 0.357800
vn 0.851100 -0.308400 0.424900
vn 0.475500 0.869400 0.134500
vn 0.651000 0.505700 0.566100
vn 0.965700 0.076200 0.248300
vn 0.330700 0.114200 0.936800
vn -0.114800 -0.592600 0.797300
vn -0.587700 0.383700 -0.712300
vn 0.189600 -0.734000 -0.652100
vn -0.400600 -0.664700 -0.630600
vn -0.822900 -0.468000 0.322000
vn -0.912700 0.067600 -0.402800
vn -0.421000 -0.534400 0.732800
vn 0.543900 -0.813400 -0.205900
vn 0.316900 -0.945400 0.076100
vn 0.606300 -0.683800 0.405900
vn 0.593600 0.000800 0.804700
vn 0.016000 -0.863900 -0.503300
vn 0.622500 -0.680600 -0.386300
vn 0.020400 0.004100 -0.999800
vn 0.626000 0.007300 -0.779700
vn 0.004400 0.868000 -0.496500
vn 0.613300 0.691900 -0.380900
vn 0.827300 0.003300 0.561800
vn 0.597100 0.688700 0.411300
vn 0.304200 0.948900 0.083600
vn -0.622500 0.680600 0.386300
vn -0.597100 -0.688700 -0.411300
vn -0.613300 -0.691900 0.380900
vn -0.593600 -0.000800 -0.804700
vn -0.606300 0.683800 -0.405900
vn -0.626000 -0.007300 0.779700
vn -0.307200 -0.949500 0.063400
vn -0.319900 0.944800 0.070800
vn -0.571200 0.784800 0.240400
vn 0.550500 0.792200 0.263300
vn -0.849500 -0.007800 0.527400
vn 0.629800 0.001200 0.776700
vn -0.661100 -0.007400 0.750300
vn -0.560700 -0.794200 0.234100
vn 0.561100 -0.786800 0.257100
vn 0.799100 0.392500 0.455400
vn 0.624700 0.780800 0.007800
vn 0.134200 0.962700 0.234900
vn -0.033900 -0.336000 -0.941200
vn -0.461000 0.075300 -0.884200
vn -0.158300 0.709800 -0.686400
vn 0.476800 0.196400 -0.856700
vn -0.885000 0.011000 -0.465500
vn -0.664200 0.729000 -0.165500
vn -0.630800 0.355900 0.689500
vn -0.417700 0.902600 0.103800
vn -0.707600 0.635700 -0.308500
vn -0.985500 -0.165600 0.037200
vn -0.860800 0.286300 0.420600
vn -0.979000 0.140800 0.147200
vn -0.787000 -0.253400 -0.562500
vn -0.565600 0.318300 -0.760700
vn -0.699500 -0.432500 0.568900
vn -0.616500 -0.388700 0.684700
vn 0.984500 -0.120300 -0.127700
vn 0.766700 0.463400 -0.444300
vn -0.151800 -0.478900 -0.864600
vn -0.401200 -0.872500 0.278800
vn -0.167000 -0.881600 0.441400
vn 0.648100 -0.364400 -0.668700
vn -0.075000 0.136400 -0.987800
vn 0.168200 -0.984800 0.043700
vn 0.436300 -0.880600 -0.185000
vn 0.175200 -0.796300 -0.579000
vn 0.324100 0.204500 -0.923600
vn 0.589100 -0.479800 -0.650200
vn 0.153600 0.634400 0.757500
vn -0.639600 0.367200 -0.675300
vn -0.893500 -0.413900 0.174300
vn -0.948500 -0.166600 -0.269300
vn -0.564900 -0.361200 0.741900
vn -0.453800 -0.838200 0.302500
vn 0.090000 0.372300 0.923700
vn -0.358200 0.709600 0.606700
vn 0.654900 0.733500 0.181800
vn 0.089400 0.995800 0.018800
vn -0.500900 0.119600 -0.857200
vn 0.018000 0.700800 -0.713100
vn 0.440600 0.783400 -0.438200
vn 0.948500 0.166600 0.269300
vn 0.500900 -0.119600 0.857200
vn -0.089400 -0.995800 -0.018800
vn 0.358200 -0.709600 -0.606700
vn 0.880200 0.359100 -0.310100
vn 0.928700 0.025100 -0.370000
vn 0.138600 0.787700 -0.600300
vn 0.877200 -0.128400 -0.462700
vn 0.541500 -0.772800 -0.331000
vn -0.523400 0.154500 -0.837900
vn -0.183400 -0.972900 0.140600
vn -0.973500 -0.210300 -0.089700
vn 0.385900 -0.723100 -0.572900
vn -0.161200 0.492600 0.855200
vn -0.806100 -0.538700 -0.244800
vn -0.685000 0.728500 0.006800
vn 0.724800 -0.612300 -0.315700
vn 0.689500 0.588900 -0.421600
vn 0.897000 -0.434600 -0.081000
vn 0.018900 -0.498600 -0.866600
vn 0.854600 -0.183800 0.485600
vn 0.636600 -0.472900 -0.609100
vn 0.900600 -0.415800 -0.126800
vn -0.148000 0.646000 -0.748800
vn 0.728400 0.682400 0.061400
vn 0.418000 0.672800 -0.610300
vn 0.307900 0.702400 -0.641700
vn 0.479000 0.724200 0.496100
vn 0.815900 -0.291700 0.499200
vn -0.586800 0.782300 -0.208800
vn -0.667200 0.734500 0.123800
vn -0.590600 -0.773300 -0.230400
vn -0.694300 -0.719400 0.018400
vn -0.628900 -0.746600 -0.216700
vn -0.725700 0.687900 0.011100
vn -0.707800 0.693300 0.135400
vn -0.803600 -0.595100 0.008000
vn -0.701800 -0.627800 -0.336700
vn -0.698000 0.634400 -0.332200
vn -0.729000 -0.684300 0.018600
vn -0.599000 0.689600 0.407000
vn -0.612400 -0.770200 0.178000
vn 0.005000 0.562800 0.826600
vn 0.817200 -0.554700 0.156300
vn 0.496700 0.472700 0.727900
vn 0.500200 -0.858300 0.114400
vn 0.366900 -0.111100 0.923600
vn -0.948700 -0.306000 0.079700
vn -0.018000 -0.700800 0.713100
vn -0.877200 0.128400 0.462700
s off
f 766/1/1 767/2/1 771/3/1
f 767/4/2 768/5/2 772/6/2
f 817/7/3 775/8/3 773/9/3
f 773/10/4 769/11/4 766/12/4
f 827/13/5 768/14/5 767/15/5
f 770/16/6 771/17/6 772/18/6
f 773/19/7 775/20/7 769/21/7
f 768/22/8 774/23/8 772/24/8
f 782/25/9 788/26/9 785/27/9
f 781/28/10 818/29/10 819/30/10
f 781/31/11 787/32/11 788/33/11
f 778/34/12 783/35/12 781/36/12
f 781/36/12 782/37/12 779/38/12
f 789/39/13 787/40/13 781/41/13
f 784/42/14 789/43/14 783/44/14
f 795/45/15 796/46/15 788/47/15
f 791/48/16 792/49/16 780/50/16
f 786/51/17 793/52/17 785/53/17
f 786/54/18 794/55/18 797/56/18
f 797/57/19 795/45/19 787/58/19
f 784/59/20 786/51/20 789/60/20
f 788/61/21 796/62/21 794/55/21
f 788/63/22 786/51/22 785/53/22
f 785/27/23 791/64/23 777/65/23
f 791/66/24 785/67/24 793/68/24
f 780/50/25 792/49/25 790/69/25
f 799/70/26 801/71/26 800/72/26
f 800/72/27 802/73/27 799/70/27
f 811/74/28 813/75/28 801/71/28
f 809/76/29 810/77/29 796/78/29
f 806/79/30 807/80/30 802/73/30
f 802/73/28 807/80/28 805/81/28
f 798/82/31 805/83/31 807/84/31
f 804/85/32 807/86/32 806/87/32
f 798/88/33 804/89/33 797/90/33
f 799/91/34 805/83/34 798/82/34
f 797/90/29 804/89/29 803/92/29
f 803/93/35 806/87/35 800/94/35
f 813/95/36 811/96/36 808/97/36
f 812/98/37 813/99/37 810/100/37
f 794/101/38 808/97/38 811/96/38
f 801/71/30 813/75/30 812/102/30
f 796/78/33 810/77/33 808/103/33
f 812/98/39 809/104/39 795/105/39
f 818/29/40 814/106/40 775/8/40
f 815/107/40 819/30/40 816/108/40
f 822/109/41 823/110/41 819/111/41
f 820/112/40 823/113/40 822/114/40
f 819/115/42 823/116/42 820/117/42
f 816/108/43 820/112/43 821/118/43
f 821/119/44 822/120/44 818/121/44
f 776/122/45 790/123/45 784/42/45
f 793/124/46 784/125/46 790/126/46
f 784/59/47 793/52/47 786/51/47
f 827/13/48 828/127/48 825/128/48
f 777/129/48 828/127/48 829/130/48
f 777/131/49 780/132/49 776/133/49
f 814/134/44 777/135/44 824/136/44
f 776/137/42 783/138/42 815/139/42
f 824/140/48 829/130/48 826/141/48
f 826/141/50 830/142/50 831/143/50
f 830/142/51 833/144/51 832/145/51
f 831/146/52 834/147/52 827/148/52
f 834/149/53 832/145/53 833/144/53
f 835/150/54 830/151/54 826/152/54
f 835/153/55 839/154/55 838/155/55
f 836/156/56 838/157/56 839/158/56
f 836/159/57 837/160/57 829/161/57
f 838/162/58 836/163/58 828/164/58
f 829/165/59 837/166/59 839/167/59
f 770/168/60 766/1/60 771/3/60
f 771/169/61 767/4/61 772/6/61
f 773/9/3 772/170/3 816/108/3
f 816/108/3 817/7/3 773/9/3
f 772/170/3 774/171/3 816/108/3
f 770/172/62 773/10/62 766/12/62
f 767/15/5 766/173/5 827/13/5
f 826/141/5 827/13/5 766/173/5
f 766/173/5 769/174/5 826/141/5
f 773/175/6 770/16/6 772/18/6
f 777/65/63 782/25/63 785/27/63
f 819/30/10 815/107/10 778/176/10
f 781/28/10 779/177/10 818/29/10
f 819/30/64 778/176/64 781/28/64
f 779/177/10 814/106/10 818/29/10
f 782/178/65 781/31/65 788/33/65
f 783/179/66 789/39/66 781/41/66
f 776/122/67 784/42/67 783/44/67
f 787/58/15 795/45/15 788/47/15
f 777/180/68 791/48/68 780/50/68
f 789/181/18 786/54/18 797/56/18
f 789/182/19 797/57/19 787/58/19
f 786/54/21 788/61/21 794/55/21
f 792/183/24 791/66/24 793/68/24
f 776/184/68 780/50/68 790/69/68
f 799/70/28 811/74/28 801/71/28
f 795/185/69 809/76/69 796/78/69
f 800/72/30 806/79/30 802/73/30
f 799/70/28 802/73/28 805/81/28
f 804/186/70 798/82/70 807/84/70
f 803/93/71 804/85/71 806/87/71
f 794/187/33 798/88/33 797/90/33
f 794/101/34 799/91/34 798/82/34
f 795/185/29 797/90/29 803/92/29
f 795/105/35 803/93/35 800/94/35
f 810/188/72 813/95/72 808/97/72
f 809/104/73 812/98/73 810/100/73
f 799/91/38 794/101/38 811/96/38
f 800/72/30 801/71/30 812/102/30
f 794/187/33 796/78/33 808/103/33
f 800/94/39 812/98/39 795/105/39
f 817/7/40 818/29/40 775/8/40
f 774/171/40 815/107/40 816/108/40
f 818/189/41 822/109/41 819/111/41
f 821/118/40 820/112/40 822/114/40
f 816/190/42 819/115/42 820/117/42
f 817/7/43 816/108/43 821/118/43
f 817/191/44 821/119/44 818/121/44
f 792/192/46 793/124/46 790/126/46
f 768/14/48 827/13/48 825/128/48
f 829/130/48 824/140/48 777/129/48
f 777/129/48 776/193/48 828/127/48
f 825/128/48 828/127/48 776/193/48
f 769/194/44 775/195/44 824/136/44
f 814/134/44 779/196/44 782/197/44
f 782/197/44 777/135/44 814/134/44
f 824/136/44 775/195/44 814/134/44
f 774/198/42 768/199/42 825/200/42
f 825/200/42 776/137/42 815/139/42
f 783/138/42 778/201/42 815/139/42
f 815/139/42 774/198/42 825/200/42
f 769/174/48 824/140/48 826/141/48
f 827/13/50 826/141/50 831/143/50
f 831/143/51 830/142/51 832/145/51
f 828/164/42 827/148/42 834/147/42
f 831/146/74 832/202/74 834/147/74
f 835/153/53 834/149/53 833/144/53
f 826/152/44 829/165/44 835/150/44
f 835/150/75 833/203/75 830/151/75
f 834/149/55 835/153/55 838/155/55
f 837/204/56 836/156/56 839/158/56
f 828/205/57 836/159/57 829/161/57
f 834/147/58 838/162/58 828/164/58
f 835/150/76 829/165/76 839/167/76
s 1
f 198/206/77 225/207/78 226/208/79
f 217/209/80 216/210/81 213/211/82
f 215/212/83 213/211/82 219/213/84
f 242/214/85 215/212/83 220/215/86
f 220/216/86 223/217/87 36/218/88
f 219/219/84 222/220/89 223/217/87
f 222/220/89 225/207/78 224/221/90
f 36/218/88 223/217/87 224/221/90
f 730/222/91 227/223/92 229/224/93
f 731/225/94 229/224/93 230/226/95
f 734/227/96 230/228/95 231/229/97
f 735/230/98 231/229/97 226/208/79
f 226/208/79 231/229/97 233/231/99
f 230/232/95 234/233/100 233/231/99
f 229/234/93 235/235/101 234/236/100
f 227/237/92 236/238/102 235/235/101
f 228/239/103 237/240/104 236/238/102
f 218/241/105 238/242/106 237/240/104
f 237/240/104 238/242/106 240/243/107
f 237/240/104 239/244/108 241/245/109
f 236/238/102 241/245/109 243/246/110
f 234/247/100 235/248/101 243/249/110
f 233/231/99 234/247/100 244/250/111
f 232/251/112 233/231/99 245/231/113
f 228/239/103 247/252/114 218/241/105
f 247/252/114 227/237/92 730/253/91
f 250/254/115 738/255/116 732/256/117
f 247/252/114 228/239/103 227/237/92
f 224/221/90 225/207/78 198/206/77
f 250/254/115 248/257/118 738/255/116
f 248/257/118 251/258/119 247/259/114
f 252/260/120 249/261/121 216/262/81
f 252/263/120 253/264/122 254/265/123
f 249/266/121 257/267/124 256/268/125
f 253/264/122 251/269/119 258/270/126
f 249/266/121 252/263/120 255/271/127
f 248/272/118 259/273/128 258/274/126
f 250/275/115 256/268/125 259/273/128
f 257/276/124 255/277/127 254/278/123
f 254/278/123 258/279/126 259/280/128
f 1/281/129 5/282/130 6/283/131
f 9/284/132 15/285/133 32/286/134
f 7/287/135 29/288/136 21/289/137
f 260/290/138 39/291/139 7/287/135
f 20/292/140 38/293/141 741/294/142
f 6/283/131 5/282/130 17/295/143
f 3/296/144 38/297/141 20/298/140
f 3/296/144 17/295/143 24/299/145
f 4/300/146 13/301/147 8/302/148
f 34/303/149 18/304/150 13/301/147
f 16/305/151 394/306/152 393/307/153
f 393/307/153 391/308/154 34/303/149
f 5/282/130 373/309/155 387/310/156
f 6/283/131 20/298/140 37/311/157
f 389/312/158 417/313/159 29/288/136
f 7/287/135 39/291/139 400/314/160
f 8/302/148 13/301/147 102/315/161
f 8/302/148 21/289/137 29/288/136
f 37/316/157 20/292/140 21/289/137
f 98/317/162 108/318/163 37/316/157
f 9/284/132 99/311/164 103/319/165
f 37/311/157 108/320/163 99/311/164
f 100/321/166 104/322/167 18/304/150
f 35/323/168 106/324/169 100/321/166
f 19/325/170 105/326/171 101/327/172
f 101/327/172 106/328/169 35/329/168
f 13/301/147 18/304/150 104/322/167
f 14/330/173 28/331/174 405/332/175
f 397/333/176 406/334/177 40/335/178
f 14/336/173 41/337/179 45/338/180
f 40/339/178 46/340/181 41/341/179
f 15/285/133 19/325/170 33/342/182
f 15/285/133 103/319/165 105/326/171
f 29/288/136 417/313/159 394/306/152
f 387/310/156 399/343/183 24/299/145
f 261/344/184 27/345/185 25/346/186
f 40/335/178 39/291/139 260/290/138
f 24/299/145 28/331/174 26/347/187
f 23/348/188 26/347/187 27/349/185
f 399/343/183 405/332/175 28/331/174
f 39/291/139 40/335/178 406/334/177
f 25/346/186 27/350/185 44/351/189
f 25/346/186 42/352/190 46/353/181
f 43/354/191 44/355/189 27/356/185
f 26/347/187 28/331/174 45/357/180
f 31/358/192 41/341/179 46/340/181
f 42/352/190 44/351/189 47/359/193
f 42/352/190 47/359/193 51/360/194
f 43/354/191 48/361/195 49/362/196
f 43/354/191 45/357/180 50/363/197
f 58/364/198 62/365/199 56/366/200
f 274/367/201 63/368/202 58/369/198
f 278/370/203 61/371/204 59/372/205
f 59/372/205 63/368/202 57/373/206
f 60/374/207 61/375/204 55/376/208
f 56/366/200 62/365/199 60/374/207
f 79/377/209 81/378/210 62/365/199
f 58/369/198 63/368/202 78/379/211
f 61/371/204 77/380/212 76/381/213
f 76/381/213 78/379/211 63/368/202
f 60/374/207 80/382/214 77/383/212
f 62/365/199 81/378/210 80/382/214
f 68/384/215 81/378/210 79/377/209
f 64/385/216 82/386/217 85/387/218
f 64/388/216 69/389/219 75/390/220
f 79/391/209 78/379/211 69/389/219
f 64/385/216 70/392/221 86/393/222
f 67/394/223 73/395/224 71/396/225
f 65/397/226 76/381/213 77/380/212
f 71/396/225 75/390/220 69/389/219
f 65/397/226 69/389/219 78/379/211
f 66/398/227 67/399/223 77/383/212
f 83/400/228 84/401/229 67/394/223
f 80/382/214 81/378/210 68/384/215
f 68/384/215 85/387/218 83/402/228
f 84/401/229 88/403/230 73/395/224
f 70/390/221 73/395/224 72/404/231
f 70/390/221 75/390/220 71/396/225
f 74/405/232 89/406/233 86/407/222
f 72/404/231 73/395/224 88/403/230
f 87/408/234 89/406/233 74/405/232
f 90/409/235 93/410/236 85/387/218
f 86/393/222 94/411/237 90/409/235
f 83/400/228 91/412/238 92/413/239
f 85/387/218 93/410/236 91/414/238
f 92/413/239 96/415/240 88/403/230
f 89/406/233 97/416/241 94/417/237
f 87/408/234 88/403/230 96/415/240
f 95/418/242 97/416/241 89/406/233
f 90/409/235 94/411/237 97/419/241
f 95/420/242 96/421/240 92/422/239
f 91/414/238 93/410/236 97/419/241
f 98/317/162 102/315/161 196/423/243
f 98/317/162 202/424/244 191/424/245
f 99/311/164 200/425/246 195/426/247
f 108/320/163 191/427/245 200/425/246
f 199/428/248 194/429/249 104/322/167
f 106/430/169 192/431/250 199/428/248
f 105/326/171 193/432/251 197/433/252
f 197/433/252 192/434/250 106/328/169
f 102/315/161 104/322/167 194/429/249
f 103/319/165 195/426/247 193/432/251
f 209/435/253 203/436/254 116/437/255
f 109/438/256 120/439/257 208/440/258
f 110/441/259 115/442/260 207/443/261
f 211/444/262 208/440/258 120/439/257
f 111/445/263 123/446/264 135/447/265
f 211/448/262 207/443/261 123/446/264
f 131/449/266 142/450/267 130/451/268
f 111/452/263 130/453/268 208/440/258
f 112/454/269 132/455/270 136/456/271
f 124/457/272 203/436/254 209/435/253
f 130/453/268 142/458/267 132/455/270
f 112/454/269 209/435/253 208/440/258
f 212/459/273 206/460/274 117/461/275
f 119/462/276 204/463/277 212/459/273
f 118/464/278 210/465/279 205/466/280
f 114/467/281 205/468/280 204/468/277
f 115/442/260 117/461/275 206/460/274
f 116/437/255 203/436/254 210/469/279
f 121/470/282 133/471/283 137/472/284
f 121/470/282 125/473/285 206/460/274
f 129/474/286 164/475/287 150/475/288
f 121/470/282 212/459/273 204/463/277
f 150/475/288 165/476/289 133/471/283
f 126/477/290 163/478/291 149/479/292
f 122/480/293 205/481/280 210/469/279
f 122/480/293 149/479/292 164/482/287
f 129/483/286 204/484/277 205/481/280
f 125/473/285 137/472/284 135/447/265
f 207/443/261 206/460/274 125/473/285
f 124/457/272 136/456/271 138/485/294
f 126/477/290 210/469/279 203/436/254
f 138/485/294 166/486/295 163/478/291
f 127/487/296 146/488/297 136/456/271
f 127/487/296 132/455/270 142/458/267
f 183/489/298 182/490/299 146/488/297
f 152/491/300 181/492/301 183/489/298
f 131/449/266 135/447/265 145/493/302
f 128/494/303 152/495/300 142/450/267
f 145/493/302 186/496/304 187/497/305
f 187/497/305 181/498/301 152/495/300
f 143/499/306 147/500/307 137/472/284
f 165/476/289 167/501/308 143/499/306
f 134/502/309 150/475/288 164/475/287
f 134/502/309 173/503/310 165/476/289
f 134/502/309 172/502/311 176/503/312
f 135/447/265 137/472/284 147/500/307
f 136/456/271 146/488/297 148/504/313
f 138/485/294 148/504/313 169/505/314
f 155/506/315 160/507/316 162/508/317
f 139/508/318 187/497/305 186/496/304
f 139/509/318 162/509/317 181/510/301
f 140/511/319 162/512/317 160/513/316
f 140/511/319 156/513/320 182/490/299
f 140/511/319 183/489/298 181/492/301
f 149/479/292 163/478/291 171/514/321
f 172/515/311 164/482/287 149/479/292
f 171/514/321 175/514/322 174/514/323
f 141/502/324 174/503/323 176/503/312
f 185/516/325 188/517/326 147/500/307
f 167/501/308 170/518/327 151/519/328
f 151/519/328 184/520/329 185/516/325
f 144/521/330 168/522/331 169/505/314
f 148/504/313 190/523/332 189/524/333
f 144/525/330 151/526/328 170/527/327
f 189/524/333 184/524/329 151/528/328
f 147/500/307 188/517/326 186/496/304
f 146/488/297 182/490/299 190/523/332
f 153/529/334 161/530/335 159/531/336
f 153/529/334 157/532/337 188/517/326
f 153/529/334 185/516/325 184/520/329
f 158/533/338 159/534/336 161/535/335
f 154/535/339 189/524/333 190/523/332
f 154/535/339 161/535/335 184/524/329
f 157/532/337 159/531/336 160/507/316
f 155/506/315 186/496/304 188/517/326
f 156/536/320 160/536/316 159/537/336
f 158/533/338 190/523/332 182/490/299
f 166/486/295 175/514/322 171/514/321
f 165/476/289 173/503/310 177/538/340
f 166/486/295 169/505/314 179/539/341
f 177/538/340 180/538/342 170/518/327
f 168/522/331 178/540/343 179/539/341
f 170/522/327 180/540/342 178/540/343
f 176/541/312 180/542/342 177/542/340
f 175/543/322 179/544/341 178/545/343
f 174/541/323 178/542/343 180/542/342
f 391/308/154 246/546/344 245/231/113
f 18/304/150 34/303/149 245/231/113
f 35/547/168 10/548/345 244/549/111
f 241/245/109 33/342/182 19/325/170
f 239/244/108 32/286/134 33/342/182
f 392/550/346 32/286/134 239/244/108
f 392/550/346 373/309/155 5/282/130
f 1/281/129 32/286/134 392/550/346
f 2/551/347 741/294/142 261/344/184
f 38/297/141 3/296/144 23/348/188
f 280/552/348 281/553/349 55/554/208
f 279/555/350 277/556/351 275/557/352
f 48/558/195 50/559/197 264/560/353
f 274/561/201 276/562/354 277/563/351
f 264/560/353 50/559/197 266/564/355
f 52/564/356 275/565/352 276/566/354
f 56/559/200 273/560/357 275/565/352
f 54/558/358 262/567/359 273/560/357
f 55/554/208 281/553/349 262/567/359
f 53/568/360 279/569/350 280/552/348
f 268/563/361 51/570/194 47/568/193
f 271/571/362 49/554/196 272/553/363
f 49/554/196 48/558/195 263/567/364
f 277/563/351 279/569/350 53/568/360
f 267/572/365 269/556/366 264/573/353
f 298/574/367 283/575/368 285/576/369
f 299/577/370 294/578/371 300/579/372
f 287/576/373 289/575/374 295/580/375
f 295/580/375 289/575/374 291/581/376
f 293/582/377 291/583/376 287/584/373
f 293/581/377 283/575/368 298/574/367
f 296/585/378 301/586/379 302/587/380
f 284/582/381 290/588/382 292/589/383
f 286/590/384 294/578/371 295/580/375
f 288/591/385 295/580/375 296/585/378
f 297/592/386 300/579/372 284/590/381
f 302/587/380 301/586/379 307/593/387
f 292/594/383 302/587/380 297/592/386
f 298/595/367 304/596/388 307/597/387
f 304/598/388 305/599/389 306/600/390
f 307/593/387 304/598/388 303/592/391
f 297/601/386 302/602/380 308/603/392
f 298/595/367 299/604/370 305/603/389
f 299/577/370 300/579/372 306/600/390
f 297/601/386 303/596/391 306/605/390
f 335/606/393 336/607/394 338/608/395
f 311/609/396 312/610/397 314/611/398
f 338/612/395 334/613/399 330/614/400
f 314/611/398 316/615/401 315/616/402
f 332/617/403 334/618/399 333/619/404
f 315/616/402 316/615/401 318/620/405
f 329/621/406 331/622/407 110/441/259
f 330/616/400 332/617/403 331/620/407
f 318/620/405 320/619/408 319/618/409
f 337/623/410 338/624/395 340/625/411
f 327/611/412 328/626/413 330/616/400
f 320/619/408 322/627/414 321/628/415
f 340/625/411 309/609/416 310/610/417
f 309/609/416 328/626/413 327/611/412
f 321/628/415 322/627/414 324/629/418
f 326/630/419 312/610/397 311/609/396
f 323/624/420 324/623/418 326/630/419
f 333/619/404 334/618/399 336/607/394
f 319/613/409 321/631/415 325/555/421
f 357/632/422 342/633/423 344/634/424
f 358/635/425 346/634/426 353/636/427
f 353/636/427 346/634/426 348/633/428
f 354/580/429 348/633/428 350/637/430
f 342/638/423 348/639/428 346/631/426
f 360/640/431 352/637/432 342/633/423
f 355/641/433 360/640/431 361/642/434
f 343/643/435 349/644/436 351/645/437
f 353/636/427 354/580/429 347/591/438
f 354/580/429 355/641/433 349/646/436
f 341/591/439 356/592/440 359/647/441
f 361/642/434 360/640/431 366/648/442
f 351/646/437 361/642/434 356/592/440
f 357/649/422 363/650/443 366/597/442
f 363/632/443 364/599/444 365/600/445
f 367/651/446 366/648/442 363/632/443
f 356/652/440 361/653/434 367/605/446
f 357/649/422 358/604/425 364/603/444
f 359/647/441 365/600/445 364/599/444
f 356/652/440 362/596/447 365/603/445
f 316/654/401 314/655/398 194/429/249
f 195/426/247 322/656/414 320/657/408
f 320/658/408 318/659/405 197/433/252
f 192/431/250 318/660/405 316/661/401
f 200/425/246 324/662/418 322/656/414
f 191/427/245 326/426/419 324/662/418
f 202/424/244 312/663/397 326/664/419
f 196/423/243 314/655/398 312/663/397
f 113/665/448 117/461/275 333/666/404
f 115/442/260 331/622/407 333/666/404
f 310/667/417 327/668/412 109/438/256
f 116/437/255 118/669/278 310/667/417
f 114/670/281 337/671/410 339/672/449
f 119/462/276 113/665/448 335/673/393
f 266/674/355 45/338/180 41/337/179
f 47/675/193 44/676/189 271/677/362
f 44/676/189 49/678/196 271/677/362
f 269/569/366 47/568/193 271/571/362
f 31/561/192 51/570/194 268/563/361
f 265/565/450 266/564/355 31/679/192
f 217/209/80 214/680/451 221/681/452
f 214/680/451 217/209/80 215/212/83
f 221/682/452 252/260/120 216/262/81
f 251/258/119 201/683/453 247/259/114
f 201/684/453 218/241/105 247/252/114
f 588/685/454 590/686/455 591/687/456
f 589/688/457 593/689/458 592/690/459
f 242/214/85 107/691/460 593/689/458
f 391/308/154 412/692/461 612/693/462
f 595/694/463 594/695/464 592/696/459
f 596/697/465 597/698/466 594/695/464
f 12/699/467 596/697/465 595/694/463
f 213/700/82 733/701/468 736/702/469
f 198/206/77 226/208/79 597/698/466
f 226/208/79 602/703/470 751/704/471
f 603/693/472 604/705/473 601/706/474
f 604/707/473 605/708/475 600/709/476
f 605/708/475 606/710/477 598/711/478
f 606/710/477 607/712/479 599/713/480
f 607/712/479 238/242/106 218/241/105
f 607/712/479 608/714/481 240/243/107
f 609/715/482 608/714/481 607/712/479
f 610/716/483 609/715/482 606/710/477
f 604/717/473 611/718/484 610/716/483
f 603/693/472 612/693/462 611/719/484
f 232/251/112 246/546/344 612/693/462
f 226/208/79 232/251/112 603/693/472
f 613/720/485 598/711/478 599/713/480
f 198/206/77 597/698/466 596/697/465
f 732/256/117 738/255/116 739/721/486
f 614/722/487 613/723/485 616/724/488
f 617/725/489 590/726/455 615/727/490
f 251/258/119 253/728/122 616/724/488
f 221/682/452 617/725/489 252/260/120
f 616/724/488 201/683/453 251/258/119
f 368/729/491 377/730/492 374/731/493
f 410/732/494 382/733/495 377/730/492
f 390/734/496 407/735/497 375/736/498
f 375/736/498 416/737/499 395/738/500
f 369/739/501 415/740/502 388/741/503
f 384/742/504 372/743/505 374/731/493
f 370/744/506 374/731/493 388/745/503
f 370/744/506 396/746/507 398/747/508
f 395/748/500 620/749/509 618/750/510
f 371/751/511 383/752/512 376/753/513
f 380/754/514 385/755/515 412/692/461
f 393/307/153 394/306/152 383/752/512
f 412/692/461 391/308/154 393/307/153
f 372/743/505 384/742/504 387/310/156
f 374/731/493 377/730/492 414/756/516
f 407/735/497 417/313/159 389/312/158
f 375/736/498 389/312/158 400/314/160
f 376/753/513 476/757/517 480/758/518
f 376/753/513 383/752/512 407/735/497
f 390/734/496 388/741/503 414/759/516
f 414/759/516 485/760/519 476/757/517
f 377/730/492 382/733/495 481/761/520
f 477/756/521 485/762/519 414/756/516
f 385/755/515 482/763/522 478/764/523
f 478/764/523 484/765/524 413/766/525
f 479/767/526 483/768/527 386/769/528
f 413/770/525 484/771/524 479/767/526
f 380/754/514 480/758/518 482/763/522
f 381/772/529 397/773/176 405/332/175
f 418/774/530 406/334/177 397/333/176
f 381/775/529 404/776/531 423/777/532
f 419/778/533 424/779/534 418/774/530
f 382/733/495 410/732/494 411/780/535
f 382/733/495 386/769/528 483/768/527
f 394/306/152 417/313/159 407/735/497
f 398/747/508 399/343/183 387/310/156
f 401/781/536 403/782/537 408/783/538
f 416/737/499 418/774/530 401/781/536
f 402/784/539 404/785/531 398/747/508
f 396/786/507 408/787/538 403/788/537
f 404/785/531 405/332/175 399/343/183
f 406/334/177 418/774/530 416/737/499
f 401/781/536 420/789/540 422/790/541
f 401/781/536 418/774/530 424/779/534
f 403/791/537 422/792/541 421/793/542
f 402/784/539 421/793/542 423/794/532
f 409/795/543 429/796/544 424/779/534
f 420/789/540 425/797/545 422/790/541
f 420/789/540 424/779/534 429/796/544
f 421/793/542 422/792/541 427/798/546
f 421/793/542 426/799/547 428/800/548
f 434/366/549 440/365/550 436/364/551
f 441/368/552 435/373/553 634/367/554
f 439/371/555 433/801/556 638/370/557
f 435/373/553 441/368/552 437/372/558
f 433/376/556 439/375/555 438/374/559
f 438/374/559 440/365/550 434/366/549
f 440/365/550 459/378/560 457/377/561
f 436/369/551 457/391/561 456/379/562
f 454/381/563 455/380/564 439/371/555
f 441/368/552 456/379/562 454/381/563
f 438/374/559 439/375/555 455/383/564
f 458/382/565 459/378/560 440/365/550
f 457/377/561 459/378/560 446/384/566
f 442/385/567 446/384/566 463/387/568
f 442/388/567 448/390/569 453/390/570
f 447/389/571 456/379/562 457/391/561
f 442/385/567 460/386/572 464/393/573
f 449/396/574 451/395/575 445/394/576
f 443/397/577 445/394/576 455/380/564
f 447/389/571 453/390/570 449/396/574
f 443/397/577 454/381/563 456/379/562
f 444/398/578 458/382/565 455/383/564
f 445/394/576 462/401/579 461/400/580
f 446/384/566 459/378/560 458/382/565
f 461/402/580 463/387/568 446/384/566
f 451/395/575 466/403/581 462/401/579
f 448/390/569 452/405/582 450/404/583
f 448/390/569 451/395/575 449/396/574
f 464/407/573 467/406/584 452/405/582
f 450/404/583 465/408/585 466/403/581
f 452/405/582 467/406/584 465/408/585
f 463/387/568 471/410/586 468/409/587
f 468/409/587 472/411/588 464/393/573
f 461/400/580 462/401/579 470/413/589
f 469/414/590 471/410/586 463/387/568
f 466/403/581 474/415/591 470/413/589
f 472/417/588 475/416/592 467/406/584
f 465/408/585 473/418/593 474/415/591
f 467/406/584 475/416/592 473/418/593
f 468/409/587 471/410/586 475/419/592
f 470/422/589 474/421/591 473/420/593
f 469/414/590 473/420/593 475/419/592
f 476/757/517 577/802/594 573/803/595
f 476/757/517 485/760/519 568/802/596
f 477/756/521 481/761/520 572/804/597
f 576/805/598 568/806/596 485/762/519
f 482/763/522 571/807/599 575/808/600
f 575/808/600 569/809/601 484/765/524
f 574/810/602 570/811/603 483/768/527
f 484/771/524 569/812/601 574/810/602
f 480/758/518 573/803/595 571/807/599
f 481/761/520 483/768/527 570/811/603
f 493/437/604 578/436/605 584/435/606
f 486/438/607 584/435/606 583/440/608
f 487/441/609 586/448/610 582/443/611
f 497/439/612 583/440/608 586/444/610
f 488/445/613 508/449/614 512/447/615
f 500/446/616 582/443/611 586/448/610
f 507/451/617 519/450/618 508/449/614
f 488/452/613 586/444/610 583/440/608
f 489/454/619 501/457/620 513/456/621
f 584/435/606 578/436/605 501/457/620
f 509/455/622 519/458/618 507/453/617
f 489/454/619 507/453/617 583/440/608
f 494/461/623 581/460/624 587/459/625
f 587/459/625 579/463/626 496/462/627
f 580/813/628 585/814/629 495/815/630
f 491/816/631 496/817/627 579/818/626
f 492/442/632 582/443/611 581/460/624
f 493/437/604 495/669/630 585/469/629
f 498/470/633 502/473/634 514/472/635
f 498/470/633 587/459/625 581/460/624
f 527/475/636 541/475/637 506/474/638
f 498/470/633 506/474/638 579/463/626
f 510/471/639 542/476/640 527/475/636
f 526/479/641 540/478/642 503/477/643
f 499/480/644 503/477/643 585/469/629
f 499/480/644 506/483/638 541/482/637
f 580/463/628 579/463/626 506/474/638
f 512/447/615 514/472/635 502/473/634
f 502/473/634 581/460/624 582/443/611
f 501/457/620 503/477/643 515/485/645
f 578/436/605 585/469/629 503/477/643
f 540/478/642 543/486/646 515/485/645
f 504/487/647 509/455/622 513/456/621
f 504/487/647 529/491/648 519/458/618
f 523/488/649 559/490/650 560/489/651
f 560/489/651 558/492/652 529/491/648
f 522/493/653 512/447/615 508/449/614
f 505/494/654 508/449/614 519/450/618
f 564/497/655 563/496/656 522/493/653
f 529/495/648 558/498/652 564/497/655
f 514/472/635 524/500/657 520/499/658
f 520/499/658 544/501/659 542/476/640
f 511/502/660 549/502/661 541/475/637
f 511/502/660 527/475/636 542/476/640
f 511/502/660 550/503/662 553/503/663
f 512/447/615 522/493/653 524/500/657
f 513/456/621 515/485/645 525/504/664
f 515/485/645 543/486/646 546/505/665
f 539/819/666 537/820/667 532/821/668
f 516/508/669 532/506/668 563/496/656
f 516/822/669 564/823/655 558/824/652
f 517/825/670 533/826/671 537/826/667
f 517/511/670 560/489/651 559/490/650
f 517/511/670 539/512/666 558/492/652
f 548/514/672 540/478/642 526/479/641
f 526/479/641 541/482/637 549/515/661
f 551/514/673 552/514/674 548/514/672
f 518/515/675 549/515/661 553/514/663
f 524/500/657 565/517/676 562/516/677
f 528/519/678 547/518/679 544/501/659
f 562/516/677 561/520/680 528/519/678
f 521/521/681 525/504/664 546/505/665
f 566/524/682 567/523/683 525/504/664
f 521/827/681 545/828/684 547/828/679
f 528/528/678 561/524/680 566/524/682
f 563/496/656 565/517/676 524/500/657
f 523/488/649 525/504/664 567/523/683
f 530/829/685 534/830/686 536/831/687
f 530/529/685 562/516/677 565/517/676
f 530/529/685 538/530/688 561/520/680
f 538/832/688 536/833/687 535/834/689
f 531/535/690 535/533/689 567/523/683
f 531/535/690 566/524/682 561/524/680
f 537/820/667 536/831/687 534/830/686
f 532/506/668 534/532/686 565/517/676
f 533/826/671 535/834/689 536/833/687
f 559/490/650 567/523/683 535/533/689
f 548/514/672 552/514/674 543/486/646
f 542/476/640 544/501/659 554/538/691
f 543/486/646 552/514/674 556/539/692
f 547/518/679 557/538/693 554/538/691
f 545/522/684 546/505/665 556/539/692
f 555/540/694 557/540/693 547/522/679
f 554/835/691 557/835/693 553/836/663
f 555/837/694 556/838/692 552/839/674
f 551/836/673 553/836/663 557/835/693
f 36/218/88 595/694/463 593/840/458
f 612/693/462 385/755/515 378/841/695
f 611/842/484 413/843/525 610/716/483
f 386/769/528 609/715/482 379/844/696
f 608/714/481 609/715/482 411/780/535
f 201/684/453 613/720/485 218/241/105
f 372/743/505 373/309/155 392/550/346
f 368/729/491 392/550/346 410/732/494
f 618/750/510 620/749/509 621/845/697
f 619/846/698 621/845/697 396/847/507
f 415/848/502 619/846/698 370/849/506
f 618/750/510 619/846/698 415/848/502
f 408/850/538 621/845/697 620/749/509
f 396/847/507 621/845/697 408/850/538
f 433/851/556 641/852/699 640/552/700
f 639/853/701 640/854/700 622/855/702
f 624/569/703 428/568/548 426/571/547
f 634/561/554 435/570/553 637/563/704
f 625/563/705 626/570/706 428/568/548
f 634/856/554 636/857/707 635/565/708
f 434/559/549 430/564/709 635/565/708
f 434/559/549 633/560/710 622/567/702
f 433/851/556 432/558/711 622/567/702
f 431/568/712 638/571/557 640/552/700
f 628/565/713 629/560/714 425/559/545
f 632/852/715 427/851/546 631/558/716
f 623/552/717 426/571/547 427/851/546
f 431/568/712 639/569/701 637/563/704
f 629/858/714 627/556/718 624/557/703
f 659/579/719 645/590/720 643/591/721
f 654/578/722 647/590/723 659/579/719
f 655/580/724 649/591/725 647/590/723
f 656/585/726 651/594/727 649/591/725
f 647/859/723 651/860/727 643/861/721
f 658/592/728 643/591/721 653/594/729
f 661/587/730 651/594/727 656/585/726
f 652/859/731 646/862/732 644/584/733
f 646/863/732 648/633/734 655/580/724
f 648/633/734 650/864/735 656/585/726
f 642/633/736 644/863/733 660/577/737
f 662/586/738 668/865/739 667/866/740
f 652/864/731 642/633/736 657/574/741
f 667/867/740 664/596/742 658/595/728
f 663/574/743 666/599/744 665/600/745
f 663/574/743 664/592/742 667/866/740
f 657/652/741 663/596/743 668/597/739
f 658/595/728 664/596/742 665/868/745
f 665/600/745 666/599/744 660/577/737
f 666/603/744 663/596/743 657/652/741
f 697/623/746 698/624/747 696/625/748
f 671/618/749 673/617/750 674/620/751
f 696/869/748 698/870/747 669/871/752
f 675/616/753 676/615/754 674/620/751
f 693/610/755 694/609/756 692/626/757
f 675/616/753 677/626/758 678/611/759
f 691/622/760 689/621/761 487/441/609
f 691/611/760 692/626/757 690/616/762
f 679/609/763 680/610/764 678/611/759
f 699/606/765 700/607/766 698/608/747
f 687/620/767 689/615/761 690/616/762
f 679/609/763 681/625/768 682/630/769
f 670/619/770 669/618/752 700/607/766
f 687/620/767 688/617/771 669/618/752
f 683/624/772 684/623/773 682/630/769
f 685/607/774 671/618/749 672/619/775
f 683/608/772 685/607/774 686/606/776
f 693/610/755 695/630/777 696/625/748
f 681/872/768 677/873/758 685/874/774
f 717/574/778 718/875/779 704/637/780
f 713/641/781 718/875/779 719/642/782
f 713/641/781 714/580/783 708/633/784
f 714/580/783 715/636/785 710/634/786
f 708/859/784 710/582/786 702/862/787
f 717/574/778 702/633/787 712/634/788
f 720/635/789 710/634/786 715/636/785
f 709/876/790 707/639/791 703/860/792
f 707/591/791 714/580/783 713/641/781
f 709/877/790 715/636/785 714/580/783
f 701/591/793 703/646/792 719/642/782
f 721/647/794 727/600/795 726/599/796
f 711/877/797 701/591/793 716/592/798
f 726/597/796 723/650/799 717/878/778
f 725/651/800 724/879/801 723/574/799
f 722/592/802 723/574/799 726/599/796
f 716/601/798 722/596/802 727/605/795
f 717/878/778 723/650/799 724/603/801
f 724/879/801 725/651/800 719/642/782
f 725/880/800 722/596/802 716/601/798
f 571/807/599 674/881/751 676/882/754
f 572/804/597 570/811/603 680/883/764
f 678/884/759 680/883/764 574/810/602
f 676/882/754 678/885/759 569/809/601
f 576/805/598 572/804/597 682/886/769
f 684/887/773 686/804/776 568/806/596
f 577/802/594 568/802/596 686/888/776
f 573/803/595 672/889/775 674/881/751
f 693/666/755 494/461/623 490/665/803
f 693/666/755 691/622/760 492/442/632
f 497/439/612 687/668/767 486/438/607
f 495/669/630 493/437/604 670/667/770
f 491/670/631 495/669/630 699/672/765
f 695/673/777 496/462/627 697/890/746
f 423/777/532 428/891/548 626/892/706
f 425/893/545 631/894/716 422/895/541
f 422/895/541 631/894/716 427/896/546
f 629/560/714 630/567/804 631/558/716
f 627/857/718 628/565/713 429/564/544
f 627/562/718 409/561/543 626/570/706
f 591/687/456 590/686/455 221/681/452
f 589/688/457 591/687/456 214/680/451
f 221/682/452 590/726/455 617/725/489
f 616/724/488 613/723/485 201/683/453
f 599/713/480 218/241/105 613/720/485
f 608/714/481 410/732/494 392/550/346
f 588/685/454 592/690/459 756/897/805
f 248/257/118 247/259/114 738/255/116
f 730/898/91 739/721/486 738/255/116
f 740/899/806 735/900/98 225/901/78
f 225/901/78 222/902/89 737/903/807
f 734/904/96 735/900/98 740/899/806
f 219/905/84 736/702/469 737/903/807
f 216/906/81 732/256/117 733/701/468
f 216/262/81 249/261/121 732/256/117
f 22/907/808 260/908/138 745/909/809
f 30/907/810 261/908/184 749/909/811
f 744/910/812 745/909/809 746/911/813
f 22/907/808 744/910/812 743/912/814
f 742/913/815 2/914/347 743/912/814
f 260/908/138 742/913/815 746/911/813
f 750/911/816 748/912/817 747/910/818
f 261/908/184 741/913/142 750/911/816
f 30/907/810 747/910/818 748/912/817
f 38/914/141 748/912/817 750/911/816
f 755/915/819 594/695/464 597/698/466
f 756/916/805 592/696/459 594/695/464
f 588/685/454 757/917/820 590/686/455
f 754/918/821 751/704/471 602/703/470
f 753/919/822 754/920/821 601/921/474
f 752/922/823 753/919/822 600/923/476
f 752/924/823 598/711/478 613/720/485
f 756/925/805 764/926/824 765/927/825
f 753/928/822 752/929/823 760/930/826
f 762/931/827 763/932/828 597/933/466
f 761/934/829 764/926/824 763/932/828
f 760/930/826 765/927/825 764/926/824
f 615/727/490 590/726/455 758/935/830
f 752/929/823 613/936/485 759/937/831
f 757/938/820 765/927/825 758/935/830
f 755/939/819 597/933/466 763/932/828
f 754/940/821 753/928/822 761/934/829
f 755/939/819 763/932/828 764/926/824
f 613/723/485 614/722/487 759/937/831
f 758/935/830 759/937/831 614/722/487
f 616/724/488 617/725/489 615/727/490
f 760/930/826 759/937/831 758/935/830
f 249/261/121 250/254/115 732/256/117
f 751/941/471 754/940/821 762/931/827
f 730/898/91 731/942/94 739/721/486
f 736/702/469 739/721/486 740/899/806
f 733/701/468 739/721/486 736/702/469
f 731/942/94 734/904/96 740/899/806
f 215/212/83 217/209/80 213/211/82
f 220/215/86 215/212/83 219/213/84
f 107/691/460 242/214/85 220/215/86
f 107/943/460 220/216/86 36/218/88
f 220/216/86 219/219/84 223/217/87
f 223/217/87 222/220/89 224/221/90
f 12/699/467 36/218/88 224/221/90
f 731/225/94 730/222/91 229/224/93
f 734/944/96 731/225/94 230/226/95
f 735/230/98 734/227/96 231/229/97
f 225/207/78 735/230/98 226/208/79
f 232/251/112 226/208/79 233/231/99
f 231/229/97 230/232/95 233/231/99
f 230/945/95 229/234/93 234/236/100
f 229/234/93 227/237/92 235/235/101
f 227/237/92 228/239/103 236/238/102
f 228/239/103 218/241/105 237/240/104
f 239/244/108 237/240/104 240/243/107
f 236/238/102 237/240/104 241/245/109
f 235/235/101 236/238/102 243/246/110
f 244/250/111 234/247/100 243/249/110
f 245/231/113 233/231/99 244/250/111
f 246/546/344 232/251/112 245/231/113
f 12/699/467 224/221/90 198/206/77
f 255/271/127 252/263/120 254/265/123
f 250/275/115 249/266/121 256/268/125
f 254/265/123 253/264/122 258/270/126
f 257/267/124 249/266/121 255/271/127
f 251/946/119 248/272/118 258/274/126
f 248/272/118 250/275/115 259/273/128
f 256/947/125 257/276/124 254/278/123
f 256/947/125 254/278/123 259/280/128
f 9/284/132 1/281/129 6/283/131
f 1/281/129 9/284/132 32/286/134
f 21/289/137 2/551/347 742/948/815
f 742/948/815 7/287/135 21/289/137
f 742/948/815 260/290/138 7/287/135
f 741/294/142 2/551/347 20/292/140
f 21/289/137 20/292/140 2/551/347
f 3/296/144 6/283/131 17/295/143
f 6/283/131 3/296/144 20/298/140
f 23/348/188 3/296/144 24/299/145
f 16/305/151 4/300/146 8/302/148
f 4/300/146 34/303/149 13/301/147
f 4/300/146 16/305/151 393/307/153
f 4/300/146 393/307/153 34/303/149
f 17/295/143 5/282/130 387/310/156
f 9/284/132 6/283/131 37/311/157
f 7/287/135 389/312/158 29/288/136
f 389/312/158 7/287/135 400/314/160
f 98/317/162 8/302/148 102/315/161
f 16/305/151 8/302/148 29/288/136
f 8/302/148 37/316/157 21/289/137
f 8/302/148 98/317/162 37/316/157
f 15/285/133 9/284/132 103/319/165
f 9/284/132 37/311/157 99/311/164
f 10/949/345 100/321/166 18/304/150
f 10/950/345 35/323/168 100/321/166
f 11/951/832 19/325/170 101/327/172
f 11/951/832 101/327/172 35/329/168
f 102/315/161 13/301/147 104/322/167
f 397/773/176 14/330/173 405/332/175
f 14/952/173 397/333/176 40/335/178
f 28/953/174 14/336/173 45/338/180
f 14/954/173 40/339/178 41/341/179
f 32/286/134 15/285/133 33/342/182
f 19/325/170 15/285/133 105/326/171
f 16/305/151 29/288/136 394/306/152
f 17/295/143 387/310/156 24/299/145
f 25/346/186 22/955/808 261/344/184
f 261/344/184 30/956/810 27/345/185
f 260/290/138 22/955/808 25/346/186
f 25/346/186 40/335/178 260/290/138
f 23/348/188 24/299/145 26/347/187
f 30/957/810 23/348/188 27/349/185
f 24/299/145 399/343/183 28/331/174
f 400/314/160 39/291/139 406/334/177
f 42/352/190 25/346/186 44/351/189
f 40/335/178 25/346/186 46/353/181
f 26/347/187 43/354/191 27/356/185
f 43/354/191 26/347/187 45/357/180
f 51/958/194 31/358/192 46/340/181
f 46/353/181 42/352/190 51/360/194
f 44/959/189 43/354/191 49/362/196
f 48/361/195 43/354/191 50/363/197
f 52/960/356 58/364/198 56/366/200
f 58/369/198 52/961/356 274/367/201
f 274/367/201 57/373/206 63/368/202
f 59/372/205 53/962/360 278/370/203
f 278/370/203 55/801/208 61/371/204
f 53/962/360 59/372/205 57/373/206
f 54/963/358 60/374/207 55/376/208
f 54/963/358 56/366/200 60/374/207
f 58/364/198 79/377/209 62/365/199
f 79/391/209 58/369/198 78/379/211
f 59/372/205 61/371/204 76/381/213
f 59/372/205 76/381/213 63/368/202
f 61/375/204 60/374/207 77/383/212
f 60/374/207 62/365/199 80/382/214
f 64/385/216 68/384/215 79/377/209
f 68/384/215 64/385/216 85/387/218
f 70/390/221 64/388/216 75/390/220
f 64/388/216 79/391/209 69/389/219
f 82/386/217 64/385/216 86/393/222
f 65/397/226 67/394/223 71/396/225
f 67/394/223 65/397/226 77/380/212
f 65/397/226 71/396/225 69/389/219
f 76/381/213 65/397/226 78/379/211
f 80/382/214 66/398/227 77/383/212
f 66/964/227 83/400/228 67/394/223
f 66/398/227 80/382/214 68/384/215
f 66/398/227 68/384/215 83/402/228
f 67/394/223 84/401/229 73/395/224
f 74/405/232 70/390/221 72/404/231
f 73/395/224 70/390/221 71/396/225
f 70/390/221 74/405/232 86/407/222
f 87/408/234 72/404/231 88/403/230
f 72/404/231 87/408/234 74/405/232
f 82/386/217 90/409/235 85/387/218
f 82/386/217 86/393/222 90/409/235
f 84/401/229 83/400/228 92/413/239
f 83/402/228 85/387/218 91/414/238
f 84/401/229 92/413/239 88/403/230
f 86/407/222 89/406/233 94/417/237
f 95/418/242 87/408/234 96/415/240
f 87/408/234 95/418/242 89/406/233
f 93/410/236 90/409/235 97/419/241
f 91/414/238 95/420/242 92/422/239
f 95/420/242 91/414/238 97/419/241
f 202/424/244 98/317/162 196/423/243
f 108/318/163 98/317/162 191/424/245
f 103/319/165 99/311/164 195/426/247
f 99/311/164 108/320/163 200/425/246
f 100/321/166 199/428/248 104/322/167
f 100/321/166 106/430/169 199/428/248
f 101/327/172 105/326/171 197/433/252
f 101/327/172 197/433/252 106/328/169
f 196/423/243 102/315/161 194/429/249
f 105/326/171 103/319/165 193/432/251
f 109/438/256 209/435/253 116/437/255
f 209/435/253 109/438/256 208/440/258
f 211/448/262 110/441/259 207/443/261
f 110/965/259 211/444/262 120/439/257
f 131/449/266 111/445/263 135/447/265
f 111/445/263 211/448/262 123/446/264
f 111/445/263 131/449/266 130/451/268
f 211/444/262 111/452/263 208/440/258
f 124/457/272 112/454/269 136/456/271
f 112/454/269 124/457/272 209/435/253
f 112/454/269 130/453/268 132/455/270
f 130/453/268 112/454/269 208/440/258
f 113/665/448 212/459/273 117/461/275
f 113/665/448 119/462/276 212/459/273
f 114/966/281 118/464/278 205/466/280
f 119/967/276 114/467/281 204/468/277
f 207/443/261 115/442/260 206/460/274
f 118/669/278 116/437/255 210/469/279
f 125/473/285 121/470/282 137/472/284
f 212/459/273 121/470/282 206/460/274
f 121/470/282 129/474/286 150/475/288
f 129/474/286 121/470/282 204/463/277
f 121/470/282 150/475/288 133/471/283
f 122/480/293 126/477/290 149/479/292
f 126/477/290 122/480/293 210/469/279
f 129/483/286 122/480/293 164/482/287
f 122/480/293 129/483/286 205/481/280
f 123/446/264 125/473/285 135/447/265
f 123/446/264 207/443/261 125/473/285
f 126/477/290 124/457/272 138/485/294
f 124/457/272 126/477/290 203/436/254
f 126/477/290 138/485/294 163/478/291
f 132/455/270 127/487/296 136/456/271
f 152/491/300 127/487/296 142/458/267
f 127/487/296 183/489/298 146/488/297
f 127/487/296 152/491/300 183/489/298
f 128/494/303 131/449/266 145/493/302
f 131/449/266 128/494/303 142/450/267
f 128/494/303 145/493/302 187/497/305
f 128/494/303 187/497/305 152/495/300
f 133/471/283 143/499/306 137/472/284
f 133/471/283 165/476/289 143/499/306
f 172/502/311 134/502/309 164/475/287
f 150/475/288 134/502/309 165/476/289
f 173/503/310 134/502/309 176/503/312
f 145/493/302 135/447/265 147/500/307
f 138/485/294 136/456/271 148/504/313
f 166/486/295 138/485/294 169/505/314
f 139/508/318 155/506/315 162/508/317
f 155/506/315 139/508/318 186/496/304
f 187/968/305 139/509/318 181/510/301
f 156/513/320 140/511/319 160/513/316
f 183/489/298 140/511/319 182/490/299
f 162/512/317 140/511/319 181/492/301
f 141/515/324 149/479/292 171/514/321
f 141/515/324 172/515/311 149/479/292
f 141/515/324 171/514/321 174/514/323
f 172/502/311 141/502/324 176/503/312
f 143/499/306 185/516/325 147/500/307
f 143/499/306 167/501/308 151/519/328
f 143/499/306 151/519/328 185/516/325
f 148/504/313 144/521/330 169/505/314
f 144/521/330 148/504/313 189/524/333
f 168/527/331 144/525/330 170/527/327
f 144/521/330 189/524/333 151/528/328
f 145/493/302 147/500/307 186/496/304
f 148/504/313 146/488/297 190/523/332
f 157/532/337 153/529/334 159/531/336
f 185/516/325 153/529/334 188/517/326
f 161/530/335 153/529/334 184/520/329
f 154/535/339 158/533/338 161/535/335
f 158/533/338 154/535/339 190/523/332
f 189/524/333 154/535/339 184/524/329
f 155/506/315 157/532/337 160/507/316
f 157/532/337 155/506/315 188/517/326
f 158/969/338 156/536/320 159/537/336
f 156/513/320 158/533/338 182/490/299
f 163/478/291 166/486/295 171/514/321
f 167/501/308 165/476/289 177/538/340
f 175/514/322 166/486/295 179/539/341
f 167/501/308 177/538/340 170/518/327
f 169/505/314 168/522/331 179/539/341
f 168/522/331 170/522/327 178/540/343
f 173/541/310 176/541/312 177/542/340
f 174/543/323 175/543/322 178/545/343
f 176/541/312 174/541/323 180/542/342
f 34/303/149 391/308/154 245/231/113
f 245/231/113 244/250/111 10/949/345
f 10/949/345 18/304/150 245/231/113
f 244/549/111 243/970/110 35/547/168
f 11/951/832 35/547/168 243/970/110
f 19/325/170 11/951/832 241/245/109
f 243/246/110 241/245/109 11/951/832
f 241/245/109 239/244/108 33/342/182
f 240/243/107 392/550/346 239/244/108
f 1/281/129 392/550/346 5/282/130
f 22/955/808 2/551/347 261/344/184
f 30/971/810 38/297/141 23/348/188
f 278/571/203 280/552/348 55/554/208
f 275/557/352 273/972/357 262/613/359
f 262/613/359 281/631/349 280/614/348
f 280/614/348 279/555/350 275/557/352
f 277/556/351 276/588/354 275/557/352
f 275/557/352 262/613/359 280/614/348
f 263/567/364 48/558/195 264/560/353
f 57/570/206 274/561/201 277/563/351
f 265/565/450 264/560/353 266/564/355
f 274/679/201 52/564/356 276/566/354
f 52/564/356 56/559/200 275/565/352
f 56/559/200 54/558/358 273/560/357
f 54/558/358 55/554/208 262/567/359
f 278/571/203 53/568/360 280/552/348
f 269/569/366 268/563/361 47/568/193
f 270/552/833 271/571/362 272/553/363
f 272/553/363 49/554/196 263/567/364
f 57/570/206 277/563/351 53/568/360
f 272/557/363 263/973/364 264/573/353
f 264/573/353 265/974/450 267/572/365
f 267/572/365 268/975/361 269/556/366
f 269/556/366 270/976/833 272/557/363
f 272/557/363 264/573/353 269/556/366
f 299/577/370 298/574/367 285/576/369
f 286/590/384 284/590/381 300/579/372
f 299/577/370 285/576/369 287/576/373
f 286/590/384 300/579/372 294/578/371
f 287/576/373 294/578/371 299/577/370
f 294/578/371 287/576/373 295/580/375
f 296/585/378 295/580/375 291/581/376
f 287/584/373 285/977/369 283/859/368
f 283/859/368 293/582/377 287/584/373
f 291/583/376 289/862/374 287/584/373
f 301/586/379 293/581/377 298/574/367
f 292/594/383 290/594/382 302/587/380
f 296/585/378 291/581/376 301/586/379
f 293/581/377 301/586/379 291/581/376
f 302/587/380 290/594/382 296/585/378
f 292/589/383 282/859/834 284/582/381
f 284/582/381 286/614/384 288/862/385
f 288/862/385 290/588/382 284/582/381
f 288/591/385 286/590/384 295/580/375
f 290/594/382 288/591/385 296/585/378
f 282/591/834 297/592/386 284/590/381
f 308/978/392 302/587/380 307/593/387
f 282/591/834 292/594/383 297/592/386
f 301/979/379 298/595/367 307/597/387
f 303/592/391 304/598/388 306/600/390
f 308/978/392 307/593/387 303/592/391
f 303/596/391 297/601/386 308/603/392
f 304/596/388 298/595/367 305/603/389
f 305/599/389 299/577/370 306/600/390
f 300/980/372 297/601/386 306/605/390
f 337/629/410 335/606/393 338/608/395
f 313/626/835 311/609/396 314/611/398
f 330/614/400 328/555/413 309/556/416
f 309/556/416 340/588/411 338/612/395
f 338/612/395 336/972/394 334/613/399
f 334/613/399 332/981/403 330/614/400
f 330/614/400 309/556/416 338/612/395
f 313/626/835 314/611/398 315/616/402
f 331/620/407 332/617/403 333/619/404
f 317/617/836 315/616/402 318/620/405
f 115/442/260 110/441/259 331/622/407
f 120/982/257 329/621/406 110/441/259
f 329/615/406 330/616/400 331/620/407
f 317/617/836 318/620/405 319/618/409
f 339/630/449 337/623/410 340/625/411
f 329/615/406 327/611/412 330/616/400
f 319/618/409 320/619/408 321/628/415
f 339/630/449 340/625/411 310/610/417
f 310/610/417 309/609/416 327/611/412
f 323/608/420 321/628/415 324/629/418
f 325/625/421 326/630/419 311/609/396
f 325/625/421 323/624/420 326/630/419
f 335/606/393 333/619/404 336/607/394
f 325/555/421 311/983/396 317/984/836
f 313/976/835 315/557/402 317/984/836
f 317/984/836 319/613/409 325/555/421
f 321/631/415 323/985/420 325/555/421
f 311/983/396 313/976/835 317/984/836
f 358/635/425 357/632/422 344/634/424
f 345/877/837 343/877/435 359/647/441
f 359/647/441 358/635/425 353/636/427
f 344/634/424 346/634/426 358/635/425
f 353/636/427 345/877/837 359/647/441
f 354/580/429 353/636/427 348/633/428
f 355/641/433 354/580/429 350/637/430
f 346/631/426 344/860/424 342/638/423
f 342/638/423 352/861/432 350/876/430
f 350/876/430 348/639/428 342/638/423
f 357/632/422 360/640/431 342/633/423
f 351/646/437 349/646/436 361/642/434
f 355/641/433 350/637/430 360/640/431
f 352/637/432 360/640/431 350/637/430
f 361/642/434 349/646/436 355/641/433
f 351/645/437 341/862/439 343/643/435
f 343/643/435 345/986/837 347/639/438
f 347/639/438 349/644/436 343/643/435
f 345/877/837 353/636/427 347/591/438
f 347/591/438 354/580/429 349/646/436
f 343/877/435 341/591/439 359/647/441
f 367/651/446 361/642/434 366/648/442
f 341/591/439 351/646/437 356/592/440
f 360/653/431 357/649/422 366/597/442
f 362/592/447 363/632/443 365/600/445
f 362/592/447 367/651/446 363/632/443
f 362/596/447 356/652/440 367/605/446
f 363/650/443 357/649/422 364/603/444
f 358/635/425 359/647/441 364/599/444
f 359/602/441 356/652/440 365/603/445
f 199/428/248 316/654/401 194/429/249
f 193/432/251 195/426/247 320/657/408
f 192/434/250 197/433/252 318/659/405
f 193/432/251 320/658/408 197/433/252
f 199/428/248 192/431/250 316/661/401
f 195/426/247 200/425/246 322/656/414
f 200/425/246 191/427/245 324/662/418
f 191/424/245 202/424/244 326/664/419
f 196/423/243 194/429/249 314/655/398
f 312/663/397 202/424/244 196/423/243
f 335/673/393 113/665/448 333/666/404
f 117/461/275 115/442/260 333/666/404
f 120/439/257 109/438/256 327/668/412
f 327/668/412 329/987/406 120/439/257
f 339/672/449 310/667/417 118/669/278
f 109/438/256 116/437/255 310/667/417
f 118/669/278 114/670/281 339/672/449
f 335/673/393 337/890/410 119/462/276
f 114/988/281 119/462/276 337/890/410
f 41/337/179 31/989/192 266/674/355
f 266/674/355 50/990/197 45/338/180
f 270/552/833 269/569/366 271/571/362
f 267/562/365 31/561/192 268/563/361
f 267/566/365 265/565/450 31/679/192
f 216/210/81 217/209/80 221/681/452
f 242/214/85 214/680/451 215/212/83
f 589/688/457 588/685/454 591/687/456
f 588/685/454 589/688/457 592/690/459
f 589/688/457 242/214/85 593/689/458
f 246/546/344 391/308/154 612/693/462
f 593/840/458 595/694/463 592/696/459
f 595/694/463 596/697/465 594/695/464
f 36/218/88 12/699/467 595/694/463
f 219/905/84 213/700/82 736/702/469
f 597/698/466 226/208/79 751/704/471
f 602/703/470 603/693/472 601/706/474
f 601/991/474 604/707/473 600/709/476
f 600/992/476 605/708/475 598/711/478
f 598/711/478 606/710/477 599/713/480
f 599/713/480 607/712/479 218/241/105
f 238/242/106 607/712/479 240/243/107
f 606/710/477 609/715/482 607/712/479
f 605/708/475 610/716/483 606/710/477
f 605/708/475 604/717/473 610/716/483
f 604/993/473 603/693/472 611/719/484
f 603/693/472 232/251/112 612/693/462
f 602/703/470 226/208/79 603/693/472
f 12/699/467 198/206/77 596/697/465
f 733/701/468 732/256/117 739/721/486
f 617/725/489 616/724/488 253/728/122
f 253/728/122 252/260/120 617/725/489
f 372/743/505 368/729/491 374/731/493
f 368/729/491 410/732/494 377/730/492
f 369/739/501 390/734/496 375/736/498
f 369/739/501 375/736/498 395/738/500
f 390/734/496 369/739/501 388/741/503
f 370/744/506 384/742/504 374/731/493
f 415/994/502 370/744/506 388/745/503
f 384/742/504 370/744/506 398/747/508
f 369/995/501 395/748/500 618/750/510
f 380/754/514 371/751/511 376/753/513
f 371/751/511 380/754/514 412/692/461
f 371/751/511 393/307/153 383/752/512
f 371/751/511 412/692/461 393/307/153
f 373/309/155 372/743/505 387/310/156
f 388/745/503 374/731/493 414/756/516
f 375/736/498 407/735/497 389/312/158
f 416/737/499 375/736/498 400/314/160
f 380/754/514 376/753/513 480/758/518
f 390/734/496 376/753/513 407/735/497
f 376/753/513 390/734/496 414/759/516
f 376/753/513 414/759/516 476/757/517
f 477/756/521 377/730/492 481/761/520
f 377/730/492 477/756/521 414/756/516
f 378/841/695 385/755/515 478/764/523
f 378/996/695 478/764/523 413/766/525
f 379/844/696 479/767/526 386/769/528
f 379/844/696 413/770/525 479/767/526
f 385/755/515 380/754/514 482/763/522
f 404/785/531 381/772/529 405/332/175
f 381/997/529 418/774/530 397/333/176
f 419/998/533 381/775/529 423/777/532
f 381/997/529 419/778/533 418/774/530
f 386/769/528 382/733/495 411/780/535
f 481/761/520 382/733/495 483/768/527
f 383/752/512 394/306/152 407/735/497
f 384/742/504 398/747/508 387/310/156
f 395/738/500 401/781/536 408/783/538
f 395/738/500 416/737/499 401/781/536
f 396/746/507 402/784/539 398/747/508
f 402/784/539 396/786/507 403/788/537
f 398/747/508 404/785/531 399/343/183
f 400/314/160 406/334/177 416/737/499
f 403/999/537 401/781/536 422/790/541
f 420/789/540 401/781/536 424/779/534
f 402/784/539 403/791/537 421/793/542
f 404/785/531 402/784/539 423/794/532
f 419/778/533 409/795/543 424/779/534
f 425/797/545 420/789/540 429/796/544
f 426/799/547 421/793/542 427/798/546
f 423/794/532 421/793/542 428/800/548
f 430/960/709 434/366/549 436/364/551
f 634/367/554 430/961/709 436/369/551
f 436/369/551 441/368/552 634/367/554
f 638/370/557 431/962/712 437/372/558
f 437/372/558 439/371/555 638/370/557
f 431/962/712 435/373/553 437/372/558
f 432/963/711 433/376/556 438/374/559
f 432/963/711 438/374/559 434/366/549
f 436/364/551 440/365/550 457/377/561
f 441/368/552 436/369/551 456/379/562
f 437/372/558 454/381/563 439/371/555
f 437/372/558 441/368/552 454/381/563
f 458/382/565 438/374/559 455/383/564
f 438/374/559 458/382/565 440/365/550
f 442/385/567 457/377/561 446/384/566
f 460/386/572 442/385/567 463/387/568
f 447/389/571 442/388/567 453/390/570
f 442/388/567 447/389/571 457/391/561
f 448/392/569 442/385/567 464/393/573
f 443/397/577 449/396/574 445/394/576
f 454/381/563 443/397/577 455/380/564
f 443/397/577 447/389/571 449/396/574
f 447/389/571 443/397/577 456/379/562
f 445/399/576 444/398/578 455/383/564
f 444/964/578 445/394/576 461/400/580
f 444/398/578 446/384/566 458/382/565
f 444/398/578 461/402/580 446/384/566
f 445/394/576 451/395/575 462/401/579
f 451/395/575 448/390/569 450/404/583
f 453/390/570 448/390/569 449/396/574
f 448/390/569 464/407/573 452/405/582
f 451/395/575 450/404/583 466/403/581
f 450/404/583 452/405/582 465/408/585
f 460/386/572 463/387/568 468/409/587
f 460/386/572 468/409/587 464/393/573
f 469/412/590 461/400/580 470/413/589
f 461/402/580 469/414/590 463/387/568
f 462/401/579 466/403/581 470/413/589
f 464/407/573 472/417/588 467/406/584
f 466/403/581 465/408/585 474/415/591
f 465/408/585 467/406/584 473/418/593
f 472/411/588 468/409/587 475/419/592
f 469/414/590 470/422/589 473/420/593
f 471/410/586 469/414/590 475/419/592
f 480/758/518 476/757/517 573/803/595
f 577/802/594 476/757/517 568/802/596
f 576/805/598 477/756/521 572/804/597
f 477/756/521 576/805/598 485/762/519
f 478/764/523 482/763/522 575/808/600
f 478/764/523 575/808/600 484/765/524
f 479/767/526 574/810/602 483/768/527
f 479/767/526 484/771/524 574/810/602
f 482/763/522 480/758/518 571/807/599
f 572/804/597 481/761/520 570/811/603
f 486/438/607 493/437/604 584/435/606
f 497/439/612 486/438/607 583/440/608
f 492/442/632 487/441/609 582/443/611
f 487/965/609 497/439/612 586/444/610
f 500/446/616 488/445/613 512/447/615
f 488/445/613 500/446/616 586/448/610
f 488/445/613 507/451/617 508/449/614
f 507/453/617 488/452/613 583/440/608
f 509/455/622 489/454/619 513/456/621
f 489/454/619 584/435/606 501/457/620
f 489/454/619 509/455/622 507/453/617
f 584/435/606 489/454/619 583/440/608
f 490/665/803 494/461/623 587/459/625
f 490/665/803 587/459/625 496/462/627
f 491/1000/631 580/813/628 495/815/630
f 580/818/628 491/816/631 579/818/626
f 494/461/623 492/442/632 581/460/624
f 578/436/605 493/437/604 585/469/629
f 510/471/639 498/470/633 514/472/635
f 502/473/634 498/470/633 581/460/624
f 498/470/633 527/475/636 506/474/638
f 587/459/625 498/470/633 579/463/626
f 498/470/633 510/471/639 527/475/636
f 499/480/644 526/479/641 503/477/643
f 580/481/628 499/480/644 585/469/629
f 526/479/641 499/480/644 541/482/637
f 499/1001/644 580/463/628 506/474/638
f 500/446/616 512/447/615 502/473/634
f 500/446/616 502/473/634 582/443/611
f 513/456/621 501/457/620 515/485/645
f 501/457/620 578/436/605 503/477/643
f 503/477/643 540/478/642 515/485/645
f 523/488/649 504/487/647 513/456/621
f 509/455/622 504/487/647 519/458/618
f 504/487/647 523/488/649 560/489/651
f 504/487/647 560/489/651 529/491/648
f 505/494/654 522/493/653 508/449/614
f 529/495/648 505/494/654 519/450/618
f 505/494/654 564/497/655 522/493/653
f 505/494/654 529/495/648 564/497/655
f 510/471/639 514/472/635 520/499/658
f 510/471/639 520/499/658 542/476/640
f 527/475/636 511/502/660 541/475/637
f 550/503/662 511/502/660 542/476/640
f 549/502/661 511/502/660 553/503/663
f 514/472/635 512/447/615 524/500/657
f 523/488/649 513/456/621 525/504/664
f 525/504/664 515/485/645 546/505/665
f 516/819/669 539/819/666 532/821/668
f 564/497/655 516/508/669 563/496/656
f 539/822/666 516/822/669 558/824/652
f 539/1002/666 517/825/670 537/826/667
f 533/513/671 517/511/670 559/490/650
f 560/489/651 517/511/670 558/492/652
f 518/515/675 548/514/672 526/479/641
f 518/515/675 526/479/641 549/515/661
f 518/515/675 551/514/673 548/514/672
f 551/514/673 518/515/675 553/514/663
f 520/499/658 524/500/657 562/516/677
f 520/499/658 528/519/678 544/501/659
f 520/499/658 562/516/677 528/519/678
f 545/522/684 521/521/681 546/505/665
f 521/521/681 566/524/682 525/504/664
f 528/1003/678 521/827/681 547/828/679
f 521/521/681 528/528/678 566/524/682
f 522/493/653 563/496/656 524/500/657
f 559/490/650 523/488/649 567/523/683
f 538/1004/688 530/829/685 536/831/687
f 534/532/686 530/529/685 565/517/676
f 562/516/677 530/529/685 561/520/680
f 531/832/690 538/832/688 535/834/689
f 566/524/682 531/535/690 567/523/683
f 538/535/688 531/535/690 561/524/680
f 532/821/668 537/820/667 534/830/686
f 563/496/656 532/506/668 565/517/676
f 537/826/667 533/826/671 536/833/687
f 533/513/671 559/490/650 535/533/689
f 540/478/642 548/514/672 543/486/646
f 550/503/662 542/476/640 554/538/691
f 546/505/665 543/486/646 556/539/692
f 544/501/659 547/518/679 554/538/691
f 555/540/694 545/522/684 556/539/692
f 545/522/684 555/540/694 547/522/679
f 550/836/662 554/835/691 553/836/663
f 551/839/673 555/837/694 552/839/674
f 555/835/694 551/836/673 557/835/693
f 107/943/460 36/218/88 593/840/458
f 378/841/695 611/719/484 612/693/462
f 612/693/462 412/692/461 385/755/515
f 379/844/696 610/716/483 413/843/525
f 611/842/484 378/1005/695 413/843/525
f 610/716/483 379/844/696 609/715/482
f 386/769/528 411/780/535 609/715/482
f 410/732/494 608/714/481 411/780/535
f 368/729/491 372/743/505 392/550/346
f 619/846/698 618/750/510 621/845/697
f 370/849/506 619/846/698 396/847/507
f 369/995/501 618/750/510 415/848/502
f 395/748/500 408/850/538 620/749/509
f 638/571/557 433/851/556 640/552/700
f 622/855/702 633/1006/710 635/1007/708
f 635/1007/708 636/1008/707 622/855/702
f 637/1009/704 639/853/701 622/855/702
f 640/854/700 641/1010/699 622/855/702
f 622/855/702 636/1008/707 637/1009/704
f 623/552/717 624/569/703 426/571/547
f 636/562/707 634/561/554 637/563/704
f 624/569/703 625/563/705 428/568/548
f 430/564/709 634/856/554 635/565/708
f 633/560/710 434/559/549 635/565/708
f 432/558/711 434/559/549 622/567/702
f 641/852/699 433/851/556 622/567/702
f 639/569/701 431/568/712 640/552/700
f 429/564/544 628/565/713 425/559/545
f 630/567/804 632/852/715 631/558/716
f 632/852/715 623/552/717 427/851/546
f 435/570/553 431/568/712 637/563/704
f 624/557/703 623/972/717 629/858/714
f 632/613/715 630/974/804 629/858/714
f 629/858/714 628/555/713 627/556/718
f 627/556/718 625/588/705 624/557/703
f 623/972/717 632/613/715 629/858/714
f 658/592/728 659/579/719 643/591/721
f 660/577/737 644/863/733 646/863/732
f 646/863/732 654/578/722 660/577/737
f 647/590/723 645/590/720 659/579/719
f 659/579/719 660/577/737 654/578/722
f 654/578/722 655/580/724 647/590/723
f 655/580/724 656/585/726 649/591/725
f 643/861/721 645/876/720 647/859/723
f 647/859/723 649/631/725 651/860/727
f 651/860/727 653/862/729 643/861/721
f 661/587/730 658/592/728 653/594/729
f 656/585/726 650/864/735 662/586/738
f 662/586/738 661/587/730 656/585/726
f 650/864/735 652/864/731 662/586/738
f 653/594/729 651/594/727 661/587/730
f 644/584/733 642/977/736 652/859/731
f 652/859/731 650/582/735 648/583/734
f 648/583/734 646/862/732 652/859/731
f 654/578/722 646/863/732 655/580/724
f 655/580/724 648/633/734 656/585/726
f 657/574/741 642/633/736 660/577/737
f 661/587/730 662/586/738 667/866/740
f 662/586/738 652/864/731 657/574/741
f 661/602/730 667/867/740 658/595/728
f 664/592/742 663/574/743 665/600/745
f 668/865/739 663/574/743 667/866/740
f 662/653/738 657/652/741 668/597/739
f 659/653/719 658/595/728 665/868/745
f 659/579/719 665/600/745 660/577/737
f 660/604/737 666/603/744 657/652/741
f 695/630/777 697/623/746 696/625/748
f 672/619/775 671/618/749 674/620/751
f 669/871/752 688/1011/771 690/1012/762
f 690/1012/762 692/1013/757 669/871/752
f 694/1014/756 696/869/748 669/871/752
f 698/870/747 700/1015/766 669/871/752
f 669/871/752 692/1013/757 694/1014/756
f 673/617/750 675/616/753 674/620/751
f 691/611/760 693/610/755 692/626/757
f 676/615/754 675/616/753 678/611/759
f 497/982/612 487/441/609 689/621/761
f 492/442/632 691/622/760 487/441/609
f 689/615/761 691/611/760 690/616/762
f 677/626/758 679/609/763 678/611/759
f 697/629/746 699/606/765 698/608/747
f 688/617/771 687/620/767 690/616/762
f 680/610/764 679/609/763 682/630/769
f 699/606/765 670/619/770 700/607/766
f 670/619/770 687/620/767 669/618/752
f 681/625/768 683/624/772 682/630/769
f 686/606/776 685/607/774 672/619/775
f 684/629/773 683/608/772 686/606/776
f 694/609/756 693/610/755 696/625/748
f 673/1016/750 671/1017/749 685/874/774
f 685/874/774 683/1018/772 681/872/768
f 681/872/768 679/1019/763 677/873/758
f 677/873/758 675/1020/753 673/1016/750
f 673/1016/750 685/874/774 677/873/758
f 702/633/787 717/574/778 704/637/780
f 719/642/782 703/646/792 705/646/838
f 713/641/781 706/637/839 718/875/779
f 719/642/782 705/646/838 713/641/781
f 704/637/780 718/875/779 706/637/839
f 706/637/839 713/641/781 708/633/784
f 708/633/784 714/580/783 710/634/786
f 702/862/787 704/584/780 706/977/839
f 706/977/839 708/859/784 702/862/787
f 710/582/786 712/583/788 702/862/787
f 720/635/789 717/574/778 712/634/788
f 715/636/785 709/877/790 721/647/794
f 721/647/794 720/635/789 715/636/785
f 709/877/790 711/877/797 721/647/794
f 712/634/788 710/634/786 720/635/789
f 703/860/792 701/862/793 711/861/797
f 711/861/797 709/876/790 703/860/792
f 707/639/791 705/631/838 703/860/792
f 705/646/838 707/591/791 713/641/781
f 707/591/791 709/877/790 714/580/783
f 716/592/798 701/591/793 719/642/782
f 720/635/789 721/647/794 726/599/796
f 721/647/794 711/877/797 716/592/798
f 720/653/789 726/597/796 717/878/778
f 722/592/802 725/651/800 723/574/799
f 727/600/795 722/592/802 726/599/796
f 721/979/794 716/601/798 727/605/795
f 718/604/779 717/878/778 724/603/801
f 718/875/779 724/879/801 719/642/782
f 719/602/782 725/880/800 716/601/798
f 575/808/600 571/807/599 676/882/754
f 682/886/769 572/804/597 680/883/764
f 570/811/603 574/810/602 680/883/764
f 569/812/601 678/884/759 574/810/602
f 575/808/600 676/882/754 569/809/601
f 684/887/773 576/805/598 682/886/769
f 576/805/598 684/887/773 568/806/596
f 672/889/775 577/802/594 686/888/776
f 573/803/595 577/802/594 672/889/775
f 674/881/751 571/807/599 573/803/595
f 695/673/777 693/666/755 490/665/803
f 494/461/623 693/666/755 492/442/632
f 670/667/770 486/438/607 687/668/767
f 497/439/612 689/987/761 687/668/767
f 486/438/607 670/667/770 493/437/604
f 699/672/765 495/669/630 670/667/770
f 697/671/746 491/670/631 699/672/765
f 491/988/631 697/890/746 496/462/627
f 695/673/777 490/665/803 496/462/627
f 626/892/706 409/1021/543 419/998/533
f 419/998/533 423/777/532 626/892/706
f 425/559/545 629/560/714 631/558/716
f 409/856/543 627/857/718 429/564/544
f 625/563/705 627/562/718 626/570/706
f 214/680/451 591/687/456 221/681/452
f 242/214/85 589/688/457 214/680/451
f 240/243/107 608/714/481 392/550/346
f 757/917/820 588/685/454 756/897/805
f 247/1022/114 730/898/91 738/255/116
f 737/903/807 740/899/806 225/901/78
f 222/902/89 219/905/84 737/903/807
f 213/700/82 216/906/81 733/701/468
f 744/910/812 22/907/808 745/909/809
f 747/910/818 30/907/810 749/909/811
f 743/912/814 744/910/812 746/911/813
f 2/914/347 22/907/808 743/912/814
f 746/911/813 742/913/815 743/912/814
f 745/909/809 260/908/138 746/911/813
f 749/909/811 750/911/816 747/910/818
f 749/909/811 261/908/184 750/911/816
f 38/914/141 30/907/810 748/912/817
f 741/913/142 38/914/141 750/911/816
f 755/915/819 756/916/805 594/695/464
f 601/1023/474 754/918/821 602/703/470
f 600/923/476 753/919/822 601/921/474
f 598/1024/478 752/922/823 600/923/476
f 757/938/820 756/925/805 765/927/825
f 761/934/829 753/928/822 760/930/826
f 751/941/471 762/931/827 597/933/466
f 762/931/827 761/934/829 763/932/828
f 761/934/829 760/930/826 764/926/824
f 760/930/826 752/929/823 759/937/831
f 590/1025/455 757/938/820 758/935/830
f 762/931/827 754/940/821 761/934/829
f 756/925/805 755/939/819 764/926/824
f 615/727/490 758/935/830 614/722/487
f 614/722/487 616/724/488 615/727/490
f 765/927/825 760/930/826 758/935/830
f 737/903/807 736/702/469 740/899/806
f 739/721/486 731/942/94 740/899/806
l 729 594
l 592 728
