v 0.050188 1.378098 -0.155194
v 0.039066 1.349083 0.106402
v -0.050363 1.350034 0.100310
v -0.038091 1.383073 -0.151672
v 0.157497 1.652969 -0.107862
v 0.156901 1.724623 0.139820
v -0.127566 1.698618 0.142527
v -0.120601 1.662335 -0.113558
v 0.223291 1.583404 -0.118258
v 0.223760 1.633993 0.152685
v -0.202518 1.617517 0.142217
v -0.194161 1.601579 -0.137318
v -0.188197 1.671723 -0.084214
v -0.214247 1.598743 -0.053664
v -0.235602 1.562820 -0.013160
v -0.239721 1.567285 0.050295
v -0.222651 1.630015 0.105295
v -0.193938 1.733883 0.097773
v -0.173550 1.782800 0.017934
v -0.171681 1.747227 -0.037715
v 0.225261 1.751477 0.091178
v 0.247543 1.643956 0.116114
v 0.262907 1.558816 0.061603
v 0.269026 1.558991 -0.007171
v 0.255688 1.602368 -0.056481
v 0.228164 1.671302 -0.082428
v 0.204833 1.751999 -0.072633
v 0.205890 1.796618 0.003168
v 0.147110 1.236766 -0.116078
v 0.145615 1.240428 0.036601
v 0.089088 1.235906 -0.155419
v 0.019637 0.954487 0.020837
v 0.080276 1.228774 0.062731
v 0.069298 1.781403 -0.070001
v 0.079600 1.799806 0.001494
v 0.160805 1.083142 -0.111282
v 0.161750 1.115995 0.049362
v 0.114454 1.090231 0.080460
v 0.168451 0.924497 -0.059670
v 0.156209 1.053517 0.048048
v 0.210023 1.004329 -0.011498
v 0.072911 0.996498 0.067180
v 0.100084 1.713841 -0.085739
v 0.107063 1.075430 -0.186910
v 0.054268 1.844524 -0.063084
v 0.079691 1.841069 0.023784
v 0.075091 1.848603 -0.034783
v 0.087031 1.991496 -0.018623
v 0.068012 1.891718 -0.102059
v 0.089567 1.864582 0.004090
v 0.074883 2.024591 0.041316
v 0.101341 1.900698 -0.043775
v 0.054368 1.822542 0.087018
v 0.072152 1.854682 0.037158
v 0.064117 1.936947 -0.123397
v 0.093203 1.948702 0.006551
v 0.099869 1.952972 -0.061915
v 0.063362 1.970878 0.067276
v 0.046762 2.031648 -0.084115
v 0.056941 2.046242 -0.025691
v 0.065485 1.996219 -0.120834
v 0.083987 2.015475 -0.066392
v -0.145545 1.239203 -0.119779
v -0.147744 1.243477 0.032826
v -0.086793 1.237462 -0.156630
v -0.017736 0.955580 0.022646
v -0.082579 1.230410 0.060559
v 0.009987 1.661941 0.144890
v 0.011732 1.777748 -0.074524
v 0.016658 1.715487 0.069239
v -0.041270 1.778072 -0.055635
v -0.033506 1.792756 0.015532
v -0.158904 1.083084 -0.111506
v -0.159849 1.116083 0.049055
v 0.000950 0.977803 0.058379
v -0.112553 1.090388 0.080270
v -0.166551 0.925719 -0.063180
v -0.154308 1.053484 0.047669
v -0.208122 1.004228 -0.012118
v -0.071010 0.996700 0.067234
v -0.105162 1.076582 -0.187052
v -0.049057 0.975709 -0.130047
v 0.009754 1.842826 -0.071831
v 0.024268 1.804482 0.048053
v -0.030975 1.841596 -0.051604
v -0.028798 1.836838 0.038539
v -0.003738 1.926282 -0.151736
v -0.043804 1.844607 -0.017529
v 0.001661 1.872031 -0.125450
v -0.061434 1.986177 0.000890
v -0.057621 1.887217 -0.085547
v -0.048905 1.859445 0.023701
v -0.036588 2.020597 0.055967
v -0.075257 1.894323 -0.020227
v 0.006555 1.820594 0.093537
v 0.055748 1.846523 0.095622
v -0.016901 1.868451 0.079321
v -0.062556 1.932409 -0.106748
v -0.057873 1.943289 0.026407
v -0.082266 1.946447 -0.037977
v 0.025578 1.960173 0.080554
v -0.015009 1.968070 0.077576
v -0.000434 2.023472 -0.100106
v 0.013543 2.055641 0.015012
v -0.042359 2.028454 -0.072402
v -0.038116 2.042836 -0.013198
v 0.020067 2.029925 0.057635
v -0.004546 1.985184 -0.141831
v -0.067383 1.991459 -0.103371
v -0.072516 2.009868 -0.045823
v 0.143528 1.375148 -0.066956
v 0.150199 1.366418 -0.002467
v 0.129727 1.359315 0.064185
v -0.133183 1.383458 -0.078348
v -0.146860 1.376723 -0.015015
v -0.133341 1.365799 0.049772
v -0.198799 1.543842 0.092681
v 0.214362 1.543641 0.109271
v 0.201031 1.509297 -0.067067
v -0.183158 1.525506 -0.082985
v 0.017901 1.719262 -0.086840
v -0.062733 1.352234 -0.143119
v 0.069943 1.349502 -0.137153
v 0.153558 1.727587 -0.075857
v -0.066113 1.718712 -0.080258
v -0.112444 1.737239 -0.086131
v -0.191571 1.503652 -0.026949
v 0.212172 1.518718 0.023096
v -0.098124 1.747731 -0.065359
v -0.089656 1.785241 0.024501
v 0.128557 1.759268 -0.080086
v 0.124714 1.793559 0.013993
v 0.249840 1.703460 0.051160
v 0.279028 1.731410 0.034847
v 0.263055 1.761769 0.055412
v 0.248562 1.659606 0.019770
v 0.276854 1.661470 0.014237
v 0.258602 1.707496 0.058497
v 0.245003 1.652976 -0.027461
v 0.306033 1.630989 -0.031154
v 0.294071 1.669129 0.058305
v 0.233678 1.691548 -0.065973
v 0.305482 1.684752 -0.101236
v 0.341273 1.671975 0.055327
v 0.230925 1.722726 -0.067144
v 0.298426 1.764670 -0.104237
v 0.376009 1.712732 0.052133
v 0.231284 1.790907 -0.007021
v 0.298960 1.823786 -0.049919
v 0.380884 1.765293 0.053592
v 0.234589 1.792467 0.026754
v 0.306771 1.827473 0.029899
v 0.352860 1.799705 0.056573
v 0.207392 1.720377 0.004194
v 0.248636 1.756736 0.053836
v 0.307027 1.794512 0.039335
v 0.303088 1.799107 0.055897
v 0.108693 0.673881 0.121182
v 0.064105 0.866438 0.047803
v 0.172899 0.855233 -0.045197
v 0.183306 0.893087 0.102845
v 0.225824 0.879382 0.008116
v 0.118983 0.887140 0.122742
v 0.099358 0.844581 -0.050595
v 0.210088 0.654051 0.033597
v 0.208491 0.688208 0.169123
v 0.242511 0.666953 0.096125
v 0.158054 0.679679 0.173254
v 0.158592 0.645868 0.034936
v 0.155874 0.552336 0.125190
v 0.238759 0.598464 0.070571
v 0.237038 0.573242 0.179127
v 0.264758 0.571197 0.114420
v 0.179919 0.547523 0.180897
v 0.178233 0.593327 0.067453
v 0.144100 0.504292 0.073147
v 0.241059 0.561959 0.036223
v 0.261939 0.479711 0.126466
v 0.291491 0.519549 0.080583
v 0.187517 0.459731 0.135685
v 0.170165 0.548084 0.012295
v 0.211661 0.127209 -0.081327
v 0.261726 0.159596 -0.149392
v 0.302769 0.188557 -0.030205
v 0.294614 0.129808 -0.118830
v 0.248234 0.172124 -0.006021
v 0.218783 0.152190 -0.140865
v 0.186694 0.026735 -0.193635
v 0.244063 0.036089 -0.204969
v 0.360284 0.002456 -0.011461
v 0.256536 -0.000878 0.040891
v 0.261074 0.346138 -0.066858
v 0.303305 0.280500 -0.038649
v 0.201470 0.340457 -0.075060
v 0.185642 0.258524 -0.031950
v 0.256074 0.085592 0.041428
v 0.331318 0.116243 0.002605
v 0.354944 0.064890 -0.023367
v 0.288559 0.112551 0.024280
v 0.321965 0.036044 0.189459
v 0.419088 0.044170 0.161717
v 0.432881 0.015379 0.099861
v 0.381303 0.047488 0.187068
v 0.321360 -0.002037 0.189611
v 0.420108 0.000757 0.161086
v 0.433597 0.002168 0.099497
v 0.381618 -0.000592 0.186755
v 0.813034 0.077559 0.873818
v 0.835133 0.094525 0.850737
v 0.863570 0.044272 0.797470
v 0.820604 0.055590 0.854937
v 0.854275 0.083635 0.810491
v 0.833239 0.033680 0.833563
v 0.866745 0.063780 0.797161
v 0.909387 0.117535 0.916071
v 0.894338 0.089045 0.926799
v 0.263627 1.857933 -0.155386
v 0.858757 0.083029 0.905220
v 0.875762 0.111848 0.894090
v 0.898587 0.037071 0.831283
v 0.997866 0.030896 0.778291
v 0.868145 0.068001 0.888326
v 0.892189 0.098168 0.841764
v 0.885121 0.041372 0.859175
v 0.922803 0.085912 0.814626
v 1.019962 0.105706 0.974397
v 1.024880 0.110417 0.958816
v 0.934011 0.040380 0.851943
v 0.957964 0.064607 0.828241
v 0.901649 0.065948 0.913315
v 0.933766 0.093406 0.877670
v 0.920057 0.044567 0.882065
v 0.951873 0.074988 0.842613
v 0.913192 0.036597 0.801291
v 0.962744 0.052375 0.832045
v 1.062995 0.050139 0.903146
v 1.059474 0.060623 0.899471
v 1.057545 0.078031 0.957468
v 1.058014 0.093768 0.944636
v 1.070870 0.059799 0.933874
v 1.072954 0.071566 0.919872
v 0.919154 0.063463 0.791655
v 0.942265 0.042450 0.821419
v 0.955524 0.060933 0.813761
v 0.949444 0.069340 0.813492
v 1.000718 0.046040 0.776157
v 1.002977 0.034861 0.794605
v 1.009145 0.049074 0.791362
v 0.964675 0.111621 0.945234
v 0.995890 0.093587 0.911153
v 1.012576 0.048497 0.868107
v 0.989384 0.046180 0.884319
v 0.969563 0.064549 0.937366
v 0.953253 0.090039 0.949991
v 0.984227 0.045984 0.913921
v 1.008629 0.060138 0.864139
v 1.012587 0.073155 0.881191
v 0.544335 0.162477 0.644702
v 0.571582 0.132323 0.596197
v 0.579723 0.071669 0.580101
v 0.563990 0.016044 0.605843
v 0.533599 -0.001967 0.658343
v 0.506352 0.028186 0.706848
v 0.498211 0.088841 0.722944
v 0.513944 0.144465 0.697202
v 0.134731 0.633325 0.127890
v 0.470572 0.130069 0.657350
v 0.507631 0.131546 0.683018
v 0.248689 1.720144 0.296165
v 0.253971 1.685003 0.189126
v 0.295430 1.716456 0.302643
v 0.316837 1.662823 0.163227
v 0.331748 1.746810 0.302420
v 0.375146 1.706870 0.146641
v 0.336367 1.793424 0.295626
v 0.382247 1.778531 0.136195
v 0.306582 1.828993 0.286241
v 0.325613 1.844675 0.192927
v 0.259841 1.832680 0.279762
v 0.262361 1.841188 0.209445
v 0.223523 1.802327 0.279985
v 0.215164 1.799815 0.203062
v 0.218903 1.755712 0.286779
v 0.209031 1.737930 0.212082
v 0.494899 0.086349 0.703963
v 0.457606 0.088116 0.676147
v 0.501550 0.037066 0.690905
v 0.462987 0.042356 0.663553
v 0.523688 0.012565 0.651494
v 0.483563 0.019595 0.626946
v 0.548345 0.027201 0.608816
v 0.507281 0.033166 0.587769
v 0.561077 0.072398 0.587871
v 0.520247 0.075120 0.568972
v 0.554426 0.121681 0.600929
v 0.514866 0.120880 0.581566
v 0.532288 0.146181 0.640340
v 0.494290 0.143640 0.618174
v 0.424497 0.069612 0.658076
v 0.463233 0.026124 0.589681
v 0.462673 0.088113 0.667934
v 0.501410 0.044625 0.599539
v 0.473696 0.126218 0.649948
v 0.512432 0.082731 0.581553
v 0.446541 0.145822 0.622104
v 0.485278 0.102334 0.553709
v 0.408364 0.127320 0.612246
v 0.447101 0.083833 0.543851
v 0.397342 0.089216 0.630231
v 0.436078 0.045728 0.561837
v 0.492957 0.104595 0.615940
v 0.465802 0.124199 0.588096
v 0.427625 0.105697 0.578238
v 0.436539 0.056092 0.636812
v 0.450976 0.039885 0.611323
v 0.489153 0.058386 0.621181
v 0.474716 0.074593 0.646671
v 0.423821 0.059489 0.583479
v 0.409385 0.075696 0.608968
v 0.423108 0.009657 0.658728
v 0.437543 -0.006549 0.633241
v 0.510210 0.013386 0.661722
v 0.495775 0.029591 0.687210
v 0.377059 0.015632 0.584882
v 0.362624 0.031838 0.610369
v -0.106792 0.673781 0.120701
v -0.062205 0.866324 0.047230
v -0.170998 0.855134 -0.045678
v -0.181405 0.892988 0.102363
v -0.223923 0.879283 0.007635
v -0.117082 0.887181 0.122540
v -0.097458 0.845773 -0.055313
v -0.208187 0.654463 0.033672
v -0.206591 0.688109 0.168642
v -0.240610 0.667240 0.098022
v -0.156154 0.679794 0.172459
v -0.156691 0.646181 0.034825
v -0.153973 0.554575 0.124720
v -0.236858 0.601167 0.070181
v -0.235137 0.567416 0.179063
v -0.262857 0.575108 0.113721
v -0.178018 0.548774 0.180149
v -0.176333 0.594920 0.067021
v -0.142325 0.506632 0.072713
v -0.239236 0.564771 0.035549
v -0.259875 0.482052 0.126032
v -0.289788 0.522456 0.079357
v -0.185453 0.462071 0.135251
v -0.168462 0.550424 0.011861
v -0.209991 0.130328 -0.081661
v -0.260114 0.162175 -0.149727
v -0.300995 0.191130 -0.030785
v -0.292944 0.132858 -0.119136
v -0.246459 0.174715 -0.006570
v -0.217172 0.154809 -0.141173
v -0.184793 0.029536 -0.194080
v -0.242162 0.038973 -0.205468
v -0.358383 0.005558 -0.011792
v -0.254636 0.002224 0.040560
v -0.261178 0.348478 -0.067292
v -0.303048 0.282840 -0.039083
v -0.201575 0.342797 -0.075494
v -0.185385 0.260709 -0.031899
v -0.254173 0.088695 0.041098
v -0.329417 0.119014 0.002195
v -0.353043 0.067992 -0.023697
v -0.286658 0.115481 0.023906
v -0.320064 0.039147 0.189128
v -0.417188 0.047272 0.161386
v -0.430980 0.018481 0.099530
v -0.379403 0.050590 0.186737
v -0.319459 0.001066 0.189281
v -0.418207 0.003859 0.160755
v -0.431696 0.005271 0.099166
v -0.379717 0.002510 0.186424
v -0.132830 0.633385 0.126526
v 0.295768 1.785336 0.076947
v 0.336914 1.782300 0.080244
v 0.361234 1.754471 0.083414
v 0.357415 1.716351 0.086406
v 0.328392 1.689819 0.088024
v 0.288462 1.691481 0.087362
v 0.260813 1.721366 0.082129
v 0.265009 1.760237 0.076507
v 0.723785 0.167748 0.746518
v 0.753863 0.134462 0.692974
v 0.762850 0.067505 0.675206
v 0.745482 0.006101 0.703622
v 0.711934 -0.013782 0.761577
v 0.681856 0.019504 0.815121
v 0.672868 0.086461 0.832890
v 0.690236 0.147865 0.804473
v 0.847970 0.145738 0.820086
v 0.871530 0.119666 0.778145
v 0.878565 0.067219 0.764225
v 0.864955 0.019122 0.786480
v 0.838672 0.003548 0.831873
v 0.815112 0.029620 0.873814
v 0.808076 0.082067 0.887734
v 0.821687 0.130165 0.865480
v 0.800501 0.101372 0.804206
v 0.757219 0.018541 0.783242
v 0.789901 0.070702 0.727823
v 0.778751 0.031300 0.746055
v 0.743305 0.122268 0.810773
v 0.764837 0.135027 0.773586
v 0.784137 0.113667 0.739227
v 0.785308 0.096353 0.830579
v 0.265562 1.875571 -0.140126
v 0.814448 0.080725 0.876570
v 0.820211 0.037760 0.865167
v 0.866430 0.111526 0.786793
v 0.847129 0.132886 0.821152
v 0.825598 0.120127 0.858339
v 0.861044 0.029159 0.793621
v 0.872194 0.068561 0.775389
v 0.839512 0.016400 0.830808
v 0.226078 1.591316 -0.189876
v 0.160030 1.661543 -0.191015
v -0.188414 1.596431 -0.179544
v -0.118056 1.673186 -0.201460
v 0.052382 1.385782 -0.187842
v -0.035558 1.391451 -0.174497
v 0.031256 1.908210 0.109585
v 0.030220 1.897357 0.098749
v 0.007276 1.845026 0.101709
v 0.075645 1.917534 0.061296
v -0.024634 1.913941 0.074476
v 0.047057 1.905019 0.077546
v 0.011095 1.901375 0.087183
v 0.063291 1.948027 0.045310
v -0.019001 1.945078 0.056126
v 0.006606 1.948437 0.070670
v 0.042134 1.949710 0.066000
v 0.098618 2.035142 -0.124123
v 0.117416 2.046906 0.022112
v 0.124955 2.025168 -0.126706
v 0.143753 2.036932 0.019529
v 0.129761 1.997347 -0.125086
v 0.148560 2.009110 0.021149
v 0.108231 1.979499 -0.120883
v 0.127030 1.991263 0.025352
v 0.081895 1.989472 -0.118300
v 0.100693 2.001236 0.027936
v 0.077088 2.017294 -0.119920
v 0.095887 2.029057 0.026316
v 0.098107 2.024889 -0.132623
v 0.087028 2.001818 -0.129663
v 0.111871 1.992098 -0.132062
v 0.122280 2.015432 -0.134957
v 0.075620 1.853746 0.048562
v 0.056956 1.904748 0.087353
v 0.065529 1.856432 0.058742
v 0.048779 1.894598 0.085643
v 0.084799 2.002869 -0.233781
v 0.074861 1.982987 -0.212579
v 0.103413 1.974444 -0.207787
v 0.112581 1.994556 -0.229118
v 0.138128 1.861957 -0.250834
v 0.125263 1.860263 -0.225332
v 0.162420 1.862698 -0.197278
v 0.171114 1.861866 -0.230186
v 0.106216 1.760395 -0.164402
v 0.093247 1.769693 -0.138155
v 0.120688 1.771540 -0.125717
v 0.132918 1.762192 -0.152300
v 0.085642 1.664597 -0.163990
v 0.071894 1.661442 -0.136702
v 0.099015 1.658129 -0.123871
v 0.112032 1.661373 -0.151505
v 0.211850 1.214947 -0.149903
v 0.210754 1.233544 0.067774
v 0.127955 1.207928 -0.206636
v 0.116523 1.214366 0.121665
v 0.231131 1.094111 -0.146688
v 0.232167 1.141197 0.081509
v 0.141834 1.104664 0.131540
v 0.153853 1.074487 -0.223305
v -0.209893 1.217372 -0.152773
v -0.212013 1.235974 0.065014
v -0.125527 1.209645 -0.207270
v -0.117710 1.230064 0.102163
v -0.229536 1.095148 -0.147970
v -0.231595 1.130591 0.085091
v -0.140099 1.112499 0.128884
v -0.151949 1.067064 -0.223216
v 0.225780 0.829368 -0.088775
v 0.226386 0.867188 0.118099
v -0.230865 0.831126 -0.090176
v -0.231719 0.867981 0.115988
v 0.274317 0.832570 -0.113384
v 0.275179 0.910813 0.178366
v -0.279779 0.842101 -0.135432
v -0.281077 0.894423 0.161573
v 0.346818 0.337973 0.078310
v 0.347631 0.384025 0.252630
v -0.338721 0.332185 0.018491
v -0.339701 0.362344 0.188112
v -0.105726 2.027821 -0.097266
v -0.086928 2.039584 0.048969
v -0.131068 2.015996 -0.093057
v -0.112270 2.027759 0.053178
v -0.133324 1.987921 -0.090509
v -0.114520 1.999610 0.055882
v -0.110238 1.971671 -0.092169
v -0.091440 1.983435 0.054066
v -0.084896 1.983496 -0.096378
v -0.066098 1.995260 0.049857
v -0.082640 2.011571 -0.098927
v -0.063842 2.023334 0.047309
v -0.106101 2.018097 -0.106232
v -0.091742 1.995668 -0.106896
v -0.118297 1.983984 -0.102653
v -0.131939 2.006728 -0.102104
v -0.119516 1.994221 -0.205257
v -0.103070 1.975284 -0.187522
v -0.128238 1.965325 -0.174791
v -0.143925 1.984631 -0.192770
v -0.145787 1.856570 -0.223320
v -0.125087 1.863933 -0.194266
v -0.150177 1.856899 -0.179966
v -0.170588 1.848755 -0.208983
v -0.050739 1.769149 -0.171076
v -0.039511 1.777279 -0.143664
v -0.067713 1.781812 -0.133905
v -0.078180 1.773560 -0.161581
v -0.037692 1.671406 -0.172727
v -0.026990 1.667070 -0.144262
v -0.055408 1.666439 -0.134105
v -0.065344 1.670791 -0.162844
v -0.195854 1.689465 0.053867
v -0.217481 1.754360 0.005279
v -0.211990 1.776954 0.062523
v -0.188378 1.646015 0.028028
v -0.187756 1.683084 0.013132
v -0.185821 1.727841 0.072268
v -0.186467 1.637387 -0.014047
v -0.233742 1.617417 -0.007683
v -0.206724 1.676160 0.082833
v -0.188576 1.671686 -0.050405
v -0.253126 1.650041 -0.050126
v -0.250437 1.659837 0.089357
v -0.192202 1.700060 -0.049108
v -0.266858 1.724153 -0.059003
v -0.296790 1.682763 0.091601
v -0.206634 1.759821 0.004476
v -0.281078 1.777606 -0.011517
v -0.322396 1.726961 0.092132
v -0.213905 1.764951 0.024726
v -0.324245 1.771752 0.029852
v -0.311943 1.768998 0.086494
v -0.153258 1.707983 0.015064
v -0.207213 1.738157 0.052588
v -0.280684 1.785579 0.014052
v -0.266597 1.791937 0.069263
v -0.875855 0.044222 0.661612
v -0.885894 0.078770 0.657785
v -0.914888 0.091478 0.585887
v -0.885050 0.045063 0.633131
v -0.897541 0.105224 0.622158
v -0.898338 0.049479 0.603123
v -0.911927 0.105648 0.599348
v -0.962904 0.078870 0.723976
v -0.959971 0.047526 0.711239
v 0.263711 1.867219 -0.146855
v -0.923827 0.044379 0.689988
v -0.928380 0.076936 0.702751
v -0.957233 0.077760 0.606844
v -1.037851 0.144093 0.565313
v -0.933092 0.049145 0.667833
v -0.935546 0.108467 0.656388
v -0.950007 0.057202 0.629155
v -0.961368 0.129783 0.629758
v -1.082322 0.074394 0.762549
v -1.081856 0.089544 0.754843
v -0.993953 0.079646 0.625348
v -1.003756 0.119996 0.625737
v -0.970514 0.043992 0.685841
v -0.983781 0.097411 0.680714
v -0.986700 0.057400 0.649361
v -0.998291 0.115182 0.643316
v -0.963863 0.102554 0.585552
v -1.012558 0.111210 0.620133
v -1.122247 0.100900 0.674688
v -1.115003 0.108853 0.679170
v -1.121459 0.081488 0.732835
v -1.114217 0.100386 0.734562
v -1.133773 0.090028 0.703817
v -1.128942 0.107700 0.702018
v -0.959264 0.128733 0.597488
v -0.993774 0.103849 0.604629
v -0.999360 0.125968 0.612043
v -0.991311 0.129561 0.617787
v -1.036087 0.156705 0.574458
v -1.045625 0.137764 0.579243
v -1.046994 0.151634 0.586780
v -1.022613 0.076632 0.743262
v -1.048999 0.098899 0.707638
v -1.068020 0.103835 0.645984
v -1.050938 0.083009 0.655136
v -1.039378 0.052805 0.705148
v -1.019589 0.055091 0.731192
v -1.053066 0.061532 0.676064
v -1.060073 0.112562 0.650903
v -1.063617 0.111441 0.672667
v -0.548632 0.149198 0.544096
v -0.571622 0.171498 0.489521
v -0.593549 0.145394 0.436210
v -0.601569 0.086178 0.415391
v -0.590983 0.028537 0.439261
v -0.567993 0.006236 0.493836
v -0.546066 0.032340 0.547147
v -0.538046 0.091557 0.567966
v -0.492959 0.091980 0.527426
v -0.532774 0.090029 0.548528
v -0.149152 1.781934 0.306232
v -0.154773 1.727459 0.204508
v -0.188750 1.759908 0.323484
v -0.205644 1.675602 0.195030
v -0.235424 1.772122 0.328300
v -0.280998 1.687879 0.187095
v -0.261831 1.811421 0.317858
v -0.321596 1.748293 0.171041
v -0.252504 1.854783 0.298275
v -0.291484 1.843430 0.208128
v -0.212906 1.876808 0.281022
v -0.230083 1.870259 0.210789
v -0.166233 1.864594 0.276207
v -0.169600 1.851371 0.198088
v -0.139825 1.825296 0.286649
v -0.134541 1.799199 0.211951
v -0.539345 0.041914 0.531636
v -0.497846 0.047311 0.511232
v -0.557199 0.020704 0.488335
v -0.513579 0.027627 0.470654
v -0.575879 0.038823 0.443992
v -0.530943 0.044460 0.429464
v -0.584441 0.085658 0.424581
v -0.539766 0.087948 0.411788
v -0.577870 0.133773 0.441474
v -0.534879 0.132618 0.427983
v -0.560016 0.154983 0.484774
v -0.519145 0.152302 0.468560
v -0.541337 0.136863 0.529117
v -0.501781 0.135469 0.509751
v -0.468534 0.034613 0.483941
v -0.501535 0.065542 0.406327
v -0.500634 0.054599 0.505553
v -0.533635 0.085527 0.427940
v -0.495286 0.095486 0.519573
v -0.528286 0.126415 0.441959
v -0.457837 0.116388 0.511980
v -0.490837 0.147317 0.434366
v -0.425737 0.096402 0.490367
v -0.458737 0.127331 0.412753
v -0.431085 0.055515 0.476347
v -0.464086 0.086444 0.398733
v -0.511694 0.110865 0.480981
v -0.474246 0.131767 0.473388
v -0.442146 0.111781 0.451775
v -0.478793 0.044228 0.459811
v -0.491092 0.055755 0.430886
v -0.523192 0.075741 0.452499
v -0.510894 0.064214 0.481424
v -0.453644 0.076657 0.423293
v -0.441345 0.065130 0.452218
v -0.485312 -0.005597 0.442726
v -0.497610 0.005929 0.413803
v -0.565527 0.027591 0.451313
v -0.553230 0.016065 0.480236
v -0.423780 0.029458 0.391788
v -0.411483 0.017932 0.420711
v -0.255454 1.780370 0.092174
v -0.288112 1.762091 0.107562
v -0.298469 1.727777 0.116792
v -0.278169 1.695690 0.121553
v -0.240681 1.683493 0.118953
v -0.204558 1.700726 0.110455
v -0.194262 1.737587 0.095939
v -0.216586 1.770219 0.087351
v -0.875374 0.137230 0.671886
v -0.895254 0.156512 0.624696
v -0.914209 0.133941 0.578597
v -0.921137 0.082738 0.560593
v -0.911979 0.032897 0.581231
v -0.892099 0.013614 0.628420
v -0.873144 0.036186 0.674520
v -0.866216 0.087389 0.692524
v -0.853918 0.106077 0.639690
v -0.829796 0.044429 0.557044
v -0.831623 0.127206 0.554886
v -0.837298 0.085260 0.540137
v -0.792306 0.089070 0.648218
v -0.799809 0.129900 0.631311
v -0.816094 0.145697 0.592652
v -0.847465 0.079787 0.654481
v 0.274932 1.881754 -0.140871
v -0.876856 0.045022 0.665849
v -0.892384 0.026531 0.628084
v -0.894969 0.143595 0.625033
v -0.878683 0.127799 0.663692
v -0.871181 0.086968 0.680598
v -0.916173 0.083158 0.572518
v -0.910497 0.125105 0.587267
v -0.908670 0.042327 0.589425
v -0.866470 0.118181 0.609892
v -0.813510 0.028632 0.595703
v -0.874740 0.057643 0.588451
v -0.881194 0.083933 0.573660
v -0.850891 0.054711 0.645600
v -0.862188 0.045539 0.618249
v -0.877768 0.109009 0.582541
v -0.797981 0.047123 0.633468
v 0.737919 0.039900 0.817600
v 0.821157 0.056493 0.766755
v 0.784477 0.044376 0.830425
v 0.778670 0.072744 0.841439
v 0.814519 0.032884 0.777615
v 0.799326 0.027865 0.803988
v 0.732155 0.082866 0.829004
v 0.815351 0.084862 0.777769
v 0.000950 1.080245 -0.187576
v 0.000950 1.090394 0.080357
v 0.000950 1.062761 -0.222686
v 0.000950 1.103432 0.131933
v -0.147504 0.879502 0.130374
v -0.183183 0.914621 0.206455
v 0.000002 0.879500 0.130375
v 0.000002 0.914421 0.206304
v 0.149405 0.874807 0.125683
v 0.185084 0.909157 0.202625
v 0.001899 0.863534 0.114040
v 0.001899 0.907960 0.201732
v -0.125489 0.405568 0.291520
v 0.000230 0.405562 0.291505
v 0.127391 0.398120 0.274147
v 0.001672 0.394556 0.265930
v 0.134306 0.829396 -0.191564
v 0.192627 0.801437 -0.200736
v 0.002042 0.829504 -0.191787
v 0.002042 0.801517 -0.200864
v -0.132405 0.829812 -0.192361
v -0.190727 0.801450 -0.201039
v -0.000141 0.830091 -0.192916
v -0.000141 0.801567 -0.201221
v 0.131333 0.305156 -0.048346
v 0.001825 0.305155 -0.048331
v -0.129434 0.305157 -0.048922
v 0.000074 0.305157 -0.048945
v -0.000874 1.874006 0.089419
v 0.060368 1.875568 0.082340
v 0.032891 1.842565 0.108813
v 0.031685 1.883525 0.103008
v 0.031560 1.830075 0.098540
v 0.026086 1.974467 0.088315
v -0.762162 0.177876 0.568582
v -0.736783 0.153258 0.628828
v -0.783534 0.020061 0.513100
v -0.795220 0.083691 0.486750
v -0.733950 0.024259 0.632196
v -0.758155 -0.004557 0.573346
v -0.786367 0.149060 0.509732
v -0.725097 0.089628 0.655178
v 0.000950 0.977730 -0.133034
v 0.285622 1.826938 -0.081317
v 0.259713 1.815889 -0.090951
v 0.261466 1.824233 -0.084212
v 0.259630 1.806603 -0.099482
v 0.285341 1.795818 -0.109910
v 0.261434 1.798941 -0.107498
v -0.220828 1.799309 -0.074414
v -0.246731 1.808049 -0.062633
v -0.222739 1.807430 -0.067449
v -0.246094 1.777253 -0.091568
v -0.220638 1.790120 -0.083048
v -0.222419 1.782384 -0.090998
v 0.274651 1.850634 -0.169464
v 0.265541 1.850280 -0.163413
v -0.233561 1.850474 -0.129150
v -0.245458 1.863962 -0.122114
v -0.235571 1.858595 -0.122187
v -0.244821 1.833166 -0.151049
v -0.233371 1.841285 -0.137784
v -0.235262 1.833549 -0.145736
vt 0.515582 0.408313
vt 0.423269 0.408313
vt 0.457393 0.207916
vt 0.821721 0.293195
vt 0.835745 0.282957
vt 0.871149 0.276414
vt 0.869367 0.305215
vt 0.850786 0.322923
vt 0.816885 0.295972
vt 0.807604 0.275692
vt 0.816269 0.225632
vt 0.811152 0.273008
vt 0.869367 0.267648
vt 0.834537 0.277088
vt 0.817841 0.273841
vt 0.924203 0.123578
vt 0.869469 0.155234
vt 0.904625 0.092734
vt 0.851601 0.123945
vt 0.906166 0.092442
vt 0.869790 0.155448
vt 0.945312 0.128906
vt 0.984375 0.128906
vt 0.968750 0.179688
vt 0.949219 0.125000
vt 0.933594 0.152344
vt 0.968750 0.175781
vt 0.933594 0.105469
vt 0.968750 0.078125
vt 0.984375 0.125000
vt 0.839209 0.342093
vt 0.811841 0.297203
vt 0.841069 0.244544
vt 0.977292 0.697010
vt 0.914084 0.697011
vt 0.914084 0.684062
vt 0.914084 0.671114
vt 0.977292 0.671114
vt 0.914084 0.658165
vt 0.977292 0.658165
vt 0.958206 0.763465
vt 0.921296 0.763719
vt 0.958069 0.740632
vt 0.914084 0.709959
vt 0.914084 0.722908
vt 0.977292 0.709959
vt 0.824883 0.764830
vt 0.839297 0.768219
vt 0.844007 0.747366
vt 0.853522 0.766736
vt 0.856820 0.747315
vt 0.866781 0.764902
vt 0.976918 0.683746
vt 0.914070 0.683746
vt 0.914070 0.670871
vt 0.976918 0.696620
vt 0.914071 0.696620
vt 0.976918 0.709495
vt 0.914070 0.709495
vt 0.921426 0.740679
vt 0.958443 0.740679
vt 0.921426 0.763577
vt 0.976918 0.657996
vt 0.976918 0.670871
vt 0.976918 0.645122
vt 0.914070 0.657996
vt 0.825333 0.764071
vt 0.844456 0.746607
vt 0.839746 0.767459
vt 0.857269 0.746555
vt 0.853972 0.765976
vt 0.867230 0.764142
vt 0.856897 0.242091
vt 0.826788 0.268115
vt 0.812452 0.273392
vt 0.815926 0.296870
vt 0.854058 0.309848
vt 0.811666 0.295962
vt 0.838574 0.337927
vt 0.869672 0.092937
vt 0.869672 0.155437
vt 0.904828 0.092937
vt 0.852278 0.125276
vt 0.906140 0.094178
vt 0.870232 0.156373
vt 0.829073 0.283267
vt 0.833202 0.234003
vt 0.807377 0.274464
vt 0.831985 0.294549
vt 0.815753 0.295072
vt 0.819893 0.296194
vt 0.812162 0.273942
vt 0.393541 0.207916
vt 0.545238 0.356780
vt 0.337793 0.408313
vt 0.306672 0.356291
vt 0.869469 0.092734
vt 0.904625 0.155234
vt 0.853844 0.123984
vt 0.906166 0.155448
vt 0.869790 0.092442
vt 0.924355 0.123945
vt 0.933594 0.101562
vt 0.977292 0.684062
vt 0.939545 0.729344
vt 0.939820 0.775008
vt 0.921158 0.740887
vt 0.977292 0.722908
vt 0.939934 0.775027
vt 0.939934 0.729229
vt 0.958443 0.763577
vt 0.914071 0.645122
vt 0.924203 0.124187
vt 0.854047 0.124187
vt 0.904828 0.155437
vt 0.906140 0.156373
vt 0.870232 0.094178
vt 0.924094 0.125276
vt 0.815352 0.221530
vt 0.600610 0.640393
vt 0.563144 0.641669
vt 0.511401 0.559041
vt 0.413369 0.699884
vt 0.485596 0.741589
vt 0.438669 0.748232
vt 0.583794 0.509057
vt 0.568541 0.428308
vt 0.620979 0.500699
vt 0.485596 0.795595
vt 0.485596 0.847050
vt 0.452101 0.853868
vt 0.351498 0.428308
vt 0.425983 0.428308
vt 0.371026 0.487045
vt 0.621221 0.650648
vt 0.610242 0.715008
vt 0.404851 0.502855
vt 0.069700 0.778222
vt 0.089757 0.720410
vt 0.113268 0.755418
vt 0.235956 0.414474
vt 0.276003 0.485554
vt 0.229429 0.502270
vt 0.784387 0.652457
vt 0.810493 0.678724
vt 0.779694 0.684114
vt 0.097857 0.650761
vt 0.046187 0.670974
vt 0.035853 0.626663
vt 0.147966 0.358535
vt 0.147048 0.381138
vt 0.162559 0.376941
vt 0.202537 0.650752
vt 0.225565 0.614600
vt 0.269133 0.636480
vt 0.789487 0.607994
vt 0.806837 0.583178
vt 0.451045 0.894978
vt 0.418489 0.906749
vt 0.189471 0.826487
vt 0.179884 0.798752
vt 0.203424 0.800670
vt 0.150514 0.775677
vt 0.152228 0.709466
vt 0.401880 0.787441
vt 0.441707 0.808841
vt 0.394522 0.843875
vt 0.189270 0.863048
vt 0.215167 0.828438
vt 0.172809 0.864886
vt 0.174424 0.876082
vt 0.485596 0.886722
vt 0.161943 0.834056
vt 0.151162 0.835138
vt 0.150417 0.828528
vt 0.159472 0.864570
vt 0.150371 0.868989
vt 0.141787 0.863916
vt 0.140492 0.833680
vt 0.204975 0.895400
vt 0.226562 0.870031
vt 0.455136 0.955508
vt 0.485596 0.950002
vt 0.485596 0.983580
vt 0.454996 0.923872
vt 0.422669 0.939183
vt 0.485596 0.919711
vt 0.118085 0.919252
vt 0.149794 0.929665
vt 0.085820 0.956248
vt 0.096305 0.988986
vt 0.183626 0.894249
vt 0.520340 0.854652
vt 0.058405 0.347616
vt 0.097317 0.328586
vt 0.102445 0.375425
vt 0.173815 0.502270
vt 0.135089 0.502270
vt 0.112739 0.414474
vt 0.187723 0.756728
vt 0.976891 0.321916
vt 0.966925 0.322304
vt 0.969911 0.285721
vt 0.375331 0.630113
vt 0.361123 0.712195
vt 0.691882 0.607274
vt 0.697616 0.651356
vt 0.672485 0.678625
vt 0.161905 0.377063
vt 0.147170 0.380433
vt 0.148528 0.358346
vt 0.763290 0.609012
vt 0.776775 0.578874
vt 0.552612 0.908524
vt 0.520371 0.895818
vt 0.090023 0.800772
vt 0.117136 0.804935
vt 0.113977 0.825139
vt 0.080265 0.827560
vt 0.111080 0.861614
vt 0.129291 0.863262
vt 0.126911 0.876279
vt 0.150806 0.821092
vt 0.150961 0.801158
vt 0.162751 0.801498
vt 0.177807 0.842822
vt 0.179595 0.812723
vt 0.123441 0.818428
vt 0.124572 0.840957
vt 0.135165 0.821467
vt 0.075224 0.869024
vt 0.094618 0.893940
vt 0.514865 0.956265
vt 0.513056 0.987314
vt 0.547678 0.940813
vt 0.515734 0.924616
vt 0.072822 0.908894
vt 0.536483 0.977903
vt 0.178189 0.923193
vt 0.212789 0.956732
vt 0.202074 0.988985
vt 0.116173 0.895475
vt 0.222567 0.925736
vt 0.578792 0.844341
vt 0.547586 0.873527
vt 0.560709 0.702985
vt 0.533788 0.749346
vt 0.567654 0.748371
vt 0.571362 0.785911
vt 0.531372 0.809700
vt 0.360633 0.768983
vt 0.404303 0.747051
vt 0.198883 0.414474
vt 0.081078 0.502270
vt 0.076515 0.414474
vt 0.536460 0.496019
vt 0.524726 0.520736
vt 0.451638 0.495913
vt 0.461241 0.519776
vt 0.606808 0.587159
vt 0.642173 0.605611
vt 0.255118 0.578201
vt 0.305557 0.599976
vt 0.337943 0.589937
vt 0.374641 0.576292
vt 0.005242 0.310736
vt 0.036233 0.362795
vt 0.450890 0.428308
vt 0.081469 0.606728
vt 0.054232 0.571181
vt 0.610695 0.768947
vt 0.045022 0.718762
vt 0.310540 0.559557
vt 0.638837 0.566445
vt 0.000360 0.551761
vt 0.036460 0.483037
vt 0.345878 0.550807
vt 0.253872 0.684431
vt 0.249163 0.734524
vt 0.205115 0.725914
vt 0.219609 0.782051
vt 0.950001 0.319193
vt 0.942217 0.326603
vt 0.941528 0.313102
vt 0.793141 0.162151
vt 0.773695 0.111849
vt 0.840089 0.141315
vt 0.840999 0.113528
vt 0.821552 0.163829
vt 0.794051 0.092692
vt 0.151475 0.650761
vt 0.416609 0.110406
vt 0.416782 0.096004
vt 0.432085 0.095916
vt 0.403100 0.107531
vt 0.403342 0.097052
vt 0.415209 0.081390
vt 0.432085 0.079229
vt 0.400625 0.085836
vt 0.410530 0.062329
vt 0.392932 0.073965
vt 0.432085 0.059859
vt 0.402443 0.036707
vt 0.382940 0.067095
vt 0.399150 0.199248
vt 0.398029 0.169804
vt 0.432085 0.169755
vt 0.407964 0.142735
vt 0.379351 0.136699
vt 0.390968 0.129855
vt 0.399466 0.118253
vt 0.413349 0.125000
vt 0.432085 0.129090
vt 0.377302 0.101208
vt 0.443162 0.059782
vt 0.443162 0.169421
vt 0.443162 0.188330
vt 0.443162 0.129966
vt 0.443162 0.148329
vt 0.443162 0.078633
vt 0.432085 0.112155
vt 0.443162 0.112897
vt 0.443162 0.096049
vt 0.432085 0.037148
vt 0.443162 0.041281
vt 0.432085 0.147284
vt 0.055003 0.237468
vt 0.042427 0.291330
vt 0.072093 0.306103
vt 0.103225 0.236892
vt 0.126171 0.236051
vt 0.118261 0.306806
vt 0.096436 0.307473
vt 0.101471 0.238845
vt 0.086083 0.237777
vt 0.147555 0.305035
vt 0.148957 0.239468
vt 0.124655 0.237243
vt 0.166984 0.304519
vt 0.163265 0.238975
vt 0.178765 0.196553
vt 0.186293 0.176953
vt 0.162376 0.172749
vt 0.104828 0.181375
vt 0.091609 0.173696
vt 0.090636 0.195748
vt 0.141486 0.173827
vt 0.123868 0.175143
vt 0.123057 0.196181
vt 0.161839 0.202881
vt 0.071457 0.172485
vt 0.096386 0.115801
vt 0.125105 0.102151
vt 0.106910 0.116258
vt 0.159638 0.082473
vt 0.143250 0.082268
vt 0.127395 0.054218
vt 0.362071 0.970259
vt 0.347014 0.925006
vt 0.332287 0.933908
vt 0.077581 0.098340
vt 0.098950 0.055198
vt 0.112576 0.057088
vt 0.314976 0.934423
vt 0.293151 0.925870
vt 0.287277 0.970469
vt 0.333728 0.976048
vt 0.113857 0.016824
vt 0.096660 0.013240
vt 0.944586 0.337551
vt 0.958582 0.339862
vt 0.974466 0.279216
vt 0.338492 0.876139
vt 0.325894 0.874731
vt 0.316037 0.875129
vt 0.300658 0.879122
vt 0.975674 0.332384
vt 0.279298 0.910196
vt 0.242489 0.970469
vt 0.370531 0.907609
vt 0.344550 0.867260
vt 0.411292 0.972359
vt 0.326462 0.859984
vt 0.311503 0.863948
vt 0.297879 0.876612
vt 0.969955 0.615576
vt 0.958705 0.618417
vt 0.960731 0.593687
vt 0.236967 0.067930
vt 0.231483 0.050802
vt 0.236178 0.047194
vt 0.236825 0.178808
vt 0.242177 0.180219
vt 0.235761 0.199831
vt 0.924213 0.476287
vt 0.919119 0.451251
vt 0.939486 0.456817
vt 0.920614 0.493450
vt 0.910930 0.491130
vt 0.910228 0.479513
vt 0.240536 0.123447
vt 0.240587 0.104571
vt 0.246889 0.104223
vt 0.931211 0.596880
vt 0.943661 0.595339
vt 0.946010 0.619923
vt 0.239475 0.086035
vt 0.245465 0.085504
vt 0.240587 0.142318
vt 0.246730 0.142433
vt 0.245219 0.161280
vt 0.239434 0.160769
vt 0.886438 0.585193
vt 0.881545 0.579887
vt 0.889654 0.579416
vt 0.247435 0.123301
vt 0.242496 0.066716
vt 0.955132 0.450733
vt 0.955583 0.478892
vt 0.935661 0.434174
vt 0.970232 0.592579
vt 0.960483 0.576263
vt 0.906330 0.441411
vt 0.917300 0.436575
vt 0.954711 0.547622
vt 0.967215 0.548987
vt 0.930349 0.579043
vt 0.943862 0.577366
vt 0.915935 0.583082
vt 0.909155 0.572976
vt 0.917215 0.570351
vt 0.953007 0.432846
vt 0.964146 0.518435
vt 0.965838 0.457192
vt 0.973909 0.465502
vt 0.962402 0.511136
vt 0.946716 0.515864
vt 0.906140 0.416793
vt 0.914776 0.413098
vt 0.964235 0.440413
vt 0.987619 0.427498
vt 0.989923 0.433347
vt 0.966429 0.436187
vt 0.931406 0.551306
vt 0.942067 0.547860
vt 0.922163 0.545317
vt 0.960890 0.432467
vt 0.946886 0.403377
vt 0.954706 0.406608
vt 0.993884 0.437966
vt 0.958312 0.403133
vt 0.964330 0.427488
vt 0.932058 0.405894
vt 0.926894 0.520886
vt 0.937212 0.516427
vt 0.933562 0.511144
vt 0.911215 0.388428
vt 0.948463 0.382654
vt 0.908099 0.457685
vt 0.946912 0.508002
vt 0.941276 0.375361
vt 0.886735 0.573977
vt 0.918617 0.599253
vt 0.105872 0.198437
vt 0.108204 0.180616
vt 0.126970 0.175066
vt 0.125641 0.195637
vt 0.225120 0.141512
vt 0.225422 0.123226
vt 0.481725 0.078092
vt 0.471037 0.059593
vt 0.518092 0.060629
vt 0.957715 0.303401
vt 0.957715 0.265599
vt 0.972329 0.265599
vt 0.463825 0.034417
vt 0.518092 0.042519
vt 0.221578 0.175076
vt 0.224046 0.158754
vt 0.518092 0.185920
vt 0.463145 0.192836
vt 0.464807 0.168208
vt 0.217207 0.190474
vt 0.518092 0.168113
vt 0.486276 0.147788
vt 0.225454 0.105004
vt 0.222156 0.071705
vt 0.217719 0.056479
vt 0.518092 0.149936
vt 0.493611 0.131492
vt 0.224580 0.087880
vt 0.492244 0.114040
vt 0.518092 0.114747
vt 0.492132 0.096112
vt 0.518092 0.078442
vt 0.518092 0.096880
vt 0.952426 0.314270
vt 0.952426 0.276457
vt 0.967045 0.276457
vt 0.687500 0.167969
vt 0.687500 0.144531
vt 0.707031 0.144531
vt 0.718750 0.144531
vt 0.718750 0.167969
vt 0.687500 0.195312
vt 0.705078 0.167969
vt 0.718750 0.195312
vt 0.730469 0.195312
vt 0.750000 0.195312
vt 0.750000 0.167969
vt 0.730469 0.167969
vt 0.730469 0.144531
vt 0.750000 0.144531
vt 0.705078 0.195312
vt 0.705078 0.218750
vt 0.707031 0.117188
vt 0.730469 0.218750
vt 0.730469 0.117188
vt 0.183246 0.241715
vt 0.192866 0.301574
vt 0.167296 0.303350
vt 0.182834 0.241980
vt 0.180768 0.227848
vt 0.146226 0.203328
vt 0.150083 0.238778
vt 0.055657 0.236217
vt 0.085849 0.238141
vt 0.073197 0.304858
vt 0.164611 0.173864
vt 0.160513 0.081914
vt 0.182104 0.102769
vt 0.095520 0.305905
vt 0.147935 0.304029
vt 0.164152 0.238523
vt 0.180006 0.197431
vt 0.163386 0.203210
vt 0.090946 0.195551
vt 0.091476 0.173493
vt 0.144242 0.174343
vt 0.071926 0.171668
vt 0.078425 0.097589
vt 0.096308 0.115159
vt 0.108542 0.115481
vt 0.126495 0.102359
vt 0.144596 0.081239
vt 0.128469 0.055146
vt 0.360049 0.970398
vt 0.331636 0.975693
vt 0.330867 0.933549
vt 0.099696 0.054826
vt 0.938915 0.277992
vt 0.932892 0.321108
vt 0.112899 0.056844
vt 0.078107 0.053600
vt 0.175869 0.059691
vt 0.181815 0.103035
vt 0.285297 0.969282
vt 0.291853 0.924826
vt 0.313549 0.933763
vt 0.098354 0.011885
vt 0.113390 0.016169
vt 0.966150 0.280866
vt 0.940878 0.337738
vt 0.927453 0.332912
vt 0.325381 0.874267
vt 0.337954 0.875898
vt 0.948281 0.209311
vt 0.300083 0.878213
vt 0.315519 0.874491
vt 0.958908 0.333480
vt 0.240485 0.968499
vt 0.278248 0.908900
vt 0.344148 0.867126
vt 0.369509 0.907930
vt 0.345726 0.924902
vt 0.326174 0.859533
vt 0.297343 0.875654
vt 0.311158 0.863233
vt 0.061506 0.225125
vt 0.181404 0.227922
vt 0.108757 0.197329
vt 0.118464 0.307888
vt 0.067965 0.192735
vt 0.068437 0.193000
vt 0.173970 0.349867
vt 0.123058 0.345415
vt 0.098659 0.328827
vt 0.194270 0.336883
vt 0.192830 0.303438
vt 0.176602 0.350559
vt 0.123340 0.345098
vt 0.194761 0.336001
vt 0.018038 0.311011
vt 0.043163 0.291219
vt 0.302208 0.080140
vt 0.302208 0.101915
vt 0.302208 0.166815
vt 0.302208 0.033890
vt 0.302208 0.057502
vt 0.302208 0.123460
vt 0.350303 0.060686
vt 0.350303 0.081304
vt 0.350303 0.102228
vt 0.302208 0.145009
vt 0.350303 0.144749
vt 0.302208 0.189515
vt 0.350303 0.165691
vt 0.350303 0.123486
vt 0.302208 0.213213
vt 0.350303 0.186343
vt 0.350303 0.040741
vt 0.287615 0.262137
vt 0.282882 0.286281
vt 0.259440 0.272715
vt 0.244616 0.299577
vt 0.256511 0.273750
vt 0.258207 0.273998
vt 0.246367 0.234043
vt 0.273778 0.239237
vt 0.258356 0.269532
vt 0.265648 0.299349
vt 0.227843 0.282461
vt 0.255566 0.272247
vt 0.226659 0.255009
vt 0.255812 0.270472
vt 0.256909 0.269410
vt 0.259429 0.270851
vt 0.943197 0.495396
vt 0.943789 0.479266
vt 0.956785 0.628473
vt 0.943649 0.629880
vt 0.967685 0.628820
vt 0.930728 0.493717
vt 0.931660 0.631347
vt 0.927821 0.616977
vt 0.208134 0.286460
vt 0.216741 0.282895
vt 0.239587 0.305742
vt 0.275461 0.219133
vt 0.271897 0.227740
vt 0.239587 0.227740
vt 0.208134 0.247021
vt 0.216741 0.250586
vt 0.236022 0.219133
vt 0.303349 0.286460
vt 0.294743 0.282895
vt 0.294743 0.250586
vt 0.275461 0.314348
vt 0.271897 0.305742
vt 0.303349 0.247021
vt 0.236022 0.314348
vt 0.467277 0.559041
vt 0.432656 0.669265
vt 0.537077 0.669265
vt 0.412058 0.633630
vt 0.951774 0.379647
vt 0.955072 0.494989
vt 0.963098 0.482826
vt 0.917444 0.388734
vt 0.928123 0.378103
vt 0.140992 0.793445
vt 0.151121 0.793856
vt 0.162500 0.794579
vt 0.150133 0.874538
vt 0.140615 0.801042
vt 0.160682 0.827582
vt 0.163648 0.821942
vt 0.173882 0.808539
vt 0.162714 0.829942
vt 0.424429 0.871871
vt 0.150117 0.897444
vt 0.433027 0.976570
vt 0.456244 0.986586
vt 0.197111 0.349238
vt 0.194190 0.335714
vt 0.197718 0.348949
vt 0.914084 0.645217
vt 0.977292 0.645217
vt 0.879225 0.763246
vt 0.869386 0.745579
vt 0.831676 0.743044
vt 0.814197 0.753291
vt 0.891881 0.757492
vt 0.880176 0.742765
vt 0.845098 0.689349
vt 0.834527 0.691789
vt 0.175968 0.807494
vt 0.847049 0.612241
vt 0.880123 0.692987
vt 0.867754 0.691693
vt 0.856547 0.688458
vt 0.836278 0.614229
vt 0.845547 0.507370
vt 0.875670 0.614025
vt 0.856396 0.610757
vt 0.865864 0.612196
vt 0.844840 0.442350
vt 0.835801 0.435531
vt 0.877152 0.506307
vt 0.866591 0.508960
vt 0.856378 0.509694
vt 0.875385 0.435622
vt 0.864591 0.435531
vt 0.856110 0.441949
vt 0.036821 0.364526
vt 0.535887 0.428308
vt 0.717355 0.605409
vt 0.704446 0.578728
vt 0.641198 0.428308
vt 0.193732 0.381532
vt 0.100606 0.375047
vt 0.763998 0.661924
vt 0.702150 0.684115
vt 0.813421 0.546048
vt 0.807173 0.583810
vt 0.810573 0.678467
vt 0.820938 0.715190
vt 0.788008 0.725447
vt 0.673798 0.583810
vt 0.667550 0.546048
vt 0.741226 0.725447
vt 0.694445 0.725447
vt 0.661514 0.715189
vt 0.671880 0.678467
vt 0.740485 0.538610
vt 0.783613 0.538610
vt 0.642010 0.350091
vt 0.573670 0.350091
vt 0.571007 0.311832
vt 0.645250 0.308170
vt 0.642558 0.346427
vt 0.574219 0.346369
vt 0.718863 0.657333
vt 0.955139 0.332361
vt 0.945892 0.336212
vt 0.945249 0.321141
vt 0.935410 0.321936
vt 0.933401 0.286751
vt 0.942706 0.285788
vt 0.959069 0.330150
vt 0.961417 0.317632
vt 0.968959 0.318930
vt 0.964747 0.327199
vt 0.965699 0.319341
vt 0.973219 0.321109
vt 0.674110 0.583612
vt 0.982727 0.293691
vt 0.973429 0.292607
vt 0.971335 0.220308
vt 0.939079 0.328912
vt 0.937896 0.293612
vt 0.946399 0.292574
vt 0.571472 0.308132
vt 0.560980 0.223813
vt 0.655265 0.223760
vt 0.644785 0.311856
vt 0.561065 0.227134
vt 0.970465 0.329207
vt 0.949138 0.329143
vt 0.945806 0.322304
vt 0.980982 0.329021
vt 0.978430 0.286653
vt 0.967180 0.213389
vt 0.948984 0.220308
vt 0.580611 0.049169
vt 0.634433 0.049217
vt 0.944954 0.213381
vt 0.582025 0.045675
vt 0.079458 0.052663
vt 0.931310 0.273187
vt 0.951434 0.207210
vt 0.918537 0.314578
vt 0.976918 0.722370
vt 0.914070 0.722370
vt 0.869835 0.744819
vt 0.879674 0.762487
vt 0.832125 0.742285
vt 0.814646 0.752532
vt 0.880625 0.742005
vt 0.834975 0.691030
vt 0.845546 0.688590
vt 0.836725 0.613470
vt 0.847496 0.611482
vt 0.868203 0.690933
vt 0.880571 0.692227
vt 0.856995 0.687698
vt 0.835298 0.505926
vt 0.845994 0.506610
vt 0.866312 0.611437
vt 0.876117 0.613266
vt 0.856844 0.609998
vt 0.836246 0.434772
vt 0.845286 0.441590
vt 0.867037 0.508201
vt 0.877598 0.505547
vt 0.856825 0.508935
vt 0.865037 0.434771
vt 0.875830 0.434862
vt 0.856556 0.441189
vt 0.432085 0.098450
vt 0.417068 0.098601
vt 0.416668 0.112575
vt 0.403557 0.099187
vt 0.403249 0.109863
vt 0.432085 0.081701
vt 0.415071 0.083950
vt 0.400662 0.088260
vt 0.432085 0.062232
vt 0.410459 0.064810
vt 0.392962 0.076511
vt 0.432085 0.039282
vt 0.402230 0.039076
vt 0.382957 0.069742
vt 0.432085 0.196361
vt 0.432085 0.171721
vt 0.397590 0.171235
vt 0.432085 0.149379
vt 0.407683 0.144683
vt 0.391191 0.131889
vt 0.379758 0.138498
vt 0.414098 0.126959
vt 0.399649 0.120892
vt 0.432085 0.131175
vt 0.377747 0.103670
vt 0.443162 0.081106
vt 0.443162 0.062148
vt 0.443162 0.190511
vt 0.443162 0.171649
vt 0.443162 0.150619
vt 0.443162 0.132297
vt 0.443162 0.098587
vt 0.443162 0.115437
vt 0.432085 0.114601
vt 0.443162 0.043461
vt 0.967565 0.618067
vt 0.969229 0.595111
vt 0.959686 0.595597
vt 0.237802 0.069711
vt 0.243332 0.068497
vt 0.237016 0.048975
vt 0.236582 0.201611
vt 0.243001 0.182000
vt 0.237648 0.180589
vt 0.923575 0.476105
vt 0.944224 0.478793
vt 0.939503 0.455898
vt 0.908872 0.477993
vt 0.911109 0.489749
vt 0.241365 0.125228
vt 0.248265 0.125083
vt 0.247720 0.106004
vt 0.943767 0.620282
vt 0.942653 0.596201
vt 0.930173 0.597133
vt 0.241418 0.106351
vt 0.246299 0.087286
vt 0.246044 0.163061
vt 0.247557 0.144215
vt 0.241415 0.144099
vt 0.240260 0.162550
vt 0.885827 0.583058
vt 0.889321 0.577435
vt 0.881165 0.577474
vt 0.956151 0.619950
vt 0.240309 0.087816
vt 0.956464 0.478218
vt 0.955224 0.449622
vt 0.919012 0.450027
vt 0.935684 0.433136
vt 0.960371 0.578203
vt 0.906496 0.440015
vt 0.907930 0.456062
vt 0.968511 0.551315
vt 0.956064 0.549213
vt 0.943721 0.578321
vt 0.930129 0.579248
vt 0.917392 0.569825
vt 0.909183 0.572020
vt 0.915503 0.582518
vt 0.952971 0.431759
vt 0.966992 0.520541
vt 0.949667 0.516953
vt 0.974262 0.463859
vt 0.966060 0.455860
vt 0.965615 0.513130
vt 0.950262 0.509090
vt 0.917384 0.435376
vt 0.915016 0.412109
vt 0.906467 0.415725
vt 0.989536 0.431731
vt 0.987168 0.425987
vt 0.964200 0.439193
vt 0.966326 0.434958
vt 0.943397 0.548717
vt 0.932552 0.551553
vt 0.923595 0.545025
vt 0.960802 0.431321
vt 0.954584 0.405710
vt 0.946830 0.402524
vt 0.993537 0.436227
vt 0.964186 0.426358
vt 0.958146 0.402260
vt 0.929563 0.520831
vt 0.940121 0.516964
vt 0.936733 0.511462
vt 0.911546 0.387705
vt 0.948374 0.382010
vt 0.941262 0.374805
vt 0.932141 0.405019
vt 0.917450 0.598878
vt 0.886647 0.571824
vt 0.226252 0.125005
vt 0.225947 0.143291
vt 0.518092 0.063722
vt 0.471525 0.062107
vt 0.482149 0.080886
vt 0.940864 0.301717
vt 0.965812 0.312788
vt 0.951198 0.274987
vt 0.518092 0.045422
vt 0.464379 0.036562
vt 0.224872 0.160533
vt 0.222402 0.176855
vt 0.518092 0.189773
vt 0.518092 0.171943
vt 0.463858 0.170897
vt 0.218029 0.192252
vt 0.518092 0.153718
vt 0.485691 0.150934
vt 0.226286 0.106783
vt 0.232320 0.052582
vt 0.218556 0.058257
vt 0.518092 0.135860
vt 0.493341 0.134753
vt 0.225413 0.089659
vt 0.222991 0.073484
vt 0.518092 0.118384
vt 0.492264 0.117242
vt 0.518092 0.081733
vt 0.492413 0.099177
vt 0.518092 0.100362
vt 0.948543 0.260236
vt 0.938206 0.286974
vt 0.973498 0.271311
vt 0.461736 0.195420
vt 0.302208 0.103704
vt 0.302208 0.081929
vt 0.302208 0.215002
vt 0.302208 0.191304
vt 0.302208 0.059291
vt 0.302208 0.035679
vt 0.302208 0.146797
vt 0.302208 0.125249
vt 0.302208 0.168604
vt 0.286950 0.262379
vt 0.260238 0.269946
vt 0.260221 0.273276
vt 0.258003 0.275554
vt 0.254970 0.275093
vt 0.243533 0.299853
vt 0.246163 0.233939
vt 0.255743 0.267301
vt 0.258341 0.267554
vt 0.282218 0.286399
vt 0.253280 0.272386
vt 0.226760 0.282234
vt 0.253743 0.269194
vt 0.226074 0.254512
vt 0.273255 0.239709
vt 0.954860 0.495092
vt 0.954446 0.631129
vt 0.966399 0.631004
vt 0.943533 0.495024
vt 0.931067 0.494115
vt 0.925949 0.617134
vt 0.929268 0.632004
vt 0.272022 0.306007
vt 0.294868 0.283161
vt 0.303474 0.286726
vt 0.272022 0.228005
vt 0.239712 0.228005
vt 0.236147 0.219399
vt 0.294868 0.250851
vt 0.275586 0.219399
vt 0.216866 0.250851
vt 0.216866 0.283161
vt 0.208260 0.286726
vt 0.239712 0.306007
vt 0.236147 0.314613
vt 0.208260 0.247286
vt 0.275587 0.314613
vt 0.964214 0.481518
vt 0.917702 0.388022
vt 0.144278 0.203434
vt 0.187735 0.178568
vt 0.953265 0.293962
vt 0.953265 0.279268
vt 0.976677 0.268878
vt 0.961107 0.306455
vt 0.974822 0.306455
vt 0.984519 0.281371
vt 0.064121 0.222841
vt 0.177601 0.060533
vt 0.193113 0.381667
vt 0.951520 0.319953
vt 0.944770 0.321619
vt 0.943417 0.289413
vt 0.963228 0.311947
vt 0.964415 0.281977
vt 0.971331 0.281406
vt 0.697358 0.538610
vt 0.684148 0.460993
vt 0.740195 0.460994
vt 0.950332 0.289984
vt 0.969213 0.289569
vt 0.740776 0.460994
vt 0.949048 0.311334
vt 0.945534 0.281562
vt 0.937323 0.280938
vt 0.740706 0.288486
vt 0.779171 0.288486
vt 0.948553 0.210221
vt 0.964262 0.210221
vt 0.977424 0.288945
vt 0.966194 0.218227
vt 0.701800 0.288486
vt 0.950486 0.218227
vt 0.966033 0.320195
vt 0.966839 0.285870
vt 0.972987 0.285794
vt 0.948175 0.317984
vt 0.943425 0.319362
vt 0.941221 0.283583
vt 0.964317 0.283447
vt 0.799871 0.812007
vt 0.741560 0.812007
vt 0.947368 0.283659
vt 0.740892 0.812007
vt 0.740958 0.985546
vt 0.701334 0.985546
vt 0.952791 0.319843
vt 0.949891 0.285658
vt 0.940294 0.285534
vt 0.950489 0.214085
vt 0.781117 0.985546
vt 0.947520 0.211874
vt 0.963719 0.211874
vt 0.966688 0.214085
vt 0.973914 0.283323
vt 0.313767 0.553276
vt 0.003270 0.590317
vt 0.339160 0.819788
vt 0.630777 0.818111
vt 0.350303 0.083099
vt 0.350303 0.062481
vt 0.350303 0.104022
vt 0.350303 0.167486
vt 0.350303 0.146543
vt 0.350303 0.188138
vt 0.350303 0.125281
vt 0.350303 0.208129
vt 0.350303 0.042536
vt 0.080557 0.386659
vt 0.053556 0.392069
vt 0.354402 0.638504
vt 0.669860 0.572995
vt 0.820642 0.091014
vt 0.840089 0.111849
vt 0.820642 0.162151
vt 0.773695 0.141315
vt 0.793141 0.091014
vt 0.774604 0.142993
vt 0.774604 0.113528
vt 0.821552 0.092693
vt 0.840998 0.142994
vt 0.794050 0.163829
vt 0.432085 0.194471
vt 0.315987 0.977359
vt 0.231213 0.195943
vt 0.971156 0.575129
vt 0.924527 0.516736
vt 0.982663 0.276671
vt 0.982663 0.292329
vt 0.972329 0.303401
vt 0.947381 0.292329
vt 0.947381 0.276671
vt 0.518092 0.132140
vt 0.977381 0.287532
vt 0.977381 0.303195
vt 0.967045 0.314270
vt 0.942089 0.303195
vt 0.942089 0.287532
vt 0.313882 0.976700
vt 0.966121 0.205541
vt 0.409241 0.973412
vt 0.174066 0.350103
vt 0.350303 0.206334
vt 0.965379 0.496987
vt 0.834852 0.506685
vt 0.018153 0.311823
vt 0.005602 0.311284
vt 0.053233 0.392514
vt 0.080132 0.386796
vt 0.968317 0.334001
vt 0.972530 0.334609
vt 0.655350 0.227266
vt 0.635847 0.045673
vt 0.969612 0.206742
vt 0.892330 0.756732
vt 0.398954 0.200371
vt 0.232035 0.197723
vt 0.920244 0.492567
vt 0.971099 0.577718
vt 0.927402 0.516538
vt 0.928260 0.377519
vt 0.976146 0.286059
vt 0.965812 0.274987
vt 0.940864 0.286059
vt 0.951198 0.312788
vt 0.976146 0.301717
vt 0.963161 0.298049
vt 0.973498 0.286974
vt 0.963161 0.260236
vt 0.938206 0.271311
vt 0.948543 0.298049
vt 0.264849 0.299432
vt 0.941145 0.631450
vt 0.303474 0.247286
vt 0.951646 0.379030
vt 0.965031 0.496499
vt 0.986375 0.279268
vt 0.986375 0.293962
vt 0.976677 0.304352
vt 0.962962 0.304352
vt 0.962963 0.268878
vt 0.974822 0.270981
vt 0.951410 0.296065
vt 0.961107 0.270981
vt 0.951410 0.281371
vt 0.984519 0.296065
vt 0.969977 0.313612
vt 0.796822 0.460994
vt 0.740265 0.288486
vt 0.970783 0.321573
vt 0.682581 0.812007
vt 0.741494 0.985546
vn 0.082800 -0.114100 0.990000
vn 0.135800 0.808400 0.572700
vn -0.261900 -0.367600 -0.892300
vn -0.932200 0.249400 -0.262300
vn -0.128000 0.979900 0.152700
vn 0.431200 -0.484100 -0.761400
vn -0.431200 0.484100 0.761400
vn -0.931900 0.203000 -0.300700
vn -0.912300 0.355700 -0.203100
vn 0.341400 0.932400 -0.118900
vn 0.977200 0.160800 -0.138600
vn 0.635800 -0.771600 -0.019700
vn 0.127100 0.079500 0.988700
vn -0.635800 0.771600 0.019700
vn -0.977200 -0.160800 0.138600
vn -0.569500 0.541300 -0.618700
vn 0.164300 0.611100 -0.774400
vn 0.889200 0.128000 -0.439300
vn -0.425300 0.904900 -0.018100
vn -0.988700 0.090600 0.119800
vn -0.561200 -0.816200 0.137800
vn 0.130500 0.084500 0.987800
vn 0.563400 0.814600 -0.138000
vn 0.988700 -0.090300 -0.119800
vn 0.385300 0.617500 -0.685800
vn -0.393000 0.661000 -0.639300
vn -0.996600 0.081200 0.012800
vn 0.140400 -0.556900 -0.818600
vn -0.862000 0.337500 -0.378200
vn 0.964000 0.262700 -0.041900
vn 0.884100 0.329600 -0.331300
vn -0.367400 0.344300 -0.864000
vn 0.367400 -0.344300 0.864000
vn -0.458100 0.617000 -0.639900
vn 0.920700 0.155800 -0.357900
vn 0.991400 0.083700 -0.100900
vn 0.972100 0.234600 -0.006900
vn 0.377400 -0.678800 -0.630000
vn -0.984600 0.158800 0.073700
vn -0.998600 0.040500 -0.034200
vn -0.162100 -0.720900 -0.673800
vn 0.886000 0.309300 -0.345400
vn -0.465300 0.582600 -0.666400
vn 0.352200 0.657900 -0.665700
vn 0.360200 0.624400 -0.693100
vn -0.438600 0.610200 -0.659800
vn 0.331900 0.649600 -0.684000
vn -0.986200 -0.080800 -0.144700
vn -0.374600 0.647700 0.663400
vn -0.999800 -0.000300 -0.021700
vn 0.973200 -0.001700 -0.229900
vn 0.150800 0.739600 0.656000
vn 0.985800 0.125600 -0.111900
vn -0.068800 -0.128100 0.989400
vn -0.214500 -0.019600 0.976500
vn -0.052100 -0.131400 0.990000
vn 0.101400 -0.097500 0.990100
vn 0.085300 0.839500 0.536600
vn -0.127300 -0.229200 -0.965000
vn -0.259400 0.919400 0.295600
vn -0.913800 0.170600 -0.368700
vn -0.931800 0.278600 -0.232700
vn 0.161800 0.625000 -0.763700
vn -0.988700 0.090300 0.119800
vn -0.563500 -0.814600 0.137400
vn 0.129700 0.074000 0.988800
vn -0.403700 0.628600 -0.664800
vn -0.031800 -0.462500 -0.886000
vn -0.910400 0.111700 -0.398400
vn 0.650600 0.719500 0.243100
vn 0.367300 -0.344300 0.864000
vn 0.848900 0.070600 -0.523900
vn 0.970400 0.241600 -0.001700
vn 0.168500 -0.700100 -0.693900
vn -0.986000 0.151600 0.068700
vn -0.366400 -0.716400 -0.593700
vn -0.984600 -0.086800 -0.152000
vn -0.161300 0.732800 0.661000
vn 0.974900 0.004400 -0.222700
vn 0.370000 0.672900 0.640500
vn 0.985700 0.125600 -0.111900
vn -0.911500 0.140000 -0.386800
vn -0.829600 0.016800 -0.558100
vn -0.383700 -0.582500 -0.716500
vn 0.323400 0.741500 -0.587800
vn -0.024200 0.328300 -0.944200
vn 0.060200 0.327000 -0.943100
vn -0.841600 -0.057300 -0.537000
vn -0.544100 0.744800 -0.386400
vn -0.988400 -0.150500 -0.020700
vn -0.141500 0.141200 -0.979800
vn -0.101300 -0.464900 -0.879500
vn 0.594700 -0.317900 -0.738400
vn 0.517000 0.757400 0.398800
vn 0.557500 0.743900 -0.368500
vn 0.979600 -0.193100 0.054700
vn -0.932800 0.253100 -0.256600
vn -0.724400 0.432500 -0.536800
vn 0.888100 -0.115800 -0.444700
vn -0.290000 0.915800 -0.277700
vn -0.001200 0.980500 0.196500
vn -0.803600 0.411000 0.430400
vn 0.710100 -0.280700 0.645700
vn 0.699100 0.597600 -0.392400
vn 0.220400 0.565400 -0.794800
vn -0.069200 0.421500 0.904200
vn -0.643200 0.584800 0.494200
vn -0.917300 0.154900 0.366800
vn 0.576200 0.017300 0.817100
vn 0.151500 -0.584700 0.796900
vn 0.814600 -0.560000 0.150900
vn 0.020300 0.525300 0.850600
vn 0.473600 0.035700 0.880000
vn 0.903800 0.135800 0.405700
vn 0.611300 0.701600 0.366200
vn 0.646600 -0.444800 -0.619600
vn 0.962100 -0.218300 -0.163400
vn 0.953000 -0.277300 0.121800
vn 0.942500 -0.172600 0.286200
vn 0.855700 -0.369900 -0.361700
vn 0.127500 -0.389600 0.912100
vn -0.016100 0.693700 0.720100
vn -0.056900 0.370300 -0.927100
vn 0.327600 0.445900 -0.832900
vn 0.820700 0.522300 0.231500
vn 0.962500 0.079000 0.259400
vn 0.758900 0.020400 0.650800
vn 0.654300 -0.102800 0.749200
vn -0.072000 -0.676800 -0.732600
vn 0.713800 0.525300 0.463100
vn 0.141100 -0.063500 0.987900
vn 0.100900 -0.165400 0.981000
vn 0.619300 -0.046300 0.783700
vn 0.136700 -0.232100 0.963000
vn -0.399700 -0.066700 0.914200
vn -0.464100 0.191000 0.864900
vn 0.947700 0.310300 0.075000
vn 0.974900 0.067300 -0.211900
vn 0.549900 0.397200 -0.734700
vn -0.133500 0.397600 -0.907800
vn -0.099700 0.842600 -0.529200
vn 0.627300 -0.115000 -0.770200
vn -0.123400 -0.153200 -0.980400
vn -0.530700 0.846000 0.050600
vn -0.011100 0.983000 0.183400
vn -0.382900 0.854800 -0.350300
vn 0.698800 0.543000 0.465600
vn -0.746300 -0.375100 -0.549700
vn -0.013500 -0.697000 -0.717000
vn -0.579900 -0.192800 -0.791500
vn -0.097200 -0.737500 -0.668300
vn 0.129100 -0.243800 0.961200
vn -0.250300 -0.231400 0.940100
vn -0.126500 0.671100 0.730400
vn -0.817200 -0.170100 -0.550600
vn 0.873000 -0.261500 -0.411500
vn 0.921800 -0.085600 -0.378100
vn 0.682800 0.331300 -0.651100
vn -0.511100 0.789500 0.339700
vn -0.692500 0.593400 -0.410300
vn -0.813600 -0.556900 0.167100
vn -0.115900 -0.605900 0.787000
vn -0.578300 0.017200 0.815600
vn 0.140000 0.584800 0.799000
vn 0.116500 0.605500 0.787300
vn -0.953600 -0.287900 0.088200
vn -0.751700 -0.495700 -0.434900
vn -0.892300 -0.439200 -0.104100
vn -0.821100 -0.338800 0.459200
vn -0.864100 -0.377500 0.332700
vn -0.866100 0.015700 0.499600
vn -0.564800 -0.027000 0.824800
vn -0.429800 -0.141600 0.891700
vn 0.104800 0.265000 0.958500
vn 0.129200 -0.273600 0.953100
vn 0.750900 -0.099200 0.652900
vn 0.739200 0.104400 0.665400
vn 0.949700 0.264500 0.167600
vn -0.749600 -0.103900 0.653600
vn -0.601200 0.187800 0.776700
vn -0.469700 0.176000 0.865100
vn -0.998900 -0.003700 0.047300
vn -0.915600 0.243500 0.319800
vn -0.747400 0.350700 -0.564200
vn -0.795100 -0.166000 -0.583200
vn -0.878000 0.477800 0.028800
vn 0.464900 0.881700 -0.080200
vn 0.218400 0.876300 -0.429300
vn -0.591400 0.496800 0.635100
vn 0.819800 0.538700 -0.194300
vn -0.276300 0.772400 -0.571800
vn 0.068000 0.419400 -0.905200
vn -0.125500 0.620900 -0.773700
vn -0.513800 0.530400 -0.674200
vn 0.554900 0.474500 -0.683300
vn 0.072100 0.164300 -0.983800
vn -0.797400 -0.225300 0.559700
vn -0.350100 0.139800 -0.926200
vn -0.443900 -0.467600 -0.764400
vn 0.423700 0.038600 -0.905000
vn 0.397100 -0.676400 -0.620300
vn -0.793100 -0.419800 -0.441300
vn -0.968400 -0.181600 -0.170600
vn 0.654500 -0.480400 0.583800
vn 0.896700 -0.371800 0.240300
vn 0.956800 -0.283700 -0.062500
vn 0.788300 -0.523100 -0.323900
vn -0.006100 -0.658800 0.752300
vn -0.033200 -0.754200 -0.655800
vn 0.210200 0.661000 -0.720300
vn -0.553900 0.020000 0.832300
vn -0.751300 -0.461100 0.472000
vn -0.612600 0.625400 -0.483300
vn -0.524200 0.851100 -0.027300
vn 0.778900 -0.624900 0.052800
vn -0.886000 -0.445600 -0.127800
vn 0.665300 0.616600 0.420900
vn 0.535800 0.842700 -0.052800
vn -0.045700 0.980700 0.190100
vn 0.793900 0.083800 0.602200
vn 0.631200 -0.103000 0.768700
vn 0.961400 0.117400 -0.248900
vn -0.001300 0.298700 0.954300
vn -0.733800 0.067500 0.676000
vn -0.266100 -0.860300 0.434800
vn -0.965700 -0.256200 -0.042800
vn -0.121800 -0.298100 0.946700
vn -0.344400 -0.792800 0.502900
vn 0.531400 -0.843800 -0.074400
vn -0.239900 -0.900300 0.363000
vn -0.576000 -0.805700 -0.137700
vn 0.407200 -0.394500 -0.823800
vn -0.705100 -0.375600 -0.601400
vn 0.504300 -0.857700 0.100300
vn 0.480700 -0.029600 -0.876300
vn -0.794100 -0.012100 -0.607700
vn 0.402300 0.903000 -0.150900
vn 0.955300 0.285100 0.077700
vn 0.044500 0.942900 0.330100
vn -0.792100 0.609200 -0.038500
vn -0.674700 0.601100 0.428100
vn -0.267200 0.087600 0.959600
vn -0.796500 0.313100 0.517200
vn -0.578000 0.773800 0.259000
vn -0.981400 -0.091500 0.169000
vn 0.356000 -0.920600 0.160500
vn 0.965100 0.228600 0.127500
vn 0.891600 -0.437400 0.116800
vn -0.365500 0.930300 -0.030500
vn 0.389200 0.911400 0.133500
vn -0.475800 -0.873000 0.107500
vn -0.815000 0.436000 -0.381700
vn -0.885600 0.437300 -0.155900
vn -0.956300 -0.284000 -0.069900
vn 0.920100 -0.390600 -0.027900
vn 0.560500 0.805900 0.190500
vn -0.917500 -0.320000 0.236000
vn -0.937100 -0.282000 0.205700
vn -0.418700 -0.506500 -0.753700
vn -0.500700 -0.293400 -0.814400
vn -0.987300 0.158000 -0.011900
vn -0.979800 0.053800 -0.192600
vn 0.429200 -0.213800 -0.877500
vn 0.495600 -0.291700 -0.818000
vn -0.454200 -0.522000 -0.721900
vn 0.604100 0.340900 0.720300
vn 0.539400 0.236400 0.808200
vn 0.987800 0.152800 -0.028500
vn -0.296000 0.261300 0.918700
vn -0.384700 0.037500 0.922200
vn -0.982000 -0.126000 0.140400
vn -0.999100 -0.020800 0.034900
vn -0.421700 -0.439600 0.793000
vn 0.477800 0.573600 -0.665400
vn -0.512500 0.494500 -0.702000
vn -0.672800 0.016300 -0.739600
vn 0.633800 -0.257500 0.729400
vn 0.972400 0.232500 0.019300
vn 0.957900 0.256100 0.129400
vn -0.412200 -0.281300 0.866600
vn -0.538200 0.256700 -0.802800
vn 0.970200 0.142700 -0.195600
vn 0.493100 0.376800 -0.784100
vn -0.376000 -0.224500 0.899000
vn 0.920800 0.091800 0.378900
vn 0.858200 0.173000 -0.483200
vn -0.975300 -0.039900 0.217200
vn -0.773100 0.440000 0.456900
vn -0.172800 0.781000 0.600100
vn -0.970200 -0.218400 0.105200
vn -0.720700 0.280700 -0.633800
vn 0.344200 0.345200 -0.873100
vn 0.681300 0.715100 0.155900
vn 0.875900 0.240600 -0.418300
vn 0.280300 -0.358900 -0.890300
vn -0.687600 -0.446500 -0.572600
vn 0.656300 -0.623200 0.425400
vn 0.249600 -0.655900 0.712300
vn -0.662300 -0.721600 0.201500
vn -0.467900 0.390900 0.792600
vn 0.242000 0.560000 0.792300
vn 0.737000 0.514300 0.438500
vn 0.948900 0.264100 -0.172800
vn -0.420000 -0.606100 0.675400
vn 0.557000 -0.722000 -0.410400
vn 0.787600 -0.596200 -0.155600
vn -0.538200 0.104300 0.836300
vn -0.301900 -0.690400 0.657400
vn -0.305800 -0.789900 0.531500
vn -0.875100 0.085100 0.476300
vn -0.787200 -0.533400 0.309600
vn -0.711800 -0.568700 0.412200
vn -0.509900 -0.840300 -0.184000
vn -0.409200 -0.903600 -0.126600
vn -0.142000 0.984600 0.102100
vn -0.325000 0.926000 0.192100
vn 0.063600 0.942300 -0.328700
vn -0.287200 0.861300 0.419100
vn -0.618200 -0.056600 0.783900
vn -0.123200 0.539100 -0.833200
vn -0.406400 0.852400 -0.329100
vn -0.312500 0.905000 -0.288700
vn 0.020200 -0.999300 0.031600
vn -0.109900 -0.918800 0.379200
vn -0.044300 -0.950300 0.308000
vn -0.719100 0.660800 0.214800
vn -0.639100 0.712700 0.289000
vn -0.039600 -0.091100 -0.995000
vn 0.080800 -0.084400 -0.993100
vn -0.080300 -0.699100 -0.710500
vn -0.201400 -0.660600 -0.723200
vn 0.341400 -0.741100 -0.578000
vn 0.480500 0.310300 -0.820200
vn 0.640100 -0.611600 0.465000
vn -0.015900 0.576600 -0.816900
vn -0.806200 0.104400 0.582300
vn 0.219600 0.851200 -0.476700
vn 0.285800 0.368300 -0.884700
vn 0.266300 0.914100 -0.305600
vn -0.639600 -0.083200 0.764200
vn -0.311300 -0.736300 0.600800
vn -0.460600 0.002100 0.887600
vn -0.144200 0.958800 0.244700
vn -0.171200 -0.704300 0.688900
vn -0.353200 -0.109400 0.929100
vn 0.120700 -0.992200 0.029600
vn -0.133200 -0.939200 0.316500
vn 0.292200 -0.939100 0.180700
vn 0.827800 0.236700 0.508600
vn 0.611900 -0.599400 -0.515900
vn 0.437800 0.844900 -0.307100
vn 0.120300 0.338000 0.933400
vn -0.045700 0.329000 -0.943200
vn -0.087900 -0.856300 -0.508900
vn 0.331000 0.941600 0.062400
vn 0.541000 -0.211300 0.814000
vn -0.161700 0.919500 0.358300
vn 0.489400 0.831500 -0.262800
vn 0.910200 0.383500 0.156200
vn 0.053700 -0.997500 -0.045300
vn -0.043100 -0.942700 0.330900
vn 0.397000 -0.716100 -0.574100
vn 0.745600 0.538800 -0.392100
vn 0.345900 0.779400 -0.522300
vn 0.541900 0.326800 -0.774200
vn 0.214300 0.883500 -0.416400
vn 0.636000 -0.694700 -0.335900
vn 0.718500 -0.547300 0.429200
vn 0.887900 0.370600 -0.272600
vn 0.616500 0.286900 -0.733200
vn 0.666200 0.742900 0.065700
vn 0.695000 0.233400 -0.680000
vn -0.469700 0.578900 -0.666500
vn -0.971800 0.235100 0.017100
vn -0.954900 0.264900 0.133900
vn -0.201200 -0.049900 -0.978300
vn -0.263400 0.495700 -0.827600
vn -0.544300 -0.838300 0.031200
vn 0.171200 -0.983800 0.052000
vn 0.117400 -0.561700 0.818900
vn -0.641500 -0.710500 -0.289200
vn -0.886100 -0.439900 0.145800
vn 0.876000 -0.482000 0.016900
vn 0.547300 -0.210200 0.810100
vn -0.358000 -0.549400 -0.755000
vn 0.925300 0.348900 -0.148500
vn 0.595700 0.301800 0.744300
vn 0.373600 0.923600 -0.085400
vn -0.508600 0.766900 -0.391400
vn -0.949200 0.104600 0.296700
vn 0.225500 0.705000 0.672400
vn -0.361300 0.923100 -0.131500
vn -0.793000 0.604600 0.074500
vn -0.872800 0.447600 -0.194600
vn -0.691900 0.415800 0.590100
vn -0.952000 -0.302600 -0.045800
vn -0.405300 -0.522800 0.749800
vn -0.742800 -0.096900 0.662500
vn 0.062500 -0.988600 -0.137200
vn 0.757100 -0.651900 0.042100
vn 0.936300 -0.229200 0.266100
vn 0.957600 0.041300 -0.285100
vn 0.876500 0.424800 0.226300
vn 0.463500 0.398000 -0.791700
vn 0.253100 0.874900 -0.412900
vn -0.231000 0.061300 -0.971000
vn -0.431500 -0.631900 -0.643800
vn 0.223800 -0.882500 -0.413600
vn -0.623500 0.450100 -0.639300
vn -0.973500 0.100600 -0.205400
vn -0.757100 0.651900 -0.042100
vn -0.062500 0.988600 0.137200
vn -0.499500 -0.070600 0.863400
vn 0.667100 0.072900 0.741400
vn 0.231000 -0.061300 0.971000
vn -0.704300 -0.201500 -0.680700
vn -0.504800 -0.477700 -0.719000
vn -0.463500 -0.398000 0.791700
vn -0.471700 -0.355500 0.806900
vn 0.085100 -0.980700 -0.176200
vn 0.862700 -0.500800 0.070200
vn -0.988600 0.065400 0.135300
vn 0.378900 0.042400 0.924500
vn 0.915600 -0.323100 0.239000
vn 0.940100 -0.279400 0.195200
vn 0.293300 0.259300 0.920200
vn -0.919100 -0.360500 0.158700
vn -0.540400 -0.041400 0.840400
vn -0.534800 0.233200 0.812100
vn 0.448800 -0.527400 -0.721300
vn 0.434100 -0.482800 -0.760600
vn 0.423700 -0.441400 0.790900
vn 0.379100 -0.222700 0.898100
vn 0.971000 -0.215500 0.103500
vn -0.453900 -0.228600 -0.861200
vn -0.605400 0.341300 0.719000
vn 0.387000 0.034800 0.921400
vn 0.982000 -0.129000 0.138100
vn 0.424300 -0.280600 0.860900
vn 0.673300 0.015100 -0.739200
vn 0.515000 0.493400 -0.700900
vn -0.634700 -0.259700 0.727800
vn 0.999300 -0.022200 0.030900
vn 0.534500 0.257000 -0.805100
vn -0.495900 0.376100 -0.782700
vn -0.973700 0.133900 -0.184100
vn -0.919200 0.084900 0.384400
vn -0.858700 0.170500 -0.483300
vn 0.975700 -0.036000 0.216000
vn 0.170500 0.783500 0.597500
vn 0.721200 0.285400 -0.631200
vn -0.342500 0.344300 -0.874100
vn -0.876100 0.241400 -0.417300
vn -0.680500 0.716000 0.155600
vn 0.687800 -0.446600 -0.572200
vn -0.279600 -0.358200 -0.890700
vn 0.662500 -0.721400 0.201700
vn -0.249600 -0.655900 0.712300
vn -0.656300 -0.623200 0.425400
vn -0.242000 0.560400 0.792100
vn 0.467900 0.391300 0.792400
vn -0.948700 0.264600 -0.172800
vn -0.736900 0.514700 0.438300
vn 0.420000 -0.606200 0.675400
vn -0.557300 -0.722000 -0.410000
vn 0.772600 0.441400 0.456400
vn -0.787600 -0.596200 -0.155600
vn 0.917900 -0.367000 0.150800
vn -0.695300 0.243700 -0.676100
vn 0.978900 0.057000 -0.196300
vn -0.147200 -0.017000 0.989000
vn 0.984800 0.167100 -0.046100
vn 0.547900 -0.185800 -0.815600
vn -0.756400 -0.595700 0.270200
vn 0.142800 -0.011200 0.989700
vn -0.984400 0.170700 -0.042800
vn 0.852800 -0.503500 0.138300
vn -0.262100 0.775100 0.574900
vn 0.105400 0.992600 -0.059200
vn 0.342100 -0.776500 -0.529100
vn -0.354600 -0.629800 0.691100
vn -0.452600 0.103000 0.885700
vn 0.434600 0.628300 -0.645200
vn 0.229100 0.065400 0.971200
vn 0.368800 0.558300 0.743200
vn 0.638200 0.717900 0.278000
vn 0.532600 -0.104400 -0.839800
vn 0.951700 -0.086800 -0.294500
vn -0.025300 -0.994100 0.105000
vn 0.812100 -0.579700 -0.066600
vn 0.879700 0.450700 -0.151700
vn 0.542500 -0.739400 0.398600
vn 0.301000 -0.472200 0.828500
vn 0.877600 -0.474300 0.069500
vn 0.991000 -0.073000 -0.112300
vn 0.930000 -0.091700 -0.355900
vn 0.738200 0.575700 0.351500
vn 0.599200 0.760100 0.251300
vn 0.854800 0.477200 -0.203600
vn 0.460100 -0.388200 0.798500
vn 0.657300 -0.606300 0.447500
vn 0.493500 -0.784000 0.376600
vn 0.932800 0.360400 0.005100
vn 0.519300 0.448900 0.727200
vn 0.312500 0.591500 0.743200
vn 0.403400 0.050400 0.913600
vn 0.162500 0.069600 0.984300
vn 0.237300 -0.500500 0.832500
vn 0.780500 -0.614300 -0.115800
vn 0.424900 0.693000 -0.582400
vn 0.292600 0.836800 -0.462600
vn -0.316600 -0.675800 0.665600
vn 0.030400 -0.986800 0.159200
vn 0.199800 0.975200 -0.095100
vn 0.351500 -0.841700 -0.409900
vn 0.263300 -0.689000 -0.675200
vn 0.269500 -0.637900 -0.721400
vn 0.333400 0.728700 -0.598200
vn -0.316900 0.700200 -0.639700
vn 0.822900 0.053700 -0.565600
vn 0.502600 -0.036900 -0.863700
vn -0.366200 -0.693700 0.620200
vn 0.115500 -0.671400 0.732000
vn 0.571200 -0.656800 0.492300
vn 0.128900 0.037400 0.990900
vn -0.474800 -0.103300 0.874000
vn 0.566300 -0.173700 0.805700
vn 0.897200 0.345000 0.275600
vn 0.851600 -0.179400 0.492400
vn 0.663400 0.582000 0.470200
vn 0.073800 0.665100 0.743000
vn 0.212200 -0.731000 0.648500
vn -0.525700 -0.451600 0.720900
vn -0.731000 -0.625600 -0.272500
vn 0.821800 -0.373700 -0.430100
vn 0.074700 -0.936500 -0.342600
vn 0.306200 -0.819800 -0.483800
vn 0.758200 0.327800 -0.563600
vn -0.904200 0.293100 -0.310400
vn -0.319500 0.734900 -0.598200
vn -0.818900 -0.309200 -0.483600
vn -0.431100 0.596100 -0.677300
vn -0.974400 -0.222200 0.032800
vn 0.923100 -0.218800 0.316200
vn -0.106500 -0.277600 -0.954800
vn 0.451300 -0.447600 0.772000
vn 0.721800 0.498300 -0.480200
vn -0.996400 -0.046700 0.070200
vn -0.412500 -0.221400 -0.883600
vn 0.916700 -0.076200 -0.392300
vn 0.560100 0.329000 0.760200
vn -0.409600 0.084000 -0.908400
vn -0.905100 0.194000 0.378300
vn -0.855900 0.357200 0.374100
vn 0.285300 0.277700 0.917300
vn 0.929100 -0.344400 -0.134400
vn 0.260200 -0.043300 0.964600
vn 0.928200 -0.194700 -0.317000
vn -0.185200 0.646600 -0.740000
vn -0.082000 0.721400 0.687600
vn -0.071200 -0.997400 0.011500
vn 0.047500 -0.733300 -0.678200
vn -0.209000 0.558300 -0.802900
vn 0.812000 -0.183900 -0.553800
vn 0.550900 -0.368600 -0.748700
vn -0.624100 0.678200 0.388000
vn -0.736400 0.076500 0.672100
vn 0.001100 0.008900 -0.999900
vn -0.569000 -0.396400 -0.720500
vn -0.012200 0.257400 0.966200
vn -0.381800 0.230300 0.895100
vn 0.887200 -0.109400 0.448200
vn 0.453700 -0.792900 0.406700
vn -0.581300 -0.045900 0.812300
vn 0.298600 0.309000 0.903000
vn -0.923300 -0.103200 0.370000
vn 0.160700 -0.685600 0.710000
vn 0.507000 -0.133200 -0.851600
vn -0.803000 -0.304800 -0.512000
vn -0.409700 -0.085800 -0.908200
vn -0.134000 -0.929800 -0.342600
vn 0.157400 -0.950900 -0.266500
vn -0.139800 -0.755100 0.640500
vn 0.685700 -0.587200 -0.430100
vn 0.724800 -0.406600 0.556100
vn 0.016100 -0.740000 0.672400
vn -0.878800 -0.445100 -0.171700
vn -0.371600 -0.864900 -0.337500
vn -0.092100 -0.947600 -0.305700
vn -0.922700 0.290100 -0.253700
vn 0.784200 0.367600 -0.499800
vn 0.727800 -0.233000 -0.644900
vn 0.119900 0.771900 -0.624300
vn 0.980900 -0.096700 -0.168700
vn 0.180500 0.645600 -0.742100
vn 0.939400 0.321700 0.118800
vn 0.049600 -0.140900 -0.988800
vn -0.295200 -0.545700 0.784200
vn -0.885100 0.397800 -0.241500
vn 0.845300 0.398800 0.355700
vn 0.488800 0.093600 -0.867300
vn -0.455500 0.001600 0.890200
vn -0.906800 -0.341300 -0.247100
vn 0.885800 0.110500 0.450700
vn 0.501500 0.081500 -0.861300
vn -0.236100 0.218700 0.946800
vn -0.809900 -0.551200 -0.200400
vn -0.353900 -0.050900 0.933900
vn -0.899500 -0.106300 -0.423800
vn 0.989700 0.100800 0.101000
vn -0.219100 -0.971300 0.092700
vn 0.175400 -0.027500 -0.984100
vn -0.213800 -0.843100 0.493400
vn -0.300500 -0.383600 0.873300
vn 0.645600 -0.677200 0.352900
vn -0.325100 -0.935200 0.140200
vn 0.584800 -0.811000 -0.018600
vn -0.027400 -0.933400 0.357600
vn -0.469400 -0.582100 -0.663800
vn 0.525300 -0.244600 -0.815000
vn -0.729100 -0.652700 0.206000
vn -0.676100 -0.209400 -0.706400
vn 0.556000 -0.019900 -0.830900
vn -0.977100 -0.152400 0.148600
vn -0.723000 0.688900 0.051500
vn -0.762600 0.577200 0.292000
vn -0.791800 -0.197600 -0.577800
vn 0.323900 0.911800 0.252100
vn 0.489700 0.852400 0.183200
vn -0.153400 0.428100 -0.890600
vn -0.250300 0.256800 0.933400
vn -0.034600 0.984200 0.173400
vn 0.975100 0.124800 0.183400
vn 0.793500 -0.608600 -0.000900
vn 0.084500 -0.973000 0.214600
vn -0.578800 -0.775700 0.251400
vn -0.945100 -0.178400 0.273500
vn -0.733400 0.670600 0.111200
vn -0.090600 0.993800 -0.063900
vn 0.988200 0.090200 -0.123700
vn 0.583500 0.798000 -0.150500
vn 0.618300 0.785400 -0.029700
vn 0.444100 -0.667000 0.598200
vn 0.390100 -0.795900 0.463000
vn -0.076100 -0.980700 -0.180100
vn 0.725200 -0.585300 0.362600
vn 0.642600 -0.616300 0.455200
vn 0.393500 -0.910100 -0.130200
vn 0.138200 -0.662300 -0.736400
vn 0.263600 -0.621000 -0.738100
vn 0.345200 0.475400 0.809200
vn -0.022200 0.969700 0.243400
vn 0.299000 0.856500 0.420800
vn 0.346400 -0.636700 0.688900
vn 0.468300 0.853200 -0.229700
vn 0.376300 0.907300 -0.187300
vn 0.626600 0.664600 0.407000
vn -0.214300 -0.843500 -0.492500
vn -0.260300 -0.891200 -0.371500
vn -0.320900 -0.668800 -0.670600
vn 0.707100 0.621400 0.337300
vn 0.737600 0.037000 0.674200
vn 0.030100 -0.021900 -0.999300
vn 0.130100 0.626500 -0.768500
vn 0.240100 0.578100 -0.779900
vn 0.156700 -0.033900 -0.987100
vn -0.359700 0.008900 -0.933000
vn -0.866500 -0.487400 -0.107500
vn -0.162200 0.917300 -0.363600
vn -0.006200 -0.999300 -0.035400
vn 0.813400 0.021800 0.581300
vn 0.053200 0.931600 -0.359400
vn 0.158700 0.953000 0.257900
vn 0.533000 0.358300 0.766500
vn 0.097000 0.899200 0.426600
vn -0.071000 -0.993100 -0.093300
vn 0.221300 -0.753700 0.618800
vn 0.079000 -0.813700 0.575900
vn -0.211600 -0.977400 -0.001500
vn -0.230400 -0.873100 -0.429600
vn -0.411800 -0.630700 -0.657700
vn -0.633000 0.161400 -0.757100
vn -0.839500 0.121900 0.529500
vn -0.582500 -0.637300 -0.504400
vn -0.083900 0.921100 0.380100
vn -0.226700 -0.345700 0.910500
vn -0.752600 -0.469100 0.462000
vn -0.038800 -0.267500 -0.962800
vn 0.361700 0.819700 -0.444100
vn -0.039600 0.699900 0.713100
vn -0.410000 0.693500 0.592400
vn 0.363200 0.413200 0.835100
vn 0.341400 0.306300 0.888600
vn -0.801500 0.473000 0.365800
vn -0.166400 0.904600 0.392300
vn -0.318400 -0.850700 -0.418300
vn -0.338000 -0.607300 -0.719000
vn -0.452900 0.049600 -0.890200
vn -0.444000 0.888800 0.113600
vn -0.228700 0.923000 -0.309300
vn 0.033400 0.983100 0.179900
vn -0.719000 0.004100 -0.695000
vn -0.928100 -0.370000 -0.039900
vn -0.648100 0.754900 0.100600
vn -0.315400 0.900400 -0.299600
vn 0.162100 0.932200 0.323700
vn 0.583800 0.768500 -0.262100
vn 0.398100 0.533400 -0.746300
vn 0.270700 -0.398700 0.876200
vn 0.290100 -0.940500 0.176600
vn 0.856700 -0.515700 -0.006200
vn 0.342300 0.001000 -0.939600
vn 0.655000 -0.716500 -0.239800
vn -0.266200 -0.265600 0.926600
vn -0.558900 -0.794500 0.237300
vn 0.448700 -0.516400 -0.729400
vn -0.545900 0.158400 0.822700
vn -0.994900 -0.101100 0.000500
vn -0.408600 0.658100 0.632300
vn -0.753600 0.650300 -0.095300
vn 0.790700 0.567900 0.228700
vn 0.497600 -0.847900 -0.182600
vn 0.010900 0.897000 0.441900
vn -0.110200 0.948400 -0.297300
vn 0.897500 0.049300 0.438200
vn 0.841200 -0.482600 0.243800
vn 0.517300 0.766300 0.381100
vn 0.542900 0.725300 -0.423100
vn 0.704600 -0.159700 0.691400
vn 0.967900 0.117300 -0.222100
vn 0.800500 0.343900 0.490900
vn -0.996900 0.026900 0.073300
vn -0.905400 -0.170200 -0.388900
vn -0.321400 -0.533900 -0.782100
vn -0.737000 0.458800 0.496200
vn -0.808100 0.573600 -0.133800
vn 0.122800 0.938700 0.321900
vn -0.126800 0.953900 -0.272000
vn 0.859800 0.479900 -0.174300
vn 0.457200 0.590300 -0.665200
vn -0.375000 -0.222600 -0.899900
vn 0.359900 -0.153600 -0.920200
vn 0.978900 -0.165000 -0.120700
vn 0.749500 0.050000 -0.660100
vn 0.321400 0.533900 0.782100
vn 0.905400 0.170200 0.388900
vn 0.126800 -0.953900 0.272000
vn -0.457200 -0.590300 0.665200
vn -0.767600 -0.188000 0.612700
vn 0.903400 -0.417100 0.098900
vn 0.491300 -0.030800 -0.870400
vn 0.241200 -0.800100 0.549200
vn 0.143400 -0.939200 0.312000
vn -0.552400 -0.436300 0.710300
vn -0.964500 -0.050000 -0.259100
vn -0.330900 -0.494600 -0.803600
vn 0.212700 0.728400 0.651300
vn 0.340900 0.032000 0.939500
vn -0.020100 -0.998800 0.043600
vn -0.297900 -0.729400 -0.615800
vn 0.244500 -0.683400 0.687800
vn -0.329600 0.682500 -0.652300
vn -0.065000 0.997800 -0.008100
vn -0.426100 -0.032900 -0.904000
vn -0.970000 -0.025600 -0.241800
vn -0.878600 -0.034500 -0.476300
vn -0.806900 0.521100 -0.278100
vn -0.604100 0.765000 0.223300
vn -0.388600 0.556000 0.734700
vn -0.595300 0.422000 0.683700
vn -0.725100 -0.607600 0.324100
vn -0.560000 -0.786700 0.259700
vn -0.776400 -0.576800 -0.253800
vn -0.913400 0.397900 -0.086000
vn -0.286100 0.016000 0.958100
vn -0.516300 0.012900 0.856300
vn -0.356800 -0.540500 0.761900
vn -0.568900 -0.414700 0.710200
vn -0.892400 -0.445200 -0.073000
vn -0.326400 0.804700 -0.495800
vn 0.081700 -0.996200 -0.030400
vn -0.323300 0.931700 0.165300
vn -0.137800 0.722400 0.677500
vn -0.249000 0.072100 -0.965800
vn -0.347500 -0.136000 -0.927700
vn -0.758600 0.580300 0.296200
vn -0.815500 -0.541900 -0.203000
vn -0.644600 0.725000 0.242700
vn -0.838700 0.493700 -0.229800
vn -0.346800 0.016600 0.937700
vn -0.417600 -0.508100 0.753200
vn -0.440800 0.527400 0.726300
vn -0.611800 -0.739500 0.280700
vn 0.555700 -0.004200 0.831400
vn 0.684200 0.192900 0.703300
vn -0.658900 -0.183600 -0.729400
vn -0.686100 0.172300 0.706800
vn -0.835800 0.185700 0.516700
vn 0.696200 -0.199800 -0.689500
vn -0.561300 -0.208100 -0.801000
vn 0.598400 -0.177000 -0.781400
vn 0.834500 0.175600 0.522300
vn -0.531700 -0.833900 0.147600
vn 0.513400 -0.829200 0.221000
vn -0.499100 -0.840400 0.210900
vn 0.537600 -0.817600 0.205900
vn -0.019000 -0.972900 0.230500
vn 0.737000 0.078300 0.671300
vn 0.683200 -0.138200 -0.717000
vn -0.683200 -0.138400 -0.717000
vn 0.136500 0.145200 0.979900
vn 0.982000 0.040600 -0.184400
vn -0.736500 0.079800 0.671700
vn 0.537200 -0.810000 0.235100
vn -0.505000 -0.828800 0.241000
vn -0.445800 -0.820400 0.358000
vn -0.132500 0.144700 0.980500
vn -0.982300 0.045300 -0.181900
vn 0.506100 -0.828200 0.240700
vn -0.537200 -0.810000 0.235200
vn -0.955700 -0.238000 0.173200
vn -0.909500 -0.031000 -0.414400
vn -0.285700 0.750700 0.595600
vn 0.431500 0.631900 0.643800
vn -0.957600 -0.041300 0.285100
vn 0.083200 0.083400 0.993000
vn -0.359900 0.153600 0.920200
vn 0.808100 -0.573600 0.133800
vn -0.164600 -0.725300 -0.668400
s off
f 6/1/1 68/2/1 2/3/1
f 773/4/2 772/5/2 547/6/2
f 146/7/3 145/8/3 770/9/3
f 768/10/4 154/11/4 766/12/4
f 149/13/5 765/14/5 767/15/5
f 300/16/6 308/17/6 302/18/6
f 301/19/7 305/20/7 299/21/7
f 315/22/6 321/23/6 324/24/6
f 314/25/7 319/26/7 325/27/7
f 315/22/6 316/28/6 322/29/6
f 314/25/7 320/30/7 323/29/7
f 145/8/8 154/31/8 768/32/8
f 148/33/9 767/15/9 766/12/9
f 435/34/10 436/35/10 438/36/10
f 438/36/11 440/37/11 439/38/11
f 440/37/12 442/39/12 441/40/12
f 436/41/13 444/42/13 438/43/13
f 446/44/14 436/35/14 435/34/14
f 444/45/15 446/44/15 445/46/15
f 445/47/16 435/48/16 447/49/16
f 437/50/17 450/51/17 447/49/17
f 437/50/18 439/52/18 450/51/18
f 501/53/19 502/54/19 500/55/19
f 503/56/20 504/57/20 502/54/20
f 505/58/21 506/59/21 504/57/21
f 504/60/22 508/61/22 502/62/22
f 509/63/23 499/64/23 500/55/23
f 507/65/24 509/63/24 510/66/24
f 509/67/25 511/68/25 499/69/25
f 511/68/26 514/70/26 501/71/26
f 501/71/27 514/70/27 503/72/27
f 544/73/28 774/74/28 776/75/28
f 547/6/29 772/5/29 774/74/29
f 771/76/30 773/4/30 546/77/30
f 775/78/31 771/76/31 552/79/31
f 651/80/32 655/81/32 649/82/32
f 656/83/33 652/84/33 646/85/33
f 671/24/32 668/23/32 662/22/32
f 661/25/33 667/30/33 672/27/33
f 662/22/32 668/23/32 669/29/32
f 670/29/33 667/30/33 661/25/33
f 697/14/34 565/86/34 409/15/34
f 543/87/35 776/75/35 775/88/35
f 765/14/36 769/89/36 777/89/36
f 773/4/37 771/76/37 779/76/37
f 774/74/38 782/74/38 784/75/38
f 767/15/39 409/15/39 565/12/39
f 766/12/40 565/12/40 217/10/40
f 769/89/41 770/9/41 778/9/41
f 149/13/42 146/7/42 769/89/42
f 217/32/43 777/90/43 778/9/43
f 779/76/44 780/91/44 781/4/44
f 782/74/45 783/92/45 784/75/45
f 565/12/46 697/14/46 777/89/46
f 780/5/47 779/76/47 783/78/47
f 770/9/48 768/32/48 217/32/48
f 765/14/49 697/14/49 409/15/49
f 772/5/50 780/5/50 782/74/50
f 776/75/51 784/75/51 783/88/51
f 772/5/52 773/4/52 781/4/52
f 775/78/53 783/78/53 779/76/53
f 3/93/54 2/3/54 68/2/54
f 10/94/55 6/1/55 2/3/55
f 68/2/56 7/95/56 3/93/56
f 11/96/57 3/93/57 7/95/57
f 546/77/58 773/4/58 547/6/58
f 769/89/59 146/7/59 770/9/59
f 148/33/60 149/13/60 767/15/60
f 304/97/6 302/18/6 308/17/6
f 300/16/6 310/98/6 308/17/6
f 308/17/6 306/99/6 304/97/6
f 309/100/7 299/21/7 305/20/7
f 301/19/7 303/101/7 305/20/7
f 305/20/7 307/102/7 309/100/7
f 318/26/6 315/22/6 324/24/6
f 320/30/7 314/25/7 325/27/7
f 321/23/6 315/22/6 322/29/6
f 317/103/7 314/25/7 323/29/7
f 770/9/61 145/8/61 768/32/61
f 154/11/62 148/33/62 766/12/62
f 437/104/10 435/34/10 438/36/10
f 437/104/11 438/36/11 439/38/11
f 439/38/12 440/37/12 441/40/12
f 440/105/13 438/43/13 444/42/13
f 436/41/13 446/106/13 444/42/13
f 444/42/13 442/107/13 440/105/13
f 445/46/14 446/44/14 435/34/14
f 443/108/15 444/45/15 445/46/15
f 435/48/63 437/50/63 447/49/63
f 499/64/19 501/53/19 500/55/19
f 501/53/64 503/56/64 502/54/64
f 503/56/65 505/58/65 504/57/65
f 500/109/13 502/62/13 508/61/13
f 504/60/66 506/110/66 508/61/66
f 508/61/13 510/111/13 500/109/13
f 510/66/23 509/63/23 500/55/23
f 508/112/24 507/65/24 510/66/24
f 499/69/67 511/68/67 501/71/67
f 543/87/68 544/73/68 776/75/68
f 544/73/69 547/6/69 774/74/69
f 552/79/70 771/76/70 546/77/70
f 647/113/32 649/82/32 655/81/32
f 651/80/32 653/114/32 655/81/32
f 655/81/32 657/115/32 647/113/32
f 648/116/33 646/85/33 652/84/33
f 656/83/33 654/117/33 652/84/33
f 652/84/33 650/118/33 648/116/33
f 665/26/32 671/24/32 662/22/32
f 666/26/33 661/25/33 672/27/33
f 663/28/32 662/22/32 669/29/32
f 664/103/71 670/29/71 661/25/71
f 552/119/72 543/87/72 775/88/72
f 697/14/36 765/14/36 777/89/36
f 781/4/73 773/4/73 779/76/73
f 776/75/74 774/74/74 784/75/74
f 766/12/75 767/15/75 565/12/75
f 768/10/40 766/12/40 217/10/40
f 777/89/76 769/89/76 778/9/76
f 765/14/42 149/13/42 769/89/42
f 217/10/46 565/12/46 777/89/46
f 782/74/47 780/5/47 783/78/47
f 778/9/77 770/9/77 217/32/77
f 767/15/78 765/14/78 409/15/78
f 774/74/50 772/5/50 782/74/50
f 775/88/79 776/75/79 783/88/79
f 780/5/80 772/5/80 781/4/80
f 771/76/81 775/78/81 779/76/81
s 1
f 12/120/82 420/121/83 423/122/84
f 5/123/85 121/124/86 43/125/87
f 114/126/88 63/127/89 115/128/90
f 69/129/91 83/130/92 45/131/93
f 30/132/94 29/133/95 112/134/96
f 12/120/82 14/135/97 13/136/98
f 29/133/95 111/137/99 112/134/96
f 129/138/100 130/139/101 72/140/102
f 30/141/94 112/142/96 113/143/103
f 29/144/95 471/145/104 473/146/105
f 7/147/106 18/148/107 17/149/108
f 40/150/109 37/151/110 38/152/111
f 6/153/112 10/154/113 22/155/114
f 30/156/94 472/157/115 471/145/104
f 45/131/93 49/158/116 52/159/117
f 50/160/118 46/161/119 47/162/120
f 46/161/119 84/163/121 70/164/122
f 131/165/123 34/166/124 35/167/125
f 56/168/126 50/160/118 52/169/117
f 431/170/127 56/168/126 58/171/128
f 83/130/92 89/172/129 49/158/116
f 429/173/130 424/174/131 425/175/132
f 434/176/133 101/177/134 429/173/130
f 433/178/135 430/179/136 101/177/134
f 48/180/137 56/168/126 57/181/138
f 61/182/139 108/183/140 103/184/141
f 49/158/116 55/185/142 57/186/138
f 89/172/129 87/187/143 55/185/142
f 106/188/144 104/189/145 105/190/146
f 105/190/146 104/189/145 103/191/141
f 55/185/142 87/187/143 108/183/140
f 56/168/126 48/180/137 51/192/147
f 57/186/138 55/185/142 61/182/139
f 85/193/148 83/130/92 69/129/91
f 82/194/149 77/195/150 73/196/151
f 2/197/152 3/198/153 67/199/154
f 47/162/120 46/161/119 35/200/125
f 483/201/155 73/202/151 489/203/156
f 9/204/157 5/123/85 26/205/158
f 64/206/159 63/207/89 479/208/160
f 76/209/161 74/210/162 78/211/163
f 30/156/94 33/212/164 474/213/165
f 94/214/166 91/215/167 85/193/148
f 88/216/168 86/217/169 92/218/170
f 86/217/169 72/140/102 70/164/122
f 35/167/125 34/166/124 45/131/93
f 94/219/166 92/218/170 99/220/171
f 99/220/171 432/221/172 102/222/173
f 91/215/167 89/172/129 83/130/92
f 753/223/174 752/224/175 96/225/176
f 427/226/177 429/173/130 54/227/178
f 97/228/179 92/218/170 86/217/169
f 430/179/136 428/229/180 750/230/181
f 100/231/182 99/220/171 90/232/183
f 109/233/184 105/234/146 103/184/141
f 100/235/182 98/236/185 91/215/167
f 98/236/185 87/187/143 89/172/129
f 110/237/186 90/232/183 106/188/144
f 110/238/186 105/234/146 109/233/184
f 105/190/146 110/237/186 106/188/144
f 58/171/128 101/177/134 434/176/133
f 60/239/187 59/240/188 104/189/145
f 59/240/188 103/241/141 104/189/145
f 98/236/185 109/233/184 108/183/140
f 93/242/189 90/232/183 99/220/171
f 59/240/188 60/239/187 62/243/190
f 100/235/182 110/238/186 109/233/184
f 72/244/102 88/245/168 85/193/148
f 88/216/168 72/140/102 86/217/169
f 8/246/191 125/247/192 121/124/86
f 126/248/193 129/249/100 71/250/194
f 125/247/192 126/248/193 71/250/194
f 27/251/195 26/205/158 124/252/196
f 121/124/86 125/247/192 71/250/194
f 124/252/196 43/125/87 34/166/124
f 113/143/103 2/197/152 33/253/164
f 116/254/197 64/255/159 67/199/154
f 122/256/198 114/126/88 4/257/199
f 111/137/99 123/258/200 1/259/201
f 12/120/82 120/260/202 15/261/203
f 122/256/198 4/257/199 1/259/201
f 63/127/89 114/126/88 122/256/198
f 118/262/204 23/263/205 22/155/114
f 24/264/206 119/265/207 9/204/157
f 120/260/202 12/120/82 4/257/199
f 8/246/191 13/136/98 126/248/193
f 75/266/208 82/194/149 764/267/209
f 29/133/95 31/268/210 123/258/200
f 3/198/153 11/269/211 117/270/212
f 2/197/152 113/143/103 118/262/204
f 117/270/212 11/269/211 17/149/108
f 5/123/85 8/246/191 121/124/86
f 5/123/85 43/125/87 124/252/196
f 20/271/213 129/249/100 126/248/193
f 131/165/123 27/251/195 124/252/196
f 121/124/86 69/129/91 34/166/124
f 19/272/214 130/139/101 129/138/100
f 23/263/205 118/262/204 128/273/215
f 15/261/203 120/260/202 127/274/216
f 127/274/216 120/260/202 114/126/88
f 117/270/212 127/275/216 115/276/90
f 112/142/96 128/273/215 118/262/204
f 111/137/99 119/265/207 128/277/215
f 21/278/217 28/279/218 132/280/219
f 125/247/192 8/246/191 126/248/193
f 131/281/123 132/280/219 28/279/218
f 34/166/124 131/165/123 124/252/196
f 26/205/158 5/123/85 124/252/196
f 130/139/101 19/272/214 18/148/107
f 37/282/110 476/283/220 477/284/221
f 17/285/108 19/286/214 15/287/203
f 25/288/222 27/289/195 23/290/205
f 68/291/223 6/153/112 132/280/219
f 70/164/122 132/280/219 35/200/125
f 70/164/122 72/140/102 130/139/101
f 68/291/223 70/164/122 130/139/101
f 134/292/224 137/293/225 138/294/226
f 133/295/227 136/296/228 137/293/225
f 137/293/225 140/297/229 141/298/230
f 137/293/225 136/296/228 139/299/231
f 141/298/230 140/297/229 143/300/232
f 139/299/231 142/301/233 143/300/232
f 144/302/234 143/300/232 146/303/235
f 143/300/232 142/301/233 145/304/236
f 146/305/235 149/306/237 150/307/238
f 150/307/238 149/306/237 152/308/239
f 148/309/240 151/310/241 152/308/239
f 152/308/239 151/310/241 155/311/242
f 152/308/239 156/312/243 157/313/244
f 133/295/227 154/314/245 136/296/228
f 141/298/230 144/302/234 381/315/246
f 136/296/228 154/314/245 139/299/231
f 150/307/238 379/316/247 380/317/248
f 139/299/231 154/314/245 142/301/233
f 157/313/244 377/318/249 378/319/250
f 142/301/233 154/314/245 145/304/236
f 138/294/226 141/298/230 382/320/251
f 157/313/244 135/321/252 384/322/253
f 148/309/240 154/314/245 151/310/241
f 135/321/252 138/294/226 383/323/254
f 151/310/241 154/314/245 155/311/242
f 144/302/234 147/324/255 380/325/248
f 153/326/256 378/319/250 379/316/247
f 155/311/242 133/295/227 134/292/224
f 157/313/244 156/312/243 134/292/224
f 155/311/242 154/314/245 133/295/227
f 158/327/257 159/328/258 164/329/259
f 333/330/260 335/331/261 330/332/262
f 160/333/263 165/334/264 169/335/265
f 161/336/266 166/337/267 167/338/268
f 163/339/269 168/340/270 166/337/267
f 170/341/271 176/342/272 180/343/273
f 177/344/274 181/345/275 175/346/276
f 178/347/277 179/348/278 173/349/279
f 174/350/280 180/343/273 178/347/277
f 176/351/272 181/345/275 194/352/281
f 179/348/278 193/353/282 192/354/283
f 192/354/283 194/352/281 181/345/275
f 178/347/277 180/343/273 186/355/284
f 184/356/285 185/357/286 193/353/282
f 182/358/287 196/359/288 199/360/289
f 195/361/290 194/352/281 187/362/291
f 183/363/292 192/354/283 193/353/282
f 183/363/292 187/362/291 194/352/281
f 197/364/293 198/365/294 185/366/286
f 178/347/277 184/356/285 193/353/282
f 186/367/284 199/360/289 197/364/293
f 189/368/295 188/369/296 187/362/291
f 205/370/297 207/371/298 191/372/299
f 200/373/300 203/374/301 199/360/289
f 197/364/293 201/375/302 202/376/303
f 199/360/289 203/374/301 201/375/302
f 191/372/299 207/371/298 204/377/304
f 198/365/294 190/378/305 189/379/295
f 191/380/299 204/381/304 200/373/300
f 182/358/287 188/382/296 191/380/299
f 200/373/300 204/381/304 207/383/298
f 205/384/297 206/385/306 202/376/303
f 201/375/302 203/374/301 207/383/298
f 208/386/307 211/387/308 222/388/309
f 285/389/310 287/390/311 263/391/312
f 289/392/313 262/393/314 263/394/312
f 209/395/315 219/396/316 223/397/317
f 408/398/318 717/399/319 208/400/307
f 295/401/320 297/402/321 258/403/322
f 220/404/323 224/405/324 213/406/325
f 297/402/321 268/407/326 265/408/327
f 293/409/328 260/410/329 261/411/330
f 291/412/331 261/411/330 262/393/314
f 221/413/332 246/414/333 247/415/334
f 295/401/320 259/416/335 260/410/329
f 211/387/308 213/406/325 224/405/324
f 268/407/326 285/389/310 264/417/336
f 223/397/317 225/418/337 214/419/338
f 231/420/339 223/397/317 219/396/316
f 218/421/340 222/388/309 230/422/341
f 216/423/342 215/424/343 219/396/316
f 230/422/341 253/425/344 254/426/345
f 228/427/346 232/428/347 224/405/324
f 243/429/348 244/430/349 235/431/350
f 222/388/309 224/405/324 232/428/347
f 231/420/339 233/432/351 225/418/337
f 226/433/352 254/426/345 253/425/344
f 214/419/338 242/434/353 234/435/354
f 227/436/355 226/433/352 238/437/356
f 254/438/345 249/439/357 215/424/343
f 245/440/358 248/441/359 246/442/333
f 244/443/349 248/441/359 245/440/358
f 252/444/360 255/445/361 232/428/347
f 235/431/350 251/446/362 252/444/360
f 229/447/363 244/443/349 245/440/358
f 233/432/351 257/448/364 256/449/365
f 221/450/332 234/435/354 242/434/353
f 256/449/365 251/451/362 235/452/350
f 232/428/347 255/445/361 253/425/344
f 231/420/339 250/453/366 257/448/364
f 236/454/367 240/455/368 255/445/361
f 241/456/369 240/455/368 236/454/367
f 249/439/357 254/438/345 226/457/352
f 237/458/370 256/449/365 257/448/364
f 218/459/340 219/396/316 209/395/315
f 238/437/356 253/425/344 255/445/361
f 239/460/371 238/437/356 240/455/368
f 241/461/369 257/448/364 250/453/366
f 225/418/337 233/432/351 245/440/358
f 221/413/332 247/415/334 243/429/348
f 247/415/334 246/414/333 248/462/359
f 234/463/354 243/429/348 220/404/323
f 220/404/323 243/429/348 228/427/346
f 214/419/338 225/418/337 242/434/353
f 177/344/274 173/349/279 179/348/278
f 171/464/372 177/344/274 175/346/276
f 345/465/373 347/466/374 341/467/375
f 175/346/276 169/335/265 165/334/264
f 294/468/376 296/469/377 295/401/320
f 270/470/378 272/471/379 271/472/380
f 296/473/377 290/474/381 288/475/382
f 272/471/379 274/476/383 273/477/384
f 290/478/381 292/479/385 291/412/331
f 273/480/384 274/481/383 276/482/386
f 288/483/382 290/478/381 289/392/313
f 275/484/387 276/482/386 278/485/388
f 295/401/320 296/469/377 298/486/389
f 285/389/310 286/487/390 288/488/382
f 277/489/391 278/485/388 280/490/392
f 297/402/321 298/486/389 267/491/393
f 268/407/326 267/491/393 286/487/390
f 280/490/392 282/492/394 281/493/395
f 284/494/396 270/470/378 269/495/397
f 282/492/394 284/494/396 283/496/398
f 292/479/385 294/468/376 293/409/328
f 275/497/387 281/498/395 283/499/398
f 300/500/399 302/501/400 316/502/401
f 316/502/401 304/501/402 311/503/403
f 311/503/403 304/501/402 306/500/404
f 312/504/405 306/500/404 308/505/406
f 310/505/407 300/500/399 315/506/408
f 313/507/409 319/508/410 307/509/411
f 311/503/403 312/504/405 305/510/412
f 305/510/412 312/504/405 313/507/409
f 314/511/413 317/512/414 301/513/415
f 319/508/410 318/514/416 324/515/417
f 319/508/410 314/511/413 299/510/418
f 320/511/419 321/506/420 322/516/421
f 325/517/422 324/515/417 321/506/420
f 316/502/401 317/512/414 323/518/423
f 326/519/424 327/520/425 331/521/426
f 168/340/270 158/522/257 266/523/427
f 166/337/267 168/340/270 174/350/280
f 175/346/276 181/345/275 176/351/272
f 340/524/428 334/525/429 335/331/261
f 326/526/424 337/527/430 332/528/431
f 348/529/432 354/530/433 363/531/434
f 328/532/435 332/528/431 337/527/430
f 329/533/436 330/332/262 335/331/261
f 334/525/429 336/534/437 331/521/426
f 338/535/438 342/536/439 348/529/432
f 343/537/440 349/538/441 345/465/373
f 341/467/375 347/466/374 346/539/442
f 346/539/442 348/529/432 342/536/439
f 344/540/443 363/541/434 362/542/444
f 360/543/445 361/544/446 347/466/374
f 349/538/441 362/542/444 360/543/445
f 346/539/442 352/545/447 354/530/433
f 352/545/447 361/544/446 353/546/448
f 350/547/449 354/548/433 367/549/450
f 355/550/451 362/542/444 363/541/434
f 190/551/305 206/552/306 205/370/297
f 351/553/452 353/546/448 361/544/446
f 182/554/287 187/362/291 188/369/296
f 351/553/452 360/543/445 362/542/444
f 182/555/287 186/355/284 195/556/290
f 353/557/448 366/558/453 365/559/454
f 346/539/442 347/466/374 361/544/446
f 365/559/454 367/549/450 354/548/433
f 202/376/303 206/385/306 190/378/305
f 355/550/451 356/560/455 357/561/456
f 359/562/457 375/563/458 373/564/459
f 367/549/450 371/565/460 368/566/461
f 189/567/295 190/551/305 191/372/299
f 365/559/454 366/558/453 370/568/462
f 369/569/463 371/565/460 367/549/450
f 359/562/457 372/570/464 375/563/458
f 357/571/456 358/572/465 366/558/453
f 368/566/461 372/573/464 359/574/457
f 350/547/449 364/575/466 359/574/457
f 368/566/461 371/565/460 375/576/458
f 370/568/462 374/577/467 373/578/459
f 369/569/463 373/578/459 375/576/458
f 169/335/265 266/579/427 158/327/257
f 342/536/439 336/534/437 334/525/429
f 342/536/439 338/535/438 376/580/468
f 339/581/469 341/467/375 335/331/261
f 343/537/440 339/581/469 333/330/260
f 278/485/388 378/319/250 377/318/249
f 162/582/470 167/338/268 165/334/264
f 170/583/271 175/346/276 176/351/272
f 349/538/441 343/537/440 344/540/443
f 343/537/440 338/584/438 344/540/443
f 42/585/471 163/339/269 161/336/266
f 41/586/472 40/150/109 161/336/266
f 162/582/470 160/333/263 39/587/473
f 32/588/474 159/589/258 163/339/269
f 80/590/475 78/211/163 329/533/436
f 79/591/476 330/332/262 329/533/436
f 331/521/426 327/520/425 66/592/477
f 82/194/149 66/593/477 327/594/425
f 332/528/431 328/532/435 77/195/150
f 77/195/150 328/532/435 330/332/262
f 282/492/394 280/490/392 377/318/249
f 276/482/386 379/316/247 378/319/250
f 274/481/383 380/317/248 379/316/247
f 381/315/246 380/325/248 274/476/383
f 382/320/251 381/315/246 272/471/379
f 383/323/254 382/320/251 270/470/378
f 384/322/253 383/323/254 284/494/396
f 265/408/327 392/595/478 385/596/479
f 262/393/314 261/411/330 388/597/480
f 263/391/312 390/598/481 391/599/482
f 260/410/329 259/416/335 386/600/483
f 258/403/322 385/596/479 386/600/483
f 264/417/336 391/599/482 392/595/478
f 391/599/482 399/601/484 400/602/485
f 392/595/478 400/602/485 393/603/486
f 388/597/480 387/604/487 395/605/488
f 389/606/489 388/597/480 396/607/490
f 387/604/487 386/600/483 394/608/491
f 390/609/481 389/606/489 397/610/492
f 390/598/481 398/611/493 399/601/484
f 385/596/479 393/603/486 394/608/491
f 414/612/494 410/613/495 720/614/496
f 417/615/497 402/616/498 714/617/499
f 412/618/500 413/619/501 406/620/502
f 410/613/495 411/621/503 714/617/499
f 415/622/504 404/623/505 402/616/498
f 416/624/506 403/625/507 404/623/505
f 412/618/500 407/626/508 403/625/507
f 413/619/501 414/612/494 405/627/509
f 721/628/510 212/629/511 214/419/338
f 716/630/512 719/631/513 213/406/325
f 717/632/319 716/630/512 211/387/308
f 721/628/510 401/633/514 212/629/511
f 401/633/514 408/398/318 209/395/315
f 718/634/515 210/635/516 213/406/325
f 397/636/492 417/637/497 411/638/503
f 394/639/491 412/640/500 416/641/506
f 396/642/490 415/643/504 417/637/497
f 395/644/488 416/641/506 415/643/504
f 400/645/485 414/646/494 413/647/501
f 399/648/484 410/649/495 414/646/494
f 394/639/491 393/650/486 413/647/501
f 399/648/484 398/651/493 411/638/503
f 422/652/517 423/122/84 419/653/518
f 8/246/191 421/654/519 420/121/83
f 5/123/85 9/204/157 418/655/520
f 5/123/85 419/653/518 421/654/519
f 9/204/157 1/259/201 422/652/517
f 4/257/199 423/122/84 422/652/517
f 229/447/363 235/452/350 244/443/349
f 236/454/367 252/444/360 251/446/362
f 247/415/334 248/462/359 244/430/349
f 237/458/370 236/656/367 251/451/362
f 249/439/357 250/453/366 231/420/339
f 715/657/521 214/419/338 210/658/516
f 227/659/355 239/660/371 250/453/366
f 95/661/522 86/217/169 84/163/121
f 51/192/147 48/180/137 60/239/187
f 434/176/133 429/173/130 427/226/177
f 428/229/180 430/179/136 433/178/135
f 101/177/134 424/174/131 429/173/130
f 430/179/136 424/174/131 101/177/134
f 424/174/131 430/179/136 425/175/132
f 754/662/523 53/663/524 96/225/176
f 58/171/128 434/176/133 431/170/127
f 428/229/180 432/221/172 99/220/171
f 58/171/128 755/664/525 101/177/134
f 427/226/177 56/168/126 431/170/127
f 431/170/127 434/176/133 427/226/177
f 50/160/118 56/168/126 427/226/177
f 432/221/172 428/229/180 433/178/135
f 428/229/180 99/220/171 92/218/170
f 97/228/179 95/661/522 426/665/526
f 53/663/524 84/163/121 46/161/119
f 102/222/173 101/177/134 755/664/525
f 102/222/173 432/221/172 433/178/135
f 102/222/173 433/178/135 101/177/134
f 454/666/527 751/667/528 453/668/529
f 754/662/523 95/661/522 84/163/121
f 751/667/528 96/225/176 453/668/529
f 452/669/530 429/173/130 425/175/132
f 97/228/179 428/229/180 92/218/170
f 95/661/522 97/228/179 86/217/169
f 54/227/178 50/160/118 427/226/177
f 50/160/118 54/227/178 46/161/119
f 35/200/125 46/161/119 70/164/122
f 84/163/121 86/217/169 70/164/122
f 47/670/120 35/167/125 45/131/93
f 132/280/219 131/281/123 35/200/125
f 71/250/194 72/244/102 85/193/148
f 71/250/194 129/249/100 72/244/102
f 93/242/189 107/671/531 104/189/145
f 93/242/189 106/188/144 90/232/183
f 60/239/187 48/180/137 62/243/190
f 62/672/190 61/182/139 59/673/188
f 75/674/208 32/675/474 42/585/471
f 75/676/208 80/590/475 66/592/477
f 442/39/532 444/677/533 443/678/534
f 439/52/535 441/679/536 449/680/537
f 439/52/535 449/680/537 450/51/538
f 445/47/539 447/49/540 448/681/541
f 443/682/534 445/47/539 448/681/541
f 441/679/536 443/683/534 448/684/541
f 447/49/540 455/685/542 456/686/543
f 453/668/529 96/225/176 53/663/524
f 54/227/178 451/687/544 46/161/119
f 451/687/544 453/668/529 46/161/119
f 753/223/174 751/667/528 454/666/527
f 454/666/527 452/669/530 425/175/132
f 429/173/130 452/669/530 451/687/544
f 452/669/530 454/666/527 453/668/529
f 456/686/543 455/685/542 459/688/545
f 448/684/541 456/689/543 457/690/546
f 447/49/540 450/51/538 458/691/547
f 450/51/538 449/680/537 457/690/546
f 460/692/548 459/688/545 463/693/549
f 457/690/546 456/689/543 460/694/548
f 458/691/547 462/695/550 459/688/545
f 457/690/546 461/696/551 462/695/550
f 463/693/549 467/697/552 468/698/553
f 460/694/548 464/699/554 465/700/555
f 459/688/545 462/695/550 466/701/556
f 461/696/551 465/700/555 466/701/556
f 464/699/554 468/702/553 469/703/557
f 463/693/549 466/701/556 470/704/558
f 466/701/556 465/700/555 469/703/557
f 76/209/161 80/590/475 75/676/208
f 38/152/111 75/674/208 42/585/471
f 39/587/473 164/329/259 764/705/209
f 75/266/208 66/593/477 82/194/149
f 123/258/200 31/268/210 65/706/559
f 67/707/154 482/708/560 474/213/165
f 63/127/89 64/709/159 115/128/90
f 115/276/90 64/255/159 116/254/197
f 79/591/476 73/196/151 77/195/150
f 74/210/162 73/196/151 79/591/476
f 78/211/163 74/210/162 79/591/476
f 723/710/561 76/209/161 75/676/208
f 80/590/475 76/209/161 78/211/163
f 42/585/471 40/150/109 38/152/111
f 40/150/109 41/586/472 37/151/110
f 41/586/472 39/587/473 36/711/562
f 41/586/472 36/711/562 37/151/110
f 31/712/210 473/146/105 481/713/563
f 476/714/220 472/715/115 474/213/165
f 471/716/104 475/717/564 478/718/565
f 482/708/560 480/719/566 484/720/567
f 473/146/105 478/718/565 724/721/568
f 486/722/569 483/723/155 479/724/160
f 725/725/570 477/726/221 474/213/165
f 480/727/566 479/728/160 483/729/155
f 475/730/564 471/731/104 472/732/115
f 63/207/89 65/733/559 481/713/563
f 73/734/151 483/735/155 486/736/569
f 484/737/567 494/738/571 490/739/572
f 36/740/562 44/741/573 478/742/565
f 74/743/162 76/744/161 485/745/574
f 64/206/159 480/746/566 482/708/560
f 492/747/575 488/748/576 496/749/577
f 475/750/564 491/751/578 487/752/579
f 476/753/220 492/754/575 491/755/578
f 484/756/567 483/729/155 493/757/580
f 37/758/110 36/759/562 487/752/579
f 74/760/162 490/739/572 489/203/156
f 476/761/220 37/758/110 488/748/576
f 493/762/580 489/203/156 497/763/581
f 487/752/579 491/751/578 495/764/582
f 493/757/580 497/765/581 498/766/583
f 488/748/576 487/752/579 495/764/582
f 490/739/572 498/767/583 497/763/581
f 491/755/578 492/754/575 496/768/577
f 183/363/292 185/357/286 189/368/295
f 350/769/449 356/560/455 355/550/451
f 359/562/457 358/770/465 357/771/456
f 358/572/465 374/577/467 370/568/462
f 358/770/465 373/564/459 374/772/467
f 351/553/452 357/561/456 353/546/448
f 507/773/584 508/774/585 506/59/586
f 503/72/587 513/775/588 505/776/589
f 503/72/587 514/70/590 513/775/588
f 509/67/591 512/777/592 511/68/593
f 507/778/584 512/777/592 509/67/591
f 505/776/589 513/775/588 512/779/592
f 516/780/594 515/781/595 511/68/593
f 516/780/594 520/782/596 519/783/597
f 517/784/598 516/785/594 512/779/592
f 511/68/593 515/781/595 518/786/599
f 514/70/590 518/786/599 517/784/598
f 520/782/596 524/787/600 523/788/601
f 517/784/598 521/789/602 520/790/596
f 519/783/597 522/791/603 518/786/599
f 522/791/603 521/789/602 517/784/598
f 528/792/604 527/793/605 523/788/601
f 525/794/606 524/795/600 520/790/596
f 519/783/597 523/788/601 526/796/607
f 526/796/607 525/794/606 521/789/602
f 529/797/608 528/798/604 524/795/600
f 523/788/601 527/793/605 530/799/609
f 526/796/607 530/799/609 529/797/608
f 536/800/610 535/801/611 532/802/612
f 535/801/611 534/803/613 531/804/614
f 539/805/615 538/806/616 535/801/611
f 535/801/611 538/806/616 537/807/617
f 539/805/615 542/808/618 541/809/619
f 541/809/619 540/810/620 537/807/617
f 545/811/621 544/812/622 541/809/619
f 541/809/619 544/812/622 543/813/623
f 545/814/621 548/815/624 547/816/625
f 551/817/626 550/818/627 547/816/625
f 550/818/627 549/819/628 546/820/629
f 550/818/627 554/821/630 553/822/631
f 555/823/632 554/821/630 550/818/627
f 531/804/614 534/803/613 552/824/633
f 678/825/634 677/826/635 542/808/618
f 534/803/613 537/807/617 552/824/633
f 676/827/636 675/828/637 548/815/624
f 537/807/617 540/810/620 552/824/633
f 551/817/626 674/829/638 673/830/639
f 540/810/620 543/813/623 552/824/633
f 679/831/640 678/825/634 539/805/615
f 555/823/632 673/830/639 680/832/641
f 546/820/629 549/819/628 552/824/633
f 533/833/642 680/832/641 679/831/640
f 549/819/628 553/822/631 552/824/633
f 677/826/635 676/834/636 545/811/621
f 675/828/637 674/829/638 551/817/626
f 532/802/612 531/804/614 553/822/631
f 533/833/642 532/802/612 554/821/630
f 553/822/631 531/804/614 552/824/633
f 556/835/643 566/836/644 570/837/645
f 632/838/646 612/839/647 611/840/648
f 611/841/648 610/842/649 636/843/650
f 557/844/651 560/845/652 571/846/653
f 557/844/651 556/847/643 710/848/654
f 642/849/655 607/850/656 606/851/657
f 561/852/658 572/853/659 568/854/660
f 644/855/661 606/851/657 613/856/662
f 609/857/663 608/858/664 640/859/665
f 610/842/649 609/857/663 638/860/666
f 569/861/667 595/862/668 594/863/669
f 608/858/664 607/850/656 642/849/655
f 559/864/670 570/837/645 572/853/659
f 615/865/671 613/856/662 612/839/647
f 562/866/672 573/867/673 571/846/653
f 567/868/674 571/846/653 579/869/675
f 578/870/676 570/837/645 566/836/644
f 564/871/677 566/872/644 567/868/674
f 602/873/678 601/874/679 578/870/676
f 572/853/659 580/875/680 576/876/681
f 583/877/682 592/878/683 591/879/684
f 570/837/645 578/870/676 580/875/680
f 573/867/673 581/880/685 579/869/675
f 574/881/686 586/882/687 601/874/679
f 582/883/688 590/884/689 562/866/672
f 575/885/690 587/886/691 586/882/687
f 563/887/692 597/888/693 602/889/678
f 594/890/669 596/891/694 593/892/695
f 592/893/683 593/892/695 596/891/694
f 580/875/680 603/894/696 600/895/697
f 600/895/697 599/896/698 583/877/682
f 577/897/699 581/880/685 593/892/695
f 604/898/700 605/899/701 581/880/685
f 569/900/667 594/890/669 590/884/689
f 583/901/682 599/902/698 604/898/700
f 601/874/679 603/894/696 580/875/680
f 579/869/675 581/880/685 605/899/701
f 584/903/702 600/895/697 603/894/696
f 584/903/702 588/904/703 589/905/704
f 574/906/686 602/889/678 597/888/693
f 585/907/705 589/908/704 605/899/701
f 557/844/651 567/868/674 566/872/644
f 586/882/687 588/904/703 603/894/696
f 587/886/691 589/905/704 588/904/703
f 598/909/706 605/899/701 589/908/704
f 573/867/673 590/884/689 593/892/695
f 569/861/667 582/910/688 591/879/684
f 595/862/668 596/911/694 594/863/669
f 568/854/660 591/879/684 582/910/688
f 568/854/660 576/876/681 591/879/684
f 562/866/672 590/884/689 573/867/673
f 642/849/655 643/912/707 641/913/708
f 618/914/709 619/915/710 617/916/711
f 639/917/712 643/918/707 635/919/713
f 620/920/714 621/921/715 619/915/710
f 638/860/666 639/922/712 637/923/716
f 620/924/714 622/925/717 623/926/718
f 636/843/650 637/923/716 635/927/713
f 622/925/717 624/928/719 625/929/720
f 642/849/655 644/855/661 645/930/721
f 632/838/646 634/931/722 635/932/713
f 624/928/719 626/933/723 627/934/724
f 644/855/661 615/865/671 614/935/725
f 615/865/671 632/838/646 633/936/726
f 628/937/727 629/938/728 627/934/724
f 616/939/729 617/916/711 631/940/730
f 630/941/731 631/940/730 629/938/728
f 640/859/665 641/913/708 639/922/712
f 626/942/723 622/943/717 630/944/731
f 663/502/732 649/501/733 647/500/734
f 658/503/735 651/501/736 663/502/732
f 658/503/735 659/504/737 653/500/738
f 659/504/737 660/507/739 655/505/740
f 662/506/741 647/500/734 657/505/742
f 666/508/743 665/514/744 660/507/739
f 652/510/745 659/504/737 658/503/735
f 652/510/745 654/509/746 660/507/739
f 646/510/747 648/513/748 664/512/749
f 666/508/743 672/517/750 671/515/751
f 646/510/747 661/511/752 666/508/743
f 667/511/753 670/518/754 669/516/755
f 672/517/750 667/511/753 668/506/756
f 669/516/755 670/518/754 664/512/749
f 625/929/720 627/934/724 673/830/639
f 629/938/728 680/832/641 673/830/639
f 623/926/718 625/929/720 674/829/638
f 621/945/715 623/926/718 675/828/637
f 621/921/715 676/834/636 677/826/635
f 619/915/710 677/826/635 678/825/634
f 617/916/711 678/825/634 679/831/640
f 631/940/730 679/831/640 680/832/641
f 757/946/757 763/947/758 613/856/662
f 611/841/648 761/948/759 758/949/760
f 760/950/761 761/951/759 611/840/648
f 608/858/664 762/952/762 756/953/763
f 756/953/763 757/946/757 606/851/657
f 609/857/663 759/954/764 762/952/762
f 610/842/649 758/949/760 759/954/764
f 763/947/758 760/950/761 612/839/647
f 702/955/765 693/956/766 713/957/767
f 707/958/768 690/959/769 705/960/770
f 700/961/771 695/962/772 694/963/773
f 698/964/774 713/957/767 707/958/768
f 690/959/769 692/965/775 703/966/776
f 692/965/775 691/967/777 704/968/778
f 691/967/777 695/962/772 700/961/771
f 701/969/779 694/963/773 693/956/766
f 712/970/780 562/866/672 560/845/652
f 711/971/781 559/864/670 561/852/658
f 710/972/654 556/835/643 559/864/670
f 706/973/782 560/845/652 689/974/783
f 689/974/783 560/845/652 557/844/651
f 561/852/658 558/975/784 709/976/785
f 699/977/786 705/978/770 685/979/787
f 704/980/778 700/981/771 682/982/788
f 685/979/787 705/978/770 703/983/776
f 703/983/776 704/980/778 683/984/789
f 701/985/779 702/986/765 688/987/790
f 702/986/765 698/988/774 687/989/791
f 700/981/771 701/985/779 681/990/792
f 698/988/774 699/977/786 686/991/793
f 577/897/699 592/893/683 583/901/682
f 584/903/702 599/896/698 600/895/697
f 592/878/683 596/911/694 595/862/668
f 585/907/705 604/898/700 599/902/698
f 579/869/675 598/909/706 597/888/693
f 558/992/784 562/866/672 712/970/780
f 575/993/690 597/888/693 598/909/706
f 171/464/372 165/334/264 167/338/268
f 336/534/437 342/536/439 376/580/468
f 339/581/469 343/537/440 345/465/373
f 339/581/469 345/465/373 341/467/375
f 174/350/280 168/340/270 266/523/427
f 175/346/276 170/583/271 266/579/427
f 172/994/794 178/347/277 173/349/279
f 174/350/280 170/341/271 180/343/273
f 344/995/443 338/535/438 348/529/432
f 340/524/428 341/467/375 346/539/442
f 195/556/290 186/355/284 180/343/273
f 170/341/271 174/350/280 266/523/427
f 171/464/372 173/349/279 177/344/274
f 426/665/526 750/230/181 97/228/179
f 104/189/145 107/671/531 51/192/147
f 402/996/498 404/997/505 407/998/508
f 690/999/769 707/1000/768 693/1001/766
f 490/739/572 494/738/571 498/767/583
f 336/534/437 376/580/468 326/519/424
f 158/522/257 168/340/270 163/339/269
f 376/1002/468 338/584/438 343/537/440
f 350/1003/449 363/531/434 354/530/433
f 326/526/424 376/1002/468 337/527/430
f 38/152/111 723/1004/561 75/674/208
f 723/1005/561 725/1006/570 729/1007/795
f 723/1008/561 732/1009/796 733/1010/797
f 485/1011/574 727/1012/798 729/1013/795
f 76/744/161 723/1005/561 728/1014/799
f 485/745/574 76/744/161 726/1015/800
f 341/467/375 340/524/428 335/331/261
f 477/726/221 725/725/570 733/1016/797
f 38/1017/111 730/1018/801 732/1009/796
f 477/284/221 731/1019/802 730/1018/801
f 167/338/268 166/337/267 172/994/794
f 733/1016/797 737/1020/803 736/1021/804
f 732/1009/796 730/1018/801 736/1022/804
f 733/1010/797 732/1009/796 737/1023/803
f 727/1024/798 726/1015/800 734/1025/805
f 729/1013/795 727/1012/798 734/1026/805
f 728/1014/799 735/1027/806 734/1025/805
f 173/349/279 167/338/268 172/994/794
f 728/1014/799 729/1007/795 735/1027/806
f 730/1018/801 731/1019/802 736/1022/804
f 722/1028/807 744/1029/808 745/1030/809
f 722/1031/807 724/1032/568 741/1033/810
f 478/742/565 44/741/573 738/1034/811
f 478/718/565 739/1035/812 741/1036/810
f 44/741/573 722/1031/807 740/1037/813
f 745/1038/809 749/1039/814 748/1040/815
f 486/722/569 724/721/568 745/1038/809
f 81/1041/816 742/1042/817 744/1029/808
f 486/736/569 743/1043/818 742/1042/817
f 742/1042/817 743/1043/818 748/1044/815
f 744/1029/808 742/1042/817 748/1044/815
f 741/1036/810 739/1035/812 746/1045/819
f 740/1037/813 741/1033/810 747/1046/820
f 740/1037/813 747/1046/820 746/1047/819
f 745/1030/809 744/1029/808 749/1048/814
f 739/1049/812 738/1034/811 746/1047/819
f 426/665/526 752/224/175 753/223/174
f 430/179/136 750/230/181 753/223/174
f 754/662/523 752/224/175 426/665/526
f 428/229/180 97/228/179 750/230/181
f 102/222/173 755/664/525 107/671/531
f 107/671/531 755/664/525 58/171/128
f 24/264/206 23/1050/205 128/277/215
f 117/270/212 16/1051/821 127/275/216
f 16/1051/821 117/270/212 17/149/108
f 10/154/113 118/262/204 22/155/114
f 11/269/211 7/147/106 17/149/108
f 21/278/217 6/153/112 22/155/114
f 7/147/106 130/139/101 18/148/107
f 6/153/112 21/278/217 132/280/219
f 27/251/195 131/165/123 28/1052/218
f 20/271/213 19/1053/214 129/249/100
f 7/147/106 68/291/223 130/139/101
f 70/164/122 68/291/223 132/280/219
f 113/143/103 112/142/96 118/262/204
f 112/134/96 111/137/99 128/277/215
f 115/128/90 127/274/216 114/126/88
f 116/254/197 117/270/212 115/276/90
f 1/259/201 9/204/157 119/265/207
f 263/394/312 262/393/314 389/606/489
f 261/411/330 260/410/329 387/604/487
f 688/1054/790 687/1055/791 760/950/761
f 681/1056/792 688/1054/790 763/947/758
f 759/954/764 684/1057/822 683/1058/789
f 758/949/760 685/1059/787 684/1057/822
f 762/952/762 683/1058/789 682/1060/788
f 761/948/759 686/1061/793 685/1059/787
f 687/1055/791 686/1062/793 761/951/759
f 682/1060/788 681/1056/792 757/946/757
f 82/194/149 81/1063/816 722/1064/807
f 4/257/199 12/120/82 423/122/84
f 34/166/124 69/129/91 45/131/93
f 8/246/191 12/120/82 13/136/98
f 31/712/210 29/144/95 473/146/105
f 29/144/95 30/156/94 471/145/104
f 47/670/120 45/131/93 52/159/117
f 52/169/117 50/160/118 47/162/120
f 57/181/138 56/168/126 52/169/117
f 45/131/93 83/130/92 49/158/116
f 62/243/190 48/180/137 57/181/138
f 59/673/188 61/182/139 103/184/141
f 52/159/117 49/158/116 57/186/138
f 49/158/116 89/172/129 55/185/142
f 61/182/139 55/185/142 108/183/140
f 58/171/128 56/168/126 51/192/147
f 62/672/190 57/186/138 61/182/139
f 71/250/194 85/193/148 69/129/91
f 81/1063/816 82/194/149 73/196/151
f 33/253/164 2/197/152 67/199/154
f 493/762/580 483/201/155 489/203/156
f 25/1065/222 9/204/157 26/205/158
f 480/746/566 64/206/159 479/208/160
f 472/157/115 30/156/94 474/213/165
f 88/245/168 94/214/166 85/193/148
f 94/219/166 88/216/168 92/218/170
f 100/231/182 94/219/166 99/220/171
f 85/193/148 91/215/167 83/130/92
f 751/667/528 753/223/174 96/225/176
f 110/237/186 100/231/182 90/232/183
f 108/183/140 109/233/184 103/184/141
f 94/214/166 100/235/182 91/215/167
f 91/215/167 98/236/185 89/172/129
f 87/187/143 98/236/185 108/183/140
f 102/222/173 93/242/189 99/220/171
f 98/236/185 100/235/182 109/233/184
f 69/129/91 121/124/86 71/250/194
f 30/141/94 113/143/103 33/253/164
f 3/198/153 116/254/197 67/199/154
f 14/135/97 12/120/82 15/261/203
f 123/258/200 122/256/198 1/259/201
f 65/706/559 63/127/89 122/256/198
f 25/1065/222 24/264/206 9/204/157
f 114/126/88 120/260/202 4/257/199
f 111/137/99 29/133/95 123/258/200
f 116/254/197 3/198/153 117/270/212
f 10/154/113 2/197/152 118/262/204
f 13/136/98 20/271/213 126/248/193
f 43/125/87 121/124/86 34/166/124
f 16/1066/821 15/261/203 127/274/216
f 38/1017/111 37/282/110 477/284/221
f 13/1067/98 14/1068/97 15/287/203
f 15/287/203 16/1069/821 17/285/108
f 17/285/108 18/1070/107 19/286/214
f 19/286/214 20/1071/213 13/1067/98
f 13/1067/98 15/287/203 19/286/214
f 21/1072/217 22/1073/114 23/290/205
f 23/290/205 24/1074/206 25/288/222
f 25/288/222 26/1075/158 27/289/195
f 27/289/195 28/1076/218 21/1072/217
f 21/1072/217 23/290/205 27/289/195
f 135/321/252 134/292/224 138/294/226
f 134/292/224 133/295/227 137/293/225
f 138/294/226 137/293/225 141/298/230
f 140/297/229 137/293/225 139/299/231
f 144/302/234 141/298/230 143/300/232
f 140/297/229 139/299/231 143/300/232
f 147/324/255 144/302/234 146/303/235
f 146/303/235 143/300/232 145/304/236
f 147/1077/255 146/305/235 150/307/238
f 153/326/256 150/307/238 152/308/239
f 149/306/237 148/309/240 152/308/239
f 156/312/243 152/308/239 155/311/242
f 153/326/256 152/308/239 157/313/244
f 382/320/251 141/298/230 381/315/246
f 147/1077/255 150/307/238 380/317/248
f 153/326/256 157/313/244 378/319/250
f 383/323/254 138/294/226 382/320/251
f 377/318/249 157/313/244 384/322/253
f 384/322/253 135/321/252 383/323/254
f 381/315/246 144/302/234 380/325/248
f 150/307/238 153/326/256 379/316/247
f 156/312/243 155/311/242 134/292/224
f 135/321/252 157/313/244 134/292/224
f 169/335/265 158/327/257 164/329/259
f 328/532/435 333/330/260 330/332/262
f 164/329/259 160/333/263 169/335/265
f 162/582/470 161/336/266 167/338/268
f 161/336/266 163/339/269 166/337/267
f 172/994/794 174/350/280 178/347/277
f 195/361/290 176/351/272 194/352/281
f 177/344/274 179/348/278 192/354/283
f 177/344/274 192/354/283 181/345/275
f 184/356/285 178/347/277 186/355/284
f 186/367/284 182/358/287 199/360/289
f 182/554/287 195/361/290 187/362/291
f 185/357/286 183/363/292 193/353/282
f 192/354/283 183/363/292 194/352/281
f 184/1078/285 197/364/293 185/366/286
f 179/348/278 178/347/277 193/353/282
f 184/1078/285 186/367/284 197/364/293
f 183/363/292 189/368/295 187/362/291
f 190/551/305 205/370/297 191/372/299
f 196/359/288 200/373/300 199/360/289
f 198/365/294 197/364/293 202/376/303
f 197/364/293 199/360/289 201/375/302
f 185/366/286 198/365/294 189/379/295
f 196/359/288 191/380/299 200/373/300
f 196/359/288 182/358/287 191/380/299
f 203/374/301 200/373/300 207/383/298
f 201/375/302 205/384/297 202/376/303
f 205/384/297 201/375/302 207/383/298
f 218/421/340 208/386/307 222/388/309
f 264/417/336 285/389/310 263/391/312
f 287/1079/311 289/392/313 263/394/312
f 212/629/511 209/395/315 223/397/317
f 209/395/315 408/398/318 208/400/307
f 259/416/335 295/401/320 258/403/322
f 210/635/516 220/404/323 213/406/325
f 258/403/322 297/402/321 265/408/327
f 291/412/331 293/409/328 261/411/330
f 289/392/313 291/412/331 262/393/314
f 293/409/328 295/401/320 260/410/329
f 222/388/309 211/387/308 224/405/324
f 265/408/327 268/407/326 264/417/336
f 212/629/511 223/397/317 214/419/338
f 215/424/343 231/420/339 219/396/316
f 216/1080/342 218/421/340 230/422/341
f 218/459/340 216/423/342 219/396/316
f 216/1080/342 230/422/341 254/426/345
f 220/404/323 228/427/346 224/405/324
f 228/427/346 243/429/348 235/431/350
f 230/422/341 222/388/309 232/428/347
f 223/397/317 231/420/339 225/418/337
f 238/437/356 226/433/352 253/425/344
f 210/658/516 214/419/338 234/435/354
f 239/460/371 227/436/355 238/437/356
f 216/423/342 254/438/345 215/424/343
f 242/434/353 245/440/358 246/442/333
f 228/427/346 252/444/360 232/428/347
f 228/427/346 235/431/350 252/444/360
f 233/432/351 229/447/363 245/440/358
f 229/447/363 233/432/351 256/449/365
f 246/442/333 221/450/332 242/434/353
f 229/447/363 256/449/365 235/452/350
f 230/422/341 232/428/347 253/425/344
f 233/432/351 231/420/339 257/448/364
f 252/444/360 236/454/367 255/445/361
f 237/1081/370 241/456/369 236/454/367
f 227/659/355 249/439/357 226/457/352
f 241/461/369 237/458/370 257/448/364
f 208/400/307 218/459/340 209/395/315
f 240/455/368 238/437/356 255/445/361
f 241/456/369 239/460/371 240/455/368
f 239/660/371 241/461/369 250/453/366
f 242/434/353 225/418/337 245/440/358
f 234/463/354 221/413/332 243/429/348
f 210/635/516 234/463/354 220/404/323
f 171/464/372 175/346/276 165/334/264
f 293/409/328 294/468/376 295/401/320
f 269/495/397 270/470/378 271/472/380
f 288/475/382 286/1082/390 296/473/377
f 267/1083/393 298/1084/389 296/473/377
f 296/473/377 294/1085/376 292/1086/385
f 292/1086/385 290/474/381 296/473/377
f 286/1082/390 267/1083/393 296/473/377
f 271/472/380 272/471/379 273/477/384
f 289/392/313 290/478/381 291/412/331
f 275/484/387 273/480/384 276/482/386
f 287/1079/311 288/483/382 289/392/313
f 277/489/391 275/484/387 278/485/388
f 297/402/321 295/401/320 298/486/389
f 287/390/311 285/389/310 288/488/382
f 279/1087/823 277/489/391 280/490/392
f 268/407/326 297/402/321 267/491/393
f 285/389/310 268/407/326 286/487/390
f 279/1087/823 280/490/392 281/493/395
f 283/496/398 284/494/396 269/495/397
f 281/493/395 282/492/394 283/496/398
f 291/412/331 292/479/385 293/409/328
f 283/499/398 269/1088/397 271/1089/380
f 271/1089/380 273/1090/384 275/497/387
f 275/497/387 277/1091/391 279/1092/823
f 279/1092/823 281/498/395 275/497/387
f 283/499/398 271/1089/380 275/497/387
f 315/506/408 300/500/399 316/502/401
f 303/513/824 301/513/415 317/512/414
f 317/512/414 316/502/401 311/503/403
f 302/501/400 304/501/402 316/502/401
f 311/503/403 303/513/824 317/512/414
f 312/504/405 311/503/403 306/500/404
f 313/507/409 312/504/405 308/505/406
f 318/514/416 310/505/407 315/506/408
f 309/509/825 307/509/411 319/508/410
f 313/507/409 308/505/406 318/514/416
f 318/514/416 319/508/410 313/507/409
f 308/505/406 310/505/407 318/514/416
f 303/513/824 311/503/403 305/510/412
f 307/509/411 305/510/412 313/507/409
f 299/510/418 314/511/413 301/513/415
f 325/517/422 319/508/410 324/515/417
f 309/509/825 319/508/410 299/510/418
f 323/518/423 320/511/419 322/516/421
f 320/511/419 325/517/422 321/506/420
f 322/516/421 316/502/401 323/518/423
f 336/534/437 326/519/424 331/521/426
f 172/994/794 166/337/267 174/350/280
f 327/594/425 326/526/424 332/528/431
f 344/995/443 348/529/432 363/531/434
f 333/330/260 328/532/435 337/527/430
f 334/525/429 329/533/436 335/331/261
f 329/533/436 334/525/429 331/521/426
f 340/524/428 346/539/442 342/536/439
f 349/538/441 344/540/443 362/542/444
f 345/465/373 360/543/445 347/466/374
f 345/465/373 349/538/441 360/543/445
f 348/529/432 346/539/442 354/530/433
f 364/575/466 350/547/449 367/549/450
f 350/769/449 355/550/451 363/541/434
f 360/543/445 351/553/452 361/544/446
f 355/550/451 351/553/452 362/542/444
f 352/1093/447 353/557/448 365/559/454
f 352/545/447 346/539/442 361/544/446
f 352/1093/447 365/559/454 354/548/433
f 198/365/294 202/376/303 190/378/305
f 351/553/452 355/550/451 357/561/456
f 358/770/465 359/562/457 373/564/459
f 364/575/466 367/549/450 368/566/461
f 188/1094/296 189/567/295 191/372/299
f 369/569/463 365/559/454 370/568/462
f 365/559/454 369/569/463 367/549/450
f 353/557/448 357/571/456 366/558/453
f 364/575/466 368/566/461 359/574/457
f 356/1095/455 350/547/449 359/574/457
f 372/573/464 368/566/461 375/576/458
f 369/569/463 370/568/462 373/578/459
f 371/565/460 369/569/463 375/576/458
f 340/524/428 342/536/439 334/525/429
f 333/330/260 339/581/469 335/331/261
f 337/527/430 343/537/440 333/330/260
f 280/490/392 278/485/388 377/318/249
f 160/333/263 162/582/470 165/334/264
f 40/150/109 42/585/471 161/336/266
f 162/582/470 41/586/472 161/336/266
f 41/586/472 162/582/470 39/587/473
f 42/1096/471 32/588/474 163/339/269
f 331/521/426 80/590/475 329/533/436
f 78/211/163 79/591/476 329/533/436
f 80/590/475 331/521/426 66/592/477
f 332/528/431 82/194/149 327/594/425
f 82/194/149 332/528/431 77/195/150
f 79/591/476 77/195/150 330/332/262
f 384/322/253 282/492/394 377/318/249
f 278/485/388 276/482/386 378/319/250
f 276/482/386 274/481/383 379/316/247
f 272/471/379 381/315/246 274/476/383
f 270/470/378 382/320/251 272/471/379
f 284/494/396 383/323/254 270/470/378
f 282/492/394 384/322/253 284/494/396
f 258/403/322 265/408/327 385/596/479
f 389/606/489 262/393/314 388/597/480
f 264/417/336 263/391/312 391/599/482
f 387/604/487 260/410/329 386/600/483
f 259/416/335 258/403/322 386/600/483
f 265/408/327 264/417/336 392/595/478
f 392/595/478 391/599/482 400/602/485
f 385/596/479 392/595/478 393/603/486
f 396/607/490 388/597/480 395/605/488
f 397/610/492 389/606/489 396/607/490
f 395/605/488 387/604/487 394/608/491
f 398/1097/493 390/609/481 397/610/492
f 391/599/482 390/598/481 399/601/484
f 386/600/483 385/596/479 394/608/491
f 405/627/509 414/612/494 720/614/496
f 411/621/503 417/615/497 714/617/499
f 407/626/508 412/618/500 406/620/502
f 720/614/496 410/613/495 714/617/499
f 417/615/497 415/622/504 402/616/498
f 415/622/504 416/624/506 404/623/505
f 416/624/506 412/618/500 403/625/507
f 406/620/502 413/619/501 405/627/509
f 715/657/521 721/628/510 214/419/338
f 211/387/308 716/630/512 213/406/325
f 208/386/307 717/632/319 211/387/308
f 212/629/511 401/633/514 209/395/315
f 719/631/513 718/634/515 213/406/325
f 398/651/493 397/636/492 411/638/503
f 395/644/488 394/639/491 416/641/506
f 397/636/492 396/642/490 417/637/497
f 396/642/490 395/644/488 415/643/504
f 393/650/486 400/645/485 413/647/501
f 400/645/485 399/648/484 414/646/494
f 412/640/500 394/639/491 413/647/501
f 410/649/495 399/648/484 411/638/503
f 421/654/519 419/653/518 423/122/84
f 418/655/520 422/652/517 419/653/518
f 423/122/84 420/121/83 421/654/519
f 12/120/82 8/246/191 420/121/83
f 419/653/518 5/123/85 418/655/520
f 8/246/191 5/123/85 421/654/519
f 418/655/520 9/204/157 422/652/517
f 1/259/201 4/257/199 422/652/517
f 243/429/348 247/415/334 244/430/349
f 256/449/365 237/458/370 251/451/362
f 215/424/343 249/439/357 231/420/339
f 718/1098/515 715/657/521 210/658/516
f 249/439/357 227/659/355 250/453/366
f 752/224/175 754/662/523 96/225/176
f 53/663/524 754/662/523 84/163/121
f 106/188/144 93/242/189 104/189/145
f 441/40/536 442/39/532 443/678/534
f 449/680/537 441/679/536 448/684/541
f 448/681/541 447/49/540 456/686/543
f 46/161/119 453/668/529 53/663/524
f 425/175/132 753/223/174 454/666/527
f 54/227/178 429/173/130 451/687/544
f 451/687/544 452/669/530 453/668/529
f 460/692/548 456/686/543 459/688/545
f 449/680/537 448/684/541 457/690/546
f 455/685/542 447/49/540 458/691/547
f 458/691/547 450/51/538 457/690/546
f 464/1099/554 460/692/548 463/693/549
f 461/696/551 457/690/546 460/694/548
f 455/685/542 458/691/547 459/688/545
f 458/691/547 457/690/546 462/695/550
f 464/1099/554 463/693/549 468/698/553
f 461/696/551 460/694/548 465/700/555
f 463/693/549 459/688/545 466/701/556
f 462/695/550 461/696/551 466/701/556
f 465/700/555 464/699/554 469/703/557
f 467/697/552 463/693/549 470/704/558
f 470/704/558 466/701/556 469/703/557
f 32/1100/474 75/1101/208 764/705/209
f 764/705/209 722/1102/807 44/1103/573
f 44/1103/573 36/711/562 764/705/209
f 39/587/473 160/333/263 164/329/259
f 164/329/259 159/328/258 32/1100/474
f 32/1100/474 764/705/209 164/329/259
f 36/711/562 39/587/473 764/705/209
f 122/256/198 123/258/200 65/706/559
f 33/212/164 67/707/154 474/213/165
f 65/733/559 31/712/210 481/713/563
f 477/726/221 476/714/220 474/213/165
f 473/146/105 471/716/104 478/718/565
f 485/1011/574 482/708/560 484/720/567
f 724/721/568 486/722/569 481/713/563
f 481/713/563 473/146/105 724/721/568
f 481/713/563 486/722/569 479/724/160
f 474/213/165 482/708/560 725/725/570
f 485/1011/574 725/725/570 482/708/560
f 484/756/567 480/727/566 483/729/155
f 476/753/220 475/730/564 472/732/115
f 479/208/160 63/207/89 481/713/563
f 81/1041/816 73/734/151 486/736/569
f 74/760/162 484/737/567 490/739/572
f 475/1104/564 36/740/562 478/742/565
f 484/1105/567 74/743/162 485/745/574
f 67/707/154 64/206/159 482/708/560
f 36/759/562 475/750/564 487/752/579
f 475/730/564 476/753/220 491/755/578
f 494/1106/571 484/756/567 493/757/580
f 488/748/576 37/758/110 487/752/579
f 73/202/151 74/760/162 489/203/156
f 492/747/575 476/761/220 488/748/576
f 494/1106/571 493/757/580 498/766/583
f 496/749/577 488/748/576 495/764/582
f 489/203/156 490/739/572 497/763/581
f 495/1107/582 491/755/578 496/768/577
f 356/1108/455 359/562/457 357/771/456
f 366/558/453 358/572/465 370/568/462
f 505/58/589 507/773/584 506/59/586
f 507/1109/584 505/776/589 512/779/592
f 512/777/592 516/780/594 511/68/593
f 515/781/595 516/780/594 519/783/597
f 513/775/588 517/784/598 512/779/592
f 514/70/590 511/68/593 518/786/599
f 513/775/588 514/70/590 517/784/598
f 519/783/597 520/782/596 523/788/601
f 516/785/594 517/784/598 520/790/596
f 515/781/595 519/783/597 518/786/599
f 518/786/599 522/791/603 517/784/598
f 524/787/600 528/792/604 523/788/601
f 521/789/602 525/794/606 520/790/596
f 522/791/603 519/783/597 526/796/607
f 522/791/603 526/796/607 521/789/602
f 525/794/606 529/797/608 524/795/600
f 526/796/607 523/788/601 530/799/609
f 525/794/606 526/796/607 529/797/608
f 533/833/642 536/800/610 532/802/612
f 532/802/612 535/801/611 531/804/614
f 536/800/610 539/805/615 535/801/611
f 534/803/613 535/801/611 537/807/617
f 538/806/616 539/805/615 541/809/619
f 538/806/616 541/809/619 537/807/617
f 542/808/618 545/811/621 541/809/619
f 540/810/620 541/809/619 543/813/623
f 544/1110/622 545/814/621 547/816/625
f 548/815/624 551/817/626 547/816/625
f 547/816/625 550/818/627 546/820/629
f 549/819/628 550/818/627 553/822/631
f 551/817/626 555/823/632 550/818/627
f 539/805/615 678/825/634 542/808/618
f 545/814/621 676/827/636 548/815/624
f 555/823/632 551/817/626 673/830/639
f 536/800/610 679/831/640 539/805/615
f 533/833/642 555/823/632 680/832/641
f 536/800/610 533/833/642 679/831/640
f 542/808/618 677/826/635 545/811/621
f 548/815/624 675/828/637 551/817/626
f 554/821/630 532/802/612 553/822/631
f 555/823/632 533/833/642 554/821/630
f 559/864/670 556/835/643 570/837/645
f 634/931/722 632/838/646 611/840/648
f 634/1111/722 611/841/648 636/843/650
f 567/868/674 557/844/651 571/846/653
f 696/1112/826 557/844/651 710/848/654
f 644/855/661 642/849/655 606/851/657
f 558/975/784 561/852/658 568/854/660
f 615/865/671 644/855/661 613/856/662
f 638/860/666 609/857/663 640/859/665
f 636/843/650 610/842/649 638/860/666
f 640/859/665 608/858/664 642/849/655
f 561/852/658 559/864/670 572/853/659
f 632/838/646 615/865/671 612/839/647
f 560/845/652 562/866/672 571/846/653
f 563/887/692 567/868/674 579/869/675
f 564/1113/677 578/870/676 566/836/644
f 563/887/692 564/871/677 567/868/674
f 564/1113/677 602/873/678 578/870/676
f 568/854/660 572/853/659 576/876/681
f 576/876/681 583/877/682 591/879/684
f 572/853/659 570/837/645 580/875/680
f 571/846/653 573/867/673 579/869/675
f 602/873/678 574/881/686 601/874/679
f 558/992/784 582/883/688 562/866/672
f 574/881/686 575/885/690 586/882/687
f 564/871/677 563/887/692 602/889/678
f 590/884/689 594/890/669 593/892/695
f 576/876/681 580/875/680 600/895/697
f 576/876/681 600/895/697 583/877/682
f 592/893/683 577/897/699 593/892/695
f 577/897/699 604/898/700 581/880/685
f 582/883/688 569/900/667 590/884/689
f 577/897/699 583/901/682 604/898/700
f 578/870/676 601/874/679 580/875/680
f 598/909/706 579/869/675 605/899/701
f 588/904/703 584/903/702 603/894/696
f 585/1114/705 584/903/702 589/905/704
f 575/993/690 574/906/686 597/888/693
f 604/898/700 585/907/705 605/899/701
f 556/847/643 557/844/651 566/872/644
f 601/874/679 586/882/687 603/894/696
f 586/882/687 587/886/691 588/904/703
f 587/1115/691 598/909/706 589/908/704
f 581/880/685 573/867/673 593/892/695
f 595/862/668 569/861/667 591/879/684
f 558/975/784 568/854/660 582/910/688
f 640/859/665 642/849/655 641/913/708
f 616/939/729 618/914/709 617/916/711
f 614/1116/725 633/1117/726 635/919/713
f 635/919/713 637/1118/716 639/917/712
f 639/917/712 641/1119/708 643/918/707
f 643/918/707 645/1120/721 614/1116/725
f 614/1116/725 635/919/713 643/918/707
f 618/914/709 620/920/714 619/915/710
f 636/843/650 638/860/666 637/923/716
f 621/945/715 620/924/714 623/926/718
f 634/1111/722 636/843/650 635/927/713
f 623/926/718 622/925/717 625/929/720
f 643/912/707 642/849/655 645/930/721
f 633/936/726 632/838/646 635/932/713
f 625/929/720 624/928/719 627/934/724
f 645/930/721 644/855/661 614/935/725
f 614/935/725 615/865/671 633/936/726
f 626/933/723 628/937/727 627/934/724
f 630/941/731 616/939/729 631/940/730
f 628/937/727 630/941/731 629/938/728
f 638/860/666 640/859/665 639/922/712
f 618/1121/709 616/1122/729 630/944/731
f 630/944/731 628/1123/727 626/942/723
f 626/942/723 624/1124/719 622/943/717
f 622/943/717 620/1125/714 618/1121/709
f 618/1121/709 630/944/731 622/943/717
f 662/506/741 663/502/732 647/500/734
f 664/512/749 648/513/748 650/513/827
f 650/513/827 658/503/735 664/512/749
f 651/501/736 649/501/733 663/502/732
f 663/502/732 664/512/749 658/503/735
f 651/501/736 658/503/735 653/500/738
f 653/500/738 659/504/737 655/505/740
f 665/514/744 662/506/741 657/505/742
f 660/507/739 654/509/746 666/508/743
f 656/509/828 666/508/743 654/509/746
f 665/514/744 657/505/742 655/505/740
f 655/505/740 660/507/739 665/514/744
f 650/513/827 652/510/745 658/503/735
f 659/504/737 652/510/745 660/507/739
f 661/511/752 646/510/747 664/512/749
f 665/514/744 666/508/743 671/515/751
f 656/509/828 646/510/747 666/508/743
f 668/506/756 667/511/753 669/516/755
f 671/515/751 672/517/750 668/506/756
f 663/502/732 669/516/755 664/512/749
f 674/829/638 625/929/720 673/830/639
f 627/934/724 629/938/728 673/830/639
f 675/828/637 623/926/718 674/829/638
f 676/827/636 621/945/715 675/828/637
f 619/915/710 621/921/715 677/826/635
f 617/916/711 619/915/710 678/825/634
f 631/940/730 617/916/711 679/831/640
f 629/938/728 631/940/730 680/832/641
f 606/851/657 757/946/757 613/856/662
f 610/842/649 611/841/648 758/949/760
f 612/839/647 760/950/761 611/840/648
f 607/850/656 608/858/664 756/953/763
f 607/850/656 756/953/763 606/851/657
f 608/858/664 609/857/663 762/952/762
f 609/857/663 610/842/649 759/954/764
f 613/856/662 763/947/758 612/839/647
f 698/964/774 702/955/765 713/957/767
f 699/1126/786 707/958/768 705/960/770
f 701/969/779 700/961/771 694/963/773
f 699/1126/786 698/964/774 707/958/768
f 705/960/770 690/959/769 703/966/776
f 703/966/776 692/965/775 704/968/778
f 704/968/778 691/967/777 700/961/771
f 702/955/765 701/969/779 693/956/766
f 706/973/782 712/970/780 560/845/652
f 708/1127/829 711/971/781 561/852/658
f 711/971/781 710/972/654 559/864/670
f 696/1112/826 689/974/783 557/844/651
f 708/1127/829 561/852/658 709/976/785
f 686/991/793 699/977/786 685/979/787
f 683/984/789 704/980/778 682/982/788
f 684/1128/822 685/979/787 703/983/776
f 684/1128/822 703/983/776 683/984/789
f 681/990/792 701/985/779 688/987/790
f 688/987/790 702/986/765 687/989/791
f 682/982/788 700/981/771 681/990/792
f 687/989/791 698/988/774 686/991/793
f 591/879/684 592/878/683 595/862/668
f 584/1129/702 585/907/705 599/902/698
f 563/887/692 579/869/675 597/888/693
f 709/1130/785 558/992/784 712/970/780
f 587/1115/691 575/993/690 598/909/706
f 173/349/279 171/464/372 167/338/268
f 169/335/265 175/346/276 266/579/427
f 176/342/272 195/556/290 180/343/273
f 60/239/187 104/189/145 51/192/147
f 407/998/508 406/1131/502 405/1132/509
f 405/1132/509 720/1133/496 407/998/508
f 714/1134/499 402/996/498 407/998/508
f 404/997/505 403/1135/507 407/998/508
f 407/998/508 720/1133/496 714/1134/499
f 693/1001/766 694/1136/773 692/1137/775
f 695/1138/772 691/1139/777 692/1137/775
f 692/1137/775 690/999/769 693/1001/766
f 707/1000/768 713/1140/767 693/1001/766
f 694/1136/773 695/1138/772 692/1137/775
f 159/589/258 158/522/257 163/339/269
f 337/527/430 376/1002/468 343/537/440
f 728/1014/799 723/1005/561 729/1007/795
f 725/1141/570 723/1008/561 733/1010/797
f 725/725/570 485/1011/574 729/1013/795
f 726/1015/800 76/744/161 728/1014/799
f 727/1024/798 485/745/574 726/1015/800
f 731/1142/802 477/726/221 733/1016/797
f 723/1008/561 38/1017/111 732/1009/796
f 38/1017/111 477/284/221 730/1018/801
f 731/1142/802 733/1016/797 736/1021/804
f 737/1023/803 732/1009/796 736/1022/804
f 735/1143/806 729/1013/795 734/1026/805
f 726/1015/800 728/1014/799 734/1025/805
f 724/1144/568 722/1028/807 745/1030/809
f 740/1037/813 722/1031/807 741/1033/810
f 739/1049/812 478/742/565 738/1034/811
f 724/721/568 478/718/565 741/1036/810
f 738/1034/811 44/741/573 740/1037/813
f 743/1145/818 745/1038/809 748/1040/815
f 743/1145/818 486/722/569 745/1038/809
f 722/1028/807 81/1041/816 744/1029/808
f 81/1041/816 486/736/569 742/1042/817
f 749/1048/814 744/1029/808 748/1044/815
f 747/1146/820 741/1036/810 746/1045/819
f 738/1034/811 740/1037/813 746/1047/819
f 750/230/181 426/665/526 753/223/174
f 425/175/132 430/179/136 753/223/174
f 95/661/522 754/662/523 426/665/526
f 93/242/189 102/222/173 107/671/531
f 51/192/147 107/671/531 58/171/128
f 119/265/207 24/264/206 128/277/215
f 111/137/99 1/259/201 119/265/207
f 390/609/481 263/394/312 389/606/489
f 388/597/480 261/411/330 387/604/487
f 763/947/758 688/1054/790 760/950/761
f 757/946/757 681/1056/792 763/947/758
f 762/952/762 759/954/764 683/1058/789
f 759/954/764 758/949/760 684/1057/822
f 756/953/763 762/952/762 682/1060/788
f 758/949/760 761/948/759 685/1059/787
f 760/950/761 687/1055/791 761/951/759
f 756/953/763 682/1060/788 757/946/757
f 764/267/209 82/194/149 722/1064/807
