# Blender v2.76 (sub 0) OBJ File: 'npc_mutant_cyborg.blend'
# www.blender.org
v -0.320237 0.747176 0.230457
v -0.254303 0.756728 0.080595
v -0.160783 0.764656 -0.060725
v 0.001132 0.770703 -0.103724
v 0.037720 0.832407 0.504040
v 0.029729 0.634576 0.571180
v -0.153572 0.896535 0.455319
v -0.174651 0.688536 0.518650
v -0.305741 0.710493 0.389940
v -0.299185 0.808866 0.154757
v -0.289188 0.833467 0.021552
v -0.170158 0.855059 -0.082843
v -0.005584 0.916596 -0.143121
v -0.277411 0.819986 0.329591
v 0.033759 0.923129 0.470651
v 0.028300 0.991421 0.442608
v -0.483105 0.970006 -0.149042
v -0.332452 0.812300 -0.013877
v -0.541988 1.030752 0.028954
v -0.391963 0.868924 -0.158641
v -0.533129 0.923428 0.099526
v -0.297423 0.995327 -0.065462
v -0.594131 0.978608 0.051101
v -0.253528 1.102201 -0.107255
v -0.181034 0.997209 -0.127615
v 0.005016 1.021777 -0.124541
v -0.002225 1.107756 0.358051
v 0.017778 1.051164 0.406243
v -0.143950 1.151052 0.306534
v -0.150153 1.071556 0.410340
v -0.167671 0.917461 0.475676
v -0.300864 0.939173 0.168663
v -0.274647 1.060163 0.228476
v -0.301797 0.933874 0.304037
v -0.312832 0.884640 0.080469
v -0.299773 0.907048 -0.032422
v -0.190717 0.905445 -0.126782
v -0.306242 0.818941 0.338710
v -0.420128 0.951696 0.166602
v -0.492566 0.944453 0.112994
v -0.518678 1.103665 -0.029921
v -0.338518 1.242386 0.161245
v -0.439941 1.145576 0.166729
v -0.273733 1.276790 0.093207
v -0.472866 1.202345 0.011106
v -0.180613 1.270133 0.049788
v -0.350743 1.184034 -0.086745
v -0.296574 1.203528 0.261653
v -0.349935 1.071309 0.230518
v -0.194530 1.182268 0.308619
v -0.336987 0.810548 0.109299
v -0.373238 0.882223 0.185402
v -0.585723 1.047020 -0.054700
v -0.369641 0.751856 -0.029261
v -0.451353 0.820751 -0.174163
v -0.424389 0.826826 0.175906
v -0.485606 0.903206 0.167181
v -0.562671 0.928123 -0.159229
v -0.383577 0.752519 0.091547
v -0.646150 0.995779 -0.035373
v -0.543675 0.820378 0.098110
v -0.586866 0.862678 0.062686
v -0.538619 0.689335 0.093598
v -0.637333 0.890557 0.028383
v -0.672324 0.863218 -0.064682
v -0.478519 0.732609 -0.066631
v -0.607751 0.755352 -0.158716
v -0.634156 0.865279 -0.120743
v -0.551084 0.635662 0.010353
v -0.237696 1.229697 0.191156
v -0.121769 1.251183 0.271587
v 0.057811 1.262451 0.097970
v 0.003153 1.274098 0.062230
v -0.033723 1.336338 0.100931
v -0.082679 1.362413 0.161276
v -0.019030 1.247318 0.418433
v 0.027666 1.261339 0.051063
v -0.188677 1.337267 0.152100
v -0.148709 1.303949 0.184338
v -0.034647 1.251797 0.009053
v -0.180677 1.329164 0.316589
v 0.051026 1.314203 0.120989
v -0.090685 1.334830 0.435794
v 0.353059 0.745389 0.228044
v 0.362065 0.795417 -0.059593
v 0.182715 0.792508 -0.079015
v -0.093360 1.469523 0.023397
v -0.158758 1.496439 0.123457
v 0.027841 1.453032 0.003309
v 0.132819 1.465780 0.038987
v 0.127439 1.389886 0.071328
v 0.166608 1.408912 0.167077
v -0.154708 1.543616 0.253094
v 0.061405 1.631412 0.132189
v 0.159265 1.539741 0.256941
v 0.171270 1.490619 0.133550
v 0.213582 0.889373 0.396890
v 0.236360 0.664101 0.494117
v 0.346781 0.682398 0.297895
v 0.363608 0.826925 0.089305
v 0.364855 0.888155 -0.078840
v 0.197229 0.889293 -0.111751
v 0.016568 1.544022 0.008663
v 0.333487 0.814676 0.295277
v 0.170552 1.412214 0.250535
v 0.434593 1.074611 -0.073801
v 0.341920 1.165391 -0.077969
v 0.232904 1.047752 -0.142034
v 0.149293 1.577493 0.135456
v -0.145877 1.418491 0.144569
v -0.162700 1.422947 0.236957
v 0.153861 1.110297 0.303150
v 0.182109 1.043677 0.360324
v 0.226779 0.902418 0.407716
v 0.330486 0.946345 0.064374
v 0.284590 1.033243 0.157015
v 0.328061 0.918206 0.218938
v 0.381444 0.932386 -0.030340
v 0.387770 0.965476 -0.057509
v 0.225831 0.948239 -0.152413
v 0.141645 1.593238 0.272642
v 0.342640 0.816765 0.252359
v 0.516538 0.865477 0.075111
v 0.603858 0.995800 -0.168072
v 0.243608 1.279450 0.107950
v 0.563252 0.978162 0.110626
v 0.462452 0.911202 -0.152868
v 0.644078 1.034007 -0.052966
v 0.147016 1.187340 0.301232
v -0.089367 1.395969 0.052214
v 0.117796 1.280615 0.107303
v 0.129544 1.338204 0.167172
v 0.135981 1.353651 0.233171
v 0.111152 1.557029 0.050835
v 0.241238 1.313573 0.216262
v 0.192098 1.277691 0.250727
v 0.094588 1.284571 0.029354
v 0.169371 1.317477 0.351657
v -0.135532 1.608048 0.254331
v 0.051360 1.370650 0.053166
v -0.137332 1.580733 0.128231
v -0.087712 1.559632 0.043297
v 0.005253 1.623109 0.099508
v 0.081830 1.646158 0.274716
v 0.085667 1.641977 0.180773
v 0.001688 1.644179 0.224480
v -0.075310 1.636636 0.286485
v -0.148741 1.401100 0.396203
v -0.076659 1.643980 0.178783
v -0.051482 1.632805 0.130806
v -0.127804 1.504634 0.400603
v 0.000615 1.545894 0.473839
v 0.117048 1.508301 0.404790
v 0.138462 1.393342 0.403967
v 0.001205 1.555767 0.419792
v 0.128074 1.594566 0.386601
v -0.133239 1.593233 0.384010
v -0.004084 1.578277 0.427554
v -0.064103 1.631778 0.368371
v 0.056554 1.632460 0.370676
v 0.061573 1.336850 0.443940
v -0.052875 1.532910 0.451199
v 0.056881 1.530566 0.456047
v -0.000446 1.507215 0.489671
v -0.065636 1.365183 0.513849
v 0.043224 1.361602 0.518190
v -0.113152 1.426632 0.467620
v 0.103240 1.421474 0.476717
v -0.062081 1.480120 0.499630
v 0.056501 1.477592 0.504766
v -0.057976 1.562036 0.219757
v -0.069727 1.603239 0.444201
v -0.037629 1.539129 0.225574
v -0.049524 1.580350 0.449177
v -0.040063 1.508379 0.231758
v -0.050439 1.548965 0.455805
v -0.063880 1.487785 0.234765
v -0.068116 1.525955 0.463983
v -0.096609 1.490037 0.238695
v -0.099743 1.527698 0.463366
v -0.117335 1.513161 0.234608
v -0.120246 1.550822 0.459298
v -0.113557 1.543380 0.223110
v -0.117951 1.581782 0.454133
v -0.089482 1.563818 0.218756
v -0.094322 1.602445 0.450911
v -0.119857 1.544766 0.423161
v -0.118900 1.532213 0.348265
v -0.117572 1.575726 0.417996
v -0.116718 1.563174 0.343098
v -0.272549 1.555326 0.415541
v -0.271378 1.543246 0.345994
v -0.233332 1.570435 0.414949
v -0.232607 1.558518 0.343830
v 0.049765 1.545458 0.461929
v 0.052206 1.507616 0.237420
v -0.269831 1.650774 0.327991
v -0.271645 1.663083 0.393635
v -0.231513 1.634551 0.331099
v -0.235953 1.647818 0.387537
v -0.216095 1.596337 0.337660
v -0.216819 1.608255 0.408779
v 0.051630 1.538458 0.231708
v 0.048573 1.576460 0.456721
v 0.070038 1.599064 0.453152
v 0.073308 1.561022 0.228791
v -0.309696 1.559469 0.342885
v -0.310420 1.571387 0.414004
v -0.325114 1.597682 0.336324
v -0.325839 1.609600 0.407443
v -0.308601 1.635503 0.330155
v -0.309326 1.647420 0.401274
v 0.074732 1.486569 0.241021
v 0.073136 1.524212 0.465716
v 0.106106 1.487570 0.243305
v 0.104411 1.525312 0.465870
v 0.127519 1.510161 0.240091
v 0.125909 1.547785 0.462314
v 0.126793 1.541069 0.234653
v 0.124487 1.578790 0.457104
v 0.104318 1.562150 0.230109
v 0.101458 1.600029 0.453310
v 0.126255 1.541729 0.426177
v 0.122781 1.530708 0.353000
v 0.124844 1.572734 0.420967
v 0.125513 1.560185 0.346067
v 0.278793 1.548366 0.423864
v 0.279517 1.536448 0.352745
v 0.240475 1.564588 0.420755
v 0.241199 1.552671 0.349636
v 0.281065 1.643976 0.334742
v 0.280340 1.655894 0.405860
v 0.242294 1.628705 0.336906
v 0.241569 1.640622 0.408025
v 0.225781 1.590884 0.343075
v 0.225056 1.602802 0.414194
v 0.318288 1.551719 0.350581
v 0.317563 1.563637 0.421700
v 0.334801 1.589539 0.344411
v 0.334076 1.601457 0.415530
v 0.319382 1.627753 0.337850
v 0.318658 1.639671 0.408969
v 0.022160 1.487393 0.530345
v -0.032165 1.488546 0.527955
v -0.012266 0.578098 -0.090842
v 0.118505 0.565824 0.036157
v 0.258509 0.671038 0.090332
v 0.322074 0.593480 0.246248
v 0.335518 0.533641 0.304253
v 0.193445 0.451502 0.421680
v 0.027843 0.441800 0.516965
v -0.164135 0.439348 0.428590
v -0.294450 0.488217 0.345513
v -0.315788 0.603279 0.222372
v -0.226888 0.640006 0.093535
v -0.082906 0.601590 0.071092
v 0.005405 0.406180 0.057442
v 0.054936 0.472084 0.036472
v 0.137936 0.271606 0.347428
v 0.004222 0.238624 0.268021
v -0.129096 0.257137 0.337906
v -0.045636 0.467888 0.037387
v 0.008486 0.269113 0.355809
v 0.000424 0.454933 0.006479
v -0.253267 0.232232 0.319788
v -0.376841 0.320592 0.306971
v -0.395779 0.490595 0.131337
v -0.304092 0.554557 0.001851
v -0.197329 0.486555 0.002147
v -0.010473 0.259546 0.232950
v -0.130403 0.209771 0.284309
v -0.096378 0.454070 0.010787
v -0.030122 0.400510 0.061260
v -0.437507 0.128021 0.154674
v -0.495155 0.149632 0.142398
v -0.489377 0.247145 0.112471
v -0.423331 0.394468 0.050200
v -0.260326 0.412828 0.002951
v -0.151367 0.114085 0.128431
v -0.264914 0.124832 0.202967
v -0.167946 0.371198 0.010596
v -0.120861 0.275977 0.039799
v -0.399710 0.114504 0.030551
v -0.479941 0.155919 0.049253
v -0.457382 0.225518 0.070508
v -0.423128 0.299841 0.076936
v -0.348896 0.317626 0.067991
v -0.335931 0.142358 0.039037
v -0.308043 0.292868 0.059712
v -0.291851 0.239433 0.053955
v -0.431513 0.096101 -0.110736
v -0.578355 0.204077 -0.080483
v -0.569655 0.307760 -0.023255
v -0.497118 0.458096 0.022719
v -0.326721 0.477017 0.040941
v -0.259755 0.122597 -0.110245
v -0.232693 0.415757 0.012644
v -0.188020 0.300381 -0.020272
v -0.565589 0.385844 -0.385742
v -0.577933 0.369889 -0.150472
v -0.482913 0.544186 -0.193810
v -0.321332 0.563363 -0.111781
v -0.264358 0.176560 -0.243925
v -0.448711 0.313936 -0.409229
v -0.231123 0.445984 -0.111091
v -0.178062 0.359525 -0.206347
v -0.569116 0.463299 -0.368372
v -0.513080 0.580727 -0.344362
v -0.386124 0.603211 -0.337122
v -0.327567 0.322290 -0.405239
v -0.311807 0.556250 -0.348427
v -0.273442 0.467870 -0.366427
v -0.311426 0.305040 -0.506741
v -0.213662 0.501137 -0.462981
v -0.338136 0.625594 -0.389855
v -0.338261 0.609910 -0.319292
v -0.257682 0.549862 -0.406546
v -0.257806 0.534178 -0.335984
v -0.238175 0.442447 -0.430387
v -0.238299 0.426763 -0.359825
v -0.287067 0.344378 -0.452272
v -0.287191 0.328694 -0.381709
v -0.385683 0.293114 -0.463841
v -0.385807 0.277430 -0.393278
v -0.496354 0.308236 -0.460675
v -0.496479 0.292552 -0.390112
v -0.576809 0.383968 -0.443983
v -0.576933 0.368284 -0.373421
v -0.596315 0.491383 -0.420142
v -0.596440 0.475699 -0.349580
v -0.547423 0.589452 -0.398258
v -0.547548 0.573768 -0.327695
v -0.448783 0.640734 -0.389530
v -0.448932 0.625032 -0.316126
v -0.620674 0.452045 -0.474611
v -0.522911 0.648142 -0.430851
v -0.311581 0.327921 -0.618314
v -0.620479 0.476593 -0.585051
v -0.213467 0.525685 -0.573421
v -0.522831 0.671381 -0.544243
v -0.232486 0.498998 -0.634373
v -0.292027 0.379568 -0.661025
v -0.601276 0.526573 -0.628895
v -0.542268 0.640362 -0.610552
v -0.684271 0.396231 -0.527841
v -0.680051 0.354096 -0.655160
v -0.328936 0.237885 -0.464532
v -0.323830 0.197644 -0.585416
v -0.765708 0.216642 -0.534110
v -0.766445 0.180447 -0.605244
v -0.410693 0.056424 -0.460000
v -0.411133 0.022238 -0.537285
v -0.529350 0.109666 -0.485323
v -0.590525 0.136498 -0.494395
v -0.530183 0.075729 -0.554705
v -0.590965 0.102311 -0.571681
v -0.774911 0.163919 -0.449908
v -0.789051 0.101931 -0.470388
v -0.617305 0.116320 -0.414654
v -0.458663 0.066006 -0.388402
v -0.472345 0.006298 -0.408827
v -0.631445 0.054332 -0.435134
v -0.553736 0.097121 -0.400434
v -0.567876 0.035133 -0.420914
v -0.271513 0.528637 -0.456970
v -0.467721 0.621907 -0.436585
v -0.271318 0.553185 -0.567410
v -0.467526 0.646455 -0.547025
v -0.290336 0.526498 -0.628363
v -0.486686 0.618286 -0.610022
v -0.208514 0.667504 -0.485979
v -0.404723 0.760774 -0.465594
v -0.197566 0.701740 -0.537249
v -0.393775 0.795010 -0.516863
v -0.219374 0.670216 -0.602906
v -0.415582 0.763486 -0.582521
v -0.495633 0.115935 -0.049831
v -0.487079 0.299841 -0.231997
v -0.157399 0.086597 -0.138743
v -0.081212 0.614075 0.129180
v -0.298300 0.679745 0.053700
v -0.116749 0.620591 0.241903
v -0.327313 0.701321 0.172490
v -0.168357 0.548968 0.319031
v -0.380679 0.587164 0.277997
v -0.200757 0.431559 0.301870
v -0.424275 0.478180 0.257776
v -0.217356 0.338809 0.218824
v -0.476086 0.413544 0.215040
v -0.233594 0.305310 0.118066
v -0.467478 0.419461 0.075390
v -0.152491 0.383910 0.026249
v -0.415013 0.465494 -0.020887
v -0.085714 0.518832 0.032650
v -0.318599 0.585972 -0.034132
v -0.549030 0.214985 -0.215545
v -0.218268 -0.001077 -0.119196
v -0.596385 0.172732 -0.131908
v -0.264179 -0.037119 -0.035830
v -0.600832 0.198049 -0.032895
v -0.273186 -0.012328 0.065697
v -0.556649 0.274048 0.023503
v -0.237535 0.068378 0.122429
v -0.489658 0.355911 0.007024
v -0.180157 0.153392 0.103805
v -0.444944 0.398508 -0.070737
v -0.131370 0.195125 0.020192
v -0.445967 0.375099 -0.169574
v -0.122350 0.167326 -0.079506
v -0.342596 0.331183 0.115022
v -0.275305 0.389750 0.030458
v -0.392749 0.241849 0.112769
v -0.337567 0.314587 0.029734
v -0.316881 0.201940 0.107968
v -0.451248 0.259006 -0.048054
v -0.367017 0.212972 -0.068108
v -0.501578 0.150947 -0.023061
v -0.365460 0.050786 0.036737
v -0.481390 0.226240 0.048772
v -0.329706 0.123253 0.096323
v -0.473492 0.203388 0.208874
v -0.397198 0.155436 0.231631
v -0.572050 0.011303 0.077005
v -0.492168 -0.037597 0.097011
v -0.600182 0.081937 0.127109
v -0.438371 -0.019512 0.174305
v -0.556892 0.160532 0.181018
v -0.399082 0.061657 0.227941
v -0.895959 0.574469 0.141954
v -0.677971 0.801978 -0.162375
v -0.859627 0.502955 0.084928
v -0.709039 0.675404 -0.144908
v -0.787219 0.450623 0.085476
v -0.623219 0.621550 -0.123369
v -0.740758 0.449743 0.133916
v -0.713405 0.477119 0.204680
v -0.725456 0.510150 0.254937
v -0.577686 0.773510 0.146327
v -0.794341 0.582650 0.264521
v -0.686663 0.849558 0.106781
v -0.873225 0.608730 0.207845
v -0.676313 0.536331 0.082354
v -0.643782 0.606503 0.132796
v -0.916450 0.551633 0.205959
v -0.907440 0.496004 0.132631
v -0.871567 0.445945 0.101270
v -0.828360 0.412680 0.129397
v -0.784772 0.398237 0.194600
v -0.778157 0.392882 0.248402
v -0.804291 0.482972 0.307624
v -0.885263 0.562013 0.265872
v -0.509173 0.747241 0.015131
v -0.809877 0.720817 -0.002592
v -0.795934 0.579944 -0.044758
v -0.700538 0.509017 -0.003109
v -0.682660 0.619122 0.194942
v -0.789368 0.683309 0.187377
v -0.821693 0.717110 0.105667
v -0.534574 0.802047 0.075728
v -0.990938 0.491999 0.295529
v -1.047721 0.489680 0.210742
v -0.992936 0.396935 0.157265
v -0.943893 0.395450 0.252958
v -0.888096 0.310000 0.283865
v -0.814274 0.272559 0.261927
v -0.773584 0.271981 0.323041
v -0.866692 0.349264 0.386317
v -1.065292 0.428725 0.329625
v -1.129366 0.414764 0.229585
v -1.038758 0.366209 0.188068
v -1.005242 0.364921 0.281851
v -0.971409 0.377444 0.409810
v -0.942515 0.324894 0.330393
v -1.016068 0.363176 0.385794
v -1.082965 0.373504 0.325797
v -0.982125 0.324815 0.307072
v -1.095786 0.235723 0.422354
v -1.147080 0.241484 0.364734
v -1.092191 0.092196 0.383312
v -1.100744 0.363711 0.310376
v -1.125327 0.362704 0.223487
v -1.021716 0.329059 0.219429
v -1.156342 0.211868 0.320921
v -1.182027 0.223216 0.238699
v -1.116336 0.077122 0.232191
v -0.826914 0.204701 0.274243
v -0.788435 0.193801 0.316629
v -0.826221 0.212016 0.375136
v -0.880089 0.222804 0.319557
v -0.959882 0.077326 0.329006
v -0.828062 0.113030 0.333241
v -0.851809 0.153548 0.384068
v 0.269165 0.283110 -0.435006
v 0.217889 0.361860 -0.340246
v 0.215457 0.375272 -0.407859
v 0.231636 0.469395 -0.316515
v 0.229047 0.483864 -0.385337
v 0.307804 0.549767 -0.302260
v 0.305188 0.564414 -0.371585
v 0.186740 0.432125 -0.440275
v 0.295023 0.241848 -0.484952
v 0.259693 0.247182 0.336161
v 0.380689 0.351480 0.298568
v 0.398501 0.478165 0.149627
v 0.330128 0.548764 0.018714
v 0.219548 0.482529 -0.000654
v 0.018875 0.256934 0.235992
v 0.139087 0.217925 0.297229
v 0.117265 0.454610 0.011891
v 0.047675 0.400485 0.064371
v 0.453901 0.140797 0.192551
v 0.504654 0.195703 0.176627
v 0.509609 0.270792 0.081495
v 0.453978 0.388821 0.022643
v 0.290224 0.404127 -0.006613
v 0.112290 0.161240 0.148655
v 0.330811 0.083008 0.202943
v 0.196578 0.363420 0.014529
v 0.147205 0.266600 0.057508
v 0.423813 0.091672 0.083814
v 0.503432 0.136660 0.078428
v 0.484117 0.197763 0.075960
v 0.451366 0.271809 0.081543
v 0.377379 0.292310 0.086096
v 0.362959 0.108620 0.071891
v 0.335995 0.267182 0.084635
v 0.319279 0.213561 0.086438
v 0.444516 0.054007 -0.061942
v 0.596245 0.152695 -0.050285
v 0.588314 0.268601 -0.016385
v 0.517472 0.426157 0.022470
v 0.348848 0.448676 0.058613
v 0.276321 0.070081 -0.045216
v 0.253044 0.385800 0.045891
v 0.207815 0.263047 0.023047
v 0.546917 0.334620 -0.375157
v 0.582238 0.325121 -0.144332
v 0.478841 0.501926 -0.189984
v 0.324943 0.525402 -0.093857
v 0.262862 0.125468 -0.188624
v 0.430804 0.258021 -0.386825
v 0.237094 0.408053 -0.076223
v 0.176081 0.314168 -0.159913
v 0.549226 0.413185 -0.361511
v 0.490507 0.530383 -0.337366
v 0.362431 0.548309 -0.321964
v 0.310125 0.262847 -0.375223
v 0.289328 0.497842 -0.327768
v 0.253684 0.407384 -0.340909
v 0.515703 0.075881 0.003966
v 0.271572 0.269868 -0.363647
v 0.370377 0.237730 -0.445452
v 0.372697 0.225070 -0.375095
v 0.480031 0.259173 -0.445047
v 0.482340 0.246591 -0.374756
v 0.556270 0.339059 -0.432991
v 0.558595 0.326373 -0.362678
v 0.569943 0.447095 -0.414305
v 0.572398 0.433530 -0.341947
v 0.516019 0.540710 -0.383975
v 0.518546 0.526661 -0.316849
v 0.414803 0.586113 -0.370781
v 0.417408 0.571539 -0.302091
v 0.595019 0.403664 -0.476840
v 0.487302 0.597562 -0.416391
v 0.291353 0.261923 -0.596646
v 0.591394 0.430863 -0.571640
v 0.182549 0.455702 -0.550847
v 0.483160 0.620806 -0.527830
v 0.201728 0.429693 -0.612042
v 0.268171 0.307674 -0.641754
v 0.568318 0.468834 -0.625001
v 0.502804 0.591671 -0.593947
v 0.664450 0.346551 -0.501973
v 0.652741 0.336066 -0.633924
v 0.315712 0.184038 -0.459588
v 0.307503 0.147310 -0.577750
v 0.750157 0.179520 -0.540420
v 0.748818 0.150190 -0.615982
v 0.402864 0.004600 -0.464320
v 0.401703 -0.019404 -0.539535
v 0.519026 0.062223 -0.487697
v 0.579006 0.093460 -0.499098
v 0.518027 0.032123 -0.556339
v 0.577814 0.060329 -0.576366
v 0.781479 0.099708 -0.513466
v 0.785437 0.044108 -0.543780
v 0.636927 0.059213 -0.438634
v 0.489050 0.001593 -0.374840
v 0.493365 -0.051075 -0.402897
v 0.640508 -0.001852 -0.469674
v 0.577863 0.035201 -0.412921
v 0.581908 -0.020636 -0.441789
v 0.242965 0.463073 -0.435807
v 0.433662 0.568037 -0.420653
v 0.238774 0.486650 -0.546379
v 0.429471 0.591615 -0.531225
v 0.257953 0.460641 -0.607574
v 0.448728 0.565084 -0.593249
v 0.171130 0.597693 -0.464294
v 0.361827 0.702657 -0.449140
v 0.156984 0.630790 -0.515529
v 0.347682 0.735755 -0.500375
v 0.173621 0.590682 -0.591002
v 0.369825 0.705043 -0.566305
v 0.528769 0.286741 -0.196447
v 0.181650 0.078109 -0.125874
v 0.095683 0.608162 0.137960
v 0.317623 0.665554 0.080006
v 0.122378 0.619003 0.257425
v 0.322670 0.684396 0.187926
v 0.164954 0.531548 0.328953
v 0.369965 0.625843 0.279040
v 0.198809 0.422780 0.321085
v 0.426198 0.505844 0.284234
v 0.221150 0.328934 0.237514
v 0.456925 0.425999 0.200045
v 0.250698 0.291301 0.138473
v 0.483835 0.406152 0.105014
v 0.169554 0.378918 0.037178
v 0.434746 0.454007 0.008448
v 0.104856 0.515389 0.042678
v 0.349346 0.563444 0.012283
v 0.589132 0.204086 -0.179193
v 0.239236 0.002974 -0.100854
v 0.633103 0.162446 -0.094091
v 0.282360 -0.037119 -0.022928
v 0.623414 0.187302 -0.001255
v 0.292358 -0.026025 0.080939
v 0.588820 0.262851 0.064610
v 0.254416 0.053667 0.137768
v 0.524260 0.342919 0.048219
v 0.194312 0.140915 0.117879
v 0.482666 0.382640 -0.032584
v 0.148546 0.184701 0.033948
v 0.485186 0.359988 -0.134367
v 0.143672 0.158412 -0.066377
v 0.357396 0.319890 0.137593
v 0.297561 0.379568 0.052032
v 0.394953 0.273260 0.067037
v 0.357463 0.308293 0.037580
v 0.334628 0.206911 0.110431
v 0.467984 0.207901 -0.030781
v 0.382561 0.167342 -0.034051
v 0.543825 0.137388 0.018646
v 0.386286 0.032629 0.060564
v 0.500006 0.213683 0.075891
v 0.346760 0.111444 0.117472
v 0.486906 0.187603 0.235057
v 0.410719 0.138897 0.254442
v 0.590503 -0.001471 0.102267
v 0.510697 -0.052581 0.122106
v 0.616943 0.068223 0.155170
v 0.454383 -0.034696 0.194676
v 0.571710 0.145661 0.209578
v 0.413212 0.045203 0.248841
v -0.026984 0.651912 -0.212108
v -0.025108 0.777667 -0.204082
v 0.188932 0.646314 -0.178896
v 0.199698 0.771975 -0.171653
v 0.348098 0.635549 -0.050223
v 0.362443 0.761172 -0.043295
v 0.402279 0.622559 0.139926
v 0.411679 0.748235 0.147289
v 0.377825 0.610397 0.337001
v 0.392799 0.736014 0.343873
v 0.244826 0.602703 0.491407
v 0.256070 0.728360 0.498608
v 0.040633 0.601522 0.561620
v 0.042453 0.727278 0.569651
v -0.190841 0.582465 0.523950
v -0.180228 0.732947 0.537035
v -0.329760 0.617836 0.399322
v -0.340782 0.743727 0.408484
v -0.387858 0.630867 0.209518
v -0.393174 0.756697 0.218177
v -0.367753 0.643075 0.012826
v -0.378166 0.768959 0.021934
v -0.234041 0.650761 -0.141642
v -0.241126 0.776610 -0.132827
v 0.588819 0.906343 0.122400
v 0.391597 0.905788 0.052428
v 0.477275 0.892305 0.070199
v 0.575062 1.070922 0.103587
v 0.366984 1.186352 0.194715
v 0.388909 1.047548 0.184091
v 0.323083 1.254026 0.145865
v 0.505127 1.148543 0.149499
v 0.428741 1.208203 -0.002227
v 0.308707 1.134100 0.256654
v 0.308219 1.024240 0.131334
v 0.210402 1.115081 0.308634
v 0.407182 0.855987 -0.042507
v 0.361006 0.866673 -0.001787
v 0.651064 1.011323 0.105159
v 0.494426 0.844163 -0.187312
v 0.649572 0.934047 -0.186795
v 0.394217 0.799451 -0.015249
v 0.435295 0.836923 0.065400
v 0.718974 0.976632 -0.041839
v 0.427688 0.791828 -0.122367
v 0.686638 0.940653 0.119669
v 0.530458 0.772559 0.030122
v 0.585027 0.811836 0.054753
v 0.560640 0.631336 0.088082
v 0.645150 0.833863 0.080640
v 0.729621 0.850994 0.012867
v 0.589870 0.792232 -0.160217
v 0.693087 0.774510 -0.169656
v 0.735766 0.888269 -0.040680
v 0.588979 0.582016 0.015523
v 0.271061 1.189260 0.217942
v 0.967762 0.616449 0.122415
v 0.749536 0.818841 -0.143366
v 0.945000 0.533531 0.085784
v 0.739990 0.643205 -0.148148
v 0.894014 0.465693 0.106989
v 0.662017 0.580750 -0.109615
v 0.854668 0.462025 0.162653
v 0.830469 0.505912 0.233561
v 0.846254 0.575661 0.279770
v 0.581790 0.713606 0.146266
v 0.892424 0.636104 0.255070
v 0.687892 0.803694 0.127919
v 0.946459 0.656965 0.183645
v 0.759589 0.523683 0.109911
v 0.708825 0.587395 0.152381
v 1.003960 0.615782 0.189900
v 1.016029 0.571632 0.138429
v 0.996636 0.491737 0.122499
v 0.961937 0.454917 0.162307
v 0.917220 0.457941 0.236595
v 0.922739 0.537896 0.308854
v 0.936579 0.577195 0.307911
v 0.971505 0.631656 0.245605
v 0.561834 0.759490 -0.082338
v 0.836541 0.711415 -0.010857
v 0.842895 0.583591 -0.034926
v 0.773567 0.484573 0.022834
v 0.758545 0.623284 0.207442
v 0.849106 0.707828 0.170223
v 0.857759 0.723856 0.091973
v 0.539757 0.771499 -0.000638
v 1.145596 0.513137 0.288745
v 1.174429 0.499109 0.193976
v 1.092276 0.441528 0.168583
v 1.070611 0.455066 0.270532
v 1.014136 0.447061 0.351945
v 0.958198 0.504419 0.394429
v 1.004979 0.528537 0.432266
v 1.082704 0.493682 0.405715
v 1.186699 0.431235 0.311494
v 1.192283 0.389524 0.171901
v 1.117136 0.385121 0.183884
v 1.122764 0.400441 0.289628
v 1.125754 0.437922 0.418886
v 1.068732 0.414477 0.373440
v 1.154496 0.389122 0.420331
v 1.198034 0.360598 0.317858
v 1.127872 0.351673 0.308600
v 1.099145 0.377578 0.382085
v 1.159728 0.305687 0.440169
v 1.190983 0.252207 0.356722
v 1.136200 0.255006 0.353773
v 1.114407 0.298754 0.409878
v 1.210711 0.351913 0.278181
v 1.184607 0.328957 0.168139
v 1.111329 0.329240 0.193322
v 1.146368 0.341948 0.280863
v 1.216835 0.243172 0.267162
v 1.187555 0.251766 0.175244
v 1.132464 0.256697 0.201333
v 1.164895 0.245684 0.280148
v 0.956550 0.451545 0.440449
v 0.997036 0.467678 0.473589
v 1.052626 0.410291 0.467291
v 0.984260 0.388335 0.420209
v 0.928728 0.393370 0.499599
v 0.959143 0.402832 0.529746
v 1.009536 0.363157 0.511815
v 0.952868 0.351282 0.473191
v 0.003260 1.641397 0.280601
v -0.632527 0.830565 -0.153182
v 0.731600 0.862943 -0.114510
v -0.217552 0.330095 0.387624
v 0.228892 0.349123 0.394499
v 0.094069 0.458186 0.022011
v 0.174835 0.503321 0.024354
v -0.077773 0.456025 0.021901
v -0.150470 0.518948 0.032188
v 0.770372 0.787805 0.026558
v 0.788801 0.761496 -0.067220
v 0.741157 0.651819 -0.146365
v 0.738331 0.646293 -0.148994
v -0.735053 0.817814 -0.035172
v -0.750348 0.774427 -0.083653
v -0.709090 0.681689 -0.142211
v -0.706716 0.677702 -0.145256
v -0.027707 0.683677 -0.223622
v -0.026624 0.715218 -0.214677
v -0.026753 0.747658 -0.219538
v 0.203589 0.741792 -0.185776
v 0.197487 0.709477 -0.181298
v 0.198036 0.677860 -0.189455
v 0.371081 0.730622 -0.052862
v 0.361180 0.698510 -0.050596
v 0.363676 0.666710 -0.056377
v 0.423312 0.717221 0.144253
v 0.413768 0.685326 0.143010
v 0.418466 0.653281 0.140512
v 0.402332 0.704589 0.347816
v 0.391733 0.672926 0.343188
v 0.394602 0.640679 0.344330
v 0.261802 0.696658 0.507859
v 0.254575 0.665122 0.500388
v 0.256002 0.632728 0.504203
v 0.043177 0.695512 0.581164
v 0.042115 0.663971 0.572218
v 0.042253 0.631531 0.577078
v -0.189960 0.693716 0.547599
v -0.189365 0.655507 0.538464
v -0.195383 0.617211 0.540451
v -0.350094 0.712500 0.414086
v -0.341110 0.680632 0.407733
v -0.344374 0.648449 0.409415
v -0.405789 0.725938 0.217276
v -0.397295 0.693853 0.214445
v -0.403021 0.661918 0.212865
v -0.388939 0.738613 0.014077
v -0.379440 0.706296 0.014635
v -0.383533 0.674566 0.009433
v -0.247983 0.746540 -0.146004
v -0.241761 0.714095 -0.142611
v -0.244300 0.682511 -0.150496
v -0.277411 0.819986 0.329591
v -0.299185 0.808866 0.154757
v -0.289188 0.833467 0.021552
v -0.153572 0.896535 0.455319
v 0.028300 0.991421 0.442608
v 0.213582 0.889373 0.396890
v 0.333487 0.814676 0.295277
v 0.363608 0.826925 0.089305
v 0.364855 0.888155 -0.078840
v -0.057976 1.562036 0.219757
v -0.057976 1.562036 0.219757
v -0.037629 1.539129 0.225574
v -0.037629 1.539129 0.225574
v -0.049524 1.580350 0.449177
v -0.049524 1.580350 0.449177
v -0.069727 1.603239 0.444201
v -0.069727 1.603239 0.444201
v -0.040063 1.508379 0.231758
v -0.040063 1.508379 0.231758
v -0.050439 1.548965 0.455805
v -0.050439 1.548965 0.455805
v -0.063880 1.487785 0.234765
v -0.063880 1.487785 0.234765
v -0.068116 1.525955 0.463983
v -0.068116 1.525955 0.463983
v -0.096609 1.490037 0.238695
v -0.096609 1.490037 0.238695
v -0.099743 1.527698 0.463366
v -0.099743 1.527698 0.463366
v -0.117335 1.513161 0.234608
v -0.117335 1.513161 0.234608
v -0.120246 1.550822 0.459298
v -0.120246 1.550822 0.459298
v -0.118900 1.532213 0.348265
v -0.118900 1.532213 0.348265
v -0.118900 1.532213 0.348265
v -0.113557 1.543380 0.223110
v -0.113557 1.543380 0.223110
v -0.117951 1.581782 0.454133
v -0.117951 1.581782 0.454133
v -0.116718 1.563174 0.343098
v -0.116718 1.563174 0.343098
v -0.116718 1.563174 0.343098
v -0.089482 1.563818 0.218756
v -0.089482 1.563818 0.218756
v -0.094322 1.602445 0.450911
v -0.094322 1.602445 0.450911
v -0.119857 1.544766 0.423161
v -0.119857 1.544766 0.423161
v -0.119857 1.544766 0.423161
v -0.117572 1.575726 0.417996
v -0.117572 1.575726 0.417996
v -0.117572 1.575726 0.417996
v -0.272549 1.555326 0.415541
v -0.272549 1.555326 0.415541
v -0.272549 1.555326 0.415541
v -0.271378 1.543246 0.345994
v -0.271378 1.543246 0.345994
v -0.271378 1.543246 0.345994
v -0.233332 1.570435 0.414949
v -0.233332 1.570435 0.414949
v -0.233332 1.570435 0.414949
v -0.232607 1.558518 0.343830
v -0.232607 1.558518 0.343830
v -0.232607 1.558518 0.343830
v 0.126793 1.541069 0.234653
v 0.126793 1.541069 0.234653
v 0.104318 1.562150 0.230109
v 0.104318 1.562150 0.230109
v 0.125513 1.560185 0.346067
v 0.125513 1.560185 0.346067
v 0.125513 1.560185 0.346067
v -0.269831 1.650774 0.327991
v -0.269831 1.650774 0.327991
v -0.231513 1.634551 0.331099
v -0.231513 1.634551 0.331099
v 0.104411 1.525312 0.465870
v 0.104411 1.525312 0.465870
v 0.073136 1.524212 0.465716
v 0.073136 1.524212 0.465716
v 0.074732 1.486569 0.241021
v 0.074732 1.486569 0.241021
v 0.106106 1.487570 0.243305
v 0.106106 1.487570 0.243305
v -0.235953 1.647818 0.387537
v -0.235953 1.647818 0.387537
v -0.271645 1.663083 0.393635
v -0.271645 1.663083 0.393635
v 0.124487 1.578790 0.457104
v 0.124487 1.578790 0.457104
v 0.125909 1.547785 0.462314
v 0.125909 1.547785 0.462314
v -0.216095 1.596337 0.337660
v -0.216095 1.596337 0.337660
v -0.216819 1.608255 0.408779
v -0.216819 1.608255 0.408779
v 0.127519 1.510161 0.240091
v 0.127519 1.510161 0.240091
v 0.049765 1.545458 0.461929
v 0.049765 1.545458 0.461929
v 0.048573 1.576460 0.456721
v 0.048573 1.576460 0.456721
v 0.052206 1.507616 0.237420
v 0.052206 1.507616 0.237420
v 0.051630 1.538458 0.231708
v 0.051630 1.538458 0.231708
v 0.122781 1.530708 0.353000
v 0.122781 1.530708 0.353000
v 0.122781 1.530708 0.353000
v -0.309696 1.559469 0.342885
v -0.309696 1.559469 0.342885
v -0.310420 1.571387 0.414004
v -0.310420 1.571387 0.414004
v 0.073308 1.561022 0.228791
v 0.073308 1.561022 0.228791
v 0.070038 1.599064 0.453152
v 0.070038 1.599064 0.453152
v -0.325114 1.597682 0.336324
v -0.325114 1.597682 0.336324
v -0.325839 1.609600 0.407443
v -0.325839 1.609600 0.407443
v -0.308601 1.635503 0.330155
v -0.308601 1.635503 0.330155
v -0.309326 1.647420 0.401274
v -0.309326 1.647420 0.401274
v 0.101458 1.600029 0.453310
v 0.101458 1.600029 0.453310
v 0.126255 1.541729 0.426177
v 0.126255 1.541729 0.426177
v 0.126255 1.541729 0.426177
v 0.124844 1.572734 0.420967
v 0.124844 1.572734 0.420967
v 0.124844 1.572734 0.420967
v 0.278793 1.548366 0.423864
v 0.278793 1.548366 0.423864
v 0.278793 1.548366 0.423864
v 0.279517 1.536448 0.352745
v 0.279517 1.536448 0.352745
v 0.279517 1.536448 0.352745
v 0.240475 1.564588 0.420755
v 0.240475 1.564588 0.420755
v 0.240475 1.564588 0.420755
v 0.241199 1.552671 0.349636
v 0.241199 1.552671 0.349636
v 0.241199 1.552671 0.349636
v 0.281065 1.643976 0.334742
v 0.281065 1.643976 0.334742
v 0.242294 1.628705 0.336906
v 0.242294 1.628705 0.336906
v 0.241569 1.640622 0.408025
v 0.241569 1.640622 0.408025
v 0.280340 1.655894 0.405860
v 0.280340 1.655894 0.405860
v 0.225781 1.590884 0.343075
v 0.225781 1.590884 0.343075
v 0.225056 1.602802 0.414194
v 0.225056 1.602802 0.414194
v 0.318288 1.551719 0.350581
v 0.318288 1.551719 0.350581
v 0.317563 1.563637 0.421700
v 0.317563 1.563637 0.421700
v 0.334801 1.589539 0.344411
v 0.334801 1.589539 0.344411
v 0.334076 1.601457 0.415530
v 0.334076 1.601457 0.415530
v 0.319382 1.627753 0.337850
v 0.319382 1.627753 0.337850
v 0.318658 1.639671 0.408969
v 0.318658 1.639671 0.408969
v -0.026984 0.651912 -0.212108
v 0.188932 0.646314 -0.178896
v 0.199698 0.771975 -0.171653
v -0.025108 0.777667 -0.204082
v 0.348098 0.635549 -0.050223
v 0.362443 0.761172 -0.043295
v 0.402279 0.622559 0.139926
v 0.411679 0.748235 0.147289
v 0.377825 0.610397 0.337001
v 0.392799 0.736014 0.343873
v 0.244826 0.602703 0.491407
v 0.256070 0.728360 0.498608
v 0.040633 0.601522 0.561620
v 0.042453 0.727278 0.569651
v -0.190841 0.582465 0.523950
v -0.180228 0.732947 0.537035
v -0.329760 0.617836 0.399322
v -0.340782 0.743727 0.408484
v -0.387858 0.630867 0.209518
v -0.393174 0.756697 0.218177
v -0.367753 0.643075 0.012826
v -0.378166 0.768959 0.021934
v -0.234041 0.650761 -0.141642
v -0.241126 0.776610 -0.132827
v -0.302789 1.578887 0.412268
v -0.272338 1.565980 0.413909
v -0.315114 1.609502 0.407076
v -0.241064 1.578147 0.412970
v -0.228217 1.608598 0.406688
v -0.302003 1.639857 0.401451
v -0.271894 1.652444 0.395162
v 0.310020 1.571280 0.420342
v 0.278946 1.559040 0.422077
v 0.323254 1.601590 0.415397
v 0.248236 1.572042 0.419585
v 0.235879 1.602669 0.414327
v 0.310897 1.632217 0.410139
v 0.280186 1.645219 0.407648
v -0.242739 1.640010 0.392436
v 0.249113 1.632980 0.409382
vt 0.448979 0.818050
vt 0.365973 0.818051
vt 0.365973 0.809604
vt 0.365973 0.798158
vt 0.448979 0.798158
vt 0.365973 0.790418
vt 0.448979 0.790418
vt 0.365184 0.789629
vt 0.365184 0.790129
vt 0.448190 0.790129
vt 0.406202 0.798576
vt 0.378533 0.798576
vt 0.365184 0.798576
vt 0.365184 0.810021
vt 0.172039 0.817593
vt 0.217253 0.777081
vt 0.188820 0.836321
vt 0.448979 0.818550
vt 0.365973 0.818550
vt 0.406202 0.810021
vt 0.365184 0.817761
vt 0.448190 0.817761
vt 0.000000 0.000000
vt 0.448190 0.798576
vt 0.313733 0.836308
vt 0.314534 0.854661
vt 0.223469 0.855097
vt 0.448979 0.798947
vt 0.365972 0.798947
vt 0.365972 0.810393
vt 0.405795 0.810293
vt 0.379523 0.810293
vt 0.379523 0.804476
vt 0.314082 0.763074
vt 0.201299 0.772534
vt 0.223818 0.781862
vt 0.222258 0.855097
vt 0.199739 0.845769
vt 0.312522 0.836308
vt 0.448979 0.819339
vt 0.448979 0.818839
vt 0.365972 0.818839
vt 0.379523 0.844199
vt 0.379523 0.838382
vt 0.405795 0.838382
vt 0.405006 0.838382
vt 0.378734 0.838382
vt 0.378734 0.844199
vt 0.235203 0.797059
vt 0.234106 0.822181
vt 0.193092 0.777422
vt 0.379523 0.824338
vt 0.405795 0.824338
vt 0.378734 0.810293
vt 0.405006 0.810293
vt 0.405413 0.810021
vt 0.378533 0.810021
vt 0.119356 0.556129
vt 0.100519 0.574967
vt 0.100519 0.537291
vt 0.314898 0.764239
vt 0.202115 0.773700
vt 0.224635 0.783028
vt 0.448979 0.810393
vt 0.448190 0.810021
vt 0.448979 0.791207
vt 0.365972 0.791207
vt 0.405795 0.844199
vt 0.405795 0.804476
vt 0.223780 0.856996
vt 0.178742 0.856996
vt 0.178742 0.902034
vt 0.405006 0.824338
vt 0.378734 0.824338
vt 0.099659 0.576286
vt 0.112979 0.544128
vt 0.099659 0.538610
vt 0.177219 0.855097
vt 0.222258 0.900135
vt 0.705277 0.905334
vt 0.705277 0.922109
vt 0.679344 0.922109
vt 0.619290 0.781001
vt 0.619290 0.765244
vt 0.695115 0.765244
vt 0.774244 0.942625
vt 0.747387 0.942625
vt 0.738767 0.953219
vt 0.738843 0.974381
vt 0.738843 0.952053
vt 0.726072 0.952389
vt 0.860835 0.905239
vt 0.886769 0.905239
vt 0.886769 0.922015
vt 0.782941 0.952053
vt 0.774320 0.941460
vt 0.912702 0.905239
vt 0.912702 0.922015
vt 0.771919 0.983182
vt 0.782941 0.974381
vt 0.653369 0.905239
vt 0.679302 0.905239
vt 0.679302 0.922015
vt 0.747387 0.941460
vt 0.774244 0.941460
vt 0.695113 0.780493
vt 0.695113 0.764736
vt 0.619289 0.764736
vt 0.705236 0.905239
vt 0.705236 0.922015
vt 0.797518 0.810015
vt 0.797518 0.885840
vt 0.812776 0.885840
vt 0.749789 0.983182
vt 0.731169 0.905239
vt 0.731169 0.922015
vt 0.878407 0.942367
vt 0.878407 0.932076
vt 0.889476 0.932076
vt 0.757102 0.905239
vt 0.757102 0.922015
vt 0.842779 0.824199
vt 0.812776 0.810015
vt 0.834420 0.942582
vt 0.848880 0.987085
vt 0.828897 0.959580
vt 0.783036 0.905239
vt 0.783036 0.922015
vt 0.848880 0.932076
vt 0.860311 0.942367
vt 0.808969 0.905239
vt 0.808969 0.922015
vt 0.865788 0.840668
vt 0.941696 0.865332
vt 0.834902 0.905239
vt 0.860835 0.922015
vt 0.834902 0.922015
vt 0.860311 0.932076
vt 0.619289 0.780493
vt 0.657201 0.808038
vt 0.783240 0.804402
vt 0.738760 0.848460
vt 0.783240 0.891453
vt 0.700727 0.742558
vt 0.613675 0.742558
vt 0.719093 0.977080
vt 0.725985 0.952389
vt 0.688050 0.940298
vt 0.685189 0.956729
vt 0.663581 0.952696
vt 0.657734 0.698384
vt 0.688137 0.940298
vt 0.685277 0.956730
vt 0.689259 0.941463
vt 0.686399 0.957895
vt 0.664784 0.953861
vt 0.689244 0.941463
vt 0.663656 0.952696
vt 0.663437 0.939515
vt 0.642761 0.673819
vt 0.642761 0.659092
vt 0.620199 0.659092
vt 0.711159 0.848460
vt 0.711159 0.885582
vt 0.664550 0.940680
vt 0.700727 0.698384
vt 0.694855 0.673820
vt 0.738760 0.833488
vt 0.738760 0.804402
vt 0.711159 0.810926
vt 0.642761 0.698384
vt 0.620199 0.673819
vt 0.860311 0.977268
vt 0.878407 0.977268
vt 0.878407 0.987085
vt 0.784044 0.953219
vt 0.817308 0.952643
vt 0.812415 0.963990
vt 0.889476 0.977268
vt 0.889475 0.987085
vt 0.775424 0.942625
vt 0.807427 0.941351
vt 0.885139 0.977268
vt 0.885139 0.942367
vt 0.895154 0.942367
vt 0.895154 0.977268
vt 0.907314 0.942367
vt 0.933272 0.977268
vt 0.907314 0.977268
vt 0.782927 0.953219
vt 0.816191 0.952643
vt 0.806311 0.941351
vt 0.782927 0.975546
vt 0.811298 0.963990
vt 0.017633 0.833272
vt 0.056956 0.816984
vt 0.056956 0.872595
vt 0.148217 0.878827
vt 0.148292 0.850520
vt 0.087972 0.850359
vt 0.057336 0.624600
vt 0.148629 0.624600
vt 0.148629 0.601565
vt 0.148367 0.822213
vt 0.057336 0.601565
vt 0.148629 0.578530
vt 0.088048 0.822052
vt 0.148443 0.793906
vt 0.057689 0.816963
vt 0.073977 0.833251
vt 0.018365 0.856286
vt 0.115016 0.647635
vt 0.093222 0.647635
vt 0.148518 0.765599
vt 0.088198 0.765438
vt 0.126744 0.670670
vt 0.148630 0.670670
vt 0.148630 0.647635
vt 0.148630 0.693705
vt 0.112523 0.736969
vt 0.126744 0.693705
vt 0.115365 0.716740
vt 0.148630 0.716740
vt 0.034654 0.872574
vt 0.057689 0.872574
vt 0.058999 0.893084
vt 0.148593 0.737292
vt 0.079015 0.913100
vt 0.010676 0.913100
vt 0.148141 0.907134
vt 0.087897 0.878666
vt 0.111995 0.935579
vt 0.087822 0.906973
vt 0.115365 0.555495
vt 0.057336 0.578530
vt 0.030325 0.892806
vt 0.058632 0.892806
vt 0.078648 0.941129
vt 0.087402 0.963585
vt 0.111653 0.963884
vt 0.093396 0.532460
vt 0.057336 0.555495
vt 0.085161 0.944589
vt 0.092897 0.963495
vt 0.114733 0.956162
vt 0.147998 0.956329
vt 0.148066 0.935441
vt 0.082239 0.693705
vt 0.082239 0.670670
vt 0.057336 0.670670
vt 0.350916 0.943997
vt 0.351049 0.906837
vt 0.328014 0.906878
vt 0.057336 0.647635
vt 0.370999 0.960271
vt 0.370999 0.913432
vt 0.266325 0.944041
vt 0.286056 0.960343
vt 0.286054 0.913504
vt 0.057336 0.716740
vt 0.093396 0.716740
vt 0.025017 0.776065
vt 0.025017 0.751549
vt 0.065511 0.751549
vt 0.035688 0.732994
vt 0.055518 0.732994
vt 0.035371 0.794927
vt 0.065511 0.776066
vt 0.392793 0.960271
vt 0.392793 0.913432
vt 0.327881 0.944038
vt 0.308023 0.913503
vt 0.308025 0.960342
vt 0.243290 0.944003
vt 0.243152 0.906843
vt 0.223631 0.913438
vt 0.266187 0.906880
vt 0.679344 0.905334
vt 0.653410 0.922109
vt 0.740008 0.974381
vt 0.784106 0.974381
vt 0.773084 0.983182
vt 0.912743 0.905334
vt 0.912743 0.922109
vt 0.886810 0.922109
vt 0.748628 0.941460
vt 0.775486 0.941460
vt 0.784106 0.952053
vt 0.886810 0.905334
vt 0.860877 0.922109
vt 0.720345 0.977080
vt 0.727237 0.952389
vt 0.813807 0.809576
vt 0.813807 0.885401
vt 0.798549 0.885401
vt 0.738767 0.975546
vt 0.749789 0.984347
vt 0.731210 0.905334
vt 0.731210 0.922109
vt 0.889579 0.942005
vt 0.889579 0.931715
vt 0.878510 0.931715
vt 0.757143 0.905334
vt 0.757143 0.922109
vt 0.843810 0.823761
vt 0.843810 0.871869
vt 0.848983 0.986723
vt 0.848983 0.931715
vt 0.834524 0.942220
vt 0.783077 0.905334
vt 0.783077 0.922109
vt 0.740008 0.952053
vt 0.860415 0.942005
vt 0.860415 0.931715
vt 0.809010 0.905334
vt 0.809010 0.922109
vt 0.890710 0.906239
vt 0.884450 0.826670
vt 0.932415 0.838187
vt 0.860877 0.905334
vt 0.834943 0.922109
vt 0.834943 0.905334
vt 0.878510 0.942005
vt 0.680634 0.800933
vt 0.633771 0.800933
vt 0.695115 0.781001
vt 0.739791 0.848022
vt 0.784271 0.803963
vt 0.784271 0.891014
vt 0.613677 0.743066
vt 0.700728 0.743066
vt 0.725985 0.953555
vt 0.719093 0.978245
vt 0.688050 0.941463
vt 0.663362 0.940680
vt 0.663581 0.953861
vt 0.657735 0.698891
vt 0.700728 0.698891
vt 0.685189 0.957895
vt 0.686442 0.956730
vt 0.689302 0.940298
vt 0.689259 0.939133
vt 0.664565 0.938350
vt 0.664784 0.951531
vt 0.657736 0.659600
vt 0.694857 0.659600
vt 0.694857 0.674327
vt 0.620201 0.674327
vt 0.620201 0.659600
vt 0.642763 0.659600
vt 0.664821 0.952696
vt 0.664602 0.939515
vt 0.712190 0.885143
vt 0.712190 0.848022
vt 0.657735 0.674327
vt 0.739791 0.833049
vt 0.712190 0.833049
vt 0.712190 0.810487
vt 0.642763 0.674327
vt 0.642763 0.698891
vt 0.878511 0.986723
vt 0.878511 0.976906
vt 0.860415 0.976906
vt 0.811250 0.963990
vt 0.816143 0.952643
vt 0.889580 0.986723
vt 0.889580 0.976906
vt 0.885242 0.976906
vt 0.895257 0.976906
vt 0.895257 0.942005
vt 0.907417 0.976906
vt 0.907417 0.942005
vt 0.933375 0.976906
vt 0.885242 0.942005
vt 0.807476 0.941351
vt 0.817356 0.952643
vt 0.784092 0.953219
vt 0.812463 0.963990
vt 0.034459 0.872324
vt 0.018170 0.833000
vt 0.073782 0.833000
vt 0.088966 0.850359
vt 0.149285 0.850519
vt 0.149210 0.878826
vt 0.058329 0.624600
vt 0.058329 0.601565
vt 0.149623 0.601565
vt 0.089041 0.822052
vt 0.149360 0.822213
vt 0.058329 0.578530
vt 0.149623 0.578530
vt 0.089116 0.793745
vt 0.149436 0.793906
vt 0.056657 0.817105
vt 0.017334 0.833393
vt 0.017334 0.856428
vt 0.149623 0.624600
vt 0.149623 0.647635
vt 0.116009 0.647635
vt 0.089191 0.765438
vt 0.149511 0.765599
vt 0.127737 0.670670
vt 0.149623 0.670670
vt 0.149623 0.693705
vt 0.113517 0.736969
vt 0.149586 0.737292
vt 0.127737 0.693705
vt 0.149623 0.716740
vt 0.057968 0.893226
vt 0.056657 0.872716
vt 0.033622 0.872716
vt 0.116358 0.716740
vt 0.077984 0.913242
vt 0.009645 0.913242
vt 0.077984 0.941549
vt 0.088890 0.878666
vt 0.149135 0.907133
vt 0.149059 0.935440
vt 0.112988 0.935579
vt 0.116358 0.555495
vt 0.149623 0.555495
vt 0.010497 0.940627
vt 0.010497 0.912320
vt 0.078836 0.940627
vt 0.088395 0.963585
vt 0.088738 0.935280
vt 0.058329 0.532460
vt 0.094390 0.532460
vt 0.058329 0.555495
vt 0.086154 0.944589
vt 0.115727 0.956162
vt 0.148991 0.956329
vt 0.058328 0.670670
vt 0.083232 0.670670
vt 0.083232 0.693705
vt 0.327026 0.906383
vt 0.350061 0.906343
vt 0.349927 0.943503
vt 0.058329 0.647635
vt 0.094215 0.647635
vt 0.370011 0.912938
vt 0.265336 0.943543
vt 0.265200 0.906383
vt 0.285066 0.913008
vt 0.058328 0.716740
vt 0.058328 0.693705
vt 0.025151 0.750707
vt 0.065645 0.750707
vt 0.065645 0.775223
vt 0.035144 0.732152
vt 0.054974 0.732152
vt 0.025151 0.775223
vt 0.055291 0.794085
vt 0.391805 0.912939
vt 0.391803 0.959777
vt 0.307035 0.913008
vt 0.326892 0.943543
vt 0.285067 0.959846
vt 0.222643 0.912939
vt 0.242164 0.906345
vt 0.242301 0.943505
vt 0.474567 0.961634
vt 0.474567 0.827457
vt 0.608744 0.961634
vt 0.474827 0.960832
vt 0.474827 0.826655
vt 0.609003 0.826655
vt 0.283442 0.838500
vt 0.296762 0.832983
vt 0.300062 0.836282
vt 0.302280 0.819662
vt 0.306946 0.819662
vt 0.264604 0.819662
vt 0.270121 0.832983
vt 0.266822 0.836282
vt 0.296762 0.806342
vt 0.300062 0.803042
vt 0.283442 0.800825
vt 0.283442 0.796158
vt 0.282582 0.839819
vt 0.282582 0.844486
vt 0.299202 0.837601
vt 0.301420 0.820981
vt 0.295902 0.834302
vt 0.263744 0.820981
vt 0.259077 0.820981
vt 0.265962 0.837601
vt 0.295902 0.807661
vt 0.306086 0.820981
vt 0.282582 0.802144
vt 0.299202 0.804361
vt 0.283442 0.843167
vt 0.270121 0.806342
vt 0.266822 0.803042
vt 0.259937 0.819662
vt 0.269261 0.834302
vt 0.282582 0.797477
vt 0.265962 0.804361
vt 0.269261 0.807661
vt 0.448979 0.809604
vt 0.448190 0.789629
vt 0.234034 0.795809
vt 0.232656 0.820917
vt 0.213928 0.837698
vt 0.173416 0.792484
vt 0.192145 0.775704
vt 0.200950 0.845769
vt 0.314883 0.781426
vt 0.313323 0.854660
vt 0.365973 0.819339
vt 0.405006 0.844199
vt 0.190444 0.838073
vt 0.173456 0.819533
vt 0.174553 0.794410
vt 0.215567 0.839169
vt 0.218215 0.778519
vt 0.377744 0.810021
vt 0.081681 0.556129
vt 0.087198 0.542809
vt 0.113839 0.542809
vt 0.113839 0.569449
vt 0.087198 0.569449
vt 0.315699 0.782591
vt 0.201261 0.911362
vt 0.223780 0.902034
vt 0.233108 0.879515
vt 0.201261 0.847668
vt 0.169414 0.879515
vt 0.086338 0.544128
vt 0.080821 0.557448
vt 0.086338 0.570768
vt 0.112979 0.570768
vt 0.118496 0.557448
vt 0.199739 0.909463
vt 0.177219 0.900135
vt 0.167892 0.877616
vt 0.231586 0.877616
vt 0.719180 0.977080
vt 0.747463 0.941460
vt 0.749865 0.983182
vt 0.653369 0.922015
vt 0.771843 0.983182
vt 0.889476 0.942367
vt 0.842779 0.885840
vt 0.842779 0.872308
vt 0.842779 0.810015
vt 0.834420 0.976579
vt 0.860311 0.987085
vt 0.865788 0.889996
vt 0.857774 0.865332
vt 0.886769 0.825425
vt 0.912702 0.825425
vt 0.933682 0.840668
vt 0.933682 0.889996
vt 0.680632 0.800425
vt 0.633770 0.800425
vt 0.738760 0.891453
vt 0.613675 0.698384
vt 0.664565 0.940680
vt 0.657734 0.673819
vt 0.711159 0.833488
vt 0.784044 0.975546
vt 0.933272 0.942367
vt 0.774307 0.942625
vt 0.073244 0.856307
vt 0.073244 0.833272
vt 0.033921 0.872595
vt 0.017633 0.856307
vt 0.033921 0.816984
vt 0.088123 0.793745
vt 0.073977 0.856286
vt 0.018365 0.833251
vt 0.034654 0.816963
vt 0.088272 0.737131
vt 0.030692 0.893084
vt 0.058999 0.961423
vt 0.030692 0.961423
vt 0.010676 0.941407
vt 0.079015 0.941407
vt 0.087745 0.935280
vt 0.148630 0.555495
vt 0.058632 0.961145
vt 0.010309 0.912822
vt 0.030325 0.961145
vt 0.010309 0.941129
vt 0.078648 0.912822
vt 0.057336 0.532460
vt 0.115365 0.532460
vt 0.057336 0.693705
vt 0.055359 0.794927
vt 0.223633 0.960276
vt 0.653410 0.905334
vt 0.751030 0.983182
vt 0.798549 0.809576
vt 0.771843 0.984347
vt 0.843810 0.885401
vt 0.843810 0.809576
vt 0.829000 0.959219
vt 0.834524 0.976217
vt 0.860415 0.986723
vt 0.942339 0.862146
vt 0.936284 0.887363
vt 0.916564 0.904205
vt 0.868599 0.892688
vt 0.858675 0.868728
vt 0.864730 0.843512
vt 0.910304 0.824636
vt 0.657202 0.808546
vt 0.739791 0.891014
vt 0.739791 0.803963
vt 0.613677 0.698891
vt 0.686399 0.955564
vt 0.933375 0.942005
vt 0.775472 0.942625
vt 0.784092 0.975546
vt 0.057494 0.816712
vt 0.034459 0.816712
vt 0.073782 0.856035
vt 0.057494 0.872324
vt 0.018170 0.856035
vt 0.072945 0.856428
vt 0.072945 0.833393
vt 0.033622 0.817105
vt 0.089265 0.737131
vt 0.029661 0.893226
vt 0.009645 0.941549
vt 0.029661 0.961565
vt 0.057968 0.961565
vt 0.088815 0.906973
vt 0.058820 0.892304
vt 0.078836 0.912320
vt 0.030513 0.892304
vt 0.058820 0.960643
vt 0.030513 0.960643
vt 0.112646 0.963884
vt 0.116358 0.532460
vt 0.093890 0.963495
vt 0.370009 0.959777
vt 0.094389 0.716740
vt 0.035303 0.794085
vt 0.307035 0.959846
vt 0.222643 0.959778
vt 0.633300 0.869990
vt 0.633300 0.919102
vt 0.608744 0.827457
vt 0.566211 0.986190
vt 0.517099 0.986190
vt 0.450011 0.919102
vt 0.450011 0.869989
vt 0.517099 0.802901
vt 0.566211 0.802901
vt 0.566471 0.802099
vt 0.633559 0.869187
vt 0.633559 0.918299
vt 0.609003 0.960832
vt 0.566471 0.985388
vt 0.517359 0.985388
vt 0.450270 0.918299
vt 0.450270 0.869187
vt 0.517359 0.802099
vt 0.186548 0.403151
vt 0.142072 0.419594
vt 0.141817 0.355037
vt 0.633735 0.419446
vt 0.685993 0.414827
vt 0.685479 0.433079
vt 0.140113 0.430519
vt 0.098717 0.417904
vt 0.302456 0.638890
vt 0.334910 0.644951
vt 0.357784 0.665164
vt 0.737793 0.411673
vt 0.739463 0.432790
vt 0.096727 0.407800
vt 0.043712 0.422311
vt 0.095031 0.354056
vt 0.045725 0.402293
vt 0.583275 0.434548
vt 0.583906 0.365656
vt 0.632449 0.366170
vt 0.684473 0.362740
vt 0.186403 0.424922
vt 0.186255 0.444362
vt 0.936384 0.729175
vt 0.957994 0.691772
vt 0.925291 0.689462
vt 0.685793 0.454402
vt 0.633607 0.453609
vt 0.661700 0.481563
vt 0.099037 0.441535
vt 0.073189 0.446728
vt 0.097787 0.484707
vt 0.281030 0.664684
vt 0.318027 0.688189
vt 0.887493 0.737014
vt 0.911185 0.744642
vt 0.881490 0.701517
vt 0.146669 0.467488
vt 0.145733 0.517036
vt 0.892799 0.345433
vt 0.860417 0.359325
vt 0.888689 0.307413
vt 0.185856 0.506764
vt 0.925886 0.339941
vt 0.935504 0.316868
vt 0.979147 0.330286
vt 0.844828 0.401893
vt 0.836265 0.391758
vt 0.642621 0.544470
vt 0.633553 0.573022
vt 0.599416 0.548151
vt 0.891789 0.680585
vt 0.868117 0.679619
vt 0.908442 0.310434
vt 0.843645 0.339717
vt 0.858759 0.281487
vt 0.186079 0.469867
vt 0.825003 0.749805
vt 0.847223 0.763406
vt 0.865115 0.724773
vt 0.827618 0.711642
vt 0.867156 0.776505
vt 0.824504 0.365891
vt 0.802790 0.352942
vt 0.812307 0.315129
vt 0.892006 0.660598
vt 0.868851 0.658584
vt 0.963002 0.670809
vt 0.911275 0.292905
vt 0.934412 0.296851
vt 0.948130 0.270261
vt 0.925020 0.256314
vt 0.930110 0.218116
vt 0.926433 0.668111
vt 0.892567 0.291760
vt 0.872491 0.300694
vt 0.981415 0.307256
vt 0.875783 0.282718
vt 0.224497 0.517722
vt 0.222190 0.543763
vt 0.861418 0.269385
vt 0.867114 0.247557
vt 0.891345 0.251005
vt 0.924139 0.633467
vt 0.910546 0.623124
vt 0.876516 0.630511
vt 0.857402 0.631348
vt 0.900626 0.250813
vt 0.902616 0.220021
vt 0.840046 0.661830
vt 0.847123 0.651837
vt 0.582977 0.519276
vt 0.605316 0.518305
vt 0.212586 0.592935
vt 0.238272 0.589787
vt 0.237962 0.622690
vt 0.614825 0.587681
vt 0.605238 0.572666
vt 0.824576 0.410152
vt 0.803543 0.379901
vt 0.824606 0.775063
vt 0.277491 0.580732
vt 0.359579 0.541886
vt 0.325845 0.565956
vt 0.263359 0.619026
vt 0.289343 0.598459
vt 0.501425 0.597311
vt 0.506897 0.626898
vt 0.475613 0.625933
vt 0.632756 0.587690
vt 0.835068 0.797536
vt 0.846442 0.791677
vt 0.582890 0.570231
vt 0.583188 0.458248
vt 0.253737 0.568955
vt 0.292908 0.550543
vt 0.796142 0.406192
vt 0.359691 0.525596
vt 0.230809 0.355604
vt 0.229769 0.420248
vt 0.450549 0.621714
vt 0.473719 0.651021
vt 0.206189 0.622821
vt 0.206748 0.646621
vt 0.166437 0.646727
vt 0.532853 0.419146
vt 0.532326 0.433363
vt 0.480707 0.431161
vt 0.273194 0.419184
vt 0.231602 0.431203
vt 0.293349 0.692292
vt 0.321877 0.710052
vt 0.239272 0.648245
vt 0.480644 0.412825
vt 0.425662 0.429427
vt 0.328251 0.424436
vt 0.275338 0.409094
vt 0.277701 0.355243
vt 0.328201 0.357978
vt 0.326537 0.404334
vt 0.535409 0.365438
vt 0.483513 0.360772
vt 0.428210 0.407983
vt 0.171080 0.613828
vt 0.479981 0.453729
vt 0.532826 0.453091
vt 0.504229 0.481120
vt 0.298332 0.448463
vt 0.272516 0.442856
vt 0.273070 0.486114
vt 0.476174 0.593547
vt 0.224392 0.468043
vt 0.523136 0.544246
vt 0.560626 0.518183
vt 0.566413 0.548106
vt 0.147671 0.543048
vt 0.560475 0.572688
vt 0.550783 0.587690
vt 0.532118 0.572901
vt 0.860225 0.359032
vt 0.843434 0.339363
vt 0.836046 0.391429
vt 0.979007 0.329951
vt 0.935346 0.316523
vt 0.925714 0.339646
vt 0.437217 0.583708
vt 0.424708 0.600193
vt 0.390329 0.567443
vt 0.505695 0.650284
vt 0.532504 0.588415
vt 0.541685 0.618963
vt 0.532836 0.587611
vt 0.461522 0.572548
vt 0.423611 0.553046
vt 0.879928 0.700427
vt 0.866690 0.678406
vt 0.890386 0.679539
vt 0.545354 0.651478
vt 0.582924 0.547853
vt 0.411640 0.641966
vt 0.394163 0.713071
vt 0.375877 0.703646
vt 0.395171 0.689848
vt 0.242223 0.675089
vt 0.212715 0.672603
vt 0.432810 0.666683
vt 0.470204 0.677153
vt 0.174748 0.681416
vt 0.283737 0.691717
vt 0.536185 0.685402
vt 0.499099 0.675620
vt 0.230875 0.706962
vt 0.207857 0.718139
vt 0.357371 0.722613
vt 0.335811 0.702327
vt 0.425100 0.689952
vt 0.460663 0.708219
vt 0.357900 0.648121
vt 0.480113 0.708857
vt 0.502434 0.720595
vt 0.250532 0.707001
vt 0.426870 0.719246
vt 0.457476 0.743892
vt 0.253384 0.741722
vt 0.435160 0.750954
vt 0.343043 0.584412
vt 0.315087 0.599861
vt 0.289875 0.720735
vt 0.356969 0.691407
vt 0.380273 0.646132
vt 0.418710 0.686975
vt 0.357570 0.631138
vt 0.339233 0.618699
vt 0.375722 0.619781
vt 0.398625 0.602014
vt 0.370018 0.613998
vt 0.369072 0.582510
vt 0.344962 0.611198
vt 0.634003 0.433556
vt 0.044713 0.356038
vt 0.044320 0.346532
vt 0.229973 0.329527
vt 0.277971 0.345491
vt 0.739576 0.352614
vt 0.684150 0.352049
vt 0.697370 0.301454
vt 0.186304 0.353775
vt 0.142975 0.329011
vt 0.428679 0.359295
vt 0.428960 0.349320
vt 0.328735 0.348228
vt 0.630223 0.338302
vt 0.538107 0.337641
vt 0.584071 0.345045
vt 0.094900 0.344315
vt 0.186422 0.334703
vt 0.484169 0.350103
vt 0.161107 0.287341
vt 0.136604 0.301372
vt 0.212284 0.287599
vt 0.186687 0.287005
vt 0.186797 0.261873
vt 0.472254 0.299663
vt 0.467915 0.258460
vt 0.499719 0.263278
vt 0.623693 0.290048
vt 0.598277 0.271574
vt 0.632237 0.286104
vt 0.043725 0.304102
vt 0.584395 0.296493
vt 0.559409 0.296399
vt 0.584435 0.272988
vt 0.609460 0.296616
vt 0.660272 0.294549
vt 0.670363 0.264003
vt 0.163218 0.270460
vt 0.127954 0.237200
vt 0.163470 0.218613
vt 0.389823 0.442439
vt 0.335081 0.441466
vt 0.340709 0.412045
vt 0.747836 0.305901
vt 0.702769 0.259789
vt 0.647666 0.312905
vt 0.386746 0.453055
vt 0.325525 0.441293
vt 0.095207 0.298473
vt 0.133122 0.286268
vt 0.352162 0.384023
vt 0.373321 0.384140
vt 0.750707 0.240723
vt 0.709952 0.202173
vt 0.052696 0.246370
vt 0.052025 0.215132
vt 0.076532 0.206896
vt 0.647391 0.257446
vt 0.086959 0.244259
vt 0.104261 0.239919
vt 0.619026 0.236096
vt 0.660000 0.191423
vt 0.636091 0.189960
vt 0.627734 0.142654
vt 0.053597 0.163618
vt 0.080542 0.172328
vt 0.680079 0.192943
vt 0.658283 0.138716
vt 0.681109 0.138540
vt 0.717101 0.139496
vt 0.684117 0.106555
vt 0.132340 0.188419
vt 0.112367 0.196587
vt 0.093833 0.152034
vt 0.388171 0.357585
vt 0.347054 0.350929
vt 0.349048 0.322663
vt 0.715657 0.093144
vt 0.762170 0.110290
vt 0.056115 0.084199
vt 0.073750 0.063877
vt 0.120427 0.102197
vt 0.026482 0.175667
vt 0.759433 0.152972
vt 0.389032 0.318838
vt 0.358675 0.277507
vt 0.710414 0.068429
vt 0.735531 0.049552
vt 0.654835 0.111136
vt 0.629716 0.091931
vt 0.137528 0.138964
vt 0.693759 0.073522
vt 0.679978 0.068890
vt 0.665574 0.051630
vt 0.030413 0.093144
vt 0.017090 0.139705
vt 0.934820 0.604244
vt 0.938509 0.614767
vt 0.968382 0.600196
vt 0.983225 0.189821
vt 0.985313 0.227625
vt 0.958009 0.223140
vt 0.854912 0.563543
vt 0.842916 0.604356
vt 0.879153 0.607708
vt 0.826409 0.571991
vt 0.826955 0.593923
vt 0.813535 0.594292
vt 0.814147 0.610362
vt 0.779624 0.617354
vt 0.784252 0.594517
vt 0.822317 0.506358
vt 0.809221 0.506675
vt 0.810085 0.485108
vt 0.823381 0.485264
vt 0.810263 0.462462
vt 0.822356 0.527417
vt 0.822729 0.551865
vt 0.809744 0.552674
vt 0.827303 0.609816
vt 0.888803 0.563868
vt 0.910665 0.573316
vt 0.903960 0.538556
vt 0.878421 0.539140
vt 0.975721 0.152185
vt 0.949233 0.186357
vt 0.924665 0.537032
vt 0.928574 0.586423
vt 0.961310 0.566267
vt 0.808885 0.527056
vt 0.778785 0.523990
vt 0.782795 0.486175
vt 0.828027 0.627908
vt 0.815212 0.628641
vt 0.814503 0.645167
vt 0.800299 0.661862
vt 0.785990 0.645604
vt 0.779901 0.558755
vt 0.812808 0.572343
vt 0.789460 0.472522
vt 0.795940 0.460220
vt 0.828837 0.643040
vt 0.905078 0.154059
vt 0.904698 0.187557
vt 0.888764 0.177836
vt 0.776713 0.470919
vt 0.779965 0.460196
vt 0.762887 0.643615
vt 0.752340 0.555077
vt 0.752629 0.520226
vt 0.736570 0.519244
vt 0.732293 0.514043
vt 0.742987 0.508537
vt 0.784811 0.564091
vt 0.769412 0.592554
vt 0.765265 0.664103
vt 0.751704 0.666493
vt 0.762384 0.617273
vt 0.682815 0.494406
vt 0.719669 0.503165
vt 0.759177 0.598701
vt 0.743678 0.486333
vt 0.774852 0.663097
vt 0.759974 0.698358
vt 0.749730 0.684452
vt 0.679157 0.536042
vt 0.720693 0.535288
vt 0.719766 0.550033
vt 0.720287 0.696716
vt 0.719881 0.485597
vt 0.753282 0.628278
vt 0.747340 0.650774
vt 0.703924 0.647675
vt 0.793176 0.675394
vt 0.743313 0.553380
vt 0.744499 0.535987
vt 0.758100 0.573681
vt 0.675599 0.598870
vt 0.709981 0.574594
vt 0.757037 0.677707
vt 0.770198 0.479494
vt 0.757622 0.465392
vt 0.755071 0.478240
vt 0.210511 0.218688
vt 0.245976 0.237661
vt 0.210299 0.270674
vt 0.393023 0.442935
vt 0.391645 0.411302
vt 0.343324 0.413507
vt 0.422215 0.302711
vt 0.421306 0.238462
vt 0.375384 0.384970
vt 0.354227 0.385266
vt 0.428777 0.204631
vt 0.462254 0.201804
vt 0.297923 0.207741
vt 0.322475 0.216283
vt 0.321432 0.247666
vt 0.509112 0.293607
vt 0.522439 0.257214
vt 0.269730 0.240630
vt 0.287054 0.245165
vt 0.278182 0.299475
vt 0.537005 0.285702
vt 0.550545 0.236633
vt 0.240298 0.286817
vt 0.511165 0.192381
vt 0.513853 0.141319
vt 0.543350 0.145708
vt 0.294236 0.172942
vt 0.321429 0.164439
vt 0.491583 0.193475
vt 0.491745 0.140678
vt 0.456830 0.140782
vt 0.534456 0.191357
vt 0.459343 0.095980
vt 0.489533 0.109667
vt 0.242015 0.188651
vt 0.281058 0.152404
vt 0.262012 0.197030
vt 0.389713 0.358130
vt 0.389816 0.319373
vt 0.349914 0.323979
vt 0.413936 0.111395
vt 0.254753 0.102022
vt 0.302065 0.063877
vt 0.319632 0.084487
vt 0.348595 0.176834
vt 0.415449 0.152771
vt 0.348473 0.352278
vt 0.389759 0.275962
vt 0.358657 0.278643
vt 0.441202 0.053400
vt 0.465003 0.072249
vt 0.517753 0.114715
vt 0.542414 0.096676
vt 0.237226 0.138867
vt 0.480960 0.077535
vt 0.494367 0.073370
vt 0.364712 0.223402
vt 0.508650 0.057027
vt 0.360954 0.220368
vt 0.389823 0.275434
vt 0.345424 0.093718
vt 0.362321 0.084624
vt 0.358403 0.140719
vt 0.545424 0.289722
vt 0.570663 0.271677
vt 0.329774 0.305686
vt 0.521281 0.312089
vt 0.390158 0.453585
vt 0.338272 0.443032
vt 0.236652 0.301900
vt 0.185136 0.249125
vt 0.773236 0.043480
vt 0.710451 0.043480
vt 0.710451 0.034862
vt 0.647666 0.043480
vt 0.647666 0.034862
vt 0.584881 0.043480
vt 0.584881 0.034861
vt 0.522096 0.043480
vt 0.522096 0.034861
vt 0.459311 0.043480
vt 0.459311 0.034861
vt 0.396526 0.043479
vt 0.333741 0.043479
vt 0.333741 0.034861
vt 0.270956 0.043479
vt 0.270956 0.034861
vt 0.208171 0.043479
vt 0.208171 0.034861
vt 0.145386 0.043479
vt 0.082601 0.034861
vt 0.082601 0.043479
vt 0.019816 0.043479
vt 0.145386 0.034861
vt 0.881437 0.219253
vt 0.948068 0.154445
vt 0.925845 0.180317
vt 0.910574 0.611388
vt 0.963057 0.629685
vt 0.931324 0.624117
vt 0.985310 0.228488
vt 0.863365 0.723600
vt 0.845178 0.762154
vt 0.823023 0.748383
vt 0.825911 0.710187
vt 0.885687 0.736017
vt 0.824285 0.365542
vt 0.812092 0.314758
vt 0.802565 0.352582
vt 0.858574 0.281116
vt 0.867573 0.657348
vt 0.890745 0.659527
vt 0.923870 0.688663
vt 0.925164 0.667292
vt 0.961762 0.670252
vt 0.934257 0.296497
vt 0.911112 0.292545
vt 0.908274 0.310082
vt 0.947985 0.269898
vt 0.929966 0.217728
vt 0.924868 0.255941
vt 0.892395 0.291397
vt 0.981278 0.306914
vt 0.875606 0.282350
vt 0.872312 0.300331
vt 0.985058 0.262169
vt 0.891179 0.250625
vt 0.866938 0.247171
vt 0.861236 0.269009
vt 0.909573 0.622134
vt 0.923111 0.632587
vt 0.875445 0.629292
vt 0.856299 0.629995
vt 0.900464 0.250434
vt 0.902460 0.219629
vt 0.838706 0.660396
vt 0.845863 0.650439
vt 0.822453 0.773674
vt 0.803309 0.379552
vt 0.934012 0.603399
vt 0.967648 0.599582
vt 0.937631 0.613962
vt 0.983108 0.189430
vt 0.949103 0.185959
vt 0.957876 0.222759
vt 0.854284 0.562080
vt 0.888218 0.562647
vt 0.878246 0.606476
vt 0.975607 0.151776
vt 0.974625 0.135067
vt 0.947192 0.136645
vt 0.927094 0.137186
vt 0.946882 0.099890
vt 0.914287 0.093319
vt 0.877048 0.520709
vt 0.902915 0.520745
vt 0.903574 0.537412
vt 0.850616 0.523422
vt 0.877999 0.537813
vt 0.924313 0.536031
vt 0.922486 0.520117
vt 0.948146 0.517598
vt 0.947942 0.154034
vt 0.930371 0.623275
vt 0.910042 0.572262
vt 0.950008 0.532511
vt 0.960803 0.565555
vt 0.879861 0.487503
vt 0.921161 0.482609
vt 0.860593 0.496360
vt 0.904529 0.137897
vt 0.904935 0.153639
vt 0.877638 0.088230
vt 0.865511 0.121966
vt 0.886046 0.138326
vt 0.949847 0.486332
vt 0.925705 0.179912
vt 0.980001 0.100639
vt 0.927883 0.585511
vt 0.847829 0.500823
vt 0.886364 0.153961
vt 0.888610 0.177424
vt 0.845186 0.485108
vt 0.856849 0.482475
vt 0.918861 0.073197
vt 0.888416 0.062362
vt 0.918116 0.442457
vt 0.959335 0.469645
vt 0.898503 0.433246
vt 0.902816 0.409664
vt 0.918431 0.412387
vt 0.935083 0.410679
vt 0.939422 0.432829
vt 0.873962 0.470263
vt 0.973945 0.076742
vt 0.949686 0.081360
vt 0.872346 0.041725
vt 0.851874 0.056215
vt 0.873752 0.421306
vt 0.871067 0.406020
vt 0.923085 0.058287
vt 0.899956 0.047236
vt 0.884042 0.032058
vt 0.867043 0.456187
vt 0.852748 0.434238
vt 0.936444 0.029022
vt 0.914096 0.024664
vt 0.902308 0.013074
vt 0.952520 0.044943
vt 0.931618 0.034378
vt 0.924969 0.059604
vt 0.949962 0.065271
vt 0.967099 0.455118
vt 0.970781 0.062660
vt 0.989990 0.415990
vt 0.981190 0.436993
vt 0.963010 0.421142
vt 0.962927 0.407339
vt 0.968852 0.042082
vt 0.851720 0.092053
vt 0.834423 0.091800
vt 0.827707 0.102363
vt 0.849476 0.113581
vt 0.841192 0.067162
vt 0.872685 0.475248
vt 0.815522 0.095497
vt 0.843386 0.464695
vt 0.853490 0.462821
vt 0.826537 0.077233
vt 0.868044 0.461163
vt 0.904548 0.187152
vt 0.881272 0.218857
vt 0.927383 0.153487
vt 0.909683 0.610383
vt 0.841983 0.602864
vt 0.962108 0.629074
vt 0.985187 0.228113
vt 0.985191 0.227250
vt 0.956599 0.691208
vt 0.934716 0.728561
vt 0.909378 0.743875
vt 0.865054 0.775475
vt 0.888514 0.307054
vt 0.824362 0.409904
vt 0.844203 0.790530
vt 0.832773 0.796317
vt 0.795919 0.405925
vt 0.844624 0.401628
vt 0.892617 0.345140
vt 0.275443 0.750954
vt 0.013713 0.083968
vt 0.731112 0.524789
vt 0.927518 0.153902
vt 0.969324 0.598779
vt 0.969145 0.599528
vt 0.970050 0.599383
vt 0.969877 0.600132
vt 0.985186 0.262529
vt 0.145386 0.009007
vt 0.145386 0.017625
vt 0.082601 0.017625
vt 0.145386 0.026243
vt 0.082601 0.026243
vt 0.082601 0.009007
vt 0.019816 0.017625
vt 0.019816 0.026243
vt 0.019816 0.034861
vt 0.208171 0.017625
vt 0.208171 0.026243
vt 0.270956 0.009007
vt 0.270956 0.017625
vt 0.270956 0.026243
vt 0.333741 0.017625
vt 0.333741 0.026243
vt 0.396526 0.017625
vt 0.333741 0.009007
vt 0.396526 0.026243
vt 0.396526 0.034861
vt 0.459311 0.009007
vt 0.459311 0.017625
vt 0.459311 0.026243
vt 0.522096 0.009007
vt 0.522096 0.017625
vt 0.522096 0.026243
vt 0.584880 0.017625
vt 0.584880 0.026243
vt 0.647666 0.009007
vt 0.647666 0.017625
vt 0.647666 0.026243
vt 0.710451 0.017625
vt 0.710451 0.026243
vt 0.773236 0.017625
vt 0.710451 0.009007
vt 0.773236 0.026243
vt 0.773236 0.034862
vt 0.739447 0.363205
vt 0.967367 0.376279
vt 0.181270 0.583078
vt 0.967212 0.376004
vt 0.188514 0.249177
vt 0.389064 0.410785
vt 0.744174 0.205990
vt 0.823513 0.463013
vt 0.852115 0.540521
vt 0.950303 0.533345
vt 0.886514 0.154383
vt 0.754152 0.485585
vt 0.765550 0.566550
vt 0.676961 0.628426
vt 0.736852 0.451833
vt 0.328719 0.443031
vt 0.851648 0.539005
vt 0.848674 0.416649
vt 0.019816 0.009007
vt 0.208171 0.009007
vt 0.396526 0.009007
vt 0.584881 0.009007
vt 0.773236 0.009007
vn 0.755900 0.649900 -0.079700
vn 0.998600 -0.018600 0.049600
vn 0.806800 -0.580200 0.111500
vn -0.057500 -0.984700 0.164300
vn -0.750000 -0.654000 0.099200
vn -0.997300 0.070200 -0.022500
vn -0.009900 0.165100 0.986200
vn -0.076800 0.983300 -0.165200
vn -0.648200 0.748800 -0.138100
vn -0.001600 -0.206600 -0.978400
vn -0.997500 0.066200 -0.024800
vn -0.033600 0.166900 0.985400
vn -0.999200 -0.039100 -0.004300
vn -0.040600 0.985400 -0.165500
vn -0.076200 -0.983500 0.163900
vn 0.003900 -0.149900 -0.988700
vn 0.004900 -0.177100 -0.984200
vn -0.028700 0.985500 -0.167500
vn 0.359200 0.914400 -0.186700
vn -0.369500 0.915800 -0.157200
vn -0.010200 0.165300 0.986200
vn 0.910800 0.408700 -0.059200
vn 0.069000 0.984000 -0.164200
vn 0.998900 0.045800 0.002200
vn 0.059100 0.211200 0.975700
vn 0.006100 0.202000 0.979400
vn 0.684400 -0.725100 0.076700
vn -0.723500 0.679000 -0.124500
vn 0.999700 0.024800 0.007200
vn 0.033800 -0.985300 0.167300
vn -0.391200 -0.908300 0.148200
vn 0.059400 -0.171600 -0.983400
vn -0.678400 -0.725400 0.116700
vn -0.929200 -0.366000 0.051900
vn 0.918300 -0.388800 0.074500
vn -0.408400 0.895100 -0.179100
vn -0.918300 0.388800 -0.074500
vn 0.036400 -0.985500 0.165500
vn 0.683100 0.721300 -0.114800
vn 0.010000 -0.165300 -0.986200
vn -0.010000 0.165300 0.986200
vn 0.369500 -0.915800 0.157200
vn 0.395700 0.906400 -0.147900
vn 0.929200 0.366000 -0.051900
vn -0.414500 -0.897900 -0.147900
vn 0.325900 -0.639100 0.696700
vn -0.880700 -0.473000 -0.027100
vn -0.914500 0.395300 0.086300
vn 0.694000 0.702600 0.157400
vn -0.897300 0.437600 0.058300
vn 0.984600 0.170000 0.039500
vn -0.899200 0.427400 0.093400
vn 0.899200 -0.427400 -0.093400
vn 0.899200 -0.425400 -0.102700
vn -0.274400 -0.717200 0.640600
vn 0.470300 -0.861700 -0.190700
vn -0.343200 -0.541400 -0.767500
vn -0.138300 -0.966800 -0.215100
vn 0.340500 0.817700 -0.464200
vn 0.900200 -0.426400 -0.088700
vn -0.694000 -0.702600 -0.157400
vn 0.001700 0.217000 -0.976200
vn -0.984600 -0.170000 -0.039500
vn -0.897800 0.431600 0.087800
vn 0.271700 0.378000 0.885000
vn -0.001700 -0.217000 0.976200
vn 0.138300 0.966800 0.215100
vn -0.470300 0.863200 0.183700
vn 0.437500 0.877600 0.195800
vn 0.056600 -0.296100 -0.953500
vn -0.337100 -0.419600 0.842800
vn 0.976400 -0.189100 0.104200
vn 0.078600 -0.251000 -0.964800
vn 0.385600 -0.844600 0.371400
vn -0.142100 0.075800 0.987000
vn 0.899800 -0.401100 0.171500
vn -0.899700 0.392800 -0.190600
vn 0.881800 -0.433100 0.186600
vn -0.456500 -0.812700 0.362100
vn -0.281000 -0.242700 0.928500
vn -0.199600 -0.266000 0.943100
vn -0.972500 0.231200 -0.028400
vn -0.190100 -0.907300 -0.375100
vn -0.943800 0.275500 -0.182300
vn 0.248900 0.808400 0.533400
vn -0.358700 -0.890000 -0.281400
vn 0.278500 0.935300 0.218200
vn 0.411000 0.889800 0.198500
vn 0.330200 0.820200 -0.467200
vn 0.401100 0.719900 0.566400
vn 0.330400 0.803300 -0.495500
vn -0.011000 0.191300 -0.981500
vn 0.163500 0.130100 0.977900
vn 0.823600 -0.526100 0.212000
vn 0.378500 0.922600 -0.075100
vn 0.106900 -0.263900 -0.958600
vn 0.015500 0.674800 0.737900
vn 0.476400 0.392400 -0.786800
vn -0.205900 -0.098300 0.973600
vn -0.805200 0.564900 -0.180600
vn -0.353900 -0.832900 0.425500
vn -0.146100 -0.461500 0.875000
vn -0.436100 -0.876300 0.204500
vn -0.297500 -0.451300 0.841300
vn -0.261700 -0.886800 0.380900
vn -0.596300 0.211300 0.774400
vn -0.836500 0.509300 -0.202000
vn -0.831900 -0.245200 0.497800
vn -0.751300 0.659700 -0.018400
vn 0.418300 0.571000 -0.706300
vn 0.193400 -0.268000 -0.943800
vn 0.548500 0.834900 -0.044800
vn 0.830400 -0.554900 0.050600
vn -0.159500 -0.747600 -0.644700
vn 0.367000 0.575100 0.731100
vn 0.861100 -0.487100 0.145600
vn 0.737800 0.158600 -0.656100
vn -0.505700 -0.385200 0.771900
vn -0.773000 0.588400 -0.237100
vn -0.732400 -0.374600 -0.568500
vn 0.910400 -0.407200 0.072900
vn 0.854100 -0.209600 0.475900
vn -0.020700 -0.143100 0.989500
vn -0.447000 -0.325300 0.833300
vn -0.525900 -0.621400 0.580800
vn -0.302500 -0.030600 0.952700
vn -0.099900 -0.512200 -0.853000
vn -0.490400 0.859000 0.146800
vn 0.399000 0.685200 0.609400
vn 0.512700 -0.843700 -0.159400
vn 0.818200 -0.547600 0.175000
vn -0.868800 -0.491300 -0.061900
vn 0.879600 0.473000 0.050300
vn -0.991800 0.113900 0.058300
vn 0.887100 0.457500 0.062000
vn -0.730300 0.662500 0.166800
vn 0.605500 0.787300 -0.116300
vn 0.391000 -0.661600 -0.639900
vn -0.873100 -0.484800 -0.051500
vn 0.190000 -0.965300 -0.179000
vn -0.399300 0.792100 -0.461800
vn -0.876200 -0.478500 -0.057200
vn 0.726100 -0.672000 -0.145300
vn -0.060800 0.243800 -0.967900
vn -0.036400 0.207300 -0.977600
vn 0.991600 -0.117000 -0.055600
vn 0.873500 0.482000 0.068100
vn -0.273400 0.368500 0.888500
vn 0.871600 0.485400 0.068800
vn 0.044600 -0.210200 0.976600
vn -0.190800 0.958900 0.209800
vn 0.420500 0.890700 0.173000
vn -0.484600 0.851600 0.199900
vn -0.028800 0.173900 -0.984300
vn -0.055900 -0.189400 -0.980300
vn 0.200800 -0.179700 0.963000
vn -0.949900 -0.273700 0.151100
vn -0.336200 0.355400 -0.872100
vn -0.819400 -0.320400 0.475400
vn 0.272200 -0.081000 0.958800
vn -0.874700 -0.457700 0.159600
vn 0.880200 0.437100 -0.185300
vn -0.891500 -0.245800 0.380600
vn 0.492400 -0.799700 0.343500
vn 0.513900 -0.382200 0.768000
vn 0.478600 -0.381900 0.790600
vn 0.959000 0.185100 -0.214400
vn 0.012700 -0.860700 -0.509000
vn 0.889400 0.259200 -0.376600
vn 0.007600 0.873200 0.487300
vn 0.100200 -0.881300 -0.461800
vn -0.148200 0.887100 0.437200
vn -0.477700 0.855300 0.200500
vn -0.873900 -0.481000 -0.069400
vn -0.396000 0.793400 -0.462300
vn -0.859700 -0.504700 0.078700
vn -0.430300 0.699400 0.570600
vn -0.390900 0.777100 -0.493300
vn 0.010100 0.194500 -0.980800
vn -0.148500 0.128200 0.980600
vn 0.873900 0.481000 0.069400
vn 0.873900 0.481000 0.069500
vn -0.821400 -0.545800 0.165500
vn -0.352200 0.924600 -0.145000
vn -0.002100 -0.317400 -0.948300
vn -0.085800 0.605400 0.791300
vn -0.405800 0.412400 -0.815600
vn 0.166800 -0.019400 0.985800
vn 0.806300 0.579700 -0.117900
vn -0.347900 -0.900500 -0.260800
vn 0.362200 -0.606700 0.707600
vn -0.400900 -0.774300 -0.489600
vn 0.470700 -0.447400 0.760400
vn 0.588800 -0.741600 0.321600
vn 0.009300 0.207700 0.978100
vn 0.789700 0.603500 -0.109800
vn 0.372700 -0.476800 0.796100
vn 0.864300 0.482400 -0.142100
vn -0.332500 0.447400 -0.830300
vn -0.227800 -0.144000 -0.963000
vn -0.578100 0.793400 -0.190900
vn -0.908200 -0.377400 0.181000
vn 0.083700 -0.719500 -0.689400
vn -0.324600 0.754400 0.570500
vn -0.755900 -0.650400 0.074900
vn -0.538100 0.118500 -0.834500
vn 0.418500 -0.384300 0.822900
vn 0.807700 0.572100 -0.142700
vn 0.721100 -0.384700 -0.576200
vn 0.885000 0.017400 -0.465200
vn -0.901100 -0.049700 0.430700
vn 0.052000 0.255900 0.965300
vn 0.421400 -0.343500 0.839300
vn 0.541500 -0.628900 0.557900
vn 0.267000 -0.045000 0.962700
vn 0.126400 -0.524300 -0.842100
vn 0.479000 0.859100 0.180200
vn -0.349000 0.762600 0.544600
vn -0.495900 -0.850500 -0.175200
vn -0.831700 -0.533300 0.154600
vn 0.016100 0.997800 0.063600
vn -0.016100 -0.997800 -0.063600
vn 0.030300 0.196000 0.980100
vn 0.035300 0.182900 0.982500
vn -0.034400 0.215800 0.975800
vn 0.098300 0.118300 0.988100
vn 0.141600 0.137400 0.980300
vn -0.043700 0.152100 0.987400
vn 0.237700 0.359500 0.902300
vn -0.159200 0.346000 0.924600
vn 0.755200 0.650600 -0.079800
vn 0.995700 -0.065700 0.065100
vn 0.657000 -0.735900 0.163700
vn -0.048200 -0.985400 0.163200
vn -0.749600 -0.654300 0.099400
vn -0.753200 -0.650100 0.100800
vn -0.752000 -0.651600 0.099600
vn -0.997300 0.069900 -0.022200
vn -0.006700 0.206800 0.978400
vn 0.243700 0.284800 0.927100
vn -0.009800 0.165200 0.986200
vn -0.010200 0.164500 0.986300
vn 0.159900 0.219300 0.962500
vn 0.061200 0.982300 -0.177100
vn -0.655400 0.742300 -0.139700
vn -0.662100 0.737800 -0.131200
vn -0.662700 0.737500 -0.130500
vn 0.019100 -0.212200 -0.977100
vn 0.053400 -0.200900 -0.978100
vn -0.133700 -0.287400 -0.948400
vn -0.155900 -0.334200 -0.929500
vn 0.042400 -0.192200 -0.980400
vn -0.993200 0.107500 -0.043900
vn -0.039600 0.141500 0.989100
vn -0.999700 -0.020600 -0.010100
vn -0.040700 0.985400 -0.165600
vn -0.073600 -0.982800 0.169500
vn 0.000400 -0.164600 -0.986400
vn 0.015100 -0.230200 -0.973000
vn -0.029400 0.985400 -0.167600
vn 0.395800 0.904500 -0.158700
vn -0.009800 0.165000 0.986200
vn -0.010700 0.166300 0.986000
vn -0.010100 0.165200 0.986200
vn 0.928100 0.372000 -0.014400
vn 0.069000 0.984000 -0.164300
vn 0.998900 0.046100 0.001800
vn 0.290900 0.503600 0.813500
vn 0.157300 0.113900 0.981000
vn 0.021400 0.175500 0.984200
vn -0.058500 0.225300 0.972500
vn -0.044900 0.211900 0.976300
vn 0.013500 0.166300 0.986000
vn 0.809600 -0.577700 0.104100
vn 0.728000 -0.668400 0.152200
vn 0.726800 -0.676300 0.120300
vn -0.729200 0.672800 -0.124700
vn 0.995300 -0.079000 0.056200
vn 0.019400 -0.986000 0.165300
vn -0.395800 -0.905900 0.150700
vn 0.056100 -0.180800 -0.981900
vn 0.048100 -0.161200 -0.985800
vn 0.077700 -0.212200 -0.974100
vn 0.018100 -0.149800 -0.988600
vn 0.048200 -0.177900 -0.982900
vn -0.687900 -0.716900 0.113400
vn 0.045200 -0.988200 0.146700
vn 0.691800 0.712900 -0.114400
vn 0.685900 0.718800 -0.113200
vn 0.683600 0.720900 -0.114000
vn -0.417400 -0.895900 -0.152200
vn 0.340200 -0.702900 0.624600
vn -0.876900 -0.475100 -0.072900
vn -0.483000 0.826400 -0.289500
vn -0.889300 0.442600 0.115100
vn 0.900200 -0.425100 -0.094800
vn -0.330600 -0.524000 -0.785000
vn 0.060400 0.128300 -0.989900
vn 0.001700 0.199500 -0.979900
vn 0.016000 0.137900 -0.990300
vn 0.133200 0.969100 0.207600
vn -0.466000 0.863900 0.191200
vn 0.049400 -0.298500 -0.953100
vn 0.018100 -0.272900 -0.961900
vn 0.089400 -0.382900 -0.919500
vn 0.301200 0.449900 0.840800
vn 0.994800 -0.099000 -0.021700
vn 0.120400 0.448400 -0.885700
vn 0.868300 -0.326700 0.373200
vn -0.165100 0.098900 0.981300
vn -0.196700 0.055000 0.978900
vn -0.129000 0.040900 0.990800
vn 0.899900 -0.400700 0.172100
vn -0.895900 0.412100 -0.166100
vn 0.943700 -0.275700 0.182900
vn -0.417100 -0.814500 0.403400
vn -0.208300 -0.273500 0.939000
vn -0.993600 0.104700 -0.043000
vn -0.263300 -0.813900 -0.518000
vn -0.888000 0.417200 -0.193400
vn 0.211900 0.928200 0.306000
vn -0.231700 -0.910800 -0.341600
vn 0.381900 0.914500 0.133500
vn 0.437500 0.880800 0.180800
vn 0.340700 0.809300 -0.478500
vn -0.008500 0.178500 -0.983900
vn -0.901100 0.425400 0.083900
vn 0.823300 -0.521700 0.223800
vn 0.823900 -0.522200 0.220100
vn 0.837200 -0.509500 0.198700
vn 0.822200 -0.521900 0.227200
vn 0.830000 -0.511300 0.222900
vn 0.279000 0.959700 0.032500
vn 0.091500 -0.276800 -0.956600
vn 0.000300 0.732700 0.680600
vn 0.467300 0.382200 -0.797300
vn -0.209800 -0.084500 0.974100
vn -0.780000 0.615900 -0.111100
vn -0.806400 0.570300 -0.156400
vn -0.810900 0.557600 -0.177400
vn -0.799800 0.579900 -0.155000
vn -0.786000 0.603400 -0.134800
vn -0.734000 -0.374900 -0.566300
vn 0.552300 -0.827000 -0.105100
vn -0.537300 -0.530000 0.656100
vn -0.274100 -0.613800 0.740300
vn 0.631000 -0.441500 -0.637900
vn -0.543500 -0.498600 0.675300
vn -0.226200 -0.912800 0.339900
vn -0.561000 -0.824900 -0.069500
vn -0.129400 0.296400 0.946300
vn -0.829100 0.521200 -0.202600
vn -0.232000 0.105900 0.966900
vn -0.944000 0.195400 -0.266000
vn -0.907500 0.374600 -0.190200
vn -0.780900 0.610200 -0.133800
vn -0.766300 0.641200 -0.040700
vn -0.903700 0.393000 -0.169700
vn 0.376700 0.650600 -0.659500
vn -0.031200 0.062800 -0.997500
vn 0.202400 -0.265600 -0.942600
vn 0.485100 0.852700 -0.193900
vn 0.701100 0.692200 -0.171200
vn 0.902800 -0.326400 0.280000
vn 0.897500 -0.321900 0.301500
vn 0.886900 -0.386000 0.253800
vn 0.827300 -0.426800 0.365400
vn 0.902700 -0.294900 0.313200
vn -0.058100 -0.732500 -0.678300
vn 0.292700 0.776300 0.558200
vn 0.350100 0.576800 0.738000
vn 0.758500 -0.629900 0.167300
vn 0.244400 -0.193300 -0.950200
vn -0.451000 -0.371300 0.811600
vn -0.847500 0.467300 -0.251700
vn -0.588800 -0.795700 0.142100
vn -0.844100 0.043000 -0.534500
vn 0.890900 -0.035700 0.452900
vn -0.104000 0.279300 0.954500
vn -0.452500 -0.328800 0.829000
vn -0.555200 -0.636500 0.535400
vn -0.303700 -0.031400 0.952200
vn -0.361700 -0.273600 -0.891300
vn -0.274900 0.949800 0.149100
vn 0.340000 0.786000 0.516400
vn -0.020700 -0.542900 -0.839500
vn 0.835200 -0.520900 0.176500
vn -0.870400 -0.488000 -0.065500
vn 0.866700 0.498900 0.001100
vn -0.991900 0.111500 0.060800
vn 0.866700 0.498500 -0.020100
vn -0.730600 0.662000 0.167400
vn 0.865400 0.489500 0.107300
vn 0.371700 -0.549400 -0.748300
vn -0.871200 -0.484700 -0.078200
vn 0.189400 -0.965300 -0.179900
vn 0.726600 -0.671700 -0.144100
vn -0.106100 0.190200 -0.976000
vn -0.060400 0.213800 -0.975000
vn -0.041000 0.215300 -0.975700
vn -0.031900 0.197400 -0.979800
vn -0.035800 0.204400 -0.978200
vn 0.991800 -0.116200 -0.053800
vn 0.882600 0.459700 0.098200
vn 0.873300 0.483300 0.061000
vn 0.051400 -0.221500 0.973800
vn 0.047900 -0.219900 0.974300
vn 0.037600 -0.207000 0.977600
vn 0.104700 -0.201900 0.973800
vn 0.042900 -0.223500 0.973800
vn 0.014800 -0.216000 0.976300
vn 0.065300 -0.210100 0.975500
vn -0.191300 0.958700 0.210700
vn 0.421700 0.890600 0.170500
vn -0.025200 0.170600 -0.985000
vn -0.031200 0.178200 -0.983500
vn -0.121200 -0.391000 -0.912400
vn -0.138900 -0.166000 -0.976300
vn -0.033300 -0.241100 -0.969900
vn -0.203600 0.331300 0.921300
vn -0.990400 -0.138300 0.007700
vn 0.159500 -0.138700 -0.977400
vn -0.333700 -0.896600 0.291300
vn 0.136600 -0.034900 0.990000
vn 0.163600 0.045600 0.985500
vn 0.169900 0.056600 0.983800
vn -0.880100 -0.432600 0.195600
vn 0.872800 0.474300 -0.115100
vn -0.694300 -0.657500 0.292600
vn 0.484500 -0.806700 0.338400
vn 0.506700 -0.366900 0.780200
vn 0.481500 -0.374700 0.792300
vn 0.936900 0.320100 -0.140900
vn 0.089300 -0.539200 -0.837500
vn 0.686200 0.662500 -0.300500
vn 0.056200 0.339200 0.939000
vn 0.318700 -0.853800 -0.411700
vn -0.352600 0.860200 0.368500
vn -0.484800 0.852400 0.195800
vn -0.399600 0.789100 -0.466500
vn -0.840500 -0.540800 -0.033600
vn -0.387500 0.775900 -0.497800
vn 0.003900 0.128900 -0.991600
vn 0.874600 0.480300 0.066100
vn -0.831100 -0.526700 0.178400
vn -0.808200 -0.545900 0.220900
vn -0.853400 -0.503200 0.135900
vn -0.828900 -0.530600 0.177400
vn -0.821000 -0.543500 0.174700
vn -0.257600 0.965800 -0.030100
vn -0.070600 -0.253000 -0.964900
vn -0.072100 0.821600 0.565400
vn -0.420000 0.428200 -0.800100
vn 0.179400 0.126300 0.975600
vn 0.788000 0.604900 -0.115100
vn 0.784500 0.611400 -0.103300
vn 0.805400 0.588100 -0.073400
vn 0.813200 0.563800 -0.144300
vn 0.829700 0.530800 -0.173000
vn 0.711900 -0.381000 -0.590000
vn 0.505200 -0.664400 0.550800
vn 0.392300 -0.853800 0.342200
vn 0.332800 -0.581700 0.742200
vn 0.559100 -0.784500 0.268400
vn 0.343700 -0.429300 0.835200
vn 0.385700 -0.709200 0.590200
vn 0.239600 -0.881700 0.406500
vn 0.032900 0.203400 0.978600
vn 0.795200 0.596500 -0.108700
vn 0.537000 -0.543500 0.645100
vn 0.858800 0.496300 -0.126800
vn 0.897300 0.413900 -0.153400
vn 0.737900 0.671400 0.068700
vn 0.783300 0.614500 -0.093700
vn 0.902800 0.394300 -0.171600
vn -0.221200 0.688000 -0.691200
vn 0.114300 0.094000 -0.989000
vn -0.084800 -0.187700 -0.978600
vn -0.523500 0.841100 -0.136000
vn -0.496600 0.845200 -0.197400
vn -0.935700 -0.264900 0.233100
vn -0.850600 -0.416200 0.321400
vn -0.830400 -0.556000 -0.036500
vn -0.928100 -0.304400 0.214500
vn -0.927800 -0.308100 0.210600
vn 0.192100 -0.736800 -0.648200
vn -0.365100 0.596100 0.715100
vn -0.075700 0.593100 0.801600
vn -0.713500 -0.696100 0.080200
vn -0.281600 -0.042300 -0.958600
vn 0.421300 -0.385000 0.821100
vn 0.808200 0.571300 -0.142800
vn 0.535300 -0.843800 0.038600
vn 0.115900 -0.483500 -0.867600
vn -0.896600 -0.081900 0.435100
vn 0.017300 0.075700 0.997000
vn 0.426600 -0.346500 0.835400
vn 0.534200 -0.625500 0.568700
vn 0.276200 -0.050000 0.959800
vn 0.233300 -0.420600 -0.876700
vn 0.473700 0.862100 0.180200
vn -0.380300 0.723000 0.576700
vn 0.011400 -0.574500 -0.818400
vn -0.833900 -0.529900 0.154600
vn -0.257100 -0.966300 0.012400
vn 0.115800 -0.968200 -0.221600
vn 0.023900 0.150900 0.988300
vn 0.042700 0.183800 0.982000
vn -0.168900 0.230100 0.958400
vn 0.035200 0.167400 0.985300
vn 0.138600 0.157000 0.977800
vn -0.010100 0.165300 0.986200
vn -0.049100 0.201700 0.978200
vn 0.222100 0.133400 0.965800
vn 0.058000 0.493900 0.867600
vn 0.124100 0.344600 0.930500
vn -0.397900 0.317100 0.860900
vn -0.476000 0.044200 0.878300
vn -0.362900 -0.478000 -0.799800
vn -0.854900 -0.391000 -0.340900
vn -0.822600 -0.286000 -0.491400
vn 0.095500 -0.672700 0.733700
vn -0.260000 -0.142100 0.955000
vn -0.668400 -0.661100 0.341000
vn -0.741300 0.461000 0.487700
vn -0.491300 0.768300 0.410300
vn 0.030500 0.528300 0.848500
vn -0.991500 -0.107800 0.072200
vn -0.007700 -0.957000 -0.289900
vn -0.019100 -0.993100 0.115500
vn -0.860500 0.169100 0.480500
vn -0.862200 0.350200 0.365900
vn -0.959900 -0.144200 -0.240300
vn -0.063800 -0.091400 -0.993700
vn -0.050500 -0.169800 -0.984200
vn -0.721900 -0.532200 -0.442200
vn -0.534200 -0.410700 -0.738800
vn -0.761700 -0.438300 -0.477200
vn 0.150400 0.367400 0.917800
vn 0.142900 0.385700 0.911500
vn 0.086900 -0.375600 -0.922700
vn 0.581800 -0.121300 -0.804200
vn -0.008600 0.409600 -0.912200
vn -0.217600 0.016800 -0.975900
vn -0.012900 0.264300 -0.964300
vn -0.920000 0.233600 0.314600
vn -0.494600 -0.372700 0.785100
vn -0.530700 -0.115100 0.839700
vn -0.980200 0.162800 0.112300
vn -0.762000 0.064600 0.644300
vn -0.150800 0.512100 -0.845500
vn -0.728300 0.626100 -0.278600
vn -0.348200 0.589200 0.729100
vn -0.241600 0.399200 0.884400
vn 0.141500 -0.282200 0.948900
vn 0.072400 0.379300 0.922400
vn 0.933900 -0.245600 -0.259800
vn -0.161400 0.133600 0.977800
vn -0.053500 0.810600 -0.583100
vn -0.390800 0.900600 0.190100
vn 0.210500 0.781600 -0.587100
vn -0.584500 0.766200 -0.267000
vn -0.366100 0.658300 0.657700
vn 0.765600 -0.518800 0.380400
vn -0.345100 -0.323700 0.880900
vn -0.602200 0.437900 0.667500
vn 0.176500 0.427800 0.886400
vn 0.167200 0.601200 0.781300
vn -0.365900 0.856000 0.365200
vn -0.309300 0.948200 -0.072500
vn -0.684200 0.712700 -0.154600
vn -0.747900 0.310300 0.586800
vn -0.417500 0.538900 0.731600
vn -0.844800 0.534700 -0.018800
vn -0.542300 0.440900 0.715200
vn 0.277800 -0.347000 -0.895700
vn 0.279200 -0.876000 0.393200
vn 0.574200 -0.778800 -0.252300
vn 0.483100 -0.825400 -0.292000
vn 0.461400 -0.724100 0.512600
vn 0.800800 -0.598800 0.003200
vn -0.319400 0.337700 -0.885400
vn -0.071700 -0.477000 0.875900
vn -0.438900 0.255100 0.861500
vn -0.495000 0.195400 0.846600
vn 0.334300 0.224800 0.915300
vn 0.490800 -0.024600 0.870900
vn -0.596100 0.289300 0.749000
vn -0.277000 0.440700 0.853800
vn -0.073600 -0.021400 0.997000
vn -0.666600 0.500200 -0.552600
vn -0.786000 0.572300 -0.233600
vn -0.670500 0.549000 0.498900
vn 0.456300 -0.613900 0.644100
vn 0.890300 -0.229200 0.393400
vn 0.028700 0.880600 -0.473100
vn 0.152300 0.727400 -0.669100
vn -0.285000 -0.162400 -0.944600
vn -0.904000 0.030600 -0.426500
vn -0.834500 -0.493300 -0.245500
vn -0.732800 -0.028100 0.679800
vn -0.306200 0.849500 0.429500
vn -0.954500 -0.262600 0.141100
vn -0.158000 -0.492100 0.856000
vn -0.563600 -0.568700 0.599200
vn -0.982700 -0.135400 -0.126600
vn -0.911600 0.005000 0.411000
vn 0.790200 0.139700 -0.596600
vn 0.629300 -0.526800 -0.571400
vn 0.945200 -0.292500 -0.144800
vn -0.644500 0.587000 0.489900
vn 0.378200 -0.015100 -0.925600
vn -0.037100 0.328900 -0.943600
vn 0.605800 0.009300 0.795600
vn 0.534900 0.368400 0.760300
vn 0.992300 -0.120600 0.027800
vn 0.973800 0.073400 -0.215300
vn -0.538200 -0.560800 -0.629100
vn -0.555900 -0.085100 -0.826900
vn 0.081700 -0.216300 -0.972900
vn 0.185000 -0.430600 -0.883400
vn 0.254100 -0.269300 -0.928900
vn 0.717200 -0.297300 -0.630200
vn -0.411000 0.755300 0.510500
vn 0.483100 -0.160300 0.860700
vn 0.105000 -0.655700 0.747600
vn -0.773800 0.633200 0.015000
vn -0.272700 0.958600 0.082100
vn -0.946600 0.027300 -0.321100
vn 0.704000 -0.013900 -0.710000
vn 0.316600 -0.338900 -0.886000
vn 0.632500 0.757100 0.163400
vn 0.975800 -0.039200 0.215100
vn -0.096100 -0.884500 -0.456500
vn 0.997500 -0.063200 0.031100
vn 0.191200 -0.360900 -0.912800
vn 0.611600 -0.213600 -0.761800
vn 0.707600 -0.369700 -0.602200
vn 0.903800 0.175300 0.390400
vn 0.159900 -0.647600 -0.745000
vn 0.058600 0.076400 -0.995300
vn 0.103300 0.265200 -0.958600
vn 0.200900 0.588000 -0.783500
vn -0.040700 0.869700 -0.491800
vn 0.911700 0.320500 0.257000
vn 0.748700 -0.214500 0.627200
vn 0.988000 0.133200 -0.078200
vn 0.537100 0.555200 0.635000
vn 0.201700 0.937400 -0.283800
vn -0.170200 0.892300 -0.418000
vn 0.050400 0.928300 -0.368400
vn 0.551200 0.742500 0.380400
vn 0.447100 -0.120000 0.886400
vn 0.243600 -0.317200 0.916500
vn 0.123800 0.613100 -0.780200
vn -0.640600 0.320900 -0.697600
vn 0.878400 -0.136700 0.458000
vn 0.869100 -0.025200 0.493900
vn 0.436400 -0.634400 0.638000
vn 0.684300 -0.060100 -0.726700
vn 0.708000 0.245600 0.662100
vn 0.594200 0.525500 0.608900
vn -0.291600 0.088400 0.952400
vn 0.497400 0.547200 0.673200
vn 0.080700 0.869700 -0.486900
vn 0.738500 0.488000 0.465100
vn 0.325600 0.943300 0.064100
vn 0.155400 0.879400 0.450000
vn 0.732900 0.088300 0.674600
vn -0.786200 0.522700 -0.329600
vn -0.485500 0.494300 -0.721000
vn 0.969600 0.175600 0.170300
vn 0.810100 0.525700 -0.259300
vn 0.049400 0.419800 -0.906200
vn 0.547600 0.504300 -0.667600
vn -0.180200 0.908500 -0.376900
vn 0.016900 0.877300 -0.479700
vn -0.046100 0.996000 0.076700
vn -0.207600 0.889600 0.406600
vn 0.840700 0.539400 0.048400
vn 0.352700 0.920500 -0.168100
vn -0.016100 0.758000 0.652000
vn 0.208200 0.905100 -0.370700
vn -0.301600 0.939300 -0.163400
vn -0.019400 0.999100 -0.037400
vn -0.417400 -0.498700 0.759600
vn -0.853900 0.128700 0.504300
vn -0.041900 0.156100 0.986800
vn 0.514100 0.732500 0.446100
vn -0.026100 0.502500 0.864200
vn -0.591300 0.559200 0.581000
vn 0.563300 0.471400 0.678500
vn 0.832800 0.004200 0.553500
vn 0.225500 0.733000 0.641700
vn 0.332500 -0.559800 0.758900
vn -0.242600 0.748300 0.617400
vn -0.357300 -0.329500 -0.873900
vn -0.977000 0.208300 -0.045700
vn -0.977100 0.212000 -0.020500
vn 0.505000 -0.287300 0.813900
vn 0.893800 0.062800 0.444000
vn -0.429400 0.263600 -0.863800
vn -0.348900 0.512500 -0.784600
vn 0.049000 -0.040700 0.998000
vn -0.415800 -0.308700 0.855400
vn 0.987800 0.102400 -0.117400
vn -0.559300 -0.155200 -0.814300
vn 0.362700 -0.235600 -0.901600
vn -0.162900 -0.483200 -0.860200
vn -0.782000 0.011100 0.623200
vn 0.050400 -0.416500 0.907700
vn 0.647500 -0.449900 -0.615000
vn 0.023700 -0.686400 0.726800
vn -0.204600 -0.323900 0.923700
vn -0.005100 -0.649000 0.760700
vn 0.023400 -0.830100 0.557100
vn 0.032700 -0.993200 -0.111600
vn 0.450900 0.538200 -0.712000
vn 0.693400 0.096900 -0.714000
vn 0.055800 -0.227600 -0.972100
vn 0.435700 0.145800 -0.888200
vn 0.329600 -0.459900 -0.824500
vn 0.346400 0.160100 -0.924300
vn -0.879200 0.474900 0.037200
vn -0.014900 -0.668600 -0.743400
vn 0.188800 -0.342200 -0.920400
vn 0.027300 -0.631700 -0.774700
vn -0.214200 -0.238300 -0.947300
vn 0.140300 0.186400 -0.972400
vn -0.116300 -0.223100 -0.967800
vn 0.239300 -0.803800 0.544700
vn -0.020700 -0.916700 0.399100
vn 0.400400 -0.876500 -0.267300
vn 0.456900 -0.766500 -0.451300
vn -0.701000 0.096400 -0.706600
vn 0.195600 0.441100 -0.875900
vn -0.694200 -0.054000 0.717700
vn -0.179800 -0.607500 0.773700
vn 0.517000 -0.846200 -0.128800
vn 0.811200 -0.405600 -0.421200
vn -0.956300 0.260700 -0.132000
vn -0.986400 0.044200 -0.158500
vn -0.945600 0.325200 -0.009700
vn -0.812400 -0.538400 0.223700
vn 0.030400 -0.224100 -0.974100
vn -0.813700 -0.509000 0.280700
vn -0.313500 -0.860800 0.400900
vn 0.359500 -0.394600 -0.845600
vn 0.923900 -0.010400 -0.382500
vn 0.908800 -0.121800 0.399000
vn -0.898800 -0.436100 0.044800
vn -0.546500 -0.835500 0.056800
vn -0.260800 -0.908300 0.327000
vn 0.715000 0.409400 0.566700
vn 0.231800 0.596800 0.768200
vn -0.540400 0.528700 0.654500
vn 0.337800 0.897800 0.282600
vn 0.023100 -0.997700 0.064000
vn -0.190400 -0.951800 -0.240400
vn 0.615900 -0.787800 -0.003500
vn 0.534300 -0.681900 -0.499500
vn -0.567000 0.782100 0.258500
vn -0.967800 0.236900 0.084900
vn -0.205200 -0.380000 -0.901900
vn 0.353000 -0.251900 -0.901100
vn -0.870800 0.050900 0.489000
vn 0.976400 0.073700 -0.202800
vn -0.522900 0.735600 -0.430500
vn -0.745500 0.339400 -0.573600
vn 0.834800 0.538200 0.115900
vn 0.089000 0.876500 -0.473100
vn 0.532900 0.592000 -0.604500
vn 0.637700 0.277300 -0.718600
vn -0.686800 -0.158500 -0.709300
vn -0.798700 0.359100 -0.482800
vn -0.408900 0.319900 -0.854600
vn -0.638800 0.181900 -0.747500
vn -0.619400 -0.370400 -0.692100
vn -0.451100 -0.121300 -0.884200
vn 0.318700 -0.614500 -0.721600
vn 0.584300 0.117000 0.803000
vn 0.422800 0.236300 0.874800
vn -0.304400 0.771000 0.559400
vn -0.632600 -0.215900 -0.743800
vn 0.109800 -0.757000 -0.644200
vn -0.305900 -0.361800 -0.880600
vn 0.143400 -0.839600 -0.523900
vn -0.095400 -0.892200 -0.441500
vn -0.244800 -0.538900 -0.806000
vn -0.631100 0.644500 0.431600
vn -0.147400 0.763900 0.628200
vn 0.593100 0.321100 0.738300
vn 0.014500 0.416300 0.909100
vn 0.863400 -0.472600 0.176300
vn -0.918700 0.293800 -0.264000
vn -0.641600 0.261200 -0.721200
vn 0.516000 -0.844100 -0.145800
vn -0.217900 0.622000 0.752000
vn -0.774300 0.606200 0.181400
vn 0.254000 -0.878500 -0.404500
vn -0.880900 0.339000 -0.330300
vn -0.700100 0.710300 -0.073100
vn -0.303700 0.738300 0.602300
vn 0.080200 -0.079400 0.993600
vn 0.759300 -0.574000 0.306400
vn 0.643900 -0.692400 -0.325400
vn 0.351900 -0.117400 -0.928600
vn -0.612300 -0.643900 -0.458700
vn -0.618600 0.698600 -0.359400
vn 0.993000 -0.001600 0.118300
vn 0.594200 -0.143300 0.791400
vn 0.446800 0.116900 0.886900
vn 0.940500 -0.319900 -0.114300
vn 0.142000 -0.263500 -0.954100
vn -0.152600 -0.987100 0.047900
vn -0.890600 0.350800 -0.289500
vn -0.551500 0.518000 0.653800
vn 0.131600 -0.928800 -0.346400
vn 0.298300 -0.744700 -0.597000
vn -0.928100 0.235500 -0.288400
vn -0.038900 -0.489600 -0.871100
vn 0.074500 0.163700 0.983700
vn -0.019600 -0.998400 0.053400
vn -0.975700 0.030400 -0.216900
vn 0.766600 -0.502700 -0.399500
vn -0.222200 -0.125900 0.966800
vn -0.974100 0.222400 0.041400
vn -0.783800 -0.620100 -0.033400
vn 0.053800 -0.129700 0.990100
vn 0.102800 -0.976100 -0.191400
vn -0.327800 -0.202300 0.922800
vn -0.889200 -0.005400 -0.457400
vn 0.600100 -0.798600 -0.045900
vn -0.072000 0.024000 0.997100
vn -0.805300 0.025300 -0.592200
vn -0.393700 -0.097400 0.914000
vn 0.166700 0.000800 0.986000
vn -0.544900 -0.787000 -0.289200
vn 0.011700 -0.929900 0.367600
vn -0.255300 -0.770000 0.584600
vn -0.274800 -0.480500 -0.832800
vn -0.259800 -0.457700 -0.850300
vn 0.874100 0.471600 0.115800
vn 0.858500 0.147000 -0.491300
vn -0.824900 -0.435200 -0.360700
vn -0.426200 -0.904400 0.020300
vn 0.933600 0.198600 -0.298100
vn 0.925700 -0.298300 -0.232500
vn 0.809700 -0.405600 0.424100
vn -0.123100 0.254900 -0.959100
vn -0.082200 -0.319700 -0.943900
vn 0.538900 -0.601200 0.590000
vn 0.873900 -0.120100 0.471000
vn 0.717800 0.046500 0.694700
vn -0.305300 0.106400 -0.946300
vn 0.204500 -0.493900 0.845100
vn -0.708500 -0.702900 -0.061600
vn -0.647800 0.423200 0.633400
vn -0.853300 -0.107200 0.510300
vn 0.522100 -0.826000 0.212200
vn 0.900400 -0.432700 0.045000
vn 0.159900 -0.868500 0.469100
vn -0.140700 0.630300 0.763400
vn 0.601900 0.555700 0.573500
vn 0.574400 0.803200 0.157300
vn -0.316100 0.911300 0.263600
vn 0.170600 -0.969000 -0.178500
vn 0.121800 -0.966200 0.227100
vn -0.993000 0.052400 -0.105300
vn -0.568500 -0.719300 -0.399200
vn 0.967400 0.251800 -0.024700
vn -0.410800 -0.330200 -0.849800
vn 0.142400 -0.425900 -0.893500
vn 0.894400 0.113300 0.432600
vn -0.573500 -0.807400 0.138400
vn -0.697400 0.212800 -0.684300
vn 0.684100 0.333600 -0.648600
vn 0.453300 0.735400 -0.503700
vn -0.828900 0.532000 0.172500
vn -0.155700 0.849100 -0.504800
vn -0.595400 0.547100 -0.588200
vn 0.630100 -0.165300 -0.758700
vn -0.347700 0.052600 -0.936100
vn -0.133800 0.393000 -0.909700
vn -0.444900 -0.785500 -0.430100
vn 0.230100 -0.248800 0.940800
vn -0.073200 0.458700 -0.885600
vn 0.376400 0.431200 -0.819900
vn 0.402500 0.119700 -0.907500
vn 0.791600 0.376500 -0.481300
vn 0.837300 0.048000 -0.544700
vn 0.933500 0.355100 -0.050000
vn 0.996400 0.034100 -0.077600
vn 0.866500 0.313700 0.388100
vn 0.916000 -0.016500 0.400800
vn 0.521200 0.323700 0.789600
vn 0.557100 0.004500 0.830400
vn 0.082900 0.338100 0.937400
vn -0.356100 0.322600 0.877000
vn -0.408700 0.043700 0.911600
vn -0.780200 0.330200 0.531200
vn -0.836700 0.005600 0.547700
vn -0.920400 0.374100 0.113500
vn -0.993700 0.055000 0.097900
vn -0.856900 0.392700 -0.334000
vn -0.553500 0.128500 -0.822800
vn -0.506500 0.439600 -0.741700
vn -0.919300 0.065500 -0.388000
vn 0.286000 -0.763600 -0.578800
vn -0.701800 0.697200 -0.146100
vn 0.143500 -0.219100 -0.965100
vn -0.222200 0.337900 -0.914500
vn -0.204400 0.073800 -0.976100
vn 0.654100 0.466600 0.595300
vn 0.482600 0.829400 0.281400
vn 0.401700 0.468300 0.787000
vn 0.141600 -0.457600 0.877800
vn 0.536100 0.680700 -0.499100
vn 0.483700 0.008900 0.875100
vn -0.123300 -0.216300 0.968500
vn -0.172500 -0.209900 0.962400
vn 0.602200 0.069700 0.795300
vn 0.505800 0.830700 -0.232800
vn 0.844400 0.525700 -0.103100
vn 0.378100 0.290900 -0.878900
vn -0.358000 -0.220600 -0.907300
vn -0.673500 -0.515700 -0.529600
vn -0.842300 -0.036300 -0.537800
vn -0.261000 -0.449200 -0.854400
vn -0.739500 -0.665500 -0.101300
vn -0.642700 -0.680300 -0.352300
vn -0.740300 -0.669000 0.065400
vn -0.368400 -0.400300 0.839000
vn -0.357900 -0.590500 0.723300
vn 0.159800 -0.059500 -0.985300
vn -0.706900 -0.535400 0.462100
vn -0.397200 -0.016000 0.917600
vn -0.175500 -0.319000 0.931300
vn 0.888600 0.319600 0.329000
vn 0.986100 0.148400 0.073900
vn -0.013100 0.114400 0.993300
vn -0.661900 -0.739400 -0.122700
vn -0.832000 -0.436300 0.342600
vn 0.435300 0.499000 0.749300
vn 0.889400 0.347100 -0.297400
vn 0.693900 0.063000 -0.717300
vn 0.621400 0.399000 -0.674200
vn 0.622400 -0.299200 -0.723200
vn -0.077600 -0.960800 -0.266300
vn -0.332200 -0.655700 -0.677900
vn -0.446500 0.100000 0.889200
vn 0.214100 0.802900 0.556200
vn 0.049800 0.710300 0.702000
vn 0.553100 -0.218600 -0.803900
vn 0.622900 0.399400 -0.672700
vn 0.347600 -0.378200 -0.857900
vn -0.014900 -0.969600 -0.244000
vn -0.039400 -0.547100 -0.836100
vn -0.404200 -0.910800 -0.083800
vn -0.356000 0.617900 0.701000
vn 0.122300 0.909800 0.396500
vn 0.511800 0.848900 0.131800
vn -0.735300 -0.159400 0.658600
vn 0.028700 0.702200 0.711300
vn 0.711200 0.487000 -0.506900
vn 0.635200 0.755200 -0.161600
vn 0.073800 -0.878200 -0.472500
vn 0.790000 0.390400 -0.472600
vn 0.603300 0.797500 -0.007000
vn 0.557700 0.462900 0.689000
vn 0.669500 0.701700 0.243600
vn -0.016200 0.793800 0.607900
vn -0.441400 -0.877900 0.185300
vn -0.490800 -0.625800 0.606200
vn -0.387700 -0.914000 -0.119500
vn -0.962300 0.005000 0.272000
vn 0.725000 0.497700 -0.476100
vn 0.040500 -0.819100 -0.572100
vn 0.797000 0.430200 -0.423900
vn -0.450800 0.057200 0.890800
vn -0.974600 0.221000 -0.035300
vn -0.040800 0.604600 0.795400
vn -0.724500 -0.670900 -0.158000
vn -0.718900 -0.581900 0.380200
vn 0.932400 0.241100 0.269100
vn 0.623400 0.146900 -0.767900
vn 0.876200 -0.081800 -0.475000
vn -0.447600 -0.434600 -0.781500
vn -0.549000 -0.176900 0.816800
vn 0.826400 0.012800 0.562900
vn 0.214200 0.226900 0.950100
vn -0.696000 -0.203200 -0.688700
vn 0.620400 -0.763400 -0.179800
vn -0.462400 -0.829800 -0.312400
vn -0.847700 -0.336500 0.410200
vn 0.388900 0.296400 0.872300
vn 0.258700 -0.240200 0.935600
vn -0.791400 -0.390500 0.470400
vn -0.718700 -0.623400 -0.307800
vn -0.346800 -0.659700 0.666700
vn -0.921800 -0.131900 -0.364600
vn 0.452800 -0.086100 -0.887400
vn 0.343600 -0.583800 -0.735600
vn 0.708000 -0.620500 0.337200
vn -0.209000 -0.710900 -0.671500
vn -0.455800 -0.872700 -0.174800
vn -0.960200 -0.065800 0.271300
vn 0.898600 -0.313900 0.306300
vn -0.268400 0.135400 0.953700
vn 0.502000 -0.644500 0.576600
vn -0.436500 0.038500 0.898900
vn -0.602500 0.121600 0.788800
vn -0.280200 -0.951900 0.123700
vn 0.706800 0.696300 0.125000
vn 0.175400 -0.121700 -0.976900
vn 0.360600 -0.326000 -0.873900
vn -0.966100 -0.183800 -0.181200
vn -0.810000 -0.444300 -0.382700
vn -0.907200 -0.130500 -0.399900
vn -0.555400 -0.065300 -0.829000
vn -0.917100 -0.045500 -0.395900
vn -0.552200 0.027200 -0.833200
vn -0.497500 -0.377700 -0.780900
vn -0.087900 -0.031400 -0.995600
vn -0.086700 0.063900 -0.994200
vn -0.084900 0.159000 -0.983600
vn -0.986100 -0.141800 0.086500
vn -0.994500 -0.049200 0.092000
vn -0.755200 -0.492800 0.432200
vn -0.835700 -0.184700 0.517100
vn -0.837600 -0.112400 0.534500
vn -0.428100 -0.179100 0.885800
vn -0.414000 -0.049200 0.908900
vn 0.091600 -0.152000 0.984100
vn -0.414200 -0.434600 0.799700
vn 0.089900 -0.071400 0.993400
vn 0.091600 0.034300 0.995200
vn 0.486200 -0.488800 0.724300
vn 0.553100 -0.187900 0.811600
vn 0.553300 -0.097100 0.827300
vn 0.791200 -0.515000 0.329800
vn 0.897600 -0.212100 0.386300
vn 0.909500 -0.129200 0.395000
vn 0.982800 -0.162600 -0.087100
vn 0.994000 -0.070300 -0.083400
vn 0.720300 -0.459900 -0.519300
vn 0.819500 -0.147700 -0.553700
vn 0.831400 -0.062800 -0.552100
vn 0.399600 -0.074000 -0.913700
vn 0.397500 0.018700 -0.917400
vn 0.345100 -0.385300 -0.855800
vn 0.992700 -0.038700 0.113900
vn -0.085700 -0.341200 -0.936000
vn -0.894500 -0.443200 0.059200
vn 0.089100 -0.459900 0.883500
vn 0.881300 -0.462400 -0.097500
s off
f 844/1/1 850/2/1 848/3/1
f 849/3/2 854/4/2 852/5/2
f 855/4/3 858/6/3 856/7/3
f 859/8/4 862/9/4 860/10/4
f 863/9/5 868/11/5 861/10/5
f 883/12/6 867/13/6 873/14/6
f 874/15/7 178/16/7 880/17/7
f 879/18/8 881/19/8 172/2/8
f 875/20/9 186/21/9 878/22/9
f 177/23/10 871/23/10 185/23/10
f 181/24/11 869/11/11 876/20/11
f 884/25/12 887/26/12 895/27/12
f 937/28/13 933/29/13 935/30/13
f 877/20/14 897/31/14 894/32/14
f 870/11/15 187/12/15 888/33/15
f 188/34/16 892/35/16 898/36/16
f 978/37/17 972/38/17 942/39/17
f 903/40/18 948/41/18 950/42/18
f 921/43/19 919/44/19 909/45/19
f 982/46/20 984/47/20 986/48/20
f 925/49/21 923/50/21 913/51/21
f 920/44/22 929/52/22 927/53/22
f 974/54/23 977/55/23 905/56/23
f 962/12/24 965/57/24 924/14/24
f 1030/58/25 1029/59/25 1034/60/25
f 964/61/26 969/62/26 975/63/26
f 941/11/27 963/12/27 912/9/27
f 949/41/28 940/64/28 204/30/28
f 931/24/29 901/65/29 904/20/29
f 917/10/30 216/9/30 914/8/30
f 191/33/31 947/32/31 944/31/31
f 217/23/32 916/23/32 900/23/32
f 213/66/33 214/67/33 195/29/33
f 208/32/34 955/52/34 952/53/34
f 202/52/35 193/32/35 899/31/35
f 959/44/36 198/43/36 908/68/36
f 210/52/37 212/44/37 956/45/37
f 224/11/38 971/69/38 968/33/38
f 222/21/39 967/57/39 226/20/39
f 194/70/40 207/71/40 211/72/40
f 988/73/37 990/74/37 985/47/37
f 1036/75/41 1040/76/41 1041/77/41
f 992/31/42 995/32/42 227/33/42
f 996/53/35 999/52/35 238/32/35
f 979/55/34 229/54/34 236/74/34
f 981/68/43 232/43/43 1003/44/43
f 1000/45/44 242/44/44 240/52/44
f 237/78/40 230/37/40 233/79/40
f 552/80/45 553/81/45 551/82/45
f 493/83/46 501/84/46 564/85/46
f 570/86/47 571/87/47 566/88/47
f 335/89/48 338/90/48 346/91/48
f 316/92/49 318/93/49 317/94/49
f 338/90/50 340/95/50 344/96/50
f 318/93/51 320/97/51 319/98/51
f 331/99/52 336/100/52 335/89/52
f 320/101/53 322/102/53 321/103/53
f 337/90/54 342/104/54 341/105/54
f 329/106/55 335/107/55 313/108/55
f 322/102/56 324/109/56 323/110/56
f 337/111/57 338/112/57 343/113/57
f 321/114/53 313/89/53 314/100/53
f 324/109/58 326/115/58 325/116/58
f 367/117/59 339/118/59 341/119/59
f 313/89/60 337/90/60 339/95/60
f 326/115/61 328/120/61 327/121/61
f 369/122/62 342/123/62 343/113/62
f 317/124/62 331/125/62 315/126/62
f 328/120/63 330/127/63 329/128/63
f 336/100/64 340/95/64 338/90/64
f 319/129/65 365/130/65 331/125/65
f 330/127/52 332/131/52 331/132/52
f 332/133/66 324/134/66 320/97/66
f 334/135/67 316/92/67 315/136/67
f 332/131/68 334/135/68 333/137/68
f 314/138/69 339/118/69 367/117/69
f 321/139/62 325/140/62 329/106/62
f 348/141/70 356/142/70 346/143/70
f 335/107/71 345/144/71 347/145/71
f 313/89/72 347/146/72 348/147/72
f 337/111/73 348/141/73 346/143/73
f 352/148/74 351/149/74 360/150/74
f 345/144/75 354/151/75 347/145/75
f 348/147/76 347/146/76 351/149/76
f 346/91/77 350/152/77 349/153/77
f 356/154/78 354/155/78 359/156/78
f 354/155/79 356/154/79 355/157/79
f 357/158/80 358/159/80 362/159/80
f 363/160/81 364/161/81 361/162/81
f 350/152/82 358/159/82 357/158/82
f 356/142/83 362/163/83 358/164/83
f 355/157/84 364/165/84 363/156/84
f 354/151/85 349/166/85 357/167/85
f 355/168/86 352/169/86 361/170/86
f 353/171/87 363/160/87 360/172/87
f 366/173/88 368/174/88 340/175/88
f 367/176/53 373/177/53 371/178/53
f 368/174/89 370/179/89 344/180/89
f 367/176/53 369/181/53 375/182/53
f 372/183/90 371/184/90 373/185/90
f 374/186/91 373/185/91 375/187/91
f 370/188/92 376/189/92 375/187/92
f 365/130/93 371/184/93 372/183/93
f 368/190/52 374/191/52 376/192/52
f 368/190/52 366/193/52 372/194/52
f 403/195/94 399/196/94 409/197/94
f 381/198/95 383/199/95 382/200/95
f 397/201/96 396/202/96 378/203/96
f 382/200/97 383/199/97 385/204/97
f 379/205/98 378/203/98 408/206/98
f 384/207/99 385/204/99 387/208/99
f 398/209/100 400/210/100 408/211/100
f 415/212/101 396/202/101 416/213/101
f 387/208/102 389/214/102 388/215/102
f 417/216/103 400/217/103 398/218/103
f 402/219/104 400/217/104 417/216/104
f 389/214/105 410/220/105 388/215/105
f 419/221/106 412/222/106 404/223/106
f 406/224/107 404/225/107 391/226/107
f 391/227/108 404/223/108 412/222/108
f 391/226/109 389/228/109 395/229/109
f 395/230/110 381/198/110 380/231/110
f 411/232/111 395/230/111 394/233/111
f 408/206/112 413/234/112 409/235/112
f 388/236/113 390/237/113 394/238/113
f 390/239/114 410/240/114 411/232/114
f 413/234/115 414/241/115 407/242/115
f 410/243/116 412/244/116 413/245/116
f 413/245/117 406/246/117 393/247/117
f 420/248/118 418/249/118 401/250/118
f 417/251/119 425/252/119 427/253/119
f 418/249/120 416/213/120 399/254/120
f 417/251/121 415/255/121 423/256/121
f 420/257/122 414/258/122 422/259/122
f 405/260/123 414/261/123 420/248/123
f 427/262/124 425/263/124 426/264/124
f 425/263/125 423/265/125 424/266/125
f 421/267/126 427/262/126 428/268/126
f 416/269/127 424/270/127 423/256/127
f 419/271/128 427/253/128 421/272/128
f 414/258/129 412/273/129 421/272/129
f 418/274/130 426/275/130 424/276/130
f 418/274/131 420/257/131 428/277/131
f 493/278/132 551/82/132 494/279/132
f 564/280/133 565/281/133 560/282/133
f 495/283/134 494/284/134 496/285/134
f 572/286/135 573/287/135 569/288/135
f 497/289/136 496/285/136 498/290/136
f 564/280/137 574/291/137 575/292/137
f 571/293/138 572/294/138 567/295/138
f 500/193/139 501/296/139 493/297/139
f 554/298/140 555/299/140 553/81/140
f 598/300/141 570/301/141 568/302/141
f 568/190/142 566/88/142 501/296/142
f 556/303/143 557/304/143 555/299/143
f 572/294/144 598/305/144 599/306/144
f 560/307/145 495/308/145 497/309/145
f 558/310/146 559/311/146 557/304/146
f 567/312/147 569/288/147 565/281/147
f 594/313/148 500/314/148 495/308/148
f 560/315/149 561/316/149 559/311/149
f 553/317/150 561/318/150 498/319/150
f 499/320/151 498/290/151 563/321/151
f 562/322/152 563/321/152 561/316/152
f 596/323/153 568/302/153 500/314/153
f 556/324/154 552/325/154 558/326/154
f 585/327/155 577/328/155 575/329/155
f 576/330/156 574/331/156 564/85/156
f 577/332/157 576/333/157 501/296/157
f 567/295/158 575/329/158 577/328/158
f 581/334/159 590/335/159 589/336/159
f 583/337/160 578/338/160 574/331/160
f 577/332/161 581/334/161 580/339/161
f 578/340/162 579/341/162 575/292/162
f 585/342/163 591/343/163 588/344/163
f 582/155/164 584/157/164 585/154/164
f 591/345/165 587/346/165 586/347/165
f 589/348/166 590/349/166 593/350/166
f 586/351/167 587/352/167 579/341/167
f 587/353/168 591/354/168 585/327/168
f 592/156/169 593/165/169 584/157/169
f 583/337/170 588/355/170 586/347/170
f 584/356/171 593/357/171 590/358/171
f 589/348/172 592/359/172 582/360/172
f 569/361/173 597/362/173 595/363/173
f 600/364/174 602/365/174 596/190/174
f 573/366/175 599/367/175 597/362/175
f 596/190/176 602/365/176 604/192/176
f 601/368/177 603/369/177 602/370/177
f 603/369/178 605/371/178 604/372/178
f 604/372/179 605/371/179 599/373/179
f 601/368/180 600/374/180 594/313/180
f 605/375/181 603/376/181 597/377/181
f 597/377/182 603/376/182 601/378/182
f 627/379/183 631/380/183 637/381/183
f 610/382/184 611/383/184 609/384/184
f 625/385/185 607/386/185 606/387/185
f 610/382/186 612/388/186 613/389/186
f 607/386/187 637/390/187 636/391/187
f 612/388/188 614/392/188 615/393/188
f 626/394/189 606/395/189 636/396/189
f 624/397/190 626/398/190 643/399/190
f 616/400/191 617/401/191 615/393/191
f 645/402/192 643/399/192 626/398/192
f 645/402/193 628/403/193 630/404/193
f 638/405/194 619/406/194 617/401/194
f 647/407/195 630/404/195 632/408/195
f 619/409/196 632/410/196 634/411/196
f 640/412/197 632/408/197 619/406/197
f 617/413/198 623/414/198 615/415/198
f 608/416/199 609/384/199 623/417/199
f 623/417/200 621/418/200 639/419/200
f 641/420/201 634/421/201 636/391/201
f 616/422/202 614/423/202 622/424/202
f 618/425/203 620/426/203 639/419/203
f 633/427/204 642/428/204 635/429/204
f 638/430/205 639/419/205 641/431/205
f 621/418/206 634/432/206 641/431/206
f 629/433/207 646/434/207 648/435/207
f 655/436/208 653/437/208 645/438/208
f 627/439/209 644/440/209 646/434/209
f 645/438/210 653/437/210 651/441/210
f 648/442/211 656/443/211 650/444/211
f 633/445/212 631/446/212 648/435/212
f 654/447/213 653/448/213 655/449/213
f 652/450/214 651/451/214 653/448/214
f 656/452/215 655/449/215 649/453/215
f 651/441/216 652/454/216 644/455/216
f 649/456/217 655/436/217 647/457/217
f 642/458/218 650/444/218 649/456/218
f 652/459/219 654/460/219 646/461/219
f 646/461/220 654/460/220 656/443/220
f 676/462/221 670/463/221 658/464/221
f 1016/465/222 1022/466/222 1004/467/222
f 1029/468/223 1028/469/223 946/470/223
f 1030/471/224 954/472/224 946/470/224
f 1032/473/225 1031/474/225 896/475/225
f 1033/476/226 958/477/226 954/472/226
f 1034/478/227 922/479/227 958/477/227
f 1036/480/41 970/481/41 994/482/41
f 1037/483/41 1035/484/41 994/482/41
f 1039/485/41 991/486/41 976/487/41
f 1040/488/41 1037/483/41 998/489/41
f 1041/490/41 1040/488/41 1002/491/41
f 1029/468/228 890/492/228 896/475/228
f 1034/478/229 1042/493/229 200/494/229
f 1042/493/230 1032/473/230 930/495/230
f 1036/480/41 1038/496/41 976/487/41
f 1041/490/41 987/497/41 234/498/41
f 1043/499/41 234/498/41 991/486/41
f 846/500/231 844/1/231 848/3/231
f 847/500/232 849/3/232 852/5/232
f 853/5/233 855/4/233 856/7/233
f 857/501/234 859/8/234 860/10/234
f 864/24/235 861/10/235 868/11/235
f 863/9/236 866/13/236 882/12/236
f 882/12/237 868/11/237 863/9/237
f 885/57/238 883/12/238 873/14/238
f 176/502/239 174/503/239 851/504/239
f 851/504/240 880/17/240 176/502/240
f 874/15/241 182/505/241 178/16/241
f 180/506/242 178/16/242 182/505/242
f 176/502/243 880/17/243 178/16/243
f 845/1/244 879/18/244 172/2/244
f 878/22/245 872/65/245 875/20/245
f 875/20/246 886/57/246 186/21/246
f 184/14/247 186/21/247 886/57/247
f 185/23/248 171/23/248 175/23/248
f 173/23/249 175/23/249 171/23/249
f 177/23/250 179/23/250 865/23/250
f 865/23/251 871/23/251 177/23/251
f 185/23/252 175/23/252 177/23/252
f 183/65/253 181/24/253 876/20/253
f 889/507/254 884/25/254 895/27/254
f 939/64/255 937/28/255 935/30/255
f 189/57/256 877/20/256 894/32/256
f 891/69/257 870/11/257 888/33/257
f 190/508/258 188/34/258 898/36/258
f 906/509/259 978/37/259 942/39/259
f 961/510/260 903/40/260 950/42/260
f 907/68/261 921/43/261 909/45/261
f 980/511/20 982/46/20 986/48/20
f 951/512/41 936/513/41 934/514/41
f 934/514/262 913/51/262 960/515/262
f 911/516/263 925/49/263 913/51/263
f 923/50/264 960/515/264 913/51/264
f 951/512/41 934/514/41 960/515/41
f 910/45/265 920/44/265 927/53/265
f 966/517/266 974/54/266 905/56/266
f 926/13/267 962/12/267 924/14/267
f 1032/518/268 1042/519/268 1034/60/268
f 1034/60/269 1033/520/269 1030/58/269
f 1030/58/270 1028/521/270 1029/59/270
f 1029/59/271 1031/522/271 1032/518/271
f 1032/518/272 1034/60/272 1029/59/272
f 225/523/273 964/61/273 975/63/273
f 912/9/274 918/10/274 941/11/274
f 932/24/275 941/11/275 918/10/275
f 963/12/276 218/13/276 912/9/276
f 205/42/277 949/41/277 204/30/277
f 943/11/278 931/24/278 904/20/278
f 915/501/279 917/10/279 914/8/279
f 893/69/280 191/33/280 944/31/280
f 203/23/281 206/23/281 938/23/281
f 902/23/282 900/23/282 916/23/282
f 217/23/283 215/23/283 916/23/283
f 916/23/284 938/23/284 902/23/284
f 206/23/285 902/23/285 938/23/285
f 196/28/286 213/66/286 195/29/286
f 945/31/34 208/32/34 952/53/34
f 928/53/35 202/52/35 899/31/35
f 957/45/20 959/44/20 908/68/20
f 953/53/37 210/52/37 956/45/37
f 223/12/287 224/11/287 968/33/287
f 226/20/288 219/65/288 221/22/288
f 221/22/289 222/21/289 226/20/289
f 220/14/290 967/57/290 222/21/290
f 211/72/40 197/524/40 199/525/40
f 199/525/40 201/526/40 194/70/40
f 194/70/40 192/527/40 207/71/40
f 207/71/40 209/528/40 211/72/40
f 211/72/40 199/525/40 194/70/40
f 983/46/37 988/73/37 985/47/37
f 1041/77/41 1043/529/41 1036/75/41
f 1039/530/41 1038/531/41 1036/75/41
f 1036/75/41 1035/532/41 1037/533/41
f 1037/533/41 1040/76/41 1036/75/41
f 1043/529/41 1039/530/41 1036/75/41
f 973/69/42 992/31/42 227/33/42
f 993/31/35 996/53/35 238/32/35
f 989/73/34 979/55/34 236/74/34
f 1001/45/43 981/68/43 1003/44/43
f 997/53/44 1000/45/44 240/52/44
f 233/79/40 231/534/40 241/535/40
f 241/535/40 239/536/40 237/78/40
f 237/78/40 228/38/40 230/37/40
f 230/37/40 235/537/40 233/79/40
f 233/79/40 241/535/40 237/78/40
f 493/278/291 552/80/291 551/82/291
f 558/326/292 493/83/292 564/85/292
f 568/190/293 570/86/293 566/88/293
f 345/538/294 335/89/294 346/91/294
f 315/136/49 316/92/49 317/94/49
f 343/539/295 338/90/295 344/96/295
f 317/94/51 318/93/51 319/98/51
f 329/540/52 331/99/52 335/89/52
f 319/541/53 320/101/53 321/103/53
f 339/95/296 337/90/296 341/105/296
f 321/139/55 329/106/55 313/108/55
f 321/103/56 322/102/56 323/110/56
f 342/123/297 337/111/297 343/113/297
f 319/542/53 321/114/53 314/100/53
f 323/110/58 324/109/58 325/116/58
f 369/543/59 367/117/59 341/119/59
f 314/100/53 313/89/53 339/95/53
f 325/116/61 326/115/61 327/121/61
f 343/113/298 344/544/298 370/545/298
f 370/545/299 369/122/299 343/113/299
f 341/546/62 342/123/62 369/122/62
f 333/547/300 315/126/300 331/125/300
f 317/124/62 319/129/62 331/125/62
f 327/121/63 328/120/63 329/128/63
f 335/89/52 336/100/52 338/90/52
f 336/548/65 331/125/65 366/173/65
f 319/129/65 314/138/65 365/130/65
f 366/173/65 331/125/65 365/130/65
f 329/128/52 330/127/52 331/132/52
f 320/97/66 318/93/66 316/549/66
f 316/549/66 334/550/66 332/133/66
f 332/133/66 330/551/66 328/552/66
f 328/552/66 326/553/66 332/133/66
f 324/134/66 322/554/66 320/97/66
f 320/97/66 316/549/66 332/133/66
f 332/133/66 326/553/66 324/134/66
f 333/137/301 334/135/301 315/136/301
f 331/132/302 332/131/302 333/137/302
f 365/130/69 314/138/69 367/117/69
f 327/555/62 329/106/62 325/140/62
f 321/139/62 323/556/62 325/140/62
f 350/557/303 346/143/303 356/142/303
f 348/141/304 352/169/304 355/168/304
f 355/168/305 356/142/305 348/141/305
f 313/108/306 335/107/306 347/145/306
f 337/90/307 313/89/307 348/147/307
f 338/112/308 337/111/308 346/143/308
f 361/159/309 352/148/309 360/150/309
f 351/558/310 347/145/310 353/171/310
f 345/144/311 349/166/311 354/151/311
f 354/151/312 353/171/312 347/145/312
f 352/148/313 348/147/313 351/149/313
f 345/538/314 346/91/314 349/153/314
f 362/559/315 356/154/315 359/156/315
f 353/155/316 354/155/316 355/157/316
f 359/150/80 357/158/80 362/159/80
f 360/172/317 363/160/317 361/162/317
f 349/153/318 350/152/318 357/158/318
f 350/557/319 356/142/319 358/164/319
f 353/155/320 355/157/320 363/156/320
f 359/560/321 354/151/321 357/167/321
f 364/561/322 355/168/322 361/170/322
f 351/558/323 353/171/323 360/172/323
f 336/548/324 366/173/324 340/175/324
f 365/562/53 367/176/53 371/178/53
f 340/175/325 368/174/325 344/180/325
f 373/177/53 367/176/53 375/182/53
f 374/186/90 372/183/90 373/185/90
f 376/189/91 374/186/91 375/187/91
f 369/563/326 370/188/326 375/187/326
f 366/173/93 365/130/93 372/183/93
f 370/564/327 368/190/327 376/192/327
f 374/191/52 368/190/52 372/194/52
f 379/565/328 409/197/328 397/566/328
f 407/567/329 405/568/329 409/197/329
f 403/195/330 401/569/330 399/196/330
f 399/196/331 397/566/331 409/197/331
f 409/197/332 405/568/332 403/195/332
f 380/231/333 381/198/333 382/200/333
f 379/205/334 397/201/334 378/203/334
f 384/207/335 382/200/335 385/204/335
f 409/235/336 379/205/336 408/206/336
f 386/570/337 384/207/337 387/208/337
f 404/225/338 406/224/338 402/571/338
f 408/211/339 378/572/339 398/209/339
f 396/573/340 398/209/340 378/572/340
f 400/210/341 402/571/341 408/211/341
f 406/224/342 408/211/342 402/571/342
f 397/201/343 399/254/343 416/213/343
f 415/212/344 398/218/344 396/202/344
f 397/201/345 416/213/345 396/202/345
f 386/570/346 387/208/346 388/215/346
f 415/212/347 417/216/347 398/218/347
f 419/221/348 402/219/348 417/216/348
f 390/574/349 388/215/349 410/220/349
f 389/214/350 391/227/350 410/220/350
f 402/219/351 419/221/351 404/223/351
f 393/575/352 406/224/352 391/226/352
f 410/220/353 391/227/353 412/222/353
f 385/576/354 383/577/354 381/578/354
f 381/578/355 395/229/355 387/579/355
f 393/575/356 391/226/356 395/229/356
f 389/228/357 387/579/357 395/229/357
f 385/576/358 381/578/358 387/579/358
f 394/233/359 395/230/359 380/231/359
f 394/233/360 392/580/360 411/232/360
f 411/232/361 393/247/361 395/230/361
f 407/242/362 409/235/362 413/234/362
f 408/206/363 406/581/363 413/234/363
f 394/238/364 380/582/364 386/583/364
f 382/584/365 384/585/365 380/582/365
f 386/583/366 388/236/366 394/238/366
f 390/237/367 392/586/367 394/238/367
f 380/582/368 384/585/368 386/583/368
f 392/580/369 390/239/369 411/232/369
f 405/587/370 407/242/370 414/241/370
f 413/234/371 412/588/371 414/241/371
f 411/232/372 410/243/372 413/245/372
f 411/232/373 413/245/373 393/247/373
f 403/589/374 420/248/374 401/250/374
f 419/271/375 417/251/375 427/253/375
f 401/250/376 418/249/376 399/254/376
f 425/252/377 417/251/377 423/256/377
f 428/277/378 420/257/378 422/259/378
f 403/589/379 405/260/379 420/248/379
f 428/268/380 427/262/380 426/264/380
f 426/264/381 425/263/381 424/266/381
f 422/590/382 421/267/382 428/268/382
f 415/255/383 416/269/383 423/256/383
f 412/273/384 419/271/384 421/272/384
f 422/259/385 414/258/385 421/272/385
f 416/591/386 418/274/386 424/276/386
f 426/275/387 418/274/387 428/277/387
f 495/592/388 493/278/388 494/279/388
f 558/593/389 564/280/389 560/282/389
f 497/289/390 495/283/390 496/285/390
f 567/312/391 572/286/391 569/288/391
f 499/320/392 497/289/392 498/290/392
f 567/312/393 564/280/393 575/292/393
f 566/594/394 571/293/394 567/295/394
f 495/595/395 500/193/395 493/297/395
f 552/80/396 554/298/396 553/81/396
f 596/323/141 598/300/141 568/302/141
f 500/193/174 568/190/174 501/296/174
f 554/298/397 556/303/397 555/299/397
f 599/306/398 573/596/398 572/294/398
f 572/294/399 571/293/399 598/305/399
f 570/597/400 598/305/400 571/293/400
f 497/309/401 499/598/401 562/599/401
f 562/599/402 560/307/402 497/309/402
f 556/303/403 558/310/403 557/304/403
f 564/280/404 567/312/404 565/281/404
f 495/308/148 560/307/148 594/313/148
f 595/363/148 594/313/148 560/307/148
f 560/307/148 565/600/148 595/363/148
f 558/310/405 560/315/405 559/311/405
f 498/319/406 496/601/406 494/602/406
f 494/602/407 551/603/407 498/319/407
f 553/317/408 555/604/408 561/318/408
f 557/605/409 559/606/409 561/318/409
f 561/318/410 563/607/410 498/319/410
f 498/319/411 551/603/411 553/317/411
f 555/604/412 557/605/412 561/318/412
f 562/322/413 499/320/413 563/321/413
f 560/315/414 562/322/414 561/316/414
f 594/313/153 596/323/153 500/314/153
f 493/83/415 558/326/415 552/325/415
f 556/324/416 554/608/416 552/325/416
f 577/328/417 585/327/417 584/356/417
f 579/609/418 585/327/418 575/329/418
f 584/356/419 581/610/419 577/328/419
f 501/84/420 576/330/420 564/85/420
f 566/88/421 577/332/421 501/296/421
f 566/594/422 567/295/422 577/328/422
f 580/339/423 581/334/423 589/336/423
f 574/331/424 576/330/424 583/337/424
f 582/360/425 583/337/425 576/330/425
f 576/330/426 580/611/426 582/360/426
f 576/333/427 577/332/427 580/339/427
f 574/291/428 578/340/428 575/292/428
f 583/612/429 585/342/429 588/344/429
f 583/155/430 582/155/430 585/154/430
f 588/355/431 591/345/431 586/347/431
f 592/359/432 589/348/432 593/350/432
f 578/340/433 586/351/433 579/341/433
f 579/609/434 587/353/434 585/327/434
f 582/155/435 592/156/435 584/157/435
f 578/338/436 583/337/436 586/347/436
f 581/610/437 584/356/437 590/358/437
f 580/611/438 589/348/438 582/360/438
f 565/600/439 569/361/439 595/363/439
f 594/193/174 600/364/174 596/190/174
f 569/361/440 573/366/440 597/362/440
f 598/564/441 596/190/441 604/192/441
f 600/374/177 601/368/177 602/370/177
f 602/370/442 603/369/442 604/372/442
f 598/613/443 604/372/443 599/373/443
f 595/363/180 601/368/180 594/313/180
f 599/614/444 605/375/444 597/377/444
f 595/615/181 597/377/181 601/378/181
f 635/616/445 637/381/445 633/617/445
f 607/618/446 625/619/446 637/381/446
f 627/379/447 629/620/447 631/380/447
f 631/380/448 633/617/448 637/381/448
f 637/381/449 625/619/449 627/379/449
f 608/416/450 610/382/450 609/384/450
f 624/397/451 625/385/451 606/387/451
f 611/383/452 610/382/452 613/389/452
f 606/387/453 607/386/453 636/391/453
f 613/389/454 612/388/454 615/393/454
f 636/396/455 634/411/455 630/621/455
f 632/410/456 630/621/456 634/411/456
f 628/622/457 626/394/457 636/396/457
f 624/623/458 606/395/458 626/394/458
f 636/396/459 630/621/459 628/622/459
f 644/440/460 627/439/460 625/385/460
f 625/385/461 624/397/461 644/440/461
f 643/399/462 644/440/462 624/397/462
f 614/392/463 616/400/463 615/393/463
f 628/403/464 645/402/464 626/398/464
f 647/407/465 645/402/465 630/404/465
f 617/401/466 616/400/466 638/405/466
f 618/624/467 638/405/467 616/400/467
f 640/412/468 647/407/468 632/408/468
f 621/625/469 619/409/469 634/411/469
f 638/405/470 640/412/470 619/406/470
f 609/626/471 611/627/471 613/628/471
f 613/628/472 615/415/472 609/626/472
f 617/413/473 619/409/473 623/414/473
f 621/625/474 623/414/474 619/409/474
f 609/626/475 615/415/475 623/414/475
f 622/629/476 608/416/476 623/417/476
f 639/419/477 620/426/477 622/629/477
f 622/629/478 623/417/478 639/419/478
f 636/391/479 637/390/479 641/420/479
f 635/429/480 641/420/480 637/390/480
f 610/630/481 608/631/481 612/632/481
f 622/424/482 620/633/482 618/634/482
f 618/634/483 616/422/483 622/424/483
f 614/423/484 612/632/484 608/631/484
f 608/631/485 622/424/485 614/423/485
f 638/635/486 618/425/486 639/419/486
f 641/420/487 635/429/487 642/428/487
f 642/428/488 640/636/488 641/420/488
f 640/637/489 638/430/489 641/431/489
f 639/419/490 621/418/490 641/431/490
f 631/446/491 629/433/491 648/435/491
f 647/457/492 655/436/492 645/438/492
f 629/433/493 627/439/493 646/434/493
f 643/638/494 645/438/494 651/441/494
f 642/458/495 648/442/495 650/444/495
f 642/639/496 633/445/496 648/435/496
f 656/452/497 654/447/497 655/449/497
f 654/447/498 652/450/498 653/448/498
f 650/640/499 656/452/499 649/453/499
f 643/638/500 651/441/500 644/455/500
f 640/641/501 649/456/501 647/457/501
f 640/641/502 642/458/502 649/456/502
f 644/642/503 652/459/503 646/461/503
f 648/442/504 646/461/504 656/443/504
f 662/643/221 660/644/221 664/645/221
f 658/464/221 1027/646/221 676/462/221
f 678/647/221 676/462/221 1027/646/221
f 674/648/221 672/649/221 676/462/221
f 670/463/221 668/650/221 664/645/221
f 666/651/221 664/645/221 668/650/221
f 660/644/221 658/464/221 664/645/221
f 676/462/221 672/649/221 670/463/221
f 670/463/221 664/645/221 658/464/221
f 1026/652/222 1004/467/222 1022/466/222
f 1005/653/222 1008/654/222 1010/655/222
f 1010/655/222 1012/656/222 1014/657/222
f 1014/657/222 1016/465/222 1010/655/222
f 1018/658/505 1020/659/505 1022/466/505
f 1022/466/222 1024/660/222 1026/652/222
f 1004/467/222 1005/653/222 1010/655/222
f 1010/655/222 1016/465/222 1004/467/222
f 1018/658/506 1022/466/506 1016/465/506
f 890/492/507 1029/468/507 946/470/507
f 1028/469/508 1030/471/508 946/470/508
f 930/495/509 1032/473/509 896/475/509
f 1030/471/510 1033/476/510 954/472/510
f 1033/476/511 1034/478/511 958/477/511
f 1035/484/41 1036/480/41 994/482/41
f 998/489/41 1037/483/41 994/482/41
f 1038/496/512 1039/485/512 976/487/512
f 1002/491/512 1040/488/512 998/489/512
f 987/497/41 1041/490/41 1002/491/41
f 1031/474/513 1029/468/513 896/475/513
f 922/479/514 1034/478/514 200/494/514
f 200/494/515 1042/493/515 930/495/515
f 970/481/41 1036/480/41 976/487/41
f 1043/499/41 1041/490/41 234/498/41
f 1039/485/41 1043/499/41 991/486/41
s 1
f 5/661/516 838/662/517 8/663/518
f 12/664/519 11/665/520 36/666/521
f 7/662/522 31/667/523 38/668/524
f 151/669/525 162/670/526 155/671/527
f 11/665/520 10/672/528 35/673/529
f 14/674/530 38/668/524 35/675/529
f 9/676/531 835/674/532 836/677/533
f 12/664/519 13/678/534 4/679/535
f 837/665/536 12/664/519 3/680/537
f 836/672/533 837/665/536 2/681/538
f 8/663/518 838/662/517 835/674/532
f 5/661/516 15/682/539 838/662/517
f 15/682/539 839/683/540 838/662/517
f 22/684/541 20/685/542 17/686/543
f 36/666/521 35/673/529 22/687/541
f 25/688/544 22/687/541 24/689/545
f 38/668/524 34/690/546 32/691/547
f 36/666/521 22/687/541 25/688/544
f 34/690/546 33/692/548 32/691/547
f 93/693/549 155/671/527 157/694/550
f 47/695/551 24/696/545 41/697/552
f 30/698/553 29/699/554 33/692/548
f 32/700/547 33/701/548 52/702/555
f 27/703/556 29/699/554 30/698/553
f 31/667/523 34/690/546 38/668/524
f 35/704/529 18/705/557 20/706/542
f 30/698/553 33/692/548 34/690/546
f 33/701/548 29/707/554 50/708/558
f 41/697/552 24/696/545 17/686/543
f 46/709/559 78/710/560 73/711/561
f 41/697/552 53/712/562 19/713/563
f 35/704/529 32/700/547 51/714/564
f 33/701/548 49/715/565 40/716/566
f 7/662/522 16/683/567 31/667/523
f 16/683/567 28/717/568 30/698/553
f 42/718/569 44/719/570 45/720/571
f 43/721/572 45/720/571 41/697/552
f 41/697/552 45/720/571 47/695/551
f 44/719/570 46/722/559 47/695/551
f 50/708/558 48/723/573 49/715/565
f 48/723/573 42/724/569 43/725/572
f 49/715/565 43/725/572 40/716/566
f 53/712/562 60/726/574 23/727/575
f 17/686/543 20/685/542 55/728/576
f 51/714/564 59/729/577 54/730/578
f 66/731/579 452/732/580 69/733/581
f 53/712/562 17/686/543 58/734/582
f 51/714/564 52/702/555 56/735/583
f 52/702/555 33/701/548 39/736/584
f 18/705/557 54/730/578 55/737/576
f 39/736/584 57/738/585 56/735/583
f 112/739/586 129/740/587 27/703/556
f 55/737/576 54/730/578 66/731/579
f 21/741/588 62/742/589 61/743/590
f 60/726/574 58/734/582 68/744/591
f 60/726/574 65/745/592 64/746/593
f 23/727/575 64/746/593 62/747/589
f 459/748/594 61/743/590 63/749/595
f 459/748/594 63/749/595 69/733/581
f 40/750/566 41/697/552 19/713/563
f 33/701/548 40/716/566 39/736/584
f 40/716/566 21/741/588 57/738/585
f 19/713/563 23/727/575 21/751/588
f 77/752/596 80/753/597 73/711/561
f 74/754/598 75/755/599 110/756/600
f 78/710/560 75/757/599 74/758/598
f 48/723/573 71/759/601 70/760/602
f 42/718/569 70/761/602 44/719/570
f 47/695/551 46/722/559 24/696/545
f 81/762/603 76/763/604 83/764/605
f 111/765/606 81/762/603 148/766/607
f 24/689/545 46/709/559 80/753/597
f 50/708/558 71/759/601 48/723/573
f 132/767/608 91/768/609 92/769/610
f 78/710/560 79/770/611 75/757/599
f 70/761/602 79/771/611 78/772/560
f 46/722/559 44/719/570 78/772/560
f 73/711/561 74/758/598 82/773/612
f 26/774/613 24/689/545 80/753/597
f 79/775/611 71/776/601 81/762/603
f 70/760/602 71/759/601 79/777/611
f 25/688/544 24/689/545 26/774/613
f 27/778/556 76/763/604 71/776/601
f 29/707/554 71/759/601 50/708/558
f 75/755/599 81/762/603 111/765/606
f 42/724/569 48/723/573 70/760/602
f 98/779/614 840/780/615 5/661/516
f 105/781/616 92/769/610 96/782/617
f 130/783/618 87/784/619 89/785/620
f 102/786/621 120/787/622 119/788/623
f 122/789/624 114/790/625 97/780/626
f 139/791/627 93/693/549 157/694/550
f 147/792/628 139/791/627 157/694/550
f 111/765/606 93/693/549 88/793/629
f 101/794/630 119/788/623 118/795/631
f 118/796/631 122/789/624 104/797/632
f 99/798/633 84/799/634 842/800/635
f 4/679/535 13/678/534 102/786/621
f 86/801/636 102/786/621 843/794/637
f 85/802/638 843/794/637 842/803/635
f 98/779/614 99/798/633 841/797/639
f 97/780/626 114/790/625 16/683/567
f 74/754/598 130/783/618 140/804/640
f 119/788/623 106/805/641 118/795/631
f 108/806/642 107/807/643 106/805/641
f 122/789/624 118/796/631 115/808/644
f 119/788/623 120/787/622 108/806/642
f 117/809/645 115/808/644 116/810/646
f 133/811/647 92/769/610 105/781/616
f 113/812/648 116/810/646 112/739/586
f 113/812/648 112/739/586 27/703/556
f 114/790/625 122/789/624 117/809/645
f 117/809/645 116/810/646 113/812/648
f 125/813/649 137/814/650 131/815/651
f 5/661/516 840/780/615 15/682/539
f 15/682/539 840/780/615 839/683/540
f 29/699/554 27/703/556 71/816/601
f 93/693/549 111/765/606 151/669/525
f 82/773/612 132/817/608 131/815/651
f 132/817/608 133/818/647 135/819/652
f 116/820/646 691/821/653 692/822/654
f 124/823/655 127/824/656 118/825/631
f 138/826/657 154/827/658 161/828/659
f 92/769/610 91/768/609 90/829/660
f 107/807/643 137/814/650 125/813/649
f 132/767/608 82/830/612 140/831/640
f 135/819/652 133/818/647 136/832/661
f 26/774/613 77/752/596 137/814/650
f 16/683/567 114/790/625 113/812/648
f 136/833/661 133/811/647 138/826/657
f 129/834/587 76/763/604 27/778/556
f 110/756/600 88/793/629 87/784/619
f 684/835/662 126/836/663 695/837/664
f 91/768/609 140/831/640 89/838/620
f 77/752/596 72/839/665 131/815/651
f 108/806/642 26/774/613 107/807/643
f 105/781/616 153/840/666 154/827/658
f 144/841/667 160/842/668 156/843/669
f 88/793/629 141/844/670 142/845/671
f 95/846/672 96/782/617 109/847/673
f 87/784/619 142/845/671 103/848/674
f 93/693/549 139/849/627 141/844/670
f 90/829/660 89/838/620 103/850/674
f 96/782/617 90/829/660 134/851/675
f 105/781/616 95/846/672 153/840/666
f 142/845/671 150/852/676 143/853/677
f 782/854/678 159/855/679 160/842/668
f 121/856/680 109/847/673 145/857/681
f 162/670/526 152/858/682 155/671/527
f 109/847/673 134/851/675 94/859/683
f 134/851/675 103/850/674 143/860/677
f 141/844/670 149/861/684 150/852/676
f 144/862/667 145/857/681 146/863/685
f 143/860/677 146/863/685 94/859/683
f 76/763/604 138/826/657 161/828/659
f 149/861/684 146/864/685 150/852/676
f 143/853/677 150/852/676 146/864/685
f 145/857/681 94/859/683 146/863/685
f 782/865/678 144/862/667 146/863/685
f 71/776/601 76/763/604 81/762/603
f 129/834/587 138/826/657 76/763/604
f 83/764/605 165/866/686 167/867/687
f 139/849/627 147/868/628 149/861/684
f 147/868/628 146/864/685 149/861/684
f 155/671/527 158/869/688 157/694/550
f 158/869/688 156/843/669 160/842/668
f 157/694/550 158/869/688 159/855/679
f 155/671/527 95/846/672 156/843/669
f 163/870/689 154/827/658 153/840/666
f 159/855/679 158/869/688 160/842/668
f 153/840/666 95/846/672 155/671/527
f 158/869/688 155/671/527 156/843/669
f 148/766/607 81/762/603 83/764/605
f 83/764/605 76/763/604 161/828/659
f 95/846/672 121/871/680 156/843/669
f 152/858/682 163/870/689 155/671/527
f 151/669/525 148/766/607 162/670/526
f 162/670/526 148/766/607 167/867/687
f 164/872/690 169/873/691 170/874/692
f 168/875/693 170/874/692 243/876/694
f 161/828/659 154/827/658 168/875/693
f 162/670/526 169/873/691 164/872/690
f 163/870/689 170/874/692 168/875/693
f 83/764/605 161/828/659 166/877/695
f 163/870/689 152/858/682 164/872/690
f 152/858/682 162/670/526 164/872/690
f 170/874/692 163/870/689 164/872/690
f 167/867/687 165/866/686 244/878/696
f 154/827/658 163/870/689 168/875/693
f 244/878/696 165/866/686 166/877/695
f 169/873/691 162/670/526 167/867/687
f 13/678/534 12/664/519 37/879/697
f 37/879/697 25/688/544 26/774/613
f 13/678/534 26/774/613 120/787/622
f 120/787/622 26/774/613 108/806/642
f 169/873/691 244/878/696 243/876/694
f 166/877/695 168/875/693 243/876/694
f 169/873/691 167/867/687 244/878/696
f 9/676/531 1/880/698 254/881/699
f 98/779/614 250/882/700 249/883/701
f 254/884/699 255/885/702 268/886/703
f 6/887/704 8/663/518 252/888/705
f 85/802/638 84/889/634 248/890/706
f 2/681/538 255/885/702 254/884/699
f 99/798/633 249/883/701 248/891/706
f 2/681/538 3/680/537 256/892/707
f 86/801/636 246/893/708 245/894/709
f 8/663/518 9/676/531 253/895/710
f 6/887/704 251/896/711 250/882/700
f 3/680/537 4/679/535 245/894/709
f 85/802/638 247/897/712 246/893/708
f 261/898/713 252/888/705 785/899/714
f 259/900/715 263/901/716 260/902/717
f 505/903/718 514/904/719 515/905/720
f 789/906/721 273/907/722 272/908/723
f 253/895/710 254/881/699 267/909/724
f 263/901/716 261/898/713 260/902/717
f 264/910/725 258/911/726 257/912/727
f 262/913/728 264/910/725 257/912/727
f 251/896/711 252/888/705 261/898/713
f 251/896/711 263/901/716 259/900/715
f 245/894/709 264/910/725 262/913/728
f 245/894/709 246/893/708 258/911/726
f 268/886/703 269/914/729 278/915/730
f 271/916/731 280/917/732 279/918/733
f 273/919/722 270/920/734 279/921/733
f 267/922/724 268/886/703 277/923/735
f 255/885/702 256/892/707 790/924/736
f 257/925/727 260/926/717 270/920/734
f 266/927/737 265/928/738 785/899/714
f 260/902/717 261/898/713 271/916/731
f 790/924/736 789/906/721 272/908/723
f 279/921/733 288/929/739 290/930/740
f 276/931/741 277/923/735 286/932/742
f 276/933/741 285/934/743 284/935/744
f 269/914/729 272/908/723 281/936/745
f 266/927/737 275/937/746 274/938/747
f 272/908/723 273/907/722 282/939/748
f 265/928/738 274/938/747 280/917/732
f 266/927/737 267/909/724 276/933/741
f 289/940/749 290/941/740 298/942/750
f 284/935/744 292/943/751 377/944/752
f 287/945/753 289/940/749 297/946/754
f 287/945/753 295/947/755 294/948/756
f 277/923/735 278/915/730 287/945/753
f 281/936/745 289/940/749 287/945/753
f 274/938/747 275/937/746 284/935/744
f 282/939/748 290/941/740 289/940/749
f 294/948/756 295/947/755 302/949/757
f 288/950/739 283/951/758 291/952/759
f 298/953/750 296/954/760 303/955/761
f 294/948/756 301/956/762 300/957/763
f 304/958/764 310/959/765 303/960/761
f 285/934/743 293/961/766 292/943/751
f 286/932/742 294/948/756 293/962/766
f 290/930/740 288/929/739 296/954/760
f 284/935/744 285/934/743 292/943/751
f 280/917/732 274/938/747 283/951/758
f 306/963/767 303/955/761 310/964/765
f 301/956/762 308/965/768 307/966/769
f 295/947/755 297/946/754 305/967/770
f 298/942/750 306/968/767 305/967/770
f 296/969/760 291/952/759 303/960/761
f 301/956/762 302/949/757 309/970/771
f 302/949/757 305/967/770 311/971/772
f 305/967/770 306/968/767 312/972/773
f 291/952/759 377/944/752 292/943/751
f 296/969/760 288/950/739 291/952/759
f 299/973/774 292/943/751 300/974/763
f 292/943/751 293/961/766 300/974/763
f 309/970/771 311/971/772 307/966/769
f 283/951/758 274/938/747 284/935/744
f 280/917/732 283/951/758 288/950/739
f 283/951/758 284/935/744 377/944/752
f 291/952/759 283/951/758 377/944/752
f 796/975/775 430/976/776 797/977/777
f 454/978/778 432/979/779 434/980/780
f 456/981/781 438/982/782 440/983/783
f 59/729/577 56/735/583 459/748/594
f 431/984/784 433/985/785 446/986/786
f 447/987/787 463/988/788 462/989/789
f 441/990/790 451/991/791 450/992/792
f 439/993/793 450/992/792 449/994/794
f 429/995/795 431/996/784 445/997/796
f 433/985/785 435/998/797 447/987/787
f 64/746/593 65/745/592 440/983/783
f 430/976/776 65/745/592 68/744/591
f 457/999/798 458/1000/799 441/1001/790
f 456/981/781 457/999/798 439/1002/793
f 431/1003/784 454/978/778 455/1004/800
f 429/1005/795 453/1006/801 454/1007/778
f 66/731/579 69/733/581 434/980/780
f 54/730/578 59/729/577 452/732/580
f 56/735/583 57/738/585 61/743/590
f 451/991/791 444/1008/802 460/1009/803
f 450/992/792 451/991/791 467/1010/804
f 436/1011/805 448/1012/806 447/987/787
f 449/1013/794 465/1014/807 464/1015/808
f 444/1008/802 445/997/796 461/1016/809
f 455/1004/800 434/980/780 69/733/581
f 445/1017/796 446/986/786 462/989/789
f 458/1000/799 453/1006/801 429/1005/795
f 450/992/792 466/1018/810 465/1019/807
f 437/1020/811 449/1013/794 448/1012/806
f 436/1021/805 443/1022/812 456/1023/781
f 447/987/787 448/1012/806 464/1015/808
f 466/1018/810 487/1024/813 486/1025/814
f 463/988/788 464/1015/808 473/1026/815
f 461/1016/809 469/1027/816 468/1028/817
f 471/1029/818 476/1030/819 475/1031/820
f 467/1010/804 460/1009/803 468/1028/817
f 461/1032/809 462/989/789 470/1033/821
f 467/1034/804 472/1035/822 473/1026/815
f 463/988/788 471/1036/818 470/1033/821
f 476/1030/819 479/1037/823 478/1038/824
f 470/1033/821 471/1036/818 482/1039/825
f 468/1028/817 475/1031/820 474/1040/826
f 489/1041/827 490/1042/828 492/1043/829
f 485/1044/830 483/1045/831 484/1046/832
f 492/1043/829 490/1042/828 491/1047/833
f 475/1031/820 478/1038/824 477/1048/834
f 476/1049/819 474/1050/826 477/1051/834
f 489/1041/827 486/1052/814 490/1042/828
f 469/1027/816 481/1053/835 480/1054/836
f 470/1033/821 482/1039/825 481/1055/835
f 473/1026/815 472/1035/822 474/1050/826
f 480/1054/836 481/1053/835 484/1046/832
f 471/1036/818 473/1026/815 476/1049/819
f 482/1039/825 485/1056/830 484/1057/832
f 464/1015/808 465/1014/807 486/1052/814
f 464/1015/808 489/1041/827 488/1058/837
f 466/1018/810 467/1010/804 488/1059/837
f 486/1025/814 487/1024/813 491/1060/833
f 488/1059/837 492/1061/829 491/1060/833
f 446/986/786 447/987/787 462/989/789
f 463/988/788 447/987/787 464/1015/808
f 516/1062/838 517/1063/839 508/1064/840
f 510/1065/841 519/1066/842 516/1067/838
f 504/1068/843 513/1069/844 514/904/719
f 527/1070/845 525/1071/846 516/1067/838
f 513/1069/844 522/1072/847 523/1073/848
f 521/1074/849 522/1075/847 513/1076/844
f 506/1077/850 515/905/720 518/1078/851
f 511/1079/852 512/1080/853 503/1081/854
f 509/1082/855 518/1078/851 519/1083/842
f 517/1063/839 511/1079/852 502/1084/856
f 503/1081/854 512/1080/853 513/1076/844
f 526/1085/857 534/1086/858 535/1087/859
f 521/1074/849 550/1088/860 529/1089/861
f 524/1090/862 532/1091/863 534/1086/858
f 531/1092/864 532/1091/863 524/1090/862
f 514/904/719 523/1073/848 524/1090/862
f 524/1090/862 526/1085/857 518/1078/851
f 511/1079/852 521/1074/849 512/1080/853
f 526/1085/857 527/1093/845 519/1083/842
f 531/1092/864 538/1094/865 539/1095/866
f 525/1096/846 528/1097/867 520/1098/868
f 535/1099/859 543/1100/869 540/1101/870
f 537/1102/871 538/1094/865 531/1092/864
f 540/1103/870 547/1104/872 541/1105/873
f 522/1075/847 529/1089/861 530/1106/874
f 530/1107/874 531/1092/864 523/1073/848
f 527/1070/845 535/1099/859 533/1108/875
f 521/1074/849 529/1089/861 522/1075/847
f 517/1063/839 520/1098/868 511/1079/852
f 543/1100/869 549/1109/876 547/1110/872
f 544/1111/877 545/1112/878 538/1094/865
f 532/1091/863 539/1095/866 542/1113/879
f 542/1113/879 543/1114/869 535/1087/859
f 533/1115/875 540/1103/870 528/1097/867
f 538/1094/865 545/1112/878 546/1116/880
f 539/1095/866 546/1116/880 548/1117/881
f 549/1109/876 544/1118/877 547/1110/872
f 542/1113/879 548/1117/881 549/1119/876
f 310/964/765 307/1120/769 312/1121/773
f 529/1089/861 528/1097/867 541/1105/873
f 533/1115/875 528/1097/867 525/1096/846
f 536/1122/882 544/1123/877 537/1124/871
f 529/1089/861 537/1124/871 530/1106/874
f 544/1123/877 536/1122/882 541/1105/873
f 544/1111/877 549/1119/876 548/1117/881
f 520/1098/868 521/1074/849 511/1079/852
f 525/1096/846 520/1098/868 517/1063/839
f 520/1098/868 550/1088/860 521/1074/849
f 528/1097/867 550/1088/860 520/1098/868
f 248/890/706 504/1068/843 505/903/718
f 787/1125/883 509/1082/855 510/1126/841
f 259/900/715 508/1064/840 502/1084/856
f 249/883/701 503/1081/854 504/1127/843
f 505/903/718 506/1077/850 788/1128/884
f 257/1129/727 510/1065/841 507/1130/885
f 786/1131/886 502/1084/856 503/1081/854
f 260/902/717 507/1132/885 508/1064/840
f 788/1128/884 506/1077/850 509/1082/855
f 1007/1133/887 1006/1134/888 802/1135/889
f 1006/1134/888 1009/1136/890 805/1137/891
f 1009/1136/890 1011/1138/892 808/1139/893
f 808/1139/893 1011/1138/892 1013/1140/894
f 811/1141/895 1013/1140/894 1015/1142/896
f 814/1143/897 1015/1142/896 1017/1144/898
f 1017/1144/898 1019/1145/899 820/1146/900
f 1019/1145/899 1021/1147/901 823/1148/902
f 1021/1147/901 1023/1149/903 826/1150/904
f 826/1150/904 1023/1149/903 1025/1151/905
f 832/1152/906 680/1153/907 1007/1154/887
f 829/1155/908 1025/1151/905 680/1153/907
f 443/1022/812 63/749/595 438/1156/782
f 433/1157/785 455/1004/800 442/1158/909
f 440/983/783 65/745/592 795/1159/910
f 62/747/589 64/746/593 440/983/783
f 61/743/590 62/742/589 438/1156/782
f 67/1160/911 430/976/776 783/1161/912
f 65/745/592 430/976/776 796/975/775
f 441/990/790 429/995/795 444/1008/802
f 798/1162/913 434/980/780 432/979/779
f 797/977/777 430/976/776 67/1160/911
f 688/1163/914 687/1164/915 685/1165/916
f 684/835/662 688/1163/914 686/1166/917
f 684/835/662 689/1167/918 688/1163/914
f 692/822/654 691/821/653 690/1168/919
f 686/1169/917 685/1170/916 690/1168/919
f 691/821/653 683/1171/920 686/1169/917
f 681/1172/921 702/1173/922 695/837/664
f 128/1174/923 700/1175/924 697/1176/925
f 696/1177/926 701/1178/927 693/1179/928
f 708/1180/929 711/1181/930 736/1182/931
f 695/837/664 702/1173/922 700/1175/924
f 693/1179/928 701/1178/927 698/1183/932
f 697/1184/925 696/1177/926 127/824/656
f 698/1183/932 699/1185/933 682/1186/934
f 697/1184/925 709/1187/935 708/1180/929
f 703/1188/936 704/1189/937 123/1190/938
f 702/1173/922 707/1191/939 710/1192/940
f 706/1193/941 707/1191/939 702/1173/922
f 704/1194/937 706/1193/941 681/1172/921
f 743/1195/942 705/1196/943 703/1188/936
f 711/1181/930 705/1196/943 743/1195/942
f 683/1197/920 126/836/663 684/835/662
f 699/1185/933 123/1190/938 683/1171/920
f 123/1198/938 681/1172/921 126/836/663
f 685/1165/916 687/1164/915 712/1199/944
f 685/1170/916 712/1200/944 690/1168/919
f 792/1201/945 793/1202/946 714/1203/947
f 738/1204/948 739/1205/949 718/1206/950
f 740/1207/951 741/1208/952 724/1209/953
f 701/1178/927 736/1182/931 743/1195/942
f 715/1210/954 729/1211/955 730/1212/956
f 731/1213/957 746/1214/958 747/1215/959
f 734/1216/960 735/1217/961 725/1218/962
f 733/1219/963 734/1216/960 723/1220/964
f 713/1221/965 728/1222/966 729/1223/955
f 717/1224/967 730/1212/956 731/1213/957
f 706/1193/941 724/1209/953 707/1191/939
f 714/1203/947 784/1225/968 710/1192/940
f 725/1218/962 742/1226/969 741/1208/952
f 723/1220/964 741/1208/952 740/1207/951
f 715/1210/954 717/1224/967 739/1205/949
f 713/1221/965 715/1227/954 738/1228/948
f 708/1180/929 718/1206/950 711/1181/930
f 696/1177/926 708/1180/929 736/1182/931
f 698/1183/932 743/1195/942 703/1188/936
f 735/1217/961 751/1229/970 744/1230/971
f 734/1216/960 750/1231/972 751/1229/970
f 731/1213/957 732/1232/973 720/1233/974
f 748/1234/975 749/1235/976 733/1236/963
f 744/1230/971 745/1237/977 729/1223/955
f 739/1205/949 726/1238/978 711/1181/930
f 729/1211/955 745/1239/977 746/1214/958
f 713/1221/965 737/1240/979 742/1226/969
f 749/1241/976 750/1231/972 734/1216/960
f 732/1232/973 733/1236/963 721/1242/980
f 720/1233/974 721/1242/980 740/1243/951
f 731/1213/957 748/1234/975 732/1232/973
f 774/1244/981 775/1245/982 750/1231/972
f 747/1215/959 755/1246/983 757/1247/984
f 752/1248/985 753/1249/986 745/1237/977
f 759/1250/987 760/1251/988 755/1252/983
f 755/1252/983 769/1253/989 766/1254/990
f 751/1229/970 756/1255/991 752/1248/985
f 745/1239/977 753/1256/986 754/1257/992
f 757/1247/984 756/1258/991 751/1259/970
f 754/1257/992 755/1246/983 747/1215/959
f 759/1250/987 763/1260/993 764/1261/994
f 760/1262/988 761/1263/995 757/1247/984
f 757/1247/984 761/1263/995 758/1264/996
f 756/1255/991 758/1265/996 759/1250/987
f 764/1261/994 763/1260/993 762/1266/997
f 760/1262/988 764/1267/994 765/1268/998
f 765/1268/998 762/1269/997 758/1264/996
f 762/1266/997 763/1260/993 759/1250/987
f 772/1270/999 773/1271/1000 769/1272/989
f 754/1257/992 768/1273/1001 769/1272/989
f 766/1254/990 767/1274/1002 753/1249/986
f 767/1275/1002 768/1273/1001 754/1257/992
f 772/1276/999 771/1277/1003 770/1278/1004
f 766/1254/990 770/1278/1004 771/1277/1003
f 773/1279/1000 770/1278/1004 766/1254/990
f 767/1275/1002 771/1280/1003 772/1270/999
f 777/1281/1005 781/1282/1006 778/1283/1007
f 748/1234/975 777/1281/1005 774/1284/981
f 776/1285/1008 777/1281/1005 748/1234/975
f 775/1245/982 776/1286/1008 751/1229/970
f 779/1287/1009 778/1283/1007 781/1282/1006
f 778/1288/1007 779/1289/1009 775/1245/982
f 780/1290/1010 781/1282/1006 777/1281/1005
f 779/1289/1009 780/1291/1010 776/1286/1008
f 730/1212/956 746/1214/958 731/1213/957
f 747/1215/959 748/1234/975 731/1213/957
f 727/1292/1011 740/1243/951 722/1293/1012
f 717/1224/967 719/1294/1013 726/1238/978
f 724/1209/953 791/1295/1014 707/1191/939
f 704/1194/937 722/1296/1012 724/1209/953
f 703/1188/936 705/1196/943 722/1293/1012
f 784/1225/968 714/1203/947 709/1297/935
f 792/1201/945 714/1203/947 707/1191/939
f 725/1218/962 735/1217/961 728/1222/966
f 794/1298/1015 716/1299/1016 718/1206/950
f 709/1297/935 714/1203/947 793/1202/946
f 684/835/662 695/837/664 128/1174/923
f 128/1174/923 124/1300/655 106/1301/641
f 689/1167/918 684/835/662 107/1302/643
f 116/820/646 683/1171/920 691/821/653
f 689/1167/918 125/1303/649 687/1164/915
f 694/1304/1017 682/1186/934 116/820/646
f 116/820/646 682/1186/934 683/1171/920
f 690/1168/919 712/1200/944 129/1305/587
f 689/1167/918 107/1302/643 125/1303/649
f 692/822/654 690/1168/919 129/1305/587
f 135/1306/652 136/1307/661 712/1199/944
f 125/1303/649 135/1306/652 687/1164/915
f 712/1200/944 136/1308/661 129/1305/587
f 112/1309/586 692/822/654 129/1305/587
f 115/1310/644 693/1179/928 694/1304/1017
f 118/825/631 127/824/656 693/1179/928
f 77/752/596 26/774/613 80/753/597
f 107/807/643 26/774/613 137/814/650
f 49/715/565 48/723/573 43/725/572
f 49/715/565 33/701/548 50/708/558
f 112/1309/586 116/820/646 692/822/654
f 691/821/653 686/1169/917 690/1168/919
f 147/868/628 782/1311/678 146/864/685
f 307/1312/769 310/959/765 304/958/764
f 58/734/582 55/728/576 783/1161/912
f 700/1175/924 710/1192/940 784/1225/968
f 479/1037/823 477/1048/834 478/1038/824
f 482/1313/825 480/1054/836 483/1045/831
f 471/1029/818 468/1028/817 480/1054/836
f 250/882/700 786/1131/886 249/883/701
f 720/1233/974 705/1292/943 711/1238/930
f 443/1022/812 436/1021/805 63/1022/595
f 250/882/700 259/900/715 786/1131/886
f 720/1233/974 727/1292/1011 705/1292/943
f 252/888/705 253/895/710 785/899/714
f 726/1238/978 719/1294/1013 711/1238/930
f 261/898/713 785/899/714 265/928/738
f 435/1314/797 442/1158/909 69/1158/581
f 69/1158/581 63/1022/595 436/1021/805
f 788/1128/884 787/1125/883 258/911/726
f 258/911/726 787/1125/883 510/1126/841
f 246/893/708 247/897/712 788/1128/884
f 262/913/728 789/906/721 790/924/736
f 262/913/728 257/912/727 273/907/722
f 268/886/703 255/885/702 790/924/736
f 86/801/636 85/802/638 246/893/708
f 4/679/535 86/801/636 245/894/709
f 256/892/707 3/680/537 245/894/709
f 255/885/702 2/681/538 256/892/707
f 716/1315/1016 794/1316/1015 793/1202/946
f 738/1228/948 793/1202/946 737/1240/979
f 737/1240/979 792/1201/945 791/1295/1014
f 742/1226/969 791/1295/1014 724/1209/953
f 709/1187/935 794/1298/1015 718/1206/950
f 432/1317/779 797/977/777 798/1318/913
f 797/977/777 454/1007/778 453/1006/801
f 795/1159/910 796/975/775 453/1006/801
f 440/983/783 795/1159/910 458/1000/799
f 67/1319/911 66/731/579 434/980/780
f 677/1320/1018 831/1321/1019 834/1322/1020
f 831/1321/1019 830/1323/1021 833/1324/1022
f 830/1323/1021 829/1155/908 832/1152/906
f 679/1325/1023 834/1322/1020 799/1326/1024
f 834/1322/1020 833/1324/1022 800/1327/1025
f 833/1324/1022 832/1152/906 801/1328/1026
f 828/1329/1027 831/1321/1019 677/1320/1018
f 828/1329/1027 827/1330/1028 830/1323/1021
f 826/1150/904 829/1155/908 830/1323/1021
f 673/1331/1029 825/1332/1030 828/1329/1027
f 824/1333/1031 827/1330/1028 828/1329/1027
f 823/1148/902 826/1150/904 827/1330/1028
f 822/1334/1032 825/1332/1030 673/1331/1029
f 821/1335/1033 824/1333/1031 825/1332/1030
f 820/1146/900 823/1148/902 824/1333/1031
f 819/1336/1034 822/1334/1032 671/1337/1035
f 818/1338/1036 821/1335/1033 822/1334/1032
f 817/1339/1037 820/1146/900 821/1335/1033
f 667/1340/1038 816/1341/1039 819/1336/1034
f 816/1341/1039 815/1342/1040 818/1338/1036
f 815/1342/1040 814/1143/897 817/1339/1037
f 665/1343/1041 813/1344/1042 816/1341/1039
f 813/1344/1042 812/1345/1043 815/1342/1040
f 812/1345/1043 811/1141/895 814/1143/897
f 810/1346/1044 813/1344/1042 665/1343/1041
f 810/1346/1044 809/1347/1045 812/1345/1043
f 809/1347/1045 808/1139/893 811/1141/895
f 661/1348/1046 807/1349/1047 810/1346/1044
f 806/1350/1048 809/1347/1045 810/1346/1044
f 806/1350/1048 805/1137/891 808/1139/893
f 804/1351/1049 807/1349/1047 661/1348/1046
f 803/1352/1050 806/1350/1048 807/1349/1047
f 802/1135/889 805/1137/891 806/1350/1048
f 799/1353/1024 804/1351/1049 659/1354/1051
f 800/1355/1025 803/1352/1050 804/1351/1049
f 801/1356/1026 802/1135/889 803/1352/1050
f 6/887/704 5/661/516 8/663/518
f 37/879/697 12/664/519 36/666/521
f 14/674/530 7/662/522 38/668/524
f 93/693/549 151/669/525 155/671/527
f 36/666/521 11/665/520 35/673/529
f 10/677/528 14/674/530 35/675/529
f 1/880/698 9/676/531 836/677/533
f 3/680/537 12/664/519 4/679/535
f 2/681/538 837/665/536 3/680/537
f 1/1357/698 836/672/533 2/681/538
f 9/676/531 8/663/518 835/674/532
f 24/696/545 22/684/541 17/686/543
f 35/675/529 38/668/524 32/691/547
f 37/879/697 36/666/521 25/688/544
f 51/714/564 32/700/547 52/702/555
f 28/717/568 27/703/556 30/698/553
f 22/1358/541 35/704/529 20/706/542
f 31/667/523 30/698/553 34/690/546
f 53/712/562 41/697/552 17/686/543
f 80/753/597 46/709/559 73/711/561
f 18/705/557 35/704/529 51/714/564
f 31/667/523 16/683/567 30/698/553
f 43/721/572 42/718/569 45/720/571
f 40/750/566 43/721/572 41/697/552
f 45/720/571 44/719/570 47/695/551
f 19/713/563 53/712/562 23/727/575
f 58/734/582 17/686/543 55/728/576
f 18/705/557 51/714/564 54/730/578
f 60/726/574 53/712/562 58/734/582
f 59/729/577 51/714/564 56/735/583
f 20/706/542 18/705/557 55/737/576
f 52/702/555 39/736/584 56/735/583
f 67/1319/911 55/737/576 66/731/579
f 57/738/585 21/741/588 61/743/590
f 65/745/592 60/726/574 68/744/591
f 23/727/575 60/726/574 64/746/593
f 21/751/588 23/727/575 62/747/589
f 452/732/580 459/748/594 69/733/581
f 39/736/584 40/716/566 57/738/585
f 40/750/566 19/713/563 21/751/588
f 72/839/665 77/752/596 73/711/561
f 130/783/618 74/754/598 110/756/600
f 73/711/561 78/710/560 74/758/598
f 151/669/525 111/765/606 148/766/607
f 133/811/647 132/767/608 92/769/610
f 44/719/570 70/761/602 78/772/560
f 72/839/665 73/711/561 82/773/612
f 75/755/599 79/775/611 81/762/603
f 110/756/600 75/755/599 111/765/606
f 6/887/704 98/779/614 5/661/516
f 95/846/672 105/781/616 96/782/617
f 140/804/640 130/783/618 89/785/620
f 101/794/630 102/786/621 119/788/623
f 104/797/632 122/789/624 97/780/626
f 159/855/679 147/792/628 157/694/550
f 110/756/600 111/765/606 88/793/629
f 100/803/1052 101/794/630 118/795/631
f 100/800/1052 118/796/631 104/797/632
f 841/797/639 99/798/633 842/800/635
f 86/801/636 4/679/535 102/786/621
f 85/802/638 86/801/636 843/794/637
f 84/889/634 85/802/638 842/803/635
f 840/780/615 98/779/614 841/797/639
f 82/1359/612 74/754/598 140/804/640
f 117/809/645 122/789/624 115/808/644
f 106/805/641 119/788/623 108/806/642
f 138/826/657 133/811/647 105/781/616
f 28/717/568 113/812/648 27/703/556
f 114/790/625 117/809/645 113/812/648
f 135/819/652 125/813/649 131/815/651
f 72/839/665 82/773/612 131/815/651
f 131/815/651 132/817/608 135/819/652
f 106/1360/641 124/823/655 118/825/631
f 96/782/617 92/769/610 90/829/660
f 91/768/609 132/767/608 140/831/640
f 28/717/568 16/683/567 113/812/648
f 129/834/587 136/833/661 138/826/657
f 130/783/618 110/756/600 87/784/619
f 90/829/660 91/768/609 89/838/620
f 137/814/650 77/752/596 131/815/651
f 138/826/657 105/781/616 154/827/658
f 121/871/680 144/841/667 156/843/669
f 87/784/619 88/793/629 142/845/671
f 121/856/680 95/846/672 109/847/673
f 89/785/620 87/784/619 103/848/674
f 88/793/629 93/693/549 141/844/670
f 134/851/675 90/829/660 103/850/674
f 109/847/673 96/782/617 134/851/675
f 103/848/674 142/845/671 143/853/677
f 160/842/668 144/841/667 782/854/678
f 782/854/678 147/792/628 159/855/679
f 144/862/667 121/856/680 145/857/681
f 145/857/681 109/847/673 94/859/683
f 94/859/683 134/851/675 143/860/677
f 142/845/671 141/844/670 150/852/676
f 148/766/607 83/764/605 167/867/687
f 141/844/670 139/849/627 149/861/684
f 163/870/689 153/840/666 155/671/527
f 166/877/695 161/828/659 168/875/693
f 165/866/686 83/764/605 166/877/695
f 243/876/694 244/878/696 166/877/695
f 26/774/613 13/678/534 37/879/697
f 102/786/621 13/678/534 120/787/622
f 170/874/692 169/873/691 243/876/694
f 253/895/710 9/676/531 254/881/699
f 99/798/633 98/779/614 249/883/701
f 267/922/724 254/884/699 268/886/703
f 251/896/711 6/887/704 252/888/705
f 247/897/712 85/802/638 248/890/706
f 1/1357/698 2/681/538 254/884/699
f 84/799/634 99/798/633 248/891/706
f 252/888/705 8/663/518 253/895/710
f 98/779/614 6/887/704 250/882/700
f 506/1077/850 505/903/718 515/905/720
f 266/927/737 253/895/710 267/909/724
f 263/901/716 251/896/711 261/898/713
f 250/882/700 251/896/711 259/900/715
f 256/892/707 245/894/709 262/913/728
f 264/910/725 245/894/709 258/911/726
f 277/923/735 268/886/703 278/915/730
f 270/1361/734 271/916/731 279/918/733
f 282/1362/748 273/919/722 279/921/733
f 276/931/741 267/922/724 277/923/735
f 273/919/722 257/925/727 270/920/734
f 253/895/710 266/927/737 785/899/714
f 270/1361/734 260/902/717 271/916/731
f 269/914/729 790/924/736 272/908/723
f 282/1362/748 279/921/733 290/930/740
f 285/1363/743 276/931/741 286/932/742
f 275/937/746 276/933/741 284/935/744
f 278/915/730 269/914/729 281/936/745
f 265/928/738 266/927/737 274/938/747
f 281/936/745 272/908/723 282/939/748
f 271/916/731 265/928/738 280/917/732
f 275/937/746 266/927/737 276/933/741
f 297/946/754 289/940/749 298/942/750
f 295/947/755 287/945/753 297/946/754
f 286/932/742 287/945/753 294/948/756
f 286/932/742 277/923/735 287/945/753
f 278/915/730 281/936/745 287/945/753
f 281/936/745 282/939/748 289/940/749
f 301/956/762 294/948/756 302/949/757
f 306/963/767 298/953/750 303/955/761
f 293/962/766 294/948/756 300/957/763
f 291/952/759 304/958/764 303/960/761
f 285/1363/743 286/932/742 293/962/766
f 298/953/750 290/930/740 296/954/760
f 312/1121/773 306/963/767 310/964/765
f 300/957/763 301/956/762 307/966/769
f 302/949/757 295/947/755 305/967/770
f 297/946/754 298/942/750 305/967/770
f 308/965/768 301/956/762 309/970/771
f 309/970/771 302/949/757 311/971/772
f 311/971/772 305/967/770 312/972/773
f 292/943/751 299/973/774 304/958/764
f 304/958/764 291/952/759 292/943/751
f 307/1312/769 299/973/774 300/974/763
f 312/972/773 307/966/769 311/971/772
f 308/965/768 309/970/771 307/966/769
f 279/918/733 280/917/732 288/950/739
f 455/1004/800 454/978/778 434/980/780
f 457/999/798 456/981/781 440/983/783
f 452/732/580 59/729/577 459/748/594
f 445/1017/796 431/984/784 446/986/786
f 439/993/793 441/990/790 450/992/792
f 437/1364/811 439/993/793 449/994/794
f 444/1008/802 429/995/795 445/997/796
f 446/986/786 433/985/785 447/987/787
f 783/1161/912 430/976/776 68/744/591
f 439/1002/793 457/999/798 441/1001/790
f 437/1365/811 456/981/781 439/1002/793
f 433/1157/785 431/1003/784 455/1004/800
f 431/1366/784 429/1005/795 454/1007/778
f 66/731/579 54/730/578 452/732/580
f 459/748/594 56/735/583 61/743/590
f 467/1010/804 451/991/791 460/1009/803
f 466/1018/810 450/992/792 467/1010/804
f 435/998/797 436/1011/805 447/987/787
f 448/1012/806 449/1013/794 464/1015/808
f 460/1009/803 444/1008/802 461/1016/809
f 442/1158/909 455/1004/800 69/733/581
f 461/1032/809 445/1017/796 462/989/789
f 441/1001/790 458/1000/799 429/1005/795
f 449/994/794 450/992/792 465/1019/807
f 436/1011/805 437/1020/811 448/1012/806
f 437/1367/811 436/1021/805 456/1023/781
f 465/1019/807 466/1018/810 486/1025/814
f 471/1036/818 463/988/788 473/1026/815
f 460/1009/803 461/1016/809 468/1028/817
f 468/1028/817 471/1029/818 475/1031/820
f 472/1368/822 467/1010/804 468/1028/817
f 469/1369/816 461/1032/809 470/1033/821
f 464/1015/808 467/1034/804 473/1026/815
f 462/989/789 463/988/788 470/1033/821
f 475/1031/820 476/1030/819 478/1038/824
f 472/1368/822 468/1028/817 474/1040/826
f 488/1058/837 489/1041/827 492/1043/829
f 474/1040/826 475/1031/820 477/1048/834
f 479/1370/823 476/1049/819 477/1051/834
f 468/1028/817 469/1027/816 480/1054/836
f 469/1369/816 470/1033/821 481/1055/835
f 476/1049/819 473/1026/815 474/1050/826
f 483/1045/831 480/1054/836 484/1046/832
f 481/1055/835 482/1039/825 484/1057/832
f 489/1041/827 464/1015/808 486/1052/814
f 467/1034/804 464/1015/808 488/1058/837
f 487/1024/813 466/1018/810 488/1059/837
f 490/1371/828 486/1025/814 491/1060/833
f 487/1024/813 488/1059/837 491/1060/833
f 507/1132/885 516/1062/838 508/1064/840
f 507/1130/885 510/1065/841 516/1067/838
f 505/903/718 504/1068/843 514/904/719
f 519/1066/842 527/1070/845 516/1067/838
f 514/904/719 513/1069/844 523/1073/848
f 512/1080/853 521/1074/849 513/1076/844
f 509/1082/855 506/1077/850 518/1078/851
f 502/1084/856 511/1079/852 503/1081/854
f 510/1126/841 509/1082/855 519/1083/842
f 508/1064/840 517/1063/839 502/1084/856
f 504/1127/843 503/1081/854 513/1076/844
f 527/1093/845 526/1085/857 535/1087/859
f 526/1085/857 524/1090/862 534/1086/858
f 523/1073/848 531/1092/864 524/1090/862
f 515/905/720 514/904/719 524/1090/862
f 515/905/720 524/1090/862 518/1078/851
f 518/1078/851 526/1085/857 519/1083/842
f 532/1091/863 531/1092/864 539/1095/866
f 533/1108/875 535/1099/859 540/1101/870
f 530/1107/874 537/1102/871 531/1092/864
f 528/1097/867 540/1103/870 541/1105/873
f 522/1072/847 530/1107/874 523/1073/848
f 525/1071/846 527/1070/845 533/1108/875
f 540/1101/870 543/1100/869 547/1110/872
f 537/1102/871 544/1111/877 538/1094/865
f 534/1086/858 532/1091/863 542/1113/879
f 534/1086/858 542/1113/879 535/1087/859
f 539/1095/866 538/1094/865 546/1116/880
f 542/1113/879 539/1095/866 548/1117/881
f 543/1114/869 542/1113/879 549/1119/876
f 541/1105/873 536/1122/882 529/1089/861
f 529/1089/861 550/1088/860 528/1097/867
f 529/1089/861 536/1122/882 537/1124/871
f 547/1104/872 544/1123/877 541/1105/873
f 548/1117/881 546/1116/880 544/1111/877
f 545/1112/878 544/1111/877 546/1116/880
f 516/1062/838 525/1096/846 517/1063/839
f 247/897/712 248/890/706 505/903/718
f 786/1131/886 259/900/715 502/1084/856
f 248/891/706 249/883/701 504/1127/843
f 247/897/712 505/903/718 788/1128/884
f 260/1372/717 257/1129/727 507/1130/885
f 249/883/701 786/1131/886 503/1081/854
f 259/900/715 260/902/717 508/1064/840
f 787/1125/883 788/1128/884 509/1082/855
f 801/1356/1026 1007/1133/887 802/1135/889
f 802/1135/889 1006/1134/888 805/1137/891
f 805/1137/891 1009/1136/890 808/1139/893
f 811/1141/895 808/1139/893 1013/1140/894
f 814/1143/897 811/1141/895 1015/1142/896
f 817/1339/1037 814/1143/897 1017/1144/898
f 817/1339/1037 1017/1144/898 820/1146/900
f 820/1146/900 1019/1145/899 823/1148/902
f 823/1148/902 1021/1147/901 826/1150/904
f 829/1155/908 826/1150/904 1025/1151/905
f 801/1328/1026 832/1152/906 1007/1154/887
f 832/1152/906 829/1155/908 680/1153/907
f 456/1023/781 443/1022/812 438/1156/782
f 435/1314/797 433/1157/785 442/1158/909
f 438/982/782 62/747/589 440/983/783
f 63/749/595 61/743/590 438/1156/782
f 55/728/576 67/1160/911 783/1161/912
f 795/1159/910 65/745/592 796/975/775
f 451/991/791 441/990/790 444/1008/802
f 798/1318/913 797/977/777 67/1160/911
f 686/1166/917 688/1163/914 685/1165/916
f 683/1197/920 684/835/662 686/1166/917
f 126/836/663 681/1172/921 695/837/664
f 124/1300/655 128/1174/923 697/1176/925
f 127/824/656 696/1177/926 693/1179/928
f 128/1174/923 695/837/664 700/1175/924
f 694/1304/1017 693/1179/928 698/1183/932
f 124/823/655 697/1184/925 127/824/656
f 694/1304/1017 698/1183/932 682/1186/934
f 696/1177/926 697/1184/925 708/1180/929
f 699/1185/933 703/1188/936 123/1190/938
f 700/1175/924 702/1173/922 710/1192/940
f 681/1172/921 706/1193/941 702/1173/922
f 123/1198/938 704/1194/937 681/1172/921
f 736/1182/931 711/1181/930 743/1195/942
f 682/1186/934 699/1185/933 683/1171/920
f 683/1197/920 123/1198/938 126/836/663
f 716/1299/1016 738/1204/948 718/1206/950
f 722/1296/1012 740/1207/951 724/1209/953
f 698/1183/932 701/1178/927 743/1195/942
f 717/1224/967 715/1210/954 730/1212/956
f 723/1220/964 734/1216/960 725/1218/962
f 721/1373/980 733/1219/963 723/1220/964
f 715/1227/954 713/1221/965 729/1223/955
f 719/1294/1013 717/1224/967 731/1213/957
f 707/1191/939 714/1203/947 710/1192/940
f 723/1220/964 725/1218/962 741/1208/952
f 721/1373/980 723/1220/964 740/1207/951
f 738/1204/948 715/1210/954 739/1205/949
f 737/1240/979 713/1221/965 738/1228/948
f 701/1178/927 696/1177/926 736/1182/931
f 699/1185/933 698/1183/932 703/1188/936
f 728/1222/966 735/1217/961 744/1230/971
f 735/1217/961 734/1216/960 751/1229/970
f 719/1294/1013 731/1213/957 720/1233/974
f 732/1232/973 748/1234/975 733/1236/963
f 728/1222/966 744/1230/971 729/1223/955
f 718/1206/950 739/1205/949 711/1181/930
f 730/1212/956 729/1211/955 746/1214/958
f 725/1218/962 713/1221/965 742/1226/969
f 733/1219/963 749/1241/976 734/1216/960
f 720/1233/974 732/1232/973 721/1242/980
f 727/1292/1011 720/1233/974 740/1243/951
f 749/1241/976 774/1244/981 750/1231/972
f 748/1234/975 747/1215/959 757/1247/984
f 744/1230/971 752/1248/985 745/1237/977
f 752/1248/985 759/1250/987 755/1252/983
f 752/1248/985 755/1252/983 766/1254/990
f 744/1230/971 751/1229/970 752/1248/985
f 746/1214/958 745/1239/977 754/1257/992
f 748/1234/975 757/1247/984 751/1259/970
f 746/1214/958 754/1257/992 747/1215/959
f 760/1251/988 759/1250/987 764/1261/994
f 755/1246/983 760/1262/988 757/1247/984
f 756/1258/991 757/1247/984 758/1264/996
f 752/1248/985 756/1255/991 759/1250/987
f 765/1374/998 764/1261/994 762/1266/997
f 761/1263/995 760/1262/988 765/1268/998
f 761/1263/995 765/1268/998 758/1264/996
f 758/1265/996 762/1266/997 759/1250/987
f 768/1273/1001 772/1270/999 769/1272/989
f 755/1246/983 754/1257/992 769/1272/989
f 752/1248/985 766/1254/990 753/1249/986
f 753/1256/986 767/1275/1002 754/1257/992
f 773/1279/1000 772/1276/999 770/1278/1004
f 767/1274/1002 766/1254/990 771/1277/1003
f 769/1253/989 773/1279/1000 766/1254/990
f 768/1273/1001 767/1275/1002 772/1270/999
f 774/1284/981 777/1281/1005 778/1283/1007
f 749/1235/976 748/1234/975 774/1284/981
f 751/1259/970 776/1285/1008 748/1234/975
f 750/1231/972 775/1245/982 751/1229/970
f 780/1290/1010 779/1287/1009 781/1282/1006
f 774/1244/981 778/1288/1007 775/1245/982
f 776/1285/1008 780/1290/1010 777/1281/1005
f 775/1245/982 779/1289/1009 776/1286/1008
f 705/1196/943 727/1292/1011 722/1293/1012
f 739/1205/949 717/1224/967 726/1238/978
f 706/1193/941 704/1194/937 724/1209/953
f 704/1189/937 703/1188/936 722/1293/1012
f 697/1176/925 784/1225/968 709/1297/935
f 791/1295/1014 792/1201/945 707/1191/939
f 713/1221/965 725/1218/962 728/1222/966
f 794/1316/1015 709/1297/935 793/1202/946
f 107/1302/643 684/835/662 128/1174/923
f 107/1302/643 128/1174/923 106/1301/641
f 688/1163/914 689/1167/918 687/1164/915
f 687/1164/915 135/1306/652 712/1199/944
f 116/820/646 115/1310/644 694/1304/1017
f 115/1310/644 118/825/631 693/1179/928
f 299/973/774 307/1312/769 304/958/764
f 68/744/591 58/734/582 783/1161/912
f 697/1176/925 700/1175/924 784/1225/968
f 485/1044/830 482/1313/825 483/1045/831
f 482/1313/825 471/1029/818 480/1054/836
f 719/1294/1013 720/1233/974 711/1238/930
f 271/916/731 261/898/713 265/928/738
f 435/1314/797 69/1158/581 436/1021/805
f 246/893/708 788/1128/884 258/911/726
f 257/912/727 258/911/726 510/1126/841
f 256/892/707 262/913/728 790/924/736
f 789/906/721 262/913/728 273/907/722
f 269/914/729 268/886/703 790/924/736
f 792/1201/945 737/1240/979 793/1202/946
f 738/1228/948 716/1315/1016 793/1202/946
f 742/1226/969 737/1240/979 791/1295/1014
f 741/1208/952 742/1226/969 724/1209/953
f 708/1180/929 709/1187/935 718/1206/950
f 454/1007/778 797/977/777 432/1317/779
f 796/975/775 797/977/777 453/1006/801
f 458/1000/799 795/1159/910 453/1006/801
f 457/999/798 440/983/783 458/1000/799
f 798/1162/913 67/1319/911 434/980/780
f 679/1325/1023 677/1320/1018 834/1322/1020
f 834/1322/1020 831/1321/1019 833/1324/1022
f 833/1324/1022 830/1323/1021 832/1152/906
f 657/1375/1053 679/1325/1023 799/1326/1024
f 799/1326/1024 834/1322/1020 800/1327/1025
f 800/1327/1025 833/1324/1022 801/1328/1026
f 675/1376/1054 828/1329/1027 677/1320/1018
f 831/1321/1019 828/1329/1027 830/1323/1021
f 827/1330/1028 826/1150/904 830/1323/1021
f 675/1376/1054 673/1331/1029 828/1329/1027
f 825/1332/1030 824/1333/1031 828/1329/1027
f 824/1333/1031 823/1148/902 827/1330/1028
f 671/1337/1035 822/1334/1032 673/1331/1029
f 822/1334/1032 821/1335/1033 825/1332/1030
f 821/1335/1033 820/1146/900 824/1333/1031
f 669/1377/1055 819/1336/1034 671/1337/1035
f 819/1336/1034 818/1338/1036 822/1334/1032
f 818/1338/1036 817/1339/1037 821/1335/1033
f 669/1377/1055 667/1340/1038 819/1336/1034
f 819/1336/1034 816/1341/1039 818/1338/1036
f 818/1338/1036 815/1342/1040 817/1339/1037
f 667/1340/1038 665/1343/1041 816/1341/1039
f 816/1341/1039 813/1344/1042 815/1342/1040
f 815/1342/1040 812/1345/1043 814/1143/897
f 663/1378/1056 810/1346/1044 665/1343/1041
f 813/1344/1042 810/1346/1044 812/1345/1043
f 812/1345/1043 809/1347/1045 811/1141/895
f 663/1378/1056 661/1348/1046 810/1346/1044
f 807/1349/1047 806/1350/1048 810/1346/1044
f 809/1347/1045 806/1350/1048 808/1139/893
f 659/1354/1051 804/1351/1049 661/1348/1046
f 804/1351/1049 803/1352/1050 807/1349/1047
f 803/1352/1050 802/1135/889 806/1350/1048
f 657/1379/1053 799/1353/1024 659/1354/1051
f 799/1353/1024 800/1355/1025 804/1351/1049
f 800/1355/1025 801/1356/1026 803/1352/1050
