# Blender v2.76 (sub 0) OBJ File: 'npc_cyborg_drone.blend'
# www.blender.org
v 0.070318 -0.069969 1.592921
v 0.141650 0.030801 1.147672
v 0.168110 -0.115748 1.132211
v 0.107477 -0.175355 1.276968
v 0.186244 -0.117428 1.247355
v 0.073772 0.079759 1.139868
v 0.005546 -0.110956 0.844983
v 0.114138 -0.142503 1.131052
v 0.113487 0.040484 1.604399
v 0.198298 -0.009962 1.248045
v 0.153976 0.104861 1.255790
v 0.060215 0.065244 1.631675
v 0.074153 -0.038924 1.622051
v 0.179759 0.100913 1.018084
v 0.210557 -0.094977 0.975759
v 0.112368 -0.162945 0.974943
v 0.138767 0.138753 0.882293
v 0.176524 -0.050175 0.833599
v 0.228236 0.047995 0.858241
v 0.053872 -0.138098 0.864016
v 0.063342 0.121295 1.286927
v 0.227240 0.008667 0.996727
v 0.029646 0.152516 0.596658
v 0.074763 0.100647 1.592914
v 0.075467 0.023112 1.626864
v 0.203516 0.033834 1.260372
v 0.350225 0.081942 1.294261
v 0.179946 -0.029076 1.146447
v 0.061802 0.130516 1.001358
v 0.037734 0.115282 0.870282
v 0.049083 0.039042 1.696364
v 0.060577 -0.043945 1.671556
v 0.070619 0.011351 1.693562
v 0.014867 0.018359 0.735025
v 0.140529 0.221535 0.790744
v 0.184205 0.000198 0.705359
v 0.231527 0.099922 0.751025
v 0.095317 -0.046417 0.694857
v 0.035354 0.178275 0.780507
v 0.159398 0.268850 0.584519
v 0.175988 0.116918 0.487202
v 0.233376 0.208925 0.538239
v 0.097172 0.081214 0.491245
v 0.053667 0.276466 0.612192
v 0.064431 0.242870 0.518804
v 0.174877 0.278400 0.551386
v 0.161679 0.158167 0.464218
v 0.220476 0.225171 0.519386
v 0.094133 0.152578 0.455521
v 0.101663 0.302269 0.564864
v 0.048628 0.288368 0.493686
v 0.201689 0.326870 0.538314
v 0.179992 0.209439 0.434854
v 0.256101 0.256211 0.490358
v 0.089052 0.206963 0.425189
v 0.104691 0.362703 0.558043
v 0.054423 0.389021 0.376915
v 0.222994 0.454705 0.379974
v 0.172760 0.323933 0.321452
v 0.241046 0.386872 0.342743
v 0.088505 0.312700 0.320857
v 0.125832 0.492479 0.402267
v 0.032970 0.398743 0.352696
v 0.251033 0.454701 0.421144
v 0.180077 0.229409 0.297980
v 0.279499 0.365326 0.345045
v 0.063569 0.218115 0.303185
v 0.123091 0.493553 0.443784
v 0.129677 0.551062 0.141792
v 0.201667 0.592902 0.174322
v 0.221160 0.513773 0.168724
v 0.243397 0.580191 0.145218
v 0.179739 0.492109 0.161471
v 0.145970 0.592865 0.172323
v 0.120436 0.610968 0.074575
v 0.197481 0.643340 0.134937
v 0.227319 0.549974 0.054875
v 0.235127 0.648424 0.092400
v 0.185251 0.524955 0.047576
v 0.140924 0.642811 0.131910
v 0.222034 0.537798 0.293610
v 0.269876 0.462404 0.247394
v 0.125917 0.574330 0.316301
v 0.062240 0.481756 0.263593
v 0.191557 0.404572 0.210684
v 0.097612 0.395290 0.208187
v 0.159827 0.448471 0.092593
v 0.238743 0.460575 0.112309
v 0.266241 0.489930 0.088098
v 0.194035 0.450616 0.108880
v 0.159175 0.472188 0.032174
v 0.239877 0.490307 0.038007
v 0.267310 0.496467 0.039990
v 0.194464 0.480111 0.034724
v 0.187504 0.325675 0.027671
v 0.284260 0.331066 0.029765
v 0.310188 0.390715 0.013909
v 0.243416 0.315662 0.028980
v 0.186170 0.338978 -0.007189
v 0.284331 0.344664 -0.004945
v 0.310640 0.392624 0.009431
v 0.242816 0.330548 -0.009368
v 0.246599 0.105127 1.454377
v 0.250567 -0.044261 1.443273
v 0.262324 0.119143 1.560920
v 0.291369 0.008489 1.572229
v 0.227208 0.108252 1.508277
v 0.231574 0.121791 1.483428
v 0.275492 -0.048395 1.509825
v 0.344713 0.045831 1.190713
v 0.222845 -0.038123 1.194280
v 0.291687 0.062708 1.596712
v 0.256031 0.001175 1.403046
v 0.326352 -0.037974 1.347463
v 0.228677 -0.040482 1.304005
v 0.351167 0.025439 1.321244
v 0.212132 -0.074612 1.052895
v 0.327548 0.034101 1.070387
v 0.281717 -0.060335 1.323624
v 0.277917 0.084728 1.258376
v 0.371541 -0.055933 1.238490
v 0.275231 -0.089570 1.222898
v 0.372078 0.003267 1.211706
v 0.327005 -0.135977 0.858562
v 0.266628 -0.174328 0.853076
v 0.331787 -0.091390 1.228034
v 0.272606 0.020699 1.179158
v 0.380309 -0.125121 1.097154
v 0.274038 -0.145301 1.095315
v 0.374349 -0.040374 1.083260
v 0.340821 -0.149770 1.103473
v 0.252509 0.015406 1.050722
v 0.315565 -0.202598 0.889598
v 0.278424 -0.209965 0.875435
v 0.327110 -0.166894 0.873781
v 0.278527 -0.156507 0.793453
v 0.318684 -0.150325 0.796099
v 0.299142 -0.216267 0.885498
v 0.294043 -0.149193 0.848832
v 0.313532 -0.232375 0.827856
v 0.249771 -0.283266 0.797391
v 0.322743 -0.190019 0.810753
v 0.272114 -0.195440 0.803699
v 0.268471 -0.231012 0.819783
v 0.276253 -0.218190 0.692177
v 0.255959 -0.217153 0.695455
v 0.237853 -0.277931 0.798421
v 0.268956 -0.249310 0.811968
v 0.267521 -0.247595 0.853755
v 0.291208 -0.247978 0.848429
v 0.278987 -0.258285 0.808145
v 0.276657 -0.281581 0.720741
v 0.259778 -0.292521 0.728896
v 0.263049 -0.262229 0.693655
v 0.241803 -0.256313 0.700587
v 0.246583 -0.287677 0.711842
v 0.258168 -0.288341 0.701242
v 0.265978 -0.299502 0.724730
v 0.282945 -0.255145 0.853460
v 0.277742 -0.255789 0.824727
v 0.257874 -0.243220 0.832969
v 0.262177 -0.247309 0.823126
v 0.243726 -0.283466 0.796989
v 0.248179 -0.267328 0.791554
v 0.239583 -0.273149 0.792165
v 0.237434 -0.267062 0.796893
v 0.244093 -0.274618 0.790739
v 0.239214 -0.262031 0.792775
v 0.273828 -0.188621 0.734501
v 0.266367 -0.228902 0.741838
v 0.281597 -0.280405 0.765649
v 0.298847 -0.260132 0.764660
v 0.309072 -0.230705 0.741836
v 0.300926 -0.186611 0.733643
v 0.272581 -0.273084 0.769330
v 0.267252 -0.262552 0.755855
v 0.191287 0.007364 1.330782
v 0.327806 0.077647 1.412308
v 0.285835 -0.026215 1.394585
v 0.254975 0.097508 1.384718
v 0.216112 -0.051613 1.353413
v 0.215413 0.092618 1.362044
v 0.334459 0.018840 1.415750
v 0.186430 0.083685 1.347548
v 0.229227 -0.166378 0.883021
v 0.314068 -0.223888 0.932271
v 0.264161 -0.216704 0.917139
v 0.354907 -0.151092 0.907204
v 0.282562 -0.123593 0.870752
v 0.340793 -0.114162 0.885415
v 0.350237 -0.196714 0.933671
v 0.278744 0.057149 1.212721
v 0.339489 0.032569 1.243037
v 0.234638 0.005973 1.224604
v 0.292151 -0.057867 1.259767
v 0.321076 -0.043602 1.275315
v 0.254421 -0.043973 1.248443
v 0.336867 -0.005145 1.259214
v 0.113473 -0.175069 1.165981
v 0.183460 -0.119614 1.161379
v 0.197631 -0.033227 1.160562
v 0.155953 0.043618 1.173645
v 0.060772 0.149972 1.243900
v -0.087671 -0.188770 1.393607
v -0.091719 -0.068733 1.591705
v -0.151997 0.004965 1.144475
v -0.137762 -0.135372 1.143867
v -0.137612 0.131155 1.443237
v -0.052414 -0.199059 1.297604
v 0.027197 -0.181843 1.336134
v -0.147695 -0.161474 1.264699
v -0.100708 0.060243 1.136965
v -0.197091 0.085611 1.399412
v -0.173317 -0.138001 1.393399
v -0.223695 0.057007 1.574742
v -0.211553 -0.103173 1.580280
v -0.188165 0.103561 1.455682
v -0.003691 -0.140213 0.862662
v -0.177782 -0.146349 1.420437
v -0.140480 0.129411 1.393656
v -0.077980 -0.153998 1.140402
v -0.194373 0.088101 1.531762
v -0.192836 -0.130444 1.528837
v -0.175310 -0.008148 1.611152
v 0.020732 -0.168365 1.131377
v -0.189909 -0.081382 1.251493
v -0.014111 0.070182 1.141917
v -0.179018 0.022412 1.251952
v 0.023788 -0.149200 1.522404
v -0.022383 0.141534 1.527844
v 0.028511 -0.182162 1.427194
v -0.022616 0.147550 1.441423
v -0.005851 0.081959 1.630754
v 0.006211 -0.074168 1.617643
v -0.074351 0.047847 1.632211
v -0.061393 -0.056464 1.622597
v 0.011434 -0.090009 1.589730
v -0.014666 0.117937 1.591923
v 0.025667 -0.166477 1.416253
v -0.023319 0.151232 1.392000
v -0.199172 0.069256 0.975919
v -0.198533 -0.115001 1.029216
v -0.001047 -0.096235 0.857577
v -0.091254 -0.175632 1.004636
v 0.009212 -0.181624 0.977388
v -0.010053 0.119961 1.003719
v -0.159543 -0.046805 0.836936
v -0.168452 -0.198740 0.941899
v -0.233674 -0.134389 0.898086
v -0.042615 -0.188379 0.914936
v 0.004208 -0.160312 0.876406
v -0.008555 0.043314 0.872977
v -0.102610 0.116552 1.287282
v -0.231862 -0.021967 1.000104
v -0.043014 -0.323742 0.671889
v -0.156051 0.061697 1.594494
v -0.102717 -0.197338 1.413081
v -0.106227 -0.178424 1.522589
v -0.078147 0.001170 1.627618
v -0.229981 -0.010064 1.248246
v -0.379539 0.001592 1.287177
v -0.131894 0.127334 1.518560
v -0.243890 -0.024094 1.611519
v -0.214856 -0.030118 1.374986
v -0.172454 -0.055684 1.148918
v -0.086287 0.115225 0.981603
v -0.024816 0.138150 1.317026
v -0.061501 0.006857 0.831935
v -0.003486 0.062930 1.712072
v 0.002683 -0.068333 1.654782
v -0.054220 0.035703 1.695932
v -0.058330 -0.048311 1.671749
v -0.005502 0.110534 1.784637
v -0.073459 0.006327 1.693192
v -0.021438 -0.220127 0.806704
v -0.172038 -0.104833 0.728661
v -0.181036 -0.315093 0.851210
v -0.243609 -0.218555 0.807113
v -0.087575 -0.333258 0.860376
v -0.063340 -0.116407 0.741753
v -0.193478 -0.285422 0.604650
v -0.164299 -0.463737 0.623448
v -0.254829 -0.386063 0.624801
v -0.092521 -0.469725 0.652821
v -0.087547 -0.243673 0.600859
v -0.084126 -0.327426 0.582243
v -0.204657 -0.298949 0.586767
v -0.159948 -0.443202 0.585945
v -0.238747 -0.367225 0.595637
v -0.092826 -0.442969 0.584823
v -0.135472 -0.260093 0.580333
v -0.070095 -0.306185 0.538988
v -0.233254 -0.271883 0.551280
v -0.181100 -0.428582 0.535535
v -0.271008 -0.366987 0.553232
v -0.089636 -0.420447 0.529934
v -0.144257 -0.215579 0.545511
v -0.085421 -0.313176 0.392428
v -0.263682 -0.288295 0.358167
v -0.191243 -0.422216 0.393086
v -0.263984 -0.369961 0.349495
v -0.102604 -0.417441 0.390764
v -0.173842 -0.227408 0.355043
v -0.066827 -0.320425 0.363234
v -0.292219 -0.265045 0.378481
v -0.181286 -0.508206 0.416825
v -0.296151 -0.389651 0.363137
v -0.067356 -0.495111 0.420396
v -0.177920 -0.200346 0.380006
v -0.145359 -0.365808 0.118976
v -0.227444 -0.324152 0.128368
v -0.234986 -0.400162 0.158059
v -0.264735 -0.357100 0.111055
v -0.189183 -0.416396 0.159468
v -0.170973 -0.316265 0.126683
v -0.138519 -0.346714 0.035036
v -0.225409 -0.304049 0.071656
v -0.235620 -0.427416 0.042129
v -0.260232 -0.331068 0.033294
v -0.189109 -0.444200 0.044017
v -0.168059 -0.296058 0.069878
v -0.256818 -0.291515 0.243020
v -0.292445 -0.386638 0.249687
v -0.166808 -0.232548 0.243881
v -0.083631 -0.324154 0.251402
v -0.202309 -0.438875 0.252880
v -0.106555 -0.431731 0.255838
v -0.155706 -0.485553 0.112276
v -0.239122 -0.478081 0.126187
v -0.268905 -0.467963 0.093653
v -0.192159 -0.481362 0.126452
v -0.153530 -0.493534 0.048863
v -0.238289 -0.487654 0.048009
v -0.267101 -0.485655 0.047719
v -0.190594 -0.490963 0.048490
v -0.158874 -0.631041 0.098920
v -0.257566 -0.640948 0.099476
v -0.291983 -0.599694 0.063340
v -0.213947 -0.648452 0.104164
v -0.156959 -0.635922 0.062469
v -0.257128 -0.645720 0.063061
v -0.292285 -0.600216 0.058588
v -0.212668 -0.653715 0.063978
v -0.209224 0.037348 1.444476
v -0.215969 -0.092107 1.461764
v -0.291731 0.048787 1.566015
v -0.278912 -0.121114 1.568395
v -0.218086 0.060596 1.477423
v -0.195966 -0.125557 1.460134
v -0.240863 0.047501 1.487767
v -0.223972 -0.124310 1.513442
v -0.388933 -0.006701 1.208437
v -0.241309 -0.043467 1.178793
v -0.303933 -0.028325 1.613547
v -0.223674 -0.031437 1.470936
v -0.321069 -0.109153 1.329589
v -0.236967 -0.084876 1.284939
v -0.363988 -0.055953 1.308766
v -0.267201 -0.039344 1.032222
v -0.407627 0.005089 1.090307
v -0.277879 -0.116103 1.303006
v -0.303131 0.018769 1.254544
v -0.363589 -0.123944 1.239161
v -0.267733 -0.118774 1.204331
v -0.390873 -0.064767 1.224707
v -0.403825 -0.084574 0.851495
v -0.341756 -0.114663 0.832498
v -0.319595 -0.140911 1.216427
v -0.316909 -0.000352 1.182480
v -0.382818 -0.164207 1.091550
v -0.280977 -0.136128 1.067769
v -0.415224 -0.083919 1.094911
v -0.335841 -0.170335 1.085782
v -0.339284 0.023837 1.055899
v -0.387067 -0.156508 0.861034
v -0.349257 -0.155711 0.843438
v -0.400827 -0.116743 0.855971
v -0.371587 -0.074803 0.780269
v -0.409145 -0.078539 0.788963
v -0.367409 -0.167371 0.853081
v -0.372002 -0.089768 0.836289
v -0.383006 -0.164871 0.796785
v -0.339051 -0.210716 0.755903
v -0.403352 -0.121980 0.792678
v -0.355262 -0.112627 0.778391
v -0.343100 -0.149685 0.781804
v -0.316274 -0.086604 0.728659
v -0.303717 -0.082289 0.746483
v -0.327172 -0.206432 0.754891
v -0.346308 -0.164974 0.770242
v -0.331735 -0.173939 0.806276
v -0.354624 -0.180645 0.808533
v -0.355806 -0.173400 0.766430
v -0.326038 -0.157470 0.650748
v -0.314497 -0.167044 0.668228
v -0.333726 -0.137247 0.680997
v -0.324975 -0.130209 0.701446
v -0.300575 -0.151553 0.651429
v -0.302335 -0.149819 0.635861
v -0.312975 -0.172556 0.660047
v -0.343298 -0.185787 0.808124
v -0.353373 -0.171280 0.781672
v -0.331735 -0.161247 0.784988
v -0.338763 -0.163649 0.776485
v -0.333154 -0.211547 0.755363
v -0.339032 -0.196964 0.745782
v -0.330285 -0.202937 0.747294
v -0.327310 -0.196352 0.750092
v -0.335004 -0.204354 0.746663
v -0.330056 -0.192046 0.744535
v -0.004590 0.091948 1.738677
v -0.095183 -0.045656 1.875976
v -0.079371 0.059598 1.739371
v -0.077605 -0.045371 1.709817
v -0.059752 -0.121836 1.855016
v -0.086763 0.003729 1.728353
v 0.004222 -0.129516 1.657407
v -0.029351 -0.106041 1.663280
v 0.004413 -0.138234 1.675963
v -0.045545 -0.119008 1.684029
v -0.080855 0.073894 1.785345
v -0.103484 -0.041277 1.760754
v -0.102724 0.001075 1.758373
v 0.004076 -0.156947 1.748364
v -0.024063 -0.144804 1.755122
v -0.004142 0.057753 1.898510
v -0.000008 -0.060845 1.908297
v -0.057039 0.028468 1.900459
v -0.055010 -0.029774 1.905561
v -0.001731 -0.011354 1.903874
v -0.056028 -0.000519 1.902709
v 0.001694 -0.107880 1.897920
v -0.053528 -0.071301 1.901119
v 0.003760 -0.147206 1.855668
v -0.005098 0.090462 1.853754
v -0.083909 0.058736 1.860025
v -0.099910 0.004737 1.874693
v -0.360201 -0.081052 0.734364
v -0.343818 -0.118211 0.723055
v -0.345735 -0.178917 0.725753
v -0.367852 -0.164312 0.723008
v -0.380476 -0.130670 0.703903
v -0.389526 -0.086121 0.712030
v -0.342469 -0.171402 0.733819
v -0.336154 -0.154579 0.730071
v -0.211797 -0.031954 1.319933
v -0.350210 -0.016663 1.412781
v -0.277280 -0.111700 1.383817
v -0.296538 0.037287 1.378744
v -0.244577 -0.116434 1.357632
v -0.259083 0.047654 1.356241
v -0.333337 -0.084195 1.413912
v -0.216488 -0.105504 1.339674
v -0.231344 0.057826 1.341589
v -0.310128 -0.095779 0.849526
v -0.346311 -0.194699 0.893670
v -0.311429 -0.164048 0.871023
v -0.412980 -0.140559 0.903308
v -0.374933 -0.075993 0.864773
v -0.421162 -0.096249 0.893654
v -0.384241 -0.186075 0.911805
v -0.302325 0.005843 1.223726
v -0.367834 -0.011046 1.247062
v -0.264993 -0.046438 1.223064
v -0.316141 -0.111434 1.254636
v -0.333918 -0.100924 1.273319
v -0.284751 -0.098325 1.244331
v -0.358433 -0.063347 1.261683
v -0.063893 -0.191531 1.172778
v -0.149329 -0.147823 1.170094
v -0.186713 -0.068821 1.163884
v -0.167571 0.008361 1.172060
v -0.109796 0.130601 1.245086
v 0.027964 -0.208687 1.173127
v -0.023696 0.135422 1.246497
v 0.018872 0.151474 1.520792
v 0.110798 -0.175867 1.281321
v 0.040281 -0.200648 1.340127
v 0.197432 -0.121476 1.256628
v 0.204773 -0.009961 1.258137
v 0.161346 0.118667 1.266091
v 0.253371 -0.096639 1.429768
v 0.066945 0.145977 1.297874
v -0.017964 0.165063 1.323363
v 0.080684 0.119853 1.619857
v 0.267478 0.138221 1.586590
v 0.299153 0.071596 1.622874
v 0.298877 0.009020 1.598321
v 0.206590 0.145669 1.426338
v -0.019605 0.170767 1.450493
v 0.234754 0.149917 1.498639
v 0.262088 -0.057043 1.527215
v 0.038293 -0.207018 1.428192
v 0.246947 -0.006117 1.347814
v 0.038408 -0.181119 1.543440
v 0.021886 0.175560 1.538099
v 0.124049 0.044333 1.636192
v 0.080708 -0.082541 1.621598
v 0.281558 -0.013406 1.537374
v 0.324333 0.064297 1.500468
v 0.314992 0.014215 1.520931
v 0.230374 0.025211 1.466009
v 0.245205 -0.010631 1.496111
v 0.252406 0.129444 1.513785
v 0.307570 0.096829 1.505067
v 0.080601 0.012860 1.699892
v 0.073104 -0.045215 1.681111
v 0.008140 -0.086554 1.651273
v 0.058376 0.047448 1.699897
v 0.000719 0.075353 1.717583
v 0.097644 0.039742 1.724564
v 0.085343 -0.042420 1.707519
v 0.058322 -0.124545 1.680725
v -0.000311 0.100933 1.736926
v -0.001277 0.121110 1.784152
v 0.009310 -0.148880 1.672431
v 0.042439 -0.111240 1.659256
v 0.009297 -0.139012 1.653320
v 0.095584 0.089795 1.789388
v 0.075702 -0.130231 1.853379
v 0.060409 -0.072170 1.904183
v 0.101509 -0.041249 1.852906
v -0.332870 -0.080166 1.491845
v 0.007645 -0.162793 1.853141
v 0.056624 0.036102 1.897673
v 0.004716 -0.064830 1.911196
v -0.342586 -0.001412 1.483487
v 0.000461 0.056173 1.909591
v 0.006577 -0.116111 1.898466
v -0.000700 0.093996 1.870655
v 0.095923 0.075348 1.828218
v 0.097098 0.039457 1.853466
v 0.076225 -0.129906 1.724161
v 0.007808 -0.152544 1.733259
v 0.095748 -0.046030 1.724389
v 0.138841 0.040915 1.854725
v 0.139424 0.041241 1.724701
v 0.144820 -0.127796 1.853562
v 0.145261 -0.127563 1.724387
v 0.137713 0.076819 1.828355
v 0.137374 0.091267 1.789525
v 0.138046 0.077023 1.750643
v 0.096256 0.075552 1.750506
v 0.067417 0.100765 1.850800
v 0.073817 0.116685 1.789826
v 0.068316 0.102791 1.747317
v -0.330121 -0.001167 1.477215
v -0.316655 -0.074371 1.484284
v 0.094433 0.032359 1.615607
v 0.064032 -0.123375 1.843190
v 0.065835 -0.174570 1.843095
v 0.092224 -0.122354 1.831824
v 0.094028 -0.173549 1.831729
v 0.099285 -0.122042 1.806099
v 0.101089 -0.173236 1.806004
v 0.079898 -0.122673 1.785388
v 0.081701 -0.173868 1.785293
v 0.048661 -0.123773 1.785286
v 0.050465 -0.174968 1.785191
v 0.029097 -0.124513 1.805869
v 0.030901 -0.175708 1.805774
v 0.035938 -0.124336 1.831639
v 0.037741 -0.175531 1.831544
v 0.003688 -0.144759 1.739074
v -0.099159 -0.051074 1.820213
v -0.101161 -0.002436 1.817054
v -0.042434 -0.117248 1.810461
v -0.114307 -0.005490 1.759024
v -0.060919 -0.115517 1.756677
v -0.128530 0.012248 1.794591
v -0.119943 -0.002879 1.817696
v -0.088351 -0.113181 1.811136
v 0.041674 -0.146512 1.853260
v 0.042337 -0.146093 1.733423
v 0.075976 -0.130062 1.788770
v 0.008478 -0.174501 1.756993
v 0.041567 -0.136256 1.794649
v 0.008629 -0.154223 1.710483
v 0.239745 0.488354 0.354790
v 0.049242 0.425731 0.324593
v 0.192889 0.338542 0.263657
v 0.278610 0.402671 0.305914
v 0.125285 0.520268 0.380836
v 0.087263 0.331951 0.264150
v -0.277809 -0.284078 0.318519
v -0.080093 -0.322535 0.326433
v -0.201609 -0.453014 0.329584
v -0.298123 -0.389382 0.323742
v -0.173996 -0.224109 0.318702
v -0.097766 -0.441006 0.333392
v 0.237275 0.495907 0.231025
v 0.139549 0.554178 0.271329
v 0.133764 0.438363 0.210686
v 0.202434 0.535441 0.260578
v 0.103107 0.498677 0.236547
v 0.191926 0.447627 0.214834
v -0.258369 -0.367742 0.219982
v -0.170865 -0.279912 0.221052
v -0.144910 -0.406672 0.234620
v -0.230850 -0.311872 0.221100
v -0.122164 -0.338596 0.222602
v -0.205105 -0.406099 0.233052
v 0.228008 -0.100953 1.326882
v 0.192669 -0.137813 1.430686
v 0.097650 -0.185531 1.428826
v 0.092038 -0.180842 1.323287
v 0.187868 -0.130020 1.325727
v 0.094785 -0.180574 1.365318
v 0.187699 -0.126449 1.367732
v 0.098600 -0.173284 1.473943
v 0.192488 -0.124566 1.474100
v 0.183233 -0.132739 1.432544
v 0.098854 -0.177852 1.431291
v 0.073731 -0.155111 1.322539
v 0.170085 -0.106994 1.324589
v 0.076321 -0.153674 1.364363
v 0.169848 -0.103139 1.365894
v 0.097445 -0.166650 1.467688
v 0.184336 -0.122587 1.466955
v 0.144948 -0.112819 1.325261
v 0.168334 -0.141803 1.319627
v 0.118437 -0.170155 1.318643
v 0.094603 -0.137964 1.324433
v 0.104281 -0.177975 1.328470
v 0.080414 -0.145771 1.334126
v 0.111098 -0.180157 1.346164
v 0.087436 -0.149302 1.351777
v 0.129182 -0.171868 1.347335
v 0.105550 -0.141086 1.353020
v 0.133628 -0.164919 1.330489
v 0.109956 -0.134066 1.336040
v 0.154876 -0.154162 1.329247
v 0.131358 -0.124396 1.334794
v 0.161331 -0.154079 1.346988
v 0.137864 -0.124580 1.352647
v 0.178606 -0.140559 1.348376
v 0.155247 -0.111743 1.354021
v 0.182917 -0.132850 1.331476
v 0.159557 -0.104062 1.337064
v 0.119775 -0.177430 1.308736
v 0.111988 -0.188018 1.316026
v 0.162523 -0.163751 1.316798
v 0.176913 -0.173607 1.328298
v 0.195185 -0.161268 1.328794
v 0.126775 -0.200410 1.327498
v 0.145825 -0.192981 1.327900
v 0.142935 -0.176931 1.316496
v 0.172015 -0.146050 1.310129
v 0.192153 -0.144192 1.317609
v 0.117997 -0.178218 1.268206
v 0.112283 -0.193080 1.263282
v 0.160540 -0.164209 1.249184
v 0.176413 -0.174501 1.239338
v 0.194013 -0.161195 1.238931
v 0.128666 -0.206744 1.253387
v 0.146723 -0.196350 1.252874
v 0.141701 -0.177539 1.262418
v 0.168330 -0.144515 1.254775
v 0.189017 -0.142679 1.248526
v 0.115886 -0.171625 1.256469
v 0.104139 -0.185430 1.246406
v 0.152086 -0.154536 1.232371
v 0.161372 -0.155574 1.215537
v 0.178873 -0.142592 1.215232
v 0.114084 -0.190799 1.229480
v 0.131757 -0.178890 1.229120
v 0.133009 -0.167916 1.245777
v 0.163686 -0.139877 1.242501
v 0.180261 -0.132619 1.231905
v 0.091515 -0.156835 1.256237
v 0.077117 -0.166800 1.245481
v 0.125285 -0.137391 1.231458
v 0.130045 -0.131249 1.213744
v 0.147588 -0.118868 1.213542
v 0.082785 -0.166541 1.227616
v 0.100424 -0.154738 1.227373
v 0.106032 -0.150062 1.245028
v 0.139536 -0.126574 1.242270
v 0.153416 -0.115741 1.231179
v 0.106177 0.127904 1.762064
v 0.093892 0.145960 1.761562
v 0.087081 0.136030 1.792172
v 0.074068 0.091241 1.811227
v 0.101556 0.122070 1.784947
v 0.075730 0.080199 1.801937
v 0.091970 0.111821 1.770797
v 0.071921 0.082906 1.783856
v 0.087025 0.122953 1.769812
v 0.068229 0.095725 1.783015
v 0.079547 0.136866 1.782542
v 0.059655 0.098637 1.799592
v 0.092841 0.110662 1.761092
v 0.087766 0.121569 1.760829
v 0.072953 0.139875 1.760280
v 0.059173 0.112787 1.729199
v 0.080248 0.117397 1.726246
v 0.057858 0.092564 1.735953
v 0.078183 0.084657 1.737173
v 0.091943 0.100062 1.731172
v 0.028511 0.110767 1.693629
v 0.049752 0.115846 1.693647
v 0.026783 0.089047 1.694958
v 0.046940 0.080708 1.695794
v 0.061150 0.097262 1.694986
v 0.028071 0.127902 1.641604
v 0.048838 0.130616 1.646566
v 0.027125 0.108836 1.633339
v 0.047307 0.099778 1.633191
v 0.060728 0.113230 1.641366
v 0.046312 0.162656 1.601648
v 0.065174 0.165698 1.610341
v 0.047744 0.143177 1.594241
v 0.067493 0.134128 1.598356
v 0.078265 0.148079 1.608307
v 0.040876 0.208281 1.516161
v 0.060736 0.216618 1.517081
v 0.045854 0.190677 1.517947
v 0.064904 0.184780 1.506094
v 0.075584 0.202108 1.510859
v 0.039741 0.195132 1.471393
v 0.059100 0.204175 1.468891
v 0.043917 0.180233 1.493655
v 0.063978 0.177769 1.488743
v 0.074068 0.193515 1.479612
v 0.045851 0.161216 1.466346
v 0.066187 0.167385 1.450367
v 0.047042 0.155441 1.483260
v 0.065934 0.158240 1.479306
v 0.078395 0.166433 1.465788
v -0.213904 0.053064 1.393698
v -0.239628 0.049024 1.428993
v -0.213770 -0.003622 1.364091
v -0.206495 -0.061119 1.458236
v 0.257007 -0.079230 1.469831
v 0.038202 -0.198948 1.469199
v -0.372092 -0.212908 0.481622
v -0.296406 -0.210218 0.846835
v -0.337718 -0.200421 0.475374
v -0.241792 -0.190378 0.836909
v -0.264038 -0.198459 0.840953
v -0.274160 -0.202136 0.842792
v -0.273924 -0.170419 0.842334
v -0.283987 -0.174075 0.844163
v -0.253253 -0.194541 0.838992
v -0.263208 -0.166526 0.840387
v -0.285283 -0.206177 0.844814
v -0.295039 -0.178090 0.846172
v -0.378764 -0.216323 0.497975
v -0.324150 -0.196483 0.488049
v -0.322733 -0.196378 0.494049
v -0.377347 -0.216218 0.503975
v -0.282745 -0.205989 0.855562
v -0.293868 -0.210030 0.857583
v -0.239255 -0.190190 0.847657
v -0.250715 -0.194353 0.849740
v -0.261501 -0.198271 0.851701
v -0.271622 -0.201948 0.853540
v -0.278458 -0.196843 0.864166
v -0.282590 -0.185171 0.864490
v -0.275056 -0.191485 0.866342
v -0.276571 -0.187213 0.866461
v -0.286340 -0.199706 0.865598
v -0.290452 -0.188027 0.865919
v -0.280110 -0.193321 0.867261
v -0.281621 -0.189048 0.867379
v -0.251838 -0.173999 0.858901
v -0.247635 -0.185645 0.858564
v -0.256821 -0.180038 0.862871
v -0.255288 -0.184303 0.862749
v -0.255757 -0.188596 0.860040
v -0.259939 -0.176942 0.860373
v -0.260496 -0.186195 0.863696
v -0.262024 -0.181929 0.863817
v -0.267565 -0.179713 0.861759
v -0.263401 -0.191373 0.861429
v -0.266922 -0.183708 0.864707
v -0.265398 -0.187976 0.864587
v -0.274725 -0.182314 0.863060
v -0.270574 -0.193979 0.862733
v -0.271520 -0.185378 0.865543
v -0.270000 -0.189648 0.865423
v -0.250210 -0.191002 0.801251
v -0.304824 -0.210842 0.811177
v -0.307410 -0.211034 0.800224
v -0.252796 -0.191193 0.790298
v -0.375381 -0.215276 0.500143
v -0.284712 -0.205663 0.840031
v -0.294713 -0.209296 0.841848
v -0.252968 -0.192004 0.801753
v -0.245609 -0.191458 0.832924
v -0.255914 -0.195202 0.834797
v -0.265611 -0.198724 0.836559
v -0.274711 -0.202030 0.838213
v -0.373989 -0.215173 0.506039
v -0.326278 -0.197438 0.491218
v -0.324886 -0.197335 0.497114
v -0.304657 -0.210034 0.799724
v -0.255554 -0.192195 0.790800
v -0.302071 -0.209842 0.810677
v -0.322571 -0.212157 0.736001
v -0.274607 -0.192810 0.697907
v -0.319819 -0.211158 0.735500
v -0.277365 -0.193812 0.698409
v -0.247404 -0.190794 0.813137
v -0.244598 -0.190586 0.825023
v -0.299212 -0.210426 0.834949
v -0.302018 -0.210634 0.823063
v -0.286793 -0.174283 0.832277
v -0.289599 -0.174491 0.820391
v -0.276730 -0.170627 0.830448
v -0.279536 -0.170835 0.818562
v -0.297844 -0.178297 0.834286
v -0.300651 -0.178506 0.822400
v -0.250515 -0.191822 0.812143
v -0.248062 -0.191640 0.822533
v -0.297166 -0.209478 0.831458
v -0.299618 -0.209660 0.821068
v -0.289446 -0.071002 0.823434
v -0.329014 -0.086124 0.842049
v -0.297911 -0.074825 0.836396
v -0.308371 -0.078625 0.838297
v -0.318227 -0.082205 0.840088
v -0.342324 -0.090211 0.833045
v -0.342625 -0.084014 0.736744
v -0.332768 -0.080433 0.734953
v -0.322308 -0.076633 0.733052
v -0.353630 -0.088012 0.738745
v -0.365620 -0.215349 0.553652
v -0.353225 -0.179214 0.550984
v -0.343114 -0.175541 0.549147
v -0.332341 -0.171627 0.547189
v -0.364103 -0.183166 0.552961
v -0.362867 -0.214349 0.553152
v -0.311006 -0.195509 0.543726
v -0.313764 -0.196511 0.544227
v -0.369693 -0.182484 0.512533
v -0.374920 -0.197580 0.492929
v -0.374716 -0.187771 0.501268
v -0.345436 -0.173672 0.508124
v -0.340545 -0.185092 0.486681
v -0.343305 -0.176360 0.495559
v -0.381668 -0.201032 0.508907
v -0.372221 -0.183757 0.518407
v -0.380251 -0.190574 0.514213
v -0.340425 -0.172207 0.512645
v -0.327054 -0.181193 0.498981
v -0.332320 -0.173162 0.505506
v -0.331649 -0.167048 0.710981
v -0.331070 -0.180717 0.692887
v -0.331703 -0.197299 0.720101
v -0.329846 -0.176610 0.704091
v -0.334773 -0.182798 0.708477
v -0.334514 -0.187151 0.707357
v -0.334813 -0.182381 0.713104
v -0.320173 -0.176759 0.690906
v -0.320738 -0.163084 0.708998
v -0.318944 -0.172650 0.702110
v -0.310100 -0.173099 0.689075
v -0.310692 -0.159435 0.707172
v -0.308880 -0.168994 0.700281
v -0.300050 -0.155569 0.705237
v -0.277294 -0.177533 0.710212
v -0.299381 -0.169205 0.687127
v -0.287217 -0.165090 0.704454
v -0.288894 -0.166131 0.700139
v -0.286849 -0.169836 0.698694
v -0.298201 -0.165115 0.698340
v -0.307805 -0.072363 0.745668
v -0.313483 -0.073720 0.735915
v -0.360683 -0.091572 0.755279
v -0.359983 -0.090612 0.744367
v -0.370909 -0.200229 0.554390
v -0.370775 -0.189863 0.554230
v -0.316336 -0.180404 0.544471
v -0.322900 -0.172471 0.545529
v -0.307511 -0.195249 0.558531
v -0.310269 -0.196251 0.559032
v -0.362124 -0.215090 0.568457
v -0.359372 -0.214090 0.567957
v -0.319419 -0.172218 0.560336
v -0.312853 -0.180149 0.559278
v -0.360608 -0.182907 0.567766
v -0.367265 -0.189600 0.569032
v -0.367403 -0.199966 0.569193
v -0.349727 -0.178954 0.565789
v -0.339621 -0.175283 0.563952
v -0.328855 -0.171372 0.561995
v -0.291284 -0.194047 0.627264
v -0.294043 -0.195049 0.627765
v -0.350993 -0.188383 0.637757
v -0.351142 -0.198750 0.637919
v -0.333493 -0.177748 0.634520
v -0.345898 -0.213887 0.637190
v -0.343146 -0.212887 0.636689
v -0.303237 -0.171035 0.629077
v -0.296661 -0.178959 0.628017
v -0.344382 -0.181704 0.636499
v -0.323403 -0.174083 0.632686
v -0.312656 -0.170179 0.630733
v -0.349643 -0.214164 0.621328
v -0.346890 -0.213164 0.620828
v -0.306971 -0.171308 0.613214
v -0.300398 -0.179233 0.612154
v -0.348126 -0.181982 0.620638
v -0.327146 -0.174360 0.616825
v -0.316394 -0.170454 0.614870
v -0.295029 -0.194324 0.611402
v -0.297787 -0.195326 0.611903
v -0.354748 -0.188664 0.621897
v -0.354894 -0.199031 0.622059
v -0.337239 -0.178027 0.618659
v -0.342656 -0.143073 0.631376
v -0.338008 -0.149563 0.640815
v -0.331412 -0.147166 0.639616
v -0.324385 -0.144614 0.638339
v -0.336057 -0.140676 0.630176
v -0.329027 -0.138122 0.628899
v -0.339232 -0.125046 0.672508
v -0.334430 -0.135678 0.676381
v -0.327833 -0.133282 0.675182
v -0.320807 -0.130729 0.673905
v -0.332633 -0.122649 0.671309
v -0.325604 -0.120095 0.670031
v -0.327032 -0.124934 0.723002
v -0.323670 -0.134374 0.722717
v -0.317074 -0.131978 0.721518
v -0.310047 -0.129425 0.720241
v -0.320433 -0.122537 0.721803
v -0.313403 -0.119983 0.720525
v -0.301238 -0.196119 0.847506
v -0.300494 -0.195537 0.851435
v -0.297851 -0.186617 0.859885
v -0.301431 -0.185033 0.847394
v -0.246840 -0.176358 0.837619
v -0.249994 -0.169229 0.851183
v -0.246101 -0.175777 0.841549
v -0.253698 -0.167693 0.838719
v -0.268192 -0.166896 0.819278
v -0.259552 -0.177296 0.783701
v -0.275834 -0.153521 0.808678
v -0.262512 -0.168343 0.801362
v -0.264468 -0.164755 0.803193
v -0.264435 -0.165133 0.798675
v -0.271964 -0.163124 0.810167
v -0.307132 -0.164890 0.814367
v -0.313982 -0.197069 0.793594
v -0.303459 -0.174565 0.815891
v -0.310301 -0.181408 0.811567
v -0.311901 -0.182377 0.807302
v -0.310206 -0.185681 0.810246
v -0.296420 -0.160999 0.812420
v -0.288970 -0.174444 0.823054
v -0.292575 -0.170612 0.813913
v -0.286378 -0.157351 0.810595
v -0.278907 -0.170789 0.821226
v -0.282518 -0.166958 0.812085
v -0.300021 -0.178459 0.825063
v -0.268820 -0.166942 0.816615
v -0.252453 -0.176774 0.813847
v -0.259310 -0.168109 0.814947
v -0.249647 -0.176566 0.825733
v -0.266014 -0.166734 0.828501
v -0.256504 -0.167901 0.826833
v -0.304044 -0.196327 0.835619
v -0.304237 -0.185241 0.835508
v -0.306850 -0.196535 0.823733
v -0.307043 -0.185449 0.823622
v -0.290854 -0.072042 0.831767
v -0.337355 -0.088935 0.840219
v -0.339544 -0.049045 0.847713
v -0.330089 -0.045611 0.845995
v -0.320233 -0.042030 0.844203
v -0.311070 -0.038701 0.842538
v -0.270078 -0.165010 0.814722
v -0.263490 -0.166549 0.802278
v -0.261994 -0.171215 0.791188
v -0.310253 -0.183544 0.810907
v -0.312941 -0.189723 0.800448
v -0.280713 -0.168873 0.816655
v -0.290773 -0.172528 0.818484
v -0.301740 -0.176512 0.820477
v -0.339840 -0.089573 0.836632
v -0.290150 -0.071522 0.827601
v -0.301334 -0.190576 0.847450
v -0.250269 -0.172025 0.838169
v -0.261032 -0.172819 0.792532
v -0.264452 -0.164944 0.800934
v -0.273899 -0.158322 0.809423
v -0.305295 -0.169728 0.815129
v -0.311101 -0.181892 0.809434
v -0.312094 -0.191375 0.801920
v -0.253075 -0.172233 0.826283
v -0.306946 -0.190992 0.823678
v -0.284448 -0.162155 0.811340
v -0.294498 -0.165805 0.813166
v -0.255881 -0.172441 0.814397
v -0.304140 -0.190784 0.835564
v -0.311597 -0.186634 0.805677
v -0.262742 -0.168882 0.796733
v -0.279176 -0.193149 0.678553
v -0.281934 -0.194151 0.679054
v -0.338846 -0.187474 0.689039
v -0.339004 -0.197842 0.689203
v -0.321378 -0.176848 0.685808
v -0.333790 -0.212989 0.688479
v -0.331038 -0.211989 0.687979
v -0.291167 -0.170153 0.680373
v -0.284583 -0.178072 0.679312
v -0.332274 -0.180807 0.687788
v -0.311302 -0.173188 0.683977
v -0.300579 -0.169293 0.682028
v -0.338105 -0.213309 0.670201
v -0.335353 -0.212309 0.669700
v -0.295475 -0.170470 0.662094
v -0.288893 -0.178390 0.661033
v -0.336589 -0.181126 0.669510
v -0.315616 -0.173507 0.665698
v -0.283491 -0.193469 0.660274
v -0.286249 -0.194471 0.660776
v -0.343168 -0.187796 0.670762
v -0.343324 -0.198163 0.670925
v -0.325694 -0.177169 0.667530
v -0.304889 -0.169610 0.663748
v -0.327279 -0.166888 0.672639
v -0.326051 -0.164419 0.681397
v -0.317525 -0.161321 0.679848
v -0.318750 -0.163790 0.671089
v -0.331611 -0.156264 0.667542
v -0.331679 -0.152306 0.673188
v -0.324449 -0.149680 0.671874
v -0.324380 -0.153637 0.666228
v -0.335063 -0.152708 0.658631
v -0.336119 -0.149247 0.659459
v -0.328889 -0.146620 0.658145
v -0.327832 -0.150081 0.657317
v -0.302391 -0.056636 0.845172
v -0.312851 -0.060436 0.847073
v -0.322708 -0.064016 0.848864
v -0.333494 -0.067935 0.850825
v -0.347119 -0.072046 0.840486
v -0.294241 -0.052836 0.830875
v -0.350078 -0.066045 0.732925
v -0.340222 -0.062465 0.731134
v -0.329762 -0.058665 0.729233
v -0.361084 -0.070043 0.734926
v -0.320813 -0.055742 0.732618
v -0.314837 -0.054363 0.743632
v -0.367716 -0.073573 0.753242
v -0.367313 -0.072635 0.741070
v -0.344523 -0.071399 0.844545
v -0.341927 -0.070753 0.848604
v -0.294834 -0.053348 0.835514
v -0.295427 -0.053860 0.840153
v -0.347607 -0.051429 0.840852
v -0.306493 -0.036492 0.833347
v -0.355188 -0.047471 0.739679
v -0.345332 -0.043891 0.737887
v -0.336545 -0.040699 0.736290
v -0.364436 -0.050831 0.741359
v -0.331420 -0.039036 0.738402
v -0.326831 -0.037999 0.747199
v -0.367957 -0.052938 0.754648
v -0.367798 -0.052244 0.744901
v -0.345526 -0.050921 0.844252
v -0.344247 -0.050608 0.846345
v -0.306897 -0.036884 0.837172
v -0.307148 -0.037127 0.839545
v -0.328615 -0.045501 0.852241
v -0.339402 -0.049420 0.854201
v -0.318759 -0.041921 0.850449
v -0.308299 -0.038121 0.848548
v -0.336347 -0.040200 0.729740
v -0.346807 -0.044000 0.731642
v -0.356663 -0.047581 0.733433
v -0.367669 -0.051579 0.735433
v -0.327319 -0.037271 0.733460
v -0.321153 -0.035878 0.745281
v -0.374031 -0.055088 0.754892
v -0.373819 -0.054164 0.741912
v -0.353229 -0.053546 0.843007
v -0.300350 -0.034336 0.833397
v -0.350561 -0.052894 0.847369
v -0.347894 -0.052242 0.851730
v -0.300872 -0.034843 0.838337
v -0.301393 -0.035350 0.843278
v -0.331811 -0.040710 0.846235
v -0.341266 -0.044145 0.847954
v -0.321955 -0.037130 0.844444
v -0.312792 -0.033801 0.842779
v -0.338267 -0.035798 0.736531
v -0.347054 -0.038990 0.738128
v -0.356910 -0.042571 0.739919
v -0.366158 -0.045930 0.741600
v -0.333142 -0.034136 0.738642
v -0.328553 -0.033099 0.747439
v -0.369679 -0.048038 0.754889
v -0.369520 -0.047344 0.745142
v -0.349328 -0.046529 0.841092
v -0.308215 -0.031591 0.833587
v -0.347248 -0.046021 0.844493
v -0.345969 -0.045708 0.846585
v -0.308619 -0.031984 0.837413
v -0.308870 -0.032227 0.839785
v -0.256977 -0.268280 0.815627
v -0.246855 -0.264603 0.813787
v -0.368333 -0.209181 0.444860
v -0.358211 -0.205504 0.443020
v -0.335145 -0.271148 0.439799
v -0.345267 -0.274825 0.441639
v -0.339508 -0.271471 0.421318
v -0.349629 -0.275148 0.423158
v -0.236070 -0.260685 0.811827
v -0.347426 -0.201586 0.441060
v -0.324360 -0.267230 0.437839
v -0.328722 -0.267553 0.419358
v -0.356390 -0.278866 0.443660
v -0.360753 -0.279189 0.425180
v -0.268100 -0.272321 0.817648
v -0.379456 -0.213222 0.446881
v -0.337326 -0.271310 0.430559
v -0.347448 -0.274987 0.432398
v -0.326541 -0.267392 0.428598
v -0.358571 -0.279028 0.434420
v -0.331718 -0.270894 0.454317
v -0.341839 -0.274571 0.456157
v -0.320932 -0.266976 0.452357
v -0.352962 -0.278612 0.458178
v -0.330301 -0.270789 0.460318
v -0.340423 -0.274466 0.462157
v -0.319516 -0.266871 0.458357
v -0.351546 -0.278507 0.464179
v -0.331117 -0.282610 0.439237
v -0.341239 -0.286287 0.441076
v -0.327690 -0.282356 0.453754
v -0.337812 -0.286033 0.455594
v -0.332873 -0.282741 0.431801
v -0.333909 -0.281037 0.430081
v -0.333353 -0.282255 0.430550
v -0.344030 -0.284714 0.431921
v -0.342994 -0.286417 0.433640
v -0.343474 -0.285931 0.432389
v -0.244498 -0.261310 0.776127
v -0.276528 -0.272946 0.781948
v -0.257939 -0.265425 0.766838
v -0.268060 -0.269102 0.768678
v -0.247153 -0.261507 0.764878
v -0.279183 -0.273143 0.770700
v -0.264301 -0.283132 0.817118
v -0.253178 -0.279092 0.815096
v -0.243056 -0.275415 0.813256
v -0.232271 -0.271497 0.811296
v -0.251484 -0.276039 0.777557
v -0.261606 -0.279716 0.779396
v -0.240699 -0.272121 0.775596
v -0.272729 -0.283757 0.781418
v -0.256278 -0.270150 0.766606
v -0.266400 -0.273827 0.768446
v -0.245493 -0.266232 0.764646
v -0.277523 -0.277868 0.770468
v -0.312253 -0.254895 0.450662
v -0.315681 -0.255149 0.436144
v -0.366867 -0.274735 0.460588
v -0.370295 -0.274989 0.446070
v -0.347772 -0.264194 0.422685
v -0.350737 -0.264891 0.423219
v -0.353825 -0.264887 0.423766
v -0.356917 -0.264183 0.424304
v -0.359894 -0.262805 0.424813
v -0.362643 -0.260806 0.425273
v -0.365057 -0.258264 0.425667
v -0.367043 -0.255276 0.425979
v -0.368526 -0.251956 0.426198
v -0.369447 -0.248433 0.426315
v -0.369773 -0.244841 0.426325
v -0.369490 -0.241319 0.426229
v -0.368610 -0.238002 0.426030
v -0.367165 -0.235018 0.425735
v -0.365212 -0.232481 0.425356
v -0.362825 -0.230489 0.424907
v -0.360097 -0.229118 0.424407
v -0.357132 -0.228421 0.423873
v -0.354044 -0.228424 0.423326
v -0.350952 -0.229128 0.422788
v -0.347975 -0.230506 0.422279
v -0.345226 -0.232505 0.421819
v -0.342812 -0.235047 0.421425
v -0.340826 -0.238035 0.421113
v -0.339343 -0.241355 0.420894
v -0.338421 -0.244878 0.420777
v -0.338096 -0.248470 0.420767
v -0.338379 -0.251992 0.420863
v -0.339259 -0.255309 0.421062
v -0.340704 -0.258293 0.421357
v -0.342657 -0.260830 0.421736
v -0.345044 -0.262823 0.422185
v -0.354829 -0.265194 0.405885
v -0.351864 -0.264497 0.405351
v -0.357917 -0.265190 0.406432
v -0.361009 -0.264486 0.406970
v -0.363986 -0.263108 0.407479
v -0.366735 -0.261110 0.407939
v -0.369149 -0.258568 0.408333
v -0.371135 -0.255579 0.408645
v -0.372618 -0.252260 0.408864
v -0.373540 -0.248736 0.408981
v -0.373865 -0.245145 0.408991
v -0.373582 -0.241623 0.408895
v -0.372702 -0.238306 0.408696
v -0.371257 -0.235322 0.408401
v -0.369304 -0.232784 0.408022
v -0.366917 -0.230792 0.407573
v -0.364189 -0.229421 0.407073
v -0.361224 -0.228724 0.406539
v -0.358136 -0.228727 0.405992
v -0.355044 -0.229432 0.405454
v -0.352067 -0.230810 0.404945
v -0.349318 -0.232808 0.404485
v -0.346904 -0.235350 0.404091
v -0.344918 -0.238339 0.403779
v -0.343435 -0.241658 0.403560
v -0.342514 -0.245182 0.403443
v -0.342188 -0.248773 0.403433
v -0.342471 -0.252295 0.403529
v -0.343352 -0.255612 0.403728
v -0.344796 -0.258596 0.404023
v -0.346749 -0.261133 0.404402
v -0.349136 -0.263126 0.404851
v -0.351808 -0.260761 0.421844
v -0.349519 -0.260222 0.421432
v -0.354192 -0.260758 0.422266
v -0.356580 -0.260214 0.422681
v -0.358879 -0.259150 0.423074
v -0.361001 -0.257607 0.423430
v -0.362864 -0.255644 0.423734
v -0.364398 -0.253337 0.423975
v -0.365543 -0.250774 0.424144
v -0.366255 -0.248053 0.424234
v -0.366506 -0.245280 0.424242
v -0.366288 -0.242561 0.424168
v -0.365608 -0.240000 0.424014
v -0.364492 -0.237695 0.423786
v -0.362984 -0.235737 0.423494
v -0.361141 -0.234198 0.423147
v -0.359035 -0.233139 0.422761
v -0.356746 -0.232601 0.422348
v -0.354361 -0.232604 0.421927
v -0.351974 -0.233148 0.421511
v -0.349675 -0.234212 0.421118
v -0.347553 -0.235755 0.420763
v -0.345689 -0.237718 0.420459
v -0.344155 -0.240025 0.420218
v -0.343011 -0.242588 0.420049
v -0.342299 -0.245309 0.419958
v -0.342047 -0.248082 0.419950
v -0.342266 -0.250801 0.420025
v -0.342946 -0.253362 0.420179
v -0.344061 -0.255666 0.420406
v -0.345569 -0.257625 0.420699
v -0.347412 -0.259164 0.421045
v -0.355851 -0.265270 0.401559
v -0.352886 -0.264573 0.401025
v -0.358938 -0.265266 0.402105
v -0.362031 -0.264562 0.402643
v -0.365008 -0.263184 0.403152
v -0.367756 -0.261185 0.403612
v -0.370170 -0.258643 0.404006
v -0.372157 -0.255655 0.404318
v -0.373639 -0.252335 0.404537
v -0.374561 -0.248812 0.404654
v -0.374887 -0.245220 0.404665
v -0.374604 -0.241698 0.404568
v -0.373723 -0.238381 0.404369
v -0.372278 -0.235397 0.404074
v -0.370325 -0.232860 0.403695
v -0.367939 -0.230868 0.403247
v -0.365211 -0.229497 0.402746
v -0.362246 -0.228800 0.402212
v -0.359158 -0.228803 0.401666
v -0.356066 -0.229507 0.401127
v -0.353088 -0.230885 0.400619
v -0.350340 -0.232884 0.400158
v -0.347926 -0.235426 0.399765
v -0.345940 -0.238414 0.399452
v -0.344457 -0.241734 0.399233
v -0.343535 -0.245257 0.399116
v -0.343209 -0.248849 0.399106
v -0.343492 -0.252371 0.399202
v -0.344373 -0.255688 0.399402
v -0.345818 -0.258672 0.399696
v -0.347771 -0.261209 0.400075
v -0.350157 -0.263202 0.400524
v -0.356579 -0.261114 0.401633
v -0.354290 -0.260576 0.401221
v -0.358963 -0.261112 0.402055
v -0.361351 -0.260568 0.402470
v -0.363650 -0.259504 0.402863
v -0.365772 -0.257961 0.403219
v -0.367636 -0.255998 0.403523
v -0.369169 -0.253691 0.403764
v -0.370314 -0.251127 0.403933
v -0.371026 -0.248407 0.404023
v -0.371278 -0.245634 0.404031
v -0.371059 -0.242914 0.403957
v -0.370379 -0.240353 0.403803
v -0.369263 -0.238049 0.403575
v -0.367755 -0.236090 0.403283
v -0.365913 -0.234552 0.402936
v -0.363806 -0.233493 0.402550
v -0.361517 -0.232955 0.402138
v -0.359133 -0.232958 0.401716
v -0.356745 -0.233502 0.401300
v -0.354446 -0.234565 0.400907
v -0.352324 -0.236108 0.400552
v -0.350460 -0.238071 0.400248
v -0.348927 -0.240379 0.400007
v -0.347782 -0.242942 0.399838
v -0.347070 -0.245662 0.399747
v -0.346819 -0.248436 0.399739
v -0.347037 -0.251155 0.399814
v -0.347717 -0.253716 0.399968
v -0.348833 -0.256020 0.400195
v -0.350341 -0.257979 0.400488
v -0.352183 -0.259517 0.400834
v -0.359501 -0.279996 0.444226
v -0.281149 -0.268381 0.823682
v -0.272636 -0.273969 0.818473
v -0.321297 -0.266117 0.437282
v -0.231196 -0.258915 0.810941
v -0.226535 -0.248541 0.813756
v -0.370530 -0.273813 0.426839
v -0.324171 -0.256972 0.418414
v -0.361682 -0.280158 0.434985
v -0.372476 -0.275151 0.436830
v -0.323479 -0.266279 0.428042
v -0.317862 -0.255311 0.426904
v -0.357498 -0.280260 0.459003
v -0.316058 -0.265205 0.451471
v -0.356082 -0.280155 0.465003
v -0.365451 -0.274630 0.466589
v -0.310837 -0.254790 0.456663
v -0.314642 -0.265100 0.457471
v -0.290433 -0.269069 0.784358
v -0.281064 -0.274594 0.782773
v -0.239624 -0.259539 0.775241
v -0.235819 -0.249229 0.774432
v -0.238474 -0.249426 0.763184
v -0.242279 -0.259736 0.763992
v -0.293088 -0.269266 0.773110
v -0.283719 -0.274790 0.771524
v -0.230783 -0.227364 0.827966
v -0.243130 -0.220156 0.787841
v -0.320979 -0.225927 0.458079
v -0.322395 -0.226032 0.452078
v -0.245785 -0.220353 0.776592
v -0.297744 -0.239996 0.797767
v -0.285397 -0.247204 0.837892
v -0.377009 -0.245872 0.462005
v -0.375593 -0.245767 0.468005
v -0.300399 -0.240193 0.786518
v -0.273814 -0.243590 0.837131
v -0.262691 -0.239549 0.835109
v -0.252569 -0.235872 0.833269
v -0.241784 -0.231954 0.831309
v -0.361162 -0.242327 0.424768
v -0.351041 -0.238650 0.422929
v -0.340255 -0.234731 0.420969
v -0.372286 -0.246367 0.426790
v -0.325823 -0.226286 0.437561
v -0.380437 -0.246126 0.447487
v -0.382618 -0.246288 0.438246
v -0.328004 -0.226448 0.428320
v -0.380672 -0.244950 0.428256
v -0.334313 -0.228109 0.419830
v -0.361790 -0.208060 0.424430
v -0.371911 -0.211737 0.426269
v -0.273729 -0.204458 0.842160
v -0.263607 -0.200782 0.840321
v -0.351004 -0.204142 0.422470
v -0.252822 -0.196863 0.838361
v -0.284852 -0.208499 0.844182
v -0.383034 -0.215777 0.428291
v -0.335181 -0.199655 0.438867
v -0.296004 -0.212542 0.846081
v -0.337362 -0.199816 0.429627
v -0.241390 -0.192702 0.836155
v -0.249926 -0.193335 0.799996
v -0.384951 -0.219136 0.469312
v -0.331753 -0.199401 0.453385
v -0.307196 -0.213372 0.798674
v -0.330337 -0.199296 0.459386
v -0.252582 -0.193532 0.788748
v -0.304540 -0.213175 0.809922
v -0.386367 -0.219241 0.463311
v -0.389794 -0.219495 0.448793
v -0.391976 -0.219656 0.439553
v -0.390030 -0.218319 0.429562
v -0.343671 -0.201478 0.421137
v -0.383769 -0.215962 0.465589
v -0.387137 -0.216212 0.451323
v -0.284933 -0.205744 0.840071
v -0.294934 -0.209377 0.841889
v -0.254111 -0.192152 0.797885
v -0.245830 -0.191538 0.832964
v -0.352625 -0.202435 0.426112
v -0.346032 -0.200039 0.424914
v -0.340177 -0.198532 0.433319
v -0.338033 -0.198373 0.442399
v -0.389280 -0.216371 0.442244
v -0.387713 -0.215181 0.432490
v -0.256134 -0.195282 0.834837
v -0.265832 -0.198805 0.836599
v -0.274932 -0.202111 0.838253
v -0.381423 -0.212896 0.431347
v -0.371422 -0.209263 0.429529
v -0.362322 -0.205957 0.427875
v -0.361538 -0.208189 0.427765
v -0.370638 -0.211495 0.429419
v -0.274278 -0.204352 0.837591
v -0.265178 -0.201046 0.835937
v -0.351841 -0.204667 0.426003
v -0.255481 -0.197524 0.834175
v -0.284279 -0.207985 0.839409
v -0.380639 -0.215128 0.431237
v -0.382377 -0.215859 0.471485
v -0.334666 -0.198124 0.456664
v -0.333274 -0.198021 0.462560
v -0.305824 -0.210184 0.795757
v -0.256721 -0.192346 0.786832
v -0.303215 -0.209991 0.806810
v -0.337249 -0.200606 0.442289
v -0.294308 -0.211621 0.841106
v -0.339393 -0.200764 0.433209
v -0.245205 -0.193782 0.832182
v -0.253592 -0.194404 0.796652
v -0.381593 -0.218091 0.471375
v -0.333881 -0.200356 0.456555
v -0.305305 -0.212436 0.794523
v -0.332489 -0.200253 0.462451
v -0.256202 -0.194598 0.785599
v -0.302696 -0.212242 0.805577
v -0.382985 -0.218194 0.465479
v -0.386353 -0.218444 0.451214
v -0.388496 -0.218603 0.442134
v -0.386928 -0.217413 0.432380
v -0.345247 -0.202272 0.424805
v -0.338723 -0.198425 0.439478
v -0.387826 -0.216263 0.448403
v -0.306192 -0.269002 0.562440
v -0.316314 -0.272679 0.564280
v -0.295407 -0.265084 0.560480
v -0.327437 -0.276720 0.566301
v -0.290533 -0.263313 0.559594
v -0.286728 -0.253003 0.558785
v -0.331973 -0.278367 0.567126
v -0.341342 -0.272843 0.568712
v -0.296870 -0.224140 0.560202
v -0.351484 -0.243980 0.570128
v -0.360842 -0.217349 0.571435
v -0.306228 -0.197508 0.561508
v -0.358874 -0.214117 0.571044
v -0.309770 -0.196278 0.562119
v -0.358089 -0.216349 0.570934
v -0.308986 -0.198510 0.562010
v -0.265764 -0.251449 0.647586
v -0.310662 -0.276788 0.657398
v -0.339878 -0.215795 0.660235
v -0.288807 -0.194724 0.650919
v -0.337126 -0.214795 0.659734
v -0.285229 -0.267448 0.651240
v -0.295350 -0.271125 0.653080
v -0.274443 -0.263530 0.649280
v -0.306473 -0.275165 0.655102
v -0.269569 -0.261759 0.648394
v -0.275906 -0.222586 0.649002
v -0.285264 -0.195954 0.650309
v -0.337910 -0.212563 0.659844
v -0.288022 -0.196956 0.650810
v -0.326594 -0.209948 0.458863
v -0.249863 -0.204260 0.783885
v -0.301822 -0.223903 0.805060
v -0.382624 -0.229893 0.462789
v -0.386051 -0.230147 0.448271
v -0.388233 -0.230309 0.439030
v -0.386287 -0.228971 0.429040
v -0.339928 -0.212130 0.420614
v -0.357490 -0.220296 0.423829
v -0.367612 -0.223973 0.425669
v -0.269314 -0.218495 0.839340
v -0.259192 -0.214818 0.837500
v -0.346705 -0.216378 0.421869
v -0.248407 -0.210900 0.835540
v -0.280437 -0.222536 0.841362
v -0.378735 -0.228013 0.427691
v -0.331437 -0.210307 0.438344
v -0.291761 -0.226407 0.842806
v -0.333619 -0.210469 0.429104
v -0.237147 -0.206567 0.832880
v -0.247208 -0.204063 0.795134
v -0.381207 -0.229788 0.468789
v -0.328010 -0.210053 0.452862
v -0.304477 -0.224100 0.793812
v -0.357099 -0.228001 0.570912
v -0.302485 -0.208161 0.560986
v -0.281521 -0.206607 0.649786
v -0.336135 -0.226447 0.659712
v -0.345976 -0.223960 0.568890
v -0.325012 -0.222406 0.657690
v -0.318645 -0.273526 0.564704
v -0.297682 -0.271972 0.653504
v -0.337184 -0.220766 0.567292
v -0.316220 -0.219212 0.656093
v -0.321781 -0.274665 0.565273
v -0.329826 -0.269922 0.566635
v -0.326480 -0.274127 0.566098
v -0.308862 -0.268368 0.655435
v -0.300818 -0.273111 0.654074
v -0.305516 -0.272573 0.654898
v -0.328722 -0.223855 0.659900
v -0.332146 -0.226151 0.676608
v -0.321023 -0.222111 0.674587
v -0.326109 -0.241177 0.663532
v -0.327779 -0.242222 0.670542
v -0.327692 -0.241946 0.666783
v -0.317637 -0.271086 0.669126
v -0.315332 -0.273452 0.662049
v -0.317364 -0.271809 0.665347
v -0.331745 -0.225206 0.664320
v -0.333393 -0.226244 0.671326
v -0.333313 -0.225970 0.667569
v 0.027197 -0.181843 1.336134
v -0.024816 0.138150 1.317026
v -0.024816 0.138150 1.317026
v 0.025667 -0.166477 1.416253
v 0.023788 -0.149200 1.522404
v 0.028511 -0.182162 1.427194
v -0.022616 0.147550 1.441423
v -0.023319 0.151232 1.392000
v 0.095317 -0.046417 0.694857
v 0.113487 0.040484 1.604399
v 0.074763 0.100647 1.592914
v 0.070318 -0.069969 1.592921
v 0.070619 0.011351 1.693562
v 0.060577 -0.043945 1.671556
v 0.002683 -0.068333 1.654782
v 0.002683 -0.068333 1.654782
v 0.049083 0.039042 1.696364
v -0.017964 0.165063 1.323363
v -0.017964 0.165063 1.323363
v 0.035354 0.178275 0.780507
v 0.231527 0.099922 0.751025
v 0.097172 0.081214 0.491245
v 0.053667 0.276466 0.612192
v 0.233376 0.208925 0.538239
v 0.089052 0.206963 0.425189
v 0.094133 0.152578 0.455521
v 0.220476 0.225171 0.519386
v 0.101663 0.302269 0.564864
v 0.104691 0.362703 0.558043
v 0.256101 0.256211 0.490358
v 0.241046 0.386872 0.342743
v 0.241046 0.386872 0.342743
v 0.222994 0.454705 0.379974
v 0.125832 0.492479 0.402267
v 0.125832 0.492479 0.402267
v 0.054423 0.389021 0.376915
v 0.172760 0.323933 0.321452
v 0.088505 0.312700 0.320857
v 0.088505 0.312700 0.320857
v 0.279499 0.365326 0.345045
v 0.251033 0.454701 0.421144
v 0.123091 0.493553 0.443784
v 0.123091 0.493553 0.443784
v 0.032970 0.398743 0.352696
v 0.180077 0.229409 0.297980
v 0.063569 0.218115 0.303185
v 0.063569 0.218115 0.303185
v 0.235127 0.648424 0.092400
v 0.197481 0.643340 0.134937
v 0.140924 0.642811 0.131910
v 0.140924 0.642811 0.131910
v 0.120436 0.610968 0.074575
v 0.145970 0.592865 0.172323
v 0.159175 0.472188 0.032174
v 0.125285 0.520268 0.380836
v 0.087263 0.331951 0.264150
v 0.267310 0.496467 0.039990
v 0.187504 0.325675 0.027671
v 0.187504 0.325675 0.027671
v 0.243416 0.315662 0.028980
v 0.310640 0.392624 0.009431
v 0.284331 0.344664 -0.004945
v 0.186170 0.338978 -0.007189
v 0.186170 0.338978 -0.007189
v 0.242816 0.330548 -0.009368
v 0.231574 0.121791 1.483428
v 0.339489 0.032569 1.243037
v 0.344713 0.045831 1.190713
v 0.234638 0.005973 1.224604
v 0.222845 -0.038123 1.194280
v 0.327548 0.034101 1.070387
v 0.229227 -0.166378 0.883021
v 0.212132 -0.074612 1.052895
v 0.266628 -0.174328 0.853076
v 0.299142 -0.216267 0.885498
v 0.278424 -0.209965 0.875435
v 0.282945 -0.255145 0.853460
v 0.340793 -0.114162 0.885415
v 0.273828 -0.188621 0.734501
v 0.281597 -0.280405 0.765649
v 0.265978 -0.299502 0.724730
v 0.300926 -0.186611 0.733643
v 0.318684 -0.150325 0.796099
v 0.255959 -0.217153 0.695455
v 0.263049 -0.262229 0.693655
v 0.276253 -0.218190 0.692177
v 0.241803 -0.256313 0.700587
v 0.258168 -0.288341 0.701242
v 0.277742 -0.255789 0.824727
v 0.277742 -0.255789 0.824727
v 0.262177 -0.247309 0.823126
v 0.262177 -0.247309 0.823126
v 0.243726 -0.283466 0.796989
v 0.243726 -0.283466 0.796989
v 0.278987 -0.258285 0.808145
v 0.327005 -0.135977 0.858562
v 0.281558 -0.013406 1.537374
v 0.186430 0.083685 1.347548
v 0.203516 0.033834 1.260372
v 0.216112 -0.051613 1.353413
v 0.336867 -0.005145 1.259214
v -0.087575 -0.333258 0.860376
v -0.061501 0.006857 0.831935
v -0.102724 0.001075 1.758373
v -0.102724 0.001075 1.758373
v -0.103484 -0.041277 1.760754
v -0.063340 -0.116407 0.741753
v -0.243609 -0.218555 0.807113
v -0.092521 -0.469725 0.652821
v -0.087547 -0.243673 0.600859
v -0.254829 -0.386063 0.624801
v -0.089636 -0.420447 0.529934
v -0.092826 -0.442969 0.584823
v -0.238747 -0.367225 0.595637
v -0.135472 -0.260093 0.580333
v -0.144257 -0.215579 0.545511
v -0.271008 -0.366987 0.553232
v -0.263984 -0.369961 0.349495
v -0.263984 -0.369961 0.349495
v -0.263682 -0.288295 0.358167
v -0.173842 -0.227408 0.355043
v -0.173842 -0.227408 0.355043
v -0.085421 -0.313176 0.392428
v -0.191243 -0.422216 0.393086
v -0.102604 -0.417441 0.390764
v -0.102604 -0.417441 0.390764
v -0.296151 -0.389651 0.363137
v -0.292219 -0.265045 0.378481
v -0.177920 -0.200346 0.380006
v -0.177920 -0.200346 0.380006
v -0.066827 -0.320425 0.363234
v -0.181286 -0.508206 0.416825
v -0.067356 -0.495111 0.420396
v -0.067356 -0.495111 0.420396
v -0.260232 -0.331068 0.033294
v -0.225409 -0.304049 0.071656
v -0.168059 -0.296058 0.069878
v -0.168059 -0.296058 0.069878
v -0.138519 -0.346714 0.035036
v -0.170973 -0.316265 0.126683
v -0.153530 -0.493534 0.048863
v -0.173996 -0.224109 0.318702
v -0.097766 -0.441006 0.333392
v -0.267101 -0.485655 0.047719
v -0.158874 -0.631041 0.098920
v -0.158874 -0.631041 0.098920
v -0.213947 -0.648452 0.104164
v -0.292285 -0.600216 0.058588
v -0.257128 -0.645720 0.063061
v -0.156959 -0.635922 0.062469
v -0.156959 -0.635922 0.062469
v -0.212668 -0.653715 0.063978
v -0.223674 -0.031437 1.470936
v -0.215969 -0.092107 1.461764
v -0.215969 -0.092107 1.461764
v -0.209224 0.037348 1.444476
v -0.209224 0.037348 1.444476
v -0.367834 -0.011046 1.247062
v -0.388933 -0.006701 1.208437
v -0.407627 0.005089 1.090307
v -0.310128 -0.095779 0.849526
v -0.267201 -0.039344 1.032222
v -0.367409 -0.167371 0.853081
v -0.349257 -0.155711 0.843438
v -0.421162 -0.096249 0.893654
v -0.360201 -0.081052 0.734364
v -0.360201 -0.081052 0.734364
v -0.343818 -0.118211 0.723055
v -0.345735 -0.178917 0.725753
v -0.312975 -0.172556 0.660047
v -0.312975 -0.172556 0.660047
v -0.389526 -0.086121 0.712030
v -0.409145 -0.078539 0.788963
v -0.303717 -0.082289 0.746483
v -0.324975 -0.130209 0.701446
v -0.324975 -0.130209 0.701446
v -0.324975 -0.130209 0.701446
v -0.300575 -0.151553 0.651429
v -0.333726 -0.137247 0.680997
v -0.302335 -0.149819 0.635861
v -0.302335 -0.149819 0.635861
v -0.353373 -0.171280 0.781672
v -0.338763 -0.163649 0.776485
v -0.338763 -0.163649 0.776485
v -0.339051 -0.210716 0.755903
v -0.346308 -0.164974 0.770242
v -0.333154 -0.211547 0.755363
v -0.101161 -0.002436 1.817054
v -0.403825 -0.084574 0.851495
v -0.213904 0.053064 1.393698
v -0.231344 0.057826 1.341589
v -0.229981 -0.010064 1.248246
v 0.018872 0.151474 1.520792
v 0.040281 -0.200648 1.340127
v 0.299153 0.071596 1.622874
v 0.267478 0.138221 1.586590
v 0.124049 0.044333 1.636192
v 0.080684 0.119853 1.619857
v 0.021886 0.175560 1.538099
v 0.080708 -0.082541 1.621598
v -0.019605 0.170767 1.450493
v 0.038408 -0.181119 1.543440
v 0.245205 -0.010631 1.496111
v 0.245205 -0.010631 1.496111
v 0.227208 0.108252 1.508277
v 0.227208 0.108252 1.508277
v 0.230374 0.025211 1.466009
v 0.252406 0.129444 1.513785
v -0.001277 0.121110 1.784152
v 0.008629 -0.154223 1.710483
v 0.009310 -0.148880 1.672431
v -0.000700 0.093996 1.870655
v 0.007645 -0.162793 1.853141
v 0.076225 -0.129906 1.724161
v 0.144820 -0.127796 1.853562
v 0.144820 -0.127796 1.853562
v 0.138841 0.040915 1.854725
v 0.138046 0.077023 1.750643
v 0.139424 0.041241 1.724701
v 0.145261 -0.127563 1.724387
v 0.145261 -0.127563 1.724387
v 0.137713 0.076819 1.828355
v 0.137374 0.091267 1.789525
v -0.330121 -0.001167 1.477215
v 0.064032 -0.123375 1.843190
v 0.092224 -0.122354 1.831824
v 0.094028 -0.173549 1.831729
v 0.065835 -0.174570 1.843095
v 0.099285 -0.122042 1.806099
v 0.101089 -0.173236 1.806004
v 0.079898 -0.122673 1.785388
v 0.081701 -0.173868 1.785293
v 0.048661 -0.123773 1.785286
v 0.050465 -0.174968 1.785191
v 0.029097 -0.124513 1.805869
v 0.030901 -0.175708 1.805774
v 0.035938 -0.124336 1.831639
v 0.037741 -0.175531 1.831544
v 0.008478 -0.174501 1.756993
v -0.099159 -0.051074 1.820213
v -0.128530 0.012248 1.794591
v -0.128530 0.012248 1.794591
v -0.114307 -0.005490 1.759024
v -0.119943 -0.002879 1.817696
v 0.007808 -0.152544 1.733259
v 0.133764 0.438363 0.210686
v -0.144910 -0.406672 0.234620
v 0.038293 -0.207018 1.428192
v 0.038202 -0.198948 1.469199
v 0.192669 -0.137813 1.430686
v 0.097650 -0.185531 1.428826
v 0.097650 -0.185531 1.428826
v 0.092038 -0.180842 1.323287
v 0.092038 -0.180842 1.323287
v 0.187868 -0.130020 1.325727
v 0.187868 -0.130020 1.325727
v 0.094785 -0.180574 1.365318
v 0.094785 -0.180574 1.365318
v 0.187699 -0.126449 1.367732
v 0.187699 -0.126449 1.367732
v 0.098600 -0.173284 1.473943
v 0.098600 -0.173284 1.473943
v 0.192488 -0.124566 1.474100
v 0.073731 -0.155111 1.322539
v 0.073731 -0.155111 1.322539
v 0.170085 -0.106994 1.324589
v 0.170085 -0.106994 1.324589
v 0.076321 -0.153674 1.364363
v 0.076321 -0.153674 1.364363
v 0.169848 -0.103139 1.365894
v 0.169848 -0.103139 1.365894
v 0.097445 -0.166650 1.467688
v 0.098854 -0.177852 1.431291
v 0.155247 -0.111743 1.354021
v 0.155247 -0.111743 1.354021
v 0.178606 -0.140559 1.348376
v 0.137864 -0.124580 1.352647
v 0.137864 -0.124580 1.352647
v 0.131358 -0.124396 1.334794
v 0.131358 -0.124396 1.334794
v 0.154876 -0.154162 1.329247
v 0.080414 -0.145771 1.334126
v 0.080414 -0.145771 1.334126
v 0.094603 -0.137964 1.324433
v 0.094603 -0.137964 1.324433
v 0.118437 -0.170155 1.318643
v 0.104281 -0.177975 1.328470
v 0.144948 -0.112819 1.325261
v 0.144948 -0.112819 1.325261
v 0.087436 -0.149302 1.351777
v 0.087436 -0.149302 1.351777
v 0.111098 -0.180157 1.346164
v 0.161331 -0.154079 1.346988
v 0.105550 -0.141086 1.353020
v 0.105550 -0.141086 1.353020
v 0.129182 -0.171868 1.347335
v 0.109956 -0.134066 1.336040
v 0.109956 -0.134066 1.336040
v 0.133628 -0.164919 1.330489
v 0.159557 -0.104062 1.337064
v 0.159557 -0.104062 1.337064
v 0.182917 -0.132850 1.331476
v 0.176913 -0.173607 1.328298
v 0.162523 -0.163751 1.316798
v 0.145825 -0.192981 1.327900
v 0.126775 -0.200410 1.327498
v 0.192153 -0.144192 1.317609
v 0.195185 -0.161268 1.328794
v 0.111988 -0.188018 1.316026
v 0.119775 -0.177430 1.308736
v 0.142935 -0.176931 1.316496
v 0.112283 -0.193080 1.263282
v 0.117997 -0.178218 1.268206
v 0.141701 -0.177539 1.262418
v 0.146723 -0.196350 1.252874
v 0.128666 -0.206744 1.253387
v 0.176413 -0.174501 1.239338
v 0.160540 -0.164209 1.249184
v 0.189017 -0.142679 1.248526
v 0.194013 -0.161195 1.238931
v 0.163686 -0.139877 1.242501
v 0.180261 -0.132619 1.231905
v 0.152086 -0.154536 1.232371
v 0.114084 -0.190799 1.229480
v 0.104139 -0.185430 1.246406
v 0.115886 -0.171625 1.256469
v 0.133009 -0.167916 1.245777
v 0.131757 -0.178890 1.229120
v 0.161372 -0.155574 1.215537
v 0.178873 -0.142592 1.215232
v 0.091515 -0.156835 1.256237
v 0.091515 -0.156835 1.256237
v 0.077117 -0.166800 1.245481
v 0.077117 -0.166800 1.245481
v 0.125285 -0.137391 1.231458
v 0.125285 -0.137391 1.231458
v 0.130045 -0.131249 1.213744
v 0.130045 -0.131249 1.213744
v 0.147588 -0.118868 1.213542
v 0.147588 -0.118868 1.213542
v 0.082785 -0.166541 1.227616
v 0.082785 -0.166541 1.227616
v 0.100424 -0.154738 1.227373
v 0.100424 -0.154738 1.227373
v 0.106032 -0.150062 1.245028
v 0.106032 -0.150062 1.245028
v 0.139536 -0.126574 1.242270
v 0.139536 -0.126574 1.242270
v 0.153416 -0.115741 1.231179
v 0.153416 -0.115741 1.231179
v 0.101556 0.122070 1.784947
v 0.106177 0.127904 1.762064
v 0.072953 0.139875 1.760280
v 0.079547 0.136866 1.782542
v 0.079547 0.136866 1.782542
v 0.075730 0.080199 1.801937
v 0.075730 0.080199 1.801937
v 0.074068 0.091241 1.811227
v 0.074068 0.091241 1.811227
v 0.087081 0.136030 1.792172
v 0.071921 0.082906 1.783856
v 0.071921 0.082906 1.783856
v 0.091970 0.111821 1.770797
v 0.091970 0.111821 1.770797
v 0.092841 0.110662 1.761092
v 0.087025 0.122953 1.769812
v 0.068229 0.095725 1.783015
v 0.059655 0.098637 1.799592
v 0.059655 0.098637 1.799592
v 0.059173 0.112787 1.729199
v 0.078183 0.084657 1.737173
v 0.049752 0.115846 1.693647
v 0.028511 0.110767 1.693629
v 0.046940 0.080708 1.695794
v 0.026783 0.089047 1.694958
v 0.028071 0.127902 1.641604
v 0.027125 0.108836 1.633339
v 0.060728 0.113230 1.641366
v 0.048838 0.130616 1.646566
v 0.047307 0.099778 1.633191
v 0.067493 0.134128 1.598356
v 0.065174 0.165698 1.610341
v 0.046312 0.162656 1.601648
v 0.078265 0.148079 1.608307
v 0.075584 0.202108 1.510859
v 0.040876 0.208281 1.516161
v 0.060736 0.216618 1.517081
v 0.074068 0.193515 1.479612
v 0.059100 0.204175 1.468891
v 0.043917 0.180233 1.493655
v 0.039741 0.195132 1.471393
v 0.045851 0.161216 1.466346
v 0.045851 0.161216 1.466346
v 0.066187 0.167385 1.450367
v 0.066187 0.167385 1.450367
v 0.047042 0.155441 1.483260
v 0.047042 0.155441 1.483260
v 0.065934 0.158240 1.479306
v 0.078395 0.166433 1.465788
v 0.078395 0.166433 1.465788
v -0.378764 -0.216323 0.497975
v -0.372092 -0.212908 0.481622
v -0.244598 -0.190586 0.825023
v -0.241792 -0.190378 0.836909
v -0.239255 -0.190190 0.847657
v -0.377347 -0.216218 0.503975
v -0.337718 -0.200421 0.475374
v -0.324150 -0.196483 0.488049
v -0.322733 -0.196378 0.494049
v -0.365620 -0.215349 0.553652
v -0.296406 -0.210218 0.846835
v -0.293868 -0.210030 0.857583
v -0.252796 -0.191193 0.790298
v -0.250210 -0.191002 0.801251
v -0.302018 -0.210634 0.823063
v -0.304824 -0.210842 0.811177
v -0.307410 -0.211034 0.800224
v -0.274607 -0.192810 0.697907
v -0.322571 -0.212157 0.736001
v -0.279176 -0.193149 0.678553
v -0.247404 -0.190794 0.813137
v -0.299212 -0.210426 0.834949
v -0.289599 -0.174491 0.820391
v -0.300651 -0.178506 0.822400
v -0.279536 -0.170835 0.818562
v -0.328615 -0.045501 0.852241
v -0.339402 -0.049420 0.854201
v -0.318759 -0.041921 0.850449
v -0.308299 -0.038121 0.848548
v -0.362124 -0.215090 0.568457
v -0.311006 -0.195509 0.543726
v -0.340545 -0.185092 0.486681
v -0.374920 -0.197580 0.492929
v -0.307511 -0.195249 0.558531
v -0.349643 -0.214164 0.621328
v -0.295029 -0.194324 0.611402
v -0.291284 -0.194047 0.627264
v -0.337239 -0.178027 0.618659
v -0.337239 -0.178027 0.618659
v -0.333493 -0.177748 0.634520
v -0.333493 -0.177748 0.634520
v -0.338105 -0.213309 0.670201
v -0.345898 -0.213887 0.637190
v -0.323403 -0.174083 0.632686
v -0.312656 -0.170179 0.630733
v -0.338008 -0.149563 0.640815
v -0.327146 -0.174360 0.616825
v -0.316394 -0.170454 0.614870
v -0.342656 -0.143073 0.631376
v -0.339232 -0.125046 0.672508
v -0.329027 -0.138122 0.628899
v -0.324385 -0.144614 0.638339
v -0.334430 -0.135678 0.676381
v -0.325604 -0.120095 0.670031
v -0.320807 -0.130729 0.673905
v -0.327032 -0.124934 0.723002
v -0.327032 -0.124934 0.723002
v -0.323670 -0.134374 0.722717
v -0.323670 -0.134374 0.722717
v -0.317074 -0.131978 0.721518
v -0.310047 -0.129425 0.720241
v -0.310047 -0.129425 0.720241
v -0.313403 -0.119983 0.720525
v -0.313403 -0.119983 0.720525
v -0.320433 -0.122537 0.721803
v -0.288970 -0.174444 0.823054
v -0.278907 -0.170789 0.821226
v -0.300021 -0.178459 0.825063
v -0.268192 -0.166896 0.819278
v -0.268820 -0.166942 0.816615
v -0.283491 -0.193469 0.660274
v -0.325694 -0.177169 0.667530
v -0.325694 -0.177169 0.667530
v -0.321378 -0.176848 0.685808
v -0.321378 -0.176848 0.685808
v -0.333790 -0.212989 0.688479
v -0.311302 -0.173188 0.683977
v -0.311302 -0.173188 0.683977
v -0.315616 -0.173507 0.665698
v -0.315616 -0.173507 0.665698
v -0.317525 -0.161321 0.679848
v -0.326051 -0.164419 0.681397
v -0.327279 -0.166888 0.672639
v -0.318750 -0.163790 0.671089
v -0.331611 -0.156264 0.667542
v -0.324380 -0.153637 0.666228
v -0.324449 -0.149680 0.671874
v -0.331679 -0.152306 0.673188
v -0.335063 -0.152708 0.658631
v -0.335063 -0.152708 0.658631
v -0.336119 -0.149247 0.659459
v -0.336119 -0.149247 0.659459
v -0.328889 -0.146620 0.658145
v -0.328889 -0.146620 0.658145
v -0.327832 -0.150081 0.657317
v -0.327832 -0.150081 0.657317
v -0.336347 -0.040200 0.729740
v -0.346807 -0.044000 0.731642
v -0.356663 -0.047581 0.733433
v -0.367669 -0.051579 0.735433
v -0.327319 -0.037271 0.733460
v -0.321153 -0.035878 0.745281
v -0.374031 -0.055088 0.754892
v -0.373819 -0.054164 0.741912
v -0.353229 -0.053546 0.843007
v -0.300350 -0.034336 0.833397
v -0.350561 -0.052894 0.847369
v -0.347894 -0.052242 0.851730
v -0.300872 -0.034843 0.838337
v -0.301393 -0.035350 0.843278
v -0.330089 -0.045611 0.845995
v -0.339544 -0.049045 0.847713
v -0.320233 -0.042030 0.844203
v -0.311070 -0.038701 0.842538
v -0.336545 -0.040699 0.736290
v -0.345332 -0.043891 0.737887
v -0.355188 -0.047471 0.739679
v -0.364436 -0.050831 0.741359
v -0.331420 -0.039036 0.738402
v -0.326831 -0.037999 0.747199
v -0.367957 -0.052938 0.754648
v -0.367798 -0.052244 0.744901
v -0.347607 -0.051429 0.840852
v -0.306493 -0.036492 0.833347
v -0.345526 -0.050921 0.844252
v -0.344247 -0.050608 0.846345
v -0.306897 -0.036884 0.837172
v -0.307148 -0.037127 0.839545
v -0.331811 -0.040710 0.846235
v -0.341266 -0.044145 0.847954
v -0.321955 -0.037130 0.844444
v -0.312792 -0.033801 0.842779
v -0.338267 -0.035798 0.736531
v -0.347054 -0.038990 0.738128
v -0.356910 -0.042571 0.739919
v -0.366158 -0.045930 0.741600
v -0.333142 -0.034136 0.738642
v -0.328553 -0.033099 0.747439
v -0.369679 -0.048038 0.754889
v -0.369520 -0.047344 0.745142
v -0.349328 -0.046529 0.841092
v -0.308215 -0.031591 0.833587
v -0.347248 -0.046021 0.844493
v -0.345969 -0.045708 0.846585
v -0.308619 -0.031984 0.837413
v -0.308870 -0.032227 0.839785
v -0.328722 -0.267553 0.419358
v -0.339508 -0.271471 0.421318
v -0.349629 -0.275148 0.423158
v -0.331718 -0.270894 0.454317
v -0.335145 -0.271148 0.439799
v -0.341839 -0.274571 0.456157
v -0.345267 -0.274825 0.441639
v -0.360753 -0.279189 0.425180
v -0.337326 -0.271310 0.430559
v -0.337326 -0.271310 0.430559
v -0.347448 -0.274987 0.432398
v -0.347448 -0.274987 0.432398
v -0.330301 -0.270789 0.460318
v -0.330301 -0.270789 0.460318
v -0.340423 -0.274466 0.462157
v -0.340423 -0.274466 0.462157
v -0.337812 -0.286033 0.455594
v -0.337812 -0.286033 0.455594
v -0.327690 -0.282356 0.453754
v -0.327690 -0.282356 0.453754
v -0.331117 -0.282610 0.439237
v -0.341239 -0.286287 0.441076
v -0.343474 -0.285931 0.432389
v -0.344030 -0.284714 0.431921
v -0.333909 -0.281037 0.430081
v -0.333353 -0.282255 0.430550
v -0.342994 -0.286417 0.433640
v -0.332873 -0.282741 0.431801
v -0.232271 -0.271497 0.811296
v -0.232271 -0.271497 0.811296
v -0.236070 -0.260685 0.811827
v -0.246855 -0.264603 0.813787
v -0.243056 -0.275415 0.813256
v -0.243056 -0.275415 0.813256
v -0.244498 -0.261310 0.776127
v -0.268100 -0.272321 0.817648
v -0.276528 -0.272946 0.781948
v -0.277523 -0.277868 0.770468
v -0.277523 -0.277868 0.770468
v -0.279183 -0.273143 0.770700
v -0.279183 -0.273143 0.770700
v -0.253178 -0.279092 0.815096
v -0.253178 -0.279092 0.815096
v -0.256977 -0.268280 0.815627
v -0.264301 -0.283132 0.817118
v -0.264301 -0.283132 0.817118
v -0.247153 -0.261507 0.764878
v -0.247153 -0.261507 0.764878
v -0.268060 -0.269102 0.768678
v -0.257939 -0.265425 0.766838
v -0.256278 -0.270150 0.766606
v -0.256278 -0.270150 0.766606
v -0.256278 -0.270150 0.766606
v -0.251484 -0.276039 0.777557
v -0.261606 -0.279716 0.779396
v -0.240699 -0.272121 0.775596
v -0.272729 -0.283757 0.781418
v -0.266400 -0.273827 0.768446
v -0.266400 -0.273827 0.768446
v -0.266400 -0.273827 0.768446
v -0.245493 -0.266232 0.764646
v -0.245493 -0.266232 0.764646
v -0.320932 -0.266976 0.452357
v -0.312253 -0.254895 0.450662
v -0.315681 -0.255149 0.436144
v -0.324360 -0.267230 0.437839
v -0.366867 -0.274735 0.460588
v -0.352962 -0.278612 0.458178
v -0.356390 -0.278866 0.443660
v -0.370295 -0.274989 0.446070
v -0.351808 -0.260761 0.421844
v -0.349519 -0.260222 0.421432
v -0.354192 -0.260758 0.422266
v -0.356580 -0.260214 0.422681
v -0.358879 -0.259150 0.423074
v -0.361001 -0.257607 0.423430
v -0.362864 -0.255644 0.423734
v -0.364398 -0.253337 0.423975
v -0.365543 -0.250774 0.424144
v -0.366255 -0.248053 0.424234
v -0.366506 -0.245280 0.424242
v -0.366288 -0.242561 0.424168
v -0.365608 -0.240000 0.424014
v -0.364492 -0.237695 0.423786
v -0.362984 -0.235737 0.423494
v -0.361141 -0.234198 0.423147
v -0.359035 -0.233139 0.422761
v -0.356746 -0.232601 0.422348
v -0.354361 -0.232604 0.421927
v -0.351974 -0.233148 0.421511
v -0.349675 -0.234212 0.421118
v -0.347553 -0.235755 0.420763
v -0.345689 -0.237718 0.420459
v -0.344155 -0.240025 0.420218
v -0.343011 -0.242588 0.420049
v -0.342299 -0.245309 0.419958
v -0.342047 -0.248082 0.419950
v -0.342266 -0.250801 0.420025
v -0.342946 -0.253362 0.420179
v -0.344061 -0.255666 0.420406
v -0.345569 -0.257625 0.420699
v -0.347412 -0.259164 0.421045
v -0.355851 -0.265270 0.401559
v -0.352886 -0.264573 0.401025
v -0.358938 -0.265266 0.402105
v -0.362031 -0.264562 0.402643
v -0.365008 -0.263184 0.403152
v -0.367756 -0.261185 0.403612
v -0.370170 -0.258643 0.404006
v -0.372157 -0.255655 0.404318
v -0.373639 -0.252335 0.404537
v -0.374561 -0.248812 0.404654
v -0.374887 -0.245220 0.404665
v -0.374604 -0.241698 0.404568
v -0.373723 -0.238381 0.404369
v -0.372278 -0.235397 0.404074
v -0.370325 -0.232860 0.403695
v -0.367939 -0.230868 0.403247
v -0.365211 -0.229497 0.402746
v -0.362246 -0.228800 0.402212
v -0.359158 -0.228803 0.401666
v -0.356066 -0.229507 0.401127
v -0.353088 -0.230885 0.400619
v -0.350340 -0.232884 0.400158
v -0.347926 -0.235426 0.399765
v -0.345940 -0.238414 0.399452
v -0.344457 -0.241734 0.399233
v -0.343535 -0.245257 0.399116
v -0.343209 -0.248849 0.399106
v -0.343492 -0.252371 0.399202
v -0.344373 -0.255688 0.399402
v -0.345818 -0.258672 0.399696
v -0.347771 -0.261209 0.400075
v -0.350157 -0.263202 0.400524
v -0.356579 -0.261114 0.401633
v -0.354290 -0.260576 0.401221
v -0.358963 -0.261112 0.402055
v -0.361351 -0.260568 0.402470
v -0.363650 -0.259504 0.402863
v -0.365772 -0.257961 0.403219
v -0.367636 -0.255998 0.403523
v -0.369169 -0.253691 0.403764
v -0.370314 -0.251127 0.403933
v -0.371026 -0.248407 0.404023
v -0.371278 -0.245634 0.404031
v -0.371059 -0.242914 0.403957
v -0.370379 -0.240353 0.403803
v -0.369263 -0.238049 0.403575
v -0.367755 -0.236090 0.403283
v -0.365913 -0.234552 0.402936
v -0.363806 -0.233493 0.402550
v -0.361517 -0.232955 0.402138
v -0.359133 -0.232958 0.401716
v -0.356745 -0.233502 0.401300
v -0.354446 -0.234565 0.400907
v -0.352324 -0.236108 0.400552
v -0.350460 -0.238071 0.400248
v -0.348927 -0.240379 0.400007
v -0.347782 -0.242942 0.399838
v -0.347070 -0.245662 0.399747
v -0.346819 -0.248436 0.399739
v -0.347037 -0.251155 0.399814
v -0.347717 -0.253716 0.399968
v -0.348833 -0.256020 0.400195
v -0.350341 -0.257979 0.400488
v -0.352183 -0.259517 0.400834
v -0.281149 -0.268381 0.823682
v -0.324171 -0.256972 0.418414
v -0.226535 -0.248541 0.813756
v -0.359501 -0.279996 0.444226
v -0.321297 -0.266117 0.437282
v -0.380672 -0.244950 0.428256
v -0.370530 -0.273813 0.426839
v -0.334313 -0.228109 0.419830
v -0.357498 -0.280260 0.459003
v -0.316058 -0.265205 0.451471
v -0.230783 -0.227364 0.827966
v -0.285397 -0.247204 0.837892
v -0.386287 -0.228971 0.429040
v -0.339928 -0.212130 0.420614
v -0.291761 -0.226407 0.842806
v -0.296004 -0.212542 0.846081
v -0.296004 -0.212542 0.846081
v -0.237147 -0.206567 0.832880
v -0.241390 -0.192702 0.836155
v -0.241390 -0.192702 0.836155
v -0.331753 -0.199401 0.453385
v -0.335181 -0.199655 0.438867
v -0.389794 -0.219495 0.448793
v -0.386367 -0.219241 0.463311
v -0.343671 -0.201478 0.421137
v -0.343671 -0.201478 0.421137
v -0.351004 -0.204142 0.422470
v -0.383034 -0.215777 0.428291
v -0.390030 -0.218319 0.429562
v -0.390030 -0.218319 0.429562
v -0.361790 -0.208060 0.424430
v -0.371911 -0.211737 0.426269
v -0.337362 -0.199816 0.429627
v -0.252822 -0.196863 0.838361
v -0.284852 -0.208499 0.844182
v -0.273729 -0.204458 0.842160
v -0.263607 -0.200782 0.840321
v -0.384951 -0.219136 0.469312
v -0.339878 -0.215795 0.660235
v -0.307196 -0.213372 0.798674
v -0.304540 -0.213175 0.809922
v -0.249926 -0.193335 0.799996
v -0.306228 -0.197508 0.561508
v -0.330337 -0.199296 0.459386
v -0.252582 -0.193532 0.788748
v -0.391976 -0.219656 0.439553
v -0.383769 -0.215962 0.465589
v -0.387137 -0.216212 0.451323
v -0.284933 -0.205744 0.840071
v -0.294934 -0.209377 0.841889
v -0.294934 -0.209377 0.841889
v -0.254111 -0.192152 0.797885
v -0.245830 -0.191538 0.832964
v -0.245830 -0.191538 0.832964
v -0.352625 -0.202435 0.426112
v -0.346032 -0.200039 0.424914
v -0.346032 -0.200039 0.424914
v -0.338723 -0.198425 0.439478
v -0.338033 -0.198373 0.442399
v -0.389280 -0.216371 0.442244
v -0.387713 -0.215181 0.432490
v -0.387713 -0.215181 0.432490
v -0.256134 -0.195282 0.834837
v -0.265832 -0.198805 0.836599
v -0.274932 -0.202111 0.838253
v -0.381423 -0.212896 0.431347
v -0.371422 -0.209263 0.429529
v -0.362322 -0.205957 0.427875
v -0.340177 -0.198532 0.433319
v -0.387826 -0.216263 0.448403
v -0.382377 -0.215859 0.471485
v -0.334666 -0.198124 0.456664
v -0.333274 -0.198021 0.462560
v -0.358874 -0.214117 0.571044
v -0.256721 -0.192346 0.786832
v -0.303215 -0.209991 0.806810
v -0.305824 -0.210184 0.795757
v -0.288807 -0.194724 0.650919
v -0.294308 -0.211621 0.841106
v -0.294308 -0.211621 0.841106
v -0.245205 -0.193782 0.832182
v -0.245205 -0.193782 0.832182
v -0.386928 -0.217413 0.432380
v -0.386928 -0.217413 0.432380
v -0.345247 -0.202272 0.424805
v -0.345247 -0.202272 0.424805
v -0.333881 -0.200356 0.456555
v -0.337249 -0.200606 0.442289
v -0.386353 -0.218444 0.451214
v -0.382985 -0.218194 0.465479
v -0.351841 -0.204667 0.426003
v -0.380639 -0.215128 0.431237
v -0.361538 -0.208189 0.427765
v -0.370638 -0.211495 0.429419
v -0.339393 -0.200764 0.433209
v -0.255481 -0.197524 0.834175
v -0.284279 -0.207985 0.839409
v -0.274278 -0.204352 0.837591
v -0.265178 -0.201046 0.835937
v -0.381593 -0.218091 0.471375
v -0.337126 -0.214795 0.659734
v -0.305305 -0.212436 0.794523
v -0.302696 -0.212242 0.805577
v -0.253592 -0.194404 0.796652
v -0.308986 -0.198510 0.562010
v -0.332489 -0.200253 0.462451
v -0.256202 -0.194598 0.785599
v -0.388496 -0.218603 0.442134
v -0.360842 -0.217349 0.571435
v -0.285264 -0.195954 0.650309
v -0.337910 -0.212563 0.659844
v -0.309770 -0.196278 0.562119
v -0.358089 -0.216349 0.570934
v -0.288022 -0.196956 0.650810
v -0.331973 -0.278367 0.567126
v -0.341342 -0.272843 0.568712
v -0.327437 -0.276720 0.566301
v -0.351484 -0.243980 0.570128
v -0.325012 -0.222406 0.657690
v -0.325012 -0.222406 0.657690
v -0.345976 -0.223960 0.568890
v -0.345976 -0.223960 0.568890
v -0.306473 -0.275165 0.655102
v -0.357099 -0.228001 0.570912
v -0.357099 -0.228001 0.570912
v -0.336135 -0.226447 0.659712
vt 0.542238 0.610359
vt 0.575887 0.607951
vt 0.573562 0.657358
vt 0.722180 0.725052
vt 0.668397 0.742178
vt 0.670017 0.686156
vt 0.034508 0.125068
vt 0.025520 0.117417
vt 0.049466 0.125769
vt 0.755648 0.712340
vt 0.723407 0.683768
vt 0.783921 0.673782
vt 0.791832 0.706190
vt 0.662286 0.953551
vt 0.662815 0.935245
vt 0.688411 0.941120
vt 0.074938 0.641239
vt 0.073739 0.682919
vt 0.048552 0.675222
vt 0.672428 0.602767
vt 0.674102 0.544876
vt 0.701851 0.549689
vt 0.670665 0.657358
vt 0.719744 0.604846
vt 0.622484 0.603414
vt 0.571256 0.541264
vt 0.672913 0.521613
vt 0.675487 0.522326
vt 0.072700 0.322254
vt 0.049492 0.257495
vt 0.068909 0.254079
vt 0.608035 0.977504
vt 0.593649 0.973945
vt 0.618410 0.961102
vt 0.622502 0.544194
vt 0.619483 0.495378
vt 0.668097 0.483112
vt 0.111340 0.575658
vt 0.115729 0.558587
vt 0.168254 0.571540
vt 0.790102 0.552325
vt 0.794382 0.607268
vt 0.759654 0.608466
vt 0.043598 0.642053
vt 0.033231 0.676063
vt 0.049405 0.157005
vt 0.031232 0.188084
vt 0.191448 0.261772
vt 0.182802 0.275756
vt 0.171866 0.214865
vt 0.049344 0.188242
vt 0.572447 0.685945
vt 0.585729 0.725119
vt 0.545065 0.714216
vt 0.783963 0.657358
vt 0.614979 0.691503
vt 0.618736 0.736151
vt 0.194182 0.362650
vt 0.197966 0.418837
vt 0.182886 0.408889
vt 0.167871 0.583029
vt 0.236495 0.611018
vt 0.751251 0.657358
vt 0.654777 0.685965
vt 0.653091 0.742495
vt 0.602514 0.935797
vt 0.647496 0.930041
vt 0.646793 0.953607
vt 0.883628 0.832377
vt 0.880728 0.942763
vt 0.867788 0.914443
vt 0.264801 0.500455
vt 0.263980 0.542236
vt 0.180227 0.461046
vt 0.726809 0.493795
vt 0.692588 0.963094
vt 0.728803 0.978476
vt 0.718292 0.979356
vt 0.096814 0.320302
vt 0.093282 0.362607
vt 0.147340 0.042418
vt 0.205504 0.017085
vt 0.207823 0.024108
vt 0.204398 0.293006
vt 0.195182 0.309708
vt 0.751984 0.550419
vt 0.210293 0.322706
vt 0.180542 0.351279
vt 0.056865 0.505327
vt 0.053257 0.472983
vt 0.067292 0.466232
vt 0.668611 0.516827
vt 0.667558 0.552125
vt 0.141730 0.056591
vt 0.092402 0.065589
vt 0.047767 0.072695
vt 0.060687 0.088409
vt 0.665933 0.606630
vt 0.606212 0.657358
vt 0.664311 0.883514
vt 0.196177 0.157911
vt 0.167770 0.148497
vt 0.224612 0.091138
vt 0.073598 0.363743
vt 0.079964 0.415466
vt 0.655439 0.657358
vt 0.181494 0.653288
vt 0.180931 0.632940
vt 0.213604 0.635980
vt 0.210158 0.662907
vt 0.238393 0.643516
vt 0.182446 0.205132
vt 0.169818 0.181681
vt 0.699771 0.423813
vt 0.749885 0.416043
vt 0.777547 0.415802
vt 0.758775 0.499308
vt 0.796012 0.509296
vt 0.573463 0.493958
vt 0.524862 0.498574
vt 0.569852 0.388552
vt 0.568430 0.408758
vt 0.534380 0.399106
vt 0.776236 0.385634
vt 0.814070 0.386844
vt 0.602122 0.422550
vt 0.814879 0.417403
vt 0.635668 0.423491
vt 0.601714 0.387934
vt 0.569969 0.367815
vt 0.750359 0.359898
vt 0.750772 0.383300
vt 0.709260 0.376939
vt 0.636065 0.384126
vt 0.559649 0.329289
vt 0.539401 0.369983
vt 0.783305 0.363548
vt 0.782890 0.329289
vt 0.818450 0.329289
vt 0.543265 0.387945
vt 0.599969 0.364415
vt 0.636922 0.365305
vt 0.593355 0.329289
vt 0.558385 0.319496
vt 0.707567 0.319496
vt 0.755485 0.319496
vt 0.751119 0.329289
vt 0.635868 0.329289
vt 0.709520 0.329289
vt 0.562325 0.275292
vt 0.523472 0.319496
vt 0.786488 0.319496
vt 0.826443 0.319496
vt 0.533552 0.329289
vt 0.595945 0.319496
vt 0.586877 0.159546
vt 0.565711 0.161924
vt 0.566797 0.129612
vt 0.513898 0.042747
vt 0.507337 0.066620
vt 0.540503 0.064207
vt 0.754753 0.275292
vt 0.782242 0.275292
vt 0.614056 0.201312
vt 0.590309 0.210004
vt 0.566081 0.211406
vt 0.458004 0.023894
vt 0.456175 0.084629
vt 0.592696 0.110602
vt 0.582367 0.129903
vt 0.746903 0.096115
vt 0.766307 0.102156
vt 0.770362 0.154122
vt 0.546461 0.151885
vt 0.608951 0.149353
vt 0.723322 0.149514
vt 0.679918 0.136076
vt 0.717674 0.080156
vt 0.593985 0.275292
vt 0.592026 0.231087
vt 0.616608 0.231087
vt 0.545058 0.207650
vt 0.566265 0.231087
vt 0.759468 0.202610
vt 0.784814 0.202509
vt 0.777997 0.231087
vt 0.726516 0.202601
vt 0.754021 0.231087
vt 0.814190 0.275292
vt 0.824602 0.069354
vt 0.812746 0.087461
vt 0.796393 0.034967
vt 0.539725 0.040576
vt 0.628574 0.063651
vt 0.764052 0.032937
vt 0.776788 0.031525
vt 0.788148 0.099701
vt 0.798447 0.156114
vt 0.539120 0.022212
vt 0.875669 0.117262
vt 0.837710 0.134845
vt 0.540973 0.078482
vt 0.761212 0.017877
vt 0.748747 0.037713
vt 0.780328 0.020319
vt 0.630553 0.041319
vt 0.617718 0.015061
vt 0.605432 0.083742
vt 0.740305 0.029481
vt 0.071697 0.543291
vt 0.093276 0.052700
vt 0.056760 0.557458
vt 0.064560 0.421050
vt 0.409115 0.741746
vt 0.444086 0.742655
vt 0.447145 0.765018
vt 0.943318 0.783001
vt 0.917234 0.787160
vt 0.911044 0.762254
vt 0.377116 0.749946
vt 0.365508 0.730473
vt 0.921955 0.818007
vt 0.887725 0.807939
vt 0.903918 0.683551
vt 0.887881 0.752331
vt 0.939036 0.683551
vt 0.975513 0.683551
vt 0.962901 0.757468
vt 0.436750 0.716137
vt 0.424887 0.653259
vt 0.468015 0.653259
vt 0.861825 0.750699
vt 0.856609 0.683551
vt 0.894106 0.778532
vt 0.872087 0.774900
vt 0.476861 0.748665
vt 0.383034 0.771102
vt 0.359191 0.775677
vt 0.906068 0.608259
vt 0.884521 0.683551
vt 0.945762 0.594271
vt 0.423911 0.562373
vt 0.418751 0.542915
vt 0.440035 0.544592
vt 0.871563 0.590619
vt 0.876399 0.568107
vt 0.890268 0.572945
vt 0.395869 0.559000
vt 0.398484 0.719323
vt 0.359896 0.653259
vt 0.923418 0.538604
vt 0.945046 0.539270
vt 0.940737 0.573958
vt 0.415363 0.508778
vt 0.435250 0.507556
vt 0.441820 0.496690
vt 0.450685 0.501131
vt 0.397607 0.510133
vt 0.397063 0.541501
vt 0.369807 0.562082
vt 0.380594 0.545276
vt 0.927062 0.601480
vt 0.902186 0.579419
vt 0.865744 0.546849
vt 0.873679 0.544794
vt 0.449013 0.508873
vt 0.450616 0.524397
vt 0.886212 0.517403
vt 0.899396 0.537659
vt 0.882576 0.527079
vt 0.381400 0.513374
vt 0.923957 0.576415
vt 0.425184 0.469810
vt 0.433111 0.472022
vt 0.924658 0.496706
vt 0.905034 0.498578
vt 0.910071 0.469998
vt 0.394873 0.478404
vt 0.383750 0.480144
vt 0.389588 0.456094
vt 0.410668 0.472730
vt 0.397020 0.457929
vt 0.945675 0.501562
vt 0.402423 0.443069
vt 0.406500 0.451142
vt 0.415128 0.441251
vt 0.416609 0.448104
vt 0.426169 0.448153
vt 0.423793 0.451967
vt 0.901552 0.464437
vt 0.913891 0.456060
vt 0.436317 0.468385
vt 0.465521 0.479698
vt 0.467683 0.481412
vt 0.463897 0.475429
vt 0.856642 0.515402
vt 0.859922 0.515673
vt 0.879595 0.544531
vt 0.862072 0.515450
vt 0.452131 0.490638
vt 0.858111 0.510965
vt 0.860527 0.510882
vt 0.470398 0.477409
vt 0.474338 0.482469
vt 0.864410 0.508745
vt 0.265005 0.358794
vt 0.271450 0.337799
vt 0.283159 0.367174
vt 0.449298 0.303727
vt 0.401088 0.294439
vt 0.406312 0.266828
vt 0.412435 0.386997
vt 0.405104 0.375605
vt 0.232144 0.224070
vt 0.241618 0.204608
vt 0.249647 0.212392
vt 0.389090 0.201520
vt 0.448945 0.209424
vt 0.446984 0.227005
vt 0.466429 0.308579
vt 0.453902 0.255172
vt 0.257505 0.329217
vt 0.264698 0.311058
vt 0.314364 0.200926
vt 0.318501 0.209343
vt 0.264249 0.188561
vt 0.368280 0.402322
vt 0.316338 0.388781
vt 0.360994 0.388543
vt 0.384952 0.289647
vt 0.385562 0.264968
vt 0.357790 0.208763
vt 0.359120 0.216905
vt 0.269134 0.174840
vt 0.468089 0.248350
vt 0.281207 0.374029
vt 0.390052 0.214375
vt 0.894620 0.491090
vt 0.944254 0.473246
vt 0.444287 0.490954
vt 0.912226 0.925532
vt 0.949654 0.914676
vt 0.931925 0.951761
vt 0.377973 0.882511
vt 0.359288 0.820400
vt 0.402613 0.813822
vt 0.470337 0.847140
vt 0.435781 0.881769
vt 0.438146 0.808629
vt 0.406120 0.924824
vt 0.391261 0.938782
vt 0.868424 0.922462
vt 0.877040 0.842066
vt 0.911420 0.847308
vt 0.977665 0.899597
vt 0.949654 0.914289
vt 0.934922 0.856886
vt 0.430409 0.848367
vt 0.416200 0.865121
vt 0.867357 0.940735
vt 0.469824 0.797916
vt 0.439992 0.803092
vt 0.425760 0.808875
vt 0.411062 0.758372
vt 0.951581 0.808547
vt 0.962619 0.859886
vt 0.863436 0.799361
vt 0.842706 0.812332
vt 0.889988 0.601902
vt 0.453593 0.562096
vt 0.389469 0.653259
vt 0.939051 0.760092
vt 0.963366 0.779642
vt 0.543134 0.678537
vt 0.548480 0.657358
vt 0.754145 0.677597
vt 0.725448 0.657358
vt 0.542521 0.611334
vt 0.549235 0.657358
vt 0.575566 0.657358
vt 0.670022 0.685978
vt 0.668420 0.741406
vt 0.712769 0.725536
vt 0.895832 0.969070
vt 0.904870 0.953258
vt 0.879686 0.940393
vt 0.292522 0.091685
vt 0.327097 0.120020
vt 0.323824 0.152340
vt 0.583907 0.939348
vt 0.597521 0.893028
vt 0.568817 0.904292
vt 0.385352 0.942785
vt 0.420121 0.916792
vt 0.414098 0.887560
vt 0.650584 0.826515
vt 0.590258 0.825293
vt 0.592743 0.853181
vt 0.723654 0.683014
vt 0.756958 0.712373
vt 0.753668 0.676527
vt 0.793626 0.702623
vt 0.693356 0.962104
vt 0.710667 0.947462
vt 0.101867 0.678589
vt 0.701021 0.550206
vt 0.674077 0.545741
vt 0.672415 0.603204
vt 0.719167 0.604745
vt 0.626941 0.604880
vt 0.627617 0.546493
vt 0.573875 0.543210
vt 0.578153 0.609081
vt 0.674772 0.523201
vt 0.759964 0.857142
vt 0.722161 0.841066
vt 0.717132 0.887858
vt 0.567179 0.964517
vt 0.608470 0.978012
vt 0.668787 0.482285
vt 0.624875 0.497757
vt 0.763477 0.930922
vt 0.749229 0.974100
vt 0.758306 0.607880
vt 0.792315 0.606296
vt 0.787510 0.551816
vt 0.119683 0.679067
vt 0.105536 0.642478
vt 0.499753 0.835504
vt 0.495137 0.832439
vt 0.445028 0.869112
vt 0.372668 0.166761
vt 0.864036 0.936933
vt 0.866764 0.914244
vt 0.574605 0.685802
vt 0.543726 0.679288
vt 0.542081 0.712122
vt 0.750687 0.657358
vt 0.782751 0.657358
vt 0.617627 0.691021
vt 0.578893 0.722669
vt 0.566650 0.861378
vt 0.718923 0.828840
vt 0.666059 0.823058
vt 0.665826 0.831124
vt 0.654719 0.687905
vt 0.619287 0.738044
vt 0.617528 0.961784
vt 0.649816 0.852257
vt 0.555090 0.928483
vt 0.724866 0.494443
vt 0.706676 0.983243
vt 0.552556 0.825921
vt 0.653125 0.741345
vt 0.750149 0.550360
vt 0.648486 0.896835
vt 0.518902 0.773856
vt 0.668567 0.518312
vt 0.668893 0.508743
vt 0.765769 0.837310
vt 0.665869 0.608763
vt 0.667489 0.554446
vt 0.609300 0.657358
vt 0.755054 0.902113
vt 0.120700 0.699703
vt 0.098811 0.705697
vt 0.151357 0.668023
vt 0.144166 0.691729
vt 0.148476 0.637783
vt 0.124292 0.641681
vt 0.702327 0.423682
vt 0.677298 0.481104
vt 0.751250 0.414934
vt 0.756252 0.499564
vt 0.792815 0.509051
vt 0.576641 0.496060
vt 0.525104 0.500312
vt 0.531603 0.570218
vt 0.538574 0.383636
vt 0.528796 0.394232
vt 0.564482 0.404729
vt 0.814989 0.414840
vt 0.813902 0.385317
vt 0.777121 0.384623
vt 0.599725 0.419276
vt 0.778562 0.414040
vt 0.635255 0.421230
vt 0.600439 0.385413
vt 0.599317 0.362351
vt 0.567390 0.364818
vt 0.711077 0.377612
vt 0.751727 0.382982
vt 0.637063 0.382771
vt 0.566641 0.385053
vt 0.535100 0.366046
vt 0.558128 0.329289
vt 0.821401 0.368405
vt 0.819422 0.329289
vt 0.782628 0.329289
vt 0.784210 0.362504
vt 0.638617 0.364345
vt 0.596935 0.319496
vt 0.562351 0.319496
vt 0.708972 0.319496
vt 0.710837 0.329289
vt 0.638860 0.329289
vt 0.593900 0.329289
vt 0.707700 0.359429
vt 0.523180 0.319496
vt 0.564052 0.275292
vt 0.828354 0.319496
vt 0.785076 0.319496
vt 0.529698 0.329289
vt 0.644447 0.319496
vt 0.587171 0.159625
vt 0.581909 0.130002
vt 0.564979 0.129995
vt 0.518036 0.042913
vt 0.543855 0.040653
vt 0.544713 0.064282
vt 0.755550 0.319496
vt 0.617130 0.201098
vt 0.611062 0.149037
vt 0.564211 0.162378
vt 0.565240 0.211489
vt 0.511556 0.066808
vt 0.460455 0.084991
vt 0.462078 0.024250
vt 0.592904 0.110456
vt 0.550770 0.116476
vt 0.746357 0.096750
vt 0.723083 0.150437
vt 0.770211 0.154752
vt 0.543165 0.152718
vt 0.716949 0.080941
vt 0.620163 0.231087
vt 0.593556 0.231087
vt 0.595246 0.275292
vt 0.542557 0.208552
vt 0.542253 0.231087
vt 0.565754 0.231087
vt 0.759425 0.203349
vt 0.726655 0.203513
vt 0.728441 0.231087
vt 0.815364 0.275292
vt 0.802374 0.231087
vt 0.824100 0.069415
vt 0.797419 0.033259
vt 0.795588 0.035116
vt 0.634685 0.041087
vt 0.632782 0.063427
vt 0.763151 0.033293
vt 0.765846 0.102687
vt 0.787736 0.100089
vt 0.812328 0.087654
vt 0.798402 0.156611
vt 0.543188 0.022292
vt 0.875638 0.117126
vt 0.545232 0.078555
vt 0.747832 0.038183
vt 0.760203 0.018214
vt 0.779383 0.020531
vt 0.775905 0.031794
vt 0.621760 0.014874
vt 0.609709 0.083597
vt 0.739317 0.029986
vt 0.455808 0.101231
vt 0.460548 0.122934
vt 0.434900 0.145983
vt 0.372728 0.142874
vt 0.422640 0.119312
vt 0.441766 0.884784
vt 0.845227 0.850776
vt 0.852333 0.919898
vt 0.410188 0.741494
vt 0.412020 0.758865
vt 0.451305 0.766454
vt 0.943485 0.779750
vt 0.938869 0.756692
vt 0.910605 0.758866
vt 0.399485 0.718499
vt 0.366095 0.729182
vt 0.377260 0.748871
vt 0.893971 0.805985
vt 0.922296 0.817911
vt 0.916516 0.784660
vt 0.887623 0.748340
vt 0.904409 0.683551
vt 0.939172 0.683551
vt 0.962658 0.753828
vt 0.468327 0.653259
vt 0.425438 0.653259
vt 0.438178 0.715120
vt 0.885204 0.683551
vt 0.857637 0.683551
vt 0.861892 0.746000
vt 0.871207 0.770040
vt 0.475393 0.722336
vt 0.446546 0.742302
vt 0.357217 0.773402
vt 0.381891 0.770632
vt 0.907323 0.605556
vt 0.975297 0.683551
vt 0.946732 0.592125
vt 0.453443 0.561144
vt 0.439879 0.543826
vt 0.418708 0.542274
vt 0.892173 0.570394
vt 0.878420 0.565336
vt 0.873370 0.587659
vt 0.396049 0.558401
vt 0.390225 0.653259
vt 0.360834 0.653259
vt 0.925259 0.536662
vt 0.925199 0.574261
vt 0.941869 0.571978
vt 0.434930 0.507016
vt 0.415152 0.508337
vt 0.448629 0.508253
vt 0.450253 0.500543
vt 0.397494 0.509784
vt 0.397134 0.540991
vt 0.380779 0.544842
vt 0.928155 0.599113
vt 0.903767 0.577054
vt 0.876096 0.541731
vt 0.868120 0.543628
vt 0.450301 0.523687
vt 0.888831 0.515235
vt 0.885132 0.524700
vt 0.901492 0.535349
vt 0.381389 0.513104
vt 0.424717 0.469504
vt 0.441411 0.496170
vt 0.929425 0.459751
vt 0.913002 0.468729
vt 0.907656 0.496897
vt 0.394594 0.478225
vt 0.396613 0.457831
vt 0.389203 0.456048
vt 0.410283 0.472489
vt 0.406013 0.451018
vt 0.946648 0.537648
vt 0.947769 0.500379
vt 0.401904 0.443004
vt 0.416063 0.447935
vt 0.425585 0.447933
vt 0.414549 0.441113
vt 0.916956 0.455006
vt 0.435792 0.468028
vt 0.423238 0.451744
vt 0.466766 0.481172
vt 0.464606 0.479478
vt 0.462970 0.475240
vt 0.451640 0.490098
vt 0.863056 0.513013
vt 0.859821 0.512658
vt 0.867756 0.506208
vt 0.865208 0.512920
vt 0.881934 0.541555
vt 0.443837 0.490450
vt 0.863799 0.508253
vt 0.861392 0.508277
vt 0.473391 0.482191
vt 0.469446 0.477177
vt 0.137352 0.717186
vt 0.180418 0.686313
vt 0.190335 0.723344
vt 0.170378 0.720863
vt 0.066054 0.700358
vt 0.202268 0.681436
vt 0.203158 0.715626
vt 0.182609 0.673957
vt 0.200108 0.671279
vt 0.121515 0.715424
vt 0.125564 0.719326
vt 0.122659 0.727979
vt 0.100064 0.753502
vt 0.105720 0.772446
vt 0.084535 0.783930
vt 0.139157 0.777669
vt 0.124739 0.777952
vt 0.130996 0.761301
vt 0.093948 0.724761
vt 0.061806 0.724728
vt 0.113664 0.797621
vt 0.137189 0.800466
vt 0.160692 0.795543
vt 0.204348 0.723114
vt 0.184476 0.775533
vt 0.116551 0.758620
vt 0.115048 0.775519
vt 0.068946 0.760487
vt 0.156927 0.742108
vt 0.136623 0.741713
vt 0.159272 0.761564
vt 0.120262 0.736819
vt 0.432619 0.471665
vt 0.927064 0.495303
vt 0.383532 0.480022
vt 0.897469 0.489367
vt 0.946733 0.472381
vt 0.394803 0.060411
vt 0.483712 0.818829
vt 0.473210 0.795376
vt 0.438718 0.805163
vt 0.884342 0.829665
vt 0.873148 0.829275
vt 0.875974 0.876060
vt 0.347368 0.058464
vt 0.412676 0.875465
vt 0.411772 0.903837
vt 0.422938 0.892365
vt 0.906076 0.843016
vt 0.887758 0.886359
vt 0.403043 0.808379
vt 0.360894 0.812891
vt 0.352994 0.882605
vt 0.385027 0.901486
vt 0.850370 0.849126
vt 0.876059 0.870783
vt 0.423804 0.809346
vt 0.952826 0.805235
vt 0.935172 0.857192
vt 0.866696 0.795325
vt 0.831048 0.779980
vt 0.842558 0.807934
vt 0.891478 0.599068
vt 0.423949 0.561590
vt 0.370154 0.561611
vt 0.963569 0.775842
vt 0.480159 0.744986
vt 0.892984 0.775033
vt 0.782792 0.672435
vt 0.206670 0.449122
vt 0.623665 0.893015
vt 0.957181 0.943980
vt 0.945779 0.905375
vt 0.898582 0.971186
vt 0.167553 0.090188
vt 0.456863 0.880664
vt 0.413198 0.892084
vt 0.349120 0.882413
vt 0.371703 0.237584
vt 0.327035 0.228880
vt 0.328184 0.241383
vt 0.246625 0.286309
vt 0.250212 0.254677
vt 0.257455 0.282867
vt 0.265920 0.252985
vt 0.247500 0.238989
vt 0.244788 0.223300
vt 0.270045 0.213873
vt 0.273499 0.228890
vt 0.350270 0.352574
vt 0.292729 0.311408
vt 0.321181 0.315602
vt 0.300900 0.338744
vt 0.238446 0.254053
vt 0.387235 0.328921
vt 0.373915 0.310012
vt 0.354080 0.321013
vt 0.278714 0.311233
vt 0.281628 0.251293
vt 0.165214 0.977873
vt 0.295366 0.860010
vt 0.295363 0.978649
vt 0.308067 0.834296
vt 0.308067 0.805493
vt 0.283373 0.805493
vt 0.167086 0.805493
vt 0.283373 0.834296
vt 0.317954 0.805493
vt 0.317954 0.834296
vt 0.227713 0.833203
vt 0.167086 0.853127
vt 0.224377 0.837649
vt 0.396734 0.034675
vt 0.342661 0.036750
vt 0.968071 0.855538
vt 0.943283 0.905666
vt 0.169542 0.966026
vt 0.132550 0.966026
vt 0.132550 0.956233
vt 0.132550 0.934228
vt 0.169542 0.934228
vt 0.132550 0.916581
vt 0.169542 0.916581
vt 0.031832 0.965225
vt 0.020469 0.915437
vt 0.043196 0.915437
vt 0.058440 0.975401
vt 0.058438 0.916040
vt 0.112130 0.975360
vt 0.169542 0.956233
vt 0.487666 0.773506
vt 0.171572 0.746181
vt 0.124934 0.732536
vt 0.287178 0.281351
vt 0.272317 0.282109
vt 0.781542 0.275292
vt 0.632305 0.275292
vt 0.718707 0.275292
vt 0.532717 0.275292
vt 0.640880 0.319496
vt 0.717840 0.275292
vt 0.544356 0.231087
vt 0.784806 0.203244
vt 0.814144 0.198145
vt 0.837682 0.135014
vt 0.591428 0.209892
vt 0.813861 0.197525
vt 0.801937 0.231087
vt 0.131931 0.089595
vt 0.092605 0.111173
vt 0.130133 0.115258
vt 0.128335 0.140921
vt 0.096309 0.089002
vt 0.089581 0.152614
vt 0.089443 0.145767
vt 0.090176 0.164788
vt 0.089567 0.133573
vt 0.126963 0.140989
vt 0.121545 0.170125
vt 0.124321 0.170693
vt 0.128905 0.153806
vt 0.128723 0.159989
vt 0.110940 0.142356
vt 0.109008 0.141985
vt 0.930395 0.328437
vt 0.917094 0.333083
vt 0.917569 0.369214
vt 0.969250 0.404806
vt 0.975316 0.389367
vt 0.962493 0.378804
vt 0.903269 0.385949
vt 0.902216 0.387231
vt 0.916208 0.378321
vt 0.903526 0.329273
vt 0.953730 0.402502
vt 0.970302 0.403523
vt 0.907445 0.402019
vt 0.906392 0.403302
vt 0.963546 0.377521
vt 0.949554 0.386432
vt 0.952677 0.403784
vt 0.924017 0.403041
vt 0.922964 0.404323
vt 0.929031 0.388884
vt 0.948501 0.387714
vt 0.930084 0.387602
vt 0.963854 0.369696
vt 0.949960 0.376584
vt 0.976369 0.388085
vt 0.917260 0.377039
vt 0.954326 0.388365
vt 0.908040 0.387882
vt 0.924632 0.388275
vt 0.976806 0.377219
vt 0.970918 0.388757
vt 0.903675 0.376102
vt 0.930521 0.376737
vt 0.961681 0.308759
vt 0.948078 0.300384
vt 0.948790 0.316539
vt 0.975659 0.315703
vt 0.974947 0.299668
vt 0.908441 0.322273
vt 0.925047 0.321757
vt 0.953705 0.309538
vt 0.970311 0.309022
vt 0.962358 0.320348
vt 0.902814 0.313118
vt 0.902190 0.306544
vt 0.907035 0.290750
vt 0.961067 0.303225
vt 0.947454 0.293809
vt 0.907672 0.298851
vt 0.916417 0.321494
vt 0.929683 0.312403
vt 0.924278 0.298409
vt 0.952936 0.286117
vt 0.969543 0.285674
vt 0.968905 0.277671
vt 0.952299 0.278016
vt 0.923641 0.290406
vt 0.915803 0.315960
vt 0.929061 0.305986
vt 0.974325 0.293251
vt 0.511843 0.086127
vt 0.846464 0.828530
vt 0.385185 0.901385
vt 0.905473 0.898137
vt 0.882014 0.885029
vt 0.423717 0.809309
vt 0.413064 0.875852
vt 0.419322 0.865700
vt 0.441412 0.842059
vt 0.914660 0.925211
vt 0.129680 0.173456
vt 0.088900 0.133345
vt 0.089543 0.165231
vt 0.281989 0.119038
vt 0.531711 0.568616
vt 0.579255 0.967088
vt 0.668874 0.508030
vt 0.024743 0.643040
vt 0.231797 0.617687
vt 0.678543 0.479959
vt 0.709058 0.982867
vt 0.229168 0.131129
vt 0.233237 0.678122
vt 0.706072 0.358386
vt 0.822176 0.369356
vt 0.533914 0.275292
vt 0.553894 0.115890
vt 0.628744 0.275292
vt 0.728113 0.231087
vt 0.798232 0.033127
vt 0.473745 0.724900
vt 0.926572 0.460696
vt 0.469381 0.474541
vt 0.413506 0.894237
vt 0.853134 0.920292
vt 0.381151 0.910400
vt 0.674745 0.522638
vt 0.775409 0.967060
vt 0.539801 0.964840
vt 0.814427 0.788243
vt 0.679477 0.137260
vt 0.904657 0.463125
vt 0.468420 0.474329
vt 0.418934 0.864925
vt 0.914774 0.925265
vt 0.488668 0.837436
vt 0.414662 0.894342
vt 0.323005 0.954527
vt 0.165212 0.860010
vt 0.323005 0.883620
vt 0.334072 0.919073
vt 0.977605 0.898763
vt 0.057367 0.933206
vt 0.052310 0.955364
vt 0.011355 0.955364
vt 0.006298 0.933206
vt 0.112121 0.856679
vt 0.058436 0.856679
vt 0.128239 0.172840
vt 0.438632 0.805127
vt 0.929436 0.576352
vt 0.929436 0.543622
vt 0.956047 0.543622
vt 1.024806 0.526717
vt 1.025628 0.553878
vt 1.034828 0.544982
vt 0.956047 0.576352
vt 0.980110 0.576352
vt 0.964788 0.542427
vt 0.188444 0.576352
vt 0.197825 0.541171
vt 0.299661 0.576352
vt 0.175010 0.576352
vt 0.142507 0.576352
vt 0.166158 0.541096
vt 0.222314 0.511049
vt 0.222352 0.511049
vt 0.210692 0.511049
vt 0.956047 0.511049
vt 1.034528 0.535041
vt 0.984192 0.524767
vt 0.883485 0.479297
vt 0.936861 0.296914
vt 0.876215 0.576352
vt 0.902825 0.576352
vt 0.902825 0.543622
vt 0.902825 0.511049
vt 0.908788 0.511049
vt 0.946002 0.576352
vt 0.851693 0.576352
vt 0.180983 0.576352
vt 0.644846 0.576352
vt 0.899477 0.576352
vt 0.194184 0.576352
vt 0.707907 0.576352
vt 0.601515 0.576352
vt 0.651970 0.479937
vt 0.705492 0.296914
vt 0.835341 0.543622
vt 0.332807 0.511049
vt 0.299661 0.511049
vt 0.332807 0.576352
vt 0.299661 0.541171
vt 0.922740 0.576352
vt 0.670692 0.541170
vt 0.929436 0.511049
vt 0.694959 0.254892
vt 0.912339 0.296914
vt 0.927016 0.254892
vt 0.731692 0.254892
vt 0.738235 0.296914
vt 0.954526 0.254892
vt 0.705718 0.254892
vt 0.921009 0.296914
vt 0.946468 0.254892
vt 0.637584 0.501936
vt 0.644960 0.510550
vt 0.654898 0.509034
vt 0.642528 0.519886
vt 0.184428 0.519850
vt 0.210058 0.519871
vt 0.299661 0.519871
vt 0.715082 0.296914
vt 0.612929 0.511049
vt 0.601515 0.519885
vt 0.601515 0.541170
vt 0.609829 0.783883
vt 0.634484 0.774771
vt 0.332807 0.519873
vt 0.332807 0.541170
vt 0.451176 0.541170
vt 0.451176 0.519878
vt 0.451176 0.511049
vt 0.451176 0.576352
vt 0.560593 0.511049
vt 0.486687 0.511049
vt 0.560593 0.576352
vt 0.486687 0.576352
vt 0.486687 0.541170
vt 0.715719 0.823936
vt 0.716009 0.750031
vt 0.486687 0.519879
vt 0.560593 0.519884
vt 0.560593 0.541170
vt 0.477425 0.433173
vt 0.499290 0.448680
vt 0.577458 0.417779
vt 0.567610 0.392847
vt 0.680741 0.394645
vt 0.681141 0.416630
vt 0.956047 0.532105
vt 0.898336 0.506399
vt 0.874059 0.516045
vt 0.875705 0.511504
vt 0.870852 0.512213
vt 0.885685 0.490523
vt 0.887885 0.501749
vt 0.875799 0.511504
vt 0.874338 0.516043
vt 0.956047 0.520589
vt 0.929436 0.520589
vt 0.872877 0.520582
vt 0.854109 0.532102
vt 0.850670 0.528271
vt 0.865999 0.512921
vt 0.929679 0.296914
vt 0.902825 0.520589
vt 0.853877 0.532104
vt 0.902825 0.532105
vt 0.929436 0.532105
vt 0.862504 0.522157
vt 0.862365 0.522158
vt 0.872414 0.520586
vt 0.936742 0.254892
vt 0.601515 0.511049
vt 0.645483 0.828839
vt 0.634069 0.828839
vt 0.539507 0.717225
vt 0.528603 0.688745
vt 0.509248 0.694141
vt 0.496951 0.669733
vt 0.498585 0.717225
vt 0.509166 0.660742
vt 0.478067 0.653054
vt 0.476592 0.661084
vt 0.694066 0.211890
vt 0.960055 0.211890
vt 0.705574 0.211890
vt 0.733355 0.211890
vt 0.930631 0.211890
vt 0.951437 0.211890
vt 0.941034 0.211890
vt 0.818924 0.529277
vt 0.818924 0.523326
vt 0.816434 0.523326
vt 0.946072 0.211890
vt 0.708049 0.211890
vt 0.714581 0.211890
vt 0.735257 0.211890
vt 0.714340 0.211890
vt 0.928197 0.211890
vt 0.735203 0.211890
vt 0.928127 0.211890
vt 0.941299 0.211890
vt 0.941177 0.211890
vt 0.936309 0.211890
vt 0.936182 0.211890
vt 0.096956 0.331954
vt 0.154397 0.294225
vt 0.003298 0.294150
vt 0.698158 0.529277
vt 0.698158 0.523326
vt 0.708944 0.523326
vt 0.816370 0.529277
vt 0.813764 0.529277
vt 0.813764 0.523326
vt 0.708916 0.529277
vt 0.698032 0.523326
vt 0.809598 0.529277
vt 0.809598 0.523326
vt 0.694750 0.529277
vt 0.694750 0.523326
vt 0.698032 0.529277
vt 0.885950 0.730583
vt 0.878499 0.747509
vt 0.915688 0.686763
vt 0.805100 0.730583
vt 0.829756 0.668876
vt 0.177651 0.730583
vt 0.147802 0.730583
vt 0.147802 0.668876
vt 0.109806 0.730583
vt 0.109806 0.747509
vt 0.109806 0.677339
vt 0.147802 0.747509
vt 0.128804 0.747509
vt 0.177651 0.747509
vt 0.147802 0.772015
vt 0.128804 0.730583
vt 0.109806 0.668876
vt 0.128804 0.668876
vt 0.177651 0.772015
vt 0.189988 0.747509
vt 0.805100 0.747509
vt 0.378615 0.677461
vt 0.400268 0.677461
vt 0.400268 0.653460
vt 0.189988 0.730583
vt 0.189988 0.668876
vt 0.177651 0.668876
vt 0.781973 0.747509
vt 0.547330 0.747509
vt 0.554961 0.668876
vt 0.547330 0.634715
vt 0.361730 0.747509
vt 0.361730 0.730583
vt 0.128804 0.768304
vt 0.132515 0.772015
vt 0.129891 0.770928
vt 0.781973 0.757612
vt 0.878499 0.770623
vt 0.805100 0.770623
vt 0.402914 0.644744
vt 0.402914 0.683863
vt 0.442785 0.683863
vt 0.109806 0.611941
vt 0.116472 0.611941
vt 0.781973 0.730583
vt 0.806629 0.668876
vt 0.365498 0.644744
vt 0.324379 0.644744
vt 0.324379 0.683863
vt 0.013301 0.676176
vt 0.003880 0.676176
vt 0.003880 0.683210
vt 0.109806 0.669694
vt 0.013301 0.669694
vt 0.109806 0.697840
vt 0.013301 0.697840
vt 0.013301 0.690525
vt 0.109806 0.664012
vt 0.013301 0.664012
vt 0.109806 0.704873
vt 0.013301 0.704873
vt 0.109806 0.659349
vt 0.013301 0.659349
vt 0.109806 0.711356
vt 0.013301 0.711356
vt 0.109806 0.655884
vt 0.013301 0.655884
vt 0.109806 0.727299
vt 0.013301 0.727299
vt 0.013301 0.728019
vt 0.109806 0.717037
vt 0.013301 0.717037
vt 0.109806 0.653751
vt 0.013301 0.653751
vt 0.109806 0.725165
vt 0.013301 0.725165
vt 0.109806 0.721700
vt 0.013301 0.721700
vt 0.109806 0.653030
vt 0.013301 0.653030
vt 0.109806 0.728019
vt 0.109806 0.690525
vt 0.109806 0.676176
vt 0.109806 0.683210
vt 0.013301 0.683210
vt 0.036461 0.964834
vt 0.036729 0.968035
vt 0.008834 0.968035
vt 0.017452 0.684877
vt 0.003879 0.684877
vt 0.003879 0.690525
vt 0.017452 0.679446
vt 0.003879 0.679446
vt 0.003880 0.697840
vt 0.017452 0.674441
vt 0.003879 0.674441
vt 0.003880 0.704873
vt 0.017452 0.670054
vt 0.003879 0.670054
vt 0.003880 0.711356
vt 0.003880 0.728019
vt 0.003880 0.727299
vt 0.017452 0.666454
vt 0.003879 0.666454
vt 0.003880 0.717037
vt 0.003880 0.725165
vt 0.017452 0.663778
vt 0.003879 0.663778
vt 0.003880 0.721700
vt 0.017452 0.662131
vt 0.003879 0.662131
vt 0.017452 0.661575
vt 0.003879 0.661575
vt 0.003880 0.659349
vt 0.003879 0.701604
vt 0.003879 0.706609
vt 0.003880 0.664012
vt 0.003879 0.696173
vt 0.003880 0.669694
vt 0.003880 0.655884
vt 0.003879 0.718919
vt 0.003879 0.719475
vt 0.003879 0.710996
vt 0.003880 0.653751
vt 0.003879 0.717271
vt 0.003879 0.714596
vt 0.003880 0.653030
vt 0.017452 0.690525
vt 0.017452 0.696173
vt 0.017452 0.701604
vt 0.017452 0.719475
vt 0.017452 0.706609
vt 0.017452 0.718919
vt 0.017452 0.710996
vt 0.017452 0.717271
vt 0.017452 0.714596
vt 0.544303 0.747509
vt 0.820012 0.634715
vt 0.177651 0.634715
vt 0.361730 0.668876
vt 0.189989 0.634715
vt 0.913052 0.685803
vt 0.843139 0.634715
vt 0.568182 0.668876
vt 0.568182 0.730583
vt 0.922268 0.641870
vt 0.109806 0.638100
vt 0.147802 0.634715
vt 0.109806 0.634715
vt 0.828933 0.611941
vt 0.821429 0.611941
vt 0.844154 0.611941
vt 0.147802 0.611941
vt 0.128804 0.611941
vt 0.135139 0.611941
vt 0.189989 0.611941
vt 0.177651 0.611941
vt 0.183137 0.611941
vt 0.361730 0.611941
vt 0.195259 0.611941
vt 0.852061 0.611941
vt 0.917204 0.611941
vt 0.128804 0.634715
vt 0.135139 0.607169
vt 0.116472 0.607169
vt 0.147802 0.607169
vt 0.153807 0.611941
vt 0.153807 0.607169
vt 0.183137 0.607169
vt 0.917451 0.611941
vt 0.918587 0.607169
vt 0.195259 0.607169
vt 0.544303 0.607169
vt 0.544303 0.611941
vt 0.846465 0.607169
vt 0.823739 0.607169
vt 0.926655 0.611941
vt 0.926404 0.611941
vt 0.361730 0.607169
vt 0.361730 0.634715
vt 0.447709 0.668876
vt 0.359893 0.668876
vt 0.359893 0.634715
vt 0.359893 0.747509
vt 0.359893 0.730583
vt 0.447709 0.730583
vt 0.432901 0.747509
vt 0.278730 0.747509
vt 0.544303 0.730583
vt 0.544303 0.668876
vt 0.544303 0.634715
vt 0.655793 0.653113
vt 0.655793 0.677620
vt 0.317757 0.573196
vt 0.398796 0.573196
vt 0.921063 0.641486
vt 0.481929 0.723208
vt 0.481929 0.729878
vt 0.552065 0.729878
vt 0.481929 0.732641
vt 0.552065 0.732641
vt 0.552065 0.723208
vt 0.552065 0.659427
vt 0.481929 0.659427
vt 0.342519 0.565813
vt 0.377258 0.565813
vt 0.560803 0.668876
vt 0.560803 0.732606
vt 0.568182 0.634715
vt 0.560803 0.634715
vt 0.554961 0.634715
vt 0.007902 0.014970
vt 0.003298 0.026162
vt 0.027068 0.001227
vt 0.010758 0.008029
vt 0.096956 0.001227
vt 0.060739 0.001227
vt 0.147128 0.007859
vt 0.131696 0.001227
vt 0.149897 0.014794
vt 0.154397 0.026065
vt 0.145729 0.323213
vt 0.130936 0.331954
vt 0.028450 0.331954
vt 0.060739 0.331954
vt 0.012150 0.322878
vt 0.378615 0.653460
vt 0.554961 0.737489
vt 0.442785 0.644744
vt 0.365498 0.683863
vt 0.022782 0.984444
vt 0.020061 0.984129
vt 0.025503 0.984129
vt 0.017444 0.983195
vt 0.015033 0.981679
vt 0.028119 0.983195
vt 0.012919 0.979638
vt 0.011185 0.977152
vt 0.032644 0.979638
vt 0.009896 0.974315
vt 0.009102 0.971237
vt 0.035668 0.974315
vt 0.009102 0.964834
vt 0.009896 0.961756
vt 0.011185 0.958919
vt 0.034379 0.958919
vt 0.012919 0.956432
vt 0.015033 0.954392
vt 0.032644 0.956432
vt 0.017444 0.952875
vt 0.020061 0.951942
vt 0.025503 0.951942
vt 0.022782 0.951626
vt 0.028119 0.952875
vt 0.030531 0.954392
vt 0.035668 0.961756
vt 0.036461 0.971237
vt 0.034379 0.977152
vt 0.030531 0.981679
vt 0.447709 0.634715
vt 0.447709 0.747509
vt 0.655793 0.721890
vt 0.655793 0.734033
vn 0.973300 0.157500 0.167000
vn 0.654900 0.717000 0.238900
vn 0.746600 0.657100 -0.103700
vn 0.325700 -0.936900 -0.127100
vn 0.154100 -0.973800 0.167300
vn 0.092700 -0.942900 -0.319900
vn -0.920600 -0.365500 -0.137500
vn -0.932200 -0.355500 -0.067500
vn -0.939800 -0.341700 -0.009000
vn 0.742300 -0.520700 -0.421600
vn 0.434000 -0.836900 -0.333400
vn 0.901800 0.163800 -0.400000
vn 0.923900 0.177800 -0.338900
vn 0.071300 -0.923600 0.376500
vn 0.036700 -0.801800 0.596400
vn 0.408000 -0.682200 0.606700
vn -0.076500 0.837100 0.541700
vn -0.191700 0.859000 -0.474600
vn 0.569400 0.753300 0.329000
vn 0.128900 -0.991100 -0.032500
vn 0.096600 -0.794200 -0.600000
vn 0.217000 -0.849800 -0.480200
vn 0.057300 -0.943100 -0.327500
vn 0.383900 -0.912000 -0.144200
vn -0.080800 0.990500 0.111100
vn 0.350300 0.875300 0.333400
vn -0.333400 -0.000400 -0.942800
vn -0.727900 -0.406800 -0.551900
vn -0.935000 -0.060800 0.349300
vn -0.888300 0.177600 0.423400
vn -0.896900 0.199600 0.394600
vn 0.812800 0.052000 0.580200
vn 0.517100 0.111300 0.848700
vn 0.526500 0.624000 0.577300
vn -0.753900 0.645700 0.120800
vn -0.990700 0.128500 0.044800
vn -0.941100 -0.190500 -0.279400
vn -0.034100 0.943900 -0.328400
vn -0.020700 0.810400 -0.585500
vn 0.435600 0.673700 -0.597000
vn 0.989600 0.141800 0.023400
vn 0.835100 -0.545500 -0.070800
vn 0.968900 0.174500 0.175400
vn -0.931400 -0.355700 0.076700
vn -0.922600 -0.202500 0.328300
vn 0.968400 -0.249200 0.012100
vn 0.837400 -0.346900 0.422500
vn 0.590500 -0.720900 0.362500
vn -0.925000 -0.174600 0.337400
vn 0.698900 0.563600 -0.440100
vn 0.473600 0.609400 -0.635900
vn 0.920400 0.263800 -0.288400
vn 0.130300 0.991300 -0.019200
vn 0.878100 0.462400 -0.122700
vn 0.981900 0.155500 -0.108100
vn 0.642100 0.748100 -0.167400
vn 0.862000 0.126500 -0.490900
vn 0.762500 -0.627800 -0.156100
vn -0.081000 0.972900 -0.216600
vn -0.107700 0.989000 -0.101500
vn 0.300700 0.685900 0.662600
vn -0.078800 0.816100 0.572400
vn -0.932200 -0.358400 0.050900
vn -0.951000 -0.185800 0.247200
vn -0.946400 -0.182500 0.266300
vn 0.997700 0.062900 -0.023700
vn 0.950400 0.120600 -0.286700
vn 0.537100 0.805400 -0.250700
vn -0.685800 -0.510900 -0.518300
vn 0.780700 -0.488200 0.390100
vn 0.498200 0.174000 0.849400
vn -0.942700 -0.082300 0.323100
vn -0.831000 -0.365100 0.419600
vn 0.974900 0.205800 -0.084200
vn 0.924100 0.193600 -0.329500
vn 0.705900 -0.638200 -0.307100
vn 0.912300 0.221600 -0.344400
vn -0.970800 0.239300 -0.018500
vn -0.979200 0.050300 0.196300
vn -0.952100 0.001600 0.305600
vn -0.147500 0.542300 -0.827100
vn 0.690900 -0.526000 -0.495900
vn 0.380200 -0.909000 -0.170700
vn -0.751300 -0.586800 -0.302000
vn -0.752800 -0.557400 -0.350100
vn -0.096300 0.993900 -0.053400
vn 0.231500 0.971100 -0.057900
vn 0.126000 -0.799400 0.587400
vn 0.989400 0.127600 -0.069400
vn 0.865500 -0.500800 -0.003800
vn -0.822900 -0.355200 0.443400
vn -0.859200 -0.233500 0.455100
vn -0.111600 0.985100 -0.130600
vn 0.077100 -0.987000 0.141000
vn 0.811500 -0.576500 0.095200
vn 0.972900 -0.204000 -0.108600
vn 0.858800 -0.509200 0.056400
vn -0.971600 -0.069100 -0.226400
vn -0.880900 -0.323600 -0.345300
vn 0.298700 -0.692500 -0.656700
vn 0.582500 -0.505100 -0.636700
vn 0.722300 -0.629500 -0.286300
vn 0.472700 -0.796200 -0.377600
vn 0.912100 -0.379900 -0.154100
vn 0.279700 0.819500 0.500100
vn -0.339200 0.778800 0.527500
vn 0.770000 0.557500 0.310200
vn 0.536600 0.359800 0.763300
vn 0.498100 0.772800 0.393300
vn 0.740000 0.623600 0.251800
vn 0.451600 -0.413900 -0.790400
vn 0.769200 -0.471500 -0.431100
vn 0.043000 0.916700 0.397300
vn 0.856200 -0.272300 -0.439000
vn -0.920700 0.353600 -0.164700
vn 0.260100 0.516900 0.815500
vn 0.563400 0.331600 0.756700
vn -0.949500 -0.241600 -0.200300
vn -0.929600 -0.158200 -0.332900
vn -0.996100 0.025300 -0.084600
vn -0.887500 0.360100 0.287500
vn 0.725800 0.525600 0.443700
vn 0.802200 0.166800 0.573200
vn 0.494200 -0.625000 -0.604200
vn 0.418800 -0.626000 -0.657800
vn 0.664600 -0.511400 -0.544700
vn 0.807600 0.373500 0.456300
vn -0.852700 0.323700 0.410000
vn -0.983700 -0.015300 0.179100
vn 0.112600 -0.606600 -0.786900
vn 0.300400 -0.951200 0.070300
vn -0.549400 -0.747100 0.374100
vn -0.503000 -0.779600 0.373100
vn -0.663300 -0.346400 0.663400
vn 0.096300 -0.207300 0.973500
vn 0.070600 -0.260300 0.962900
vn -0.818100 0.491500 0.298500
vn -0.982200 0.174400 0.069300
vn -0.939700 -0.242600 -0.241000
vn 0.397400 0.684300 0.611400
vn 0.710400 0.637300 0.298400
vn 0.712300 0.667500 0.216600
vn 0.941700 -0.142700 -0.304500
vn -0.063300 -0.237100 0.969400
vn -0.003700 -0.227700 0.973700
vn -0.263000 -0.410200 0.873200
vn -0.351900 -0.442500 0.824800
vn -0.727700 -0.311900 0.610800
vn 0.186800 -0.976300 0.109100
vn 0.032800 0.754100 0.655900
vn 0.338700 0.674100 0.656400
vn 0.332800 0.605100 0.723300
vn -0.005300 0.284100 -0.958700
vn 0.050300 0.319700 -0.946100
vn 0.006200 0.279300 -0.960100
vn 0.017900 -0.475000 -0.879800
vn 0.411100 -0.468500 -0.782000
vn 0.225300 -0.325700 -0.918200
vn -0.888300 -0.062800 -0.455000
vn -0.853000 -0.001400 -0.521900
vn -0.926200 0.255300 -0.277300
vn -0.759100 0.327500 -0.562600
vn -0.261700 0.950700 -0.166400
vn -0.942000 0.293100 0.163700
vn 0.498500 0.866800 0.015200
vn -0.047000 0.611200 -0.790100
vn -0.106800 0.697900 -0.708200
vn 0.018100 0.871300 -0.490400
vn -0.203600 0.947100 -0.248100
vn -0.801100 -0.474700 0.364500
vn -0.096500 -0.668700 0.737200
vn -0.266000 -0.961000 -0.075000
vn 0.868100 0.289600 0.403100
vn -0.992000 -0.126400 0.000700
vn -0.950500 0.146100 0.274300
vn -0.994200 -0.043200 0.098100
vn -0.973400 -0.217200 -0.072200
vn -0.827000 0.501700 0.253700
vn -0.273300 0.946900 0.169000
vn -0.888100 0.346800 -0.301500
vn 0.894600 0.209200 -0.394800
vn 0.582700 0.808900 0.077600
vn -0.264400 0.105600 -0.958600
vn 0.359900 -0.287000 -0.887700
vn 0.317000 -0.299000 -0.900000
vn -0.460200 -0.248500 -0.852300
vn 0.355000 0.806600 0.472600
vn 0.968500 -0.131000 -0.211800
vn 0.956300 0.285600 0.062300
vn 0.933700 0.024900 0.357000
vn 0.957300 -0.130300 0.257900
vn 0.006300 0.280600 -0.959800
vn 0.005400 0.284400 -0.958700
vn 0.036000 -0.514000 0.857000
vn 0.624500 -0.709000 0.327500
vn 0.487900 -0.457400 0.743500
vn 0.830000 -0.555100 0.054100
vn 0.001000 0.283100 -0.959100
vn 0.837000 0.397800 0.375700
vn 0.020700 0.288800 -0.957200
vn 0.091700 -0.928600 -0.359400
vn 0.093200 -0.927700 -0.361600
vn -0.153300 -0.923900 -0.350400
vn 0.665900 -0.695800 -0.269100
vn -0.147100 -0.533600 0.832800
vn -0.981400 -0.188700 -0.034500
vn -0.981200 -0.188400 -0.042100
vn -0.967300 0.252500 -0.024600
vn -0.219400 0.303200 -0.927300
vn -0.218900 0.276100 -0.935900
vn -0.867000 -0.205700 0.453700
vn -0.190400 0.818600 -0.541900
vn -0.679400 0.440400 -0.586800
vn -0.536100 0.615300 -0.577800
vn 0.710300 0.185100 0.679000
vn 0.628300 -0.659500 0.412500
vn 0.809400 -0.261000 0.526000
vn 0.783900 0.553800 -0.280600
vn -0.067500 0.994200 -0.083500
vn 0.668400 -0.704800 0.237600
vn 0.080700 -0.990600 0.110100
vn 0.896100 -0.418600 0.147400
vn 0.219900 -0.803900 0.552500
vn 0.947700 0.279400 -0.154200
vn 0.840900 0.488100 -0.233600
vn 0.841700 0.539400 -0.023000
vn -0.813700 -0.459700 0.355800
vn -0.805000 -0.548300 0.226300
vn -0.485000 -0.799600 0.354100
vn -0.418900 -0.761900 0.493900
vn -0.113500 -0.897100 0.426900
vn -0.723900 -0.669400 0.166900
vn -0.925500 -0.377900 -0.023600
vn 0.738500 0.643500 -0.201300
vn 0.990400 -0.131100 0.042300
vn 0.808500 -0.572100 -0.138100
vn 0.248100 -0.889400 0.383900
vn 0.915900 0.095600 -0.389900
vn -0.799100 -0.584800 -0.139300
vn -0.982000 -0.033800 -0.185900
vn -0.772400 -0.606900 -0.187000
vn -0.536300 -0.843000 0.040300
vn 0.328100 -0.940800 0.085400
vn -0.332000 0.669500 -0.664500
vn -0.593800 0.580600 -0.557000
vn -0.853500 0.462100 -0.240700
vn -0.591400 0.749300 -0.298100
vn -0.184800 0.944500 -0.271500
vn -0.771400 0.593500 -0.229700
vn 0.987900 -0.097600 -0.120400
vn 0.977800 0.023200 -0.208000
vn 0.972700 -0.083000 -0.216600
vn -0.991400 0.114000 -0.063600
vn -0.987100 0.154900 -0.039500
vn -0.890500 -0.453900 -0.031500
vn -0.655900 0.554400 -0.512200
vn -0.637000 0.737900 -0.223000
vn -0.408800 0.799600 -0.440000
vn 0.022100 0.782600 -0.622000
vn -0.096700 0.829300 -0.550400
vn 0.921200 -0.099200 -0.376200
vn 0.801500 -0.576900 -0.157400
vn -0.443300 -0.427500 0.787800
vn -0.703000 -0.248300 0.666400
vn -0.321600 -0.580400 0.748100
vn -0.812100 0.551100 0.191800
vn 0.543600 -0.802900 0.244500
vn 0.842300 -0.533200 0.078500
vn 0.715700 -0.684600 -0.138100
vn -0.167500 0.949300 -0.265900
vn 0.940000 -0.228000 -0.253800
vn -0.963900 -0.059200 0.259400
vn -0.743800 -0.574700 0.341100
vn 0.931200 -0.178900 -0.317700
vn 0.837500 -0.545300 0.034800
vn 0.811200 -0.446700 -0.377300
vn -0.076100 0.844200 -0.530500
vn -0.084000 0.854500 -0.512500
vn -0.112100 0.539000 -0.834800
vn -0.966600 0.168600 0.193000
vn -0.976600 0.193600 0.093500
vn -0.909600 0.305500 0.281500
vn 0.921300 0.076000 -0.381300
vn -0.313400 -0.101300 -0.944200
vn -0.387000 -0.126500 -0.913300
vn -0.155300 0.392000 -0.906700
vn -0.503000 -0.573400 -0.646600
vn -0.851500 -0.518800 -0.075600
vn -0.527400 -0.807800 0.263300
vn -0.679900 -0.567000 0.465000
vn 0.793900 -0.536700 -0.285600
vn 0.731700 -0.390900 -0.558300
vn -0.443600 -0.769200 0.459900
vn -0.908700 0.176100 0.378300
vn -0.533000 0.632900 -0.561600
vn -0.981800 0.178000 0.065000
vn 0.417400 0.231200 -0.878800
vn 0.415100 0.673800 -0.611300
vn -0.874000 -0.482600 0.057200
vn -0.446200 -0.660200 0.604200
vn 0.680200 -0.714700 0.162900
vn 0.432400 -0.843500 -0.318600
vn -0.568600 -0.822200 -0.025900
vn -0.464600 -0.876600 -0.125100
vn -0.617900 -0.215300 -0.756200
vn -0.015500 -0.262900 -0.964700
vn 0.683800 -0.715100 0.144700
vn -0.451900 -0.417400 0.788400
vn -0.270900 -0.550900 0.789400
vn -0.247100 -0.105900 0.963200
vn 0.035100 0.997600 -0.059700
vn 0.449400 0.893000 -0.023600
vn 0.375000 0.764200 -0.524800
vn -0.701700 0.655500 0.279100
vn -0.935500 0.291600 0.199400
vn -0.927500 0.372800 -0.027900
vn -0.747600 -0.627500 -0.217500
vn -0.713600 -0.340000 -0.612500
vn -0.197900 -0.628800 -0.751900
vn 0.044300 0.343100 -0.938200
vn -0.338600 0.545300 -0.766800
vn -0.769700 0.637000 -0.039900
vn -0.461400 0.700600 -0.544300
vn -0.790500 -0.559700 0.248500
vn -0.964000 -0.252700 0.081900
vn 0.568200 -0.114300 -0.814900
vn 0.762600 -0.014700 -0.646700
vn -0.181100 0.044800 -0.982400
vn -0.665700 0.401800 0.628800
vn -0.464700 0.038100 0.884600
vn -0.344200 0.378900 0.859000
vn 0.447700 0.894000 -0.014900
vn 0.338500 0.728600 -0.595400
vn 0.472600 0.249700 -0.845100
vn 0.672600 0.172900 -0.719500
vn -0.309600 -0.019100 -0.950700
vn -0.673300 0.585800 -0.451000
vn -0.316400 -0.056600 0.946900
vn 0.262600 0.449400 -0.853900
vn 0.774100 -0.625900 0.094500
vn 0.807400 -0.148400 -0.571000
vn -0.578000 -0.768700 0.273600
vn 0.870600 -0.485400 -0.080600
vn 0.874800 -0.427800 0.227200
vn 0.715000 0.692700 0.094100
vn 0.768000 0.637800 0.058700
vn 0.072400 0.993400 -0.088200
vn -0.948200 -0.172000 0.266900
vn -0.983500 -0.106400 0.146100
vn -0.085500 -0.989300 0.117600
vn 0.004100 -0.989800 0.141900
vn 0.320300 -0.887200 0.331900
vn 0.961300 0.183600 0.205100
vn 0.925700 -0.323300 0.196000
vn 0.930800 -0.357700 0.075700
vn 0.953700 0.295700 -0.054600
vn 0.960900 0.035200 0.274500
vn 0.862200 0.416400 -0.288400
vn -0.888300 -0.352000 -0.294900
vn -0.963000 -0.267100 -0.034900
vn -0.305100 0.918600 -0.251100
vn -0.163700 0.978900 -0.121700
vn -0.040900 0.900400 -0.433000
vn -0.620000 -0.733300 -0.279200
vn 0.239200 -0.969100 0.059800
vn -0.508000 0.421300 -0.751200
vn -0.575800 0.764500 -0.289800
vn 0.923700 0.321100 0.208700
vn 0.796100 0.397400 0.456300
vn 0.823400 -0.507200 -0.254400
vn 0.385800 -0.883700 -0.264900
vn -0.985000 0.151600 0.082600
vn -0.982300 0.026900 -0.185200
vn -0.856800 0.513900 -0.041700
vn -0.113400 -0.991800 0.059300
vn -0.265400 -0.895600 0.357000
vn -0.209800 -0.976900 -0.039400
vn -0.779500 -0.611000 -0.137800
vn -0.451500 0.890300 -0.058700
vn -0.483800 0.795400 0.364900
vn -0.292000 0.755600 0.586300
vn -0.290900 0.549400 0.783300
vn -0.314300 0.904200 0.289000
vn -0.530300 0.809000 0.253400
vn -0.663700 0.748000 0.004700
vn -0.653300 0.746100 -0.128200
vn -0.167800 0.984100 -0.057300
vn -0.415600 0.896000 -0.156500
vn -0.318600 0.947300 0.032400
vn -0.276600 -0.880700 -0.384500
vn -0.653300 -0.755200 -0.052200
vn -0.662000 -0.674200 -0.327200
vn -0.972200 -0.207500 -0.108700
vn -0.535700 -0.709900 0.457200
vn -0.139500 -0.568300 0.810900
vn -0.672500 0.731000 -0.115800
vn 0.457700 -0.847700 0.268000
vn -0.140000 -0.961700 0.235500
vn -0.210400 0.959900 -0.185000
vn -0.068200 0.582600 -0.809900
vn -0.583300 0.610100 -0.536300
vn -0.702000 0.692600 -0.165300
vn 0.803800 -0.159500 -0.573000
vn -0.712000 -0.684800 -0.154900
vn -0.251900 -0.948600 -0.191400
vn -0.152000 -0.844600 0.513300
vn -0.101800 0.007500 0.994800
vn -0.753700 -0.171900 0.634300
vn 0.989300 -0.142300 -0.032500
vn 0.933300 0.197300 -0.300100
vn 0.895800 0.202100 -0.395700
vn 0.054600 -0.680900 0.730300
vn -0.781100 -0.528100 0.333100
vn -0.999700 -0.020000 0.016100
vn -0.976000 0.187700 -0.110200
vn -0.567800 0.501300 0.652900
vn -0.987100 -0.049100 -0.152300
vn -0.995700 0.017200 -0.091300
vn -0.982500 0.105100 -0.154000
vn -0.016000 0.029100 0.999400
vn -0.897500 -0.358900 -0.256200
vn -0.862300 0.382600 -0.331600
vn -0.919400 -0.085300 -0.383900
vn -0.615200 -0.763700 -0.195500
vn -0.466900 0.880900 -0.077800
vn -0.913100 0.350300 -0.208700
vn -0.137100 -0.970600 -0.197600
vn 0.256500 -0.863800 -0.433600
vn 0.244100 -0.933300 -0.263300
vn -0.261700 -0.923000 -0.282000
vn -0.466000 0.884600 -0.012000
vn -0.149500 0.986200 0.070500
vn 0.893500 -0.390700 0.221200
vn -0.835000 0.510100 -0.206200
vn -0.421800 -0.671500 0.609200
vn -0.166900 0.959300 0.227900
vn -0.767400 -0.612900 -0.188100
vn -0.453000 0.888900 -0.068100
vn -0.885900 0.136000 -0.443500
vn -0.685100 0.587100 -0.431200
vn -0.865700 -0.404800 -0.294300
vn -0.892900 -0.135500 -0.429200
vn 0.983200 -0.110800 -0.144700
vn -0.151300 -0.968400 0.198100
vn -0.108900 -0.681100 0.724000
vn -0.538000 -0.593400 0.598600
vn -0.816100 -0.361000 0.451200
vn 0.035600 0.750100 -0.660400
vn -0.448900 0.724000 -0.523800
vn -0.864700 0.407100 -0.294100
vn -0.862700 0.459300 0.211500
vn -0.844600 0.460000 -0.273800
vn -0.677900 0.642700 -0.356900
vn -0.725500 -0.687300 -0.036100
vn -0.633700 -0.758800 -0.150200
vn -0.295800 -0.882300 -0.366000
vn -0.192200 0.727600 -0.658500
vn -0.368600 -0.928500 -0.044200
vn 0.775100 0.205100 -0.597500
vn -0.374600 0.846600 0.378100
vn -0.467700 0.781600 0.412700
vn -0.667500 0.623200 0.407400
vn 0.985200 0.104300 -0.135900
vn 0.975400 -0.174900 -0.133900
vn 0.991700 -0.128600 -0.005000
vn 0.799000 0.601200 0.006900
vn 0.020800 -0.919500 -0.392600
vn 0.946700 -0.321800 0.006000
vn -0.655100 0.598000 0.461700
vn -0.895300 0.307100 0.322600
vn -0.880700 0.473500 0.013200
vn -0.536900 -0.826400 0.169600
vn -0.580200 -0.814400 -0.008100
vn -0.329300 -0.943900 -0.024300
vn -0.329100 -0.943900 -0.024900
vn 0.947200 0.284100 0.148700
vn 0.762600 0.639700 0.095600
vn 0.058800 -0.981000 -0.184700
vn -0.027300 -0.601400 0.798500
vn 0.365600 -0.316100 0.875400
vn 0.404300 -0.285400 0.869000
vn 0.770300 0.217200 0.599600
vn 0.810100 0.302800 0.502100
vn -0.013600 0.285600 0.958300
vn 0.941600 0.310200 -0.131200
vn 0.720700 0.675900 -0.153900
vn 0.064800 -0.997000 -0.041500
vn -0.552100 0.833500 0.021700
vn -0.901500 -0.425000 -0.081000
vn -0.760900 0.545600 -0.351300
vn -0.805200 0.528200 -0.269500
vn 0.154800 0.270100 0.950300
vn -0.076000 0.282200 0.956300
vn -0.102900 0.287200 0.952300
vn 0.242000 0.253400 0.936600
vn -0.199100 0.977600 0.067800
vn -0.120400 0.937200 0.327200
vn -0.471300 0.839600 0.269900
vn 0.004900 -0.095200 -0.995400
vn 0.003400 -0.095200 -0.995400
vn 0.003600 -0.096000 -0.995400
vn 0.119000 -0.918900 -0.375900
vn 0.112200 -0.825700 -0.552700
vn -0.106300 -0.850600 -0.514900
vn 0.908200 0.233700 -0.347000
vn 0.906700 -0.133600 -0.400000
vn 0.946700 -0.145200 -0.287300
vn 0.749000 0.080500 -0.657700
vn 0.995500 0.022300 0.091900
vn 0.865400 0.496500 -0.066400
vn -0.488400 0.865300 0.112100
vn -0.544800 0.590600 -0.595200
vn 0.000700 -0.094000 -0.995600
vn 0.049200 0.284200 -0.957500
vn 0.001900 0.214100 -0.976800
vn 0.048500 0.705600 -0.707000
vn 0.824300 -0.152000 0.545300
vn 0.365200 -0.746700 0.555900
vn -0.942600 0.290200 0.164900
vn 0.980900 0.156600 0.115500
vn 0.892100 0.415400 0.177600
vn 0.997300 -0.057200 0.045400
vn 0.873100 0.228600 -0.430600
vn 0.148000 0.855100 -0.496900
vn 0.720600 0.679900 -0.135900
vn -0.840600 -0.206400 -0.500800
vn -0.818600 -0.358300 -0.448800
vn -0.635900 0.546600 -0.544800
vn 0.386600 -0.449800 -0.805100
vn 0.582800 -0.642000 -0.498000
vn -0.191600 -0.835700 -0.514600
vn -0.491700 0.828600 -0.267600
vn -0.919000 -0.393100 -0.029100
vn -0.987300 0.132200 -0.087600
vn -0.973900 -0.210400 0.085000
vn -0.940100 -0.171400 0.294500
vn -0.003100 -0.146900 0.989100
vn 0.143600 -0.299100 0.943300
vn -0.443600 -0.216600 0.869600
vn -0.950400 -0.000900 0.311100
vn -0.700600 -0.582500 0.412000
vn 0.003800 -0.095000 -0.995500
vn -0.923900 0.375800 0.070800
vn 0.002200 -0.095600 -0.995400
vn 0.306800 -0.941600 0.138700
vn 0.064200 -0.989200 0.131600
vn 0.070300 -0.988400 0.134200
vn -0.516700 -0.849500 0.106400
vn -0.514200 -0.599200 0.613500
vn 0.169000 -0.141800 0.975300
vn 0.998500 -0.020400 0.050600
vn 0.998300 -0.018800 0.054900
vn -0.531700 0.012400 0.846800
vn -0.352300 -0.829900 0.432600
vn 0.194100 0.886200 -0.420700
vn -0.085300 0.932400 -0.351200
vn 0.323000 0.651000 -0.686900
vn -0.899000 -0.253300 0.357200
vn -0.904400 -0.095900 0.415700
vn -0.547200 -0.647400 0.530400
vn 0.257100 0.966200 0.014300
vn -0.044100 0.991800 0.120200
vn -0.253700 0.951000 -0.176900
vn 0.155000 -0.975300 -0.157100
vn -0.482800 -0.873500 0.061400
vn -0.537200 -0.773300 0.336800
vn 0.163100 -0.907100 0.387900
vn -0.591600 -0.782800 0.192900
vn -0.980700 -0.144700 0.131600
vn -0.947000 0.118200 0.298700
vn 0.824500 -0.564400 -0.039300
vn 0.971100 -0.179600 -0.156900
vn 0.927600 0.347800 0.136300
vn 0.212700 -0.967800 0.134800
vn 0.758400 -0.583600 0.290200
vn 0.695800 -0.716500 0.049600
vn 0.979200 0.089500 -0.181800
vn -0.921000 -0.383500 0.067900
vn -0.883200 0.456500 -0.107300
vn -0.960900 -0.063500 0.269600
vn -0.559300 -0.825600 -0.074000
vn -0.990600 0.089800 0.102500
vn -0.969400 -0.166300 -0.180300
vn 0.728700 -0.529600 -0.434200
vn 0.716100 -0.451500 -0.532200
vn 0.798300 0.197500 -0.569000
vn -0.284200 -0.921600 -0.264100
vn -0.077000 0.940800 -0.330100
vn 0.139300 0.971900 -0.189600
vn 0.526800 0.809200 -0.260200
vn -0.260900 0.963400 -0.061700
vn -0.958500 -0.272700 -0.083300
vn -0.956900 -0.231200 -0.175500
vn -0.983300 -0.120400 -0.136100
vn 0.955000 0.292200 -0.049200
vn 0.934900 0.354400 -0.018500
vn 0.842500 0.535400 -0.058500
vn 0.557500 0.527600 -0.640900
vn 0.414300 0.909000 0.045800
vn 0.271600 0.946300 -0.175100
vn -0.098500 0.994400 -0.037000
vn -0.916400 -0.376800 -0.134900
vn -0.773500 -0.602900 -0.195500
vn 0.215200 -0.844800 0.489900
vn 0.926000 -0.062600 0.372300
vn 0.637000 -0.530400 0.559300
vn 0.104600 -0.992800 0.057700
vn -0.379100 -0.918400 -0.113000
vn -0.695300 -0.714400 -0.078700
vn -0.025000 0.997100 0.072100
vn 0.953800 -0.053200 0.295600
vn 0.738100 -0.673700 0.037600
vn -0.546900 0.415800 -0.726600
vn -0.682100 -0.126600 -0.720200
vn -0.690800 -0.651400 -0.313700
vn 0.020800 0.969400 -0.244600
vn 0.454300 0.752600 -0.476500
vn 0.384800 0.692400 -0.610300
vn 0.080100 -0.605700 0.791700
vn 0.272700 -0.720300 0.637700
vn -0.020700 -0.529800 0.847900
vn -0.986400 -0.139000 -0.087900
vn -0.960800 -0.151400 -0.232000
vn 0.924800 -0.056600 -0.376200
vn 0.124100 0.940600 -0.315900
vn 0.083900 0.930600 -0.356200
vn 0.388800 0.921300 -0.009800
vn 0.868900 -0.387500 0.308000
vn 0.821900 -0.548400 -0.154000
vn 0.893500 -0.442100 0.079300
vn -0.519500 -0.050400 -0.853000
vn 0.746000 -0.605700 0.276800
vn 0.853600 -0.355100 0.381100
vn 0.875800 0.140600 0.461700
vn 0.965000 0.071700 -0.252300
vn 0.396600 0.387100 -0.832300
vn -0.606200 0.029200 -0.794700
vn -0.524200 0.579400 -0.624100
vn -0.511500 0.584600 -0.629800
vn 0.305700 -0.831100 0.464500
vn 0.855500 -0.510400 -0.087300
vn -0.718800 -0.509500 -0.472900
vn -0.519200 -0.852500 0.060800
vn -0.116600 -0.506900 -0.854100
vn 0.507400 -0.433700 -0.744600
vn 0.147900 -0.746500 -0.648600
vn -0.116200 -0.900000 0.420100
vn -0.936500 -0.256600 -0.239100
vn -0.648800 -0.624200 -0.435200
vn -0.475900 -0.876600 -0.070800
vn -0.700400 -0.705500 -0.108100
vn -0.631600 -0.688800 -0.356000
vn -0.437900 -0.300900 -0.847100
vn -0.279600 0.407200 -0.869400
vn -0.260600 0.371400 -0.891100
vn -0.439000 0.721500 -0.535400
vn -0.689800 0.627700 0.360700
vn -0.336800 0.304800 0.890900
vn -0.401500 -0.332800 0.853200
vn -0.305900 -0.002900 0.952100
vn -0.853300 -0.229100 0.468400
vn -0.942500 0.167700 -0.289000
vn -0.716100 0.696600 -0.044200
vn -0.789100 -0.540400 -0.292100
vn -0.881700 0.131700 0.453000
vn -0.279600 0.073800 0.957200
vn -0.726500 -0.684000 0.065800
vn -0.962600 -0.250400 0.102600
vn -0.543600 -0.776000 0.319700
vn -0.987400 0.155300 0.030700
vn 0.832600 -0.489300 0.259400
vn -0.656800 -0.121800 -0.744100
vn 0.095500 0.748000 -0.656800
vn 0.914400 0.300900 0.270800
vn 0.915400 0.368600 0.161700
vn -0.528600 -0.821400 -0.213800
vn -0.764900 -0.517600 -0.383500
vn 0.993500 0.087600 -0.072800
vn 0.988300 0.005100 -0.152600
vn 0.954900 0.205800 -0.214000
vn 0.237500 -0.970900 0.029900
vn 0.723500 -0.664400 -0.187300
vn 0.916800 -0.023300 0.398600
vn -0.859600 0.314400 -0.402700
vn -0.040600 0.998900 0.022200
vn 0.423500 0.891800 -0.159000
vn -0.158900 -0.977400 0.139300
vn 0.763300 -0.601200 -0.236500
vn -0.428100 0.902000 0.055200
vn -0.940500 0.252500 0.227300
vn -0.547000 0.632900 -0.547900
vn 0.949900 0.155800 0.270900
vn 0.521200 -0.062500 0.851100
vn 0.910900 -0.160300 -0.380300
vn -0.295900 0.955100 -0.011800
vn -0.216400 0.972500 -0.085500
vn -0.730300 -0.643100 0.230500
vn 0.716500 -0.533000 -0.450100
vn 0.161400 -0.960900 -0.225100
vn 0.855300 -0.170400 -0.489400
vn 0.215400 0.833700 -0.508400
vn -0.481300 0.848500 -0.219900
vn 0.113500 -0.933200 0.341000
vn -0.088000 0.952800 0.290600
vn 0.144600 0.736700 0.660500
vn -0.013700 0.759500 0.650400
vn 0.068800 0.045000 0.996600
vn 0.142600 0.056900 0.988100
vn 0.139400 0.983200 0.117300
vn 0.357900 -0.567200 0.741700
vn 0.425700 -0.807800 0.407700
vn 0.842700 -0.499200 -0.201400
vn -0.510900 0.839900 -0.182900
vn -0.220600 0.973200 0.064800
vn 0.346800 0.352900 -0.869000
vn 0.874300 -0.081500 -0.478500
vn 0.452900 -0.058100 -0.889600
vn -0.905900 -0.401800 -0.133200
vn -0.964000 -0.262500 -0.042300
vn 0.404900 -0.905800 -0.124500
vn 0.174300 -0.924200 -0.339800
vn 0.348400 -0.931900 -0.101000
vn 0.525100 -0.793700 -0.307000
vn 0.492700 -0.208800 -0.844800
vn 0.679400 -0.545500 -0.490700
vn 0.161100 0.790900 0.590400
vn 0.478300 0.258600 0.839200
vn 0.349400 -0.787000 0.508400
vn 0.383300 -0.023700 0.923300
vn 0.495900 -0.189700 0.847400
vn 0.432900 0.731600 0.526600
vn 0.431200 0.703600 0.564700
vn 0.392900 0.317700 0.862900
vn 0.490200 -0.820200 0.294600
vn 0.411600 -0.862500 0.294300
vn 0.492000 -0.847100 -0.200600
vn 0.999400 0.034900 0.003900
vn 0.999400 0.035000 0.004200
vn 0.999400 0.035100 0.004500
vn 0.598400 -0.791900 -0.121500
vn -0.026100 0.797000 -0.603400
vn -0.007900 0.309200 -0.951000
vn 0.003200 0.002000 -1.000000
vn -0.039600 0.305100 0.951500
vn -0.035400 0.794100 0.606700
vn -0.035200 0.999400 0.002100
vn -0.010600 0.002300 0.999900
vn -0.600800 -0.667000 -0.440600
vn -0.003400 -0.002000 1.000000
vn 0.746000 0.025000 0.665400
vn 0.970200 0.034600 -0.239700
vn 0.970100 0.034600 -0.240100
vn 0.399000 0.015700 -0.916800
vn 0.398900 0.015700 -0.916800
vn -0.392600 -0.012100 -0.919600
vn -0.968300 -0.033600 -0.247600
vn -0.968200 -0.033600 -0.248000
vn 0.035200 -0.999400 -0.002500
vn 0.135700 -0.990300 0.028000
vn 0.034800 -0.999400 -0.002000
vn -0.751100 -0.027700 0.659600
vn -0.751200 -0.027700 0.659400
vn -0.035200 0.999400 0.002500
vn 0.958300 -0.272100 -0.086700
vn -0.929900 -0.364900 -0.044900
vn -0.382700 -0.923900 -0.002000
vn -0.904600 -0.424600 -0.036500
vn -0.829900 -0.555200 -0.055000
vn -0.931900 -0.355300 -0.073700
vn 0.032500 0.066100 0.997300
vn 0.169800 0.600300 0.781500
vn 0.013600 0.592300 0.805600
vn 0.445600 0.894300 0.041600
vn 0.352300 0.919900 0.172100
vn -0.024500 -0.055700 -0.998100
vn 0.451100 -0.891100 0.049500
vn -0.282600 -0.911300 -0.299500
vn 0.934400 0.283700 -0.215200
vn -0.801400 0.560100 0.209800
vn -0.955000 0.262400 -0.138000
vn 0.877300 0.108400 -0.467500
vn -0.012900 -0.990600 0.135800
vn -0.255700 -0.843900 -0.471600
vn 0.142500 0.643000 -0.752500
vn 0.164300 -0.738900 -0.653400
vn 0.558200 -0.829500 0.018000
vn 0.415200 -0.907200 -0.067300
vn 0.519500 -0.847500 -0.109100
vn 0.356100 -0.934000 0.029600
vn 0.356500 -0.931900 0.067000
vn 0.345400 -0.937500 -0.041200
vn 0.394800 -0.917900 0.040400
vn 0.993400 0.114100 -0.006300
vn 0.986500 -0.162200 0.023200
vn 0.990800 -0.133900 0.020200
vn 0.818100 0.571400 -0.064900
vn 0.813700 0.576900 -0.070200
vn 0.819900 0.569000 -0.062700
vn 0.452900 -0.891300 0.021700
vn 0.446700 -0.894700 0.003100
vn 0.466800 -0.881900 0.065500
vn 0.437900 -0.853700 -0.281900
vn 0.294700 -0.590000 0.751700
vn 0.042800 -0.757200 0.651700
vn -0.793600 -0.606300 0.050600
vn -0.794800 -0.604600 0.051900
vn -0.792900 -0.607300 0.049800
vn 0.313800 -0.628800 -0.711400
vn 0.097900 -0.991100 -0.090100
vn 0.029800 -0.021500 -0.999300
vn 0.025900 -0.017700 -0.999500
vn 0.045400 -0.036600 -0.998300
vn -0.028000 0.012000 0.999500
vn -0.036600 0.021100 0.999100
vn -0.034900 0.019300 0.999200
vn 0.383900 -0.809400 0.444300
vn 0.092500 -0.201900 0.975000
vn 0.034700 0.971500 0.234300
vn 0.024900 0.976000 0.216300
vn 0.063100 0.964000 -0.258400
vn -0.601000 0.777200 0.186100
vn -0.613600 0.766100 0.191000
vn -0.585200 0.787400 0.193500
vn -0.571100 0.005000 -0.820900
vn -0.474600 -0.201200 -0.856800
vn -0.476200 -0.201500 -0.855900
vn -0.862600 0.467700 -0.192600
vn -0.937700 0.306100 0.164100
vn -0.901000 0.342100 0.266700
vn 0.192900 -0.342100 0.919600
vn 0.189100 -0.339200 0.921500
vn 0.040600 -0.158100 0.986600
vn -0.725700 -0.662900 0.184100
vn -0.725900 -0.658500 0.198400
vn -0.768800 -0.609400 0.194000
vn -0.279800 0.481600 -0.830500
vn 0.375200 0.459200 -0.805200
vn 0.374500 0.459200 -0.805500
vn -0.681700 -0.692300 0.236700
vn -0.690200 -0.677400 0.254300
vn -0.731800 -0.628700 0.262800
vn 0.103400 -0.358400 0.927800
vn 0.126700 -0.406200 0.904900
vn 0.011400 -0.171200 0.985100
vn -0.413900 0.874100 0.254000
vn -0.374600 0.887100 0.269600
vn -0.591700 0.016800 -0.806000
vn -0.448700 -0.191900 -0.872800
vn -0.448500 -0.191800 -0.872900
vn 0.828200 0.419100 0.371900
vn 0.758500 0.508700 0.407100
vn 0.758600 0.508200 0.407800
vn -0.531000 0.822600 -0.203200
vn -0.860000 0.389700 -0.329400
vn 0.820600 0.422600 0.384800
vn 0.741800 0.519600 0.423900
vn 0.741800 0.519200 0.424400
vn 0.299800 0.674100 -0.675000
vn 0.452600 0.471300 -0.757000
vn 0.447800 0.471400 -0.759700
vn -0.605700 -0.791100 0.084700
vn -0.614900 -0.779300 0.120400
vn 0.321000 -0.810300 0.490300
vn 0.319100 -0.841800 0.435300
vn -0.026600 0.952000 -0.304800
vn 0.497300 -0.742900 0.448100
vn 0.493500 -0.748500 0.442900
vn 0.943200 0.274100 0.187800
vn 0.956800 0.261400 0.126800
vn -0.682600 0.123000 -0.720300
vn -0.805500 0.453000 -0.382000
vn 0.940800 0.282600 0.187000
vn 0.954500 0.270300 0.126100
vn -0.683500 -0.723000 0.100100
vn -0.677100 -0.727200 0.112600
vn 0.086600 0.942400 -0.322900
vn -0.672100 -0.041200 0.739300
vn -0.558700 -0.146700 0.816300
vn -0.898300 0.316800 0.304500
vn -0.047500 0.963700 0.262700
vn 0.118900 0.722600 0.681000
vn 0.157200 0.725100 0.670500
vn 0.472000 -0.813200 -0.340400
vn 0.453100 -0.832400 -0.318900
vn -0.567900 -0.821100 -0.057100
vn -0.569800 -0.815500 -0.101200
vn 0.934600 0.317500 -0.159900
vn 0.936600 0.323100 -0.135800
vn 0.935500 0.314000 -0.162100
vn 0.939200 0.317300 -0.131100
vn 0.551000 -0.741500 -0.382900
vn 0.547700 -0.743600 -0.383400
vn -0.573700 0.779300 0.252100
vn -0.639400 -0.768700 0.015600
vn -0.633500 -0.773400 -0.019400
vn -0.614900 -0.781000 -0.108900
vn -0.553200 -0.811700 -0.187300
vn -0.569800 -0.805600 -0.162400
vn -0.283000 -0.430400 0.857100
vn -0.308600 -0.437500 0.844600
vn -0.619000 -0.776500 -0.117400
vn -0.686300 -0.036000 0.726400
vn -0.563100 -0.139700 0.814500
vn 0.203600 0.777100 0.595600
vn 0.232500 0.731800 0.640600
vn 0.204200 -0.329300 -0.921900
vn 0.243400 -0.410200 -0.878900
vn -0.567900 -0.778900 -0.266100
vn -0.573000 -0.774400 -0.268300
vn 0.719900 0.583300 -0.376000
vn 0.732000 0.560700 -0.386900
vn 0.735800 0.538800 -0.410200
vn 0.751600 0.540600 -0.377900
vn 0.211900 -0.306500 -0.928000
vn 0.251900 -0.359400 -0.898500
vn -0.580200 0.812500 0.055300
vn -0.602100 0.795300 0.070000
vn -0.603100 0.794800 0.066600
vn -0.526100 0.844400 -0.101000
vn -0.530400 0.838800 -0.122700
vn -0.507200 0.854600 -0.111200
vn -0.304000 -0.427000 0.851600
vn -0.327400 -0.433200 0.839700
vn 0.336400 0.556700 0.759500
vn 0.329900 0.555700 0.763100
vn 0.020200 -0.050700 -0.998500
vn 0.018700 -0.051200 -0.998500
vn -0.484200 -0.778200 -0.399900
vn -0.517100 -0.776800 -0.359300
vn 0.582600 0.745100 -0.324600
vn 0.554900 0.745400 -0.369200
vn 0.531900 0.739800 -0.412000
vn 0.520000 0.770200 -0.369200
vn 0.021200 -0.046300 -0.998700
vn 0.020200 -0.046700 -0.998700
vn 0.278500 0.502500 0.818500
vn 0.267600 0.500200 0.823500
vn -0.805900 -0.429400 0.407500
vn -0.725200 -0.550200 0.413900
vn -0.765300 0.135300 0.629300
vn 0.734600 0.367500 0.570400
vn 0.822500 0.529300 -0.208100
vn 0.358000 0.919500 -0.162400
vn 0.787000 -0.206000 0.581500
vn 0.812900 -0.298400 0.500100
vn 0.773700 -0.609100 0.173900
vn 0.695300 -0.681300 -0.228800
vn 0.880400 -0.299600 -0.367600
vn -0.843300 -0.534900 0.051700
vn -0.801300 -0.576600 0.159400
vn 0.765000 -0.606400 -0.216800
vn 0.739400 -0.625300 -0.249400
vn 0.787100 -0.615300 -0.041100
vn -0.234700 0.963500 -0.128500
vn 0.385100 0.683600 -0.620000
vn -0.223000 0.952800 0.206000
vn -0.393500 0.845500 0.361000
vn -0.483700 0.711500 0.509600
vn -0.328000 -0.214500 -0.920000
vn -0.361100 -0.164200 -0.917900
vn -0.622200 0.015900 -0.782700
vn -0.754000 -0.656800 0.004000
vn -0.850200 -0.518900 -0.088700
vn -0.816000 -0.550100 0.177600
vn -0.258200 0.918500 -0.299400
vn -0.848000 0.227800 -0.478600
vn -0.773800 0.206000 -0.598900
vn -0.733100 -0.400600 0.549600
vn -0.643100 -0.382900 0.663200
vn 0.765300 -0.637000 0.092400
vn -0.441600 0.474900 0.761200
vn -0.406100 0.455100 0.792400
vn -0.909100 -0.415900 -0.023400
vn -0.942000 0.090500 0.323200
vn -0.979600 0.107400 -0.169500
vn -0.983300 0.115000 -0.141100
vn 0.712900 -0.627200 -0.313700
vn 0.892600 -0.193200 -0.407300
vn -0.917700 0.119500 0.378800
vn -0.385100 -0.921500 -0.050200
vn -0.382300 -0.917500 0.109300
vn -0.334500 -0.788100 -0.516700
vn -0.353700 -0.779700 -0.516500
vn -0.721500 -0.464500 -0.513400
vn 0.845100 0.506500 -0.171100
vn 0.806700 0.429900 0.405400
vn -0.221400 0.944400 0.243000
vn -0.238400 0.863900 0.443700
vn 0.749200 -0.634000 -0.191700
vn 0.841100 -0.498000 -0.211000
vn 0.831400 -0.515500 -0.207100
vn 0.478000 -0.878200 0.016700
vn -0.362600 0.779400 0.510900
vn -0.344200 0.791000 0.505800
vn 0.759600 -0.623200 -0.185800
vn -0.984900 -0.021600 -0.171800
vn 0.787900 0.427700 0.442900
vn 0.720800 0.451900 0.525700
vn 0.710800 0.703100 0.017900
vn 0.708100 0.580100 -0.402600
vn 0.700700 0.584200 -0.409500
vn -0.969200 -0.242300 0.043200
vn -0.812900 -0.581300 -0.035500
vn 0.737800 0.503400 0.449700
vn -0.221300 -0.735000 -0.640900
vn -0.388800 0.911300 0.135000
vn -0.397600 0.910200 0.115700
vn 0.579800 -0.531600 0.617400
vn 0.542300 -0.320900 0.776500
vn 0.786000 -0.191000 0.588000
vn 0.062300 -0.749000 0.659700
vn -0.393400 0.707400 -0.587100
vn 0.860800 -0.369000 0.350400
vn -0.982000 -0.176800 0.065900
vn -0.980900 -0.178700 0.076600
vn 0.125100 -0.943500 -0.306800
vn 0.071200 -0.942400 -0.326800
vn 0.060500 -0.948300 -0.311500
vn -0.986500 -0.158400 0.040500
vn 0.730600 0.399400 -0.553800
vn 0.721700 0.408100 -0.559100
vn 0.214200 -0.383100 0.898500
vn -0.473400 0.597000 -0.647600
vn -0.518700 0.144200 -0.842700
vn -0.070000 0.991100 0.113300
vn 0.981200 0.091100 -0.170000
vn 0.993900 -0.110300 0.000000
vn 0.119500 0.988600 -0.091200
vn 0.376900 -0.925900 0.026800
vn 0.397500 -0.882500 0.251400
vn 0.370300 -0.907900 0.196300
vn 0.333400 0.444900 0.831200
vn 0.150600 -0.454600 -0.877800
vn 0.973500 0.211000 0.087500
vn 0.664600 -0.655200 -0.359200
vn 0.098100 -0.698700 -0.708600
vn -0.047500 0.625400 0.778800
vn -0.011000 -0.322300 -0.946600
vn 0.995700 -0.045700 0.080800
vn -0.151100 -0.925400 -0.347400
vn -0.967400 0.252100 -0.024700
vn -0.496700 -0.419300 0.759900
vn 0.766700 -0.271900 -0.581600
vn 0.426100 0.666600 -0.611600
vn -0.218800 -0.556800 -0.801200
vn -0.000200 -0.893800 0.448400
vn -0.916400 -0.378600 -0.129300
vn 0.176900 0.236900 -0.955300
vn 0.653600 -0.706900 -0.270300
vn -0.999400 0.007400 -0.034500
vn -0.192100 -0.680900 0.706700
vn -0.078200 0.324100 0.942700
vn 0.982500 -0.160400 -0.095000
vn -0.099200 0.524000 -0.845900
vn 0.304600 -0.941800 0.142100
vn 0.525200 0.440400 -0.728100
vn 0.637500 -0.530100 0.559000
vn -0.202900 -0.365900 0.908300
vn 0.433800 0.899500 0.051100
vn -0.241100 -0.651900 -0.718900
vn 0.372400 -0.890600 -0.261100
vn -0.583200 -0.727600 -0.361200
vn 0.713700 0.352700 -0.605100
vn -0.672900 0.680300 0.290300
vn 0.999400 0.034900 0.004500
vn 0.999400 0.034500 0.003400
vn 0.999400 0.035300 0.004400
vn 0.999400 0.035200 0.004400
vn -0.935100 -0.140600 0.325300
vn 0.746200 0.025000 0.665200
vn -0.392500 -0.012100 -0.919700
vn 0.034200 -0.999400 -0.002000
vn -0.458600 0.818300 -0.346500
vn 0.700900 0.679000 -0.218300
vn 0.329600 0.864900 0.378500
vn 0.986900 0.161000 -0.011400
vn 0.824000 0.563600 -0.057400
vn 0.472600 -0.877200 0.084500
vn -0.791700 -0.609000 0.048600
vn 0.365300 -0.702100 -0.611200
vn 0.049600 -0.040700 -0.997900
vn -0.026400 0.010300 0.999600
vn 0.143800 -0.322800 0.935500
vn -0.546000 0.811700 0.207300
vn -0.576200 0.794400 0.192100
vn 0.038900 -0.158300 0.986600
vn -0.773400 -0.605900 0.186400
vn 0.225000 0.623800 -0.748400
vn -0.733300 -0.627900 0.260800
vn 0.010100 -0.171400 0.985100
vn -0.295100 0.907500 0.298900
vn -0.374500 0.887100 0.269700
vn 0.807600 0.438700 0.394100
vn 0.799600 0.442500 0.405800
vn 0.313900 0.651600 -0.690500
vn -0.644600 0.759200 0.090000
vn -0.588500 0.806800 0.051500
vn -0.489000 0.860500 -0.142600
vn -0.472800 0.877300 -0.082200
vn 0.687900 0.399700 0.605800
vn 0.783100 -0.616200 -0.084200
vn -0.609600 0.036800 -0.791800
vn -0.951100 -0.263300 0.161000
vn -0.680600 -0.528900 0.506900
vn -0.309600 -0.696000 0.647900
vn -0.219600 0.868900 0.443700
vn 0.859200 -0.500400 -0.106200
vn 0.713700 0.695800 0.080500
vn 0.161300 -0.941400 -0.296100
vn 0.290100 -0.913200 -0.286000
vn -0.990600 -0.134800 0.023700
vn -0.618800 0.005400 -0.785500
vn 0.207300 0.977400 -0.041200
vn 0.913800 0.340300 -0.221700
vn 0.847200 0.488600 -0.208500
vn 0.848200 0.482100 -0.219500
vn -0.414600 0.336000 0.845700
vn -0.132500 -0.483600 0.865200
vn 0.133500 -0.257100 0.957100
vn 0.330900 -0.941600 -0.061600
vn 0.366800 -0.907700 0.203700
vn 0.372200 -0.885500 0.278200
vn 0.913800 0.340200 -0.221700
vn 0.870700 0.488500 -0.056400
vn 0.916400 0.332900 -0.222100
vn 0.682600 0.583200 -0.440200
vn 0.916000 0.334100 -0.221900
vn 0.354800 -0.631900 0.689000
vn 0.692900 -0.181400 0.697900
vn 0.644200 0.524800 -0.556400
vn 0.459400 0.580600 -0.672200
vn 0.183300 0.669200 -0.720100
vn -0.538200 0.841200 0.051800
vn -0.130200 0.990300 -0.048100
vn -0.261300 0.956300 -0.131400
vn -0.283200 0.918100 0.277100
vn -0.147500 0.736400 0.660300
vn -0.147100 0.736800 0.659900
vn -0.918900 -0.325500 0.222600
vn -0.959100 -0.179000 0.219200
vn -0.958000 -0.172200 0.229200
vn -0.915300 -0.162800 0.368200
vn -0.843700 -0.169700 0.509200
vn -0.462900 0.844000 0.270800
vn -0.148100 0.736400 0.660100
vn 0.364800 -0.913000 0.182500
vn 0.378100 0.621500 0.686100
vn 0.190700 0.322200 0.927200
vn 0.367600 -0.171000 0.914100
vn -0.043800 0.238700 0.970100
vn 0.263700 -0.261400 0.928500
vn 0.053500 0.325100 0.944200
vn 0.508800 0.793900 0.332800
vn -0.714500 0.336900 0.613200
vn 0.189600 -0.031000 0.981400
vn 0.442900 -0.010800 0.896500
vn 0.441800 -0.241500 0.863900
vn 0.276700 -0.306100 0.910900
vn 0.102200 -0.357500 0.928300
vn -0.918700 -0.325900 0.222900
vn -0.957900 -0.172300 0.229400
vn 0.109500 -0.669100 -0.735000
vn 0.112100 -0.673900 -0.730200
vn -0.299000 0.386500 -0.872500
vn -0.181100 0.006500 -0.983400
vn 0.914000 0.339800 -0.221400
vn 0.912300 0.364500 -0.186700
vn 0.847300 0.488600 -0.208300
vn -0.521200 0.846500 0.108300
vn -0.330900 0.941600 0.061600
vn 0.915800 0.334700 -0.221800
vn 0.843600 0.495400 -0.207200
vn 0.914200 0.339200 -0.221700
vn 0.881700 0.391900 -0.262400
vn -0.115100 0.974700 0.191500
vn -0.536900 0.836100 0.112100
vn -0.111400 0.993700 0.008900
vn -0.331000 0.941600 0.061400
vn -0.425800 -0.078300 -0.901400
vn -0.381700 -0.222300 -0.897200
vn -0.128300 -0.138000 -0.982100
vn -0.918500 -0.301500 0.256000
vn -0.945700 -0.270600 0.180100
vn -0.918600 -0.326500 0.222500
vn -0.835000 -0.376100 0.401600
vn -0.840000 -0.364800 0.401600
vn -0.934500 -0.348200 0.073000
vn 0.962100 0.271700 -0.020400
vn 0.874200 0.336200 -0.350400
vn 0.877400 0.310200 -0.365900
vn 0.255700 -0.234600 0.937800
vn 0.052000 0.093800 -0.994200
vn 0.105100 -0.044100 -0.993500
vn 0.607500 0.172000 -0.775400
vn 0.964200 0.190200 0.184700
vn 0.958400 0.284700 -0.021400
vn -0.918500 -0.326800 0.222700
vn -0.563700 0.236200 -0.791400
vn -0.126900 0.991800 0.012800
vn -0.127100 0.991800 0.013000
vn 0.064000 -0.288600 0.955300
vn -0.453800 -0.385400 0.803400
vn -0.916700 -0.331700 0.222400
vn -0.959900 -0.160200 0.230000
vn -0.998700 -0.015400 -0.047000
vn -0.721200 0.541600 -0.431800
vn -0.928900 0.246300 -0.276400
vn -0.987500 -0.037000 -0.152900
vn -0.993600 0.104000 0.044600
vn 0.643500 0.544100 -0.538400
vn 0.388000 0.720100 -0.575200
vn 0.026900 0.796900 -0.603500
vn 0.636200 0.687700 -0.349800
vn -0.448700 0.889100 -0.090300
vn -0.640300 0.644600 -0.417600
vn -0.902300 0.431000 0.006800
vn -0.803400 0.326000 -0.498200
vn -0.083600 0.838600 -0.538300
vn 0.361200 0.885400 -0.292600
vn -0.896200 0.393400 0.205100
vn 0.600000 0.275400 -0.751100
vn -0.005900 0.428800 -0.903300
vn -0.871400 -0.257300 -0.417700
vn -0.942000 -0.323600 0.089100
vn -0.096400 0.988000 -0.120600
vn 0.447500 0.886000 -0.120800
vn 0.841700 0.498600 -0.207100
vn -0.357300 0.927200 -0.112500
vn -0.370200 0.734900 -0.568200
vn -0.585900 0.810400 0.002200
vn -0.520900 0.846700 0.108100
vn -0.896200 0.393200 0.205200
vn -0.960000 -0.159600 0.230000
vn 0.447800 0.886000 -0.120500
vn -0.982200 -0.052600 -0.180300
vn -0.960200 -0.158400 0.230000
vn -0.896500 0.392600 0.205200
vn 0.447700 0.886000 -0.120500
vn 0.843300 0.495900 -0.207100
vn 0.166100 0.984700 -0.052000
vn -0.917000 -0.331100 0.222400
vn 0.915200 0.336500 -0.221700
vn -0.521900 0.846000 0.108500
vn -0.522900 0.845400 0.108700
vn 0.914500 0.338500 -0.221500
vn 0.915000 0.337000 -0.221700
vn 0.842400 0.497400 -0.207000
vn -0.126200 0.991900 0.012500
vn 0.220100 0.973100 -0.068700
vn -0.522200 0.845900 0.108600
vn -0.896500 0.392500 0.205300
vn -0.896700 0.392100 0.205200
vn -0.960300 -0.157900 0.230000
vn -0.960400 -0.156800 0.230000
vn 0.447700 0.886000 -0.120700
vn 0.447700 0.886000 -0.120600
vn -0.917800 -0.328800 0.222500
vn -0.917600 -0.329300 0.222600
vn 0.842600 0.497000 -0.207100
vn -0.272500 0.291400 -0.917000
vn -0.354400 0.630100 -0.690900
vn -0.353900 0.626800 -0.694100
vn -0.945600 -0.215400 0.243900
vn -0.952000 -0.203500 0.228400
vn -0.925400 -0.287600 0.246700
vn 0.348900 -0.600500 0.719500
vn 0.359200 -0.924300 0.129000
vn 0.359900 -0.923100 0.135100
vn -0.351300 0.613000 -0.707700
vn -0.361000 0.921200 -0.144800
vn 0.906500 0.379700 -0.184600
vn 0.904600 0.378500 -0.196100
vn 0.237300 -0.175400 0.955400
vn 0.347200 -0.592000 0.727300
vn 0.343900 -0.575700 0.741800
vn 0.916500 0.332600 -0.222100
vn 0.916500 0.332500 -0.222200
vn -0.360200 0.922700 -0.137500
vn -0.328000 0.941500 0.077200
vn 0.358500 -0.925400 0.122800
vn -0.916300 -0.333000 0.222200
vn 0.168100 0.030100 0.985300
vn 0.332800 -0.941600 -0.050800
vn -0.916300 -0.333000 0.222100
vn -0.970800 -0.003800 0.239700
vn 0.753500 0.632100 -0.180400
vn 0.136900 0.929100 0.343600
vn 0.890000 0.440400 0.117800
vn 0.775000 0.602300 0.191400
vn 0.786900 0.616000 -0.034100
vn 0.456400 0.327200 0.827400
vn 0.303300 0.691300 0.655800
vn -0.555400 0.662300 0.502800
vn -0.433200 0.405300 0.805000
vn -0.840400 0.027200 0.541200
vn -0.257300 0.068100 0.963900
vn -0.932300 -0.005100 0.361700
vn -0.846200 -0.165300 0.506500
vn 0.468100 0.880200 -0.077200
vn 0.470900 0.873000 -0.126400
vn -0.331200 0.941500 0.061600
vn -0.374200 0.718300 0.586400
vn -0.944900 -0.030200 0.326100
vn -0.954300 -0.094200 0.283600
vn 0.106700 0.194200 0.975100
vn -0.069700 0.593200 0.802000
vn -0.230800 0.861500 0.452200
vn -0.715000 -0.410200 0.566100
vn -0.847300 -0.291200 0.444100
vn -0.824800 -0.259900 0.502200
vn -0.428200 -0.431700 0.793800
vn -0.028900 -0.174400 0.984200
vn 0.849500 0.015000 0.527300
vn 0.924500 0.368100 0.098600
vn 0.025500 0.860500 0.508700
vn 0.471000 0.873000 -0.126300
vn 0.825400 0.547700 -0.136800
vn 0.758000 0.624000 -0.189600
vn 0.758000 0.624000 -0.189900
vn -0.909100 0.360800 0.208300
vn -0.973100 -0.014600 0.230000
vn -0.909000 0.360800 0.208500
vn -0.973000 -0.014600 0.230200
vn 0.938100 0.345200 0.028700
vn -0.925000 -0.174800 0.337200
vn 0.883000 0.462600 -0.079200
vn 0.796100 0.599400 -0.082900
vn -0.750500 -0.379600 0.541000
vn 0.437600 -0.158700 0.885000
vn 0.842800 0.073500 0.533100
vn -0.893300 0.371700 0.252600
vn -0.896800 0.391900 0.205100
vn -0.960500 -0.156500 0.229800
vn -0.523000 0.845400 0.108600
vn -0.126000 0.991900 0.012500
vn 0.914300 0.338900 -0.221700
vn 0.447500 0.886100 -0.120600
vn -0.918300 -0.327300 0.222800
vn 0.841900 0.498400 -0.206900
vn 0.043500 0.348600 0.936200
vn 0.000800 0.445600 0.895200
vn -0.176000 -0.007900 -0.984300
vn -0.176200 -0.007500 -0.984300
vn 0.122800 -0.693300 -0.710100
vn -0.299200 0.387200 -0.872100
vn 0.889800 0.397400 -0.224500
vn 0.887600 0.406400 -0.216600
vn 0.892600 0.388200 -0.229300
vn -0.938600 -0.266800 0.218800
vn -0.935600 -0.282900 0.210900
vn -0.936900 -0.276300 0.214200
vn -0.168300 0.770700 0.614500
vn -0.278700 0.914300 0.293900
vn -0.000500 0.448500 0.893800
vn 0.906000 0.351800 -0.235400
vn 0.902600 0.359900 -0.236000
vn -0.929200 -0.305500 0.208100
vn -0.232100 0.158800 -0.959600
vn 0.916300 0.333100 -0.222100
vn -0.926300 -0.313700 0.208700
vn -0.916400 -0.332700 0.222200
vn 0.235700 -0.867700 -0.437500
vn -0.167200 -0.032500 -0.985400
vn 0.215600 -0.108100 0.970500
vn 0.013500 -0.175200 0.984400
vn -0.821200 -0.348900 -0.451600
vn -0.862500 -0.287000 -0.416800
vn 0.215600 -0.108100 0.970400
vn 0.086300 0.058100 -0.994500
vn 0.610700 0.247500 -0.752200
vn 0.413600 -0.033900 0.909800
vn 0.878000 0.330800 -0.345900
vn -0.857100 -0.338500 0.388400
vn -0.939400 -0.329400 0.094700
vn 0.832000 0.173900 0.526800
vn 0.960400 0.235100 0.149100
vn 0.948900 0.286900 0.131300
vn 0.948100 0.315600 -0.037500
vn -0.507000 -0.304600 0.806300
vn -0.778900 -0.337300 0.528700
vn -0.432900 -0.129900 -0.892000
vn -0.031900 -0.060200 0.997700
vn -0.032100 -0.060200 0.997700
vn -0.553400 -0.233700 0.799400
vn 0.618400 0.253800 -0.743700
vn 0.615200 0.252800 -0.746700
vn 0.878500 0.325800 -0.349200
vn 0.814100 0.260600 0.518900
vn 0.937200 0.322800 0.132000
vn -0.937800 -0.334100 0.093700
vn -0.938100 -0.334100 0.091200
vn -0.867000 -0.284600 -0.409100
vn 0.174300 0.012900 0.984600
vn 0.817300 0.262000 0.513200
vn 0.376600 0.087100 0.922200
vn -0.865600 -0.322900 0.382700
vn -0.866700 -0.323200 0.379900
vn -0.791700 -0.304200 0.529700
vn -0.550100 -0.232700 0.802000
vn 0.879400 0.326000 -0.346900
vn 0.941600 0.333200 -0.047500
vn 0.375200 0.086500 0.922900
vn 0.941800 0.333100 -0.044000
vn 0.081400 0.077400 -0.993700
vn 0.080900 0.077200 -0.993700
vn -0.174300 -0.012900 -0.984600
vn -0.869400 -0.285700 -0.403000
vn -0.440700 -0.111100 -0.890700
vn -0.174200 -0.012900 -0.984600
vn -0.442900 -0.111900 -0.889600
vn 0.232200 -0.500300 0.834100
vn 0.319700 -0.548500 0.772600
vn 0.225200 -0.328600 0.917200
vn 0.969300 0.085800 -0.230300
vn 0.973200 -0.010700 -0.229600
vn 0.970900 -0.074100 -0.227900
vn 0.967900 -0.109000 -0.226600
vn -0.705200 -0.686200 0.178500
vn -0.690700 -0.701600 0.175300
vn 0.185900 -0.982200 -0.026700
vn -0.098400 -0.993900 -0.050000
vn -0.024000 -0.994600 -0.100500
vn 0.456800 -0.884700 -0.092300
vn -0.916400 -0.332900 0.222100
vn 0.574200 -0.785300 -0.231500
vn 0.339300 -0.553700 0.760400
vn 0.278400 -0.311900 0.908400
vn 0.336700 -0.541700 0.770200
vn 0.911500 -0.055900 -0.407400
vn 0.819100 -0.101300 -0.564700
vn 0.740100 0.289800 -0.606700
vn 0.463600 -0.881000 -0.094000
vn 0.651600 -0.722700 -0.230300
vn 0.356100 -0.551200 0.754600
vn 0.330000 -0.292800 0.897400
vn 0.847700 0.318600 -0.424100
vn 0.196000 -0.980200 -0.029100
vn 0.064100 -0.882100 0.466600
vn -0.086200 -0.995500 0.037800
vn 0.306800 -0.416300 0.855900
vn -0.747500 -0.637200 0.187600
vn 0.676800 -0.721300 -0.147200
vn -0.336800 -0.800300 -0.496100
vn -0.810800 -0.254900 -0.526900
vn -0.632200 -0.184900 -0.752400
vn -0.105500 -0.197100 -0.974700
vn -0.106200 -0.195300 -0.974900
vn -0.916400 -0.332900 0.222200
vn 0.288500 -0.922500 -0.256600
vn 0.291600 -0.924800 -0.244200
vn 0.113700 -0.676900 -0.727200
vn 0.347700 -0.936700 0.040700
vn 0.405400 -0.442600 0.799800
vn 0.174200 0.012900 0.984600
vn -0.799600 -0.566600 0.198700
vn 0.684800 -0.713300 -0.149200
vn 0.273200 -0.909300 -0.313900
vn 0.277500 -0.913200 -0.298300
vn 0.273300 -0.909300 -0.313900
vn 0.202400 -0.822800 -0.531100
vn -0.973200 -0.002200 0.229800
vn -0.973200 -0.002400 0.229800
vn -0.958200 -0.171400 0.229200
vn -0.958900 0.174900 0.223300
vn -0.959000 0.174100 0.223300
vn 0.958200 0.171400 -0.229200
vn 0.958100 0.171700 -0.229200
vn -0.910900 0.355800 0.208800
vn -0.911400 0.354400 0.209000
vn 0.973200 0.002400 -0.229800
vn 0.973200 0.002200 -0.229800
vn -0.824500 0.534600 0.185300
vn -0.825700 0.532700 0.185600
vn 0.959200 -0.173300 -0.223400
vn 0.959000 -0.174100 -0.223400
vn -0.696500 0.701200 0.152100
vn -0.698500 0.699100 0.152700
vn 0.117000 -0.993100 -0.010200
vn 0.113000 -0.993500 -0.009300
vn 0.330800 -0.941600 -0.061600
vn 0.911900 -0.353000 -0.209100
vn 0.911400 -0.354400 -0.209000
vn -0.527900 0.842100 0.109900
vn -0.530900 0.840200 0.110600
vn -0.101200 -0.994000 0.041300
vn -0.105000 -0.993600 0.042100
vn 0.826800 -0.530800 -0.185900
vn 0.825700 -0.532700 -0.185600
vn -0.327100 0.943000 0.060700
vn -0.330800 0.941600 0.061600
vn -0.304600 -0.948300 0.088500
vn -0.307800 -0.947200 0.089200
vn 0.700500 -0.697000 -0.153200
vn 0.698500 -0.699100 -0.152700
vn -0.109000 0.994000 0.008300
vn -0.113000 0.993500 0.009300
vn -0.483400 -0.865800 0.129200
vn -0.485800 -0.864300 0.129800
vn 0.533900 -0.838200 -0.111300
vn 0.530900 -0.840200 -0.110600
vn 0.108700 0.993100 -0.043000
vn 0.105000 0.993600 -0.042100
vn -0.633500 -0.756400 0.162800
vn -0.635200 -0.754900 0.163200
vn 0.334500 -0.940300 -0.062500
vn 0.311000 0.946100 -0.090000
vn 0.307800 0.947200 -0.089200
vn -0.754800 -0.628100 0.189200
vn -0.755900 -0.626700 0.189400
vn 0.488300 0.862900 -0.130300
vn 0.485800 0.864300 -0.129800
vn -0.848500 -0.486200 0.208800
vn -0.849100 -0.485100 0.208900
vn 0.637000 0.753300 -0.163500
vn 0.635200 0.754800 -0.163200
vn -0.916100 -0.333700 0.222100
vn 0.757000 0.625300 -0.189600
vn 0.755900 0.626700 -0.189400
vn -0.958100 -0.172000 0.229200
vn -0.958100 -0.171700 0.229200
vn 0.849700 0.484000 -0.209100
vn 0.849100 0.485100 -0.208900
vn -0.973200 -0.002000 0.229800
vn 0.916700 0.332200 -0.222200
vn -0.849700 -0.484000 0.209100
vn -0.916700 -0.332200 0.222200
vn -0.757000 -0.625300 0.189600
vn -0.637000 -0.753300 0.163500
vn -0.488300 -0.862900 0.130300
vn 0.327100 -0.943000 -0.060700
vn 0.527900 -0.842100 -0.109900
vn -0.311000 -0.946100 0.090000
vn -0.488300 -0.862900 0.130400
vn 0.696500 -0.701200 -0.152100
vn -0.108700 -0.993100 0.043000
vn -0.311000 -0.946100 0.089900
vn 0.824500 -0.534600 -0.185300
vn 0.109000 -0.994000 -0.008300
vn 0.116900 -0.993100 -0.010200
vn 0.910900 -0.355800 -0.208800
vn 0.958900 -0.174900 -0.223300
vn 0.528000 -0.842100 -0.109900
vn 0.973200 0.002000 -0.229800
vn 0.958100 0.172000 -0.229200
vn 0.916100 0.333700 -0.222100
vn 0.848500 0.486200 -0.208800
vn -0.959200 0.173300 0.223400
vn -0.911900 0.353000 0.209100
vn -0.334500 0.940300 0.062500
vn -0.826800 0.530800 0.185900
vn -0.117000 0.993100 0.010200
vn -0.700500 0.697000 0.153100
vn 0.101200 0.994000 -0.041300
vn -0.533800 0.838200 0.111300
vn 0.304600 0.948300 -0.088500
vn -0.700500 0.697000 0.153200
vn 0.483400 0.865800 -0.129200
vn -0.533800 0.838200 0.111400
vn 0.633500 0.756400 -0.162800
vn 0.754800 0.628100 -0.189200
vn 0.958100 0.171900 -0.229200
vn -0.071600 -0.996800 0.034300
vn -0.100800 -0.994000 0.041200
vn -0.025500 -0.999400 0.023500
vn -0.727000 -0.654000 -0.209200
vn 0.649600 -0.747200 -0.140300
vn -0.755100 -0.655400 -0.016400
vn 0.662700 -0.668500 0.337500
vn -0.314300 -0.062600 -0.947200
vn -0.938300 -0.334100 0.089000
vn -0.782700 -0.610400 0.121000
vn 0.250900 -0.120200 0.960500
vn 0.221100 -0.124800 0.967200
vn 0.179400 -0.348400 0.920000
vn 0.194100 -0.140100 0.970900
vn 0.373400 -0.277200 0.885300
vn -0.943400 -0.331500 0.000200
vn -0.923300 -0.313500 -0.221800
vn -0.943500 -0.331400 -0.002000
vn -0.943100 -0.332100 0.015400
vn -0.929400 -0.317400 -0.188100
vn -0.943000 -0.332300 0.019400
vn 0.853500 0.320000 -0.411300
vn 0.854900 0.320400 -0.408100
vn 0.758400 0.295000 -0.581200
vn 0.249000 -0.210200 0.945400
vn 0.270900 -0.248700 0.929900
vn 0.267700 -0.243000 0.932300
vn 0.250300 -0.248900 0.935600
vn 0.250700 -0.255600 0.933700
vn 0.247600 -0.210800 0.945600
vn 0.247300 -0.207300 0.946500
vn 0.247400 -0.207300 0.946500
vn 0.247300 -0.207400 0.946500
vn -0.743000 -0.642700 0.186700
vn 0.123100 -0.992300 -0.011700
vn 0.107300 -0.994200 -0.007900
vn 0.740200 0.289800 -0.606700
vn 0.846900 0.318500 -0.425900
vn 0.237000 -0.129000 0.962900
vn 0.266900 -0.133500 0.954400
vn 0.188100 -0.161100 0.968800
vn 0.210900 -0.138200 0.967700
vn -0.327200 -0.068700 -0.942400
vn -0.849700 -0.484100 0.209100
vn -0.476400 -0.869900 0.127700
vn -0.456600 -0.881000 0.123200
vn -0.847200 -0.488600 0.208500
vn -0.913900 -0.307300 -0.265100
vn -0.797700 -0.595000 -0.098100
vn -0.938400 -0.334100 0.088500
vn -0.913500 -0.308100 -0.265500
vn -0.804500 -0.257100 -0.535400
vn 0.880000 0.462900 0.105900
vn -0.331800 0.519600 -0.787300
vn -0.918500 -0.326600 0.222500
vn -0.928500 0.093700 -0.359200
vn -0.922900 -0.285900 0.257800
vn -0.359400 0.924000 -0.130200
vn 0.117000 -0.682900 -0.721100
vn 0.894400 0.381800 -0.232700
vn -0.939400 -0.257300 0.226300
vn -0.174700 0.780900 0.599700
vn -0.746200 -0.613300 -0.258700
vn -0.916400 -0.332800 0.222300
vn 0.107400 -0.665300 -0.738800
vn -0.174300 -0.013000 -0.984600
vn 0.247400 -0.207400 0.946500
vn 0.240500 -0.152800 0.958500
vn 0.221600 -0.159400 0.962000
s 1
f 22/1/1 14/2/2 2/3/3
f 4/4/4 1530/5/5 474/6/6
f 1535/7/7 1533/8/8 1777/9/9
f 5/10/10 4/4/4 199/11/11
f 201/12/12 10/13/13 5/10/10
f 234/14/14 237/15/15 1541/16/16
f 233/17/17 269/18/18 1546/19/19
f 245/20/20 251/21/21 20/22/22
f 225/23/23 245/20/20 16/24/24
f 29/25/25 14/2/2 17/26/26
f 17/26/26 14/2/2 22/1/1
f 251/21/21 243/27/27 7/28/28
f 9/29/29 1/30/30 1729/31/31
f 25/32/32 549/33/33 12/34/34
f 30/35/35 39/36/36 34/37/37
f 21/38/38 483/39/39 481/40/40
f 19/41/41 22/42/1 15/43/42
f 12/44/34 1546/19/19 1542/45/43
f 1535/7/7 1778/46/44 229/47/45
f 106/48/46 488/49/47 492/50/48
f 1/30/30 229/47/45 1731/51/49
f 202/52/50 11/53/51 10/54/13
f 15/43/42 22/42/1 28/55/52
f 203/56/53 21/57/38 11/53/51
f 105/58/54 1595/59/55 491/60/56
f 11/61/51 481/40/40 480/62/57
f 16/24/24 15/43/42 3/63/58
f 475/64/59 1531/65/60 21/57/38
f 1540/66/61 238/67/62 233/68/17
f 181/69/63 1732/70/64 1736/71/65
f 113/72/66 494/73/67 489/74/68
f 1538/75/69 20/22/22 7/28/28
f 13/76/70 1539/77/71 549/78/33
f 9/29/29 1726/79/72 1727/80/73
f 5/81/10 10/82/13 480/83/57
f 112/84/74 1724/85/75 488/49/47
f 18/86/76 15/43/42 16/24/24
f 112/87/74 105/58/54 486/88/77
f 1537/89/78 232/90/79 490/91/80
f 243/92/27 252/93/81 30/35/35
f 5/81/10 479/94/82 477/95/83
f 1533/8/8 210/96/84 1723/97/85
f 252/93/81 246/98/86 29/25/25
f 6/99/87 2/3/3 14/2/2
f 1541/16/16 237/15/15 1534/100/88
f 104/101/89 482/102/90 494/103/67
f 24/104/91 1727/80/73 496/105/92
f 246/98/86 227/106/93 6/99/87
f 1544/107/94 234/108/14 13/109/70
f 1543/110/95 13/109/70 25/111/32
f 109/112/96 734/113/97 104/101/89
f 23/114/98 1551/115/99 1538/75/69
f 43/115/100 41/116/101 36/117/102
f 38/75/103 36/117/102 18/86/76
f 18/86/76 36/117/102 37/118/104
f 17/26/26 35/119/105 1549/36/106
f 1550/120/107 35/119/105 17/26/26
f 46/121/108 40/122/109 1553/123/110
f 41/116/101 47/124/111 48/125/112
f 35/119/105 40/122/109 1552/126/113
f 36/117/102 41/116/101 42/127/114
f 40/122/109 35/119/105 1550/120/107
f 39/36/36 44/126/115 23/128/98
f 1557/129/116 46/121/108 52/130/117
f 1554/131/118 1555/132/119 45/133/120
f 44/126/115 50/129/121 45/134/120
f 47/124/111 41/116/101 43/115/100
f 1555/132/119 1551/115/99 23/114/98
f 40/122/109 46/121/108 1557/129/116
f 1562/135/122 52/130/117 1559/136/123
f 53/137/124 1566/138/125 1561/139/126
f 48/125/112 47/124/111 53/137/124
f 52/130/117 46/121/108 1556/140/127
f 50/129/121 56/141/128 51/142/129
f 55/131/130 53/137/124 47/124/111
f 1563/143/131 58/135/132 64/144/133
f 1573/145/134 1575/146/135 1567/147/136
f 56/141/128 1564/143/137 1565/148/138
f 1566/138/125 53/137/124 55/131/130
f 1565/149/138 61/147/139 1554/131/118
f 52/130/117 1562/135/122 62/143/140
f 579/150/141 1570/144/142 1569/151/143
f 59/138/144 1574/152/145 66/153/146
f 64/144/133 58/135/132 60/154/147
f 57/148/148 1563/143/131 1571/155/149
f 1574/152/145 59/138/144 1567/147/136
f 1582/156/150 70/157/151 76/158/152
f 79/159/153 77/160/154 92/161/155
f 1585/162/156 581/163/157 65/152/158
f 584/162/159 67/146/160 63/145/161
f 595/164/162 592/165/163 74/156/164
f 594/166/165 70/157/151 1582/156/150
f 1581/167/166 1577/168/167 77/160/154
f 1581/169/166 1580/170/168 1578/158/169
f 87/171/170 90/172/171 73/173/172
f 76/158/152 70/157/151 72/174/173
f 69/175/174 74/156/164 80/170/175
f 69/176/174 75/177/176 1583/178/177
f 583/179/178 83/180/179 84/181/180
f 591/182/181 594/166/165 81/183/182
f 1775/184/183 596/185/184 85/186/185
f 595/187/162 1775/184/183 86/188/186
f 1584/179/187 579/150/141 81/183/182
f 582/189/188 581/163/157 85/186/185
f 93/190/189 89/191/190 97/192/191
f 94/193/192 92/161/155 100/194/193
f 1589/195/194 96/196/195 88/197/196
f 71/198/197 88/197/196 89/191/190
f 79/159/153 94/193/192 91/199/198
f 78/200/199 72/201/173 89/191/190
f 88/197/196 71/198/197 73/173/172
f 1586/202/200 92/161/155 77/160/154
f 1594/203/201 98/195/202 1587/204/203
f 97/192/191 96/196/195 1591/205/204
f 1594/203/201 1591/205/204 96/196/195
f 1588/204/205 1589/195/194 90/172/171
f 94/193/192 102/206/193 1593/207/193
f 88/197/196 96/196/195 97/192/191
f 101/208/193 100/194/193 92/161/155
f 1583/178/177 99/209/206 95/204/207
f 1537/89/78 490/91/80 1547/210/208
f 4/211/4 477/95/83 1723/97/85
f 267/212/209 1548/210/210 483/39/39
f 476/213/211 496/105/92 490/91/80
f 192/214/212 194/215/213 1628/216/214
f 198/217/215 196/218/216 121/219/217
f 192/214/212 1596/220/218 1597/221/219
f 196/218/216 114/222/220 119/223/221
f 128/224/222 121/219/217 126/225/223
f 130/226/224 1600/227/225 110/228/226
f 1599/229/227 117/230/228 129/231/229
f 126/225/223 122/232/230 129/233/229
f 195/234/231 197/235/232 122/232/230
f 197/236/232 1598/215/233 1599/229/227
f 1596/220/218 27/237/234 116/238/235
f 191/239/236 128/224/222 131/240/237
f 1607/241/238 1600/227/225 130/226/224
f 185/242/239 1603/243/240 1605/244/241
f 187/245/242 1605/246/241 1604/247/243
f 189/248/244 1601/242/245 1602/230/246
f 127/249/247 1597/221/219 118/250/248
f 121/219/217 128/224/222 130/226/224
f 1602/230/246 111/229/249 127/249/247
f 142/251/250 137/252/251 1625/253/252
f 1603/243/240 143/254/253 144/255/254
f 144/255/254 148/256/255 1621/257/256
f 136/258/257 1603/243/240 139/259/258
f 189/248/244 190/260/259 124/261/260
f 188/262/261 191/239/236 133/263/262
f 134/246/263 149/264/264 1606/265/265
f 144/255/254 161/266/266 149/267/264
f 151/268/267 140/269/268 1618/270/269
f 1603/243/240 136/258/257 143/254/253
f 139/259/258 124/261/260 1612/271/270
f 135/272/271 133/263/262 140/269/268
f 176/273/272 175/274/273 148/256/255
f 173/275/274 172/276/275 152/277/276
f 1608/278/277 174/279/278 1615/280/279
f 170/281/280 169/278/281 146/282/282
f 172/276/275 140/269/268 151/268/267
f 1611/283/283 137/252/251 142/251/250
f 154/284/284 155/285/285 1613/282/286
f 1617/286/287 156/287/288 155/285/285
f 1610/288/289 153/289/290 156/287/288
f 152/277/276 158/290/291 157/291/292
f 154/284/284 1613/282/286 1615/280/279
f 1609/292/293 175/274/273 153/289/290
f 176/273/272 170/281/280 1616/285/294
f 1621/257/256 168/293/295 166/294/296
f 164/295/297 168/293/295 1620/257/298
f 149/264/264 147/296/299 1622/297/300
f 1618/270/269 150/298/301 141/299/302
f 140/269/268 133/263/262 150/298/301
f 150/298/301 133/263/262 1604/247/243
f 160/300/303 162/257/304 148/256/255
f 147/296/299 165/301/305 167/302/306
f 166/294/296 165/303/305 147/304/299
f 165/303/305 168/293/295 164/295/297
f 166/294/296 168/293/295 165/303/305
f 167/302/306 164/305/297 141/299/302
f 161/266/266 166/294/296 147/304/299
f 141/299/302 150/298/301 159/265/307
f 432/306/308 529/307/309 526/308/310
f 515/309/311 545/310/312 546/311/313
f 435/312/314 1741/313/315 1738/309/316
f 419/314/317 417/315/318 518/316/319
f 31/317/320 269/318/18 510/319/321
f 273/320/322 1738/309/316 514/321/323
f 434/322/324 1742/323/325 529/307/309
f 32/324/326 507/325/327 508/326/328
f 426/327/329 430/328/330 528/329/331
f 519/330/332 543/331/333 546/311/313
f 33/332/334 506/333/335 507/325/327
f 417/315/318 1545/334/336 508/326/328
f 411/335/337 514/321/323 510/319/321
f 430/328/330 427/336/338 526/308/310
f 33/332/334 31/317/320 509/337/339
f 426/327/329 528/329/331 1741/313/315
f 153/289/290 175/274/273 176/273/272
f 142/251/250 140/269/268 172/276/275
f 136/258/257 1612/271/270 174/279/278
f 143/254/253 136/258/257 169/278/281
f 152/277/276 172/276/275 171/338/340
f 145/339/341 1611/283/283 173/275/274
f 1624/340/342 148/256/255 175/274/273
f 144/255/254 143/254/253 170/281/280
f 1626/341/343 501/342/344 106/343/46
f 505/344/345 178/345/346 180/346/347
f 1736/347/65 1735/348/348 1627/349/349
f 505/344/345 105/350/54 112/351/74
f 503/352/350 1629/353/351 179/354/352
f 500/355/353 501/356/344 183/357/354
f 1734/348/355 103/358/356 1595/359/55
f 502/71/357 1733/70/358 104/360/89
f 26/216/359 177/361/360 1627/349/349
f 184/362/361 182/363/362 120/364/363
f 120/364/363 182/363/362 180/346/347
f 27/237/234 180/346/347 178/345/346
f 116/365/235 178/366/346 183/357/354
f 114/222/220 183/357/354 179/354/352
f 119/223/221 179/354/352 1629/353/351
f 115/367/364 181/69/63 177/368/360
f 133/263/262 191/239/236 186/369/365
f 135/272/271 1625/253/252 1607/241/238
f 117/230/228 185/242/239 187/370/242
f 129/233/229 187/245/242 186/369/365
f 125/243/366 1601/242/245 189/248/244
f 132/371/367 118/250/248 190/260/259
f 128/224/222 191/239/236 188/262/261
f 123/372/368 110/228/226 193/373/369
f 26/216/359 1598/215/233 197/236/232
f 115/367/364 197/235/232 195/234/231
f 126/225/223 121/219/217 196/218/216
f 120/364/363 27/237/234 1596/220/218
f 116/365/235 114/222/220 196/218/216
f 127/249/247 111/229/249 194/215/213
f 6/99/87 203/56/53 202/52/50
f 202/52/50 201/374/12 28/375/52
f 201/12/12 200/376/370 3/63/58
f 200/376/370 199/11/11 8/377/371
f 199/11/11 474/6/6 225/23/23
f 227/106/93 475/64/59 203/56/53
f 254/378/372 265/379/373 206/380/374
f 474/381/6 1530/382/5 209/383/375
f 223/384/376 351/385/377 349/386/378
f 350/387/379 346/388/380 215/389/381
f 256/390/382 262/391/383 222/392/384
f 222/393/384 217/394/385 348/395/386
f 240/396/387 220/397/388 208/398/389
f 469/399/390 209/383/375 211/400/391
f 470/401/392 211/400/391 226/402/393
f 236/403/394 205/404/395 237/15/15
f 271/405/396 269/18/18 233/17/17
f 250/406/397 251/407/21 245/408/20
f 244/409/398 245/408/20 225/23/23
f 266/410/399 1632/411/400 247/412/401
f 254/378/372 241/413/402 247/412/401
f 251/407/21 250/406/397 218/414/403
f 219/415/404 257/416/405 258/417/406
f 256/390/382 224/418/407 259/419/408
f 275/420/409 280/421/410 268/411/411
f 216/422/412 205/404/395 224/423/407
f 242/424/413 254/425/372 249/426/414
f 274/427/415 271/405/396 235/428/416
f 264/429/417 1682/430/418 1685/431/419
f 263/432/420 215/389/381 346/388/380
f 219/433/404 349/386/378 1683/434/421
f 472/435/422 471/436/423 226/437/393
f 242/424/413 207/438/424 265/439/373
f 473/440/425 472/435/422 228/441/426
f 262/391/383 208/398/389 217/442/385
f 204/443/427 239/444/428 231/445/429
f 244/409/398 221/377/430 207/438/424
f 258/417/406 257/416/405 231/445/429
f 475/446/59 473/440/425 253/447/431
f 235/448/416 233/68/17 238/67/62
f 1536/449/432 208/398/389 262/391/383
f 224/418/407 256/390/382 215/450/381
f 218/414/403 250/406/397 1631/451/433
f 259/452/408 224/423/407 205/404/395
f 220/397/388 213/453/434 217/442/385
f 1531/454/60 253/447/431 220/397/388
f 253/447/431 228/441/426 213/453/434
f 244/409/398 242/424/413 248/455/435
f 238/67/62 230/456/436 262/391/383
f 228/441/426 226/437/393 264/457/417
f 243/458/27 218/459/403 1632/411/400
f 214/460/437 204/443/427 257/416/405
f 226/402/393 211/400/391 214/460/437
f 266/410/399 246/461/86 252/462/81
f 212/463/438 266/410/399 241/413/402
f 205/404/395 258/417/406 1534/100/88
f 223/464/376 258/417/406 205/404/395
f 211/400/391 209/383/375 204/443/427
f 212/463/438 227/106/93 246/461/86
f 416/465/439 413/466/440 271/405/396
f 274/427/415 272/467/441 414/468/442
f 236/469/394 234/108/14 1544/107/94
f 259/470/408 236/469/394 272/467/441
f 1530/382/5 239/444/428 204/443/427
f 255/471/443 275/472/409 1631/451/433
f 284/473/444 279/451/445 277/474/446
f 279/451/445 250/406/397 248/455/435
f 278/475/447 277/474/446 248/455/435
f 1636/421/448 276/476/449 247/412/401
f 1637/477/450 249/478/414 247/412/401
f 1643/479/451 1640/480/452 281/481/453
f 283/482/454 289/483/455 288/484/456
f 1639/485/457 281/481/453 276/476/449
f 283/482/454 282/486/458 277/474/446
f 1637/477/450 276/476/449 281/481/453
f 255/487/443 285/485/459 280/421/410
f 1644/488/460 1645/489/461 293/490/462
f 286/491/463 1642/492/464 1641/131/465
f 286/493/463 291/488/466 285/485/459
f 290/492/467 284/473/444 282/486/458
f 255/471/443 1638/473/468 1642/492/464
f 1644/488/460 287/494/469 281/481/453
f 1646/495/470 293/490/462 1649/496/471
f 295/497/472 1648/498/473 1653/499/474
f 289/483/455 295/497/472 294/500/475
f 1643/479/451 287/494/469 293/490/462
f 292/501/476 297/489/477 291/488/466
f 296/131/478 290/492/467 288/484/456
f 1658/502/479 305/503/480 299/496/481
f 1660/504/482 298/505/483 1654/147/484
f 1652/506/485 1651/507/486 297/489/477
f 1655/147/487 296/131/478 294/500/475
f 1652/505/485 292/508/476 1641/131/465
f 303/507/488 1649/496/471 293/490/462
f 73/173/172 1775/184/183 595/187/162
f 1656/509/489 1657/503/490 585/510/491
f 307/511/492 1661/512/493 300/499/494
f 307/509/492 301/513/495 299/496/481
f 298/506/483 1660/514/482 1658/502/479
f 1654/147/484 300/499/494 1661/512/493
f 1669/515/496 1666/516/497 317/517/498
f 320/518/499 335/519/500 333/520/501
f 1672/162/502 1663/521/503 306/512/504
f 304/504/505 308/521/506 590/162/507
f 601/522/508 310/523/509 315/515/510
f 1669/515/496 311/524/511 600/525/512
f 318/526/513 1664/527/514 1668/528/515
f 1668/529/515 1664/530/514 1665/517/516
f 328/531/517 310/532/509 314/533/518
f 313/534/519 311/524/511 317/517/498
f 310/523/509 316/529/520 321/516/521
f 310/532/509 328/531/517 1670/535/522
f 325/536/523 324/537/524 589/538/525
f 597/539/526 323/540/527 322/541/528
f 1776/542/529 327/188/530 326/186/531
f 601/543/508 325/544/523 327/188/530
f 1671/538/532 324/537/524 322/541/528
f 588/545/533 323/546/527 326/186/531
f 334/547/534 1677/548/535 338/549/536
f 343/550/500 341/551/500 333/520/501
f 1676/552/537 331/553/538 329/554/539
f 330/555/540 329/554/539 312/556/541
f 332/557/542 335/519/500 320/518/499
f 319/558/543 334/547/534 330/555/540
f 314/533/518 312/556/541 329/554/539
f 1673/559/544 1664/527/514 318/526/513
f 1674/560/545 339/552/546 1681/561/547
f 338/549/536 1677/548/535 1678/562/548
f 1681/561/547 339/552/546 337/563/549
f 1675/560/550 328/531/517 331/553/538
f 1680/564/500 343/550/500 335/519/500
f 338/549/536 337/563/549 329/554/539
f 342/565/500 1673/559/544 333/520/501
f 336/560/551 340/566/552 1670/535/522
f 351/567/377 223/568/376 216/569/412
f 263/432/420 354/570/553 347/571/554
f 348/395/386 217/394/385 213/572/434
f 264/573/417 214/574/437 1683/434/421
f 462/575/555 362/576/556 1721/577/557
f 468/578/558 365/579/559 363/580/560
f 369/581/561 1688/582/562 1687/583/563
f 361/584/564 356/585/565 466/586/566
f 368/587/567 363/580/560 370/588/568
f 372/589/569 365/579/559 352/590/570
f 371/591/571 359/592/572 353/593/573
f 373/594/574 371/595/571 364/596/575
f 368/587/567 364/596/575 467/597/576
f 364/598/575 353/593/573 464/599/577
f 358/600/578 261/601/579 463/583/580
f 373/594/574 370/588/568 461/602/581
f 372/589/569 1689/603/582 1694/604/583
f 457/605/584 1693/606/585 367/607/586
f 1692/608/587 1693/609/585 457/610/584
f 459/611/588 374/612/589 1691/592/590
f 369/581/561 374/612/589 360/613/591
f 365/579/559 372/589/569 370/588/568
f 369/581/561 353/593/573 1691/592/590
f 384/614/592 377/615/593 1718/616/594
f 386/617/595 385/618/596 367/607/586
f 386/617/595 403/619/597 1713/620/598
f 378/621/599 381/622/600 367/607/586
f 459/611/588 381/622/600 366/623/601
f 458/624/602 377/615/593 375/625/603
f 401/626/604 391/627/605 376/609/606
f 391/628/605 403/619/597 386/617/595
f 393/629/607 1711/630/608 382/631/609
f 367/607/586 385/618/596 378/621/599
f 381/622/600 378/621/599 1702/632/610
f 384/614/592 382/631/609 375/625/603
f 445/633/611 386/617/595 1715/634/612
f 1708/635/613 394/636/614 441/637/615
f 1695/638/616 1703/639/617 387/640/618
f 1697/641/619 1704/642/620 388/639/621
f 393/629/607 382/631/609 441/637/615
f 384/614/592 379/643/622 1701/644/623
f 1708/645/613 1703/639/617 1706/642/624
f 396/645/625 1705/642/626 398/646/627
f 1699/647/628 1709/648/629 1707/646/630
f 394/636/614 1708/635/613 399/649/631
f 1708/645/613 387/640/618 1703/639/617
f 1698/650/632 1699/647/628 395/651/633
f 445/633/611 1707/646/630 397/642/634
f 408/652/635 410/653/636 1713/620/598
f 406/654/637 402/655/638 1712/620/639
f 401/626/604 1716/656/640 389/657/641
f 1711/630/608 406/658/637 1714/659/642
f 382/631/609 1711/630/608 392/660/643
f 1692/608/587 375/625/603 392/660/643
f 1711/655/608 393/661/607 1715/634/612
f 409/662/644 407/663/645 389/657/641
f 408/652/635 389/664/641 407/665/645
f 406/654/637 410/653/636 407/665/645
f 408/652/635 407/665/645 410/653/636
f 409/662/644 405/656/646 1714/659/642
f 389/664/641 408/652/635 403/619/597
f 401/626/604 392/660/643 383/659/647
f 416/465/439 414/468/442 1635/666/648
f 420/667/649 425/668/650 569/669/651
f 413/466/440 411/670/337 269/18/18
f 420/667/649 419/671/317 564/672/652
f 418/673/653 417/674/318 419/671/317
f 420/667/649 414/468/442 272/467/441
f 418/673/653 272/467/441 1545/107/336
f 423/675/654 1772/676/655 1770/677/656
f 436/678/657 428/679/658 426/680/329
f 433/681/659 429/682/660 412/683/661
f 1633/675/662 421/684/663 413/466/440
f 421/684/663 273/685/322 411/670/337
f 430/686/330 426/680/329 428/679/658
f 429/682/660 427/687/338 430/686/330
f 433/681/659 432/688/308 427/687/338
f 425/668/650 424/689/664 434/690/324
f 437/691/665 431/692/666 428/679/658
f 437/691/665 412/683/661 429/682/660
f 421/684/663 436/678/657 435/693/314
f 572/694/667 1769/695/668 1635/666/648
f 415/696/669 434/690/324 432/688/308
f 566/697/670 437/691/665 436/678/657
f 445/633/611 444/698/671 395/651/633
f 384/614/592 442/699/672 441/637/615
f 378/621/599 1695/638/616 443/700/673
f 385/618/596 439/641/674 438/638/675
f 440/701/676 441/637/615 394/636/614
f 442/699/672 443/644/673 387/702/618
f 393/661/607 1698/650/632 444/698/671
f 386/617/595 445/633/611 439/641/674
f 351/567/377 347/571/554 523/703/677
f 732/704/678 446/705/679 1720/706/680
f 450/707/681 453/708/682 733/709/683
f 527/710/684 354/570/553 346/388/380
f 731/711/685 348/712/386 1686/713/686
f 448/714/687 450/707/681 1684/715/688
f 449/716/689 447/717/690 1753/718/691
f 350/719/379 348/712/386 731/711/685
f 355/720/692 345/434/693 733/721/683
f 260/577/694 1720/706/680 446/705/679
f 362/576/556 451/722/695 454/706/696
f 362/576/556 261/601/579 449/716/689
f 261/601/579 358/600/578 447/717/690
f 358/723/578 356/585/565 452/724/697
f 356/585/565 361/584/564 448/714/687
f 361/584/564 357/725/698 450/707/681
f 357/725/698 453/708/682 450/707/681
f 357/725/698 260/726/694 446/727/679
f 1692/608/587 456/728/699 461/602/581
f 377/615/593 458/624/602 1694/604/583
f 457/605/584 455/729/700 359/592/572
f 456/728/699 457/610/584 371/595/571
f 381/622/600 459/611/588 1690/729/701
f 374/612/589 459/611/588 460/730/702
f 458/624/602 461/602/581 370/588/568
f 365/579/559 468/578/558 463/731/580
f 467/732/576 464/599/577 260/577/694
f 361/584/564 465/733/703 467/597/576
f 465/733/703 466/586/566 363/580/560
f 362/576/556 462/575/555 1687/583/563
f 358/723/578 468/578/558 466/586/566
f 369/581/561 462/575/555 464/599/577
f 212/463/438 206/380/374 472/435/422
f 265/379/373 471/436/423 472/435/422
f 207/438/424 470/401/392 471/734/423
f 221/377/430 469/399/390 470/401/392
f 225/23/23 474/381/6 469/399/390
f 227/106/93 212/463/438 473/440/425
f 1595/59/55 103/735/356 489/74/68
f 230/456/436 1722/736/704 1536/449/432
f 238/67/62 1540/66/61 1722/736/704
f 485/80/705 1725/88/706 491/60/56
f 488/49/47 487/85/707 497/79/708
f 1728/105/709 491/60/56 489/74/68
f 1725/88/706 485/80/705 497/79/708
f 494/73/67 480/62/57 481/40/40
f 112/737/74 106/343/46 501/738/344
f 109/739/96 104/360/89 1733/352/358
f 498/31/710 495/51/711 492/50/48
f 603/740/712 479/94/82 494/103/67
f 103/741/356 1734/348/355 502/347/357
f 179/354/352 183/357/354 501/356/344
f 180/346/347 182/363/362 107/348/713
f 105/350/54 505/344/345 1737/742/714
f 182/363/362 184/362/361 107/348/713
f 178/345/346 505/344/345 500/743/353
f 506/333/335 509/337/339 511/744/715
f 512/745/716 507/325/327 506/333/335
f 511/744/715 535/746/717 512/745/716
f 424/747/664 1774/748/718 1768/749/719
f 509/337/339 510/319/321 514/321/323
f 574/750/720 534/748/721 578/751/722
f 516/752/723 518/316/319 517/753/724
f 513/754/725 517/753/724 507/325/327
f 517/753/724 518/316/319 508/326/328
f 530/313/726 528/329/331 525/755/727
f 520/756/728 522/757/729 521/758/730
f 564/759/652 1774/748/718 424/747/664
f 545/310/312 544/760/731 531/761/732
f 432/306/308 434/322/324 529/307/309
f 525/755/727 528/329/331 526/308/310
f 521/758/730 526/308/310 529/307/309
f 531/761/732 544/760/731 525/755/727
f 532/762/733 531/761/732 525/755/727
f 525/755/727 521/758/730 522/757/729
f 515/309/311 530/313/726 544/760/731
f 529/307/309 524/323/734 573/763/735
f 434/322/324 424/747/664 1742/323/325
f 512/745/716 535/746/717 1743/764/736
f 1744/765/737 537/766/738 1746/767/739
f 576/749/740 534/748/721 574/750/720
f 543/768/333 542/769/741 1748/770/742
f 1749/771/743 511/772/715 1748/770/742
f 532/772/733 536/770/744 540/769/745
f 531/768/732 540/769/745 541/773/746
f 519/774/332 541/773/746 542/769/741
f 536/770/744 532/772/733 522/775/729
f 346/388/380 350/387/379 527/710/684
f 1749/771/743 533/776/743 535/777/717
f 522/775/729 520/776/728 1745/771/747
f 509/337/339 514/321/323 546/311/313
f 509/337/339 546/311/313 543/331/333
f 521/758/730 529/307/309 520/756/728
f 347/571/554 354/570/553 523/703/677
f 354/570/553 527/710/684 523/703/677
f 351/567/377 523/703/677 548/778/748
f 527/710/684 1753/779/691 548/778/748
f 447/780/690 452/724/697 548/781/748
f 527/710/684 350/387/379 1753/779/691
f 480/83/57 494/103/67 479/94/82
f 489/74/68 494/73/67 481/40/40
f 482/102/90 603/740/712 494/103/67
f 1754/782/749 1757/783/749 1756/784/750
f 1756/784/750 1759/785/751 1758/786/752
f 1758/786/752 1759/785/751 1761/787/753
f 1760/788/754 1761/787/753 1763/787/755
f 1763/787/755 1765/785/756 1764/786/757
f 551/789/758 559/790/758 557/791/758
f 520/792/728 575/793/759 538/794/760
f 1765/785/756 563/784/761 1766/795/762
f 1766/795/762 563/784/761 1757/783/749
f 552/795/763 556/788/763 550/782/763
f 357/725/698 467/597/576 260/726/694
f 26/216/359 115/796/364 177/361/360
f 1630/217/764 1596/373/218 116/365/235
f 468/578/558 358/723/578 463/731/580
f 1739/751/765 1774/748/718 564/759/652
f 424/689/664 425/668/650 564/672/652
f 567/797/766 425/668/650 434/690/324
f 415/696/669 567/797/766 434/690/324
f 414/468/442 420/667/649 1635/666/648
f 566/697/670 1769/695/668 412/683/661
f 415/696/669 412/683/661 1769/695/668
f 571/798/767 570/677/768 568/676/769
f 565/695/770 1717/697/771 1773/798/772
f 1717/697/771 1634/675/773 1771/677/774
f 423/675/654 422/666/775 1772/676/655
f 1773/798/772 1717/697/771 1771/677/774
f 567/797/766 572/694/667 569/669/651
f 1635/666/648 420/667/649 569/669/651
f 567/797/766 415/696/669 572/694/667
f 571/798/767 568/676/769 1635/666/648
f 1769/695/668 571/798/767 1635/666/648
f 1633/675/662 566/697/670 421/684/663
f 575/799/759 577/800/776 574/750/720
f 520/756/728 573/763/735 577/800/776
f 524/323/734 576/749/740 577/800/776
f 513/754/725 578/751/722 516/752/723
f 574/750/720 578/751/722 513/754/725
f 1656/511/489 588/545/533 587/801/777
f 1671/538/532 585/510/491 1657/503/490
f 304/514/505 586/802/778 589/538/525
f 586/803/778 590/162/507 327/188/530
f 327/188/530 1672/162/502 587/801/777
f 323/540/527 588/804/533 585/510/491
f 1569/153/143 65/152/158 581/163/157
f 1570/144/142 579/150/141 1584/179/187
f 63/805/161 68/155/779 583/179/178
f 86/188/186 584/162/159 580/806/780
f 86/188/186 85/186/185 581/163/157
f 82/807/781 81/183/182 579/150/141
f 314/533/518 599/542/782 602/808/783
f 597/539/526 600/525/512 311/524/511
f 597/809/526 313/810/519 312/556/541
f 323/546/527 597/809/526 602/808/783
f 598/811/784 600/525/512 322/541/528
f 325/536/523 601/522/508 598/811/784
f 596/185/184 593/184/785 73/173/172
f 70/157/151 594/166/165 591/182/181
f 591/812/181 596/185/184 71/198/197
f 82/813/781 85/186/185 596/185/184
f 81/183/182 594/166/165 592/165/163
f 84/181/180 83/180/179 592/165/163
f 601/543/508 1776/542/529 314/533/518
f 479/94/82 1784/814/786 477/95/83
f 1786/815/787 1788/816/788 1779/817/789
f 493/9/790 478/97/791 1782/818/792
f 1791/819/793 1781/820/794 613/820/795
f 1783/818/796 1794/818/797 1798/815/798
f 1797/815/799 1793/818/800 1795/814/801
f 1801/821/802 1802/822/803 612/823/804
f 1789/816/805 1800/816/806 1796/814/807
f 1790/824/808 1801/824/802 619/825/809
f 608/815/810 616/815/811 617/816/812
f 606/818/813 607/814/814 615/814/815
f 1779/826/789 611/827/816 619/827/809
f 604/828/817 612/828/804 1802/829/803
f 657/830/818 650/831/819 640/832/820
f 1804/833/821 1829/834/822 1818/835/823
f 1816/836/824 1811/837/825 1813/838/826
f 1839/832/827 1842/831/828 1841/839/829
f 634/840/830 1805/841/831 1803/833/832
f 624/836/833 1821/842/834 1819/843/835
f 621/844/836 1817/835/837 1830/834/838
f 1810/845/839 1822/840/840 635/846/841
f 626/842/842 1825/847/843 1823/848/844
f 1824/848/845 1826/849/845 1814/838/846
f 632/845/847 633/850/848 620/835/849
f 1828/851/850 1827/849/851 629/848/852
f 621/844/836 648/852/853 642/853/854
f 1831/854/855 639/834/856 637/833/857
f 622/855/858 623/838/859 631/849/860
f 1810/845/839 1833/853/861 1832/856/862
f 645/857/863 1834/858/864 1825/847/843
f 649/859/865 648/852/853 621/844/836
f 643/856/866 1837/860/867 1805/841/831
f 644/860/868 1836/859/869 1831/854/855
f 1815/855/870 1839/832/827 1838/861/871
f 646/858/872 1840/862/873 1828/851/850
f 624/836/833 641/861/874 1835/857/875
f 647/862/876 640/832/820 622/855/858
f 1850/863/877 662/864/878 652/865/879
f 659/866/880 669/867/881 668/863/882
f 645/857/863 655/868/883 1844/869/884
f 1833/853/861 1847/865/885 1846/870/886
f 654/871/887 1848/866/888 1836/859/869
f 656/869/889 1843/830/890 1840/862/873
f 643/856/866 653/870/891 1849/871/892
f 659/866/880 658/872/893 648/852/853
f 648/852/853 658/872/893 652/865/879
f 651/839/894 1845/868/895 1835/857/875
f 661/873/896 1863/874/897 1870/875/898
f 1876/876/899 1865/877/900 662/864/878
f 661/873/896 1853/878/901 1845/868/895
f 1855/879/902 1854/873/903 1841/839/829
f 657/830/818 667/880/904 660/879/905
f 655/868/883 665/878/906 1857/881/907
f 1852/864/908 1858/882/909 1846/870/886
f 654/871/887 664/883/910 1851/867/911
f 656/869/889 666/881/912 1856/880/913
f 653/870/891 663/882/914 1859/883/915
f 1868/884/916 1866/885/917 1877/876/918
f 1872/886/919 1871/875/920 1860/887/921
f 1861/887/922 671/874/923 1854/873/903
f 1875/888/924 670/887/925 660/879/905
f 665/878/906 675/875/926 1873/886/927
f 1852/864/908 672/877/928 1867/885/929
f 664/883/910 1869/884/930 1879/889/931
f 676/886/932 677/888/933 1856/880/913
f 663/882/914 673/885/934 674/884/935
f 679/889/936 678/876/937 668/863/882
f 693/890/938 1882/890/939 695/890/940
f 1880/890/941 1881/890/942 681/890/943
f 1887/890/944 1885/890/945 1880/890/941
f 692/890/946 698/890/947 699/890/948
f 688/890/949 1883/890/950 1882/890/939
f 1886/890/951 1890/890/952 1892/890/953
f 1899/890/954 696/890/955 1901/890/956
f 690/890/957 682/890/958 681/890/943
f 1893/890/959 1891/890/960 1896/890/961
f 1897/890/962 689/890/963 685/890/964
f 694/890/965 681/890/943 696/890/955
f 1896/890/961 1898/890/966 1884/890/967
f 1894/890/968 693/890/938 697/890/969
f 1892/890/953 692/890/946 680/890/970
f 691/890/971 683/890/972 682/890/958
f 686/890/973 688/890/949 693/890/938
f 1881/890/942 699/890/948 696/890/955
f 700/890/974 705/890/975 1906/890/976
f 698/890/947 703/890/977 704/890/978
f 695/890/940 700/890/974 1904/890/979
f 696/890/955 699/890/948 704/890/978
f 697/890/969 702/890/980 1903/890/981
f 1909/890/982 707/890/983 712/890/984
f 701/890/985 704/890/978 709/890/986
f 702/890/980 707/890/983 1909/890/982
f 1902/890/987 1901/890/956 1908/890/988
f 704/890/978 703/890/977 708/890/989
f 1913/890/990 713/890/991 718/890/992
f 1908/890/988 1911/890/993 1912/890/994
f 1907/890/995 708/890/989 713/890/991
f 705/890/975 710/890/996 712/890/984
f 706/890/997 709/890/986 714/890/998
f 719/890/999 724/890/1000 721/890/1001
f 710/890/996 715/890/1002 717/890/1003
f 711/890/1004 714/890/998 719/890/999
f 1910/890/1005 712/890/984 717/890/1003
f 1911/890/993 1916/890/1006 1915/890/1007
f 723/890/1008 728/890/1009 1928/890/1010
f 718/890/992 717/890/1003 722/890/1011
f 1915/890/1007 1916/890/1006 1918/890/1012
f 718/890/992 723/890/1008 1917/890/1013
f 715/890/1002 720/890/1014 1919/890/1015
f 1927/890/1016 1925/890/1017 1921/890/1018
f 1919/890/1015 720/890/1014 1922/890/1019
f 724/890/1000 729/890/1020 1924/890/1021
f 723/890/1008 722/890/1011 727/890/1022
f 1920/890/1023 1918/890/1012 726/890/1024
f 732/891/678 733/709/683 453/708/682
f 449/716/689 350/892/379 731/711/685
f 351/893/377 1683/894/421 349/386/378
f 451/895/695 731/896/685 1719/897/1025
f 732/704/678 730/898/1026 344/431/1027
f 448/714/687 351/899/377 548/781/748
f 1685/431/419 348/395/386 213/572/434
f 1779/817/789 1788/816/788 482/102/90
f 611/900/816 1779/817/789 482/102/90
f 489/74/68 483/39/39 1730/91/1028
f 493/9/790 1780/901/1029 610/902/1030
f 495/51/711 610/902/1030 611/900/816
f 492/50/48 495/51/711 734/113/97
f 734/113/97 611/900/816 482/102/90
f 735/46/1031 493/9/790 610/902/1030
f 493/9/790 1782/818/792 1786/815/787
f 222/903/384 350/387/379 215/389/381
f 28/375/52 22/1/1 2/3/3
f 199/11/11 4/4/4 474/6/6
f 200/376/370 5/10/10 199/11/11
f 200/376/370 201/12/12 5/10/10
f 13/76/70 234/14/14 1541/16/16
f 12/44/34 233/17/17 1546/19/19
f 16/24/24 245/20/20 20/22/22
f 8/377/371 225/23/23 16/24/24
f 30/35/35 29/25/25 17/26/26
f 19/904/41 17/26/26 22/1/1
f 20/22/22 251/21/21 7/28/28
f 1726/79/72 9/29/29 1729/31/31
f 1540/66/61 12/34/34 549/33/33
f 549/33/33 1539/905/71 1540/66/61
f 7/906/28 30/35/35 34/37/37
f 11/61/51 21/38/38 481/40/40
f 18/86/76 19/41/41 15/43/42
f 25/907/32 12/44/34 1542/45/43
f 1731/51/49 229/47/45 1778/46/44
f 1535/7/7 1777/9/9 1778/46/44
f 109/112/96 106/48/46 492/50/48
f 1729/31/31 1/30/30 1731/51/49
f 201/374/12 202/52/50 10/54/13
f 3/63/58 15/43/42 28/55/52
f 202/52/50 203/56/53 11/53/51
f 486/88/77 105/58/54 491/60/56
f 10/908/13 11/61/51 480/62/57
f 8/377/371 16/24/24 3/63/58
f 203/56/53 475/64/59 21/57/38
f 12/34/34 1540/66/61 233/68/17
f 177/368/360 181/69/63 1736/71/65
f 103/735/356 113/72/66 489/74/68
f 34/909/37 1538/75/69 7/28/28
f 549/78/33 25/910/32 13/76/70
f 13/76/70 1541/16/16 1539/77/71
f 24/104/91 9/29/29 1727/80/73
f 479/94/82 5/81/10 480/83/57
f 106/48/46 112/84/74 488/49/47
f 20/22/22 18/86/76 16/24/24
f 1724/85/75 112/87/74 486/88/77
f 7/906/28 243/92/27 30/35/35
f 4/211/4 5/81/10 477/95/83
f 1777/9/9 1533/8/8 1723/97/85
f 30/35/35 252/93/81 29/25/25
f 29/25/25 6/99/87 14/2/2
f 113/911/66 104/101/89 494/103/67
f 476/213/211 24/104/91 496/105/92
f 29/25/25 246/98/86 6/99/87
f 1543/110/95 1544/107/94 13/109/70
f 1542/912/43 1543/110/95 25/111/32
f 482/102/90 104/101/89 734/113/97
f 109/112/96 492/50/48 734/113/97
f 34/909/37 23/114/98 1538/75/69
f 38/75/103 43/115/100 36/117/102
f 20/22/22 38/75/103 18/86/76
f 19/41/41 18/86/76 37/118/104
f 30/35/35 17/26/26 1549/36/106
f 19/904/41 1550/120/107 17/26/26
f 1556/140/127 46/121/108 1553/123/110
f 42/127/114 41/116/101 48/125/112
f 1549/36/106 35/119/105 1552/126/113
f 37/118/104 36/117/102 42/127/114
f 1553/123/110 40/122/109 1550/120/107
f 34/37/37 39/36/36 23/128/98
f 1558/141/1032 1557/129/116 52/130/117
f 51/913/129 1554/131/118 45/133/120
f 23/128/98 44/126/115 45/134/120
f 49/132/1033 47/124/111 43/115/100
f 45/133/120 1555/132/119 23/114/98
f 1552/126/113 40/122/109 1557/129/116
f 1560/154/1034 1562/135/122 1559/136/123
f 54/914/1035 53/137/124 1561/139/126
f 54/914/1035 48/125/112 53/137/124
f 1559/136/123 52/130/117 1556/140/127
f 45/134/120 50/129/121 51/142/129
f 49/132/1033 55/131/130 47/124/111
f 1571/155/149 1563/143/131 64/144/133
f 57/149/148 1573/145/134 1567/147/136
f 51/142/129 56/141/128 1565/148/138
f 1568/147/1036 1566/138/125 55/131/130
f 51/913/129 1565/149/138 1554/131/118
f 1558/141/1032 52/130/117 62/143/140
f 582/915/188 579/150/141 1569/151/143
f 60/139/147 59/138/144 66/153/146
f 66/151/146 64/144/133 60/154/147
f 1573/805/134 57/148/148 1571/155/149
f 1575/146/135 1574/152/145 1567/147/136
f 1579/170/1037 1582/156/150 76/158/152
f 94/193/192 79/159/153 92/161/155
f 1576/146/1038 1585/162/156 65/152/158
f 580/806/780 584/162/159 63/145/161
f 69/175/174 595/164/162 74/156/164
f 592/165/163 594/166/165 1582/156/150
f 79/159/153 1581/167/166 77/160/154
f 1577/916/167 1581/169/166 1578/158/169
f 69/176/174 87/171/170 73/173/172
f 78/916/199 76/158/152 72/174/173
f 75/169/176 69/175/174 80/170/175
f 87/171/170 69/176/174 1583/178/177
f 580/917/780 583/179/178 84/181/180
f 82/807/781 591/182/181 81/183/182
f 86/188/186 1775/184/183 85/186/185
f 84/918/180 595/187/162 86/188/186
f 83/180/179 1584/179/187 81/183/182
f 82/813/781 582/189/188 85/186/185
f 1590/919/1039 93/190/189 97/192/191
f 102/206/193 94/193/192 100/194/193
f 90/172/171 1589/195/194 88/197/196
f 72/201/173 71/198/197 89/191/190
f 1581/167/166 79/159/153 91/199/198
f 93/190/189 78/200/199 89/191/190
f 90/172/171 88/197/196 73/173/172
f 1577/168/167 1586/202/200 77/160/154
f 1592/209/1040 1594/203/201 1587/204/203
f 1590/919/1039 97/192/191 1591/205/204
f 98/195/202 1594/203/201 96/196/195
f 87/171/170 1588/204/205 90/172/171
f 91/199/198 94/193/192 1593/207/193
f 89/191/190 88/197/196 97/192/191
f 1586/202/200 101/208/193 92/161/155
f 87/171/170 1583/178/177 95/204/207
f 1532/212/1041 1537/89/78 1547/210/208
f 210/96/84 4/211/4 1723/97/85
f 21/38/38 267/212/209 483/39/39
f 232/90/79 476/213/211 490/91/80
f 120/364/363 192/214/212 1628/216/214
f 123/372/368 198/217/215 121/219/217
f 127/249/247 192/214/212 1597/221/219
f 195/234/231 196/218/216 119/223/221
f 131/240/237 128/224/222 126/225/223
f 123/372/368 130/226/224 110/228/226
f 122/920/230 1599/229/227 129/231/229
f 131/240/237 126/225/223 129/233/229
f 126/225/223 195/234/231 122/232/230
f 122/920/230 197/236/232 1599/229/227
f 186/369/365 191/239/236 131/240/237
f 188/262/261 1607/241/238 130/226/224
f 187/370/242 185/242/239 1605/244/241
f 186/369/365 187/245/242 1604/247/243
f 132/371/367 189/248/244 1602/230/246
f 132/371/367 127/249/247 118/250/248
f 123/372/368 121/219/217 130/226/224
f 132/371/367 1602/230/246 127/249/247
f 135/272/271 142/251/250 1625/253/252
f 1605/244/241 1603/243/240 144/255/254
f 161/266/266 144/255/254 1621/257/256
f 139/259/258 189/248/244 124/261/260
f 135/272/271 188/262/261 133/263/262
f 138/247/1042 134/246/263 1606/265/265
f 1605/244/241 144/255/254 149/267/264
f 136/258/257 139/259/258 1612/271/270
f 142/251/250 135/272/271 140/269/268
f 144/255/254 176/273/272 148/256/255
f 1614/921/1043 173/275/274 152/277/276
f 1613/282/286 1608/278/277 1615/280/279
f 1616/285/294 170/281/280 146/282/282
f 171/338/340 172/276/275 151/268/267
f 173/275/274 1611/283/283 142/251/250
f 154/284/284 1617/286/287 155/285/285
f 1617/286/287 1610/288/289 156/287/288
f 1614/921/1043 152/277/276 157/291/292
f 1610/288/289 1609/292/293 153/289/290
f 156/287/288 176/273/272 1616/285/294
f 161/266/266 1621/257/256 166/294/296
f 1619/300/1044 164/295/297 1620/257/298
f 1606/265/265 149/264/264 1622/297/300
f 164/305/297 1618/270/269 141/299/302
f 1618/270/269 140/269/268 150/298/301
f 159/265/307 150/298/301 1604/247/243
f 1624/340/342 160/300/303 148/256/255
f 1623/297/1045 147/296/299 167/302/306
f 167/922/306 165/303/305 164/295/297
f 1623/297/1045 167/302/306 141/299/302
f 149/267/264 161/266/266 147/304/299
f 163/297/1046 141/299/302 159/265/307
f 427/336/338 432/306/308 526/308/310
f 514/321/323 515/309/311 546/311/313
f 273/320/322 435/312/314 1738/309/316
f 1740/752/1047 419/314/317 518/316/319
f 509/337/339 31/317/320 510/319/321
f 411/335/337 273/320/322 514/321/323
f 270/334/1048 32/324/326 508/326/328
f 545/310/312 519/330/332 546/311/313
f 32/324/326 33/332/334 507/325/327
f 518/316/319 417/315/318 508/326/328
f 269/318/18 411/335/337 510/319/321
f 528/329/331 430/328/330 526/308/310
f 506/333/335 33/332/334 509/337/339
f 435/312/314 426/327/329 1741/313/315
f 156/287/288 153/289/290 176/273/272
f 173/275/274 142/251/250 172/276/275
f 1608/278/277 136/258/257 174/279/278
f 170/281/280 143/254/253 169/278/281
f 158/290/291 152/277/276 171/338/340
f 1614/921/1043 145/339/341 173/275/274
f 1609/292/293 1624/340/342 175/274/273
f 176/273/272 144/255/254 170/281/280
f 109/739/96 1626/341/343 106/343/46
f 1737/742/714 505/344/345 180/346/347
f 177/361/360 1736/347/65 1627/349/349
f 500/743/353 505/344/345 112/351/74
f 1626/341/343 503/352/350 179/354/352
f 178/366/346 500/355/353 183/357/354
f 504/923/1049 1734/348/355 1595/359/55
f 113/924/66 502/71/357 104/360/89
f 1628/216/214 184/362/361 120/364/363
f 27/237/234 120/364/363 180/346/347
f 116/238/235 27/237/234 178/345/346
f 114/222/220 116/365/235 183/357/354
f 119/223/221 114/222/220 179/354/352
f 115/367/364 119/223/221 1629/353/351
f 1604/247/243 133/263/262 186/369/365
f 188/262/261 135/272/271 1607/241/238
f 129/231/229 117/230/228 187/370/242
f 131/240/237 129/233/229 186/369/365
f 139/259/258 125/243/366 189/248/244
f 189/248/244 132/371/367 190/260/259
f 130/226/224 128/224/222 188/262/261
f 198/217/215 123/372/368 193/373/369
f 115/796/364 26/216/359 197/236/232
f 119/223/221 115/367/364 195/234/231
f 195/234/231 126/225/223 196/218/216
f 192/214/212 120/364/363 1596/220/218
f 1630/217/764 116/365/235 196/218/216
f 192/214/212 127/249/247 194/215/213
f 2/3/3 6/99/87 202/52/50
f 2/3/3 202/52/50 28/375/52
f 28/55/52 201/12/12 3/63/58
f 3/63/58 200/376/370 8/377/371
f 8/377/371 199/11/11 225/23/23
f 6/99/87 227/106/93 203/56/53
f 241/413/402 254/378/372 206/380/374
f 469/399/390 474/381/6 209/383/375
f 219/433/404 223/384/376 349/386/378
f 215/450/381 256/390/382 222/392/384
f 350/925/379 222/393/384 348/395/386
f 1536/449/432 240/396/387 208/398/389
f 470/401/392 469/399/390 211/400/391
f 471/734/423 470/401/392 226/402/393
f 234/14/14 236/403/394 237/15/15
f 235/428/416 271/405/396 233/17/17
f 244/409/398 250/406/397 245/408/20
f 221/377/430 244/409/398 225/23/23
f 241/413/402 266/410/399 247/412/401
f 249/478/414 254/378/372 247/412/401
f 243/926/27 251/407/21 218/414/403
f 223/464/376 219/415/404 258/417/406
f 235/448/416 256/390/382 259/419/408
f 218/459/403 275/420/409 268/411/411
f 263/927/420 216/422/412 224/423/407
f 248/455/435 242/424/413 249/426/414
f 259/470/408 274/427/415 235/428/416
f 213/572/434 264/429/417 1685/431/419
f 354/570/553 263/432/420 346/388/380
f 214/574/437 219/433/404 1683/434/421
f 228/441/426 472/435/422 226/437/393
f 254/425/372 242/424/413 265/439/373
f 253/447/431 473/440/425 228/441/426
f 222/392/384 262/391/383 217/442/385
f 257/416/405 204/443/427 231/445/429
f 242/424/413 244/409/398 207/438/424
f 1534/100/88 258/417/406 231/445/429
f 1531/454/60 475/446/59 253/447/431
f 256/390/382 235/448/416 238/67/62
f 230/456/436 1536/449/432 262/391/383
f 263/928/420 224/418/407 215/450/381
f 275/472/409 218/414/403 1631/451/433
f 236/403/394 259/452/408 205/404/395
f 208/398/389 220/397/388 217/442/385
f 240/396/387 1531/454/60 220/397/388
f 220/397/388 253/447/431 213/453/434
f 250/406/397 244/409/398 248/455/435
f 256/390/382 238/67/62 262/391/383
f 213/453/434 228/441/426 264/457/417
f 252/462/81 243/458/27 1632/411/400
f 219/415/404 214/460/437 257/416/405
f 264/929/417 226/402/393 214/460/437
f 1632/411/400 266/410/399 252/462/81
f 206/380/374 212/463/438 241/413/402
f 237/15/15 205/404/395 1534/100/88
f 216/422/412 223/464/376 205/404/395
f 214/460/437 211/400/391 204/443/427
f 266/410/399 212/463/438 246/461/86
f 274/427/415 416/465/439 271/405/396
f 416/465/439 274/427/415 414/468/442
f 272/467/441 236/469/394 1544/107/94
f 274/427/415 259/470/408 272/467/441
f 209/383/375 1530/382/5 204/443/427
f 1638/473/468 255/471/443 1631/451/433
f 282/486/458 284/473/444 277/474/446
f 277/474/446 279/451/445 248/455/435
f 249/426/414 278/475/447 248/455/435
f 1632/411/400 1636/421/448 247/412/401
f 276/476/449 1637/477/450 247/412/401
f 287/494/469 1643/479/451 281/481/453
f 282/486/458 283/482/454 288/484/456
f 1636/421/448 1639/485/457 276/476/449
f 278/475/447 283/482/454 277/474/446
f 1640/480/452 1637/477/450 281/481/453
f 275/420/409 255/487/443 280/421/410
f 287/494/469 1644/488/460 293/490/462
f 292/508/476 286/491/463 1641/131/465
f 255/487/443 286/493/463 285/485/459
f 288/484/456 290/492/467 282/486/458
f 286/491/463 255/471/443 1642/492/464
f 1639/485/457 1644/488/460 281/481/453
f 1647/513/1050 1646/495/470 1649/496/471
f 294/500/475 295/497/472 1653/499/474
f 288/484/456 289/483/455 294/500/475
f 1646/495/470 1643/479/451 293/490/462
f 286/493/463 292/501/476 291/488/466
f 294/500/475 296/131/478 288/484/456
f 1650/507/1051 1658/502/479 299/496/481
f 1662/521/1052 1660/504/482 1654/147/484
f 292/501/476 1652/506/485 297/489/477
f 1653/499/474 1655/147/487 294/500/475
f 302/147/1053 1652/505/485 1641/131/465
f 1645/489/461 303/507/488 293/490/462
f 69/176/174 73/173/172 595/187/162
f 588/804/533 1656/509/489 585/510/491
f 301/498/495 307/511/492 300/499/494
f 305/503/480 307/509/492 299/496/481
f 1650/507/1051 298/506/483 1658/502/479
f 1662/521/1052 1654/147/484 1661/512/493
f 311/524/511 1669/515/496 317/517/498
f 318/526/513 320/518/499 333/520/501
f 587/801/777 1672/162/502 306/512/504
f 586/803/778 304/504/505 590/162/507
f 598/811/784 601/522/508 315/515/510
f 598/811/784 1669/515/496 600/525/512
f 320/518/499 318/526/513 1668/528/515
f 1667/516/1054 1668/529/515 1665/517/516
f 331/553/538 328/531/517 314/533/518
f 319/530/543 313/534/519 317/517/498
f 315/515/510 310/523/509 321/516/521
f 316/930/520 310/532/509 1670/535/522
f 586/802/778 325/536/523 589/538/525
f 600/525/512 597/539/526 322/541/528
f 602/808/783 1776/542/529 326/186/531
f 1776/542/529 601/543/508 327/188/530
f 585/510/491 1671/538/532 322/541/528
f 587/801/777 588/545/533 326/186/531
f 330/555/540 334/547/534 338/549/536
f 335/519/500 343/550/500 333/520/501
f 337/563/549 1676/552/537 329/554/539
f 313/810/519 330/555/540 312/556/541
f 1668/528/515 332/557/542 320/518/499
f 313/810/519 319/558/543 330/555/540
f 331/553/538 314/533/518 329/554/539
f 333/520/501 1673/559/544 318/526/513
f 1679/566/1055 1674/560/545 1681/561/547
f 337/563/549 338/549/536 1678/562/548
f 1678/562/548 1681/561/547 337/563/549
f 1676/552/537 1675/560/550 331/553/538
f 332/557/542 1680/564/500 335/519/500
f 330/555/540 338/549/536 329/554/539
f 341/551/500 342/565/500 333/520/501
f 328/531/517 336/560/551 1670/535/522
f 347/571/554 351/567/377 216/569/412
f 216/569/412 263/432/420 347/571/554
f 1682/720/418 264/573/417 1683/434/421
f 464/599/577 462/575/555 1721/577/557
f 466/586/566 468/578/558 363/580/560
f 462/575/555 369/581/561 1687/583/563
f 465/733/703 361/584/564 466/586/566
f 373/594/574 368/587/567 370/588/568
f 1689/603/582 372/589/569 352/590/570
f 364/598/575 371/591/571 353/593/573
f 368/587/567 373/594/574 364/596/575
f 465/733/703 368/587/567 467/597/576
f 467/732/576 364/598/575 464/599/577
f 456/728/699 373/594/574 461/602/581
f 458/624/602 372/589/569 1694/604/583
f 455/729/700 457/605/584 367/607/586
f 456/728/699 1692/608/587 457/610/584
f 1690/729/701 459/611/588 1691/592/590
f 1688/582/562 369/581/561 360/613/591
f 363/580/560 365/579/559 370/588/568
f 374/612/589 369/581/561 1691/592/590
f 379/643/622 384/614/592 1718/616/594
f 1693/606/585 386/617/595 367/607/586
f 390/634/1056 386/617/595 1713/620/598
f 460/730/702 459/611/588 366/623/601
f 461/602/581 458/624/602 375/625/603
f 380/608/1057 401/626/604 376/609/606
f 1693/606/585 391/628/605 386/617/595
f 366/623/601 381/622/600 1702/632/610
f 377/615/593 384/614/592 375/625/603
f 444/698/671 445/633/611 1715/634/612
f 442/699/672 1708/635/613 441/637/615
f 443/700/673 1695/638/616 387/640/618
f 1696/638/1058 1697/641/619 388/639/621
f 440/701/676 393/629/607 441/637/615
f 442/699/672 384/614/592 1701/644/623
f 1710/648/1059 396/645/625 398/646/627
f 395/651/633 1699/647/628 1707/646/630
f 1700/931/1060 394/636/614 399/649/631
f 444/698/671 1698/650/632 395/651/633
f 439/641/674 445/633/611 397/642/634
f 403/619/597 408/652/635 1713/620/598
f 410/653/636 406/654/637 1712/620/639
f 391/627/605 401/626/604 389/657/641
f 392/660/643 1711/630/608 1714/659/642
f 375/625/603 382/631/609 392/660/643
f 401/626/604 1692/608/587 392/660/643
f 404/620/1061 1711/655/608 1715/634/612
f 405/656/646 409/662/644 389/657/641
f 409/932/644 406/654/637 407/665/645
f 406/658/637 409/662/644 1714/659/642
f 391/628/605 389/664/641 403/619/597
f 1716/656/640 401/626/604 383/659/647
f 1633/675/662 416/465/439 1635/666/648
f 271/405/396 413/466/440 269/18/18
f 425/668/650 420/667/649 564/672/652
f 420/667/649 418/673/653 419/671/317
f 418/673/653 420/667/649 272/467/441
f 417/674/318 418/673/653 1545/107/336
f 435/693/314 436/678/657 426/680/329
f 415/696/669 433/681/659 412/683/661
f 416/465/439 1633/675/662 413/466/440
f 413/466/440 421/684/663 411/670/337
f 431/692/666 430/686/330 428/679/658
f 431/692/666 429/682/660 430/686/330
f 429/682/660 433/681/659 427/687/338
f 436/678/657 437/691/665 428/679/658
f 431/692/666 437/691/665 429/682/660
f 273/685/322 421/684/663 435/693/314
f 569/669/651 572/694/667 1635/666/648
f 433/681/659 415/696/669 432/688/308
f 421/684/663 566/697/670 436/678/657
f 1707/646/630 445/633/611 395/651/633
f 382/631/609 384/614/592 441/637/615
f 1702/632/610 378/621/599 443/700/673
f 378/621/599 385/618/596 438/638/675
f 400/931/1062 440/701/676 394/636/614
f 1708/635/613 442/699/672 387/702/618
f 1715/634/612 393/661/607 444/698/671
f 385/618/596 386/617/595 439/641/674
f 730/898/1026 732/704/678 1720/706/680
f 1684/715/688 450/707/681 733/709/683
f 1719/933/1025 731/711/685 1686/713/686
f 351/934/377 448/714/687 1684/715/688
f 350/892/379 449/716/689 1753/718/691
f 732/891/678 355/720/692 733/721/683
f 1721/577/557 362/576/556 454/706/696
f 451/722/695 362/576/556 449/716/689
f 449/716/689 261/601/579 447/717/690
f 447/780/690 358/723/578 452/724/697
f 452/724/697 356/585/565 448/714/687
f 448/714/687 361/584/564 450/707/681
f 453/708/682 357/725/698 446/727/679
f 375/625/603 1692/608/587 461/602/581
f 1718/616/594 377/615/593 1694/604/583
f 371/591/571 457/605/584 359/592/572
f 373/594/574 456/728/699 371/595/571
f 367/607/586 381/622/600 1690/729/701
f 360/613/591 374/612/589 460/730/702
f 372/589/569 458/624/602 370/588/568
f 352/590/570 365/579/559 463/731/580
f 357/725/698 361/584/564 467/597/576
f 368/587/567 465/733/703 363/580/560
f 261/601/579 362/576/556 1687/583/563
f 356/585/565 358/723/578 466/586/566
f 353/593/573 369/581/561 464/599/577
f 473/440/425 212/463/438 472/435/422
f 206/380/374 265/379/373 472/435/422
f 265/439/373 207/438/424 471/734/423
f 207/438/424 221/377/430 470/401/392
f 221/377/430 225/23/23 469/399/390
f 475/446/59 227/106/93 473/440/425
f 491/60/56 1595/59/55 489/74/68
f 230/456/436 238/67/62 1722/736/704
f 1728/105/709 485/80/705 491/60/56
f 498/31/710 488/49/47 497/79/708
f 1730/91/1028 1728/105/709 489/74/68
f 487/85/707 1725/88/706 497/79/708
f 500/355/353 112/737/74 501/738/344
f 499/341/1063 109/739/96 1733/352/358
f 488/49/47 498/31/710 492/50/48
f 113/935/66 103/741/356 502/347/357
f 1626/341/343 179/354/352 501/356/344
f 1737/742/714 180/346/347 107/348/713
f 108/936/1064 105/350/54 1737/742/714
f 511/744/715 512/745/716 506/333/335
f 1742/323/325 424/747/664 1768/749/719
f 513/754/725 516/752/723 517/753/724
f 512/745/716 513/754/725 507/325/327
f 507/325/327 517/753/724 508/326/328
f 544/760/731 530/313/726 525/755/727
f 519/330/332 545/310/312 531/761/732
f 521/758/730 525/755/727 526/308/310
f 532/762/733 525/755/727 522/757/729
f 545/310/312 515/309/311 544/760/731
f 520/756/728 529/307/309 573/763/735
f 513/754/725 512/745/716 1743/764/736
f 1751/937/1065 1746/767/739 537/766/738
f 1744/765/737 1750/938/1066 537/766/738
f 537/766/738 1747/939/1067 1751/937/1065
f 1752/940/1068 1751/937/1065 1747/939/1067
f 577/800/776 576/749/740 574/750/720
f 511/772/715 543/768/333 1748/770/742
f 531/768/732 532/772/733 540/769/745
f 519/774/332 531/768/732 541/773/746
f 543/768/333 519/774/332 542/769/741
f 1745/771/747 536/770/744 522/775/729
f 511/772/715 1749/771/743 535/777/717
f 511/744/715 509/337/339 543/331/333
f 523/703/677 527/710/684 548/778/748
f 547/941/1069 447/780/690 548/781/748
f 1755/795/1070 1754/782/749 1756/784/750
f 1755/795/1070 1756/784/750 1758/786/752
f 1760/788/754 1758/786/752 1761/787/753
f 1762/788/1071 1760/788/754 1763/787/755
f 1762/788/1071 1763/787/755 1764/786/757
f 555/942/758 553/943/758 557/791/758
f 551/789/758 1767/944/758 559/790/758
f 561/945/758 559/790/758 1767/944/758
f 557/791/758 553/943/758 551/789/758
f 539/946/1072 538/794/760 575/793/759
f 575/793/759 1743/947/736 539/946/1072
f 1764/786/757 1765/785/756 1766/795/762
f 1754/782/749 1766/795/762 1757/783/749
f 562/795/763 550/782/763 558/788/763
f 552/795/763 554/786/763 556/788/763
f 556/788/763 558/788/763 550/782/763
f 560/786/763 562/795/763 558/788/763
f 564/759/652 419/314/317 1739/751/765
f 1740/752/1047 1739/751/765 419/314/317
f 437/691/665 566/697/670 412/683/661
f 572/694/667 415/696/669 1769/695/668
f 425/668/650 567/797/766 569/669/651
f 1743/764/736 575/799/759 574/750/720
f 575/799/759 520/756/728 577/800/776
f 573/763/735 524/323/734 577/800/776
f 1743/764/736 574/750/720 513/754/725
f 306/512/504 1656/511/489 587/801/777
f 1659/502/1073 1671/538/532 1657/503/490
f 309/502/1074 304/514/505 589/538/525
f 325/544/523 586/803/778 327/188/530
f 326/186/531 327/188/530 587/801/777
f 322/541/528 323/540/527 585/510/491
f 582/189/188 1569/153/143 581/163/157
f 1572/155/1075 1570/144/142 1584/179/187
f 580/917/780 63/805/161 583/179/178
f 84/918/180 86/188/186 580/806/780
f 1585/162/156 86/188/186 581/163/157
f 582/915/188 82/807/781 579/150/141
f 312/556/541 314/533/518 602/808/783
f 313/534/519 597/539/526 311/524/511
f 602/808/783 597/809/526 312/556/541
f 326/186/531 323/546/527 602/808/783
f 324/537/524 598/811/784 322/541/528
f 324/537/524 325/536/523 598/811/784
f 71/198/197 596/185/184 73/173/172
f 72/174/173 70/157/151 591/182/181
f 72/201/173 591/812/181 71/198/197
f 591/812/181 82/813/781 596/185/184
f 83/180/179 81/183/182 592/165/163
f 595/164/162 84/181/180 592/165/163
f 310/532/509 601/543/508 314/533/518
f 478/97/791 477/95/83 1782/818/792
f 479/94/82 603/740/712 1784/814/786
f 1782/818/792 477/95/83 1784/814/786
f 1780/901/1029 1786/815/787 1779/817/789
f 618/819/1076 1791/819/793 613/820/795
f 1787/815/1077 1783/818/796 1798/815/798
f 1799/816/1078 1797/815/799 1795/814/801
f 619/948/809 1801/821/802 612/823/804
f 1785/814/1079 1789/816/805 1796/814/807
f 1792/825/1080 1790/824/808 619/825/809
f 609/816/1081 608/815/810 617/816/812
f 614/818/1082 606/818/813 615/814/815
f 612/826/804 1779/826/789 619/827/809
f 605/829/1083 604/828/817 1802/829/803
f 647/862/876 657/830/818 640/832/820
f 1818/835/823 1809/850/1084 1806/846/1085
f 1806/846/1085 1804/833/821 1818/835/823
f 1815/855/870 1816/836/824 1813/838/826
f 1838/861/871 1839/832/827 1841/839/829
f 1807/846/1086 634/840/830 1803/833/832
f 1812/837/1087 624/836/833 1819/843/835
f 638/854/1088 621/844/836 1830/834/838
f 1808/850/1089 1810/845/839 635/846/841
f 1820/843/1090 626/842/842 1823/848/844
f 1814/838/846 625/837/1091 627/843/1092
f 627/843/1092 1824/848/845 1814/838/846
f 621/844/836 632/845/847 620/835/849
f 628/847/1093 1828/851/850 629/848/852
f 632/845/847 621/844/836 642/853/854
f 636/841/1094 1831/854/855 637/833/857
f 630/851/1095 622/855/858 631/849/860
f 1822/840/840 1810/845/839 1832/856/862
f 626/842/842 645/857/863 1825/847/843
f 638/854/1088 649/859/865 621/844/836
f 634/840/830 643/856/866 1805/841/831
f 636/841/1094 644/860/868 1831/854/855
f 1816/836/824 1815/855/870 1838/861/871
f 628/847/1093 646/858/872 1828/851/850
f 1821/842/834 624/836/833 1835/857/875
f 630/851/1095 647/862/876 622/855/858
f 658/872/893 1850/863/877 652/865/879
f 658/872/893 659/866/880 668/863/882
f 1834/858/864 645/857/863 1844/869/884
f 1832/856/862 1833/853/861 1846/870/886
f 644/860/868 654/871/887 1836/859/869
f 646/858/872 656/869/889 1840/862/873
f 1837/860/867 643/856/866 1849/871/892
f 649/859/865 659/866/880 648/852/853
f 642/853/854 648/852/853 652/865/879
f 641/861/874 651/839/894 1835/857/875
f 1853/878/901 661/873/896 1870/875/898
f 1850/863/877 1876/876/899 662/864/878
f 651/839/894 661/873/896 1845/868/895
f 1842/831/828 1855/879/902 1841/839/829
f 650/831/819 657/830/818 660/879/905
f 1844/869/884 655/868/883 1857/881/907
f 1847/865/885 1852/864/908 1846/870/886
f 1848/866/888 654/871/887 1851/867/911
f 1843/830/890 656/869/889 1856/880/913
f 1849/871/892 653/870/891 1859/883/915
f 1864/877/1096 1877/876/918 1866/885/917
f 1878/889/1097 1868/884/916 1877/876/918
f 1862/874/1098 1860/887/921 1871/875/920
f 1874/888/1099 1872/886/919 1860/887/921
f 1855/879/902 1861/887/922 1854/873/903
f 667/880/904 1875/888/924 660/879/905
f 1857/881/907 665/878/906 1873/886/927
f 1858/882/909 1852/864/908 1867/885/929
f 1851/867/911 664/883/910 1879/889/931
f 666/881/912 676/886/932 1856/880/913
f 1859/883/915 663/882/914 674/884/935
f 669/867/881 679/889/936 668/863/882
f 697/890/969 693/890/938 695/890/940
f 1889/890/1100 1880/890/941 681/890/943
f 1889/890/1100 1887/890/944 1880/890/941
f 680/890/970 692/890/946 699/890/948
f 693/890/938 688/890/949 1882/890/939
f 684/890/1101 1886/890/951 1892/890/953
f 1902/890/987 1899/890/954 1901/890/956
f 694/890/965 690/890/957 681/890/943
f 1895/890/1102 1893/890/959 1896/890/961
f 687/890/1103 685/890/964 689/890/963
f 1888/890/1104 1897/890/962 685/890/964
f 1899/890/954 694/890/965 696/890/955
f 1895/890/1102 1896/890/961 1884/890/967
f 1900/890/1105 1894/890/968 697/890/969
f 684/890/1101 1892/890/953 680/890/970
f 690/890/957 691/890/971 682/890/958
f 1894/890/968 686/890/973 693/890/938
f 681/890/943 1881/890/942 696/890/955
f 1904/890/979 700/890/974 1906/890/976
f 699/890/948 698/890/947 704/890/978
f 697/890/969 695/890/940 1904/890/979
f 701/890/985 696/890/955 704/890/978
f 1900/890/1105 697/890/969 1903/890/981
f 1910/890/1005 1909/890/982 712/890/984
f 706/890/997 701/890/985 709/890/986
f 1903/890/981 702/890/980 1909/890/982
f 1905/890/1106 1902/890/987 1908/890/988
f 1907/890/995 704/890/978 708/890/989
f 1914/890/1107 1913/890/990 718/890/992
f 1905/890/1106 1908/890/988 1912/890/994
f 1913/890/990 1907/890/995 713/890/991
f 1906/890/976 705/890/975 712/890/984
f 711/890/1004 706/890/997 714/890/998
f 716/890/1108 719/890/999 721/890/1001
f 712/890/984 710/890/996 717/890/1003
f 716/890/1108 711/890/1004 719/890/999
f 718/890/992 1910/890/1005 717/890/1003
f 1912/890/994 1911/890/993 1915/890/1007
f 1917/890/1013 723/890/1008 1928/890/1010
f 723/890/1008 718/890/992 722/890/1011
f 1920/890/1023 1915/890/1007 1918/890/1012
f 1914/890/1107 718/890/992 1917/890/1013
f 717/890/1003 715/890/1002 1919/890/1015
f 1921/890/1018 1923/890/1109 1927/890/1016
f 1929/890/1110 1927/890/1016 1923/890/1109
f 1926/890/1111 1919/890/1015 1922/890/1019
f 721/890/1001 724/890/1000 1924/890/1021
f 728/890/1009 723/890/1008 727/890/1022
f 725/890/1112 1920/890/1023 726/890/1024
f 446/727/679 732/891/678 453/708/682
f 451/722/695 449/716/689 731/711/685
f 454/949/696 451/895/695 1719/897/1025
f 355/430/692 732/704/678 344/431/1027
f 452/724/697 448/714/687 548/781/748
f 603/740/712 482/102/90 1788/816/788
f 1788/816/788 1784/814/786 603/740/712
f 484/210/1113 1730/91/1028 483/39/39
f 489/74/68 481/40/40 483/39/39
f 495/51/711 735/46/1031 610/902/1030
f 611/900/816 734/113/97 495/51/711
f 1780/901/1029 493/9/790 1786/815/787
f 1932/950/1114 961/951/1115 934/952/1116
f 763/953/1117 762/954/1118 764/955/1119
f 739/956/1120 1934/957/1121 755/957/1122
f 1933/956/1123 934/952/1116 936/958/1124
f 1938/959/1125 846/960/1126 1960/961/1127
f 756/957/1122 755/957/1122 770/954/1128
f 755/957/1122 1934/957/1121 767/954/1129
f 749/962/1130 1936/963/1131 1961/964/1132
f 843/965/1133 845/966/1134 839/967/1135
f 742/968/1136 774/953/1137 771/953/1138
f 737/956/1139 930/952/1140 964/951/1141
f 931/958/1142 753/957/1143 762/954/1118
f 743/968/1136 778/953/1137 774/953/1137
f 743/968/1136 747/968/1144 759/953/1145
f 757/957/1122 756/957/1122 775/954/1128
f 757/957/1122 779/954/1128 758/954/1128
f 746/956/1120 752/957/1122 1941/957/1146
f 744/956/1120 755/957/1122 756/957/1122
f 741/956/1120 757/957/1122 752/957/1122
f 766/953/1147 768/969/1148 769/955/1149
f 740/956/1120 756/957/1122 757/957/1122
f 759/953/1145 763/953/1117 765/969/1150
f 765/969/1150 764/955/1119 760/955/1151
f 764/955/1119 762/954/1118 758/954/1128
f 774/953/1137 776/969/1152 773/969/1152
f 773/969/1152 776/969/1152 777/955/1151
f 772/955/1151 777/955/1151 775/954/1128
f 778/953/1137 780/969/1152 776/969/1152
f 780/969/1152 781/955/1151 777/955/1151
f 777/955/1151 781/955/1151 779/954/1128
f 771/953/1138 773/969/1152 768/969/1148
f 768/969/1148 773/969/1152 772/955/1151
f 769/955/1149 772/955/1151 770/954/1128
f 778/953/1137 759/953/1145 761/969/1152
f 761/969/1152 760/955/1151 781/955/1151
f 760/955/1151 758/954/1128 779/954/1128
f 752/957/1122 758/954/1128 762/954/1118
f 935/970/1153 767/954/1129 936/958/1124
f 932/970/1154 763/953/1117 759/953/1145
f 954/971/1155 940/971/1156 820/972/1157
f 954/971/1155 821/972/1158 822/972/1158
f 951/971/1155 822/972/1158 819/972/1159
f 1945/973/1160 1944/974/1139 966/975/1161
f 809/976/1120 952/977/1120 1997/977/1120
f 805/950/1120 739/956/1120 790/978/1120
f 746/956/1120 1940/956/1120 788/978/1120
f 1946/979/1120 797/979/1120 799/973/1120
f 738/963/1162 786/980/1120 1931/963/1163
f 1935/959/1120 1930/962/1120 786/980/1120
f 1942/979/1120 798/979/1120 803/981/1120
f 740/956/1120 792/978/1120 791/978/1120
f 741/956/1120 793/978/1120 792/978/1120
f 1943/973/1120 789/973/1120 798/979/1120
f 741/956/1120 746/956/1120 787/978/1120
f 783/973/1120 799/973/1120 817/982/1120
f 750/959/1120 796/983/1120 795/980/1120
f 1939/961/1120 1935/959/1120 794/983/1120
f 744/956/1120 791/978/1120 790/978/1120
f 1948/984/1120 802/984/1120 797/979/1120
f 1947/981/1120 803/981/1120 1001/985/1120
f 856/986/1164 824/987/1165 825/987/1165
f 782/973/1166 939/988/1167 959/975/1168
f 882/989/1169 885/989/1170 829/990/1170
f 1963/991/1171 1960/961/1127 874/992/1172
f 809/976/1120 811/976/1120 955/977/1120
f 806/950/1120 816/993/1120 788/978/1120
f 807/974/1120 817/982/1120 816/993/1120
f 1943/973/1120 804/974/1120 814/982/1120
f 804/974/1120 805/950/1120 815/993/1120
f 939/988/1167 785/979/1173 862/994/1174
f 1951/950/1139 964/951/1141 966/975/1161
f 935/970/1153 745/968/1175 771/953/1138
f 743/968/1136 808/995/1170 812/995/1176
f 812/995/1176 808/995/1170 1952/976/1170
f 742/968/1136 810/995/1170 808/995/1170
f 810/995/1170 1954/976/1170 1952/976/1170
f 742/968/1136 745/968/1175 962/995/1177
f 962/995/1177 958/976/1178 1954/976/1170
f 931/958/1142 930/952/1140 737/956/1139
f 827/987/1179 1045/996/1180 1042/996/1181
f 946/988/1182 850/994/1183 800/984/1184
f 823/997/1185 1040/998/1186 1048/999/1187
f 818/997/1188 868/1000/1189 1047/999/1190
f 824/987/1165 1042/996/1181 1043/996/1181
f 819/972/1159 822/972/1158 1038/1001/1191
f 826/987/1192 1044/996/1193 1046/1002/1194
f 983/1003/1195 818/997/1188 1041/998/1196
f 825/987/1165 1043/996/1181 1044/996/1193
f 822/972/1158 821/972/1158 1037/1001/1191
f 1932/950/1114 1950/974/1114 959/975/1168
f 811/976/1120 1999/976/1120 938/977/1120
f 886/989/1170 830/990/1170 829/990/1170
f 834/961/1120 835/961/1120 796/983/1120
f 1939/961/1120 833/961/1120 879/991/1120
f 2005/985/1197 800/984/1184 850/994/1183
f 859/986/1164 825/987/1165 826/987/1192
f 856/986/1164 848/986/1198 827/987/1179
f 887/989/1199 831/990/1200 830/990/1170
f 819/972/1159 1039/1001/1201 1051/1004/1202
f 828/961/1203 872/992/1204 842/960/1205
f 851/1005/1206 852/1006/1207 854/1007/1208
f 853/1008/1209 852/1006/1207 851/1005/1206
f 854/1007/1208 852/1006/1207 853/1008/1209
f 864/1007/1210 865/1006/1211 867/1005/1212
f 866/1008/1213 865/1006/1211 864/1007/1210
f 867/1005/1212 865/1006/1211 866/1008/1213
f 836/967/1214 838/1009/1215 844/1010/1216
f 838/1009/1215 1962/964/1217 842/960/1205
f 836/967/1214 839/967/1135 841/1009/1218
f 838/1009/1215 841/1009/1218 1961/964/1132
f 839/967/1135 845/966/1134 847/1010/1219
f 841/1009/1218 847/1010/1219 846/960/1126
f 843/965/1133 844/1010/1216 873/1011/1220
f 844/1010/1216 842/960/1205 872/992/1204
f 868/1000/1189 862/994/1174 864/1007/1210
f 869/1012/1221 864/1007/1210 861/986/1222
f 848/986/1198 854/1007/1208 871/1012/1223
f 854/1007/1208 850/994/1183 870/1000/1224
f 863/1013/1225 866/1008/1213 1007/1014/1226
f 866/1008/1213 862/994/1174 1008/1015/1227
f 858/1013/1228 860/1005/1229 867/1005/1212
f 860/1005/1229 859/986/1164 861/986/1222
f 855/1016/1228 857/1017/1229 860/1017/1229
f 860/1005/1229 857/1005/1229 856/986/1164
f 855/1013/1228 849/1013/1230 851/1005/1206
f 857/1005/1229 851/1005/1206 848/986/1198
f 832/990/1231 873/1011/1220 883/1018/1232
f 873/1011/1220 872/992/1204 884/1019/1233
f 845/966/1134 831/990/1200 875/1011/1234
f 847/1010/1219 875/1011/1234 874/992/1172
f 748/962/1235 842/960/1205 1962/964/1217
f 883/1018/1232 884/1019/1233 910/1020/1236
f 882/989/1169 883/1018/1232 909/1021/1237
f 875/1011/1234 880/1018/1238 881/1019/1239
f 831/990/1200 887/989/1199 880/1018/1238
f 1977/1022/1240 887/989/1199 886/989/1170
f 878/991/1241 884/1019/1233 872/992/1204
f 1959/991/1120 879/991/1120 901/1023/1120
f 1976/1022/1170 886/989/1170 885/989/1170
f 907/1023/1242 1963/991/1171 881/1019/1239
f 904/1022/1243 1967/1022/1170 885/989/1170
f 876/991/1120 877/991/1120 835/961/1120
f 1016/1024/1244 2001/1024/1170 1969/1025/1170
f 1018/1026/1245 888/1027/1246 896/1028/1247
f 2008/1029/1170 1973/1030/1170 1969/1030/1170
f 1972/1027/1120 894/1027/1120 1013/1026/1120
f 1023/1024/1248 1974/1025/1249 1973/1025/1170
f 897/1025/1250 890/1031/1251 1020/1032/1252
f 890/1031/1251 891/1028/1253 1021/1033/1254
f 902/1021/1255 895/1031/1256 896/1028/1247
f 1977/1022/1240 1974/1025/1249 895/1031/1256
f 893/1027/1257 891/1028/1253 910/1020/1236
f 1966/1027/1120 889/1027/1120 908/1023/1120
f 1965/1023/1120 908/1023/1120 877/991/1120
f 900/1023/1258 910/1020/1236 884/1019/1233
f 887/989/1199 1977/1022/1240 902/1021/1255
f 880/1018/1238 902/1021/1255 903/1020/1259
f 897/1025/1250 1969/1025/1170 1967/1022/1170
f 888/1027/1246 907/1023/1242 903/1020/1259
f 905/1022/1260 916/1034/1261 917/1034/1262
f 1964/1023/1120 901/1023/1120 894/1027/1120
f 1968/1022/1263 1970/1025/1264 1975/1035/1265
f 904/1022/1243 909/1021/1237 890/1031/1251
f 909/1021/1237 910/1020/1236 891/1028/1253
f 914/1035/1266 920/1036/1267 919/1036/1268
f 916/1034/1261 912/1034/1269 1979/1037/1270
f 905/1022/1260 911/1022/1260 912/1034/1269
f 1977/1022/1240 1980/1034/1271 915/1035/1272
f 898/1025/1273 899/1025/1273 1981/1035/1274
f 898/1025/1273 914/1035/1266 913/1035/1275
f 921/1036/1276 1983/1037/1276 1992/1038/1277
f 922/1037/1278 1994/1038/1279 1993/1038/1279
f 917/1034/1262 916/1034/1261 922/1037/1278
f 915/1035/1272 1980/1034/1271 1983/1037/1276
f 1981/1035/1274 1984/1036/1280 920/1036/1267
f 1975/1035/1265 1982/1036/1281 918/1037/1281
f 1989/1039/1282 928/1038/1282 1985/1038/1282
f 1990/1039/1282 929/1038/1282 928/1038/1282
f 920/1036/1267 1984/1036/1280 927/1039/1283
f 1982/1036/1281 1988/1039/1284 1986/1038/1284
f 1979/1037/1270 924/1038/1279 1994/1038/1279
f 920/1036/1267 926/1039/1283 925/1039/1283
f 984/1040/1285 931/958/1142 932/970/1154
f 985/1040/1286 935/970/1153 936/958/1124
f 974/1041/1287 975/1042/1288 942/1043/1289
f 987/1044/1290 942/1043/1289 975/1042/1288
f 988/1045/1291 944/1046/1292 942/1043/1289
f 981/1041/1293 947/1046/1294 948/1047/1295
f 989/1045/1296 990/1044/1297 948/1047/1295
f 977/1048/1298 948/1047/1295 990/1044/1297
f 745/968/1175 937/1049/1299 963/1050/1300
f 985/1040/1286 934/952/1116 961/951/1115
f 1953/976/1301 957/977/1302 950/1051/1303
f 991/1052/1304 946/988/1182 966/975/1161
f 988/1045/1291 994/1045/1305 956/1046/1306
f 974/1041/1287 979/1041/1307 1996/977/1307
f 994/1045/1305 995/1045/1305 953/1046/1306
f 979/1041/1307 980/1041/1307 1995/977/1307
f 989/1045/1296 947/1046/1294 953/1046/1306
f 981/1041/1293 957/977/1302 1995/977/1307
f 982/1003/1308 978/1053/1309 949/1054/1310
f 969/1055/1311 949/1054/1310 945/971/1312
f 983/1003/1195 968/1055/1313 943/1054/1314
f 968/1055/1313 820/972/1157 940/971/1156
f 1998/977/1315 958/976/1178 960/1056/1316
f 986/1057/1317 996/1058/1318 959/975/1168
f 958/976/1178 962/995/1177 963/1050/1300
f 996/1058/1318 992/1059/1319 961/951/1115
f 747/968/1144 812/995/1176 965/1050/1320
f 984/1040/1285 997/1059/1321 964/951/1141
f 1953/976/1301 967/1056/1322 965/1050/1320
f 993/1058/1323 966/975/1161 964/951/1141
f 818/997/1188 983/1003/1195 976/1053/1324
f 823/997/1185 946/988/1182 978/1053/1309
f 947/1046/1294 981/1041/1293 980/1041/1307
f 953/1046/1306 980/1041/1307 979/1041/1307
f 944/1046/1292 956/1046/1306 979/1041/1307
f 950/1051/1303 977/1048/1298 998/1060/1325
f 957/977/1302 981/1041/1293 977/1048/1298
f 999/1061/1326 975/1042/1288 941/1062/1327
f 1998/977/1315 941/1062/1327 975/1042/1288
f 969/1055/1311 1051/1004/1202 1050/1063/1328
f 821/972/1158 820/972/1157 1036/1001/1329
f 869/1012/1221 1046/1002/1194 1047/999/1190
f 982/1003/1308 1050/1063/1328 1040/998/1186
f 820/972/1157 968/1055/1313 1053/1004/1330
f 976/1053/1324 999/1061/1326 986/1057/1317
f 991/1052/1304 998/1060/1325 978/1053/1309
f 967/1056/1322 993/1058/1323 997/1059/1321
f 933/1049/1331 965/1050/1320 997/1059/1321
f 960/1056/1316 963/1050/1300 992/1059/1319
f 941/1062/1327 960/1056/1316 996/1058/1318
f 945/971/1312 989/1045/1296 995/1045/1305
f 954/971/1155 951/971/1155 995/1045/1305
f 940/971/1156 954/971/1155 994/1045/1305
f 950/1051/1303 991/1052/1304 993/1058/1323
f 937/1049/1299 985/1040/1286 992/1059/1319
f 998/1060/1325 990/1044/1297 949/1054/1310
f 945/971/1312 949/1054/1310 990/1044/1297
f 940/971/1156 988/1045/1291 987/1044/1290
f 943/1054/1314 987/1044/1290 999/1061/1326
f 939/988/1167 976/1053/1324 986/1057/1317
f 946/988/1182 991/1052/1304 978/1053/1309
f 853/1008/1209 1002/1014/1332 1003/1015/1333
f 849/1013/1230 1009/1064/1334 1002/1014/1332
f 863/1013/1225 1011/1064/1335 2006/1064/1170
f 1005/985/1120 1006/985/1120 802/984/1120
f 858/1065/1228 2006/1066/1170 2003/1066/1170
f 801/981/1173 1000/985/1336 1008/1015/1227
f 849/1013/1230 855/1013/1228 2003/1064/1170
f 1014/1032/1337 1007/1014/1226 1008/1015/1227
f 1023/1024/1248 1011/1064/1335 1007/1014/1226
f 2005/985/1197 1003/1015/1333 1021/1033/1254
f 1949/985/1120 1001/985/1120 1019/1026/1120
f 2000/1026/1120 1019/1026/1120 889/1027/1120
f 1012/1026/1338 1021/1033/1254 891/1028/1253
f 1974/1025/1249 1023/1024/1248 1014/1032/1337
f 895/1031/1256 1014/1032/1337 1015/1033/1339
f 1020/1032/1252 1021/1033/1254 1003/1015/1333
f 1016/1024/1244 1020/1032/1252 1002/1014/1332
f 1011/1064/1335 1023/1024/1248 2008/1024/1170
f 1971/1026/1120 1013/1026/1120 1006/985/1120
f 2004/1067/1340 2007/1067/1340 2010/1068/1341
f 1000/985/1336 1018/1026/1245 1015/1033/1339
f 1009/1064/1334 2003/1064/1170 2001/1024/1170
f 1027/1069/1342 1024/1069/1343 1028/1070/1344
f 2009/1071/1345 2002/1071/1345 1024/1069/1343
f 1010/1067/1346 1017/1071/1347 2013/1069/1348
f 1004/1067/1349 2011/1068/1350 2012/1069/1351
f 2016/1072/1352 2022/1073/1353 2021/1073/1353
f 1025/1068/1354 2010/1068/1341 2016/1072/1352
f 2013/1069/1348 2015/1070/1355 1030/1072/1356
f 2012/1069/1351 2011/1068/1350 2017/1072/1357
f 2023/1073/1358 2024/1074/1358 2018/1074/1358
f 2015/1070/1355 2025/1074/1359 1034/1073/1359
f 2014/1070/1360 2017/1072/1357 1033/1073/1361
f 1028/1070/1344 1032/1074/1362 1035/1074/1362
f 1043/996/1181 1042/996/1181 2028/1075/1363
f 1038/1001/1191 1955/1076/1364 1956/1076/1365
f 1045/996/1180 1049/1002/1366 2033/1077/1367
f 1044/996/1193 1043/996/1181 2027/1075/1363
f 1037/1001/1191 1957/1076/1368 1955/1076/1364
f 1044/996/1193 2026/1075/1369 2030/1077/1370
f 1036/1001/1329 1958/1076/1371 1957/1076/1368
f 1041/998/1196 1047/999/1190 2031/1078/1372
f 1040/998/1186 2034/1079/1373 2032/1078/1374
f 1036/1001/1329 1053/1004/1330 2039/1080/1375
f 1048/999/1187 2032/1078/1374 2033/1077/1367
f 1053/1004/1330 1052/1063/1376 2038/1081/1377
f 1052/1063/1376 1041/998/1196 2035/1079/1378
f 1047/999/1190 1046/1002/1194 2030/1077/1370
f 1039/1001/1201 1956/1076/1365 2037/1080/1379
f 871/1012/1223 870/1000/1224 1048/999/1187
f 968/1055/1313 983/1003/1195 1052/1063/1376
f 827/987/1179 871/1012/1223 1049/1002/1366
f 1050/1063/1328 2036/1081/1380 2034/1079/1373
f 1042/996/1181 1045/996/1180 2029/1075/1381
f 1051/1004/1202 2037/1080/1379 2036/1081/1380
f 970/1082/1382 1087/1083/1383 2073/1084/1384
f 2041/1085/1170 1069/1076/1170 1068/1076/1170
f 2040/1085/1170 1068/1076/1170 1070/1076/1170
f 2043/1085/1170 2042/1085/1170 1070/1076/1170
f 2044/1086/1170 1072/1075/1170 1073/1075/1170
f 2045/1086/1170 1073/1075/1170 1074/1075/1170
f 2047/1086/1170 2046/1086/1170 1074/1075/1170
f 2048/1087/1170 2049/1088/1170 1077/1078/1170
f 2051/1089/1170 1079/1077/1170 1078/1078/1170
f 2052/1090/1170 2050/1091/1170 1078/1078/1170
f 2053/1092/1170 1081/1079/1170 1077/1078/1170
f 2048/1087/1170 1076/1077/1170 1072/1075/1170
f 2051/1089/1170 2047/1086/1170 1075/1075/1170
f 2052/1090/1170 1080/1079/1170 1082/1081/1170
f 1065/1093/1170 1083/1080/1170 1069/1076/1170
f 2057/1094/1170 1085/1080/1170 1084/1081/1170
f 2057/1094/1170 2043/1085/1170 1071/1076/1170
f 1065/1093/1170 2054/1095/1170 1082/1081/1170
f 2053/1092/1170 2056/1096/1170 1084/1081/1170
f 2064/1097/1170 2068/1098/1170 2067/1099/1170
f 1060/1100/1385 1094/1101/1386 1095/1102/1387
f 1067/1103/1388 1066/1104/1389 1102/1105/1389
f 1062/1106/1390 1096/1102/1391 1097/1107/1392
f 970/1082/1382 971/1082/1393 1086/1083/1393
f 1067/1103/1388 1103/1084/1394 1089/1083/1395
f 1054/1108/1396 1098/1109/1397 1096/1102/1391
f 972/1082/1393 1088/1083/1393 1086/1083/1393
f 1064/1104/1398 2055/1103/1399 2073/1084/1384
f 1061/1106/1400 1095/1102/1387 1099/1109/1401
f 973/1082/1402 1089/1083/1395 1088/1083/1393
f 1066/1104/1389 1055/1108/1403 1099/1109/1401
f 1060/1100/1385 1058/1110/1404 1090/1111/1405
f 1057/1110/1406 1091/1111/1406 1090/1111/1405
f 1063/1112/1407 1097/1107/1392 1093/1111/1408
f 1056/1110/1406 1092/1111/1409 1091/1111/1406
f 1064/1104/1398 1100/1105/1398 1098/1109/1397
f 1059/1110/1410 1093/1111/1408 1092/1111/1409
f 2242/1113/1411 2111/1114/1412 1360/1115/1413
f 1329/1113/1414 1345/1116/1415 1351/1117/1125
f 2139/1118/1416 2140/1119/1417 1368/1120/1125
f 2243/1121/1409 2076/1122/1406 1366/1123/1406
f 2142/1118/1418 2145/1119/1419 2144/1124/1420
f 1123/1125/1120 1332/1125/1421 1117/1122/1422
f 1127/1126/1406 1336/1126/1406 1162/1118/1406
f 1367/1123/1406 2083/1122/1406 1330/1121/1406
f 2076/1122/1406 2077/1122/1406 1365/1123/1406
f 2077/1122/1406 2078/1122/1406 1364/1123/1406
f 2079/1126/1120 2080/1124/1120 2141/1124/1423
f 2081/1126/1424 2082/1124/1424 1133/1127/1424
f 2084/1125/1120 1110/1122/1120 1115/1122/1425
f 2086/1125/1120 1111/1122/1120 1110/1122/1120
f 2111/1114/1412 2119/1114/1426 1361/1115/1427
f 2119/1114/1426 2107/1114/1428 1362/1115/1427
f 1335/1128/1429 1331/1121/1430 1373/1129/1431
f 2138/1126/1432 2141/1124/1423 2140/1119/1417
f 1334/1125/1433 1122/1125/1120 1115/1122/1425
f 2107/1114/1428 2106/1114/1434 1363/1115/1435
f 2140/1119/1417 1335/1128/1429 1371/1130/1436
f 2078/1122/1406 2083/1122/1406 1367/1123/1406
f 2143/1126/1437 2144/1124/1420 1109/1124/1120
f 1123/1125/1120 1117/1122/1422 1111/1122/1120
f 2144/1124/1420 1123/1125/1120 2086/1125/1120
f 1114/1124/1393 1327/1124/1393 1161/1119/1393
f 2081/1126/1424 2092/1131/1424 2090/1132/1424
f 2080/1124/1120 2084/1125/1120 1122/1125/1120
f 1163/1119/1393 1324/1124/1393 1116/1124/1393
f 2141/1124/1423 1122/1125/1120 1334/1125/1433
f 1326/1114/1438 1343/1133/1439 2112/1133/1120
f 1131/1132/1120 2143/1126/1437 1125/1126/1120
f 1160/1118/1409 1337/1126/1409 1126/1126/1409
f 2093/1134/1440 2095/1135/1440 2089/1136/1440
f 2088/1132/1120 2079/1126/1120 2138/1126/1432
f 2142/1118/1418 1339/1137/1441 1358/1138/1424
f 1130/1132/1120 2138/1126/1432 2251/1126/1442
f 2145/1119/1419 2142/1118/1418 1357/1139/1424
f 1343/1133/1439 1349/1140/1439 2116/1140/1120
f 1465/1141/1443 1521/1142/1444 1518/1143/1445
f 1448/1144/1120 2088/1132/1120 1130/1132/1120
f 1449/1144/1120 2091/1132/1120 2088/1132/1120
f 1453/1145/1415 1340/1137/1415 1352/1138/1125
f 2358/1144/1120 1131/1132/1120 2091/1132/1120
f 1340/1137/1415 2139/1118/1416 1353/1139/1125
f 1135/1131/1120 2097/1127/1120 2096/1127/1120
f 2085/1125/1406 2100/1146/1446 1139/1146/1447
f 2099/1146/1448 2102/1147/1448 1133/1127/1424
f 1124/1126/1125 1134/1131/1125 1132/1127/1125
f 2097/1127/1120 1140/1147/1449 2103/1147/1450
f 1124/1126/1125 1128/1132/1125 1134/1131/1125
f 1139/1146/1447 2100/1146/1446 2101/1148/1451
f 2101/1148/1451 2103/1147/1450 1140/1147/1449
f 1132/1127/1125 1136/1147/1125 1137/1146/1125
f 2119/1114/1426 2134/1149/1452 2126/1149/1452
f 2106/1114/1434 2244/1113/1453 1363/1115/1435
f 1112/1114/1125 2104/1150/1125 2131/1151/1125
f 2107/1152/1428 2108/1153/1454 2105/1154/1393
f 1355/1117/1424 1342/1116/1441 1325/1113/1455
f 2273/1155/1170 1381/1155/1170 2333/1156/1170
f 1142/1133/1120 2122/1140/1120 1347/1140/1456
f 1450/1144/1120 1130/1132/1120 1341/1132/1456
f 2124/1140/1406 2133/1149/1406 2113/1149/1409
f 1345/1116/1415 1346/1157/1415 1354/1158/1125
f 1143/1133/1424 2132/1151/1424 2120/1150/1424
f 2119/1159/1426 2111/1160/1412 2121/1161/1393
f 1359/1158/1424 1348/1157/1441 1342/1116/1441
f 1148/1150/1120 1155/1151/1457 2130/1151/1458
f 1105/1114/1424 2127/1149/1424 2129/1151/1424
f 1150/1150/1120 1152/1151/1459 1154/1151/1458
f 2130/1151/1458 1155/1151/1457 2114/1149/1460
f 1104/1114/1125 1149/1150/1125 1153/1151/1125
f 1154/1151/1458 1152/1151/1459 2128/1149/1460
f 2125/1140/1406 1156/1149/1409 2133/1149/1406
f 1143/1133/1424 1147/1140/1424 1159/1149/1424
f 2110/1133/1125 2131/1151/1125 2137/1149/1125
f 2123/1140/1406 1158/1149/1409 1156/1149/1409
f 1206/1162/1461 2188/1163/1462 2187/1164/1463
f 1175/1165/1464 1207/1166/1465 1206/1162/1461
f 1189/1167/1466 1221/1168/1467 1220/1169/1125
f 1176/1170/1468 1208/1171/1469 1207/1166/1465
f 1190/1172/1470 1222/1173/1471 1221/1168/1467
f 1177/1174/1472 1209/1175/1473 1208/1171/1469
f 1191/1176/1474 1223/1177/1475 1222/1173/1471
f 1178/1178/1476 1210/1179/1477 1209/1175/1473
f 1165/1180/1478 1196/1181/1479 1197/1182/1480
f 1192/1183/1481 1224/1184/1482 1223/1177/1475
f 1179/1185/1483 1211/1186/1484 1210/1179/1477
f 1166/1187/1485 1198/1188/1486 1196/1181/1479
f 1193/1189/1487 1225/1190/1488 1224/1184/1482
f 1180/1191/1489 1212/1192/1490 1211/1186/1484
f 1167/1189/1491 1199/1190/1492 1198/1188/1486
f 1194/1187/1493 1226/1188/1494 1225/1190/1488
f 1181/1185/1495 1213/1186/1496 1212/1192/1490
f 1168/1183/1497 1200/1184/1498 1199/1190/1492
f 1195/1180/1499 1227/1181/1500 1226/1188/1494
f 1182/1178/1501 1214/1179/1502 1213/1186/1496
f 1169/1176/1503 1201/1177/1504 1200/1184/1498
f 1164/1193/1505 1197/1182/1480 1227/1181/1500
f 1183/1174/1506 1215/1175/1507 1214/1179/1502
f 1170/1172/1508 1202/1173/1509 1201/1177/1504
f 1184/1170/1510 1216/1171/1511 1215/1175/1507
f 1171/1167/1512 1203/1168/1513 1202/1173/1509
f 1185/1165/1514 1217/1166/1515 1216/1171/1511
f 1172/1194/1516 1204/1169/1424 1203/1168/1513
f 1186/1195/1517 1218/1162/1518 1217/1166/1515
f 1173/1196/1519 1205/1197/1520 1204/1169/1424
f 1187/1196/1521 1219/1197/1522 1218/1162/1518
f 1174/1195/1523 1206/1162/1461 1205/1197/1520
f 1188/1194/1524 1220/1169/1125 1219/1197/1522
f 2169/1198/1406 2170/1199/1406 2154/1200/1409
f 1251/1201/1525 2233/1202/1512 2234/1203/1516
f 1205/1197/1520 2187/1164/1463 2186/1203/1526
f 1250/1204/1527 2232/1205/1508 2233/1202/1512
f 1204/1169/1424 2186/1203/1526 2185/1206/1525
f 1249/1207/1528 2231/1208/1503 2232/1205/1508
f 1203/1168/1513 2185/1206/1525 2184/1209/1527
f 1248/1210/1529 2230/1211/1497 2231/1208/1503
f 1202/1173/1509 2184/1209/1527 2183/1212/1528
f 1197/1182/1480 2179/1213/1530 2209/1214/1531
f 1247/1215/1532 2229/1216/1491 2230/1211/1497
f 1201/1177/1504 2183/1212/1528 2182/1217/1533
f 1227/1181/1500 2209/1214/1531 2208/1218/1534
f 1246/1219/1535 2228/1220/1485 2229/1216/1491
f 1200/1184/1498 2182/1217/1533 2181/1221/1536
f 1226/1188/1494 2208/1218/1534 2207/1221/1537
f 1245/1222/1538 2227/1223/1539 2228/1220/1485
f 1199/1190/1492 2181/1221/1536 2180/1218/1535
f 1225/1190/1488 2207/1221/1537 2206/1217/1540
f 1244/1224/1530 2226/1225/1505 2227/1223/1539
f 1198/1188/1486 2180/1218/1535 2178/1214/1538
f 1224/1184/1482 2206/1217/1540 2205/1212/1541
f 1243/1222/1542 2225/1223/1499 2226/1225/1505
f 1196/1181/1479 2178/1214/1538 2179/1213/1530
f 1223/1177/1475 2205/1212/1541 2204/1209/1543
f 1242/1219/1534 2224/1220/1493 2225/1223/1499
f 1222/1173/1471 2204/1209/1543 2203/1206/1544
f 1241/1215/1537 2223/1216/1487 2224/1220/1493
f 1221/1168/1467 2203/1206/1544 2202/1203/1545
f 1240/1210/1540 2222/1211/1481 2223/1216/1487
f 1220/1169/1125 2202/1203/1545 2201/1164/1546
f 1239/1207/1541 2221/1208/1474 2222/1211/1481
f 2197/1226/1406 1311/1216/1406 1310/1220/1406
f 1266/1209/1406 2216/1227/1406 2215/1228/1409
f 2198/1229/1406 1312/1211/1409 1311/1216/1406
f 1267/1206/1406 2217/1230/1406 2216/1227/1406
f 2199/1231/1406 1313/1208/1409 1312/1211/1409
f 1268/1203/1406 2218/1203/1409 2217/1230/1406
f 2200/1163/1406 1314/1205/1406 1313/1208/1409
f 1268/1203/1406 1269/1164/1406 2219/1202/1406
f 1283/1164/1406 1315/1202/1409 1314/1205/1406
f 1269/1164/1406 1270/1163/1406 2220/1205/1409
f 1284/1203/1409 1316/1203/1409 1315/1202/1409
f 1270/1163/1406 2189/1231/1406 1303/1208/1406
f 1284/1203/1409 1285/1206/1409 2235/1230/1409
f 2189/1231/1406 2190/1229/1409 1304/1211/1406
f 1285/1206/1409 1286/1209/1406 2236/1227/1406
f 2190/1229/1409 2191/1226/1409 1305/1216/1406
f 1286/1209/1406 1287/1212/1406 2237/1228/1406
f 2191/1226/1409 2192/1232/1406 1306/1220/1406
f 1260/1214/1409 2210/1233/1409 2211/1234/1409
f 1287/1212/1406 1288/1217/1406 2238/1235/1406
f 2192/1232/1406 2193/1236/1406 1307/1223/1406
f 1262/1218/1406 2212/1237/1406 2210/1233/1409
f 1288/1217/1406 1289/1221/1406 2239/1238/1409
f 2193/1236/1406 2194/1239/1406 1308/1225/1406
f 1263/1221/1406 2213/1238/1406 2212/1237/1406
f 1289/1221/1406 1290/1218/1409 2240/1237/1409
f 2195/1236/1406 1309/1223/1406 1308/1225/1406
f 1264/1217/1409 2214/1235/1409 2213/1238/1406
f 1290/1218/1409 1291/1214/1409 2241/1233/1409
f 2196/1232/1406 1310/1220/1406 1309/1223/1406
f 1265/1212/1406 2215/1228/1409 2214/1235/1409
f 1291/1214/1409 1261/1213/1406 2211/1234/1409
f 1252/1240/1526 2234/1203/1516 1317/1230/1519
f 1207/1166/1465 1271/1231/1547 2188/1163/1462
f 1253/1241/1463 1317/1230/1519 1318/1227/1523
f 1208/1171/1469 1272/1229/1548 1271/1231/1547
f 1254/1242/1462 1318/1227/1523 1319/1228/1464
f 1229/1243/1549 1293/1234/1489 1292/1233/1495
f 1209/1175/1473 1273/1226/1550 1272/1229/1548
f 1255/1244/1547 1319/1228/1464 1320/1235/1468
f 1228/1245/1551 1292/1233/1495 1294/1237/1501
f 1210/1179/1477 1274/1232/1552 1273/1226/1550
f 1256/1246/1548 1320/1235/1468 1321/1238/1472
f 1230/1247/1553 1294/1237/1501 1295/1238/1506
f 1211/1186/1484 1275/1236/1554 1274/1232/1552
f 1257/1248/1550 1321/1238/1472 1322/1237/1476
f 1231/1248/1555 1295/1238/1506 1296/1235/1510
f 1212/1192/1490 1276/1239/1549 1275/1236/1554
f 1258/1247/1556 1322/1237/1476 1323/1233/1483
f 1232/1246/1557 1296/1235/1510 1297/1228/1514
f 1213/1186/1496 1277/1236/1551 1276/1239/1549
f 1259/1245/1558 1323/1233/1483 1293/1234/1489
f 1233/1244/1559 1297/1228/1514 1298/1227/1517
f 1214/1179/1502 1278/1232/1553 1277/1236/1551
f 1234/1242/1560 1298/1227/1517 1299/1230/1521
f 1215/1175/1507 1279/1226/1555 1278/1232/1553
f 1235/1241/1546 1299/1230/1521 1300/1203/1524
f 1216/1171/1511 1280/1229/1557 1279/1226/1555
f 1236/1240/1545 1300/1203/1524 1301/1202/1466
f 1217/1166/1515 1281/1231/1559 1280/1229/1557
f 1237/1201/1561 1301/1202/1466 1302/1205/1470
f 1218/1162/1518 1282/1163/1560 1281/1231/1559
f 1238/1204/1543 1302/1205/1470 2221/1208/1474
f 1219/1197/1522 2201/1164/1546 1282/1163/1560
f 2356/1144/1562 1338/1132/1439 1131/1132/1120
f 1338/1132/1439 2250/1126/1563 2143/1126/1437
f 2106/1114/1434 1142/1133/1120 1344/1133/1456
f 2245/1124/1564 1332/1125/1421 1123/1125/1120
f 1326/1114/1438 1325/1113/1455 1342/1116/1441
f 2248/1121/1565 1117/1122/1422 1332/1125/1421
f 2140/1119/1417 2246/1124/1566 1334/1125/1433
f 1333/1128/1567 1332/1125/1421 2245/1124/1564
f 1331/1121/1430 1335/1128/1429 1334/1125/1433
f 2251/1126/1442 2139/1118/1416 1340/1137/1415
f 1338/1132/1439 1339/1137/1441 2142/1118/1418
f 1341/1132/1456 1340/1137/1415 1453/1145/1415
f 1343/1133/1439 1342/1116/1441 1348/1157/1441
f 1328/1114/1568 1344/1133/1456 1345/1116/1415
f 1347/1140/1456 1346/1157/1415 1345/1116/1415
f 2364/1249/1569 1465/1141/1443 1518/1143/1445
f 1351/1117/1125 1354/1158/1125 1479/1250/1125
f 1352/1138/1125 1353/1139/1125 1500/1251/1125
f 1456/1252/1125 1352/1138/1125 1478/1253/1125
f 2252/1254/1125 1351/1117/1125 1498/1255/1125
f 1501/1250/1424 1359/1158/1424 1355/1117/1424
f 1480/1255/1424 1355/1117/1424 1356/1254/1424
f 1522/1256/1570 1524/1257/1571 1348/1157/1441
f 1357/1139/1424 1358/1138/1424 1499/1253/1424
f 1362/1115/1427 1363/1115/1435 1491/1258/1572
f 1488/1258/1573 1361/1115/1427 1362/1115/1427
f 1360/1115/1413 1361/1115/1427 1488/1258/1573
f 2253/1254/1574 1360/1115/1413 1492/1258/1575
f 1491/1258/1572 1363/1115/1435 1350/1254/1576
f 1369/1120/1424 1370/1130/1577 1333/1128/1567
f 1370/1130/1577 1372/1129/1578 2248/1121/1565
f 1487/1259/1409 1364/1123/1406 1367/1123/1406
f 1494/1260/1125 1368/1120/1125 1371/1130/1436
f 1371/1130/1436 1373/1129/1431 2255/1261/1431
f 1486/1259/1409 1365/1123/1406 1364/1123/1406
f 1366/1123/1406 1365/1123/1406 1486/1259/1409
f 1493/1259/1406 1367/1123/1406 2247/1129/1406
f 2249/1129/1409 1366/1123/1406 1490/1259/1406
f 1369/1120/1424 1357/1139/1424 1481/1251/1424
f 1500/1251/1125 1353/1139/1125 1368/1120/1125
f 2286/1262/1170 2348/1263/1170 2345/1264/1170
f 1382/1265/1170 2274/1266/1170 2336/1267/1170
f 2285/1268/1170 1388/1269/1170 1436/1270/1170
f 2274/1266/1170 2266/1155/1170 2326/1156/1170
f 2284/1271/1170 2285/1268/1170 2347/1272/1170
f 2273/1155/1170 2335/1156/1170 2334/1156/1170
f 2283/1273/1170 2345/1264/1170 2322/1274/1170
f 2272/1155/1170 2334/1156/1170 2332/1156/1170
f 1389/1262/1170 2282/1273/1170 2344/1264/1170
f 1381/1155/1170 2270/1155/1170 2324/1156/1170
f 1394/1265/1424 2287/1266/1579 1483/1275/1577
f 1483/1275/1577 2287/1266/1579 2271/1155/1578
f 2301/1276/1580 2302/1277/1581 2325/1156/1581
f 2311/1278/1424 2301/1276/1580 2349/1267/1582
f 2328/1270/1125 2329/1279/1125 2300/1280/1125
f 2330/1279/1424 2331/1270/1424 2288/1281/1424
f 2327/1156/1406 1420/1156/1409 2296/1277/1409
f 2307/1277/1406 1423/1156/1406 1444/1156/1406
f 2296/1277/1409 1420/1156/1409 1416/1156/1406
f 2309/1277/1406 1416/1156/1406 1417/1156/1409
f 2310/1276/1583 1432/1267/1584 1445/1156/1585
f 1432/1267/1584 2310/1276/1583 2299/1278/1125
f 2308/1277/1409 1417/1156/1409 1423/1156/1406
f 2337/1282/1586 2323/1274/1587 2295/1283/1588
f 2291/1283/1589 2320/1274/1590 2338/1282/1591
f 2338/1282/1591 2339/1282/1592 2306/1283/1593
f 2339/1282/1592 2340/1282/1594 2305/1283/1594
f 2305/1283/1594 2340/1282/1594 2337/1282/1586
f 2331/1270/1424 2341/1272/1424 2312/1284/1424
f 1476/1285/1424 2342/1286/1424 1437/1263/1424
f 2317/1287/1424 1440/1264/1424 2321/1274/1424
f 2318/1288/1424 1437/1263/1424 1440/1264/1424
f 1433/1274/1125 1434/1264/1125 2293/1287/1125
f 1463/1271/1125 1438/1272/1125 2314/1284/1125
f 1438/1272/1125 2328/1270/1125 2313/1281/1125
f 1434/1264/1125 1439/1263/1125 2316/1288/1125
f 2264/1265/1170 1442/1279/1170 1443/1267/1170
f 1379/1289/1170 2260/1290/1170 2322/1274/1170
f 1395/1266/1170 1443/1267/1170 2324/1156/1170
f 1380/1289/1170 1422/1282/1170 1431/1274/1170
f 1376/1289/1170 1418/1282/1170 1422/1282/1170
f 1376/1289/1170 1377/1289/1170 1419/1282/1170
f 1377/1289/1170 1379/1289/1170 1421/1282/1170
f 1388/1269/1170 1382/1265/1170 1430/1279/1170
f 1387/1268/1170 1435/1272/1170 1441/1270/1170
f 2265/1269/1170 1441/1270/1170 1442/1279/1170
f 2280/1286/1170 1389/1262/1170 2343/1263/1170
f 2268/1155/1170 2332/1156/1170 2326/1156/1170
f 2282/1273/1170 2258/1290/1170 1431/1274/1170
f 1408/1276/1170 1119/1278/1170 1413/1277/1170
f 1113/1278/1170 1406/1276/1170 1404/1277/1170
f 1404/1277/1170 1415/1277/1170 1107/1278/1170
f 1415/1277/1170 1414/1277/1170 1106/1278/1170
f 1106/1278/1170 1414/1277/1170 1413/1277/1170
f 1429/1287/1170 1402/1287/1170 1428/1288/1170
f 1424/1284/1170 1426/1284/1170 1106/1278/1170
f 2350/1271/1170 2354/1271/1170 1435/1272/1170
f 1467/1285/1125 2355/1286/1125 1463/1271/1125
f 2341/1272/1424 1462/1271/1424 1460/1291/1424
f 2284/1271/1170 2346/1271/1170 1477/1286/1170
f 1358/1138/1424 2359/1252/1424 2365/1292/1424
f 1474/1293/1125 1456/1294/1125 1503/1295/1125
f 2356/1144/1562 2357/1145/1595 1339/1137/1441
f 1452/1296/1456 1453/1297/1415 1464/1298/1415
f 1349/1140/1439 1524/1257/1571 1465/1141/1443
f 1471/1299/1120 1450/1300/1120 1452/1300/1456
f 1464/1298/1415 1453/1297/1415 1456/1294/1125
f 1470/1299/1120 1449/1300/1120 1448/1300/1120
f 1469/1299/1120 1448/1300/1120 1450/1300/1120
f 1339/1137/1441 2357/1145/1595 2359/1252/1424
f 1144/1140/1120 1469/1249/1120 1471/1249/1120
f 1145/1140/1120 1470/1249/1120 1469/1249/1120
f 1346/1157/1415 1464/1301/1415 1474/1302/1125
f 2116/1140/1120 1472/1249/1120 1470/1249/1120
f 2122/1140/1120 1471/1249/1120 1473/1249/1456
f 2116/1140/1120 1349/1140/1439 1465/1141/1443
f 1473/1249/1456 1464/1301/1415 1346/1157/1415
f 1354/1158/1125 1474/1302/1125 1504/1303/1125
f 2351/1286/1170 1477/1286/1170 2348/1263/1170
f 1439/1263/1125 2355/1286/1125 1467/1285/1125
f 2315/1291/1170 2352/1285/1170 2319/1285/1170
f 2280/1286/1170 1468/1286/1170 2354/1271/1170
f 1462/1271/1424 2342/1286/1424 1476/1285/1424
f 2362/1304/1454 1502/1304/1454 1457/1305/1393
f 2366/1306/1120 2363/1306/1120 2361/1307/1120
f 1516/1299/1596 1512/1300/1597 1449/1300/1120
f 2365/1292/1424 2367/1303/1424 1466/1286/1424
f 1479/1250/1125 1504/1303/1125 1475/1286/1125
f 1475/1286/1125 1504/1303/1125 1503/1292/1125
f 1499/1253/1424 2365/1292/1424 1458/1271/1424
f 1370/1130/1577 1483/1275/1577 1484/1261/1578
f 1482/1260/1424 1483/1275/1577 1370/1130/1577
f 1500/1251/1125 1494/1260/1125 2263/1265/1125
f 1482/1260/1424 1481/1251/1424 1393/1269/1424
f 1485/1261/1406 1490/1259/1406 1378/1155/1406
f 2269/1155/1406 1493/1259/1406 2254/1261/1406
f 1490/1259/1406 1486/1259/1409 1374/1155/1406
f 1374/1155/1406 1486/1259/1409 1487/1259/1409
f 1496/1275/1436 2255/1261/1431 1397/1155/1598
f 1494/1260/1125 1496/1275/1436 1384/1266/1599
f 1375/1155/1406 1487/1259/1409 1493/1259/1406
f 2275/1289/1600 1491/1258/1572 2259/1308/1601
f 2256/1308/1602 1492/1258/1575 2276/1289/1603
f 1492/1258/1575 1488/1258/1573 2277/1289/1573
f 2277/1289/1573 1488/1258/1573 1489/1258/1573
f 2278/1289/1573 1489/1258/1573 1491/1258/1572
f 1481/1251/1424 1499/1253/1424 2279/1268/1424
f 1466/1286/1424 2367/1303/1424 1501/1250/1424
f 1392/1273/1424 1480/1255/1424 1495/1308/1424
f 2281/1262/1424 1501/1250/1424 1480/1255/1424
f 1497/1308/1125 1498/1255/1125 1386/1273/1125
f 1503/1292/1125 1478/1253/1125 1390/1268/1125
f 1478/1253/1125 1500/1251/1125 2262/1269/1125
f 1498/1255/1125 1479/1250/1125 1391/1262/1125
f 2362/1292/1454 1451/1144/1454 1508/1144/1393
f 2364/1249/1569 2360/1303/1604 1511/1303/1409
f 1513/1309/1605 1514/1310/1606 1517/1311/1607
f 1514/1310/1606 1512/1312/1597 1516/1313/1596
f 1515/1314/1608 1507/1315/1424 1506/1316/1424
f 2361/1317/1120 1520/1318/1120 1519/1318/1120
f 1524/1257/1571 1522/1256/1570 1523/1319/1609
f 1526/1320/1610 1523/1319/1609 1521/1142/1444
f 1522/1256/1570 1528/1321/1611 1529/1322/1612
f 1523/1319/1609 1529/1322/1612 1527/1323/1613
f 1528/1321/1611 1522/1256/1570 1359/1158/1424
f 1933/956/1123 1932/950/1114 934/952/1116
f 765/969/1150 763/953/1117 764/955/1119
f 744/956/1120 739/956/1120 755/957/1122
f 754/957/1614 1933/956/1123 936/958/1124
f 1938/959/1125 749/962/1130 846/960/1126
f 874/992/1172 1960/961/1127 846/960/1126
f 775/954/1128 756/957/1122 770/954/1128
f 770/954/1128 755/957/1122 767/954/1129
f 846/960/1126 749/962/1130 1961/964/1132
f 831/990/1200 845/966/1134 830/990/1170
f 839/967/1135 836/967/1214 843/965/1133
f 843/965/1133 832/990/1231 829/990/1170
f 829/990/1170 845/966/1134 843/965/1133
f 845/966/1134 829/990/1170 830/990/1170
f 745/968/1175 742/968/1136 771/953/1138
f 1951/950/1139 737/956/1139 964/951/1141
f 762/954/1118 763/953/1117 932/970/1154
f 932/970/1154 931/958/1142 762/954/1118
f 742/968/1136 743/968/1136 774/953/1137
f 778/953/1137 743/968/1136 759/953/1145
f 779/954/1128 757/957/1122 775/954/1128
f 752/957/1122 757/957/1122 758/954/1128
f 1940/956/1120 746/956/1120 1941/957/1146
f 740/956/1120 744/956/1120 756/957/1122
f 746/956/1120 741/956/1120 752/957/1122
f 767/954/1129 766/953/1147 769/955/1149
f 741/956/1120 740/956/1120 757/957/1122
f 761/969/1152 759/953/1145 765/969/1150
f 761/969/1152 765/969/1150 760/955/1151
f 760/955/1151 764/955/1119 758/954/1128
f 771/953/1138 774/953/1137 773/969/1152
f 772/955/1151 773/969/1152 777/955/1151
f 770/954/1128 772/955/1151 775/954/1128
f 774/953/1137 778/953/1137 776/969/1152
f 776/969/1152 780/969/1152 777/955/1151
f 775/954/1128 777/955/1151 779/954/1128
f 766/953/1147 771/953/1138 768/969/1148
f 769/955/1149 768/969/1148 772/955/1151
f 767/954/1129 769/955/1149 770/954/1128
f 780/969/1152 778/953/1137 761/969/1152
f 780/969/1152 761/969/1152 781/955/1151
f 781/955/1151 760/955/1151 779/954/1128
f 1941/957/1146 752/957/1122 762/954/1118
f 754/957/1614 936/958/1124 767/954/1129
f 935/970/1153 766/953/1147 767/954/1129
f 747/968/1144 932/970/1154 759/953/1145
f 821/972/1158 954/971/1155 820/972/1157
f 951/971/1155 954/971/1155 822/972/1158
f 945/971/1312 951/971/1155 819/972/1159
f 946/988/1182 1945/973/1160 966/975/1161
f 813/976/1120 809/976/1120 1997/977/1120
f 815/993/1120 805/950/1120 790/978/1120
f 787/978/1120 746/956/1120 788/978/1120
f 783/973/1120 1946/979/1120 799/973/1120
f 738/963/1162 1937/962/1120 795/980/1120
f 837/964/1615 840/964/1615 1931/963/1163
f 786/980/1120 1930/962/1120 1931/963/1163
f 1931/963/1163 840/964/1615 738/963/1162
f 738/963/1162 795/980/1120 786/980/1120
f 794/983/1120 1935/959/1120 786/980/1120
f 1947/981/1120 1942/979/1120 803/981/1120
f 744/956/1120 740/956/1120 791/978/1120
f 740/956/1120 741/956/1120 792/978/1120
f 1942/979/1120 1943/973/1120 798/979/1120
f 793/978/1120 741/956/1120 787/978/1120
f 807/974/1120 783/973/1120 817/982/1120
f 1937/962/1120 750/959/1120 795/980/1120
f 833/961/1120 1939/961/1120 794/983/1120
f 739/956/1120 744/956/1120 790/978/1120
f 1946/979/1120 1948/984/1120 797/979/1120
f 1949/985/1120 1947/981/1120 1001/985/1120
f 859/986/1164 856/986/1164 825/987/1165
f 1950/974/1114 782/973/1166 959/975/1168
f 832/990/1231 882/989/1169 829/990/1170
f 881/1019/1239 1963/991/1171 874/992/1172
f 952/977/1120 809/976/1120 955/977/1120
f 1940/956/1120 806/950/1120 788/978/1120
f 806/950/1120 807/974/1120 816/993/1120
f 789/973/1120 1943/973/1120 814/982/1120
f 814/982/1120 804/974/1120 815/993/1120
f 868/1000/1189 818/997/1188 939/988/1167
f 939/988/1167 782/973/1166 785/979/1173
f 785/979/1173 801/981/1173 862/994/1174
f 862/994/1174 868/1000/1189 939/988/1167
f 1944/974/1139 1951/950/1139 966/975/1161
f 766/953/1147 935/970/1153 771/953/1138
f 747/968/1144 743/968/1136 812/995/1176
f 1953/976/1301 812/995/1176 1952/976/1170
f 743/968/1136 742/968/1136 808/995/1170
f 808/995/1170 810/995/1170 1952/976/1170
f 810/995/1170 742/968/1136 962/995/1177
f 810/995/1170 962/995/1177 1954/976/1170
f 753/957/1143 931/958/1142 737/956/1139
f 824/987/1165 827/987/1179 1042/996/1181
f 800/984/1184 784/979/1616 946/988/1182
f 946/988/1182 823/997/1185 870/1000/1224
f 784/979/1616 1945/973/1160 946/988/1182
f 870/1000/1224 850/994/1183 946/988/1182
f 870/1000/1224 823/997/1185 1048/999/1187
f 1041/998/1196 818/997/1188 1047/999/1190
f 825/987/1165 824/987/1165 1043/996/1181
f 1039/1001/1201 819/972/1159 1038/1001/1191
f 869/1012/1221 826/987/1192 1046/1002/1194
f 1052/1063/1376 983/1003/1195 1041/998/1196
f 826/987/1192 825/987/1165 1044/996/1193
f 1038/1001/1191 822/972/1158 1037/1001/1191
f 961/951/1115 1932/950/1114 959/975/1168
f 955/977/1120 811/976/1120 938/977/1120
f 885/989/1170 886/989/1170 829/990/1170
f 750/959/1120 834/961/1120 796/983/1120
f 1959/991/1120 1939/961/1120 879/991/1120
f 1003/1015/1333 2005/985/1197 850/994/1183
f 861/986/1222 859/986/1164 826/987/1192
f 824/987/1165 856/986/1164 827/987/1179
f 886/989/1170 887/989/1199 830/990/1170
f 969/1055/1311 819/972/1159 1051/1004/1202
f 842/960/1205 748/962/1235 751/959/1424
f 751/959/1424 828/961/1203 842/960/1205
f 848/986/1198 851/1005/1206 854/1007/1208
f 849/1013/1230 853/1008/1209 851/1005/1206
f 850/994/1183 854/1007/1208 853/1008/1209
f 861/986/1222 864/1007/1210 867/1005/1212
f 862/994/1174 866/1008/1213 864/1007/1210
f 863/1013/1225 867/1005/1212 866/1008/1213
f 843/965/1133 836/967/1214 844/1010/1216
f 844/1010/1216 838/1009/1215 842/960/1205
f 838/1009/1215 836/967/1214 841/1009/1218
f 1962/964/1217 838/1009/1215 1961/964/1132
f 841/1009/1218 839/967/1135 847/1010/1219
f 1961/964/1132 841/1009/1218 846/960/1126
f 832/990/1231 843/965/1133 873/1011/1220
f 873/1011/1220 844/1010/1216 872/992/1204
f 869/1012/1221 868/1000/1189 864/1007/1210
f 826/987/1192 869/1012/1221 861/986/1222
f 827/987/1179 848/986/1198 871/1012/1223
f 871/1012/1223 854/1007/1208 870/1000/1224
f 1011/1064/1335 863/1013/1225 1007/1014/1226
f 1007/1014/1226 866/1008/1213 1008/1015/1227
f 863/1013/1225 858/1013/1228 867/1005/1212
f 867/1005/1212 860/1005/1229 861/986/1222
f 858/1016/1228 855/1016/1228 860/1017/1229
f 859/986/1164 860/1005/1229 856/986/1164
f 857/1005/1229 855/1013/1228 851/1005/1206
f 856/986/1164 857/1005/1229 848/986/1198
f 882/989/1169 832/990/1231 883/1018/1232
f 883/1018/1232 873/1011/1220 884/1019/1233
f 847/1010/1219 845/966/1134 875/1011/1234
f 846/960/1126 847/1010/1219 874/992/1172
f 736/963/1617 748/962/1235 1962/964/1217
f 909/1021/1237 883/1018/1232 910/1020/1236
f 904/1022/1243 882/989/1169 909/1021/1237
f 874/992/1172 875/1011/1234 881/1019/1239
f 875/1011/1234 831/990/1200 880/1018/1238
f 1976/1022/1170 1977/1022/1240 886/989/1170
f 828/961/1203 878/991/1241 872/992/1204
f 1964/1023/1120 1959/991/1120 901/1023/1120
f 1967/1022/1170 1976/1022/1170 885/989/1170
f 903/1020/1259 907/1023/1242 881/1019/1239
f 882/989/1169 904/1022/1243 885/989/1170
f 834/961/1120 876/991/1120 835/961/1120
f 897/1025/1250 1016/1024/1244 1969/1025/1170
f 1015/1033/1339 1018/1026/1245 896/1028/1247
f 2001/1029/1170 2008/1029/1170 1969/1030/1170
f 1971/1026/1120 1972/1027/1120 1013/1026/1120
f 2008/1024/1170 1023/1024/1248 1973/1025/1170
f 1016/1024/1244 897/1025/1250 1020/1032/1252
f 1020/1032/1252 890/1031/1251 1021/1033/1254
f 903/1020/1259 902/1021/1255 896/1028/1247
f 902/1021/1255 1977/1022/1240 895/1031/1256
f 900/1023/1258 893/1027/1257 910/1020/1236
f 1965/1023/1120 1966/1027/1120 908/1023/1120
f 876/991/1120 1965/1023/1120 877/991/1120
f 878/991/1241 900/1023/1258 884/1019/1233
f 880/1018/1238 887/989/1199 902/1021/1255
f 881/1019/1239 880/1018/1238 903/1020/1259
f 904/1022/1243 897/1025/1250 1967/1022/1170
f 896/1028/1247 888/1027/1246 903/1020/1259
f 906/1022/1260 905/1022/1260 917/1034/1262
f 1972/1027/1120 1964/1023/1120 894/1027/1120
f 1978/1034/1618 1968/1022/1263 1975/1035/1265
f 897/1025/1250 904/1022/1243 890/1031/1251
f 890/1031/1251 909/1021/1237 891/1028/1253
f 913/1035/1275 914/1035/1266 919/1036/1268
f 922/1037/1278 916/1034/1261 1979/1037/1270
f 916/1034/1261 905/1022/1260 912/1034/1269
f 1974/1025/1249 1977/1022/1240 915/1035/1272
f 914/1035/1266 898/1025/1273 1981/1035/1274
f 892/1025/1273 898/1025/1273 913/1035/1275
f 1991/1039/1277 921/1036/1276 1992/1038/1277
f 923/1037/1619 922/1037/1278 1993/1038/1279
f 923/1037/1619 917/1034/1262 922/1037/1278
f 921/1036/1276 915/1035/1272 1983/1037/1276
f 914/1035/1266 1981/1035/1274 920/1036/1267
f 1978/1034/1618 1975/1035/1265 918/1037/1281
f 1987/1039/1282 1989/1039/1282 1985/1038/1282
f 1989/1039/1282 1990/1039/1282 928/1038/1282
f 926/1039/1283 920/1036/1267 927/1039/1283
f 918/1037/1281 1982/1036/1281 1986/1038/1284
f 922/1037/1278 1979/1037/1270 1994/1038/1279
f 919/1036/1268 920/1036/1267 925/1039/1283
f 932/970/1154 747/968/1144 933/1049/1331
f 933/1049/1331 984/1040/1285 932/970/1154
f 930/952/1140 931/958/1142 984/1040/1285
f 936/958/1124 934/952/1116 985/1040/1286
f 985/1040/1286 937/1049/1299 935/970/1153
f 745/968/1175 935/970/1153 937/1049/1299
f 944/1046/1292 974/1041/1287 942/1043/1289
f 999/1061/1326 987/1044/1290 975/1042/1288
f 987/1044/1290 988/1045/1291 942/1043/1289
f 977/1048/1298 981/1041/1293 948/1047/1295
f 947/1046/1294 989/1045/1296 948/1047/1295
f 998/1060/1325 977/1048/1298 990/1044/1297
f 962/995/1177 745/968/1175 963/1050/1300
f 992/1059/1319 985/1040/1286 961/951/1115
f 967/1056/1322 1953/976/1301 950/1051/1303
f 993/1058/1323 991/1052/1304 966/975/1161
f 944/1046/1292 988/1045/1291 956/1046/1306
f 1998/977/1315 974/1041/1287 1996/977/1307
f 956/1046/1306 994/1045/1305 953/1046/1306
f 1996/977/1307 979/1041/1307 1995/977/1307
f 995/1045/1305 989/1045/1296 953/1046/1306
f 980/1041/1307 981/1041/1293 1995/977/1307
f 969/1055/1311 982/1003/1308 949/1054/1310
f 819/972/1159 969/1055/1311 945/971/1312
f 976/1053/1324 983/1003/1195 943/1054/1314
f 943/1054/1314 968/1055/1313 940/971/1156
f 941/1062/1327 1998/977/1315 960/1056/1316
f 939/988/1167 986/1057/1317 959/975/1168
f 960/1056/1316 958/976/1178 963/1050/1300
f 959/975/1168 996/1058/1318 961/951/1115
f 933/1049/1331 747/968/1144 965/1050/1320
f 930/952/1140 984/1040/1285 964/951/1141
f 812/995/1176 1953/976/1301 965/1050/1320
f 997/1059/1321 993/1058/1323 964/951/1141
f 939/988/1167 818/997/1188 976/1053/1324
f 982/1003/1308 823/997/1185 978/1053/1309
f 953/1046/1306 947/1046/1294 980/1041/1307
f 956/1046/1306 953/1046/1306 979/1041/1307
f 974/1041/1287 944/1046/1292 979/1041/1307
f 991/1052/1304 950/1051/1303 998/1060/1325
f 950/1051/1303 957/977/1302 977/1048/1298
f 986/1057/1317 999/1061/1326 941/1062/1327
f 974/1041/1287 1998/977/1315 975/1042/1288
f 982/1003/1308 969/1055/1311 1050/1063/1328
f 1037/1001/1191 821/972/1158 1036/1001/1329
f 868/1000/1189 869/1012/1221 1047/999/1190
f 823/997/1185 982/1003/1308 1040/998/1186
f 1036/1001/1329 820/972/1157 1053/1004/1330
f 965/1050/1320 967/1056/1322 997/1059/1321
f 984/1040/1285 933/1049/1331 997/1059/1321
f 996/1058/1318 960/1056/1316 992/1059/1319
f 986/1057/1317 941/1062/1327 996/1058/1318
f 951/971/1155 945/971/1312 995/1045/1305
f 994/1045/1305 954/971/1155 995/1045/1305
f 988/1045/1291 940/971/1156 994/1045/1305
f 967/1056/1322 950/1051/1303 993/1058/1323
f 963/1050/1300 937/1049/1299 992/1059/1319
f 978/1053/1309 998/1060/1325 949/1054/1310
f 989/1045/1296 945/971/1312 990/1044/1297
f 943/1054/1314 940/971/1156 987/1044/1290
f 976/1053/1324 943/1054/1314 999/1061/1326
f 850/994/1183 853/1008/1209 1003/1015/1333
f 853/1008/1209 849/1013/1230 1002/1014/1332
f 858/1013/1228 863/1013/1225 2006/1064/1170
f 1948/984/1120 1005/985/1120 802/984/1120
f 855/1065/1228 858/1065/1228 2003/1066/1170
f 862/994/1174 801/981/1173 1008/1015/1227
f 1009/1064/1334 849/1013/1230 2003/1064/1170
f 1015/1033/1339 1014/1032/1337 1008/1015/1227
f 1014/1032/1337 1023/1024/1248 1007/1014/1226
f 1012/1026/1338 2005/985/1197 1021/1033/1254
f 2000/1026/1120 1949/985/1120 1019/1026/1120
f 1966/1027/1120 2000/1026/1120 889/1027/1120
f 893/1027/1257 1012/1026/1338 891/1028/1253
f 895/1031/1256 1974/1025/1249 1014/1032/1337
f 896/1028/1247 895/1031/1256 1015/1033/1339
f 1002/1014/1332 1020/1032/1252 1003/1015/1333
f 1009/1064/1334 1016/1024/1244 1002/1014/1332
f 2006/1064/1170 1011/1064/1335 2008/1024/1170
f 1005/985/1120 1971/1026/1120 1006/985/1120
f 1025/1068/1354 2004/1067/1340 2010/1068/1341
f 1008/1015/1227 1000/985/1336 1015/1033/1339
f 1016/1024/1244 1009/1064/1334 2001/1024/1170
f 1031/1070/1620 1027/1069/1342 1028/1070/1344
f 1027/1069/1342 2009/1071/1345 1024/1069/1343
f 1026/1068/1621 1010/1067/1346 2013/1069/1348
f 1022/1071/1622 1004/1067/1349 2012/1069/1351
f 1029/1072/1623 2016/1072/1352 2021/1073/1353
f 1029/1072/1623 1025/1068/1354 2016/1072/1352
f 1026/1068/1621 2013/1069/1348 1030/1072/1356
f 2014/1070/1360 2012/1069/1351 2017/1072/1357
f 2020/1073/1358 2023/1073/1358 2018/1074/1358
f 1030/1072/1356 2015/1070/1355 1034/1073/1359
f 2019/1074/1361 2014/1070/1360 1033/1073/1361
f 1031/1070/1620 1028/1070/1344 1035/1074/1362
f 2027/1075/1363 1043/996/1181 2028/1075/1363
f 1039/1001/1201 1038/1001/1191 1956/1076/1365
f 2029/1075/1381 1045/996/1180 2033/1077/1367
f 2026/1075/1369 1044/996/1193 2027/1075/1363
f 1038/1001/1191 1037/1001/1191 1955/1076/1364
f 1046/1002/1194 1044/996/1193 2030/1077/1370
f 1037/1001/1191 1036/1001/1329 1957/1076/1368
f 2035/1079/1378 1041/998/1196 2031/1078/1372
f 1048/999/1187 1040/998/1186 2032/1078/1374
f 1958/1076/1371 1036/1001/1329 2039/1080/1375
f 1049/1002/1366 1048/999/1187 2033/1077/1367
f 2039/1080/1375 1053/1004/1330 2038/1081/1377
f 2038/1081/1377 1052/1063/1376 2035/1079/1378
f 2031/1078/1372 1047/999/1190 2030/1077/1370
f 1051/1004/1202 1039/1001/1201 2037/1080/1379
f 1049/1002/1366 871/1012/1223 1048/999/1187
f 1053/1004/1330 968/1055/1313 1052/1063/1376
f 1045/996/1180 827/987/1179 1049/1002/1366
f 1040/998/1186 1050/1063/1328 2034/1079/1373
f 2028/1075/1363 1042/996/1181 2029/1075/1381
f 1050/1063/1328 1051/1004/1202 2036/1081/1380
f 2055/1103/1399 970/1082/1382 2073/1084/1384
f 2040/1085/1170 2041/1085/1170 1068/1076/1170
f 2042/1085/1170 2040/1085/1170 1070/1076/1170
f 1071/1076/1170 2043/1085/1170 1070/1076/1170
f 2045/1086/1170 2044/1086/1170 1073/1075/1170
f 2046/1086/1170 2045/1086/1170 1074/1075/1170
f 1075/1075/1170 2047/1086/1170 1074/1075/1170
f 1076/1077/1170 2048/1087/1170 1077/1078/1170
f 2050/1091/1170 2051/1089/1170 1078/1078/1170
f 1080/1079/1170 2052/1090/1170 1078/1078/1170
f 2049/1088/1170 2053/1092/1170 1077/1078/1170
f 2044/1086/1170 2048/1087/1170 1072/1075/1170
f 1079/1077/1170 2051/1089/1170 1075/1075/1170
f 2054/1095/1170 2052/1090/1170 1082/1081/1170
f 2041/1085/1170 1065/1093/1170 1069/1076/1170
f 2056/1096/1170 2057/1094/1170 1084/1081/1170
f 1085/1080/1170 2057/1094/1170 1071/1076/1170
f 1083/1080/1170 1065/1093/1170 1082/1081/1170
f 1081/1079/1170 2053/1092/1170 1084/1081/1170
f 2074/1324/1170 2071/1325/1170 2061/1326/1170
f 2061/1326/1170 2075/1327/1170 2074/1324/1170
f 2058/1328/1170 2060/1329/1170 2071/1325/1170
f 1101/1330/1170 2059/1331/1170 2072/1332/1170
f 2070/1333/1170 2072/1332/1170 2059/1331/1170
f 2069/1334/1170 2068/1098/1170 2065/1335/1170
f 2064/1097/1170 2065/1335/1170 2068/1098/1170
f 2062/1336/1170 2063/1337/1170 2067/1099/1170
f 2067/1099/1170 2066/1338/1170 2062/1336/1170
f 2061/1326/1170 2071/1325/1170 2060/1329/1170
f 2059/1331/1170 2058/1328/1170 2070/1333/1170
f 2068/1098/1170 2071/1325/1170 2067/1099/1170
f 2063/1337/1170 2064/1097/1170 2067/1099/1170
f 2071/1325/1170 2068/1098/1170 2070/1333/1170
f 2070/1333/1170 2058/1328/1170 2071/1325/1170
f 1061/1106/1400 1060/1100/1385 1095/1102/1387
f 1103/1084/1394 1067/1103/1388 1102/1105/1389
f 1063/1112/1407 1062/1106/1390 1097/1107/1392
f 1087/1083/1383 970/1082/1382 1086/1083/1393
f 973/1082/1402 1067/1103/1388 1089/1083/1395
f 1062/1106/1390 1054/1108/1396 1096/1102/1391
f 971/1082/1393 972/1082/1393 1086/1083/1393
f 1100/1105/1398 1064/1104/1398 2073/1084/1384
f 1055/1108/1403 1061/1106/1400 1099/1109/1401
f 972/1082/1393 973/1082/1402 1088/1083/1393
f 1102/1105/1389 1066/1104/1389 1099/1109/1401
f 1094/1101/1386 1060/1100/1385 1090/1111/1405
f 1058/1110/1404 1057/1110/1406 1090/1111/1405
f 1059/1110/1410 1063/1112/1407 1093/1111/1408
f 1057/1110/1406 1056/1110/1406 1091/1111/1406
f 1054/1108/1396 1064/1104/1398 1098/1109/1397
f 1056/1110/1406 1059/1110/1410 1092/1111/1409
f 1360/1115/1413 2253/1254/1574 2242/1113/1411
f 2242/1113/1411 1326/1114/1438 2111/1114/1412
f 2252/1254/1125 1329/1113/1414 1351/1117/1125
f 1353/1139/1125 2139/1118/1416 1368/1120/1125
f 2249/1129/1409 2243/1121/1409 1366/1123/1406
f 2143/1126/1437 2142/1118/1418 2144/1124/1420
f 2247/1129/1406 1367/1123/1406 1330/1121/1406
f 1366/1123/1406 2076/1122/1406 1365/1123/1406
f 1365/1123/1406 2077/1122/1406 1364/1123/1406
f 2138/1126/1432 2079/1126/1120 2141/1124/1423
f 2092/1131/1424 2081/1126/1424 1133/1127/1424
f 1122/1125/1120 2084/1125/1120 1115/1122/1425
f 2084/1125/1120 2086/1125/1120 1110/1122/1120
f 1360/1115/1413 2111/1114/1412 1361/1115/1427
f 1361/1115/1427 2119/1114/1426 1362/1115/1427
f 1371/1130/1436 1335/1128/1429 1373/1129/1431
f 2139/1118/1416 2138/1126/1432 2140/1119/1417
f 1362/1115/1427 2107/1114/1428 1363/1115/1435
f 1368/1120/1125 2140/1119/1417 1371/1130/1436
f 1364/1123/1406 2078/1122/1406 1367/1123/1406
f 1125/1126/1120 2143/1126/1437 1109/1124/1120
f 2086/1125/1120 1123/1125/1120 1111/1122/1120
f 1109/1124/1120 2144/1124/1420 2086/1125/1120
f 2141/1124/1423 2080/1124/1120 1122/1125/1120
f 2246/1124/1566 2141/1124/1423 1334/1125/1433
f 2111/1114/1412 1326/1114/1438 2112/1133/1120
f 2091/1132/1120 1131/1132/1120 1125/1126/1120
f 1129/1339/1440 2093/1134/1440 2089/1136/1440
f 1130/1132/1120 2088/1132/1120 2138/1126/1432
f 1357/1139/1424 2142/1118/1418 1358/1138/1424
f 1341/1132/1456 1130/1132/1120 2251/1126/1442
f 1369/1120/1424 2145/1119/1419 1357/1139/1424
f 2112/1133/1120 1343/1133/1439 2116/1140/1120
f 1527/1323/1613 1518/1143/1445 1521/1142/1444
f 1465/1141/1443 1525/1340/1624 1521/1142/1444
f 1450/1144/1120 1448/1144/1120 1130/1132/1120
f 1448/1144/1120 1449/1144/1120 2088/1132/1120
f 1456/1252/1125 1453/1145/1415 1352/1138/1125
f 1449/1144/1120 2358/1144/1120 2091/1132/1120
f 1352/1138/1125 1340/1137/1415 1353/1139/1125
f 2094/1131/1120 1135/1131/1120 2096/1127/1120
f 2087/1125/1406 2085/1125/1406 1139/1146/1447
f 1133/1127/1424 2082/1124/1424 2099/1146/1448
f 1121/1125/1424 2099/1146/1448 2082/1124/1424
f 2098/1148/1625 2102/1147/1448 2099/1146/1448
f 1108/1124/1125 1124/1126/1125 1132/1127/1125
f 2096/1127/1120 2097/1127/1120 2103/1147/1450
f 1141/1148/1626 1139/1146/1447 2101/1148/1451
f 1141/1148/1626 2101/1148/1451 1140/1147/1449
f 1137/1146/1125 1120/1125/1125 1108/1124/1125
f 1108/1124/1125 1132/1127/1125 1137/1146/1125
f 1136/1147/1125 1138/1148/1125 1137/1146/1125
f 2107/1114/1428 2119/1114/1426 2126/1149/1452
f 1350/1254/1576 1363/1115/1435 2244/1113/1453
f 2106/1114/1434 1328/1114/1568 2244/1113/1453
f 2110/1133/1125 1112/1114/1125 2131/1151/1125
f 2106/1341/1434 2107/1152/1428 2105/1154/1393
f 1356/1254/1424 1355/1117/1424 1325/1113/1455
f 2335/1156/1170 2273/1155/1170 2333/1156/1170
f 1344/1133/1456 1142/1133/1120 1347/1140/1456
f 1452/1144/1456 1450/1144/1120 1341/1132/1456
f 2115/1140/1409 2124/1140/1406 2113/1149/1409
f 1351/1117/1125 1345/1116/1415 1354/1158/1125
f 1118/1114/1424 1143/1133/1424 2120/1150/1424
f 2117/1342/1454 2119/1159/1426 2121/1161/1393
f 1355/1117/1424 1359/1158/1424 1342/1116/1441
f 2118/1150/1120 1148/1150/1120 2130/1151/1458
f 2109/1150/1424 1105/1114/1424 2129/1151/1424
f 1151/1150/1120 1150/1150/1120 1154/1151/1458
f 2135/1149/1460 2130/1151/1458 2114/1149/1460
f 1157/1149/1125 1104/1114/1125 1153/1151/1125
f 2136/1149/1460 1154/1151/1458 2128/1149/1460
f 2124/1140/1406 2125/1140/1406 2133/1149/1406
f 2132/1151/1424 1143/1133/1424 1159/1149/1424
f 1146/1140/1125 2110/1133/1125 2137/1149/1125
f 2125/1140/1406 2123/1140/1406 1156/1149/1409
f 1205/1197/1520 1206/1162/1461 2187/1164/1463
f 1174/1195/1523 1175/1165/1464 1206/1162/1461
f 1188/1194/1524 1189/1167/1466 1220/1169/1125
f 1175/1165/1464 1176/1170/1468 1207/1166/1465
f 1189/1167/1466 1190/1172/1470 1221/1168/1467
f 1176/1170/1468 1177/1174/1472 1208/1171/1469
f 1190/1172/1470 1191/1176/1474 1222/1173/1471
f 1177/1174/1472 1178/1178/1476 1209/1175/1473
f 1164/1193/1505 1165/1180/1478 1197/1182/1480
f 1191/1176/1474 1192/1183/1481 1223/1177/1475
f 1178/1178/1476 1179/1185/1483 1210/1179/1477
f 1165/1180/1478 1166/1187/1485 1196/1181/1479
f 1192/1183/1481 1193/1189/1487 1224/1184/1482
f 1179/1185/1483 1180/1191/1489 1211/1186/1484
f 1166/1187/1485 1167/1189/1491 1198/1188/1486
f 1193/1189/1487 1194/1187/1493 1225/1190/1488
f 1180/1191/1489 1181/1185/1495 1212/1192/1490
f 1167/1189/1491 1168/1183/1497 1199/1190/1492
f 1194/1187/1493 1195/1180/1499 1226/1188/1494
f 1181/1185/1495 1182/1178/1501 1213/1186/1496
f 1168/1183/1497 1169/1176/1503 1200/1184/1498
f 1195/1180/1499 1164/1193/1505 1227/1181/1500
f 1182/1178/1501 1183/1174/1506 1214/1179/1502
f 1169/1176/1503 1170/1172/1508 1201/1177/1504
f 1183/1174/1506 1184/1170/1510 1215/1175/1507
f 1170/1172/1508 1171/1167/1512 1202/1173/1509
f 1184/1170/1510 1185/1165/1514 1216/1171/1511
f 1171/1167/1512 1172/1194/1516 1203/1168/1513
f 1185/1165/1514 1186/1195/1517 1217/1166/1515
f 1172/1194/1516 1173/1196/1519 1204/1169/1424
f 1186/1195/1517 1187/1196/1521 1218/1162/1518
f 1173/1196/1519 1174/1195/1523 1205/1197/1520
f 1187/1196/1521 1188/1194/1524 1219/1197/1522
f 2147/1343/1627 2146/1344/1409 2177/1345/1409
f 2148/1346/1406 2149/1347/1406 2176/1348/1406
f 2150/1349/1409 2151/1350/1406 2174/1351/1406
f 2152/1352/1406 2153/1353/1406 2172/1354/1409
f 2154/1200/1409 2155/1355/1409 2169/1198/1406
f 2156/1356/1409 2157/1357/1409 2167/1358/1406
f 2158/1359/1406 2159/1360/1406 2166/1361/1409
f 2160/1362/1409 2161/1363/1406 2163/1364/1406
f 2162/1365/1627 2163/1364/1406 2161/1363/1406
f 2164/1366/1406 2165/1367/1406 2160/1362/1409
f 2166/1361/1409 2167/1358/1406 2157/1357/1409
f 2168/1368/1406 2169/1198/1406 2155/1355/1409
f 2170/1199/1406 2171/1369/1409 2154/1200/1409
f 2172/1354/1409 2173/1370/1409 2152/1352/1406
f 2174/1351/1406 2175/1371/1406 2150/1349/1409
f 2176/1348/1406 2177/1345/1409 2146/1344/1409
f 2146/1344/1409 2148/1346/1406 2176/1348/1406
f 2151/1350/1406 2173/1370/1409 2174/1351/1406
f 2155/1355/1409 2156/1356/1409 2168/1368/1406
f 2159/1360/1406 2165/1367/1406 2166/1361/1409
f 2163/1364/1406 2164/1366/1406 2160/1362/1409
f 2167/1358/1406 2168/1368/1406 2156/1356/1409
f 2171/1369/1409 2153/1353/1406 2154/1200/1409
f 2175/1371/1406 2149/1347/1406 2150/1349/1409
f 2149/1347/1406 2175/1371/1406 2176/1348/1406
f 2157/1357/1409 2158/1359/1406 2166/1361/1409
f 2165/1367/1406 2159/1360/1406 2160/1362/1409
f 2172/1354/1409 2153/1353/1406 2171/1369/1409
f 2152/1352/1406 2173/1370/1409 2151/1350/1406
f 1252/1240/1526 1251/1201/1525 2234/1203/1516
f 1204/1169/1424 1205/1197/1520 2186/1203/1526
f 1251/1201/1525 1250/1204/1527 2233/1202/1512
f 1203/1168/1513 1204/1169/1424 2185/1206/1525
f 1250/1204/1527 1249/1207/1528 2232/1205/1508
f 1202/1173/1509 1203/1168/1513 2184/1209/1527
f 1249/1207/1528 1248/1210/1529 2231/1208/1503
f 1201/1177/1504 1202/1173/1509 2183/1212/1528
f 1227/1181/1500 1197/1182/1480 2209/1214/1531
f 1248/1210/1529 1247/1215/1532 2230/1211/1497
f 1200/1184/1498 1201/1177/1504 2182/1217/1533
f 1226/1188/1494 1227/1181/1500 2208/1218/1534
f 1247/1215/1532 1246/1219/1535 2229/1216/1491
f 1199/1190/1492 1200/1184/1498 2181/1221/1536
f 1225/1190/1488 1226/1188/1494 2207/1221/1537
f 1246/1219/1535 1245/1222/1538 2228/1220/1485
f 1198/1188/1486 1199/1190/1492 2180/1218/1535
f 1224/1184/1482 1225/1190/1488 2206/1217/1540
f 1245/1222/1538 1244/1224/1530 2227/1223/1539
f 1196/1181/1479 1198/1188/1486 2178/1214/1538
f 1223/1177/1475 1224/1184/1482 2205/1212/1541
f 1244/1224/1530 1243/1222/1542 2226/1225/1505
f 1197/1182/1480 1196/1181/1479 2179/1213/1530
f 1222/1173/1471 1223/1177/1475 2204/1209/1543
f 1243/1222/1542 1242/1219/1534 2225/1223/1499
f 1221/1168/1467 1222/1173/1471 2203/1206/1544
f 1242/1219/1534 1241/1215/1537 2224/1220/1493
f 1220/1169/1125 1221/1168/1467 2202/1203/1545
f 1241/1215/1537 1240/1210/1540 2223/1216/1487
f 1219/1197/1522 1220/1169/1125 2201/1164/1546
f 1240/1210/1540 1239/1207/1541 2222/1211/1481
f 2196/1232/1406 2197/1226/1406 1310/1220/1406
f 1265/1212/1406 1266/1209/1406 2215/1228/1409
f 2197/1226/1406 2198/1229/1406 1311/1216/1406
f 1266/1209/1406 1267/1206/1406 2216/1227/1406
f 2198/1229/1406 2199/1231/1406 1312/1211/1409
f 1267/1206/1406 1268/1203/1406 2217/1230/1406
f 2199/1231/1406 2200/1163/1406 1313/1208/1409
f 2218/1203/1409 1268/1203/1406 2219/1202/1406
f 2200/1163/1406 1283/1164/1406 1314/1205/1406
f 2219/1202/1406 1269/1164/1406 2220/1205/1409
f 1283/1164/1406 1284/1203/1409 1315/1202/1409
f 2220/1205/1409 1270/1163/1406 1303/1208/1406
f 1316/1203/1409 1284/1203/1409 2235/1230/1409
f 1303/1208/1406 2189/1231/1406 1304/1211/1406
f 2235/1230/1409 1285/1206/1409 2236/1227/1406
f 1304/1211/1406 2190/1229/1409 1305/1216/1406
f 2236/1227/1406 1286/1209/1406 2237/1228/1406
f 1305/1216/1406 2191/1226/1409 1306/1220/1406
f 1261/1213/1406 1260/1214/1409 2211/1234/1409
f 2237/1228/1406 1287/1212/1406 2238/1235/1406
f 1306/1220/1406 2192/1232/1406 1307/1223/1406
f 1260/1214/1409 1262/1218/1406 2210/1233/1409
f 2238/1235/1406 1288/1217/1406 2239/1238/1409
f 1307/1223/1406 2193/1236/1406 1308/1225/1406
f 1262/1218/1406 1263/1221/1406 2212/1237/1406
f 2239/1238/1409 1289/1221/1406 2240/1237/1409
f 2194/1239/1406 2195/1236/1406 1308/1225/1406
f 1263/1221/1406 1264/1217/1409 2213/1238/1406
f 2240/1237/1409 1290/1218/1409 2241/1233/1409
f 2195/1236/1406 2196/1232/1406 1309/1223/1406
f 1264/1217/1409 1265/1212/1406 2214/1235/1409
f 2241/1233/1409 1291/1214/1409 2211/1234/1409
f 1253/1241/1463 1252/1240/1526 1317/1230/1519
f 1206/1162/1461 1207/1166/1465 2188/1163/1462
f 1254/1242/1462 1253/1241/1463 1318/1227/1523
f 1207/1166/1465 1208/1171/1469 1271/1231/1547
f 1255/1244/1547 1254/1242/1462 1319/1228/1464
f 1228/1245/1551 1229/1243/1549 1292/1233/1495
f 1208/1171/1469 1209/1175/1473 1272/1229/1548
f 1256/1246/1548 1255/1244/1547 1320/1235/1468
f 1230/1247/1553 1228/1245/1551 1294/1237/1501
f 1209/1175/1473 1210/1179/1477 1273/1226/1550
f 1257/1248/1550 1256/1246/1548 1321/1238/1472
f 1231/1248/1555 1230/1247/1553 1295/1238/1506
f 1210/1179/1477 1211/1186/1484 1274/1232/1552
f 1258/1247/1556 1257/1248/1550 1322/1237/1476
f 1232/1246/1557 1231/1248/1555 1296/1235/1510
f 1211/1186/1484 1212/1192/1490 1275/1236/1554
f 1259/1245/1558 1258/1247/1556 1323/1233/1483
f 1233/1244/1559 1232/1246/1557 1297/1228/1514
f 1212/1192/1490 1213/1186/1496 1276/1239/1549
f 1229/1243/1549 1259/1245/1558 1293/1234/1489
f 1234/1242/1560 1233/1244/1559 1298/1227/1517
f 1213/1186/1496 1214/1179/1502 1277/1236/1551
f 1235/1241/1546 1234/1242/1560 1299/1230/1521
f 1214/1179/1502 1215/1175/1507 1278/1232/1553
f 1236/1240/1545 1235/1241/1546 1300/1203/1524
f 1215/1175/1507 1216/1171/1511 1279/1226/1555
f 1237/1201/1561 1236/1240/1545 1301/1202/1466
f 1216/1171/1511 1217/1166/1515 1280/1229/1557
f 1238/1204/1543 1237/1201/1561 1302/1205/1470
f 1217/1166/1515 1218/1162/1518 1281/1231/1559
f 1239/1207/1541 1238/1204/1543 2221/1208/1474
f 1218/1162/1518 1219/1197/1522 1282/1163/1560
f 2358/1144/1120 2356/1144/1562 1131/1132/1120
f 1131/1132/1120 1338/1132/1439 2143/1126/1437
f 1328/1114/1568 2106/1114/1434 1344/1133/1456
f 2144/1124/1420 2245/1124/1564 1123/1125/1120
f 1343/1133/1439 1326/1114/1438 1342/1116/1441
f 1333/1128/1567 2248/1121/1565 1332/1125/1421
f 1335/1128/1429 2140/1119/1417 1334/1125/1433
f 2145/1119/1419 1333/1128/1567 2245/1124/1564
f 1115/1122/1425 1331/1121/1430 1334/1125/1433
f 1341/1132/1456 2251/1126/1442 1340/1137/1415
f 2250/1126/1563 1338/1132/1439 2142/1118/1418
f 1452/1144/1456 1341/1132/1456 1453/1145/1415
f 1349/1140/1439 1343/1133/1439 1348/1157/1441
f 1329/1113/1414 1328/1114/1568 1345/1116/1415
f 1344/1133/1456 1347/1140/1456 1345/1116/1415
f 2360/1303/1604 2364/1249/1569 1518/1143/1445
f 1498/1255/1125 1351/1117/1125 1479/1250/1125
f 1478/1253/1125 1352/1138/1125 1500/1251/1125
f 1503/1292/1125 1456/1252/1125 1478/1253/1125
f 1497/1308/1125 2252/1254/1125 1498/1255/1125
f 1480/1255/1424 1501/1250/1424 1355/1117/1424
f 1495/1308/1424 1480/1255/1424 1356/1254/1424
f 1359/1158/1424 1522/1256/1570 1348/1157/1441
f 1481/1251/1424 1357/1139/1424 1499/1253/1424
f 1489/1258/1573 1362/1115/1427 1491/1258/1572
f 1489/1258/1573 1488/1258/1573 1362/1115/1427
f 1492/1258/1575 1360/1115/1413 1488/1258/1573
f 2256/1308/1602 2253/1254/1574 1492/1258/1575
f 2259/1308/1601 1491/1258/1572 1350/1254/1576
f 2145/1119/1419 1369/1120/1424 1333/1128/1567
f 1333/1128/1567 1370/1130/1577 2248/1121/1565
f 1493/1259/1406 1487/1259/1409 1367/1123/1406
f 1496/1275/1436 1494/1260/1125 1371/1130/1436
f 1496/1275/1436 1371/1130/1436 2255/1261/1431
f 1487/1259/1409 1486/1259/1409 1364/1123/1406
f 1490/1259/1406 1366/1123/1406 1486/1259/1409
f 2254/1261/1406 1493/1259/1406 2247/1129/1406
f 1485/1261/1406 2249/1129/1409 1490/1259/1406
f 1482/1260/1424 1369/1120/1424 1481/1251/1424
f 1494/1260/1125 1500/1251/1125 1368/1120/1125
f 2283/1273/1170 2286/1262/1170 2345/1264/1170
f 1430/1279/1170 1382/1265/1170 2336/1267/1170
f 2347/1272/1170 2285/1268/1170 1436/1270/1170
f 2336/1267/1170 2274/1266/1170 2326/1156/1170
f 2346/1271/1170 2284/1271/1170 2347/1272/1170
f 2272/1155/1170 2273/1155/1170 2334/1156/1170
f 2260/1290/1170 2283/1273/1170 2322/1274/1170
f 2268/1155/1170 2272/1155/1170 2332/1156/1170
f 2343/1263/1170 1389/1262/1170 2344/1264/1170
f 2333/1156/1170 1381/1155/1170 2324/1156/1170
f 1482/1260/1424 1394/1265/1424 1483/1275/1577
f 1484/1261/1578 1483/1275/1577 2271/1155/1578
f 2349/1267/1582 2301/1276/1580 2325/1156/1581
f 2349/1267/1582 2330/1279/1424 2311/1278/1424
f 2289/1280/1424 2311/1278/1424 2330/1279/1424
f 2313/1281/1125 2328/1270/1125 2300/1280/1125
f 2289/1280/1424 2330/1279/1424 2288/1281/1424
f 2297/1277/1406 2327/1156/1406 2296/1277/1409
f 2303/1277/1406 2307/1277/1406 1444/1156/1406
f 2309/1277/1406 2296/1277/1409 1416/1156/1406
f 2308/1277/1409 2309/1277/1406 1417/1156/1409
f 2298/1277/1585 2310/1276/1583 1445/1156/1585
f 2299/1278/1125 2300/1280/1125 2329/1279/1125
f 2329/1279/1125 1432/1267/1584 2299/1278/1125
f 2307/1277/1406 2308/1277/1409 1423/1156/1406
f 2304/1283/1628 2337/1282/1586 2295/1283/1588
f 2290/1283/1628 2291/1283/1589 2338/1282/1591
f 2290/1283/1628 2338/1282/1591 2306/1283/1593
f 2306/1283/1593 2339/1282/1592 2305/1283/1594
f 2304/1283/1628 2305/1283/1594 2337/1282/1586
f 2288/1281/1424 2331/1270/1424 2312/1284/1424
f 2318/1288/1424 1476/1285/1424 1437/1263/1424
f 2292/1283/1424 2317/1287/1424 2321/1274/1424
f 2317/1287/1424 2318/1288/1424 1440/1264/1424
f 2294/1283/1125 1433/1274/1125 2293/1287/1125
f 2353/1291/1125 1463/1271/1125 2314/1284/1125
f 2314/1284/1125 1438/1272/1125 2313/1281/1125
f 2293/1287/1125 1434/1264/1125 2316/1288/1125
f 1395/1266/1170 2264/1265/1170 1443/1267/1170
f 1421/1282/1170 1379/1289/1170 2322/1274/1170
f 2270/1155/1170 1395/1266/1170 2324/1156/1170
f 2258/1290/1170 1380/1289/1170 1431/1274/1170
f 1380/1289/1170 1376/1289/1170 1422/1282/1170
f 1418/1282/1170 1376/1289/1170 1419/1282/1170
f 1419/1282/1170 1377/1289/1170 1421/1282/1170
f 1436/1270/1170 1388/1269/1170 1430/1279/1170
f 2265/1269/1170 1387/1268/1170 1441/1270/1170
f 2264/1265/1170 2265/1269/1170 1442/1279/1170
f 1468/1286/1170 2280/1286/1170 2343/1263/1170
f 2266/1155/1170 2268/1155/1170 2326/1156/1170
f 2344/1264/1170 2282/1273/1170 1431/1274/1170
f 1413/1277/1170 1409/1277/1170 1408/1276/1170
f 1408/1276/1170 1447/1278/1170 1119/1278/1170
f 1405/1277/1170 1404/1277/1170 1406/1276/1170
f 1113/1278/1170 1446/1278/1170 1406/1276/1170
f 1113/1278/1170 1404/1277/1170 1107/1278/1170
f 1107/1278/1170 1415/1277/1170 1106/1278/1170
f 1119/1278/1170 1106/1278/1170 1413/1277/1170
f 1428/1288/1170 2319/1285/1170 2352/1285/1170
f 2352/1285/1170 1427/1288/1170 1428/1288/1170
f 1429/1287/1170 1401/1283/1170 1400/1283/1170
f 1400/1283/1170 1412/1283/1170 1429/1287/1170
f 1411/1283/1170 1410/1283/1170 1402/1287/1170
f 1403/1283/1170 1402/1287/1170 1410/1283/1170
f 1428/1288/1170 1427/1288/1170 1429/1287/1170
f 1429/1287/1170 1412/1283/1170 1411/1283/1170
f 1411/1283/1170 1402/1287/1170 1429/1287/1170
f 1106/1278/1170 1119/1278/1170 1398/1281/1170
f 1447/1278/1170 1399/1280/1170 1119/1278/1170
f 1398/1281/1170 1424/1284/1170 1106/1278/1170
f 2315/1291/1170 1461/1291/1170 1426/1284/1170
f 1426/1284/1170 1425/1281/1170 1107/1278/1170
f 1407/1280/1170 1446/1278/1170 1113/1278/1170
f 1113/1278/1170 1107/1278/1170 1425/1281/1170
f 1119/1278/1170 1399/1280/1170 1398/1281/1170
f 1424/1284/1170 2315/1291/1170 1426/1284/1170
f 1425/1281/1170 1407/1280/1170 1113/1278/1170
f 1107/1278/1170 1106/1278/1170 1426/1284/1170
f 1387/1268/1170 2350/1271/1170 1435/1272/1170
f 2353/1291/1125 1467/1285/1125 1463/1271/1125
f 2312/1284/1424 2341/1272/1424 1460/1291/1424
f 2351/1286/1170 2284/1271/1170 1477/1286/1170
f 1499/1253/1424 1358/1138/1424 2365/1292/1424
f 1504/1372/1125 1474/1293/1125 1503/1295/1125
f 1338/1132/1439 2356/1144/1562 1339/1137/1441
f 1473/1373/1456 1452/1296/1456 1464/1298/1415
f 1525/1340/1624 1465/1141/1443 1524/1257/1571
f 1349/1140/1439 1348/1157/1441 1524/1257/1571
f 1524/1257/1571 1526/1320/1610 1525/1340/1624
f 1473/1299/1456 1471/1299/1120 1452/1300/1456
f 1474/1293/1125 1464/1298/1415 1456/1294/1125
f 1469/1299/1120 1470/1299/1120 1448/1300/1120
f 1471/1299/1120 1469/1299/1120 1450/1300/1120
f 1358/1138/1424 1339/1137/1441 2359/1252/1424
f 2122/1140/1120 1144/1140/1120 1471/1249/1120
f 1144/1140/1120 1145/1140/1120 1469/1249/1120
f 1354/1158/1125 1346/1157/1415 1474/1302/1125
f 1145/1140/1120 2116/1140/1120 1470/1249/1120
f 1347/1140/1456 2122/1140/1120 1473/1249/1456
f 1472/1249/1120 2116/1140/1120 1465/1141/1443
f 1347/1140/1456 1473/1249/1456 1346/1157/1415
f 1479/1250/1125 1354/1158/1125 1504/1303/1125
f 2286/1262/1170 2351/1286/1170 2348/1263/1170
f 2316/1288/1125 1439/1263/1125 1467/1285/1125
f 1461/1291/1170 2315/1291/1170 2319/1285/1170
f 2350/1271/1170 2280/1286/1170 2354/1271/1170
f 1460/1291/1424 1462/1271/1424 1476/1285/1424
f 1455/1374/1454 1454/1375/1454 1451/1375/1454
f 1451/1375/1454 2362/1304/1454 1457/1305/1393
f 1457/1305/1393 1455/1374/1454 1451/1375/1454
f 1505/1307/1120 2366/1306/1120 2361/1307/1120
f 1470/1299/1120 1516/1299/1596 1449/1300/1120
f 1458/1271/1424 2365/1292/1424 1466/1286/1424
f 1391/1262/1125 1479/1250/1125 1475/1286/1125
f 1459/1271/1125 1475/1286/1125 1503/1292/1125
f 2279/1268/1424 1499/1253/1424 1458/1271/1424
f 1372/1129/1578 1370/1130/1577 1484/1261/1578
f 1369/1120/1424 1482/1260/1424 1370/1130/1577
f 2262/1269/1125 1500/1251/1125 2263/1265/1125
f 1394/1265/1424 1482/1260/1424 1393/1269/1424
f 2267/1155/1406 1485/1261/1406 1378/1155/1406
f 1396/1155/1409 2269/1155/1406 2254/1261/1406
f 1378/1155/1406 1490/1259/1406 1374/1155/1406
f 1375/1155/1406 1374/1155/1406 1487/1259/1409
f 1384/1266/1599 1496/1275/1436 1397/1155/1598
f 2263/1265/1125 1494/1260/1125 1384/1266/1599
f 2269/1155/1406 1375/1155/1406 1493/1259/1406
f 2261/1290/1629 2275/1289/1600 2259/1308/1601
f 2257/1290/1630 2256/1308/1602 2276/1289/1603
f 2276/1289/1603 1492/1258/1575 2277/1289/1573
f 2278/1289/1573 2277/1289/1573 1489/1258/1573
f 2275/1289/1600 2278/1289/1573 1491/1258/1572
f 1393/1269/1424 1481/1251/1424 2279/1268/1424
f 2281/1262/1424 1466/1286/1424 1501/1250/1424
f 1383/1290/1424 1392/1273/1424 1495/1308/1424
f 1392/1273/1424 2281/1262/1424 1480/1255/1424
f 1385/1290/1125 1497/1308/1125 1386/1273/1125
f 1459/1271/1125 1503/1292/1125 1390/1268/1125
f 1390/1268/1125 1478/1253/1125 2262/1269/1125
f 1386/1273/1125 1498/1255/1125 1391/1262/1125
f 1510/1292/1454 2362/1292/1454 1508/1144/1393
f 1509/1249/1406 2364/1249/1569 1511/1303/1409
f 1515/1314/1608 1513/1309/1605 1517/1311/1607
f 1517/1311/1607 1514/1310/1606 1516/1313/1596
f 1513/1309/1605 1515/1314/1608 1506/1316/1424
f 1505/1317/1120 2361/1317/1120 1519/1318/1120
f 1526/1320/1610 1524/1257/1571 1523/1319/1609
f 1525/1340/1624 1526/1320/1610 1521/1142/1444
f 1523/1319/1609 1522/1256/1570 1529/1322/1612
f 1521/1142/1444 1523/1319/1609 1527/1323/1613
f 1501/1250/1424 1528/1321/1611 1359/1158/1424
