# Blender v2.76 (sub 0) OBJ File: 'npc_hopper.blend'
# www.blender.org
mtllib npc_hopper_000038.mtl
o npc_hopper_npc_hopper_mesh
v 0.000000 0.224528 -0.275644
v 0.053775 0.224528 -0.270347
v 0.105484 0.224528 -0.254661
v 0.153139 0.224528 -0.229189
v 0.194909 0.224528 -0.194909
v 0.229189 0.224528 -0.153139
v 0.254661 0.224528 -0.105484
v 0.270347 0.224528 -0.053775
v 0.275644 0.224528 -0.000000
v 0.270347 0.224528 0.053775
v 0.254661 0.224528 0.105484
v 0.229189 0.224528 0.153139
v 0.194909 0.224528 0.194909
v 0.153139 0.224528 0.229189
v 0.105484 0.224528 0.254661
v 0.053775 0.224528 0.270347
v -0.000000 0.224528 0.275643
v -0.053775 0.224528 0.270347
v -0.105484 0.224528 0.254661
v -0.153139 0.224528 0.229189
v -0.194910 0.224528 0.194909
v -0.229189 0.224528 0.153139
v -0.254662 0.224528 0.105484
v -0.270347 0.224528 0.053775
v -0.275643 0.224528 -0.000000
v -0.270347 0.224528 -0.053776
v -0.254661 0.224528 -0.105485
v -0.229189 0.224528 -0.153140
v -0.194909 0.224528 -0.194910
v -0.153139 0.224528 -0.229189
v -0.105484 0.224528 -0.254662
v -0.053775 0.224528 -0.270347
v 0.000000 0.595906 -0.026724
v 0.005214 0.595906 -0.026211
v 0.010227 0.595906 -0.024690
v 0.014847 0.595906 -0.022220
v 0.018897 0.595906 -0.018897
v 0.022220 0.595906 -0.014847
v 0.024690 0.595906 -0.010227
v 0.026211 0.595906 -0.005214
v 0.026724 0.595906 -0.000000
v 0.026211 0.595906 0.005214
v 0.024690 0.595906 0.010227
v 0.022220 0.595906 0.014847
v 0.018897 0.595906 0.018897
v 0.014847 0.595906 0.022220
v 0.010227 0.595906 0.024690
v 0.005214 0.595906 0.026211
v 0.000000 0.595906 0.026724
v -0.005214 0.595906 0.026211
v -0.010227 0.595906 0.024690
v -0.014847 0.595906 0.022220
v -0.018897 0.595906 0.018897
v -0.022220 0.595906 0.014847
v -0.024690 0.595906 0.010227
v -0.026211 0.595906 0.005214
v -0.026724 0.595906 -0.000000
v -0.026211 0.595906 -0.005214
v -0.024690 0.595906 -0.010227
v -0.022220 0.595906 -0.014847
v -0.018897 0.595906 -0.018897
v -0.014847 0.595906 -0.022220
v -0.010227 0.595906 -0.024690
v -0.005214 0.595906 -0.026211
v 0.000029 1.809224 1.051625
v 0.044428 1.827606 1.052183
v 0.062819 1.871984 1.053530
v 0.058039 1.896002 1.054260
v -0.024000 1.929968 1.055291
v -0.044370 1.916363 1.054878
v -0.057981 1.896002 1.054260
v -0.044370 1.827606 1.052183
v -0.024000 1.814001 1.051770
v 0.006654 1.851526 1.200300
v 0.000029 1.850209 1.200260
v 0.012271 1.855278 1.200414
v 0.016024 1.860891 1.200584
v 0.017342 1.867514 1.200785
v 0.016024 1.874136 1.200986
v 0.012271 1.879750 1.201157
v 0.006654 1.883501 1.201271
v 0.000029 1.884819 1.201311
v -0.006596 1.883501 1.201271
v -0.012213 1.879750 1.201157
v -0.015966 1.874136 1.200986
v -0.017284 1.867514 1.200785
v -0.015966 1.860891 1.200584
v -0.012213 1.855278 1.200414
v -0.006596 1.851526 1.200300
v 0.062429 0.000827 -0.313851
v 0.062429 0.160827 -0.313851
v 0.122459 0.000827 -0.295642
v 0.122459 0.160827 -0.295642
v 0.177783 0.000827 -0.266070
v 0.177783 0.160827 -0.266070
v 0.226274 0.000827 -0.226274
v 0.226274 0.160827 -0.226274
v 0.266070 0.000827 -0.177783
v 0.266070 0.160827 -0.177783
v 0.295642 0.000827 -0.122459
v 0.295642 0.160827 -0.122459
v 0.313851 0.000827 -0.062429
v 0.313851 0.160827 -0.062429
v 0.313852 0.000827 0.062429
v 0.313852 0.160827 0.062429
v 0.295642 0.000827 0.122459
v 0.295642 0.160827 0.122459
v 0.266070 0.000827 0.177783
v 0.266070 0.160827 0.177783
v 0.226274 0.000827 0.226274
v 0.226274 0.160827 0.226274
v 0.177783 0.000827 0.266070
v 0.177783 0.160827 0.266070
v 0.122459 0.000827 0.295642
v 0.122459 0.160827 0.295642
v 0.062429 0.000827 0.313851
v 0.062429 0.160827 0.313851
v -0.062429 0.000827 0.313851
v -0.062429 0.160827 0.313851
v -0.122459 0.000827 0.295642
v -0.122459 0.160827 0.295642
v -0.177783 0.000827 0.266070
v -0.177783 0.160827 0.266070
v -0.226274 0.000827 0.226274
v -0.226274 0.160827 0.226274
v -0.266071 0.000827 0.177782
v -0.266071 0.160827 0.177782
v -0.295642 0.000827 0.122458
v -0.295642 0.160827 0.122458
v -0.313852 0.000827 0.062429
v -0.313852 0.160827 0.062429
v -0.313851 0.000827 -0.062429
v -0.313851 0.160827 -0.062429
v -0.295641 0.000827 -0.122459
v -0.295641 0.160827 -0.122459
v -0.266070 0.000827 -0.177783
v -0.266070 0.160827 -0.177783
v -0.226274 0.000827 -0.226275
v -0.226274 0.160827 -0.226275
v -0.177782 0.000827 -0.266071
v -0.177782 0.160827 -0.266071
v -0.122458 0.000827 -0.295642
v -0.122458 0.160827 -0.295642
v -0.062428 0.000827 -0.313852
v -0.062428 0.160827 -0.313852
v 0.000000 0.167363 -0.275644
v 0.053775 0.167363 -0.270347
v 0.105484 0.167363 -0.254661
v 0.153139 0.167363 -0.229189
v 0.194909 0.167363 -0.194909
v 0.229189 0.167363 -0.153139
v 0.254661 0.167363 -0.105484
v 0.270347 0.167363 -0.053775
v 0.275644 0.167363 -0.000000
v 0.270347 0.167363 0.053775
v 0.254661 0.167363 0.105484
v 0.229189 0.167363 0.153139
v 0.194909 0.167363 0.194909
v 0.153139 0.167363 0.229189
v 0.105484 0.167363 0.254661
v 0.053775 0.167363 0.270347
v -0.000000 0.167363 0.275643
v -0.053775 0.167363 0.270347
v -0.105484 0.167363 0.254661
v -0.153139 0.167363 0.229189
v -0.194910 0.167363 0.194909
v -0.229189 0.167363 0.153139
v -0.254662 0.167363 0.105484
v -0.270347 0.167363 0.053775
v -0.275643 0.167363 -0.000000
v -0.270347 0.167363 -0.053776
v -0.254661 0.167363 -0.105485
v -0.229189 0.167363 -0.153140
v -0.194909 0.167363 -0.194910
v -0.153139 0.167363 -0.229189
v -0.105484 0.167363 -0.254662
v -0.053775 0.167363 -0.270347
v -0.000000 0.168690 -0.320000
v 0.062429 0.168690 -0.313851
v 0.313851 0.168690 -0.062429
v 0.320000 0.168690 -0.000000
v 0.313852 0.168690 0.062429
v 0.062429 0.168690 0.313851
v -0.000000 0.168690 0.320000
v -0.062429 0.168690 0.313851
v -0.313852 0.168690 0.062429
v -0.320000 0.168690 -0.000000
v -0.313851 0.168690 -0.062429
v -0.062428 0.168690 -0.313852
v 0.000000 0.213833 -0.275644
v 0.053775 0.213833 -0.270347
v 0.270347 0.213833 -0.053775
v 0.275644 0.213833 -0.000000
v 0.270347 0.213833 0.053775
v 0.053775 0.213833 0.270347
v -0.000000 0.213833 0.275643
v -0.053775 0.213833 0.270347
v -0.270347 0.213833 0.053775
v -0.275643 0.213833 -0.000000
v -0.270347 0.213833 -0.053776
v -0.053775 0.213833 -0.270347
v 0.048438 0.000827 -0.633871
v 0.633871 0.000827 -0.042447
v 0.633871 0.000856 0.042618
v 0.048438 0.000827 0.633871
v -0.048438 0.000827 0.633871
v -0.633871 0.000827 0.042447
v -0.633871 0.000827 -0.042447
v -0.048438 0.000827 -0.633871
v 0.000000 0.018914 -0.633871
v 0.048438 0.018914 -0.633871
v 0.633871 0.018914 -0.042447
v 0.633871 0.018914 -0.000000
v 0.633871 0.018914 0.042447
v 0.048438 0.018914 0.633871
v -0.000000 0.018914 0.633871
v -0.048438 0.018914 0.633871
v -0.633871 0.018914 0.042447
v -0.633871 0.018914 -0.000000
v -0.633871 0.018914 -0.042447
v -0.048438 0.018914 -0.633871
v 0.000000 0.224528 -0.275644
v 0.053775 0.224528 -0.270347
v 0.105484 0.224528 -0.254661
v 0.153139 0.224528 -0.229189
v 0.194909 0.224528 -0.194909
v 0.229189 0.224528 -0.153139
v 0.254661 0.224528 -0.105484
v 0.270347 0.224528 -0.053775
v 0.275644 0.224528 -0.000000
v 0.270347 0.224528 0.053775
v 0.254661 0.224528 0.105484
v 0.229189 0.224528 0.153139
v 0.194909 0.224528 0.194909
v 0.153139 0.224528 0.229189
v 0.105484 0.224528 0.254661
v 0.053775 0.224528 0.270347
v -0.000000 0.224528 0.275643
v -0.053775 0.224528 0.270347
v -0.105484 0.224528 0.254661
v -0.153139 0.224528 0.229189
v -0.194910 0.224528 0.194909
v -0.229189 0.224528 0.153139
v -0.254662 0.224528 0.105484
v -0.270347 0.224528 0.053775
v -0.275643 0.224528 -0.000000
v -0.270347 0.224528 -0.053776
v -0.254661 0.224528 -0.105485
v -0.229189 0.224528 -0.153140
v -0.194909 0.224528 -0.194910
v -0.153139 0.224528 -0.229189
v -0.105484 0.224528 -0.254662
v -0.053775 0.224528 -0.270347
v -0.053999 0.402118 -0.292553
v 0.053999 0.402118 -0.292553
v -0.053999 0.345782 -0.278169
v 0.053999 0.345782 -0.278169
v -0.053999 0.293333 -0.253072
v 0.053999 0.293333 -0.253072
v -0.053999 0.246789 -0.218225
v 0.053999 0.246789 -0.218225
v -0.053999 0.207938 -0.174966
v 0.053999 0.207938 -0.174966
v -0.053999 0.178272 -0.124960
v 0.053999 0.178272 -0.124960
v -0.053999 0.158932 -0.070127
v 0.053999 0.158932 -0.070127
v -0.053999 0.150661 -0.012574
v 0.053999 0.150661 -0.012574
v -0.053999 0.153777 0.045486
v 0.053999 0.153777 0.045486
v -0.053999 0.168161 0.101823
v 0.053999 0.168161 0.101823
v -0.053999 0.193258 0.154271
v 0.053999 0.193258 0.154271
v -0.053999 0.228105 0.200815
v 0.053999 0.228105 0.200815
v -0.053999 0.271363 0.239666
v 0.053999 0.271363 0.239666
v -0.053999 0.321370 0.269332
v 0.053999 0.321370 0.269332
v -0.053999 0.376203 0.288672
v 0.053999 0.376203 0.288672
v -0.053999 0.433756 0.296943
v 0.053999 0.433756 0.296943
v -0.053999 0.491816 0.293827
v 0.053999 0.491816 0.293827
v -0.053999 0.548153 0.279444
v 0.053999 0.548153 0.279444
v -0.053999 0.600601 0.254346
v 0.053999 0.600601 0.254346
v -0.053999 0.647145 0.219499
v 0.053999 0.647145 0.219499
v -0.053999 0.685997 0.176240
v 0.053999 0.685997 0.176240
v -0.053999 0.715662 0.126234
v 0.053999 0.715662 0.126234
v -0.053999 0.735002 0.071401
v 0.053999 0.735002 0.071401
v -0.053999 0.743273 0.013848
v 0.053999 0.743273 0.013848
v -0.053999 0.740157 -0.044212
v 0.053999 0.740157 -0.044212
v -0.053999 0.725774 -0.100549
v 0.053999 0.725774 -0.100549
v -0.053999 0.700676 -0.152997
v 0.053999 0.700676 -0.152997
v -0.053999 0.665829 -0.199541
v 0.053999 0.665829 -0.199541
v -0.053999 0.622570 -0.238392
v 0.053999 0.622570 -0.238392
v -0.053999 0.572564 -0.268058
v 0.053999 0.572564 -0.268058
v -0.053999 0.517731 -0.287398
v 0.053999 0.517731 -0.287398
v -0.053999 0.460178 -0.295669
v 0.053999 0.460178 -0.295669
v 0.026673 0.558694 -0.427153
v -0.001887 0.554974 -0.431447
v -0.001887 0.298665 -0.176661
v -0.001887 0.571172 -0.412751
v 0.017206 0.301152 -0.173791
v 0.017206 0.573659 -0.409880
v 0.033392 0.308233 -0.165617
v 0.033392 0.580741 -0.401706
v 0.044208 0.318832 -0.153383
v 0.044208 0.591339 -0.389472
v 0.048005 0.331334 -0.138952
v 0.048005 0.603841 -0.375042
v 0.044208 0.343836 -0.124522
v 0.044208 0.616343 -0.360611
v 0.033392 0.354435 -0.112288
v 0.033392 0.626942 -0.348378
v 0.017206 0.361516 -0.104114
v 0.017206 0.634024 -0.340204
v -0.001887 0.364003 -0.101244
v -0.001887 0.636510 -0.337333
v -0.020980 0.361516 -0.104114
v -0.020980 0.634024 -0.340203
v -0.037166 0.354435 -0.112288
v -0.037166 0.626942 -0.348378
v -0.047981 0.343836 -0.124522
v -0.047981 0.616343 -0.360611
v -0.051779 0.331334 -0.138952
v -0.051779 0.603841 -0.375042
v -0.047981 0.318832 -0.153383
v -0.047981 0.591339 -0.389472
v -0.037166 0.308233 -0.165617
v -0.037166 0.580741 -0.401706
v -0.020980 0.301152 -0.173791
v -0.020980 0.573659 -0.409880
v 0.050884 0.569287 -0.414926
v 0.067062 0.585141 -0.396627
v 0.072743 0.603841 -0.375042
v 0.067062 0.622542 -0.353457
v 0.050884 0.638396 -0.335157
v 0.026673 0.648988 -0.322930
v -0.001887 0.652708 -0.318637
v -0.030446 0.648988 -0.322930
v -0.054658 0.638396 -0.335157
v -0.070835 0.622542 -0.353457
v -0.076516 0.603841 -0.375042
v -0.070835 0.585141 -0.396627
v -0.054658 0.569287 -0.414926
v -0.030446 0.558694 -0.427153
v 0.026672 0.832376 -0.664260
v -0.001887 0.828656 -0.668554
v 0.050884 0.842969 -0.652033
v 0.067062 0.858822 -0.633734
v 0.072742 0.877523 -0.612149
v 0.067062 0.896224 -0.590563
v 0.050884 0.912077 -0.572264
v 0.026672 0.922670 -0.560037
v -0.001887 0.926390 -0.555744
v -0.030446 0.922670 -0.560037
v -0.054658 0.912077 -0.572264
v -0.070835 0.896224 -0.590563
v -0.076516 0.877523 -0.612149
v -0.070835 0.858822 -0.633734
v -0.054658 0.842969 -0.652033
v -0.030446 0.832376 -0.664260
v 0.033506 1.083827 -0.903937
v -0.001887 1.079217 -0.909258
v 0.063512 1.096955 -0.888784
v 0.083560 1.116602 -0.866106
v 0.090601 1.139777 -0.839355
v 0.083560 1.162953 -0.812605
v 0.063512 1.182600 -0.789927
v 0.033507 1.195728 -0.774774
v -0.001887 1.200338 -0.769453
v -0.037280 1.195728 -0.774774
v -0.067286 1.182600 -0.789927
v -0.087334 1.162953 -0.812605
v -0.094375 1.139777 -0.839355
v -0.087334 1.116602 -0.866106
v -0.067286 1.096954 -0.888784
v -0.037280 1.083827 -0.903937
v 0.028411 0.821598 -0.123696
v -0.000148 0.817878 -0.127989
v -0.000148 0.561568 0.126797
v -0.000148 0.834076 -0.109293
v 0.018945 0.564055 0.129667
v 0.018945 0.836562 -0.106422
v 0.035131 0.571137 0.137841
v 0.035131 0.843644 -0.098248
v 0.045946 0.581736 0.150075
v 0.045946 0.854243 -0.086015
v 0.049744 0.594238 0.164505
v 0.049744 0.866745 -0.071584
v 0.045946 0.606740 0.178936
v 0.045946 0.879247 -0.057154
v 0.035131 0.617338 0.191169
v 0.035131 0.889846 -0.044920
v 0.018945 0.624420 0.199344
v 0.018945 0.896928 -0.036746
v -0.000148 0.626907 0.202214
v -0.000148 0.899414 -0.033875
v -0.019241 0.624420 0.199344
v -0.019241 0.896928 -0.036746
v -0.035427 0.617338 0.191169
v -0.035427 0.889846 -0.044920
v -0.046243 0.606740 0.178936
v -0.046243 0.879247 -0.057154
v -0.050040 0.594238 0.164505
v -0.050040 0.866745 -0.071584
v -0.046243 0.581736 0.150075
v -0.046243 0.854243 -0.086015
v -0.035427 0.571137 0.137841
v -0.035427 0.843644 -0.098248
v -0.019241 0.564055 0.129667
v -0.019241 0.836562 -0.106422
v 0.052623 0.832191 -0.111469
v 0.068800 0.848044 -0.093169
v 0.074481 0.866745 -0.071584
v 0.068800 0.885446 -0.049999
v 0.052623 0.901299 -0.031700
v 0.028411 0.911892 -0.019473
v -0.000148 0.915612 -0.015179
v -0.028708 0.911892 -0.019473
v -0.052919 0.901299 -0.031700
v -0.069097 0.885446 -0.049999
v -0.074777 0.866745 -0.071584
v -0.069097 0.848044 -0.093169
v -0.052919 0.832191 -0.111469
v -0.028708 0.821598 -0.123696
v 0.028411 1.095279 -0.360803
v -0.000148 1.091560 -0.365096
v 0.052623 1.105873 -0.348575
v 0.068800 1.121726 -0.330276
v 0.074481 1.140427 -0.308691
v 0.068800 1.159127 -0.287106
v 0.052623 1.174981 -0.268807
v 0.028411 1.185574 -0.256579
v -0.000148 1.189294 -0.252286
v -0.028708 1.185574 -0.256579
v -0.052919 1.174981 -0.268807
v -0.069097 1.159127 -0.287106
v -0.074778 1.140427 -0.308691
v -0.069097 1.121726 -0.330276
v -0.052919 1.105873 -0.348576
v -0.028708 1.095279 -0.360803
v 0.035245 1.346730 -0.600479
v -0.000148 1.342121 -0.605800
v 0.065250 1.359858 -0.585326
v 0.085299 1.379506 -0.562648
v 0.092339 1.402681 -0.535898
v 0.085299 1.425857 -0.509147
v 0.065250 1.445504 -0.486469
v 0.035245 1.458632 -0.471316
v -0.000148 1.463242 -0.465995
v -0.035542 1.458632 -0.471316
v -0.065547 1.445504 -0.486469
v -0.085596 1.425857 -0.509147
v -0.092636 1.402681 -0.535898
v -0.085596 1.379506 -0.562648
v -0.065547 1.359858 -0.585326
v -0.035542 1.346730 -0.600479
v -0.098253 1.473609 -0.452861
v -0.098253 1.068783 -0.917759
v 0.098253 1.068783 -0.917759
v 0.098253 1.473609 -0.452861
v -0.137093 1.340072 -0.901408
v 0.137093 1.340072 -0.901408
v -0.137093 1.286936 -0.884770
v 0.137093 1.286936 -0.884770
v -0.137093 1.244212 -0.849063
v 0.137093 1.244212 -0.849063
v -0.137093 1.218404 -0.799725
v 0.137093 1.218404 -0.799725
v -0.137093 1.213441 -0.744267
v 0.137093 1.213442 -0.744267
v -0.137093 1.230080 -0.691130
v 0.137093 1.230080 -0.691130
v -0.137093 1.265786 -0.648406
v 0.137093 1.265786 -0.648406
v -0.137093 1.315124 -0.622598
v 0.137093 1.315124 -0.622598
v -0.137093 1.370583 -0.617636
v 0.137093 1.370583 -0.617636
v -0.137093 1.423719 -0.634275
v 0.137093 1.423719 -0.634275
v -0.137093 1.466443 -0.669981
v 0.137093 1.466443 -0.669981
v -0.137093 1.492251 -0.719319
v 0.137093 1.492251 -0.719319
v -0.137093 1.497213 -0.774778
v 0.137093 1.497213 -0.774778
v -0.137093 1.480575 -0.827914
v 0.137093 1.480575 -0.827914
v -0.137093 1.444869 -0.870638
v 0.137093 1.444869 -0.870638
v -0.137093 1.395531 -0.896446
v 0.137093 1.395531 -0.896446
v -0.137093 1.343902 -0.865782
v 0.137093 1.343902 -0.865782
v -0.137093 1.304108 -0.853321
v 0.137093 1.304108 -0.853321
v -0.137093 1.272112 -0.826580
v 0.137093 1.272112 -0.826580
v -0.137093 1.252784 -0.789630
v 0.137093 1.252784 -0.789630
v -0.137093 1.249068 -0.748097
v 0.137093 1.249068 -0.748097
v -0.137093 1.261528 -0.708303
v 0.137093 1.261529 -0.708303
v -0.137093 1.288269 -0.676306
v 0.137093 1.288269 -0.676306
v -0.137093 1.325219 -0.656979
v 0.137093 1.325219 -0.656979
v -0.137093 1.366752 -0.653262
v 0.137093 1.366752 -0.653262
v -0.137093 1.406547 -0.665723
v 0.137093 1.406547 -0.665723
v -0.137093 1.438543 -0.692464
v 0.137093 1.438543 -0.692464
v -0.137093 1.457871 -0.729414
v 0.137093 1.457871 -0.729414
v -0.137093 1.461587 -0.770947
v 0.137093 1.461587 -0.770947
v -0.137093 1.449126 -0.810741
v 0.137093 1.449126 -0.810741
v -0.137093 1.422386 -0.842738
v 0.137093 1.422386 -0.842738
v -0.137093 1.385436 -0.862065
v 0.137093 1.385436 -0.862065
v -0.239290 1.349492 -0.813790
v 0.239290 1.349492 -0.813790
v -0.239290 1.329169 -0.807427
v 0.239290 1.329169 -0.807427
v -0.239290 1.312828 -0.793770
v 0.239290 1.312828 -0.793770
v -0.239290 1.302957 -0.774899
v 0.239290 1.302957 -0.774899
v -0.239290 1.301059 -0.753687
v 0.239290 1.301059 -0.753687
v -0.239290 1.307423 -0.733364
v 0.239290 1.307423 -0.733364
v -0.239290 1.321080 -0.717023
v 0.239290 1.321080 -0.717023
v -0.239290 1.339951 -0.707152
v 0.239290 1.339951 -0.707152
v -0.239290 1.361162 -0.705254
v 0.239290 1.361162 -0.705254
v -0.239290 1.381486 -0.711618
v 0.239290 1.381486 -0.711618
v -0.239290 1.397827 -0.725274
v 0.239290 1.397827 -0.725274
v -0.239290 1.407698 -0.744145
v 0.239290 1.407698 -0.744145
v -0.239290 1.409596 -0.765357
v 0.239290 1.409596 -0.765357
v -0.239290 1.403232 -0.785681
v 0.239290 1.403232 -0.785681
v -0.239290 1.389575 -0.802022
v 0.239290 1.389575 -0.802022
v -0.239290 1.370704 -0.811892
v 0.239290 1.370704 -0.811892
v 0.345868 1.289431 -0.744471
v 0.345868 1.375156 -0.843751
v 0.379953 1.796555 -0.257222
v 0.379953 1.931118 -0.413064
v 0.663615 1.894837 -0.371046
v 0.663615 1.832836 -0.299240
v 0.352198 1.388015 -0.659094
v 0.352198 1.473990 -0.758664
v 0.522030 1.450019 -0.730903
v 0.522030 1.411986 -0.686856
v 0.239117 1.306199 -0.761023
v 0.239117 1.347752 -0.809147
v 0.239117 1.358383 -0.709722
v 0.239117 1.406112 -0.764998
v -0.239538 1.406112 -0.764998
v -0.239538 1.358383 -0.709722
v -0.239538 1.347752 -0.809147
v -0.239538 1.306199 -0.761023
v -0.522451 1.411986 -0.686856
v -0.522451 1.450019 -0.730903
v -0.352618 1.473990 -0.758664
v -0.352618 1.388015 -0.659094
v -0.664036 1.832836 -0.299240
v -0.664036 1.894837 -0.371046
v -0.380374 1.931118 -0.413064
v -0.380374 1.796555 -0.257222
v -0.346289 1.375156 -0.843751
v -0.346289 1.289431 -0.744471
v -0.116075 2.192756 -0.276011
v -0.214479 2.127035 -0.278006
v -0.280230 2.028676 -0.280992
v -0.303319 1.912655 -0.284515
v -0.280230 1.796633 -0.288037
v -0.214479 1.698275 -0.291023
v -0.116075 1.632554 -0.293018
v 0.465842 1.768096 -0.408818
v -0.107239 2.194103 -0.320410
v -0.198152 2.129525 -0.360046
v -0.258899 2.031930 -0.388182
v -0.280230 1.916177 -0.400536
v -0.258899 1.799887 -0.395227
v -0.198152 1.700765 -0.373063
v -0.107239 1.633902 -0.337418
v 0.465842 1.824577 -0.456021
v -0.082077 2.195246 -0.358051
v -0.151659 2.131637 -0.429596
v -0.198152 2.034689 -0.479053
v -0.214479 1.919163 -0.498894
v -0.198152 1.802646 -0.486098
v -0.151659 1.702877 -0.442612
v -0.082077 1.635044 -0.375058
v -0.000000 1.609476 -0.293719
v 0.465842 1.894822 -0.478017
v -0.044420 2.196010 -0.383201
v -0.082077 2.133048 -0.476067
v -0.107239 2.036532 -0.539772
v -0.116075 1.921158 -0.564615
v -0.107239 1.804489 -0.546816
v -0.082077 1.704288 -0.489084
v -0.044420 1.635808 -0.400208
v -0.000000 2.215833 -0.275310
v -0.000000 2.196278 -0.392032
v -0.000000 2.133543 -0.492386
v -0.000000 2.037180 -0.561093
v -0.000000 1.921859 -0.587693
v -0.000000 1.805137 -0.568138
v -0.000000 1.704783 -0.505403
v -0.000000 1.636076 -0.409040
v 0.413110 1.968330 -0.472112
v 0.044420 2.196010 -0.383201
v 0.082077 2.133048 -0.476067
v 0.107239 2.036532 -0.539772
v 0.116075 1.921158 -0.564615
v 0.107239 1.804489 -0.546816
v 0.082077 1.704288 -0.489084
v 0.044420 1.635808 -0.400208
v 0.413110 2.033791 -0.437871
v 0.082077 2.195246 -0.358051
v 0.151659 2.131637 -0.429596
v 0.198152 2.034689 -0.479053
v 0.214479 1.919163 -0.498894
v 0.198152 1.802646 -0.486098
v 0.151659 1.702877 -0.442612
v 0.082077 1.635044 -0.375058
v 0.413110 2.081165 -0.381186
v 0.107239 2.194103 -0.320410
v 0.198152 2.129525 -0.360046
v 0.258899 2.031930 -0.388182
v 0.280230 1.916177 -0.400536
v 0.258899 1.799887 -0.395227
v 0.198152 1.700765 -0.373063
v 0.107239 1.633902 -0.337418
v 0.413110 2.103240 -0.310686
v 0.116075 2.192755 -0.276011
v 0.214479 2.127035 -0.278006
v 0.280230 2.028676 -0.280992
v 0.303319 1.912655 -0.284514
v 0.280230 1.796633 -0.288037
v 0.214479 1.698275 -0.291023
v 0.116075 1.632554 -0.293018
v 0.413110 2.096656 -0.237105
v 0.107239 2.191408 -0.231611
v 0.198152 2.124544 -0.195966
v 0.258898 2.025422 -0.173802
v 0.280230 1.909132 -0.168493
v 0.258898 1.793379 -0.180847
v 0.198152 1.695784 -0.208983
v 0.107239 1.631206 -0.248619
v 0.413110 2.062415 -0.171645
v 0.082077 2.190265 -0.193971
v 0.151659 2.122433 -0.126417
v 0.198152 2.022663 -0.082931
v 0.214478 1.906146 -0.070135
v 0.198152 1.790620 -0.089976
v 0.151659 1.693672 -0.139433
v 0.082077 1.630063 -0.210978
v 0.413110 2.005730 -0.124271
v 0.044420 2.189501 -0.168821
v 0.082077 2.121022 -0.079945
v 0.107239 2.020820 -0.022213
v 0.116075 1.904151 -0.004414
v 0.107239 1.788777 -0.029258
v 0.082077 1.692262 -0.092962
v 0.044420 1.629300 -0.185828
v 0.413110 1.935230 -0.102195
v -0.000000 2.189233 -0.159989
v -0.000000 2.120526 -0.063626
v -0.000000 2.020173 -0.000892
v -0.000000 1.903450 0.018664
v -0.000000 1.788129 -0.007936
v -0.000000 1.691766 -0.076643
v -0.000000 1.629032 -0.176997
v 0.413110 1.861650 -0.108779
v -0.044420 2.189501 -0.168821
v -0.082078 2.121022 -0.079945
v -0.107239 2.020820 -0.022213
v -0.116075 1.904151 -0.004414
v -0.107239 1.788777 -0.029258
v -0.082078 1.692262 -0.092962
v -0.044420 1.629300 -0.185828
v 0.413110 1.796189 -0.143020
v -0.082078 2.190265 -0.193971
v -0.151659 2.122433 -0.126417
v -0.198153 2.022663 -0.082931
v -0.214479 1.906146 -0.070135
v -0.198153 1.790620 -0.089976
v -0.151659 1.693673 -0.139434
v -0.082078 1.630063 -0.210979
v 0.413110 1.748815 -0.199705
v -0.107239 2.191408 -0.231611
v -0.198153 2.124544 -0.195967
v -0.258899 2.025422 -0.173802
v -0.280230 1.909132 -0.168493
v -0.258899 1.793379 -0.180847
v -0.198153 1.695784 -0.208983
v -0.107239 1.631206 -0.248619
v 0.413110 1.726740 -0.270205
v 0.413110 1.733324 -0.343786
v 0.257508 1.902415 -0.407394
v 0.413110 1.777603 -0.419770
v 0.257508 1.858618 -0.393679
v 0.413110 1.824250 -0.456620
v 0.257508 1.823403 -0.364249
v 0.413110 1.894749 -0.478696
v 0.257508 1.802132 -0.323582
v 0.465842 1.733979 -0.343593
v 0.257508 1.798042 -0.277871
v 0.465842 1.727418 -0.270278
v 0.257508 1.811756 -0.234074
v 0.465842 1.749414 -0.200033
v 0.257508 1.841186 -0.198859
v 0.465842 1.796617 -0.143552
v 0.257508 1.881853 -0.177587
v 0.465842 1.861842 -0.109434
v 0.257508 1.927564 -0.173497
v 0.465842 1.935157 -0.102874
v 0.257508 1.971361 -0.187211
v 0.465842 2.005403 -0.124870
v 0.257508 2.006576 -0.216642
v 0.465842 2.061883 -0.172073
v 0.257508 2.027848 -0.257308
v 0.465842 2.096001 -0.237298
v 0.257508 2.031938 -0.303020
v 0.465842 2.102561 -0.310613
v 0.257508 2.018224 -0.346817
v 0.465842 2.080565 -0.380858
v 0.257508 1.988793 -0.382032
v 0.465841 2.033362 -0.437339
v 0.257508 1.948127 -0.403303
v 0.465842 1.968138 -0.471456
v 0.388352 1.948127 -0.403303
v 0.671505 1.902908 -0.402811
v 0.388352 1.988793 -0.382032
v 0.671505 1.860828 -0.389634
v 0.388352 2.018224 -0.346817
v 0.671505 1.826993 -0.361357
v 0.388352 2.031938 -0.303020
v 0.671505 1.806555 -0.322284
v 0.388352 2.027848 -0.257308
v 0.671505 1.802624 -0.278364
v 0.388352 2.006576 -0.216642
v 0.671505 1.815801 -0.236283
v 0.388353 1.971361 -0.187211
v 0.671505 1.844079 -0.202448
v 0.388353 1.927564 -0.173497
v 0.671505 1.883151 -0.182010
v 0.388353 1.881853 -0.177587
v 0.671505 1.927071 -0.178080
v 0.388353 1.841186 -0.198859
v 0.671505 1.969152 -0.191257
v 0.388353 1.811756 -0.234074
v 0.671505 2.002987 -0.219534
v 0.388353 1.798042 -0.277871
v 0.671505 2.023426 -0.258607
v 0.388353 1.802132 -0.323582
v 0.671505 2.027355 -0.302527
v 0.388353 1.823403 -0.364249
v 0.671505 2.014179 -0.344608
v 0.388353 1.858618 -0.393679
v 0.671505 1.985901 -0.378443
v 0.388353 1.902415 -0.407394
v 0.671505 1.946829 -0.398881
v 0.388353 1.897303 -0.454941
v 0.388353 1.835700 -0.435651
v 0.388353 1.795098 -0.403580
v 0.388353 1.756248 -0.337055
v 0.388353 1.750494 -0.272759
v 0.388353 1.769784 -0.211155
v 0.388353 1.811180 -0.161623
v 0.388353 1.868380 -0.131703
v 0.388353 1.932676 -0.125950
v 0.388353 1.994280 -0.145240
v 0.388352 2.043812 -0.186636
v 0.388352 2.073732 -0.243836
v 0.388352 2.079485 -0.308132
v 0.388352 2.060195 -0.369735
v 0.388352 2.018799 -0.419268
v 0.388352 1.961599 -0.449188
v 0.368078 1.621761 -0.429163
v 0.368078 1.735536 -0.560929
v 0.603038 1.704522 -0.525011
v 0.603038 1.652775 -0.465082
v 0.379953 1.893835 -0.369885
v 0.368078 1.704012 -0.524421
v 0.368078 1.653800 -0.466269
v 0.379953 1.834448 -0.301107
v 0.315819 1.894520 -0.369294
v 0.349445 1.704697 -0.523830
v 0.349445 1.654484 -0.465678
v 0.315819 1.835132 -0.300516
v -0.466262 1.768096 -0.408818
v -0.466262 1.824577 -0.456021
v -0.466262 1.894822 -0.478017
v -0.413530 1.968330 -0.472112
v -0.413530 2.033791 -0.437871
v -0.413530 2.081165 -0.381186
v -0.413530 2.103240 -0.310686
v -0.413530 2.096656 -0.237105
v -0.413530 2.062415 -0.171645
v -0.413530 2.005730 -0.124271
v -0.413530 1.935230 -0.102195
v -0.413530 1.861650 -0.108779
v -0.413530 1.796189 -0.143020
v -0.413530 1.748815 -0.199705
v -0.413530 1.726740 -0.270205
v -0.413530 1.733324 -0.343786
v -0.257929 1.902415 -0.407394
v -0.413530 1.777603 -0.419770
v -0.257929 1.858618 -0.393679
v -0.413530 1.824250 -0.456620
v -0.257929 1.823404 -0.364249
v -0.413530 1.894749 -0.478696
v -0.257929 1.802132 -0.323582
v -0.466262 1.733979 -0.343593
v -0.257929 1.798042 -0.277871
v -0.466262 1.727418 -0.270278
v -0.257929 1.811756 -0.234074
v -0.466262 1.749414 -0.200033
v -0.257929 1.841186 -0.198859
v -0.466262 1.796617 -0.143552
v -0.257929 1.881853 -0.177587
v -0.466262 1.861842 -0.109434
v -0.257929 1.927564 -0.173497
v -0.466262 1.935157 -0.102874
v -0.257929 1.971361 -0.187211
v -0.466262 2.005403 -0.124870
v -0.257929 2.006576 -0.216642
v -0.466262 2.061883 -0.172073
v -0.257929 2.027848 -0.257308
v -0.466262 2.096001 -0.237298
v -0.257929 2.031938 -0.303020
v -0.466262 2.102561 -0.310613
v -0.257929 2.018224 -0.346817
v -0.466262 2.080565 -0.380858
v -0.257929 1.988793 -0.382032
v -0.466262 2.033362 -0.437339
v -0.257929 1.948127 -0.403303
v -0.466262 1.968138 -0.471456
v -0.388773 1.948127 -0.403303
v -0.671926 1.902908 -0.402811
v -0.388773 1.988793 -0.382032
v -0.671926 1.860828 -0.389634
v -0.388773 2.018224 -0.346817
v -0.671926 1.826993 -0.361357
v -0.388773 2.031938 -0.303020
v -0.671926 1.806555 -0.322284
v -0.388773 2.027848 -0.257308
v -0.671926 1.802625 -0.278364
v -0.388773 2.006576 -0.216642
v -0.671926 1.815801 -0.236283
v -0.388773 1.971361 -0.187211
v -0.671926 1.844079 -0.202448
v -0.388773 1.927564 -0.173497
v -0.671926 1.883152 -0.182010
v -0.388773 1.881853 -0.177587
v -0.671926 1.927071 -0.178080
v -0.388773 1.841186 -0.198859
v -0.671926 1.969152 -0.191257
v -0.388773 1.811756 -0.234074
v -0.671926 2.002987 -0.219534
v -0.388773 1.798042 -0.277871
v -0.671926 2.023426 -0.258607
v -0.388773 1.802132 -0.323582
v -0.671926 2.027355 -0.302527
v -0.388773 1.823404 -0.364249
v -0.671926 2.014179 -0.344608
v -0.388773 1.858618 -0.393679
v -0.671926 1.985901 -0.378443
v -0.388773 1.902415 -0.407394
v -0.671926 1.946829 -0.398881
v -0.388773 1.897303 -0.454941
v -0.388773 1.835700 -0.435651
v -0.388773 1.795097 -0.403580
v -0.388773 1.756248 -0.337055
v -0.388773 1.750494 -0.272759
v -0.388773 1.769784 -0.211155
v -0.388773 1.811180 -0.161623
v -0.388773 1.868380 -0.131703
v -0.388773 1.932676 -0.125950
v -0.388773 1.994280 -0.145240
v -0.388773 2.043812 -0.186636
v -0.388773 2.073732 -0.243836
v -0.388773 2.079485 -0.308132
v -0.388773 2.060195 -0.369735
v -0.388773 2.018799 -0.419268
v -0.388773 1.961599 -0.449188
v -0.368498 1.621761 -0.429163
v -0.368498 1.735536 -0.560929
v -0.603459 1.704522 -0.525011
v -0.603459 1.652775 -0.465082
v -0.380374 1.893835 -0.369885
v -0.368498 1.704012 -0.524421
v -0.368498 1.653800 -0.466269
v -0.380374 1.834448 -0.301107
v -0.316240 1.894520 -0.369294
v -0.349866 1.704697 -0.523830
v -0.349866 1.654485 -0.465678
v -0.316240 1.835132 -0.300516
v 0.035950 1.793375 0.785024
v 0.000029 1.786234 0.784807
v 0.000029 1.762287 0.353930
v 0.000029 1.736071 -0.066747
v 0.050113 1.772244 0.354233
v 0.065026 1.748993 -0.066355
v 0.092573 1.800602 0.355094
v 0.120128 1.785794 -0.065238
v 0.120943 1.843042 0.356382
v 0.156947 1.840871 -0.063566
v 0.130906 1.893103 0.357902
v 0.169875 1.905838 -0.061593
v 0.120943 1.943165 0.359422
v 0.156947 1.970806 -0.059621
v 0.092573 1.985604 0.360710
v 0.120129 2.025883 -0.057949
v 0.050113 2.013962 0.361571
v 0.065026 2.062684 -0.056832
v 0.000029 2.023919 0.361873
v 0.000029 2.075607 -0.056439
v -0.050055 2.013962 0.361571
v -0.064968 2.062684 -0.056832
v -0.092515 1.985604 0.360710
v -0.120070 2.025883 -0.057949
v -0.120885 1.943165 0.359422
v -0.156889 1.970806 -0.059621
v -0.130848 1.893103 0.357902
v -0.169817 1.905838 -0.061593
v -0.120885 1.843042 0.356382
v -0.156889 1.840871 -0.063566
v -0.092515 1.800602 0.355094
v -0.120070 1.785794 -0.065238
v -0.050055 1.772244 0.354233
v -0.064968 1.748993 -0.066355
v 0.066402 1.813714 0.785641
v 0.086750 1.844151 0.786566
v 0.093895 1.880056 0.787656
v 0.086750 1.915961 0.788746
v 0.066402 1.946399 0.789670
v 0.035950 1.966737 0.790287
v 0.000029 1.973879 0.790504
v -0.035892 1.966737 0.790287
v -0.066344 1.946399 0.789670
v -0.086692 1.915961 0.788746
v -0.093837 1.880056 0.787656
v -0.086692 1.844151 0.786566
v -0.066344 1.813714 0.785641
v -0.035892 1.793375 0.785024
v 0.027134 1.814649 0.785670
v 0.000029 1.809260 0.785506
v 0.050112 1.829996 0.786136
v 0.065466 1.852963 0.786833
v 0.070858 1.880056 0.787656
v 0.065466 1.907149 0.788478
v 0.050112 1.930117 0.789175
v 0.027134 1.945463 0.789641
v 0.000029 1.950852 0.789805
v -0.027076 1.945463 0.789641
v -0.050054 1.930117 0.789175
v -0.065408 1.907149 0.788478
v -0.070800 1.880056 0.787656
v -0.065408 1.852963 0.786833
v -0.050054 1.829996 0.786136
v -0.027076 1.814649 0.785670
v 0.027134 1.807555 1.019333
v 0.000029 1.802167 1.019169
v 0.050112 1.822902 1.019799
v 0.065466 1.845870 1.020496
v 0.070858 1.872962 1.021318
v 0.065466 1.900055 1.022141
v 0.050112 1.923023 1.022838
v 0.027134 1.938369 1.023304
v 0.000029 1.943758 1.023468
v -0.027076 1.938369 1.023304
v -0.050054 1.923023 1.022838
v -0.065408 1.900055 1.022141
v -0.070800 1.872962 1.021318
v -0.065408 1.845870 1.020496
v -0.050054 1.822902 1.019799
v -0.027076 1.807555 1.019333
v 0.024058 1.814001 1.051770
v 0.058039 1.847967 1.052801
v 0.044428 1.916363 1.054878
v 0.024058 1.929968 1.055291
v 0.000029 1.934745 1.055436
v -0.062761 1.871984 1.053530
v -0.057981 1.847967 1.052801
v -0.136250 2.110647 -0.165579
v -0.126151 2.096399 0.309167
v -0.111446 2.105716 -0.165729
v -0.102264 2.090794 0.330784
v -0.090418 2.091672 -0.166155
v -0.083551 2.075958 0.355268
v -0.076368 2.070653 -0.166793
v -0.072862 2.054150 0.378890
v -0.071434 2.045861 -0.167546
v -0.071822 2.028690 0.398054
v -0.076368 2.021068 -0.168299
v -0.080592 2.003453 0.409843
v -0.090418 2.000050 -0.168937
v -0.097834 1.982283 0.412462
v -0.111446 1.986006 -0.169363
v -0.120926 1.968401 0.405512
v -0.136250 1.981074 -0.169513
v -0.146350 1.963922 0.390051
v -0.161054 1.986006 -0.169363
v -0.170237 1.969527 0.368434
v -0.182082 2.000050 -0.168937
v -0.188949 1.984363 0.343951
v -0.196133 2.021068 -0.168299
v -0.199639 2.006171 0.320329
v -0.201067 2.045861 -0.167546
v -0.200678 2.031631 0.301164
v -0.196133 2.070653 -0.166793
v -0.191909 2.056868 0.289375
v -0.182082 2.091672 -0.166155
v -0.174666 2.078038 0.286757
v -0.161054 2.105716 -0.165729
v -0.151575 2.091919 0.293706
v 0.137793 2.110647 -0.165579
v 0.127693 2.096399 0.309167
v 0.112989 2.105716 -0.165729
v 0.103807 2.090794 0.330784
v 0.091961 2.091672 -0.166155
v 0.085094 2.075958 0.355268
v 0.077911 2.070653 -0.166793
v 0.074404 2.054150 0.378890
v 0.072977 2.045861 -0.167546
v 0.073365 2.028690 0.398054
v 0.077911 2.021068 -0.168299
v 0.082134 2.003453 0.409843
v 0.091961 2.000050 -0.168937
v 0.099377 1.982283 0.412462
v 0.112989 1.986006 -0.169363
v 0.122468 1.968401 0.405512
v 0.137793 1.981074 -0.169513
v 0.147893 1.963922 0.390051
v 0.162597 1.986006 -0.169363
v 0.171779 1.969527 0.368434
v 0.183625 2.000050 -0.168937
v 0.190492 1.984363 0.343951
v 0.197675 2.021068 -0.168299
v 0.201182 2.006171 0.320329
v 0.202609 2.045861 -0.167546
v 0.202221 2.031631 0.301164
v 0.197675 2.070653 -0.166793
v 0.193452 2.056867 0.289375
v 0.183625 2.091672 -0.166155
v 0.176209 2.078038 0.286757
v 0.162597 2.105716 -0.165729
v 0.153118 2.091919 0.293706
v -0.136250 1.705243 -0.177887
v -0.126151 1.690666 0.296849
v -0.111446 1.710175 -0.177737
v -0.102264 1.694949 0.318767
v -0.090418 1.724219 -0.177311
v -0.083551 1.708273 0.344105
v -0.076368 1.745237 -0.176673
v -0.072862 1.728608 0.369006
v -0.071434 1.770030 -0.175920
v -0.071822 1.752859 0.389680
v -0.076368 1.794822 -0.175167
v -0.080592 1.777333 0.402978
v -0.090418 1.815840 -0.174529
v -0.097834 1.798306 0.406876
v -0.111446 1.829884 -0.174103
v -0.120926 1.812583 0.400781
v -0.136250 1.834816 -0.173953
v -0.146350 1.817992 0.385621
v -0.161054 1.829884 -0.174103
v -0.170237 1.813709 0.363703
v -0.182082 1.815840 -0.174529
v -0.188949 1.800385 0.338365
v -0.196133 1.794822 -0.175167
v -0.199639 1.780051 0.313464
v -0.201067 1.770030 -0.175920
v -0.200678 1.755800 0.292791
v -0.196133 1.745237 -0.176673
v -0.191909 1.731325 0.279492
v -0.182082 1.724219 -0.177311
v -0.174666 1.710353 0.275594
v -0.161054 1.710175 -0.177737
v -0.151575 1.696075 0.281689
v 0.137793 1.705243 -0.177887
v 0.127693 1.690666 0.296849
v 0.112989 1.710175 -0.177737
v 0.103807 1.694949 0.318767
v 0.091961 1.724219 -0.177311
v 0.085094 1.708273 0.344105
v 0.077911 1.745237 -0.176673
v 0.074404 1.728608 0.369006
v 0.072977 1.770030 -0.175920
v 0.073365 1.752859 0.389680
v 0.077911 1.794822 -0.175167
v 0.082134 1.777333 0.402978
v 0.091961 1.815840 -0.174529
v 0.099377 1.798306 0.406876
v 0.112989 1.829884 -0.174103
v 0.122468 1.812583 0.400781
v 0.137793 1.834816 -0.173953
v 0.147893 1.817992 0.385621
v 0.162597 1.829884 -0.174103
v 0.171779 1.813709 0.363703
v 0.183625 1.815840 -0.174529
v 0.190492 1.800385 0.338365
v 0.197675 1.794822 -0.175167
v 0.201182 1.780051 0.313464
v 0.202609 1.770030 -0.175920
v 0.202221 1.755800 0.292791
v 0.197675 1.745237 -0.176673
v 0.193452 1.731325 0.279492
v 0.183625 1.724219 -0.177311
v 0.176209 1.710353 0.275594
v 0.162597 1.710175 -0.177737
v 0.153118 1.696075 0.281689
v 0.671505 1.871256 -0.370537
v 0.671505 1.905234 -0.381177
v 0.671505 1.843935 -0.347704
v 0.671505 1.827431 -0.316154
v 0.671505 1.824258 -0.280690
v 0.671505 1.834898 -0.246711
v 0.671505 1.857731 -0.219390
v 0.671505 1.889281 -0.202887
v 0.671505 1.924745 -0.199714
v 0.671505 1.958724 -0.210354
v 0.671505 1.986045 -0.233187
v 0.671505 2.002548 -0.264737
v 0.671505 2.005722 -0.300201
v 0.671505 1.995082 -0.334180
v 0.671505 1.972248 -0.361501
v 0.671505 1.940699 -0.378004
v -0.671926 1.871256 -0.370537
v -0.671926 1.905234 -0.381177
v -0.671926 1.843935 -0.347704
v -0.671926 1.827431 -0.316154
v -0.671926 1.824258 -0.280690
v -0.671926 1.834898 -0.246711
v -0.671926 1.857731 -0.219390
v -0.671926 1.889281 -0.202887
v -0.671926 1.924745 -0.199714
v -0.671926 1.958724 -0.210354
v -0.671926 1.986045 -0.233187
v -0.671926 2.002548 -0.264737
v -0.671926 2.005722 -0.300201
v -0.671926 1.995082 -0.334180
v -0.671926 1.972249 -0.361501
v -0.671926 1.940699 -0.378004
v 0.665722 1.871256 -0.370537
v 0.665722 1.905234 -0.381177
v 0.665722 1.843935 -0.347704
v 0.665722 1.827431 -0.316154
v 0.665722 1.824258 -0.280690
v 0.665722 1.834898 -0.246711
v 0.665722 1.857731 -0.219390
v 0.665722 1.889281 -0.202887
v 0.665722 1.924745 -0.199714
v 0.665722 1.958724 -0.210354
v 0.665722 1.986045 -0.233187
v 0.665722 2.002548 -0.264737
v 0.665722 2.005722 -0.300201
v 0.665722 1.995082 -0.334180
v 0.665722 1.972248 -0.361501
v 0.665722 1.940699 -0.378004
v -0.666143 1.871256 -0.370537
v -0.666143 1.905234 -0.381177
v -0.666143 1.843935 -0.347704
v -0.666143 1.827431 -0.316154
v -0.666143 1.824258 -0.280690
v -0.666143 1.834898 -0.246711
v -0.666143 1.857731 -0.219390
v -0.666143 1.889281 -0.202887
v -0.666143 1.924745 -0.199714
v -0.666143 1.958724 -0.210354
v -0.666143 1.986045 -0.233187
v -0.666143 2.002548 -0.264737
v -0.666143 2.005722 -0.300201
v -0.666143 1.995082 -0.334180
v -0.666143 1.972249 -0.361501
v -0.666143 1.940699 -0.378004
v 0.665722 1.880575 -0.353470
v 0.665722 1.907313 -0.361843
v 0.665722 1.859076 -0.335503
v 0.665722 1.846090 -0.310676
v 0.665722 1.843593 -0.282769
v 0.665722 1.851965 -0.256031
v 0.665722 1.869932 -0.234532
v 0.665722 1.894760 -0.221545
v 0.665722 1.922666 -0.219048
v 0.665722 1.949405 -0.227421
v 0.665722 1.970903 -0.245388
v 0.665722 1.983890 -0.270215
v 0.665722 1.986387 -0.298122
v 0.665722 1.978015 -0.324860
v 0.665722 1.960047 -0.346359
v 0.665722 1.935220 -0.359345
v -0.666143 1.880575 -0.353470
v -0.666143 1.907313 -0.361843
v -0.666143 1.859076 -0.335503
v -0.666143 1.846090 -0.310676
v -0.666143 1.843593 -0.282769
v -0.666143 1.851965 -0.256031
v -0.666143 1.869933 -0.234532
v -0.666143 1.894760 -0.221545
v -0.666143 1.922667 -0.219048
v -0.666143 1.949405 -0.227421
v -0.666143 1.970903 -0.245388
v -0.666143 1.983890 -0.270215
v -0.666143 1.986387 -0.298122
v -0.666143 1.978015 -0.324860
v -0.666143 1.960047 -0.346359
v -0.666143 1.935220 -0.359345
v 0.671642 1.884741 -0.345840
v 0.671642 1.908243 -0.353199
v 0.671642 1.865845 -0.330048
v 0.671642 1.854431 -0.308227
v 0.671642 1.852236 -0.283698
v 0.671642 1.859595 -0.260197
v 0.671642 1.875387 -0.241301
v 0.671642 1.897209 -0.229886
v 0.671642 1.921737 -0.227692
v 0.671642 1.945239 -0.235050
v 0.671642 1.964134 -0.250843
v 0.671642 1.975549 -0.272664
v 0.671642 1.977744 -0.297193
v 0.671642 1.970385 -0.320694
v 0.671642 1.954592 -0.339590
v 0.671642 1.932771 -0.351005
v -0.672062 1.884741 -0.345840
v -0.672062 1.908243 -0.353199
v -0.672062 1.865845 -0.330048
v -0.672062 1.854431 -0.308227
v -0.672062 1.852236 -0.283698
v -0.672062 1.859595 -0.260197
v -0.672062 1.875387 -0.241301
v -0.672062 1.897209 -0.229886
v -0.672062 1.921737 -0.227692
v -0.672062 1.945239 -0.235050
v -0.672062 1.964134 -0.250843
v -0.672062 1.975549 -0.272664
v -0.672062 1.977744 -0.297193
v -0.672062 1.970385 -0.320694
v -0.672062 1.954592 -0.339590
v -0.672062 1.932771 -0.351005
v -0.107541 2.081106 0.342723
v -0.127719 2.085841 0.324462
v -0.091733 2.068573 0.363405
v -0.082703 2.050152 0.383359
v -0.081825 2.028645 0.399548
v -0.089233 2.007326 0.409506
v -0.103799 1.989443 0.411719
v -0.123305 1.977716 0.405848
v -0.144782 1.973932 0.392788
v -0.164960 1.978667 0.374527
v -0.180767 1.991200 0.353845
v -0.189797 2.009622 0.333890
v -0.190675 2.031129 0.317702
v -0.183267 2.052447 0.307743
v -0.168702 2.070330 0.305531
v -0.149196 2.082057 0.311402
v 0.109083 2.081106 0.342723
v 0.129261 2.085841 0.324462
v 0.093276 2.068573 0.363405
v 0.084246 2.050152 0.383359
v 0.083368 2.028645 0.399548
v 0.090776 2.007326 0.409506
v 0.105341 1.989443 0.411719
v 0.124848 1.977716 0.405848
v 0.146325 1.973932 0.392788
v 0.166503 1.978667 0.374527
v 0.182310 1.991200 0.353845
v 0.191340 2.009622 0.333890
v 0.192218 2.031129 0.317702
v 0.184810 2.052447 0.307743
v 0.170244 2.070330 0.305531
v 0.150738 2.082057 0.311402
v -0.107541 1.703895 0.331271
v -0.127719 1.700277 0.312756
v -0.091733 1.715150 0.352675
v -0.082703 1.732327 0.373710
v -0.081825 1.752813 0.391174
v -0.089233 1.773488 0.402407
v -0.103799 1.791204 0.405701
v -0.123305 1.803265 0.400552
v -0.144782 1.807834 0.387745
v -0.164960 1.804216 0.369231
v -0.180767 1.792961 0.347826
v -0.189797 1.775784 0.326791
v -0.190675 1.755298 0.309328
v -0.183267 1.734623 0.298094
v -0.168702 1.716907 0.294801
v -0.149196 1.704846 0.299950
v 0.109083 1.703895 0.331271
v 0.129261 1.700277 0.312756
v 0.093276 1.715150 0.352675
v 0.084246 1.732327 0.373710
v 0.083368 1.752813 0.391174
v 0.090776 1.773488 0.402407
v 0.105341 1.791204 0.405701
v 0.124848 1.803265 0.400552
v 0.146325 1.807834 0.387745
v 0.166503 1.804216 0.369231
v 0.182310 1.792961 0.347826
v 0.191340 1.775784 0.326791
v 0.192218 1.755298 0.309328
v 0.184810 1.734623 0.298094
v 0.170244 1.716907 0.294801
v 0.150738 1.704846 0.299950
v -0.062329 0.404173 -0.279118
v -0.062329 0.350418 -0.265394
v 0.062329 0.350418 -0.265394
v 0.062329 0.404173 -0.279118
v -0.062329 0.300373 -0.241446
v 0.062329 0.300373 -0.241446
v -0.062329 0.255962 -0.208196
v 0.062329 0.255962 -0.208196
v -0.062329 0.218891 -0.166920
v 0.062329 0.218891 -0.166920
v -0.062329 0.190585 -0.119205
v 0.062329 0.190585 -0.119205
v -0.062329 0.172131 -0.066884
v 0.062329 0.172131 -0.066884
v -0.062329 0.164239 -0.011969
v 0.062329 0.164239 -0.011969
v -0.062329 0.167212 0.043431
v 0.062329 0.167212 0.043431
v -0.062329 0.180937 0.097186
v 0.062329 0.180937 0.097186
v -0.062329 0.204884 0.147231
v 0.062329 0.204884 0.147231
v -0.062329 0.238134 0.191642
v 0.062329 0.238134 0.191642
v -0.062329 0.279410 0.228713
v 0.062329 0.279410 0.228713
v -0.062329 0.327125 0.257019
v 0.062329 0.327125 0.257019
v -0.062329 0.379446 0.275473
v 0.062329 0.379446 0.275473
v -0.062329 0.434361 0.283365
v 0.062329 0.434361 0.283365
v -0.062329 0.489761 0.280392
v 0.062329 0.489761 0.280392
v -0.062329 0.543516 0.266668
v 0.062329 0.543516 0.266668
v -0.062329 0.593561 0.242720
v 0.062329 0.593561 0.242720
v -0.062329 0.637972 0.209470
v 0.062329 0.637972 0.209470
v -0.062329 0.675043 0.168194
v 0.062329 0.675043 0.168194
v -0.062329 0.703350 0.120479
v 0.062329 0.703350 0.120479
v -0.062329 0.721803 0.068158
v 0.062329 0.721803 0.068158
v -0.062329 0.729695 0.013243
v 0.062329 0.729695 0.013243
v -0.062329 0.726722 -0.042157
v 0.062329 0.726722 -0.042157
v -0.062329 0.712998 -0.095912
v 0.062329 0.712998 -0.095912
v -0.062329 0.689050 -0.145957
v 0.062329 0.689050 -0.145957
v -0.062329 0.655800 -0.190368
v 0.062329 0.655800 -0.190368
v -0.062329 0.614524 -0.227439
v 0.062329 0.614524 -0.227439
v -0.062329 0.566809 -0.255745
v 0.062329 0.566809 -0.255745
v -0.062329 0.514488 -0.274199
v 0.062329 0.514488 -0.274199
v -0.062329 0.459573 -0.282091
v 0.062329 0.459573 -0.282091
v -0.082615 1.584659 -0.639350
v -0.082109 1.583637 -0.650679
v -0.082109 1.288028 -0.989852
v -0.082606 1.276807 -0.992764
v 0.082606 1.276807 -0.992764
v 0.082109 1.288028 -0.989852
v 0.082109 1.583637 -0.650679
v 0.082615 1.584659 -0.639350
v 0.491453 1.354625 -0.809398
v 0.482620 1.350567 -0.815274
v 0.482620 1.314020 -0.772948
v 0.491453 1.320425 -0.769790
v -0.491873 1.320425 -0.769790
v -0.483041 1.314020 -0.772948
v -0.483041 1.350567 -0.815274
v -0.491873 1.354625 -0.809398
v -0.006596 1.851526 1.200300
v 0.000029 1.850209 1.200260
v -0.012213 1.855278 1.200414
v -0.015966 1.860891 1.200584
v -0.017284 1.867514 1.200785
v -0.015966 1.874136 1.200986
v -0.012213 1.879750 1.201157
v -0.006596 1.883501 1.201271
v 0.000029 1.884819 1.201311
v 0.006654 1.883501 1.201271
v 0.012271 1.879750 1.201157
v 0.016024 1.874136 1.200986
v 0.017342 1.867514 1.200785
v 0.016024 1.860891 1.200584
v 0.012271 1.855278 1.200414
v 0.006654 1.851526 1.200300
v -0.633871 0.018914 0.042447
v -0.633871 0.018914 0.042447
v -0.313852 0.168690 0.062429
v 0.062429 0.160827 -0.313851
v 0.062429 0.160827 -0.313851
v 0.062429 0.000827 -0.313851
v 0.062429 0.000827 -0.313851
v 0.122459 0.000827 -0.295642
v 0.122459 0.160827 -0.295642
v 0.177783 0.000827 -0.266070
v 0.177783 0.160827 -0.266070
v 0.226274 0.000827 -0.226274
v 0.226274 0.160827 -0.226274
v 0.266070 0.000827 -0.177783
v 0.266070 0.160827 -0.177783
v 0.295642 0.000827 -0.122459
v 0.295642 0.160827 -0.122459
v 0.313851 0.000827 -0.062429
v 0.313851 0.000827 -0.062429
v 0.313851 0.160827 -0.062429
v 0.313851 0.160827 -0.062429
v 0.062429 0.000827 0.313851
v 0.062429 0.000827 0.313851
v 0.048438 0.000827 0.633871
v 0.048438 0.000827 0.633871
v -0.048438 0.018914 -0.633871
v -0.048438 0.018914 -0.633871
v -0.062428 0.168690 -0.313852
v 0.313852 0.160827 0.062429
v 0.313852 0.160827 0.062429
v 0.313852 0.000827 0.062429
v 0.313852 0.000827 0.062429
v 0.295642 0.000827 0.122459
v 0.295642 0.160827 0.122459
v 0.266070 0.000827 0.177783
v 0.266070 0.160827 0.177783
v 0.226274 0.000827 0.226274
v 0.226274 0.160827 0.226274
v 0.177783 0.000827 0.266070
v 0.177783 0.160827 0.266070
v 0.122459 0.000827 0.295642
v 0.122459 0.160827 0.295642
v 0.062429 0.160827 0.313851
v 0.062429 0.160827 0.313851
v 0.313851 0.168690 -0.062429
v 0.633871 0.018914 -0.042447
v 0.633871 0.018914 -0.042447
v -0.313852 0.000827 0.062429
v -0.313852 0.000827 0.062429
v -0.633871 0.000827 0.042447
v -0.633871 0.000827 0.042447
v -0.062429 0.160827 0.313851
v -0.062429 0.160827 0.313851
v -0.062429 0.000827 0.313851
v -0.062429 0.000827 0.313851
v -0.122459 0.000827 0.295642
v -0.122459 0.160827 0.295642
v -0.177783 0.000827 0.266070
v -0.177783 0.160827 0.266070
v -0.226274 0.000827 0.226274
v -0.226274 0.160827 0.226274
v -0.266071 0.000827 0.177782
v -0.266071 0.160827 0.177782
v -0.295642 0.000827 0.122458
v -0.295642 0.160827 0.122458
v -0.313852 0.160827 0.062429
v -0.313852 0.160827 0.062429
v -0.062428 0.000827 -0.313852
v -0.062428 0.000827 -0.313852
v -0.048438 0.000827 -0.633871
v -0.048438 0.000827 -0.633871
v -0.313851 0.160827 -0.062429
v -0.313851 0.160827 -0.062429
v -0.313851 0.000827 -0.062429
v -0.313851 0.000827 -0.062429
v -0.295641 0.000827 -0.122459
v -0.295641 0.160827 -0.122459
v -0.266070 0.000827 -0.177783
v -0.266070 0.160827 -0.177783
v -0.226274 0.000827 -0.226275
v -0.226274 0.160827 -0.226275
v -0.177782 0.000827 -0.266071
v -0.177782 0.160827 -0.266071
v -0.122458 0.000827 -0.295642
v -0.122458 0.160827 -0.295642
v -0.062428 0.160827 -0.313852
v -0.062428 0.160827 -0.313852
v 0.105484 0.167363 -0.254661
v 0.053775 0.167363 -0.270347
v 0.053775 0.167363 -0.270347
v 0.153139 0.167363 -0.229189
v 0.194909 0.167363 -0.194909
v 0.229189 0.167363 -0.153139
v 0.254661 0.167363 -0.105484
v 0.270347 0.167363 -0.053775
v 0.270347 0.167363 -0.053775
v 0.254661 0.167363 0.105484
v 0.270347 0.167363 0.053775
v 0.270347 0.167363 0.053775
v 0.229189 0.167363 0.153139
v 0.194909 0.167363 0.194909
v 0.153139 0.167363 0.229189
v 0.105484 0.167363 0.254661
v 0.053775 0.167363 0.270347
v 0.053775 0.167363 0.270347
v -0.105484 0.167363 0.254661
v -0.053775 0.167363 0.270347
v -0.053775 0.167363 0.270347
v -0.153139 0.167363 0.229189
v -0.194910 0.167363 0.194909
v -0.229189 0.167363 0.153139
v -0.254662 0.167363 0.105484
v -0.270347 0.167363 0.053775
v -0.270347 0.167363 0.053775
v -0.254661 0.167363 -0.105485
v -0.270347 0.167363 -0.053776
v -0.270347 0.167363 -0.053776
v -0.229189 0.167363 -0.153140
v -0.194909 0.167363 -0.194910
v -0.153139 0.167363 -0.229189
v -0.105484 0.167363 -0.254662
v -0.053775 0.167363 -0.270347
v -0.053775 0.167363 -0.270347
v 0.062429 0.168690 -0.313851
v 0.048438 0.018914 -0.633871
v 0.048438 0.018914 -0.633871
v -0.053775 0.213833 0.270347
v -0.062429 0.168690 0.313851
v -0.053775 0.213833 -0.270347
v 0.270347 0.213833 0.053775
v 0.313852 0.168690 0.062429
v -0.270347 0.213833 0.053775
v -0.313851 0.168690 -0.062429
v -0.270347 0.213833 -0.053776
v 0.053775 0.213833 0.270347
v 0.062429 0.168690 0.313851
v 0.270347 0.213833 -0.053775
v 0.053775 0.213833 -0.270347
v 0.048438 0.018914 0.633871
v 0.048438 0.018914 0.633871
v 0.633871 0.000827 -0.042447
v 0.633871 0.000827 -0.042447
v 0.633871 0.000856 0.042618
v 0.633871 0.000856 0.042618
v -0.048438 0.000827 0.633871
v -0.048438 0.000827 0.633871
v -0.633871 0.000827 -0.042447
v -0.633871 0.000827 -0.042447
v 0.048438 0.000827 -0.633871
v 0.048438 0.000827 -0.633871
v -0.048438 0.018914 0.633871
v -0.048438 0.018914 0.633871
v 0.633871 0.018914 0.042447
v 0.633871 0.018914 0.042447
v 0.000000 0.018914 -0.633871
v 0.633871 0.018914 -0.000000
v -0.000000 0.018914 0.633871
v -0.633871 0.018914 -0.000000
v -0.633871 0.018914 -0.042447
v -0.633871 0.018914 -0.042447
v 0.053775 0.224528 -0.270347
v 0.000000 0.224528 -0.275644
v 0.105484 0.224528 -0.254661
v 0.153139 0.224528 -0.229189
v 0.194909 0.224528 -0.194909
v 0.229189 0.224528 -0.153139
v 0.254661 0.224528 -0.105484
v 0.270347 0.224528 -0.053775
v 0.275644 0.224528 -0.000000
v 0.270347 0.224528 0.053775
v 0.254661 0.224528 0.105484
v 0.229189 0.224528 0.153139
v 0.194909 0.224528 0.194909
v 0.153139 0.224528 0.229189
v 0.105484 0.224528 0.254661
v 0.053775 0.224528 0.270347
v -0.000000 0.224528 0.275643
v -0.053775 0.224528 0.270347
v -0.105484 0.224528 0.254661
v -0.153139 0.224528 0.229189
v -0.194910 0.224528 0.194909
v -0.229189 0.224528 0.153139
v -0.254662 0.224528 0.105484
v -0.270347 0.224528 0.053775
v -0.275643 0.224528 -0.000000
v -0.270347 0.224528 -0.053776
v -0.254661 0.224528 -0.105485
v -0.229189 0.224528 -0.153140
v -0.194909 0.224528 -0.194910
v -0.153139 0.224528 -0.229189
v -0.105484 0.224528 -0.254662
v -0.053775 0.224528 -0.270347
v -0.053999 0.402118 -0.292553
v -0.053999 0.345782 -0.278169
v 0.053999 0.345782 -0.278169
v 0.053999 0.402118 -0.292553
v -0.053999 0.293333 -0.253072
v 0.053999 0.293333 -0.253072
v -0.053999 0.246789 -0.218225
v 0.053999 0.246789 -0.218225
v -0.053999 0.207938 -0.174966
v 0.053999 0.207938 -0.174966
v -0.053999 0.178272 -0.124960
v 0.053999 0.178272 -0.124960
v -0.053999 0.158932 -0.070127
v 0.053999 0.158932 -0.070127
v -0.053999 0.150661 -0.012574
v 0.053999 0.150661 -0.012574
v -0.053999 0.153777 0.045486
v 0.053999 0.153777 0.045486
v -0.053999 0.168161 0.101823
v 0.053999 0.168161 0.101823
v -0.053999 0.193258 0.154271
v 0.053999 0.193258 0.154271
v -0.053999 0.228105 0.200815
v 0.053999 0.228105 0.200815
v -0.053999 0.271363 0.239666
v 0.053999 0.271363 0.239666
v -0.053999 0.321370 0.269332
v 0.053999 0.321370 0.269332
v -0.053999 0.376203 0.288672
v 0.053999 0.376203 0.288672
v -0.053999 0.433756 0.296943
v 0.053999 0.433756 0.296943
v -0.053999 0.491816 0.293827
v 0.053999 0.491816 0.293827
v -0.053999 0.548153 0.279444
v 0.053999 0.548153 0.279444
v -0.053999 0.600601 0.254346
v 0.053999 0.600601 0.254346
v -0.053999 0.647145 0.219499
v 0.053999 0.647145 0.219499
v -0.053999 0.685997 0.176240
v 0.053999 0.685997 0.176240
v -0.053999 0.715662 0.126234
v 0.053999 0.715662 0.126234
v -0.053999 0.735002 0.071401
v 0.053999 0.735002 0.071401
v -0.053999 0.743273 0.013848
v 0.053999 0.743273 0.013848
v -0.053999 0.740157 -0.044212
v 0.053999 0.740157 -0.044212
v -0.053999 0.725774 -0.100549
v 0.053999 0.725774 -0.100549
v -0.053999 0.700676 -0.152997
v 0.053999 0.700676 -0.152997
v -0.053999 0.665829 -0.199541
v 0.053999 0.665829 -0.199541
v -0.053999 0.622570 -0.238392
v 0.053999 0.622570 -0.238392
v -0.053999 0.572564 -0.268058
v 0.053999 0.572564 -0.268058
v -0.053999 0.517731 -0.287398
v 0.053999 0.517731 -0.287398
v -0.053999 0.460178 -0.295669
v 0.053999 0.460178 -0.295669
v -0.001887 0.554974 -0.431447
v -0.030446 0.558694 -0.427153
v -0.054658 0.569287 -0.414926
v 0.017206 0.573659 -0.409880
v -0.001887 0.571172 -0.412751
v -0.070835 0.585141 -0.396627
v 0.033392 0.580741 -0.401706
v -0.076516 0.603841 -0.375042
v 0.044208 0.591339 -0.389472
v -0.070835 0.622542 -0.353457
v 0.048005 0.603841 -0.375042
v -0.054658 0.638396 -0.335157
v 0.044208 0.616343 -0.360611
v -0.030446 0.648988 -0.322930
v 0.033392 0.626942 -0.348378
v -0.001887 0.652708 -0.318637
v 0.017206 0.634024 -0.340204
v 0.026673 0.648988 -0.322930
v -0.001887 0.636510 -0.337333
v 0.050884 0.638396 -0.335157
v -0.020980 0.634024 -0.340203
v 0.067062 0.622542 -0.353457
v -0.037166 0.626942 -0.348378
v 0.072743 0.603841 -0.375042
v -0.047981 0.616343 -0.360611
v 0.067062 0.585141 -0.396627
v -0.051779 0.603841 -0.375042
v 0.050884 0.569287 -0.414926
v -0.047981 0.591339 -0.389472
v 0.026673 0.558694 -0.427153
v -0.037166 0.580741 -0.401706
v -0.020980 0.573659 -0.409880
v -0.000148 0.817878 -0.127989
v -0.028708 0.821598 -0.123696
v -0.052919 0.832191 -0.111469
v 0.018945 0.836562 -0.106422
v -0.000148 0.834076 -0.109293
v -0.069097 0.848044 -0.093169
v 0.035131 0.843644 -0.098248
v -0.074777 0.866745 -0.071584
v 0.045946 0.854243 -0.086015
v -0.069097 0.885446 -0.049999
v 0.049744 0.866745 -0.071584
v -0.052919 0.901299 -0.031700
v 0.045946 0.879247 -0.057154
v -0.028708 0.911892 -0.019473
v 0.035131 0.889846 -0.044920
v -0.000148 0.915612 -0.015179
v 0.018945 0.896928 -0.036746
v 0.028411 0.911892 -0.019473
v -0.000148 0.899414 -0.033875
v 0.052623 0.901299 -0.031700
v -0.019241 0.896928 -0.036746
v 0.068800 0.885446 -0.049999
v -0.035427 0.889846 -0.044920
v 0.074481 0.866745 -0.071584
v -0.046243 0.879247 -0.057154
v 0.068800 0.848044 -0.093169
v -0.050040 0.866745 -0.071584
v 0.052623 0.832191 -0.111469
v -0.046243 0.854243 -0.086015
v 0.028411 0.821598 -0.123696
v -0.035427 0.843644 -0.098248
v -0.019241 0.836562 -0.106422
v -0.098253 1.068783 -0.917759
v -0.098253 1.068783 -0.917759
v -0.098253 1.473609 -0.452861
v -0.098253 1.473609 -0.452861
v 0.098253 1.068783 -0.917759
v 0.098253 1.068783 -0.917759
v 0.098253 1.473609 -0.452861
v 0.098253 1.473609 -0.452861
v -0.137093 1.340072 -0.901408
v -0.137093 1.286936 -0.884770
v 0.137093 1.286936 -0.884770
v 0.137093 1.340072 -0.901408
v -0.137093 1.244212 -0.849063
v 0.137093 1.244212 -0.849063
v -0.137093 1.218404 -0.799725
v 0.137093 1.218404 -0.799725
v -0.137093 1.213441 -0.744267
v 0.137093 1.213442 -0.744267
v -0.137093 1.230080 -0.691130
v 0.137093 1.230080 -0.691130
v -0.137093 1.265786 -0.648406
v 0.137093 1.265786 -0.648406
v -0.137093 1.315124 -0.622598
v 0.137093 1.315124 -0.622598
v -0.137093 1.370583 -0.617636
v 0.137093 1.370583 -0.617636
v -0.137093 1.423719 -0.634275
v 0.137093 1.423719 -0.634275
v -0.137093 1.466443 -0.669981
v 0.137093 1.466443 -0.669981
v -0.137093 1.492251 -0.719319
v 0.137093 1.492251 -0.719319
v -0.137093 1.497213 -0.774778
v 0.137093 1.497213 -0.774778
v -0.137093 1.480575 -0.827914
v 0.137093 1.480575 -0.827914
v -0.137093 1.444869 -0.870638
v 0.137093 1.444869 -0.870638
v -0.137093 1.395531 -0.896446
v 0.137093 1.395531 -0.896446
v -0.137093 1.343902 -0.865782
v -0.137093 1.304108 -0.853321
v 0.137093 1.304108 -0.853321
v 0.137093 1.343902 -0.865782
v -0.137093 1.272112 -0.826580
v 0.137093 1.272112 -0.826580
v -0.137093 1.252784 -0.789630
v 0.137093 1.252784 -0.789630
v -0.137093 1.249068 -0.748097
v 0.137093 1.249068 -0.748097
v -0.137093 1.261528 -0.708303
v 0.137093 1.261529 -0.708303
v -0.137093 1.288269 -0.676306
v 0.137093 1.288269 -0.676306
v -0.137093 1.325219 -0.656979
v 0.137093 1.325219 -0.656979
v -0.137093 1.366752 -0.653262
v 0.137093 1.366752 -0.653262
v -0.137093 1.406547 -0.665723
v 0.137093 1.406547 -0.665723
v -0.137093 1.438543 -0.692464
v 0.137093 1.438543 -0.692464
v -0.137093 1.457871 -0.729414
v 0.137093 1.457871 -0.729414
v -0.137093 1.461587 -0.770947
v 0.137093 1.461587 -0.770947
v -0.137093 1.449126 -0.810741
v 0.137093 1.449126 -0.810741
v -0.137093 1.422386 -0.842738
v 0.137093 1.422386 -0.842738
v -0.137093 1.385436 -0.862065
v 0.137093 1.385436 -0.862065
v -0.239290 1.349492 -0.813790
v -0.239290 1.329169 -0.807427
v 0.239290 1.329169 -0.807427
v 0.239290 1.349492 -0.813790
v -0.239290 1.312828 -0.793770
v 0.239290 1.312828 -0.793770
v -0.239290 1.302957 -0.774899
v 0.239290 1.302957 -0.774899
v -0.239290 1.301059 -0.753687
v 0.239290 1.301059 -0.753687
v -0.239290 1.307423 -0.733364
v 0.239290 1.307423 -0.733364
v -0.239290 1.321080 -0.717023
v 0.239290 1.321080 -0.717023
v -0.239290 1.339951 -0.707152
v 0.239290 1.339951 -0.707152
v -0.239290 1.361162 -0.705254
v 0.239290 1.361162 -0.705254
v -0.239290 1.381486 -0.711618
v 0.239290 1.381486 -0.711618
v -0.239290 1.397827 -0.725274
v 0.239290 1.397827 -0.725274
v -0.239290 1.407698 -0.744145
v 0.239290 1.407698 -0.744145
v -0.239290 1.409596 -0.765357
v 0.239290 1.409596 -0.765357
v -0.239290 1.403232 -0.785681
v 0.239290 1.403232 -0.785681
v -0.239290 1.389575 -0.802022
v 0.239290 1.389575 -0.802022
v -0.239290 1.370704 -0.811892
v 0.239290 1.370704 -0.811892
v 0.368078 1.621761 -0.429163
v 0.379953 1.796555 -0.257222
v 0.379953 1.796555 -0.257222
v 0.379953 1.893835 -0.369885
v 0.379953 1.893835 -0.369885
v 0.379953 1.931118 -0.413064
v 0.379953 1.931118 -0.413064
v 0.352198 1.473990 -0.758664
v 0.352198 1.473990 -0.758664
v 0.352198 1.473990 -0.758664
v 0.345868 1.375156 -0.843751
v 0.345868 1.375156 -0.843751
v 0.663615 1.894837 -0.371046
v 0.663615 1.894837 -0.371046
v 0.663615 1.832836 -0.299240
v 0.663615 1.832836 -0.299240
v 0.368078 1.735536 -0.560929
v 0.603038 1.704522 -0.525011
v 0.522030 1.450019 -0.730903
v 0.603038 1.652775 -0.465082
v 0.522030 1.411986 -0.686856
v 0.239117 1.406112 -0.764998
v 0.239117 1.406112 -0.764998
v 0.239117 1.347752 -0.809147
v 0.239117 1.347752 -0.809147
v 0.239117 1.306199 -0.761023
v 0.239117 1.306199 -0.761023
v 0.239117 1.358383 -0.709722
v 0.239117 1.358383 -0.709722
v 0.352198 1.388015 -0.659094
v 0.352198 1.388015 -0.659094
v 0.345868 1.289431 -0.744471
v -0.239538 1.306199 -0.761023
v -0.239538 1.306199 -0.761023
v -0.239538 1.358383 -0.709722
v -0.239538 1.358383 -0.709722
v -0.239538 1.406112 -0.764998
v -0.239538 1.406112 -0.764998
v -0.239538 1.347752 -0.809147
v -0.239538 1.347752 -0.809147
v -0.346289 1.375156 -0.843751
v -0.346289 1.375156 -0.843751
v -0.352618 1.388015 -0.659094
v -0.352618 1.388015 -0.659094
v -0.346289 1.289431 -0.744471
v -0.352618 1.473990 -0.758664
v -0.352618 1.473990 -0.758664
v -0.352618 1.473990 -0.758664
v -0.603459 1.652775 -0.465082
v -0.522451 1.411986 -0.686856
v -0.603459 1.704522 -0.525011
v -0.522451 1.450019 -0.730903
v -0.380374 1.893835 -0.369885
v -0.380374 1.893835 -0.369885
v -0.380374 1.931118 -0.413064
v -0.380374 1.931118 -0.413064
v -0.368498 1.735536 -0.560929
v -0.368498 1.621761 -0.429163
v -0.380374 1.796555 -0.257222
v -0.380374 1.796555 -0.257222
v -0.664036 1.832836 -0.299240
v -0.664036 1.832836 -0.299240
v -0.664036 1.894837 -0.371046
v -0.664036 1.894837 -0.371046
v 0.413110 1.894749 -0.478696
v 0.413110 1.968330 -0.472112
v 0.413110 2.033791 -0.437871
v 0.413110 2.081165 -0.381186
v 0.413110 2.103240 -0.310686
v 0.413110 2.096656 -0.237105
v 0.413110 2.062415 -0.171645
v 0.413110 2.005730 -0.124271
v 0.413110 1.935230 -0.102195
v 0.413110 1.861650 -0.108779
v 0.413110 1.796189 -0.143020
v 0.413110 1.748815 -0.199705
v 0.413110 1.726740 -0.270205
v 0.413110 1.733324 -0.343786
v 0.413110 1.777603 -0.419770
v 0.413110 1.824250 -0.456620
v 0.388353 1.897303 -0.454941
v 0.388352 1.961599 -0.449188
v 0.388352 1.948127 -0.403303
v 0.388352 1.988793 -0.382032
v 0.671505 1.860828 -0.389634
v 0.671505 1.902908 -0.402811
v 0.388352 2.027848 -0.257308
v 0.388352 2.006576 -0.216642
v 0.671505 1.826993 -0.361357
v 0.388353 1.971361 -0.187211
v 0.388353 1.927564 -0.173497
v 0.671505 1.806555 -0.322284
v 0.388353 1.881853 -0.177587
v 0.388353 1.841186 -0.198859
v 0.671505 1.802624 -0.278364
v 0.388353 1.811756 -0.234074
v 0.388353 1.798042 -0.277871
v 0.671505 1.815801 -0.236283
v 0.388353 1.802132 -0.323582
v 0.388353 1.823403 -0.364249
v 0.671505 1.844079 -0.202448
v 0.388353 1.858618 -0.393679
v 0.388353 1.902415 -0.407394
v 0.671505 1.883151 -0.182010
v 0.388352 2.018224 -0.346817
v 0.671505 1.927071 -0.178080
v 0.388352 2.031938 -0.303020
v 0.671505 1.969152 -0.191257
v 0.671505 2.002987 -0.219534
v 0.671505 2.023426 -0.258607
v 0.671505 2.027355 -0.302527
v 0.671505 2.014179 -0.344608
v 0.671505 1.985901 -0.378443
v 0.671505 1.946829 -0.398881
v 0.388353 1.795098 -0.403580
v 0.388353 1.835700 -0.435651
v 0.388353 1.750494 -0.272759
v 0.388353 1.756248 -0.337055
v 0.388353 1.811180 -0.161623
v 0.388353 1.769784 -0.211155
v 0.388353 1.932676 -0.125950
v 0.388353 1.868380 -0.131703
v 0.388352 2.043812 -0.186636
v 0.388353 1.994280 -0.145240
v 0.388352 2.079485 -0.308132
v 0.388352 2.073732 -0.243836
v 0.388352 2.018799 -0.419268
v 0.388352 2.060195 -0.369735
v 0.368078 1.704012 -0.524421
v 0.368078 1.704012 -0.524421
v 0.368078 1.653800 -0.466269
v 0.368078 1.653800 -0.466269
v 0.379953 1.834448 -0.301107
v 0.379953 1.834448 -0.301107
v 0.315819 1.835132 -0.300516
v 0.315819 1.835132 -0.300516
v 0.315819 1.894520 -0.369294
v 0.315819 1.894520 -0.369294
v 0.349445 1.704697 -0.523830
v 0.349445 1.704697 -0.523830
v 0.349445 1.654484 -0.465678
v 0.349445 1.654484 -0.465678
v -0.413530 1.894749 -0.478696
v -0.413530 1.968330 -0.472112
v -0.413530 2.033791 -0.437871
v -0.413530 2.081165 -0.381186
v -0.413530 2.103240 -0.310686
v -0.413530 2.096656 -0.237105
v -0.413530 2.062415 -0.171645
v -0.413530 2.005730 -0.124271
v -0.413530 1.935230 -0.102195
v -0.413530 1.861650 -0.108779
v -0.413530 1.796189 -0.143020
v -0.413530 1.748815 -0.199705
v -0.413530 1.726740 -0.270205
v -0.413530 1.733324 -0.343786
v -0.413530 1.777603 -0.419770
v -0.413530 1.824250 -0.456620
v -0.388773 1.897303 -0.454941
v -0.388773 1.961599 -0.449188
v -0.388773 1.948127 -0.403303
v -0.388773 1.988793 -0.382032
v -0.671926 1.860828 -0.389634
v -0.671926 1.902908 -0.402811
v -0.388773 2.027848 -0.257308
v -0.388773 2.006576 -0.216642
v -0.671926 1.826993 -0.361357
v -0.388773 1.971361 -0.187211
v -0.388773 1.927564 -0.173497
v -0.671926 1.806555 -0.322284
v -0.388773 1.881853 -0.177587
v -0.388773 1.841186 -0.198859
v -0.671926 1.802625 -0.278364
v -0.388773 1.811756 -0.234074
v -0.388773 1.798042 -0.277871
v -0.671926 1.815801 -0.236283
v -0.388773 1.802132 -0.323582
v -0.388773 1.823404 -0.364249
v -0.671926 1.844079 -0.202448
v -0.388773 1.858618 -0.393679
v -0.388773 1.902415 -0.407394
v -0.671926 1.883152 -0.182010
v -0.388773 2.018224 -0.346817
v -0.671926 1.927071 -0.178080
v -0.388773 2.031938 -0.303020
v -0.671926 1.969152 -0.191257
v -0.671926 2.002987 -0.219534
v -0.671926 2.023426 -0.258607
v -0.671926 2.027355 -0.302527
v -0.671926 2.014179 -0.344608
v -0.671926 1.985901 -0.378443
v -0.671926 1.946829 -0.398881
v -0.388773 1.795097 -0.403580
v -0.388773 1.835700 -0.435651
v -0.388773 1.750494 -0.272759
v -0.388773 1.756248 -0.337055
v -0.388773 1.811180 -0.161623
v -0.388773 1.769784 -0.211155
v -0.388773 1.932676 -0.125950
v -0.388773 1.868380 -0.131703
v -0.388773 2.043812 -0.186636
v -0.388773 1.994280 -0.145240
v -0.388773 2.079485 -0.308132
v -0.388773 2.073732 -0.243836
v -0.388773 2.018799 -0.419268
v -0.388773 2.060195 -0.369735
v -0.368498 1.704012 -0.524421
v -0.368498 1.704012 -0.524421
v -0.368498 1.653800 -0.466269
v -0.368498 1.653800 -0.466269
v -0.380374 1.834448 -0.301107
v -0.380374 1.834448 -0.301107
v -0.316240 1.835132 -0.300516
v -0.316240 1.835132 -0.300516
v -0.316240 1.894520 -0.369294
v -0.316240 1.894520 -0.369294
v -0.349866 1.704697 -0.523830
v -0.349866 1.704697 -0.523830
v -0.349866 1.654485 -0.465678
v -0.349866 1.654485 -0.465678
v -0.035892 1.793375 0.785024
v 0.000029 1.786234 0.784807
v -0.066344 1.813714 0.785641
v -0.086692 1.844151 0.786566
v -0.093837 1.880056 0.787656
v -0.086692 1.915961 0.788746
v -0.066344 1.946399 0.789670
v -0.035892 1.966737 0.790287
v 0.000029 1.973879 0.790504
v 0.035950 1.966737 0.790287
v 0.066402 1.946399 0.789670
v 0.086750 1.915961 0.788746
v 0.093895 1.880056 0.787656
v 0.086750 1.844151 0.786566
v 0.066402 1.813714 0.785641
v 0.035950 1.793375 0.785024
v -0.027076 1.814649 0.785670
v 0.000029 1.809260 0.785506
v -0.050054 1.829996 0.786136
v -0.065408 1.852963 0.786833
v -0.070800 1.880056 0.787656
v -0.065408 1.907149 0.788478
v -0.050054 1.930117 0.789175
v -0.027076 1.945463 0.789641
v 0.000029 1.950852 0.789805
v 0.027134 1.945463 0.789641
v 0.050112 1.930117 0.789175
v 0.065466 1.907149 0.788478
v 0.070858 1.880056 0.787656
v 0.065466 1.852963 0.786833
v 0.050112 1.829996 0.786136
v 0.027134 1.814649 0.785670
v -0.027076 1.807555 1.019333
v 0.000029 1.802167 1.019169
v -0.050054 1.822902 1.019799
v -0.065408 1.845870 1.020496
v -0.070800 1.872962 1.021318
v -0.065408 1.900055 1.022141
v -0.050054 1.923023 1.022838
v -0.027076 1.938369 1.023304
v 0.000029 1.943758 1.023468
v 0.027134 1.938369 1.023304
v 0.050112 1.923023 1.022838
v 0.065466 1.900055 1.022141
v 0.070858 1.872962 1.021318
v 0.065466 1.845870 1.020496
v 0.050112 1.822902 1.019799
v 0.027134 1.807555 1.019333
v -0.102264 2.090794 0.330784
v -0.126151 2.096399 0.309167
v -0.083551 2.075958 0.355268
v -0.072862 2.054150 0.378890
v -0.071822 2.028690 0.398054
v -0.080592 2.003453 0.409843
v -0.097834 1.982283 0.412462
v -0.120926 1.968401 0.405512
v -0.146350 1.963922 0.390051
v -0.170237 1.969527 0.368434
v -0.188949 1.984363 0.343951
v -0.199639 2.006171 0.320329
v -0.199639 2.006171 0.320329
v -0.196133 2.021068 -0.168299
v -0.200678 2.031631 0.301164
v -0.201067 2.045861 -0.167546
v 0.103807 2.090794 0.330784
v 0.127693 2.096399 0.309167
v 0.085094 2.075958 0.355268
v 0.074404 2.054150 0.378890
v 0.073365 2.028690 0.398054
v 0.082134 2.003453 0.409843
v 0.099377 1.982283 0.412462
v 0.122468 1.968401 0.405512
v 0.147893 1.963922 0.390051
v 0.171779 1.969527 0.368434
v 0.190492 1.984363 0.343951
v 0.201182 2.006171 0.320329
v 0.201182 2.006171 0.320329
v 0.197675 2.021068 -0.168299
v 0.202221 2.031631 0.301164
v 0.202609 2.045861 -0.167546
v -0.102264 1.694949 0.318767
v -0.126151 1.690666 0.296849
v -0.083551 1.708273 0.344105
v -0.072862 1.728608 0.369006
v -0.071822 1.752859 0.389680
v -0.080592 1.777333 0.402978
v -0.097834 1.798306 0.406876
v -0.120926 1.812583 0.400781
v -0.146350 1.817992 0.385621
v -0.170237 1.813709 0.363703
v -0.188949 1.800385 0.338365
v -0.199639 1.780051 0.313464
v -0.199639 1.780051 0.313464
v -0.196133 1.794822 -0.175167
v -0.200678 1.755800 0.292791
v -0.201067 1.770030 -0.175920
v 0.103807 1.694949 0.318767
v 0.127693 1.690666 0.296849
v 0.085094 1.708273 0.344105
v 0.074404 1.728608 0.369006
v 0.073365 1.752859 0.389680
v 0.082134 1.777333 0.402978
v 0.099377 1.798306 0.406876
v 0.122468 1.812583 0.400781
v 0.147893 1.817992 0.385621
v 0.171779 1.813709 0.363703
v 0.190492 1.800385 0.338365
v 0.201182 1.780051 0.313464
v 0.201182 1.780051 0.313464
v 0.197675 1.794822 -0.175167
v 0.202221 1.755800 0.292791
v 0.202609 1.770030 -0.175920
v 0.671505 1.871256 -0.370537
v 0.671505 1.905234 -0.381177
v 0.671505 1.843935 -0.347704
v 0.671505 1.827431 -0.316154
v 0.671505 1.824258 -0.280690
v 0.671505 1.834898 -0.246711
v 0.671505 1.857731 -0.219390
v 0.671505 1.889281 -0.202887
v 0.671505 1.924745 -0.199714
v 0.671505 1.958724 -0.210354
v 0.671505 1.986045 -0.233187
v 0.671505 2.002548 -0.264737
v 0.671505 2.005722 -0.300201
v 0.671505 1.995082 -0.334180
v 0.671505 1.972248 -0.361501
v 0.671505 1.940699 -0.378004
v -0.671926 1.871256 -0.370537
v -0.671926 1.905234 -0.381177
v -0.671926 1.843935 -0.347704
v -0.671926 1.827431 -0.316154
v -0.671926 1.824258 -0.280690
v -0.671926 1.834898 -0.246711
v -0.671926 1.857731 -0.219390
v -0.671926 1.889281 -0.202887
v -0.671926 1.924745 -0.199714
v -0.671926 1.958724 -0.210354
v -0.671926 1.986045 -0.233187
v -0.671926 2.002548 -0.264737
v -0.671926 2.005722 -0.300201
v -0.671926 1.995082 -0.334180
v -0.671926 1.972249 -0.361501
v -0.671926 1.940699 -0.378004
v 0.665722 1.871256 -0.370537
v 0.665722 1.905234 -0.381177
v 0.665722 1.843935 -0.347704
v 0.665722 1.827431 -0.316154
v 0.665722 1.824258 -0.280690
v 0.665722 1.834898 -0.246711
v 0.665722 1.857731 -0.219390
v 0.665722 1.889281 -0.202887
v 0.665722 1.924745 -0.199714
v 0.665722 1.958724 -0.210354
v 0.665722 1.986045 -0.233187
v 0.665722 2.002548 -0.264737
v 0.665722 2.005722 -0.300201
v 0.665722 1.995082 -0.334180
v 0.665722 1.972248 -0.361501
v 0.665722 1.940699 -0.378004
v -0.666143 1.871256 -0.370537
v -0.666143 1.905234 -0.381177
v -0.666143 1.843935 -0.347704
v -0.666143 1.827431 -0.316154
v -0.666143 1.824258 -0.280690
v -0.666143 1.834898 -0.246711
v -0.666143 1.857731 -0.219390
v -0.666143 1.889281 -0.202887
v -0.666143 1.924745 -0.199714
v -0.666143 1.958724 -0.210354
v -0.666143 1.986045 -0.233187
v -0.666143 2.002548 -0.264737
v -0.666143 2.005722 -0.300201
v -0.666143 1.995082 -0.334180
v -0.666143 1.972249 -0.361501
v -0.666143 1.940699 -0.378004
v 0.665722 1.880575 -0.353470
v 0.665722 1.907313 -0.361843
v 0.665722 1.859076 -0.335503
v 0.665722 1.846090 -0.310676
v 0.665722 1.843593 -0.282769
v 0.665722 1.851965 -0.256031
v 0.665722 1.869932 -0.234532
v 0.665722 1.894760 -0.221545
v 0.665722 1.922666 -0.219048
v 0.665722 1.949405 -0.227421
v 0.665722 1.970903 -0.245388
v 0.665722 1.983890 -0.270215
v 0.665722 1.986387 -0.298122
v 0.665722 1.978015 -0.324860
v 0.665722 1.960047 -0.346359
v 0.665722 1.935220 -0.359345
v -0.666143 1.880575 -0.353470
v -0.666143 1.907313 -0.361843
v -0.666143 1.859076 -0.335503
v -0.666143 1.846090 -0.310676
v -0.666143 1.843593 -0.282769
v -0.666143 1.851965 -0.256031
v -0.666143 1.869933 -0.234532
v -0.666143 1.894760 -0.221545
v -0.666143 1.922667 -0.219048
v -0.666143 1.949405 -0.227421
v -0.666143 1.970903 -0.245388
v -0.666143 1.983890 -0.270215
v -0.666143 1.986387 -0.298122
v -0.666143 1.978015 -0.324860
v -0.666143 1.960047 -0.346359
v -0.666143 1.935220 -0.359345
v 0.671642 1.884741 -0.345840
v 0.671642 1.908243 -0.353199
v 0.671642 1.865845 -0.330048
v 0.671642 1.854431 -0.308227
v 0.671642 1.852236 -0.283698
v 0.671642 1.859595 -0.260197
v 0.671642 1.875387 -0.241301
v 0.671642 1.897209 -0.229886
v 0.671642 1.921737 -0.227692
v 0.671642 1.945239 -0.235050
v 0.671642 1.964134 -0.250843
v 0.671642 1.975549 -0.272664
v 0.671642 1.977744 -0.297193
v 0.671642 1.970385 -0.320694
v 0.671642 1.954592 -0.339590
v 0.671642 1.932771 -0.351005
v -0.672062 1.884741 -0.345840
v -0.672062 1.908243 -0.353199
v -0.672062 1.865845 -0.330048
v -0.672062 1.854431 -0.308227
v -0.672062 1.852236 -0.283698
v -0.672062 1.859595 -0.260197
v -0.672062 1.875387 -0.241301
v -0.672062 1.897209 -0.229886
v -0.672062 1.921737 -0.227692
v -0.672062 1.945239 -0.235050
v -0.672062 1.964134 -0.250843
v -0.672062 1.975549 -0.272664
v -0.672062 1.977744 -0.297193
v -0.672062 1.970385 -0.320694
v -0.672062 1.954592 -0.339590
v -0.672062 1.932771 -0.351005
v -0.082703 2.050152 0.383359
v -0.081825 2.028645 0.399548
v -0.089233 2.007326 0.409506
v -0.103799 1.989443 0.411719
v -0.123305 1.977716 0.405848
v -0.144782 1.973932 0.392788
v -0.164960 1.978667 0.374527
v 0.084246 2.050152 0.383359
v 0.083368 2.028645 0.399548
v 0.090776 2.007326 0.409506
v 0.105341 1.989443 0.411719
v 0.124848 1.977716 0.405848
v 0.146325 1.973932 0.392788
v 0.166503 1.978667 0.374527
v -0.082703 1.732327 0.373710
v -0.081825 1.752813 0.391174
v -0.089233 1.773488 0.402407
v -0.103799 1.791204 0.405701
v -0.123305 1.803265 0.400552
v -0.144782 1.807834 0.387745
v -0.164960 1.804216 0.369231
v 0.084246 1.732327 0.373710
v 0.083368 1.752813 0.391174
v 0.090776 1.773488 0.402407
v 0.105341 1.791204 0.405701
v 0.124848 1.803265 0.400552
v 0.146325 1.807834 0.387745
v 0.166503 1.804216 0.369231
v -0.062329 0.404173 -0.279118
v -0.062329 0.350418 -0.265394
v 0.062329 0.350418 -0.265394
v 0.062329 0.404173 -0.279118
v -0.062329 0.300373 -0.241446
v 0.062329 0.300373 -0.241446
v -0.062329 0.255962 -0.208196
v 0.062329 0.255962 -0.208196
v -0.062329 0.218891 -0.166920
v 0.062329 0.218891 -0.166920
v -0.062329 0.190585 -0.119205
v 0.062329 0.190585 -0.119205
v -0.062329 0.172131 -0.066884
v 0.062329 0.172131 -0.066884
v -0.062329 0.164239 -0.011969
v 0.062329 0.164239 -0.011969
v -0.062329 0.167212 0.043431
v 0.062329 0.167212 0.043431
v -0.062329 0.180937 0.097186
v 0.062329 0.180937 0.097186
v -0.062329 0.204884 0.147231
v 0.062329 0.204884 0.147231
v -0.062329 0.238134 0.191642
v 0.062329 0.238134 0.191642
v -0.062329 0.279410 0.228713
v 0.062329 0.279410 0.228713
v -0.062329 0.327125 0.257019
v 0.062329 0.327125 0.257019
v -0.062329 0.379446 0.275473
v 0.062329 0.379446 0.275473
v -0.062329 0.434361 0.283365
v 0.062329 0.434361 0.283365
v -0.062329 0.489761 0.280392
v 0.062329 0.489761 0.280392
v -0.062329 0.543516 0.266668
v 0.062329 0.543516 0.266668
v -0.062329 0.593561 0.242720
v 0.062329 0.593561 0.242720
v -0.062329 0.637972 0.209470
v 0.062329 0.637972 0.209470
v -0.062329 0.675043 0.168194
v 0.062329 0.675043 0.168194
v -0.062329 0.703350 0.120479
v 0.062329 0.703350 0.120479
v -0.062329 0.721803 0.068158
v 0.062329 0.721803 0.068158
v -0.062329 0.729695 0.013243
v 0.062329 0.729695 0.013243
v -0.062329 0.726722 -0.042157
v 0.062329 0.726722 -0.042157
v -0.062329 0.712998 -0.095912
v 0.062329 0.712998 -0.095912
v -0.062329 0.689050 -0.145957
v 0.062329 0.689050 -0.145957
v -0.062329 0.655800 -0.190368
v 0.062329 0.655800 -0.190368
v -0.062329 0.614524 -0.227439
v 0.062329 0.614524 -0.227439
v -0.062329 0.566809 -0.255745
v 0.062329 0.566809 -0.255745
v -0.062329 0.514488 -0.274199
v 0.062329 0.514488 -0.274199
v -0.062329 0.459573 -0.282091
v 0.062329 0.459573 -0.282091
v -0.082606 1.276807 -0.992764
v -0.082606 1.276807 -0.992764
v -0.082109 1.288028 -0.989852
v -0.082109 1.288028 -0.989852
v 0.082109 1.288028 -0.989852
v 0.082109 1.288028 -0.989852
v 0.082606 1.276807 -0.992764
v 0.082606 1.276807 -0.992764
v 0.082615 1.584659 -0.639350
v 0.082615 1.584659 -0.639350
v 0.082109 1.583637 -0.650679
v 0.082109 1.583637 -0.650679
v -0.082109 1.583637 -0.650679
v -0.082109 1.583637 -0.650679
v -0.082615 1.584659 -0.639350
v -0.082615 1.584659 -0.639350
v 0.482620 1.350567 -0.815274
v 0.482620 1.350567 -0.815274
v 0.491453 1.354625 -0.809398
v 0.491453 1.354625 -0.809398
v -0.491873 1.354625 -0.809398
v -0.491873 1.354625 -0.809398
v -0.483041 1.350567 -0.815274
v -0.483041 1.350567 -0.815274
v 0.491453 1.320425 -0.769790
v 0.491453 1.320425 -0.769790
v 0.482620 1.314020 -0.772948
v 0.482620 1.314020 -0.772948
v -0.483041 1.314020 -0.772948
v -0.483041 1.314020 -0.772948
v -0.491873 1.320425 -0.769790
v -0.491873 1.320425 -0.769790
vt 0.269454 0.220182
vt 0.248006 0.218070
vt 0.267375 0.120694
vt 0.191713 0.032499
vt 0.261917 0.102702
vt 0.260592 0.104318
vt 0.377284 0.088791
vt 0.279909 0.108160
vt 0.279302 0.106161
vt 0.208374 0.201653
vt 0.263533 0.119102
vt 0.265375 0.120087
vt 0.227381 0.008666
vt 0.265375 0.100392
vt 0.263533 0.101377
vt 0.377284 0.131688
vt 0.279909 0.112319
vt 0.280114 0.110240
vt 0.178041 0.171320
vt 0.260592 0.116162
vt 0.261917 0.117777
vt 0.269454 0.000297
vt 0.269454 0.099580
vt 0.267375 0.099785
vt 0.360868 0.171320
vt 0.278317 0.116162
vt 0.279302 0.114319
vt 0.167881 0.152313
vt 0.161625 0.131688
vt 0.259000 0.112319
vt 0.330535 0.201653
vt 0.275376 0.119102
vt 0.276992 0.117777
vt 0.311528 0.008666
vt 0.273534 0.100392
vt 0.271534 0.099785
vt 0.161625 0.088791
vt 0.259000 0.108160
vt 0.258795 0.110240
vt 0.290903 0.218070
vt 0.271534 0.120694
vt 0.273534 0.120087
vt 0.347196 0.032499
vt 0.276992 0.102702
vt 0.275376 0.101377
vt 0.178041 0.049159
vt 0.259607 0.106161
vt 0.360868 0.049159
vt 0.371028 0.068166
vt 0.227381 0.211813
vt 0.208374 0.018826
vt 0.379397 0.110240
vt 0.191714 0.187981
vt 0.248006 0.002410
vt 0.371028 0.152313
vt 0.259607 0.114319
vt 0.347196 0.187981
vt 0.290903 0.002410
vt 0.159512 0.110240
vt 0.311528 0.211813
vt 0.330535 0.018826
vt 0.167881 0.068167
vt 0.269454 0.120899
vt 0.278317 0.104318
vt 0.013308 0.958120
vt 0.044907 0.945031
vt 0.047729 0.949255
vt 0.038865 0.896421
vt 0.051954 0.928019
vt 0.047729 0.930842
vt 0.038865 0.983677
vt 0.023545 0.973440
vt 0.056936 0.892826
vt 0.056936 0.927028
vt 0.104159 0.940049
vt 0.100564 0.958120
vt 0.068966 0.945031
vt 0.066143 0.949255
vt 0.440150 0.331688
vt 0.440101 0.279922
vt 0.447101 0.279915
vt 0.397474 0.360091
vt 0.391263 0.360091
vt 0.391263 0.275385
vt 0.381177 0.360091
vt 0.381177 0.275385
vt 0.367603 0.360091
vt 0.367603 0.275385
vt 0.351063 0.360091
vt 0.351063 0.275385
vt 0.332193 0.360091
vt 0.332193 0.275385
vt 0.311718 0.360091
vt 0.311718 0.275385
vt 0.499142 0.662658
vt 0.489266 0.674692
vt 0.489989 0.656542
vt 0.415514 0.331218
vt 0.415514 0.279452
vt 0.423503 0.279452
vt 0.107342 0.360091
vt 0.083071 0.360091
vt 0.083071 0.275385
vt 0.060702 0.360091
vt 0.060702 0.275385
vt 0.041096 0.360091
vt 0.041096 0.275385
vt 0.025006 0.360091
vt 0.025006 0.275385
vt 0.013049 0.360091
vt 0.013049 0.275385
vt 0.005687 0.360091
vt 0.005687 0.275385
vt 0.364709 0.618539
vt 0.353702 0.618539
vt 0.366024 0.605194
vt 0.111559 0.360091
vt 0.118968 0.360091
vt 0.118968 0.275385
vt 0.130998 0.360091
vt 0.130998 0.275385
vt 0.147189 0.360091
vt 0.147189 0.275385
vt 0.166917 0.360091
vt 0.166917 0.275385
vt 0.189425 0.360091
vt 0.189425 0.275385
vt 0.213847 0.360091
vt 0.213847 0.275385
vt 0.870615 0.093777
vt 0.872775 0.131695
vt 0.882831 0.131750
vt 0.219158 0.360091
vt 0.240158 0.360091
vt 0.240158 0.275385
vt 0.259511 0.360091
vt 0.259511 0.275385
vt 0.276475 0.360091
vt 0.276475 0.275385
vt 0.290396 0.360091
vt 0.290396 0.275385
vt 0.300740 0.360091
vt 0.300740 0.275385
vt 0.376961 0.674692
vt 0.367085 0.662658
vt 0.376237 0.656542
vt 0.443774 0.363351
vt 0.443491 0.415116
vt 0.436491 0.415078
vt 0.307111 0.360091
vt 0.307111 0.275385
vt 0.931198 0.550093
vt 0.887500 0.526735
vt 0.873116 0.574151
vt 0.596830 0.229133
vt 0.596830 0.264222
vt 0.592945 0.264222
vt 0.352522 0.536066
vt 0.352522 0.570251
vt 0.384525 0.537042
vt 0.496310 0.644716
vt 0.417621 0.696425
vt 0.402724 0.691906
vt 0.406936 0.681736
vt 0.388994 0.552511
vt 0.395110 0.561663
vt 0.384744 0.570170
vt 0.821775 0.498709
vt 0.788521 0.493713
vt 0.788521 0.499723
vt 0.359746 0.588150
vt 0.369916 0.592362
vt 0.489266 0.562386
vt 0.499142 0.574420
vt 0.489989 0.580536
vt 0.359747 0.648929
vt 0.355227 0.634032
vt 0.366024 0.631884
vt 0.477232 0.684567
vt 0.471117 0.675415
vt 0.481482 0.666908
vt 0.448606 0.540653
vt 0.463503 0.545172
vt 0.459290 0.555342
vt 0.384744 0.666908
vt 0.395110 0.675415
vt 0.417621 0.540653
vt 0.419768 0.551449
vt 0.406936 0.555342
vt 0.506480 0.648929
vt 0.500203 0.631884
vt 0.376961 0.562387
vt 0.376237 0.580536
vt 0.510999 0.603047
vt 0.500203 0.605194
vt 0.496310 0.592362
vt 0.061919 0.952078
vt 0.056936 0.953069
vt 0.448606 0.696425
vt 0.446458 0.685629
vt 0.459290 0.681736
vt 0.481482 0.570170
vt 0.471117 0.561663
vt 0.369916 0.644716
vt 0.384525 0.531258
vt 0.388995 0.684567
vt 0.402724 0.545172
vt 0.415514 0.362949
vt 0.415514 0.414715
vt 0.407526 0.414715
vt 0.367085 0.574420
vt 0.506480 0.588149
vt 0.592014 0.529432
vt 0.625268 0.524435
vt 0.625268 0.530446
vt 0.463503 0.691906
vt 0.477232 0.552511
vt 0.433113 0.539127
vt 0.433113 0.550135
vt 0.512525 0.618539
vt 0.501517 0.618539
vt 0.419768 0.685629
vt 0.433113 0.686943
vt 0.355227 0.603047
vt 0.446458 0.551449
vt 0.433113 0.697951
vt 0.510999 0.634031
vt 0.592057 0.529502
vt 0.592057 0.565023
vt 0.625311 0.530516
vt 0.392448 0.373574
vt 0.361810 0.368970
vt 0.361810 0.374508
vt 0.391953 0.374565
vt 0.391953 0.407292
vt 0.361314 0.375499
vt 0.917570 0.529697
vt 0.912030 0.526735
vt 0.906017 0.524912
vt 0.331417 0.229586
vt 0.372408 0.229586
vt 0.331417 0.264110
vt 0.425811 0.361935
vt 0.423503 0.414715
vt 0.821704 0.498763
vt 0.821704 0.534284
vt 0.788450 0.499777
vt 0.007882 0.007863
vt 0.059508 0.007863
vt 0.007882 0.010223
vt 0.433100 0.279929
vt 0.397474 0.275385
vt 0.450492 0.415154
vt 0.059508 0.010223
vt 0.007882 0.017213
vt 0.007882 0.028564
vt 0.059508 0.028564
vt 0.965246 0.680126
vt 0.997382 0.680126
vt 0.965246 0.695043
vt 0.061919 0.928019
vt 0.066143 0.930842
vt 0.997382 0.695043
vt 0.965246 0.709960
vt 0.997382 0.709960
vt 0.965246 0.724303
vt 0.997382 0.724303
vt 0.965246 0.737523
vt 0.566530 0.229586
vt 0.578487 0.229586
vt 0.566530 0.264110
vt 0.965202 0.855849
vt 0.997548 0.855849
vt 0.965202 0.865420
vt 0.392448 0.406301
vt 0.452816 0.229586
vt 0.489142 0.229586
vt 0.452816 0.264110
vt 0.872505 0.229133
vt 0.907461 0.229133
vt 0.872505 0.264222
vt 0.007882 0.062455
vt 0.059508 0.062455
vt 0.007882 0.043841
vt 0.744350 0.223104
vt 0.741241 0.167868
vt 0.716734 0.223098
vt 0.361314 0.369962
vt 0.255674 0.229586
vt 0.292001 0.229586
vt 0.255674 0.264110
vt 0.454075 0.362393
vt 0.788450 0.493766
vt 0.717758 0.229133
vt 0.755687 0.229133
vt 0.717758 0.264222
vt 0.405218 0.332232
vt 0.407526 0.279452
vt 0.652164 0.229133
vt 0.682803 0.229133
vt 0.652164 0.264222
vt 0.429855 0.332712
vt 0.938100 0.229133
vt 0.938100 0.264222
vt 0.907461 0.264222
vt 0.292001 0.264110
vt 0.627020 0.229133
vt 0.627020 0.264222
vt 0.608335 0.264222
vt 0.981928 0.229133
vt 0.981928 0.264222
vt 0.963244 0.264222
vt 0.413400 0.229586
vt 0.413400 0.264110
vt 0.372408 0.264110
vt 0.682803 0.264222
vt 0.997319 0.229133
vt 0.997319 0.264222
vt 0.993434 0.264222
vt 0.489142 0.264110
vt 0.755687 0.264222
vt 0.547113 0.229586
vt 0.547113 0.264110
vt 0.520982 0.264110
vt 0.178287 0.229586
vt 0.178287 0.264110
vt 0.166330 0.264110
vt 0.834577 0.229133
vt 0.834577 0.264222
vt 0.795132 0.264222
vt 0.578487 0.264110
vt 0.223834 0.229586
vt 0.223834 0.264110
vt 0.197704 0.264110
vt 0.608335 0.229133
vt 0.963244 0.229133
vt 0.993434 0.229133
vt 0.520982 0.229586
vt 0.166330 0.229586
vt 0.162293 0.264110
vt 0.795132 0.229133
vt 0.197704 0.229586
vt 0.582524 0.229586
vt 0.582524 0.264110
vt 0.059508 0.130698
vt 0.059508 0.106734
vt 0.007882 0.106734
vt 0.059508 0.083691
vt 0.007882 0.083691
vt 0.059508 0.043841
vt 0.059508 0.017213
vt 0.965246 0.652563
vt 0.997382 0.652563
vt 0.997382 0.665782
vt 0.997382 0.737523
vt 0.997382 0.749110
vt 0.965246 0.749110
vt 0.997382 0.758619
vt 0.965246 0.758619
vt 0.997548 0.758669
vt 0.997548 0.771975
vt 0.965202 0.771975
vt 0.997548 0.786413
vt 0.997548 0.801428
vt 0.965202 0.801428
vt 0.997548 0.816442
vt 0.997548 0.830880
vt 0.965202 0.830880
vt 0.997548 0.844186
vt 0.965202 0.844186
vt 0.997548 0.865420
vt 0.059508 0.198941
vt 0.059508 0.177705
vt 0.007882 0.177705
vt 0.059508 0.154662
vt 0.007882 0.130698
vt 0.007882 0.154662
vt 0.178438 0.370090
vt 0.167055 0.370061
vt 0.166690 0.514389
vt 0.451240 0.212856
vt 0.449146 0.212858
vt 0.449003 0.014083
vt 0.188088 0.370114
vt 0.194536 0.370130
vt 0.194171 0.514459
vt 0.443184 0.212862
vt 0.443040 0.014088
vt 0.146021 0.370008
vt 0.155672 0.370032
vt 0.155306 0.514361
vt 0.831298 0.096958
vt 0.828638 0.073942
vt 0.817170 0.091105
vt 0.434260 0.212868
vt 0.139573 0.369991
vt 0.139208 0.514320
vt 0.145656 0.514336
vt 0.434117 0.014094
vt 0.423734 0.212876
vt 0.187723 0.514443
vt 0.178073 0.514418
vt 0.413208 0.212884
vt 0.413065 0.014109
vt 0.929375 0.544081
vt 0.926413 0.538540
vt 0.404285 0.212890
vt 0.404141 0.014116
vt 0.219158 0.275385
vt 0.398322 0.212894
vt 0.398179 0.014120
vt 0.396228 0.212896
vt 0.784487 0.527148
vt 0.784487 0.622630
vt 0.791943 0.622572
vt 0.396085 0.014121
vt 0.767824 0.527702
vt 0.775321 0.527645
vt 0.775321 0.622628
vt 0.929375 0.568610
vt 0.931198 0.562598
vt 0.922427 0.579008
vt 0.791943 0.527090
vt 0.799399 0.622630
vt 0.132282 0.652605
vt 0.140273 0.652626
vt 0.333171 0.519172
vt 0.343223 0.523339
vt 0.336108 0.533995
vt 0.423591 0.014102
vt 0.877102 0.533683
vt 0.870154 0.544081
vt 0.069957 0.940049
vt 0.767824 0.622686
vt 0.760327 0.622628
vt 0.152232 0.652656
vt 0.166339 0.652692
vt 0.791943 0.713885
vt 0.801183 0.713957
vt 0.180447 0.652727
vt 0.192406 0.652758
vt 0.782703 0.713957
vt 0.767824 0.713884
vt 0.200397 0.652778
vt 0.777114 0.713813
vt 0.078864 0.369684
vt 0.067481 0.369656
vt 0.067116 0.513984
vt 0.343241 0.602564
vt 0.336126 0.613220
vt 0.328433 0.605521
vt 0.132442 0.213016
vt 0.130348 0.213017
vt 0.130205 0.014243
vt 0.088515 0.369709
vt 0.094963 0.369725
vt 0.094597 0.514054
vt 0.124386 0.213022
vt 0.124242 0.014247
vt 0.056098 0.369627
vt 0.055733 0.513955
vt 0.046082 0.513931
vt 0.809045 0.719760
vt 0.809045 0.688505
vt 0.809045 0.689432
vt 0.115462 0.213028
vt 0.046448 0.369602
vt 0.040000 0.369586
vt 0.039634 0.513915
vt 0.043916 0.940049
vt 0.104936 0.213036
vt 0.104793 0.014261
vt 0.088149 0.514038
vt 0.094410 0.213043
vt 0.094267 0.014269
vt 0.078499 0.514013
vt 0.085487 0.213050
vt 0.085343 0.014276
vt 0.450447 0.332692
vt 0.079524 0.213054
vt 0.079381 0.014280
vt 0.881959 0.529697
vt 0.077430 0.213056
vt 0.077287 0.014281
vt 0.636539 0.535185
vt 0.629504 0.535239
vt 0.629504 0.624361
vt 0.664416 0.535663
vt 0.664416 0.625090
vt 0.657358 0.625144
vt 0.636539 0.624307
vt 0.643573 0.624361
vt 0.913480 0.726877
vt 0.892306 0.730558
vt 0.937993 0.845263
vt 0.032708 0.652200
vt 0.040699 0.652221
vt 0.115319 0.014254
vt 0.885405 0.093857
vt 0.292644 0.581590
vt 0.282593 0.577424
vt 0.289708 0.566767
vt 0.657358 0.535717
vt 0.650300 0.625090
vt 0.052658 0.652251
vt 0.066766 0.652287
vt 0.636539 0.709539
vt 0.645256 0.709605
vt 0.080873 0.652322
vt 0.092832 0.652353
vt 0.627821 0.709605
vt 0.657358 0.711006
vt 0.648611 0.710939
vt 0.100823 0.652373
vt 0.666105 0.710939
vt 0.576865 0.143548
vt 0.528733 0.143548
vt 0.528733 0.214164
vt 0.708020 0.220784
vt 0.583169 0.170422
vt 0.729239 0.170381
vt 0.710124 0.159017
vt 0.731232 0.108567
vt 0.585161 0.108930
vt 0.462235 0.119340
vt 0.519832 0.119340
vt 0.519832 0.216028
vt 0.717021 0.049665
vt 0.714088 0.008324
vt 0.750910 0.008324
vt 0.747678 0.609892
vt 0.747678 0.606927
vt 0.672842 0.606927
vt 0.747678 0.598484
vt 0.672842 0.598484
vt 0.747678 0.585847
vt 0.747678 0.570942
vt 0.672842 0.570942
vt 0.747678 0.556037
vt 0.672842 0.556037
vt 0.747678 0.543400
vt 0.672842 0.543400
vt 0.747678 0.534957
vt 0.672842 0.534957
vt 0.747678 0.531992
vt 0.672842 0.531992
vt 0.748608 0.687782
vt 0.748608 0.702578
vt 0.674322 0.702578
vt 0.748512 0.613946
vt 0.748512 0.622423
vt 0.673377 0.622423
vt 0.748512 0.635110
vt 0.673377 0.635110
vt 0.748512 0.650075
vt 0.673377 0.650075
vt 0.748512 0.665039
vt 0.673377 0.665039
vt 0.748512 0.677726
vt 0.748406 0.643873
vt 0.748406 0.628969
vt 0.673576 0.628969
vt 0.748512 0.686203
vt 0.673377 0.686203
vt 0.536581 0.058931
vt 0.568410 0.047415
vt 0.568410 0.041900
vt 0.536581 0.004643
vt 0.568410 0.019689
vt 0.568410 0.018395
vt 0.850316 0.093528
vt 0.851973 0.131434
vt 0.863448 0.131434
vt 0.745791 0.161671
vt 0.745771 0.111651
vt 0.742944 0.111652
vt 0.023545 0.906657
vt 0.692871 0.496332
vt 0.684326 0.509121
vt 0.677327 0.502122
vt 0.775050 0.496332
vt 0.759505 0.502122
vt 0.766505 0.509121
vt 0.537452 0.106146
vt 0.595567 0.080375
vt 0.537452 0.077090
vt 0.821775 0.534230
vt 0.620031 0.466161
vt 0.629176 0.469949
vt 0.617031 0.481247
vt 0.912030 0.585956
vt 0.917570 0.582994
vt 0.865105 0.072196
vt 0.863448 0.034290
vt 0.851973 0.034290
vt 0.716746 0.223213
vt 0.741254 0.167982
vt 0.744363 0.223219
vt 0.715376 0.223098
vt 0.710755 0.453372
vt 0.702210 0.466161
vt 0.711355 0.469949
vt 0.218309 0.425411
vt 0.218309 0.374939
vt 0.268781 0.374939
vt 0.290065 0.386463
vt 0.309457 0.433279
vt 0.356274 0.413887
vt 0.536290 0.011085
vt 0.568694 0.022809
vt 0.568694 0.028423
vt 0.536581 0.002109
vt 0.536581 0.035395
vt 0.536581 0.048132
vt 0.536290 0.003739
vt 0.568694 0.019057
vt 0.536290 0.035046
vt 0.536290 0.048013
vt 0.568694 0.041668
vt 0.568410 0.023374
vt 0.536290 0.001160
vt 0.568694 0.017740
vt 0.536290 0.059007
vt 0.568694 0.047283
vt 0.536581 0.022657
vt 0.536581 0.011858
vt 0.536290 0.066352
vt 0.568694 0.051034
vt 0.568410 0.028889
vt 0.536290 0.068931
vt 0.568694 0.052352
vt 0.536290 0.022078
vt 0.568410 0.035395
vt 0.568694 0.035046
vt 0.568410 0.051100
vt 0.536581 0.066146
vt 0.568410 0.052394
vt 0.536581 0.068680
vt 0.588248 0.440674
vt 0.588248 0.496666
vt 0.540090 0.480628
vt 0.242916 0.684283
vt 0.214816 0.676557
vt 0.214816 0.665073
vt 0.555082 0.743296
vt 0.499106 0.687908
vt 0.495316 0.690899
vt 0.548266 0.885867
vt 0.447425 0.885175
vt 0.482192 0.744679
vt 0.603614 0.719760
vt 0.603614 0.720824
vt 0.603614 0.689432
vt 0.548266 0.883329
vt 0.482192 0.743830
vt 0.557798 0.687359
vt 0.557798 0.689271
vt 0.930466 0.743830
vt 0.857577 0.743296
vt 0.864392 0.883329
vt 0.893512 0.587779
vt 0.854860 0.687359
vt 0.864392 0.885867
vt 0.857577 0.745213
vt 0.930466 0.744679
vt 0.904602 0.682126
vt 0.904105 0.679621
vt 0.885184 0.682910
vt 0.530093 0.136734
vt 0.580113 0.114553
vt 0.530093 0.111726
vt 0.533534 0.480469
vt 0.485377 0.496507
vt 0.485377 0.440515
vt 0.297383 0.495241
vt 0.282574 0.498199
vt 0.289689 0.487543
vt 0.720783 0.161681
vt 0.913552 0.688722
vt 0.917343 0.691661
vt 0.809045 0.720824
vt 0.854860 0.689271
vt 0.133531 0.449323
vt 0.102188 0.449323
vt 0.102188 0.440182
vt 0.766933 0.721345
vt 0.813378 0.752378
vt 0.805673 0.752378
vt 0.844412 0.798824
vt 0.834344 0.798824
vt 0.855310 0.853609
vt 0.844412 0.853609
vt 0.844412 0.908395
vt 0.834344 0.908395
vt 0.813378 0.954840
vt 0.805673 0.954840
vt 0.766933 0.985874
vt 0.762763 0.985874
vt 0.143938 0.178713
vt 0.143938 0.167788
vt 0.155350 0.167956
vt 0.067217 0.270623
vt 0.067217 0.254021
vt 0.089946 0.254021
vt 0.762763 0.721345
vt 0.783728 0.752378
vt 0.805673 0.798824
vt 0.813378 0.853609
vt 0.805673 0.908395
vt 0.783728 0.954840
vt 0.750887 0.985874
vt 0.012145 0.270623
vt 0.012343 0.254021
vt 0.025219 0.254021
vt 0.750887 0.752378
vt 0.733113 0.721345
vt 0.762763 0.798824
vt 0.766933 0.853609
vt 0.762763 0.908395
vt 0.750887 0.954840
vt 0.733113 0.985874
vt 0.143938 0.249985
vt 0.155350 0.249856
vt 0.155350 0.260742
vt 0.712147 0.752378
vt 0.712147 0.721345
vt 0.712147 0.798824
vt 0.712147 0.853609
vt 0.712147 0.908395
vt 0.712147 0.954840
vt 0.712147 0.985874
vt 0.706266 0.092408
vt 0.658174 0.092408
vt 0.658174 0.089118
vt 0.133531 0.486137
vt 0.102188 0.486137
vt 0.102188 0.480029
vt 0.673408 0.752378
vt 0.691182 0.721345
vt 0.661532 0.798824
vt 0.657362 0.853609
vt 0.661532 0.908395
vt 0.673408 0.954840
vt 0.691182 0.985874
vt 0.143938 0.214349
vt 0.143938 0.195063
vt 0.155350 0.195133
vt 0.640566 0.752378
vt 0.618622 0.798824
vt 0.610916 0.853609
vt 0.618622 0.908395
vt 0.640566 0.954840
vt 0.673408 0.985874
vt 0.122288 0.270623
vt 0.109367 0.270623
vt 0.109215 0.254021
vt 0.706266 0.009236
vt 0.658174 0.009236
vt 0.658174 0.005945
vt 0.618622 0.752378
vt 0.661532 0.721345
vt 0.589951 0.798824
vt 0.579883 0.853609
vt 0.589951 0.908395
vt 0.618622 0.954840
vt 0.661532 0.985874
vt 0.044405 0.270623
vt 0.044487 0.254021
vt 0.610916 0.752378
vt 0.657362 0.721345
vt 0.579883 0.798824
vt 0.568985 0.853609
vt 0.579883 0.908395
vt 0.610916 0.954840
vt 0.657362 0.985874
vt 0.007607 0.270623
vt 0.007822 0.254021
vt 0.925552 0.291533
vt 0.961752 0.315721
vt 0.955746 0.315721
vt 0.985940 0.351921
vt 0.978093 0.351921
vt 0.994434 0.394621
vt 0.985940 0.394621
vt 0.985940 0.437322
vt 0.978093 0.437322
vt 0.961752 0.473522
vt 0.955746 0.473522
vt 0.925552 0.497710
vt 0.922302 0.497710
vt 0.868331 0.562598
vt 0.870155 0.568611
vt 0.922302 0.291533
vt 0.938643 0.315721
vt 0.955746 0.351921
vt 0.961752 0.394621
vt 0.955746 0.437322
vt 0.938643 0.473522
vt 0.913046 0.497710
vt 0.133531 0.460106
vt 0.102188 0.460106
vt 0.913046 0.291533
vt 0.913046 0.315721
vt 0.922302 0.351921
vt 0.925552 0.394621
vt 0.922302 0.437322
vt 0.913046 0.473522
vt 0.899192 0.497710
vt 0.842879 0.055415
vt 0.845802 0.062473
vt 0.866048 0.058446
vt 0.908860 0.068539
vt 0.903458 0.073942
vt 0.914926 0.091105
vt 0.882852 0.315721
vt 0.882852 0.291533
vt 0.882852 0.351921
vt 0.882852 0.394621
vt 0.882852 0.437322
vt 0.882852 0.473522
vt 0.882852 0.497710
vt 0.143938 0.233635
vt 0.155350 0.233566
vt 0.921985 0.134521
vt 0.914926 0.131597
vt 0.903458 0.148761
vt 0.852658 0.315721
vt 0.866511 0.291533
vt 0.843401 0.351921
vt 0.840151 0.394621
vt 0.843401 0.437322
vt 0.852658 0.473522
vt 0.866511 0.497710
vt 0.921985 0.088182
vt 0.918954 0.111351
vt 0.810112 0.088182
vt 0.805503 0.111351
vt 0.813143 0.111351
vt 0.827060 0.315721
vt 0.809957 0.351921
vt 0.803951 0.394621
vt 0.809957 0.437322
vt 0.827060 0.473522
vt 0.852658 0.497710
vt 0.889218 0.055415
vt 0.886294 0.062473
vt 0.823236 0.068539
vt 0.809957 0.315721
vt 0.843401 0.291533
vt 0.787610 0.351921
vt 0.779763 0.394621
vt 0.787610 0.437322
vt 0.809957 0.473522
vt 0.843401 0.497710
vt 0.842879 0.167288
vt 0.866048 0.171897
vt 0.866048 0.164257
vt 0.810112 0.134521
vt 0.817170 0.131597
vt 0.823236 0.154163
vt 0.828638 0.148761
vt 0.926594 0.111351
vt 0.866048 0.050806
vt 0.889218 0.167288
vt 0.886294 0.160230
vt 0.908860 0.154163
vt 0.845802 0.160230
vt 0.712147 0.710447
vt 0.712147 0.996771
vt 0.750887 0.721345
vt 0.673408 0.721345
vt 0.882852 0.283039
vt 0.882852 0.506204
vt 0.899192 0.291533
vt 0.852658 0.291533
vt 0.840151 0.291533
vt 0.803951 0.315721
vt 0.779763 0.351921
vt 0.771269 0.394621
vt 0.779763 0.437322
vt 0.803951 0.473522
vt 0.840151 0.497710
vt 0.122090 0.254021
vt 0.126611 0.254021
vt 0.706266 0.065721
vt 0.658174 0.065721
vt 0.658174 0.079746
vt 0.155350 0.214349
vt 0.706266 0.032633
vt 0.658174 0.032633
vt 0.658174 0.049177
vt 0.147127 0.161943
vt 0.147127 0.158107
vt 0.158538 0.158289
vt 0.143938 0.260910
vt 0.155350 0.264564
vt 0.025066 0.270623
vt 0.090028 0.270623
vt 0.155350 0.178842
vt 0.133531 0.470888
vt 0.102188 0.470888
vt 0.051954 0.952078
vt 0.543256 0.514464
vt 0.543256 0.502041
vt 0.585004 0.512898
vt 0.903661 0.111351
vt 0.900798 0.125745
vt 0.543256 0.493740
vt 0.585004 0.507925
vt 0.413398 0.501266
vt 0.470753 0.493193
vt 0.470753 0.481132
vt 0.965246 0.665782
vt 0.543256 0.490825
vt 0.585004 0.506179
vt 0.415407 0.510970
vt 0.472762 0.496054
vt 0.472762 0.485829
vt 0.405218 0.361935
vt 0.471867 0.467707
vt 0.452379 0.525062
vt 0.454778 0.525062
vt 0.415407 0.522374
vt 0.472762 0.502886
vt 0.460463 0.467707
vt 0.445547 0.525062
vt 0.415407 0.526379
vt 0.472762 0.505285
vt 0.443395 0.467707
vt 0.435322 0.525062
vt 0.543256 0.567413
vt 0.543256 0.564498
vt 0.585003 0.550313
vt 0.423261 0.467707
vt 0.423261 0.525062
vt 0.922427 0.533683
vt 0.543256 0.556197
vt 0.585003 0.545340
vt 0.543256 0.543773
vt 0.585004 0.537898
vt 0.543256 0.529119
vt 0.585004 0.529119
vt 0.965202 0.786413
vt 0.585004 0.520340
vt 0.658174 0.018607
vt 0.706266 0.079746
vt 0.133531 0.480029
vt 0.133531 0.440182
vt 0.102188 0.434074
vt 0.706266 0.005945
vt 0.706266 0.018607
vt 0.706266 0.049177
vt 0.706266 0.089118
vt 0.877102 0.579008
vt 0.881959 0.582994
vt 0.119273 0.741818
vt 0.268903 0.756012
vt 0.119707 0.706646
vt 0.543169 0.991046
vt 0.421426 0.990237
vt 0.543169 0.988045
vt 0.447425 0.884021
vt 0.495316 0.691661
vt 0.499106 0.688723
vt 0.555082 0.745213
vt 0.625311 0.524506
vt 0.543169 0.988890
vt 0.421426 0.988855
vt 0.580113 0.111726
vt 0.474232 0.659836
vt 0.464179 0.649782
vt 0.486790 0.641041
vt 0.570695 0.989278
vt 0.556263 0.884432
vt 0.906017 0.587779
vt 0.887500 0.585956
vt 0.893512 0.524912
vt 0.007326 0.702079
vt 0.006813 0.743677
vt 0.118859 0.741813
vt 0.350513 0.979953
vt 0.350513 0.910186
vt 0.367442 0.910158
vt 0.543169 0.990215
vt 0.548266 0.885164
vt 0.556263 0.885551
vt 0.570695 0.990603
vt 0.133885 0.382363
vt 0.133885 0.391504
vt 0.102541 0.391504
vt 0.025989 0.215416
vt 0.026140 0.231878
vt 0.013373 0.231878
vt 0.089946 0.249869
vt 0.067217 0.249869
vt 0.067217 0.233267
vt 0.025219 0.249869
vt 0.012343 0.249869
vt 0.012145 0.233267
vt 0.122196 0.231878
vt 0.109429 0.231878
vt 0.109580 0.215416
vt 0.655706 0.089151
vt 0.655706 0.092442
vt 0.607615 0.092442
vt 0.133885 0.422210
vt 0.133885 0.428318
vt 0.102541 0.428318
vt 0.067784 0.215416
vt 0.067784 0.231878
vt 0.045246 0.231878
vt 0.122288 0.233267
vt 0.122090 0.249869
vt 0.109215 0.249869
vt 0.655706 0.005978
vt 0.655706 0.009269
vt 0.607615 0.009269
vt 0.044487 0.249869
vt 0.007822 0.249869
vt 0.133885 0.402287
vt 0.102541 0.402287
vt 0.866048 0.013882
vt 0.828748 0.021302
vt 0.823362 0.008298
vt 0.956098 0.074051
vt 0.934969 0.042430
vt 0.944922 0.032477
vt 0.090322 0.231878
vt 0.090404 0.215416
vt 0.934969 0.180272
vt 0.956098 0.148651
vt 0.969102 0.154038
vt 0.963517 0.111351
vt 0.969102 0.068665
vt 0.762994 0.068665
vt 0.775998 0.074051
vt 0.768579 0.111351
vt 0.903348 0.021302
vt 0.908735 0.008298
vt 0.797127 0.042430
vt 0.828748 0.201401
vt 0.866048 0.208821
vt 0.866048 0.222896
vt 0.775998 0.148651
vt 0.762994 0.154038
vt 0.797127 0.180272
vt 0.787174 0.032477
vt 0.903348 0.201401
vt 0.944922 0.190225
vt 0.787174 0.190225
vt 0.126611 0.249869
vt 0.655706 0.079779
vt 0.655706 0.065754
vt 0.607615 0.065754
vt 0.655706 0.049210
vt 0.655706 0.032666
vt 0.607615 0.032666
vt 0.006835 0.221493
vt 0.006951 0.231114
vt 0.004331 0.231114
vt 0.126679 0.231878
vt 0.122393 0.215416
vt 0.025066 0.233267
vt 0.109367 0.233267
vt 0.045165 0.215416
vt 0.133885 0.413069
vt 0.102541 0.413069
vt 0.007882 0.198941
vt 0.107342 0.275385
vt 0.533118 0.514926
vt 0.491370 0.520802
vt 0.491370 0.513359
vt 0.930069 0.137870
vt 0.935344 0.111351
vt 0.491370 0.508387
vt 0.533118 0.494202
vt 0.355428 0.474024
vt 0.355428 0.486085
vt 0.412783 0.494157
vt 0.491370 0.506640
vt 0.355428 0.496309
vt 0.412783 0.511225
vt 0.391646 0.521561
vt 0.394046 0.521561
vt 0.374557 0.464206
vt 0.355428 0.503142
vt 0.412783 0.522630
vt 0.400877 0.521561
vt 0.385962 0.464206
vt 0.355428 0.505541
vt 0.412783 0.526635
vt 0.411102 0.521561
vt 0.403030 0.464206
vt 0.533118 0.567874
vt 0.491370 0.552521
vt 0.491370 0.550774
vt 0.423163 0.521561
vt 0.423163 0.464206
vt 0.466271 0.083445
vt 0.523321 0.086670
vt 0.466271 0.111969
vt 0.491370 0.545802
vt 0.533118 0.556658
vt 0.491370 0.538359
vt 0.162293 0.229586
vt 0.533118 0.544235
vt 0.491370 0.529580
vt 0.533118 0.529580
vt 0.655706 0.018640
vt 0.607615 0.079779
vt 0.102541 0.422210
vt 0.133885 0.376255
vt 0.102541 0.382363
vt 0.607615 0.005978
vt 0.607615 0.018640
vt 0.607615 0.049210
vt 0.607615 0.089151
vt 0.802027 0.084833
vt 0.869489 0.991046
vt 0.965233 0.885175
vt 0.873116 0.538540
vt 0.965233 0.884021
vt 0.869489 0.988045
vt 0.235306 0.641123
vt 0.235306 0.613641
vt 0.263974 0.621524
vt 0.869489 0.988890
vt 0.869489 0.990215
vt 0.991232 0.990237
vt 0.882799 0.072527
vt 0.880396 0.034623
vt 0.870340 0.034632
vt 0.242916 0.657347
vt 0.264850 0.662157
vt 0.264850 0.675213
vt 0.856396 0.884432
vt 0.841964 0.989278
vt 0.111559 0.275385
vt 0.433483 0.362281
vt 0.913552 0.687908
vt 0.119293 0.706641
vt 0.387479 0.979643
vt 0.370400 0.979614
vt 0.370400 0.909229
vt 0.841964 0.990603
vt 0.856396 0.885551
vt 0.190750 0.777339
vt 0.190750 0.773111
vt 0.008266 0.788820
vt 0.457339 0.731948
vt 0.457433 0.705797
vt 0.288551 0.711193
vt 0.190750 0.879979
vt 0.008265 0.865466
vt 0.008265 0.856830
vt 0.372478 0.764480
vt 0.372478 0.778757
vt 0.209741 0.789442
vt 0.190750 0.807402
vt 0.190750 0.789381
vt 0.008266 0.800488
vt 0.279832 0.790349
vt 0.441603 0.779728
vt 0.441603 0.800967
vt 0.008265 0.813413
vt 0.441603 0.826021
vt 0.279832 0.826021
vt 0.190750 0.867937
vt 0.441603 0.851074
vt 0.008265 0.843905
vt 0.441603 0.872314
vt 0.279832 0.861692
vt 0.008265 0.828659
vt 0.372478 0.871896
vt 0.372478 0.886172
vt 0.209741 0.872212
vt 0.008266 0.791852
vt 0.456983 0.705663
vt 0.456889 0.731815
vt 0.288029 0.731211
vt 0.008265 0.868498
vt 0.456796 0.757966
vt 0.287957 0.751362
vt 0.212928 0.631870
vt 0.212928 0.618549
vt 0.190750 0.849916
vt 0.209741 0.861211
vt 0.439828 0.871841
vt 0.439828 0.850601
vt 0.278057 0.844853
vt 0.190750 0.828659
vt 0.439828 0.825548
vt 0.278057 0.825548
vt 0.190750 0.884207
vt 0.439828 0.800494
vt 0.592014 0.564953
vt 0.439828 0.779255
vt 0.278057 0.789876
vt 0.288407 0.751496
vt 0.457246 0.758099
vt 0.392884 0.602145
vt 0.392307 0.577910
vt 0.402360 0.587963
vt 0.302527 0.962667
vt 0.111570 0.962667
vt 0.111570 0.979332
vt 0.302527 0.923350
vt 0.111570 0.923350
vt 0.111570 0.943008
vt 0.302527 0.906685
vt 0.111570 0.906685
vt 0.111570 0.895550
vt 0.302527 0.895550
vt 0.302527 0.943008
vt 0.302527 0.979332
vt 0.302527 0.994377
vt 0.111570 0.994377
vt 0.111570 0.990467
vt 0.111570 0.891640
vt 0.302527 0.891640
vt 0.302527 0.990467
vt 0.508258 0.074302
vt 0.506629 0.070370
vt 0.517415 0.063163
vt 0.456401 0.039653
vt 0.459256 0.025301
vt 0.463188 0.026929
vt 0.493905 0.077157
vt 0.493905 0.072901
vt 0.642355 0.351079
vt 0.636502 0.349749
vt 0.769993 0.349708
vt 0.629805 0.345964
vt 0.769993 0.345933
vt 0.623282 0.340299
vt 0.769993 0.340282
vt 0.617927 0.333616
vt 0.769993 0.333616
vt 0.614554 0.326933
vt 0.769993 0.326950
vt 0.613678 0.321268
vt 0.769993 0.321299
vt 0.615432 0.317483
vt 0.769993 0.317524
vt 0.619548 0.316153
vt 0.464643 0.397391
vt 0.612629 0.397347
vt 0.608584 0.398694
vt 0.466391 0.398735
vt 0.603346 0.402530
vt 0.467874 0.402562
vt 0.597714 0.408271
vt 0.468864 0.408289
vt 0.592545 0.415044
vt 0.469212 0.415044
vt 0.588626 0.421817
vt 0.468864 0.421799
vt 0.586553 0.427558
vt 0.460279 0.319831
vt 0.467066 0.323668
vt 0.586641 0.431394
vt 0.588879 0.432742
vt 0.464643 0.432697
vt 0.466391 0.431353
vt 0.769993 0.310861
vt 0.636502 0.310902
vt 0.642355 0.312231
vt 0.769993 0.307085
vt 0.629805 0.307117
vt 0.769993 0.301435
vt 0.623282 0.301451
vt 0.769993 0.294769
vt 0.617927 0.294769
vt 0.769993 0.288103
vt 0.614554 0.288086
vt 0.769993 0.282452
vt 0.613678 0.282421
vt 0.769993 0.278676
vt 0.615432 0.278636
vt 0.769993 0.277350
vt 0.619548 0.277306
vt 0.606818 0.318529
vt 0.606818 0.319873
vt 0.606818 0.323699
vt 0.606818 0.329426
vt 0.473677 0.329409
vt 0.606818 0.336182
vt 0.479105 0.336182
vt 0.606818 0.342937
vt 0.482522 0.342954
vt 0.606818 0.348664
vt 0.483410 0.348696
vt 0.617927 0.412835
vt 0.623282 0.406153
vt 0.606818 0.353835
vt 0.477461 0.353880
vt 0.481633 0.352532
vt 0.606818 0.352491
vt 0.769993 0.357892
vt 0.636502 0.357851
vt 0.642355 0.356522
vt 0.769993 0.361668
vt 0.629805 0.361637
vt 0.769993 0.367319
vt 0.623282 0.367302
vt 0.769993 0.373985
vt 0.617927 0.373985
vt 0.769993 0.380650
vt 0.614554 0.380667
vt 0.769993 0.386301
vt 0.613678 0.386332
vt 0.769993 0.390077
vt 0.615432 0.390118
vt 0.769993 0.391403
vt 0.619548 0.391447
vt 0.463921 0.393818
vt 0.465687 0.392461
vt 0.609266 0.392502
vt 0.467183 0.388597
vt 0.603978 0.388629
vt 0.468183 0.382814
vt 0.598291 0.382831
vt 0.468534 0.375993
vt 0.593071 0.375993
vt 0.468183 0.369171
vt 0.589113 0.369154
vt 0.467183 0.363388
vt 0.587020 0.363357
vt 0.463921 0.358168
vt 0.589369 0.358122
vt 0.587110 0.359483
vt 0.465687 0.359524
vt 0.642355 0.395373
vt 0.636502 0.396702
vt 0.769993 0.396743
vt 0.629805 0.400487
vt 0.769993 0.400519
vt 0.769993 0.406169
vt 0.769993 0.412835
vt 0.614554 0.419518
vt 0.769993 0.419501
vt 0.613678 0.425183
vt 0.769993 0.425152
vt 0.615432 0.428968
vt 0.769993 0.428928
vt 0.619548 0.430298
vt 0.606818 0.311880
vt 0.454347 0.311924
vt 0.460279 0.310577
vt 0.606818 0.310536
vt 0.467066 0.306741
vt 0.606818 0.306709
vt 0.473677 0.300999
vt 0.606818 0.300982
vt 0.479105 0.294227
vt 0.606818 0.294227
vt 0.482522 0.287454
vt 0.606818 0.287471
vt 0.483410 0.281713
vt 0.481633 0.277876
vt 0.477461 0.276529
vt 0.606818 0.276574
vt 0.606818 0.277918
vt 0.009714 0.940049
vt 0.013308 0.921978
vt 0.044907 0.935066
vt 0.090328 0.906657
vt 0.100564 0.921978
vt 0.090328 0.973440
vt 0.075008 0.983677
vt 0.056936 0.987271
vt 0.075008 0.896421
vt 0.068966 0.935066
vt 0.479553 0.074302
vt 0.467386 0.066173
vt 0.470396 0.063163
vt 0.460658 0.039653
vt 0.463188 0.052376
vt 0.493905 0.002149
vt 0.508258 0.005003
vt 0.506629 0.008936
vt 0.467386 0.013133
vt 0.470396 0.016143
vt 0.528555 0.025301
vt 0.524622 0.026929
vt 0.517415 0.016143
vt 0.493905 0.006405
vt 0.481182 0.008936
vt 0.528555 0.054005
vt 0.524622 0.052376
vt 0.527153 0.039653
vt 0.481182 0.070370
vt 0.459256 0.054005
vt 0.520425 0.013133
vt 0.479553 0.005003
vt 0.531410 0.039653
vt 0.520425 0.066173
vt 0.592945 0.229133
vt 0.965202 0.816442
vt 0.868331 0.550093
vt 0.744363 0.167868
vt 0.477606 0.849842
vt 0.494498 0.747365
vt 0.512802 0.749782
vt 0.585003 0.552059
vt 0.965202 0.758669
vt 0.425811 0.332232
vt 0.207480 0.481227
vt 0.217407 0.457262
vt 0.265336 0.457262
vt 0.206938 0.556687
vt 0.243069 0.592818
vt 0.279200 0.556687
vt 0.297143 0.667505
vt 0.308511 0.681405
vt 0.293447 0.668270
vt 0.339189 0.676138
vt 0.339356 0.680144
vt 0.327352 0.690610
vt 0.294518 0.664270
vt 0.294279 0.660183
vt 0.306358 0.649292
vt 0.322900 0.671082
vt 0.310439 0.656274
vt 0.326871 0.670202
vt 0.613351 0.393863
vt 0.454347 0.318484
vt 0.821940 0.627262
vt 0.866605 0.519433
vt 0.974433 0.564097
vt 0.817244 0.579579
vt 0.882086 0.676622
vt 0.914287 0.514737
vt 0.576865 0.142446
vt 0.528733 0.142446
vt 0.528733 0.215266
vt 0.576865 0.215266
vt 0.747953 0.101765
vt 0.716153 0.101765
vt 0.713143 0.060561
vt 0.926413 0.574151
vt 0.213353 0.676154
vt 0.213353 0.665475
vt 0.451097 0.014082
vt 0.866048 0.148964
vt 0.892645 0.137948
vt 0.900798 0.096958
vt 0.892645 0.084755
vt 0.880442 0.146101
vt 0.880442 0.076602
vt 0.851654 0.146101
vt 0.866048 0.073738
vt 0.839452 0.137948
vt 0.851654 0.076602
vt 0.831298 0.125745
vt 0.839452 0.084755
vt 0.828435 0.111351
vt 0.799399 0.527148
vt 0.328415 0.526297
vt 0.760327 0.527645
vt 0.758533 0.713813
vt 0.304520 0.569706
vt 0.297401 0.574466
vt 0.290974 0.589994
vt 0.312917 0.568034
vt 0.300356 0.559647
vt 0.280094 0.589994
vt 0.292644 0.598397
vt 0.321314 0.569706
vt 0.312917 0.557147
vt 0.282593 0.602564
vt 0.297401 0.605521
vt 0.328433 0.574466
vt 0.325477 0.559647
vt 0.289708 0.613220
vt 0.304520 0.610282
vt 0.333190 0.581590
vt 0.336126 0.566767
vt 0.300356 0.620341
vt 0.312917 0.611953
vt 0.334860 0.589994
vt 0.343241 0.577424
vt 0.312917 0.622841
vt 0.321314 0.610282
vt 0.333190 0.598397
vt 0.345740 0.589994
vt 0.325477 0.620341
vt 0.132298 0.014242
vt 0.643573 0.535239
vt 0.885561 0.685436
vt 0.956324 0.933791
vt 0.909184 0.850271
vt 0.921805 0.939792
vt 0.650300 0.535663
vt 0.576865 0.214164
vt 0.710286 0.219231
vt 0.601411 0.220861
vt 0.599227 0.219281
vt 0.601328 0.157754
vt 0.603515 0.159329
vt 0.712386 0.157459
vt 0.462235 0.216028
vt 0.747978 0.049665
vt 0.672842 0.609892
vt 0.672842 0.585847
vt 0.674322 0.687782
vt 0.673377 0.613946
vt 0.673377 0.677726
vt 0.673576 0.643873
vt 0.865105 0.093528
vt 0.719554 0.161681
vt 0.683726 0.492544
vt 0.753716 0.517667
vt 0.778051 0.481247
vt 0.765905 0.492544
vt 0.775050 0.466161
vt 0.766505 0.453372
vt 0.765905 0.469949
vt 0.753716 0.444827
vt 0.738630 0.441826
vt 0.749928 0.453972
vt 0.723544 0.444827
vt 0.717754 0.460371
vt 0.709108 0.481247
vt 0.727332 0.453972
vt 0.711355 0.492544
vt 0.699209 0.481247
vt 0.738630 0.451724
vt 0.717754 0.502122
vt 0.702210 0.496332
vt 0.759505 0.460371
vt 0.727332 0.508522
vt 0.710755 0.509121
vt 0.738630 0.510769
vt 0.723544 0.517667
vt 0.768152 0.481247
vt 0.749928 0.508522
vt 0.738630 0.520667
vt 0.537452 0.107573
vt 0.595567 0.077090
vt 0.620031 0.496332
vt 0.626929 0.481247
vt 0.628577 0.453372
vt 0.641366 0.444827
vt 0.656451 0.441826
vt 0.645153 0.453972
vt 0.671537 0.444827
vt 0.684326 0.453372
vt 0.667749 0.453972
vt 0.692871 0.466161
vt 0.695872 0.481247
vt 0.683726 0.469949
vt 0.685973 0.481247
vt 0.667749 0.508522
vt 0.656451 0.510769
vt 0.671537 0.517667
vt 0.677327 0.460371
vt 0.645153 0.508522
vt 0.656451 0.520667
vt 0.635576 0.502122
vt 0.641366 0.517667
vt 0.656451 0.451724
vt 0.629176 0.492544
vt 0.628577 0.509121
vt 0.635576 0.460371
vt 0.850316 0.072196
vt 0.744376 0.167983
vt 0.715389 0.223212
vt 0.276517 0.386518
vt 0.279234 0.400175
vt 0.276517 0.413833
vt 0.268781 0.425411
vt 0.257203 0.433147
vt 0.243545 0.435864
vt 0.229888 0.433147
vt 0.210573 0.413833
vt 0.207856 0.400175
vt 0.210573 0.386518
vt 0.229888 0.367203
vt 0.243545 0.364486
vt 0.257203 0.367203
vt 0.359001 0.400175
vt 0.356274 0.386463
vt 0.348506 0.374838
vt 0.336882 0.367071
vt 0.323169 0.364343
vt 0.309457 0.367071
vt 0.297832 0.374838
vt 0.287337 0.400175
vt 0.290065 0.413887
vt 0.297832 0.425512
vt 0.323169 0.436007
vt 0.336882 0.433279
vt 0.348506 0.425512
vt 0.540090 0.449544
vt 0.603614 0.688505
vt 0.530093 0.137963
vt 0.533534 0.449385
vt 0.321296 0.531057
vt 0.334842 0.510769
vt 0.312899 0.532728
vt 0.325459 0.541116
vt 0.345721 0.510769
vt 0.333171 0.502365
vt 0.304501 0.531057
vt 0.312899 0.543616
vt 0.343223 0.498199
vt 0.328415 0.495241
vt 0.297383 0.526297
vt 0.300338 0.541116
vt 0.336108 0.487543
vt 0.321296 0.490481
vt 0.292626 0.519172
vt 0.289689 0.533995
vt 0.325459 0.480422
vt 0.312899 0.488810
vt 0.290956 0.510769
vt 0.282574 0.523339
vt 0.312899 0.477922
vt 0.304501 0.490481
vt 0.292626 0.502365
vt 0.280076 0.510769
vt 0.300338 0.480422
vt 0.126826 0.270623
vt 0.158538 0.162111
vt 0.143938 0.264746
vt 0.413398 0.481132
vt 0.415407 0.493901
vt 0.475872 0.467707
vt 0.133531 0.434074
vt 0.007227 0.743682
vt 0.119001 0.763899
vt 0.008068 0.675541
vt 0.007740 0.702084
vt 0.119984 0.684204
vt 0.006904 0.769798
vt 0.269646 0.695789
vt 0.491199 0.618873
vt 0.473654 0.635601
vt 0.455438 0.672393
vt 0.433269 0.676803
vt 0.433269 0.662585
vt 0.449997 0.659258
vt 0.476982 0.618873
vt 0.548266 0.884044
vt 0.367442 0.979925
vt 0.013176 0.215416
vt 0.090028 0.233267
vt 0.044405 0.233267
vt 0.007607 0.233267
vt 0.866048 -0.000193
vt 0.977593 0.111351
vt 0.754504 0.111351
vt 0.823362 0.214405
vt 0.908735 0.214405
vt 0.126826 0.233267
vt 0.004206 0.221493
vt 0.126892 0.215416
vt 0.533118 0.502503
vt 0.412783 0.474024
vt 0.533118 0.491287
vt 0.370552 0.464206
vt 0.533118 0.564959
vt 0.466271 0.113370
vt 0.523321 0.083445
vt 0.102541 0.376255
vt 0.915048 0.160351
vt 0.930069 0.084833
vt 0.892567 0.175372
vt 0.915048 0.062352
vt 0.866048 0.180647
vt 0.892567 0.047331
vt 0.839530 0.175372
vt 0.866048 0.042056
vt 0.817049 0.160351
vt 0.839530 0.047331
vt 0.802027 0.137870
vt 0.817049 0.062352
vt 0.796753 0.111351
vt 0.991232 0.988854
vt 0.263974 0.633240
vt 0.868009 0.072541
vt 0.864392 0.884044
vt 0.917343 0.690899
vt 0.387479 0.909257
vt 0.864392 0.885164
vt 0.288479 0.731345
vt 0.209741 0.778441
vt 0.279832 0.806715
vt 0.279832 0.845326
vt 0.288101 0.711060
vt 0.278057 0.861219
vt 0.278057 0.806242
vt 0.411100 0.565352
vt 0.433269 0.560942
vt 0.416541 0.578488
vt 0.455438 0.565352
vt 0.474232 0.577910
vt 0.449997 0.578488
vt 0.486790 0.596704
vt 0.473654 0.602145
vt 0.416541 0.659258
vt 0.402360 0.649782
vt 0.411100 0.672393
vt 0.464179 0.587963
vt 0.392884 0.635601
vt 0.392307 0.659836
vt 0.433269 0.575160
vt 0.389557 0.618873
vt 0.379749 0.641041
vt 0.375339 0.618873
vt 0.379749 0.596704
vt 0.769993 0.351034
vt 0.769993 0.316198
vt 0.467874 0.427526
vt 0.769993 0.312187
vt 0.769993 0.356566
vt 0.769993 0.395417
vt 0.769993 0.430254
vt 0.606818 0.281744
vt 0.502510 0.853132
vt 0.494814 0.930416
vt 0.464974 0.926475
vt 0.500550 0.708640
vt 0.517010 0.710814
vt 0.272683 0.468257
vt 0.275263 0.481227
vt 0.272683 0.494197
vt 0.265336 0.505192
vt 0.254341 0.512539
vt 0.241371 0.515118
vt 0.228402 0.512539
vt 0.217407 0.505192
vt 0.210060 0.494197
vt 0.210060 0.468257
vt 0.228402 0.449915
vt 0.241371 0.447335
vt 0.254341 0.449915
vt 0.276449 0.542861
vt 0.268617 0.531139
vt 0.256896 0.523307
vt 0.243069 0.520557
vt 0.229242 0.523307
vt 0.217521 0.531139
vt 0.209689 0.542861
vt 0.209689 0.570514
vt 0.217521 0.582235
vt 0.229242 0.590068
vt 0.256896 0.590068
vt 0.268617 0.582235
vt 0.276449 0.570514
vt 0.306858 0.684666
vt 0.303963 0.686845
vt 0.290552 0.670449
vt 0.300268 0.687610
vt 0.296334 0.686845
vt 0.288738 0.677558
vt 0.292762 0.684666
vt 0.290094 0.681405
vt 0.288899 0.673711
vt 0.301076 0.668270
vt 0.308672 0.677558
vt 0.304648 0.670449
vt 0.307316 0.673711
vt 0.323504 0.689813
vt 0.320490 0.687545
vt 0.318768 0.684149
vt 0.334453 0.670474
vt 0.318601 0.680144
vt 0.320013 0.676138
vt 0.326510 0.670474
vt 0.322791 0.672743
vt 0.330605 0.669677
vt 0.337467 0.672743
vt 0.337943 0.684149
vt 0.331447 0.689813
vt 0.335166 0.687545
vt 0.310300 0.650040
vt 0.313417 0.652306
vt 0.315232 0.655744
vt 0.299450 0.669974
vt 0.315471 0.659831
vt 0.314097 0.663944
vt 0.307560 0.669838
vt 0.311319 0.667459
vt 0.303392 0.670722
vt 0.296334 0.667708
vt 0.295653 0.656070
vt 0.302190 0.650175
vt 0.298431 0.652555
vt 0.312172 0.652734
vt 0.315259 0.650342
vt 0.329958 0.667810
vt 0.319230 0.649462
vt 0.323480 0.650227
vt 0.331807 0.660122
vt 0.327363 0.652522
vt 0.330287 0.655997
vt 0.331691 0.664270
vt 0.318650 0.670317
vt 0.310323 0.660422
vt 0.314767 0.668022
vt 0.311843 0.664548
vt 0.979130 0.579579
vt 0.980715 0.595680
vt 0.979130 0.611780
vt 0.974433 0.627262
vt 0.966807 0.641530
vt 0.956543 0.654036
vt 0.944037 0.664299
vt 0.929769 0.671926
vt 0.914287 0.676622
vt 0.898187 0.678208
vt 0.866605 0.671926
vt 0.852336 0.664300
vt 0.839830 0.654036
vt 0.829567 0.641530
vt 0.817244 0.611780
vt 0.821940 0.564097
vt 0.815658 0.595680
vt 0.829567 0.549829
vt 0.839830 0.537323
vt 0.852336 0.527060
vt 0.882086 0.514737
vt 0.929769 0.519433
vt 0.898187 0.513151
vt 0.944037 0.527060
vt 0.956543 0.537323
vt 0.966807 0.549829
vt 0.750963 0.060561
vt 0.854841 0.074756
vt 0.909207 0.129122
vt 0.886688 0.151641
vt 0.878883 0.154009
vt 0.870765 0.154809
vt 0.862647 0.154009
vt 0.854841 0.151641
vt 0.847648 0.147796
vt 0.841342 0.142621
vt 0.836168 0.136316
vt 0.832322 0.129122
vt 0.829955 0.121316
vt 0.832322 0.097275
vt 0.829155 0.113199
vt 0.829954 0.105081
vt 0.836167 0.090081
vt 0.841342 0.083776
vt 0.847648 0.078601
vt 0.862647 0.072388
vt 0.870765 0.071589
vt 0.878883 0.072388
vt 0.886688 0.074756
vt 0.893882 0.078601
vt 0.900187 0.083776
vt 0.905362 0.090081
vt 0.909207 0.097275
vt 0.911575 0.105081
vt 0.912375 0.113199
vt 0.911575 0.121316
vt 0.905362 0.136316
vt 0.900187 0.142621
vt 0.893882 0.147796
vn 0.000000 0.556700 -0.830700
vn -0.162100 0.556700 -0.814700
vn -0.587400 0.556700 0.587400
vn -0.690700 0.556700 0.461500
vn 0.814700 0.556700 0.162100
vn 0.767400 0.556700 0.317900
vn -0.461500 0.556700 -0.690700
vn -0.317900 0.556700 -0.767400
vn -0.317900 0.556700 0.767400
vn -0.461500 0.556700 0.690700
vn 0.814700 0.556700 -0.162100
vn 0.830700 0.556700 0.000000
vn -0.690700 0.556700 -0.461500
vn -0.587400 0.556700 -0.587400
vn 0.000000 0.556700 0.830700
vn -0.162100 0.556700 0.814700
vn 0.690700 0.556700 -0.461500
vn 0.767400 0.556700 -0.317900
vn -0.767400 0.556700 -0.317900
vn -0.814700 0.556700 -0.162100
vn 0.461500 0.556700 -0.690700
vn 0.587400 0.556700 -0.587400
vn 0.317900 0.556700 0.767400
vn 0.162100 0.556700 0.814700
vn -0.814700 0.556700 0.162100
vn -0.830700 0.556700 0.000000
vn 0.162100 0.556700 -0.814700
vn 0.317900 0.556700 -0.767400
vn 0.587400 0.556700 0.587400
vn 0.461500 0.556700 0.690700
vn -0.767400 0.556700 0.317900
vn 0.690700 0.556700 0.461500
vn -0.890100 0.360400 0.278800
vn -0.882700 0.356500 0.305900
vn -0.675600 0.666400 0.315300
vn -0.368700 -0.897900 0.240600
vn -0.365600 -0.891300 0.268000
vn -0.675600 -0.684300 0.274300
vn -0.368700 0.881600 0.294600
vn -0.681300 0.672800 0.288200
vn 0.000000 -0.971200 0.238300
vn 0.000000 -0.964000 0.265800
vn 0.963500 -0.008100 0.267600
vn 0.890100 0.360400 0.278800
vn 0.882700 0.356500 0.305900
vn 0.000000 -0.030300 0.999500
vn 0.571500 0.820600 0.000000
vn 0.430600 0.902500 0.000000
vn 0.430100 0.902700 -0.004600
vn 0.290300 0.000000 -0.956900
vn 0.382700 0.000000 -0.923900
vn 0.555600 0.000000 -0.831400
vn 0.707100 0.000000 -0.707100
vn 0.831400 0.000000 -0.555600
vn 0.923900 0.000000 -0.382700
vn 0.956900 0.000000 -0.290300
vn 0.121200 0.989300 -0.081000
vn 0.103100 0.989300 -0.103100
vn 0.000000 0.820800 0.571200
vn 0.000000 0.902500 0.430600
vn 0.004600 0.902800 0.430100
vn 0.956900 0.000000 0.290300
vn 0.923900 0.000000 0.382700
vn 0.831400 0.000000 0.555600
vn 0.707100 0.000000 0.707100
vn 0.555600 0.000000 0.831400
vn 0.382700 0.000000 0.923900
vn 0.290300 0.000000 0.956900
vn -0.713300 0.700900 0.000000
vn -0.571500 0.820600 0.000000
vn -0.711500 0.699100 0.070100
vn -0.290300 0.000000 0.956900
vn -0.382700 0.000000 0.923900
vn -0.555600 0.000000 0.831400
vn -0.707100 0.000000 0.707100
vn -0.831400 0.000000 0.555600
vn -0.923900 0.000000 0.382700
vn -0.956900 0.000000 0.290300
vn 0.000000 -1.000000 0.000000
vn -0.956900 0.000000 -0.290300
vn -0.923900 0.000000 -0.382700
vn -0.831400 0.000000 -0.555600
vn -0.707100 0.000000 -0.707100
vn -0.555600 0.000000 -0.831400
vn -0.382700 0.000000 -0.923900
vn -0.103100 0.989300 -0.103100
vn -0.121200 0.989300 -0.081000
vn -0.430600 0.902500 0.000000
vn -0.430100 0.902700 0.004600
vn -0.290300 0.000000 -0.956900
vn -0.195100 0.000000 -0.980800
vn 0.000000 0.000000 -1.000000
vn -0.980800 0.000000 0.195100
vn -0.993000 0.000000 0.118500
vn 0.134700 0.989300 -0.055800
vn -0.042500 0.989200 -0.140100
vn -0.055800 0.989300 -0.134700
vn -0.081000 0.989300 0.121200
vn -0.103100 0.989300 0.103100
vn 0.195100 0.000000 -0.980800
vn 0.018100 0.000000 -0.999800
vn 0.112500 0.000000 -0.993600
vn -0.134700 0.989300 0.055800
vn -0.140100 0.989200 0.042500
vn 0.103100 0.989300 0.103100
vn 0.121200 0.989300 0.081000
vn -0.134700 0.989300 -0.055800
vn -0.140100 0.989200 -0.042500
vn 0.081000 0.989300 -0.121200
vn 0.042500 0.989200 0.140100
vn 0.055800 0.989300 0.134700
vn -0.081000 0.989300 -0.121200
vn -0.042500 0.989200 0.140100
vn -0.055800 0.989300 0.134700
vn 0.140100 0.989200 -0.042500
vn -0.121200 0.989300 0.081000
vn 0.140100 0.989200 0.042500
vn 0.134700 0.989300 0.055800
vn 0.000000 -0.030400 0.999500
vn 0.042500 0.989200 -0.140100
vn 0.055800 0.989300 -0.134700
vn 0.081000 0.989300 0.121200
vn 0.980800 0.000000 0.195100
vn 0.999500 0.000000 0.031000
vn 0.993000 0.000000 0.118500
vn 0.000000 0.820800 -0.571200
vn 0.000000 0.902500 -0.430600
vn -0.004600 0.902800 -0.430100
vn -0.195100 0.000000 0.980800
vn -0.018100 0.000000 0.999800
vn -0.112500 0.000000 0.993600
vn 0.000000 0.700900 0.713300
vn -0.070100 0.699100 0.711500
vn 0.581400 0.811500 0.057300
vn 0.713300 0.700900 0.000000
vn -0.057100 0.812400 -0.580300
vn -0.070100 0.699100 -0.711500
vn 0.000000 0.700900 -0.713300
vn -0.581400 0.811500 0.057300
vn 0.057100 0.812400 0.580300
vn 0.070100 0.699100 0.711500
vn 0.070100 0.699100 -0.711500
vn 0.581400 0.811500 -0.057300
vn 0.711500 0.699100 -0.070100
vn -0.711500 0.699100 -0.070100
vn -0.112500 0.000000 -0.993600
vn -0.980800 0.000000 -0.195100
vn -0.999500 0.000000 -0.031000
vn -0.993000 0.000000 -0.118500
vn 0.057100 0.812400 -0.580300
vn 0.980800 0.000000 -0.195100
vn 0.993000 0.000000 -0.118500
vn 1.000000 0.000000 0.000000
vn 0.004600 0.902800 -0.430100
vn 0.195100 0.000000 0.980800
vn 0.112500 0.000000 0.993600
vn 0.000000 -0.988500 0.151200
vn 0.000000 -0.940000 0.341100
vn -1.000000 0.000000 0.000000
vn 0.000000 -0.855400 0.518000
vn 0.000000 -0.737900 0.674900
vn 0.000000 -0.044500 0.999000
vn 0.000000 0.151200 0.988500
vn 0.000000 0.341100 0.940000
vn 0.000000 0.518000 0.855400
vn 0.000000 0.674900 0.737900
vn 0.000000 0.592000 -0.805900
vn 0.000000 0.423400 -0.905900
vn -0.057100 0.812400 0.580300
vn 0.000000 -0.674900 -0.737900
vn 0.000000 -0.805900 -0.592000
vn -0.999000 0.000000 0.043700
vn 0.999500 0.000000 -0.031000
vn -0.581400 0.811500 -0.057300
vn -0.430100 0.902700 -0.004600
vn 0.018100 0.000000 0.999800
vn -0.004600 0.902800 0.430100
vn 0.430100 0.902700 0.004600
vn 0.000000 0.000000 1.000000
vn 0.000000 -0.151200 -0.988500
vn 0.000000 -0.341100 -0.940000
vn 0.000000 -0.518000 -0.855400
vn 0.000000 -0.905900 -0.423400
vn 0.000000 -0.971100 -0.238600
vn 0.000000 -0.999000 -0.044500
vn 0.000000 -0.592000 0.805900
vn 0.000000 -0.423400 0.905900
vn 0.000000 -0.238600 0.971100
vn 0.000000 0.805900 0.592000
vn 0.000000 0.905900 0.423400
vn 0.000000 0.971100 0.238600
vn 0.000000 0.999000 0.044500
vn 0.000000 0.988500 -0.151200
vn 0.000000 0.940000 -0.341100
vn 0.000000 0.855400 -0.518000
vn 0.000000 0.737900 -0.674900
vn 0.000000 0.238600 -0.971100
vn -0.852600 -0.491200 0.178300
vn -0.852600 -0.447000 0.270700
vn 0.000000 0.044500 -0.999000
vn 0.852600 0.385600 -0.352700
vn 0.852600 0.447000 -0.270700
vn -0.923900 -0.250600 -0.289200
vn -0.999700 -0.019500 0.016900
vn 0.000000 -0.654800 -0.755800
vn 0.382700 -0.604900 -0.698300
vn 0.707100 -0.463000 -0.534400
vn 0.382500 -0.624200 -0.681100
vn 0.707100 0.463000 0.534400
vn 0.923900 0.250600 0.289200
vn 0.923600 0.231000 0.306000
vn 0.923900 -0.250600 -0.289200
vn -0.382700 0.604900 0.698300
vn -0.382500 0.585300 0.714900
vn -0.706900 0.443300 0.551100
vn 0.706900 -0.482300 -0.517300
vn 0.923600 -0.270000 -0.272200
vn -0.923600 -0.270000 -0.272200
vn -0.706900 -0.482300 -0.517300
vn 0.706900 0.443300 0.551100
vn 0.382500 0.585300 0.714900
vn 0.382700 0.604900 0.698300
vn -0.923900 0.250600 0.289200
vn -0.707100 0.463000 0.534400
vn 0.000000 0.654800 0.755800
vn -0.382700 -0.604900 -0.698300
vn -0.382500 -0.624200 -0.681100
vn 0.000000 -0.674100 -0.738600
vn 0.999700 -0.019500 0.016900
vn -0.382200 0.565300 0.731000
vn -0.706200 0.423500 0.567400
vn 0.000000 -0.755800 0.654800
vn -0.923600 0.231000 0.306000
vn -0.707100 -0.463000 -0.534400
vn 0.000000 0.635100 0.772400
vn -0.922600 0.211400 0.322500
vn -0.998700 -0.038800 0.033600
vn 0.000000 -0.692800 -0.721100
vn 0.382200 -0.643000 -0.663700
vn -0.922600 -0.289100 -0.255200
vn 0.706200 -0.501200 -0.500000
vn 0.922600 -0.289100 -0.255200
vn -0.382200 -0.643000 -0.663700
vn 0.998700 -0.038800 0.033600
vn 0.922600 0.211400 0.322500
vn 0.706200 0.423500 0.567400
vn 0.000000 0.615100 0.788400
vn -0.706200 -0.501200 -0.500000
vn 0.382200 0.565300 0.731000
vn -0.970700 -0.181900 -0.157000
vn 0.000000 0.753800 -0.657000
vn 0.997100 0.057000 -0.049700
vn 0.997100 0.057100 -0.049700
vn -0.997100 0.057000 -0.049700
vn -0.997100 0.057100 -0.049700
vn 0.000000 -0.754100 0.656700
vn 0.000000 -0.339200 -0.940700
vn 0.000000 -0.106900 -0.994300
vn 0.000000 -0.479200 -0.877700
vn 0.000000 -0.778600 -0.627500
vn 0.000000 -0.959500 -0.281700
vn 0.000000 -0.994300 0.106900
vn 0.000000 -0.877700 0.479200
vn 0.000000 -0.627500 0.778600
vn 0.000000 -0.281700 0.959500
vn 0.000000 0.106900 0.994300
vn 0.000000 0.479200 0.877700
vn 0.000000 0.778600 0.627500
vn 0.000000 0.959500 0.281700
vn 0.000000 0.994300 -0.106900
vn 0.000000 0.877700 -0.479200
vn 0.000000 0.627500 -0.778600
vn 0.000000 0.281700 -0.959500
vn -0.999500 0.000000 0.031000
vn -0.455500 -0.693200 -0.558600
vn -0.455500 -0.426600 -0.781300
vn -0.455500 0.781300 -0.426600
vn -0.455500 0.885100 -0.095200
vn -0.062300 0.000000 -0.998000
vn -0.681300 -0.689100 0.246900
vn -0.999000 0.000000 -0.043700
vn 0.999000 0.000000 0.043700
vn 0.455500 -0.558600 0.693200
vn 0.455500 -0.250800 0.854200
vn -0.455500 0.854200 0.250800
vn -0.455500 -0.095200 -0.885100
vn 0.455500 -0.781300 0.426600
vn 0.455500 -0.095200 -0.885100
vn 0.455500 0.250800 -0.854200
vn -0.455500 0.693200 0.558600
vn 0.455500 -0.885100 0.095200
vn 0.455500 0.558600 -0.693200
vn -0.455500 0.426600 0.781300
vn 0.455500 -0.854200 -0.250800
vn 0.455500 0.781300 -0.426600
vn -0.455500 0.095200 0.885100
vn 0.455500 -0.693200 -0.558600
vn 0.455500 0.885100 -0.095200
vn 0.455500 -0.426600 -0.781300
vn -0.455500 -0.250800 0.854200
vn 0.455500 0.854200 0.250800
vn -0.455500 -0.558600 0.693200
vn 0.455500 0.693200 0.558600
vn -0.455500 -0.781300 0.426600
vn -0.455500 0.250800 -0.854200
vn 0.455500 0.426600 0.781300
vn -0.455500 -0.885100 0.095200
vn -0.455500 0.558600 -0.693200
vn 0.455500 0.095200 0.885100
vn -0.455500 -0.854200 -0.250800
vn -0.440700 0.679400 0.586700
vn -0.008300 -0.756900 -0.653500
vn 0.000000 -0.756900 -0.653500
vn 0.127800 -0.679300 0.722600
vn 0.243900 -0.661400 0.709200
vn 0.223700 -0.681000 0.697300
vn 0.199400 0.581200 -0.788900
vn 0.195500 0.579900 -0.790800
vn 0.207600 0.580000 -0.787700
vn 0.199400 -0.695800 0.690000
vn 0.207600 -0.694700 0.688700
vn 0.035000 -0.666000 0.745100
vn -0.191300 -0.661500 0.725100
vn -0.353100 0.602700 -0.715600
vn -0.382000 0.557500 -0.737000
vn -0.359700 0.592700 -0.720600
vn -0.207600 -0.694700 0.688700
vn -0.127800 -0.679300 0.722600
vn -0.199400 -0.695800 0.690000
vn -0.035000 -0.666000 0.745100
vn 0.215500 -0.684600 0.696300
vn 0.191300 -0.661500 0.725100
vn -0.199400 0.581200 -0.788900
vn -0.225900 0.592000 -0.773600
vn -0.207600 0.580000 -0.787700
vn -0.616300 -0.596100 -0.514700
vn -0.616300 -0.596000 -0.514700
vn -0.018100 0.000000 -0.999800
vn 0.062300 0.000000 -0.998000
vn 0.440700 0.679400 0.586700
vn -0.062300 0.000000 0.998000
vn -0.243900 0.605200 -0.757700
vn -0.223700 0.590600 -0.775300
vn 0.359700 0.592700 -0.720600
vn 0.382000 0.557500 -0.737000
vn 0.353100 0.602700 -0.715600
vn -0.403100 -0.914700 -0.027800
vn -0.718800 -0.694800 -0.021100
vn -0.664100 -0.686500 -0.296100
vn -0.927300 -0.374200 -0.011400
vn -0.856700 -0.363400 -0.366000
vn -0.923900 0.011600 -0.382500
vn -0.927300 0.374200 0.011400
vn -0.856700 0.385000 -0.343300
vn -0.718800 0.694800 0.021100
vn -0.664100 0.703200 -0.253900
vn -0.403100 0.914700 0.027700
vn -0.372400 0.919400 -0.126400
vn -0.002900 -0.740500 -0.672100
vn 0.012900 -0.467100 -0.884100
vn 0.181600 -0.467900 -0.864900
vn 0.012900 0.994200 -0.106900
vn 0.178000 0.978400 -0.105200
vn 0.178000 0.863600 -0.471600
vn -0.372400 -0.910000 -0.182000
vn -0.508300 -0.679400 -0.529200
vn -0.655700 -0.354300 -0.666700
vn -0.707100 0.021500 -0.706800
vn -0.655700 0.394100 -0.644000
vn -0.508300 0.710300 -0.487000
vn -0.285000 0.923400 -0.257100
vn 0.012900 0.479200 0.877600
vn 0.178000 0.471600 0.863600
vn 0.178000 0.766200 0.617400
vn -0.275100 -0.674700 -0.684900
vn -0.154200 -0.903400 -0.400000
vn -0.354800 -0.348200 -0.867600
vn -0.382700 0.028000 -0.923400
vn -0.354800 0.400200 -0.844900
vn -0.275100 0.715000 -0.642700
vn -0.154200 0.926000 -0.344500
vn 0.012900 -0.627400 0.778600
vn 0.178000 -0.617400 0.766200
vn 0.178000 -0.277200 0.944200
vn 0.000000 -0.673000 -0.739600
vn 0.000000 -0.902500 -0.430700
vn 0.000000 -0.346000 -0.938200
vn 0.000000 0.030300 -0.999500
vn 0.000000 0.402300 -0.915500
vn 0.000000 0.716600 -0.697400
vn 0.000000 0.927000 -0.375100
vn 0.275100 -0.674700 -0.684900
vn 0.154200 -0.903400 -0.400000
vn 0.354800 -0.348200 -0.867600
vn 0.382700 0.028000 -0.923400
vn 0.354800 0.400200 -0.844900
vn 0.275100 0.715000 -0.642700
vn 0.154200 0.926000 -0.344500
vn 0.012900 -0.994200 0.106900
vn 0.000000 -0.956900 -0.290400
vn 0.178000 -0.944200 -0.277200
vn 0.508300 -0.679400 -0.529200
vn 0.655700 -0.354300 -0.666700
vn 0.707100 0.021500 -0.706800
vn 0.655700 0.394100 -0.644000
vn 0.508300 0.710300 -0.487000
vn 0.285000 0.923400 -0.257100
vn 0.012900 0.281700 -0.959400
vn 0.012900 0.627400 -0.778600
vn 0.178000 0.617400 -0.766200
vn 0.664100 -0.686500 -0.296100
vn 0.372400 -0.910000 -0.182000
vn 0.856700 -0.363400 -0.366000
vn 0.923900 0.011600 -0.382500
vn 0.856700 0.385000 -0.343300
vn 0.664100 0.703200 -0.253900
vn 0.372400 0.919400 -0.126400
vn 0.012900 0.959400 0.281700
vn 0.178000 0.944200 0.277200
vn 0.718800 -0.694800 -0.021100
vn 0.403100 -0.914700 -0.027700
vn 0.927300 -0.374200 -0.011400
vn 0.927300 0.374200 0.011400
vn 0.718800 0.694800 0.021100
vn 0.403100 0.914700 0.027700
vn 0.012900 0.106900 0.994200
vn 0.178000 0.105200 0.978400
vn 0.664100 -0.703200 0.253900
vn 0.856700 -0.385000 0.343300
vn 0.923900 -0.011600 0.382500
vn 0.856700 0.363400 0.366000
vn 0.664100 0.686500 0.296100
vn 0.372400 0.910000 0.182000
vn 0.372400 -0.919400 0.126400
vn 0.508300 -0.710300 0.487000
vn 0.655700 -0.394100 0.644000
vn 0.707100 -0.021500 0.706800
vn 0.655700 0.354300 0.666700
vn 0.508300 0.679400 0.529200
vn 0.285000 0.906100 0.312700
vn 0.285000 -0.923400 0.257100
vn 0.275100 -0.715000 0.642700
vn 0.354800 -0.400200 0.844900
vn 0.382700 -0.028000 0.923400
vn 0.354800 0.348200 0.867600
vn 0.275100 0.674700 0.684900
vn 0.154200 0.903400 0.400000
vn -0.694400 -0.631600 0.344900
vn -0.694400 -0.715400 0.076900
vn -0.693400 -0.543000 -0.473600
vn -0.693200 -0.545600 -0.470900
vn -0.694400 -0.335300 -0.636700
vn 0.000000 -0.716600 0.697400
vn 0.000000 -0.927000 0.375100
vn 0.000000 -0.402300 0.915500
vn 0.000000 0.346000 0.938200
vn 0.000000 0.673000 0.739600
vn 0.012900 -0.877600 0.479200
vn 0.178000 -0.863600 0.471600
vn -0.694400 0.202700 -0.690400
vn -0.694400 0.451500 -0.560300
vn -0.275100 -0.715000 0.642700
vn -0.154200 -0.926000 0.344500
vn -0.354800 -0.400200 0.844900
vn -0.382700 -0.028000 0.923400
vn -0.354800 0.348200 0.867600
vn -0.275100 0.674700 0.684900
vn -0.154200 0.903400 0.400000
vn -0.694400 -0.336800 -0.635900
vn -0.694400 -0.076900 -0.715400
vn -0.694400 -0.202700 0.690400
vn -0.694400 0.076900 0.715400
vn -0.508300 -0.710300 0.487000
vn -0.655700 -0.394100 0.644000
vn -0.707100 -0.021500 0.706800
vn -0.655700 0.354300 0.666700
vn -0.508300 0.679400 0.529200
vn -0.285000 0.906100 0.312700
vn -0.694500 -0.685900 -0.217300
vn -0.694300 -0.685000 -0.220600
vn -0.694400 -0.451500 0.560300
vn -0.664100 -0.703200 0.253900
vn -0.372400 -0.919400 0.126400
vn -0.856700 -0.385000 0.343300
vn -0.923900 -0.011600 0.382500
vn -0.856700 0.363400 0.366000
vn -0.664100 0.686500 0.296100
vn -0.372400 0.910000 0.182000
vn -0.694400 0.690400 0.202700
vn -0.694400 0.715400 -0.076900
vn -0.694400 0.344900 0.631600
vn -0.694400 0.560300 0.451500
vn -0.694400 0.631600 -0.344900
vn 0.000000 -0.999500 -0.030300
vn 0.000000 0.999500 0.030300
vn -0.285000 -0.906100 -0.312700
vn 0.285000 -0.906100 -0.312700
vn 0.154200 -0.926000 0.344500
vn -0.285000 -0.923400 0.257100
vn 0.178000 0.277200 -0.944200
vn 0.178000 -0.105200 -0.978400
vn 0.000000 0.627400 -0.778600
vn 0.178000 -0.978400 0.105200
vn 0.012900 -0.106900 -0.994200
vn 0.012900 -0.281700 0.959400
vn 0.012900 0.778600 0.627400
vn 0.012900 0.877600 -0.479200
vn 0.172000 -0.772100 -0.611700
vn -0.365700 0.873400 0.321600
vn 0.345200 -0.588900 0.730800
vn 0.345200 -0.823700 0.449800
vn 0.345200 0.264400 -0.900500
vn 0.345200 -0.100300 -0.933100
vn 0.345200 -0.933100 0.100300
vn 0.345200 0.588900 -0.730800
vn 0.345200 -0.900500 -0.264400
vn 0.345200 0.823700 -0.449800
vn 0.345200 -0.730800 -0.588900
vn 0.345200 0.933100 -0.100300
vn 0.345200 -0.449800 -0.823700
vn 0.345200 0.900500 0.264400
vn 0.345200 0.730800 0.588900
vn 0.345200 0.449800 0.823700
vn 0.345200 0.100300 0.933100
vn 0.345200 -0.264400 0.900500
vn 0.000000 0.778600 0.627400
vn -0.998800 0.036700 0.031700
vn 0.194400 0.581600 -0.789900
vn 0.191400 0.579800 -0.792000
vn 0.194400 -0.696600 0.690500
vn 0.195500 -0.697900 0.689000
vn 0.223700 0.590600 -0.775300
vn 0.243900 0.605200 -0.757700
vn 0.225900 0.592000 -0.773600
vn 0.000000 0.756900 0.653500
vn 0.004700 0.756900 0.653500
vn 0.062300 0.000300 0.998000
vn 0.061800 0.009400 0.998000
vn 0.061900 0.007100 0.998000
vn -0.000400 -0.674800 0.738000
vn -0.001200 -0.674700 0.738100
vn -0.990700 -0.103000 -0.089000
vn -0.048500 -0.756000 -0.652800
vn -0.000400 0.631300 -0.775500
vn -0.001400 0.631400 -0.775400
vn -0.001300 0.631400 -0.775400
vn 0.014100 0.756800 0.653500
vn 0.002900 -0.740500 -0.672100
vn -0.172000 -0.772100 -0.611700
vn -0.181600 -0.467900 -0.864900
vn -0.178000 0.863600 -0.471600
vn -0.178000 0.978400 -0.105200
vn -0.012900 0.994200 -0.106900
vn -0.178000 0.766200 0.617400
vn -0.178000 0.471600 0.863600
vn -0.012900 0.479200 0.877600
vn -0.178000 -0.277200 0.944200
vn -0.178000 -0.617400 0.766200
vn -0.012900 -0.627400 0.778600
vn -0.012900 -0.994200 0.106900
vn -0.178000 -0.978400 0.105200
vn -0.178000 -0.944200 -0.277200
vn -0.012900 0.281700 -0.959400
vn -0.178000 0.277200 -0.944200
vn -0.178000 0.617400 -0.766200
vn -0.178000 0.944200 0.277200
vn -0.178000 0.105200 0.978400
vn 0.694400 -0.715400 0.076900
vn 0.694400 -0.631600 0.344800
vn 0.694400 -0.631600 0.344900
vn 0.694400 -0.335300 -0.636700
vn 0.693200 -0.545600 -0.470900
vn 0.693400 -0.543000 -0.473600
vn -0.178000 -0.863600 0.471600
vn -0.012900 -0.877600 0.479200
vn 0.694400 0.451500 -0.560300
vn 0.694400 0.202700 -0.690400
vn 0.694400 -0.076900 -0.715400
vn 0.694400 -0.336800 -0.635900
vn 0.694400 -0.202700 0.690400
vn 0.694400 0.076900 0.715400
vn 0.694300 -0.685000 -0.220600
vn 0.694500 -0.685900 -0.217300
vn 0.694400 -0.451500 0.560300
vn 0.694400 0.690400 0.202700
vn 0.694400 0.715400 -0.076900
vn 0.694400 0.344900 0.631600
vn 0.694400 0.560300 0.451500
vn 0.694400 0.631600 -0.344900
vn -0.178000 -0.105200 -0.978400
vn -0.012900 -0.467100 -0.884100
vn -0.012900 -0.281700 0.959400
vn -0.012900 0.778600 0.627400
vn -0.012900 0.627400 -0.778600
vn -0.345200 -0.264400 0.900500
vn -0.345200 -0.588900 0.730800
vn -0.345200 -0.823700 0.449800
vn -0.345200 -0.100300 -0.933100
vn -0.345200 0.264400 -0.900500
vn -0.345200 -0.933100 0.100300
vn -0.345200 0.588900 -0.730800
vn -0.345200 -0.900500 -0.264400
vn -0.345200 0.823700 -0.449800
vn -0.345200 -0.730800 -0.588900
vn -0.345200 0.933100 -0.100300
vn -0.345200 -0.449800 -0.823700
vn -0.345200 0.900500 0.264400
vn 0.999000 0.000000 -0.043700
vn -0.345200 0.730800 0.588900
vn -0.345200 0.449800 0.823700
vn -0.345200 0.100300 0.933100
vn 0.000000 -0.778600 -0.627400
vn 0.998800 0.036700 0.031700
vn -0.194400 0.581600 -0.789900
vn -0.195500 0.579900 -0.790800
vn -0.195500 -0.697900 0.689000
vn -0.194400 -0.696600 0.690500
vn 0.008300 -0.756900 -0.653500
vn 0.008900 -0.756800 -0.653500
vn -0.004700 0.756900 0.653500
vn 0.000000 -1.000000 0.000300
vn 0.000000 -1.000000 0.000200
vn -0.008900 -0.756800 -0.653500
vn -0.017500 -0.756800 -0.653400
vn 0.001200 -0.674700 0.738100
vn 0.000400 -0.674800 0.738000
vn 0.711500 0.699100 0.070100
vn -0.243900 -0.661400 0.709300
vn 0.990700 -0.103000 -0.089000
vn 0.048500 -0.756000 -0.652800
vn 0.000400 0.631300 -0.775500
vn 0.001200 0.631400 -0.775400
vn -0.014100 0.756800 0.653500
vn -0.381100 -0.922500 0.061200
vn 0.000000 -0.998300 0.058900
vn 0.000000 -0.998400 0.055500
vn 0.000000 -0.998000 0.062200
vn 0.381000 -0.922300 0.064500
vn 0.381100 -0.922500 0.061200
vn 0.381100 0.917100 0.117000
vn 0.381300 0.917400 0.113700
vn 0.704500 0.701600 0.107100
vn 0.704100 -0.706500 0.071000
vn 0.704300 -0.706700 0.067700
vn -0.920200 -0.383700 0.077500
vn -0.704300 -0.706700 0.067700
vn -0.704500 -0.706800 0.064300
vn 0.919900 -0.383600 0.080800
vn 0.920200 -0.383700 0.077500
vn 0.920500 -0.383700 0.074100
vn 0.704500 -0.706800 0.064300
vn 0.995700 -0.002800 0.092400
vn 0.996000 -0.002700 0.089100
vn -0.704300 0.701300 0.110500
vn -0.704500 0.701600 0.107100
vn -0.381300 0.917400 0.113700
vn 0.919900 0.378000 0.103900
vn 0.704300 0.701300 0.110500
vn 0.920500 0.378500 0.097300
vn 0.704100 0.700900 0.113800
vn -0.920500 -0.383700 0.074100
vn -0.996300 -0.002600 0.085700
vn 0.381000 0.916700 0.120300
vn 0.381300 -0.922600 0.057800
vn 0.000000 0.992400 0.122600
vn 0.000000 0.992800 0.119300
vn -0.381100 0.917100 0.117000
vn 0.000000 0.993200 0.115900
vn -0.381000 0.916700 0.120300
vn 0.017500 -0.756800 -0.653400
vn 0.920200 0.378300 0.100700
vn 0.996300 -0.002600 0.085700
vn -0.704100 0.700900 0.113800
vn -0.919900 0.378000 0.103900
vn -0.920200 0.378300 0.100700
vn -0.996000 -0.002700 0.089100
vn -0.920500 0.378500 0.097300
vn -0.995700 -0.002800 0.092400
vn -0.919900 -0.383600 0.080800
vn -0.381300 -0.922600 0.057800
vn -0.704100 -0.706500 0.071000
vn -0.381000 -0.922300 0.064500
vn -0.923900 0.382500 0.011600
vn -0.707100 0.706800 0.021500
vn -0.923900 -0.382500 -0.011600
vn 0.707100 -0.706800 -0.021500
vn 0.382700 -0.923400 -0.028000
vn -0.382700 -0.923400 -0.028000
vn -0.707100 -0.706800 -0.021500
vn 0.923900 -0.382500 -0.011600
vn 0.707100 0.706800 0.021500
vn 0.923900 0.382500 0.011600
vn 0.382700 0.923400 0.028000
vn -0.382700 0.923400 0.028000
vn 0.371300 0.888600 0.269100
vn 0.368700 0.881600 0.294600
vn 0.681300 0.672800 0.288200
vn -0.970200 -0.007300 0.241900
vn -0.896400 -0.378500 0.230600
vn -0.890100 -0.376700 0.256400
vn 0.000000 0.962500 0.271300
vn 0.000000 0.954900 0.296800
vn 0.086000 0.995900 0.028500
vn 0.514400 0.857300 0.018700
vn 0.380900 0.924400 0.020400
vn 0.840800 0.541200 0.009900
vn 0.706900 0.707200 0.010500
vn 0.988600 0.150300 0.003400
vn 0.924400 0.381400 0.002800
vn 0.976300 -0.216300 -0.001600
vn 1.000000 -0.002100 -0.002800
vn 0.855500 -0.517700 -0.007000
vn 0.923200 -0.384200 -0.008100
vn 0.661100 -0.750100 -0.014500
vn 0.706400 -0.707600 -0.013800
vn 0.403800 -0.914500 -0.022500
vn 0.384400 -0.922900 -0.021800
vn 0.077200 -0.996600 -0.029300
vn 0.002200 -0.999500 -0.030500
vn -0.303600 -0.952100 -0.034500
vn -0.381500 -0.923700 -0.033800
vn -0.677400 -0.734900 -0.033200
vn -0.707400 -0.706200 -0.028500
vn -0.885100 -0.464600 -0.025900
vn -0.981700 -0.190100 -0.005200
vn -0.998800 -0.047200 -0.008600
vn -0.998700 -0.050800 -0.008500
vn -0.979700 0.199800 0.014800
vn -0.840600 0.412100 0.351500
vn -0.828200 0.515600 0.219400
vn -0.923300 0.383400 0.023000
vn -0.651500 0.725000 0.223500
vn 0.749300 -0.008800 0.662100
vn 0.808400 0.140300 0.571600
vn 0.690800 0.288000 0.663200
vn -0.419400 0.876300 0.237000
vn -0.002600 0.999500 0.030000
vn -0.384200 0.922600 0.034500
vn -0.380900 0.924400 0.020400
vn -0.514400 0.857300 0.018700
vn -0.086000 0.995900 0.028500
vn -0.706900 0.707200 0.010500
vn -0.840800 0.541200 0.009900
vn -0.924400 0.381400 0.002800
vn -0.988600 0.150300 0.003400
vn -1.000000 -0.002100 -0.002800
vn -0.976300 -0.216300 -0.001600
vn -0.923200 -0.384200 -0.008100
vn -0.855500 -0.517700 -0.007000
vn -0.706400 -0.707600 -0.013800
vn -0.661100 -0.750100 -0.014500
vn -0.384400 -0.922900 -0.021800
vn -0.403800 -0.914500 -0.022500
vn -0.002200 -0.999500 -0.030500
vn -0.077200 -0.996600 -0.029300
vn 0.381500 -0.923700 -0.033800
vn 0.303600 -0.952100 -0.034500
vn 0.707400 -0.706200 -0.028500
vn 0.677400 -0.734900 -0.033200
vn 0.831400 -0.555100 -0.022900
vn 0.885100 -0.464600 -0.025900
vn 0.981700 -0.190100 -0.005200
vn 0.980800 -0.195000 -0.005100
vn 0.998700 -0.050800 -0.008500
vn 0.979700 0.199800 0.014800
vn 0.923300 0.383400 0.023000
vn 0.828200 0.515600 0.219400
vn 0.708100 0.705300 0.032800
vn 0.651500 0.725000 0.223500
vn -0.124700 -0.561700 0.817800
vn -0.048200 -0.731800 0.679700
vn -0.073500 -0.701600 0.708700
vn 0.002600 0.999500 0.030000
vn 0.419400 0.876300 0.237000
vn 0.384200 0.922600 0.034500
vn 0.380900 -0.923900 -0.035600
vn 0.514500 -0.856900 -0.033300
vn 0.086000 -0.995800 -0.032000
vn 0.706900 -0.706500 -0.032400
vn 0.840800 -0.540800 -0.023000
vn 0.924400 -0.380800 -0.020300
vn 0.988600 -0.150200 -0.005600
vn 1.000000 0.002300 -0.002700
vn 0.976300 0.216000 0.011500
vn 0.923200 0.384000 0.015100
vn 0.855500 0.517200 0.024400
vn 0.706400 0.707200 0.029100
vn 0.661100 0.749600 0.031000
vn 0.384400 0.922500 0.034200
vn 0.403800 0.914200 0.033000
vn 0.002200 0.999500 0.030200
vn 0.077200 0.996500 0.031200
vn -0.381500 0.924100 0.022300
vn -0.303600 0.952500 0.023300
vn -0.707400 0.706600 0.014400
vn -0.677400 0.735500 0.011400
vn -0.831400 0.555500 0.010800
vn -0.885100 0.465300 0.002300
vn -0.981700 0.190100 0.006300
vn -0.980800 0.195000 0.006700
vn -0.998700 0.051200 -0.005400
vn -0.979700 -0.200400 0.002700
vn -0.923300 -0.384100 -0.000300
vn -0.828200 -0.528000 0.187700
vn -0.708100 -0.706000 -0.010000
vn -0.651500 -0.737200 0.179100
vn -0.808400 -0.174700 0.562000
vn -0.807900 -0.322000 0.493500
vn -0.694200 -0.405600 0.594600
vn -0.002600 -0.999500 -0.030700
vn -0.419400 -0.889000 0.183400
vn -0.384200 -0.923000 -0.021500
vn -0.086000 -0.995800 -0.032000
vn -0.514500 -0.856900 -0.033300
vn -0.380900 -0.923900 -0.035600
vn -0.840800 -0.540800 -0.023000
vn -0.706900 -0.706500 -0.032400
vn -0.988600 -0.150200 -0.005600
vn -0.924400 -0.380800 -0.020300
vn -0.976300 0.216000 0.011500
vn -1.000000 0.002300 -0.002700
vn -0.855500 0.517200 0.024400
vn -0.923200 0.384000 0.015100
vn -0.661100 0.749600 0.031000
vn -0.706400 0.707200 0.029100
vn -0.403800 0.914200 0.033000
vn -0.384400 0.922500 0.034200
vn -0.077200 0.996500 0.031200
vn -0.002200 0.999500 0.030200
vn 0.303600 0.952500 0.023300
vn 0.381500 0.924100 0.022300
vn 0.677400 0.735500 0.011400
vn 0.707400 0.706600 0.014400
vn 0.885100 0.465300 0.002300
vn 0.981700 0.190100 0.006300
vn 0.998800 0.047700 -0.005700
vn 0.998700 0.051200 -0.005400
vn 0.979700 -0.200400 0.002700
vn 0.840600 -0.432700 0.325800
vn 0.828200 -0.528000 0.187700
vn 0.923300 -0.384100 -0.000300
vn 0.651500 -0.737200 0.179100
vn -0.378700 -0.129800 0.916300
vn -0.358200 -0.124900 0.925200
vn -0.575800 -0.130400 0.807100
vn 0.419400 -0.889000 0.183400
vn 0.002600 -0.999500 -0.030700
vn 0.384200 -0.923000 -0.021500
vn 0.000000 0.946100 0.323800
vn -0.963500 -0.008100 0.267600
vn -0.882700 -0.374400 0.283700
vn 0.681300 -0.689100 0.246900
vn 0.675600 -0.684300 0.274300
vn 0.365600 -0.891300 0.268000
vn 0.890100 -0.376700 0.256400
vn 0.955500 -0.008900 0.294800
vn 0.675600 0.666400 0.315300
vn -0.955500 -0.008900 0.294800
vn 0.368700 -0.897900 0.240600
vn 0.882700 -0.374400 0.283700
vn 0.365700 0.873400 0.321600
vn -0.371300 0.888600 0.269100
vn -0.686100 0.678400 0.262700
vn 0.000000 -0.977100 0.212500
vn 0.371300 -0.903300 0.214700
vn -0.686100 -0.693100 0.221100
vn 0.896400 -0.378500 0.230600
vn 0.896400 0.363800 0.253200
vn -0.896400 0.363800 0.253200
vn 0.686100 -0.693100 0.221100
vn -0.371300 -0.903300 0.214700
vn 0.970200 -0.007300 0.241900
vn 0.686100 0.678400 0.262700
vn 0.970700 -0.181900 -0.157000
vn 0.000000 -0.627400 0.778600
vn 0.826600 0.353100 -0.438200
vn 0.826600 0.158500 -0.540000
vn -0.826600 0.559600 -0.060200
vn -0.826500 0.559600 -0.060200
vn -0.826600 0.540000 0.158500
vn 0.826600 -0.269700 -0.494000
vn 0.826600 -0.438200 -0.353100
vn -0.826600 0.494000 -0.269700
vn 0.826600 -0.060200 -0.559600
vn 0.826600 -0.540000 -0.158500
vn -0.826600 0.353100 -0.438200
vn -0.826600 -0.269700 -0.494000
vn -0.826600 -0.060200 -0.559600
vn 0.826600 -0.559600 0.060200
vn -0.826600 0.158500 -0.540000
vn -0.826600 -0.438200 -0.353100
vn 0.826600 -0.494000 0.269700
vn -0.826600 -0.540000 -0.158500
vn 0.826600 -0.353100 0.438200
vn -0.826600 -0.559600 0.060200
vn 0.826600 -0.158500 0.540000
vn -0.826600 -0.494000 0.269700
vn 0.826600 0.060200 0.559600
vn -0.826600 -0.353100 0.438200
vn -0.826600 -0.353200 0.438200
vn 0.826600 0.269700 0.494000
vn -0.826600 -0.158500 0.540000
vn 0.826600 0.438200 0.353100
vn -0.826600 0.060200 0.559600
vn 0.826600 0.540000 0.158500
vn -0.826600 0.269700 0.494000
vn 0.826600 0.559600 -0.060200
vn -0.826600 0.438200 0.353100
vn -0.826600 0.438200 0.353200
vn 0.826600 0.494000 -0.269700
vn -0.512000 0.503100 0.696200
vn 0.694200 0.368800 0.618100
vn 0.673700 0.448900 0.587000
vn 0.424100 0.675000 0.603700
vn -0.673700 -0.483700 0.558700
vn -0.424100 -0.710400 0.561600
vn 0.512000 -0.544400 0.664400
vn 0.673700 -0.483700 0.558700
vn 0.633000 -0.558500 0.536100
vn 0.048200 -0.731800 0.679700
vn 0.073500 -0.701600 0.708700
vn -0.266200 -0.709400 0.652500
vn -0.608000 -0.119300 0.784900
vn -0.722300 -0.043000 0.690200
vn -0.840600 -0.432700 0.325800
vn 0.088100 0.780100 0.619400
vn 0.266200 0.668500 0.694400
vn 0.344100 0.685000 0.642100
vn -0.078000 -0.315600 0.945700
vn -0.127400 -0.532300 0.836900
vn -0.238400 0.803000 0.546200
vn -0.380800 0.778700 0.498500
vn -0.424100 0.675000 0.603700
vn 0.807900 0.291500 0.512100
vn 0.573800 -0.625400 0.528700
vn 0.124700 -0.561700 0.817800
vn 0.127400 -0.532300 0.836900
vn -0.749400 -0.008800 0.662100
vn -0.690800 0.288000 0.663200
vn -0.633000 -0.558500 0.536100
vn -0.048200 0.689300 0.722900
vn -0.073500 0.657300 0.750000
vn 0.114000 -0.068400 0.991100
vn -0.071400 -0.301600 0.950700
vn 0.840600 0.412100 0.351500
vn -0.088100 0.780100 0.619400
vn -0.344100 0.685000 0.642100
vn 0.078000 -0.315600 0.945700
vn 0.071400 -0.301600 0.950700
vn -0.808400 0.140300 0.571600
vn -0.694200 0.368800 0.618100
vn -0.573800 -0.625400 0.528700
vn -0.124700 0.511100 0.850400
vn -0.127400 0.480500 0.867600
vn 0.111500 -0.070500 0.991200
vn 0.358200 0.068500 0.931100
vn 0.633000 0.524900 0.569000
vn 0.380800 -0.807600 0.450400
vn 0.501900 -0.677400 0.537800
vn 0.048200 0.689300 0.722900
vn -0.266200 0.668500 0.694400
vn -0.114000 -0.068400 0.991100
vn -0.111500 -0.070500 0.991200
vn -0.807900 0.291500 0.512100
vn -0.673700 0.448900 0.587000
vn -0.501900 -0.677400 0.537800
vn -0.078000 0.257600 0.963100
vn -0.071400 0.243400 0.967300
vn 0.378700 0.074000 0.922500
vn 0.575800 0.081200 0.813500
vn 0.573800 0.592200 0.565600
vn 0.124700 0.511100 0.850400
vn 0.073600 0.657300 0.750000
vn -0.378700 0.074000 0.922500
vn -0.358200 0.068500 0.931100
vn -0.633000 0.524900 0.569000
vn -0.380800 -0.807600 0.450400
vn 0.114000 0.008100 0.993400
vn 0.111500 0.010200 0.993700
vn 0.608000 0.071500 0.790700
vn 0.722300 0.001100 0.691500
vn 0.501900 0.643500 0.577900
vn 0.078000 0.257600 0.963100
vn 0.127400 0.480500 0.867600
vn 0.238400 -0.834600 0.496500
vn 0.424100 -0.710400 0.561600
vn -0.608000 0.071500 0.790700
vn -0.575800 0.081200 0.813500
vn -0.573800 0.592200 0.565600
vn 0.378700 -0.129800 0.916300
vn 0.358200 -0.124900 0.925200
vn 0.749400 -0.031400 0.661400
vn 0.690800 -0.327700 0.644600
vn 0.380800 0.778700 0.498500
vn -0.114000 0.008100 0.993400
vn 0.071400 0.243400 0.967300
vn -0.749400 -0.031400 0.661400
vn -0.722300 0.001100 0.691500
vn 0.088000 -0.816200 0.570900
vn 0.344100 -0.722700 0.599300
vn -0.238400 -0.834600 0.496500
vn -0.344100 -0.722700 0.599300
vn 0.608000 -0.119300 0.784900
vn 0.575800 -0.130400 0.807100
vn 0.808400 -0.174700 0.562000
vn 0.694200 -0.405600 0.594600
vn -0.111500 0.010200 0.993700
vn -0.690800 -0.327700 0.644600
vn -0.501900 0.643500 0.577900
vn 0.266200 -0.709400 0.652500
vn 0.722300 -0.043000 0.690100
vn 0.807900 -0.322000 0.493500
vn -0.088000 -0.816200 0.570900
vn 0.238400 0.803000 0.546200
vn -0.852600 0.352700 0.385600
vn -0.852600 0.270700 0.447000
vn 0.852600 -0.491200 0.178300
vn 0.852600 -0.447000 0.270700
vn -0.852600 0.309400 -0.421100
vn -0.852600 0.385600 -0.352700
vn 0.852600 0.352700 0.385600
vn 0.852600 0.270700 0.447000
vn -0.852600 -0.178300 -0.491200
vn -0.852600 -0.270700 -0.447000
vn 0.852600 0.309400 -0.421100
vn -0.852600 -0.385600 0.352700
vn 0.852600 -0.178300 -0.491200
vn 0.852600 -0.270700 -0.447000
vn -0.852600 0.421100 0.309400
vn 0.852600 -0.385600 0.352700
vn -0.852600 0.221300 -0.473400
vn 0.852600 0.421100 0.309400
vn -0.852600 -0.352700 -0.385600
vn 0.852600 0.221300 -0.473400
vn -0.852600 -0.309400 0.421100
vn 0.852600 -0.352700 -0.385600
vn -0.852600 0.473400 0.221300
vn 0.852600 -0.309400 0.421100
vn -0.852600 0.124700 -0.507500
vn 0.852600 0.473400 0.221300
vn -0.852600 -0.421100 -0.309400
vn 0.852600 0.124700 -0.507500
vn -0.852600 -0.221300 0.473400
vn 0.852600 -0.421100 -0.309400
vn -0.852600 0.507500 0.124700
vn 0.852600 -0.221300 0.473400
vn -0.852600 0.023300 -0.522000
vn 0.852600 0.507500 0.124700
vn -0.852600 -0.473400 -0.221300
vn 0.852600 0.023300 -0.522000
vn -0.852600 -0.124700 0.507500
vn 0.852600 -0.473400 -0.221300
vn -0.852600 0.522000 0.023300
vn 0.852600 -0.124700 0.507500
vn -0.852600 -0.079000 -0.516500
vn 0.852600 0.522000 0.023300
vn -0.852600 -0.507500 -0.124700
vn 0.852600 -0.079000 -0.516500
vn -0.852600 -0.023300 0.522000
vn 0.852600 -0.507500 -0.124700
vn -0.852600 0.516500 -0.079000
vn 0.852600 -0.023300 0.522000
vn 0.852600 0.516500 -0.079000
vn -0.852600 -0.522000 -0.023300
vn -0.852600 0.079000 0.516500
vn 0.852600 -0.522000 -0.023300
vn -0.852600 0.491200 -0.178300
vn 0.852600 0.079000 0.516500
vn 0.852600 0.491200 -0.178300
vn -0.852600 -0.516500 0.079000
vn -0.852600 0.178300 0.491200
vn 0.852600 -0.516500 0.079000
vn -0.852600 0.447000 -0.270700
vn 0.852600 0.178300 0.491200
vn 0.000000 0.251200 -0.967900
vn 0.000000 0.995900 -0.089800
vn 0.000000 0.995900 -0.089700
vn 0.000000 0.859200 0.511600
vn 0.616300 -0.596000 -0.514700
vn -0.215500 -0.684600 0.696300
vn -0.336700 0.626600 -0.702800
vn -0.265200 0.619200 -0.739000
vn 0.336700 0.626600 -0.702800
vn 0.191400 -0.699000 0.689000
vn 0.265200 0.619300 -0.739000
vn -0.001300 -0.674700 0.738100
vn -0.012900 0.877600 -0.479200
vn -0.012900 0.959400 0.281700
vn -0.012900 0.106900 0.994200
vn -0.012900 -0.106900 -0.994200
vn -0.191400 0.579700 -0.792000
vn -0.191400 -0.699000 0.689000
vn 0.001300 -0.674700 0.738100
vn -0.223700 -0.681000 0.697300
vn 0.001400 0.631400 -0.775400
vn -0.831400 -0.555100 -0.022900
vn -0.980800 -0.195000 -0.005100
vn -0.708100 0.705300 0.032800
vn 0.998800 -0.047200 -0.008600
vn -0.998800 0.047700 -0.005700
vn 0.831400 0.555500 0.010800
vn 0.980800 0.195000 0.006700
vn 0.708100 -0.706000 -0.010000
vn 0.512000 0.503100 0.696200
vn -0.512000 -0.544400 0.664400
vn -0.512000 -0.544500 0.664400
vn 0.512000 -0.544500 0.664400
vn 0.000000 1.000000 0.000000
usemtl npc_hopper_material
s 1
f 1/1/1 32/2/2 64/3/2
f 21/4/3 53/5/3 54/6/4
f 10/7/5 42/8/5 43/9/6
f 30/10/7 62/11/7 63/12/8
f 19/13/9 51/14/9 52/15/10
f 8/16/11 40/17/11 41/18/12
f 28/19/13 60/20/13 61/21/14
f 17/22/15 49/23/15 50/24/16
f 6/25/17 38/26/17 39/27/18
f 27/28/19 26/29/20 58/30/20
f 4/31/21 36/32/21 37/33/22
f 15/34/23 47/35/23 48/36/24
f 24/37/25 56/38/25 57/39/26
f 2/40/27 34/41/27 35/42/28
f 13/43/29 45/44/29 46/45/30
f 22/46/4 54/6/4 55/47/31
f 12/48/32 11/49/6 43/9/6
f 32/2/2 31/50/8 63/12/8
f 20/51/10 52/15/10 53/5/3
f 9/52/12 41/18/12 42/8/5
f 30/10/7 29/53/14 61/21/14
f 19/13/9 18/54/16 50/24/16
f 7/55/18 39/27/18 40/17/11
f 28/19/13 27/28/19 59/56/19
f 5/57/22 37/33/22 38/26/17
f 17/22/15 16/58/24 48/36/24
f 25/59/26 57/39/26 58/30/20
f 4/31/21 3/60/28 35/42/28
f 14/61/30 46/45/30 47/35/23
f 23/62/31 55/47/31 56/38/25
f 1/1/1 33/63/1 34/41/27
f 12/48/32 44/64/32 45/44/29
f 71/65/33 85/66/34 1429/67/35
f 73/68/36 1423/69/37 1425/70/38
f 69/71/39 70/72/40 1429/67/35
f 73/68/36 65/73/41 1424/74/42
f 67/75/43 68/76/44 1434/77/45
f 1433/78/46 84/67/46 88/70/46
f 181/79/47 1594/80/48 1484/81/49
f 1442/82/50 1447/83/51 1446/84/51
f 1447/83/51 1449/85/52 1448/86/52
f 1449/85/52 1451/87/53 96/88/53
f 1451/87/53 1453/89/54 1452/90/54
f 1453/89/54 1455/91/55 1454/92/55
f 1455/91/55 1458/93/56 1457/94/56
f 99/95/57 97/96/58 1531/97/57
f 184/98/59 1595/99/60 1577/100/61
f 1467/101/62 1472/102/63 106/103/63
f 1472/102/63 1474/104/64 108/105/64
f 1474/104/64 1476/106/65 1475/107/65
f 1476/106/65 1478/108/66 1477/109/66
f 1478/108/66 1480/110/67 1479/111/67
f 1480/110/67 1481/112/68 1461/113/68
f 199/114/69 187/115/70 1570/116/71
f 1477/109/66 1478/108/66 1479/111/67
f 1491/117/72 1495/118/73 1494/119/73
f 1495/118/73 1497/120/74 122/121/74
f 1497/120/74 1499/122/75 124/123/75
f 1499/122/75 1501/124/76 126/125/76
f 1501/124/76 1503/126/77 128/127/77
f 1503/126/77 1504/128/78 1487/129/78
f 1486/130/79 1488/131/79 1585/132/79
f 5/57/22 4/31/21 37/33/22
f 1510/133/80 1515/134/81 1514/135/81
f 1515/134/81 1517/136/82 136/137/82
f 1517/136/82 1519/138/83 1518/139/83
f 1519/138/83 1521/140/84 1520/141/84
f 1521/140/84 1523/142/85 142/143/85
f 139/144/86 137/145/87 1556/146/87
f 187/147/70 1596/148/88 1439/149/89
f 1523/142/85 1524/150/90 1507/151/90
f 1469/152/79 120/153/79 1516/154/79
f 1561/155/91 1630/156/91 1600/157/92
f 177/158/93 201/159/93 189/160/94
f 99/95/57 1531/97/57 1532/161/95
f 145/162/96 143/163/97 176/164/97
f 123/165/98 1547/166/98 1548/167/99
f 1555/168/100 1511/169/101 188/170/102
f 129/171/103 1550/172/103 1551/116/104
f 111/173/105 109/174/106 1538/175/106
f 135/176/107 133/177/108 171/178/108
f 95/179/109 1529/180/109 1530/181/58
f 117/182/110 115/183/111 1541/184/111
f 139/144/86 174/185/86 1558/186/112
f 119/187/113 1546/188/113 1544/189/114
f 101/190/95 1532/161/95 1533/191/115
f 125/192/99 1548/167/99 1549/193/116
f 1468/194/117 1537/195/117 1535/196/118
f 1432/197/119 1431/198/119 84/67/46
f 1443/199/120 1528/200/120 1526/201/121
f 111/173/105 1539/202/105 1540/203/122
f 137/145/87 135/176/107 172/204/107
f 97/96/58 1530/181/58 1531/97/57
f 147/158/123 91/205/124 179/160/125
f 143/163/97 141/206/112 1558/186/112
f 123/165/98 121/207/114 1544/189/114
f 178/208/126 1593/209/127 1464/210/128
f 127/211/116 1549/193/116 1550/172/103
f 107/212/118 1535/196/118 1538/175/106
f 155/213/129 105/214/130 1569/215/131
f 93/216/121 1526/201/121 1529/180/109
f 113/217/122 1540/203/122 1541/184/111
f 184/218/59 196/219/132 1565/188/133
f 182/194/134 181/220/47 193/221/135
f 1466/162/136 1567/222/137 190/223/138
f 187/115/70 1441/224/139 1570/116/71
f 1574/182/140 1573/225/141 196/219/132
f 178/226/126 190/223/138 1576/200/142
f 1483/227/143 1575/191/144 193/221/135
f 187/115/70 199/114/69 1572/178/145
f 153/228/91 192/229/91 180/230/146
f 163/231/147 1490/232/148 1566/233/149
f 1562/199/150 178/226/126 1576/200/142
f 161/234/151 195/235/151 183/236/152
f 112/237/79 114/238/79 1460/239/79
f 1547/166/98 123/165/98 1544/189/114
f 1536/240/123 154/241/153 1608/242/123
f 178/208/126 1562/243/150 1563/244/154
f 169/245/155 198/246/155 186/247/156
f 1518/139/83 1519/138/83 1520/141/84
f 1647/248/157 1648/249/157 1649/250/158
f 213/80/153 1591/251/153 1581/251/153
f 178/226/126 1466/162/136 190/223/138
f 1444/252/50 1442/82/50 1446/84/51
f 181/220/47 1483/227/143 193/221/135
f 1489/149/159 219/148/159 208/253/159
f 1649/250/158 1650/254/158 1651/255/160
f 1653/256/161 1651/255/160 1654/257/161
f 1661/258/162 1662/259/162 1663/260/163
f 75/74/46 1438/261/119 1437/262/46
f 1663/260/163 1664/263/163 1665/264/164
f 70/72/40 71/65/33 1429/67/35
f 1665/264/164 1666/265/164 1667/266/165
f 1667/266/165 1668/267/165 1669/268/166
f 148/269/51 1527/270/100 1601/271/51
f 1687/272/167 1688/273/167 1689/274/168
f 197/275/147 163/231/147 1566/233/149
f 152/276/55 151/277/54 1605/278/55
f 168/279/77 167/280/76 1621/281/77
f 185/187/169 184/218/59 1565/188/133
f 1637/282/170 1638/283/170 1639/284/171
f 1493/285/172 1589/286/172 1490/287/148
f 1482/288/173 161/234/151 183/236/152
f 157/289/64 156/290/63 1610/291/64
f 115/183/111 113/217/122 1541/184/111
f 187/147/70 1571/292/174 220/253/175
f 1505/293/176 169/245/155 186/247/156
f 1553/294/81 1554/295/147 1625/296/81
f 184/98/59 185/297/169 217/298/177
f 1557/299/83 173/300/82 1627/301/83
f 1571/177/174 187/115/70 1572/178/145
f 181/79/47 182/302/134 1592/251/178
f 166/303/75 1619/304/75 1620/305/76
f 1536/240/123 1608/242/123 1609/306/63
f 175/307/84 1628/308/84 1629/309/85
f 164/310/73 1617/311/73 1618/312/74
f 1534/313/151 1606/314/151 1607/315/153
f 173/300/82 1626/316/82 1627/301/83
f 162/317/179 1615/318/179 1616/319/129
f 151/277/54 1604/320/54 1605/278/55
f 1554/295/147 1624/321/147 1625/296/81
f 149/322/52 1602/323/52 1603/324/53
f 160/325/67 1613/326/67 1614/327/155
f 1552/328/93 1622/329/93 1623/330/159
f 1527/270/100 1599/331/100 1601/271/51
f 158/332/65 1611/333/65 1612/334/66
f 167/280/76 1620/305/76 1621/281/77
f 156/290/63 1609/306/63 1610/291/64
f 1559/335/85 1629/309/85 1630/156/91
f 165/336/74 1618/312/74 1619/304/75
f 154/241/153 1607/315/153 1608/242/123
f 1557/299/83 1627/301/83 1628/308/84
f 1545/337/129 1616/319/129 1617/311/73
f 152/276/55 1605/278/55 1606/314/151
f 1553/294/81 1625/296/81 1626/316/82
f 150/338/53 1603/324/53 1604/320/54
f 1543/339/155 1614/327/155 1615/340/179
f 170/341/159 1623/330/159 1624/321/147
f 148/269/51 1601/271/51 1602/323/52
f 159/342/66 1612/334/66 1613/326/67
f 168/279/77 1621/281/77 1622/329/93
f 146/343/92 1600/344/92 1599/331/100
f 157/289/64 1610/291/64 1611/333/65
f 1634/345/180 1633/346/181 1632/347/181
f 1633/346/181 1636/348/182 1635/349/182
f 1636/348/182 1638/283/170 1637/282/170
f 1638/283/170 1640/350/171 1639/284/171
f 1640/350/171 1642/257/183 1641/256/183
f 1642/257/183 1644/351/184 1643/255/184
f 1644/351/184 1646/254/185 1645/250/185
f 1646/254/185 1648/249/157 1647/248/157
f 1648/249/157 1650/254/158 1649/250/158
f 1650/254/158 1652/351/160 1651/255/160
f 1651/255/160 1652/351/160 1654/257/161
f 1654/257/161 1656/350/186 1655/284/186
f 1656/350/186 1658/283/187 1657/282/187
f 1657/352/187 1658/353/187 1660/354/188
f 1660/354/188 1662/259/162 1661/258/162
f 1662/259/162 1664/263/163 1663/260/163
f 1664/263/163 1666/265/164 1665/264/164
f 1666/265/164 1668/267/165 1667/266/165
f 1668/267/165 1670/355/166 1669/268/166
f 1670/355/166 1672/356/189 1671/357/189
f 1672/356/189 1674/358/190 1673/359/190
f 1674/360/190 1676/361/191 1675/362/191
f 1675/362/191 1676/361/191 1678/363/192
f 1678/363/192 1680/364/193 1679/365/193
f 1679/365/193 1680/364/193 1682/366/194
f 1682/366/194 1684/367/195 1683/368/195
f 1684/367/195 1686/369/196 1685/370/196
f 1686/369/196 1688/273/167 1687/272/167
f 1688/273/167 1690/371/168 1689/274/168
f 1690/372/168 1692/373/197 1691/374/197
f 272/250/198 274/255/199 2371/255/199
f 1694/375/200 1634/345/180 1631/376/180
f 1692/373/197 1694/375/200 1693/377/200
f 309/369/201 307/367/202 2404/367/202
f 1700/378/203 1702/379/159 378/380/204
f 142/143/85 1523/142/85 1507/151/90
f 1699/381/205 1698/382/206 322/383/206
f 1722/384/207 1724/385/206 366/386/208
f 84/67/46 1428/66/46 88/70/46
f 1698/382/206 1701/387/207 324/388/207
f 1714/389/209 1716/390/210 371/391/211
f 784/392/159 1981/393/159 807/394/159
f 324/388/207 1701/387/207 1703/395/212
f 359/396/213 375/397/214 376/398/215
f 36/32/21 4/31/21 35/42/28
f 326/399/212 1703/395/212 1705/400/153
f 1722/384/207 368/401/216 369/402/217
f 1452/90/54 1453/89/54 1454/92/55
f 1705/400/153 1707/403/210 330/404/210
f 1700/378/203 379/402/218 380/401/219
f 1469/152/79 1471/405/79 1473/406/79
f 1707/403/210 1709/407/209 332/408/209
f 1714/389/209 372/398/220 373/397/221
f 1513/409/80 1510/133/80 1514/135/81
f 332/408/209 1709/407/209 1711/410/222
f 1704/390/223 1706/389/224 376/398/215
f 136/137/82 1517/136/82 1518/139/83
f 334/411/222 1711/410/222 1713/412/225
f 1696/413/226 381/414/227 367/415/228
f 1446/84/51 1447/83/51 1448/86/52
f 336/416/225 1713/412/225 1715/410/213
f 1720/378/212 369/402/217 370/380/229
f 29/53/14 28/19/13 61/21/14
f 1715/410/213 1717/407/224 340/408/224
f 1710/417/225 1712/418/222 373/419/221
f 100/420/79 1456/421/79 1450/422/79
f 340/408/224 1717/407/224 1719/403/223
f 1695/423/205 367/415/228 366/424/208
f 25/59/26 24/37/25 57/39/26
f 342/404/223 1719/403/223 1721/400/159
f 375/397/214 391/425/230 392/426/231
f 339/427/232 1708/428/232 360/429/232
f 344/430/159 1721/400/159 1723/395/203
f 1475/107/65 1476/106/65 1477/109/66
f 1704/390/223 377/391/233 378/380/204
f 1723/395/203 1725/387/234 348/388/234
f 1498/431/79 1502/432/79 1516/154/79
f 350/383/226 1726/382/226 1699/381/205
f 1725/387/234 1726/382/226 350/383/226
f 1697/384/234 380/401/219 381/386/227
f 1435/433/46 79/77/46 1437/262/46
f 1710/417/225 374/434/235 375/435/214
f 1718/379/153 370/380/229 371/391/211
f 377/391/233 393/436/236 394/437/237
f 367/415/228 383/438/238 382/439/239
f 380/401/219 379/402/218 395/440/240
f 368/401/216 384/441/241 385/440/242
f 367/415/228 381/414/227 397/442/243
f 370/380/229 386/437/244 387/436/245
f 373/397/221 372/398/220 388/426/246
f 375/435/214 374/434/235 390/443/247
f 377/391/233 376/398/215 392/426/231
f 379/402/218 378/380/204 394/437/237
f 368/401/216 366/386/208 382/444/239
f 380/401/219 396/441/248 397/444/243
f 369/402/217 385/440/242 386/437/244
f 371/391/211 387/436/245 388/426/246
f 373/419/221 389/445/249 390/443/247
f 443/446/203 1734/447/159 458/448/204
f 1740/449/232 440/450/232 421/451/232
f 1731/452/205 1730/453/206 402/454/206
f 432/455/207 398/456/206 446/457/208
f 62/11/7 30/10/7 61/21/14
f 1730/453/206 1733/458/207 404/459/207
f 435/460/210 451/461/211 452/462/220
f 1897/463/153 1895/464/153 1902/465/153
f 404/459/207 1733/458/207 1735/466/212
f 1738/467/224 439/468/213 455/469/214
f 1428/66/46 1427/470/46 88/70/46
f 1735/466/212 1737/471/153 408/472/153
f 433/446/212 432/455/207 448/473/216
f 51/14/9 19/13/9 50/24/16
f 1737/471/153 1739/474/210 410/475/210
f 443/446/203 459/476/218 460/473/219
f 64/3/2 32/2/2 63/12/8
f 1739/474/210 1741/477/209 412/478/209
f 436/467/209 452/462/220 453/469/221
f 1483/479/143 181/79/47 1484/81/49
f 1741/477/209 1743/480/222 414/481/222
f 441/460/223 1738/467/224 456/462/215
f 120/153/79 1496/482/79 1498/431/79
f 1743/480/222 1745/483/225 416/484/225
f 1727/485/205 1728/486/226 461/487/227
f 8/16/11 7/55/18 40/17/11
f 416/484/225 1745/483/225 1747/480/213
f 433/446/212 449/476/217 450/448/229
f 21/4/3 20/51/10 53/5/3
f 1747/480/213 1749/477/224 420/478/224
f 437/488/222 453/489/221 454/490/235
f 88/70/46 75/74/46 1437/262/46
f 420/478/224 1749/477/224 1751/474/223
f 1727/485/205 447/491/228 446/492/208
f 597/493/250 596/494/250 1913/495/250
f 1751/474/223 1753/471/159 424/472/159
f 455/469/214 471/496/230 472/497/231
f 10/7/5 9/52/12 42/8/5
f 1753/471/159 1755/466/203 426/498/203
f 1512/499/79 1486/130/79 1585/132/79
f 441/460/223 457/461/233 458/448/204
f 1755/466/203 1757/458/234 428/459/234
f 95/179/109 93/216/121 1529/180/109
f 430/454/226 1758/453/226 1731/452/205
f 428/459/234 1757/458/234 1758/453/226
f 444/455/234 460/473/219 461/457/227
f 403/500/232 1756/501/232 1754/502/232
f 438/503/225 454/490/235 455/504/214
f 435/460/210 1750/447/153 450/448/229
f 457/461/233 473/505/236 474/506/237
f 447/491/228 463/507/238 462/508/239
f 460/473/219 459/476/218 475/509/240
f 448/473/216 464/510/241 465/509/242
f 447/491/228 461/487/227 477/511/243
f 451/461/211 450/448/229 466/506/244
f 452/462/220 468/497/246 469/496/249
f 454/490/235 470/512/247 471/513/230
f 457/461/233 456/462/215 472/497/231
f 459/476/218 458/448/204 474/506/237
f 448/473/216 446/457/208 462/514/239
f 460/473/219 476/510/248 477/514/243
f 449/476/217 465/509/242 466/506/244
f 451/461/211 467/505/245 468/497/246
f 453/489/221 469/515/249 470/512/247
f 2419/516/251 2418/517/251 2427/518/251
f 1412/519/252 1765/520/252 1764/521/253
f 2417/522/254 1759/523/255 1761/524/254
f 1760/525/256 1763/526/256 1766/527/256
f 2422/528/257 480/529/257 479/530/257
f 1770/531/258 1769/532/259 1768/533/259
f 1769/532/259 1772/534/260 1771/535/260
f 1771/535/260 1772/534/260 1774/536/261
f 1774/536/261 1776/537/262 1775/538/262
f 1776/537/262 1778/539/263 1777/540/263
f 1778/539/263 1780/541/264 1779/542/264
f 1780/541/264 1782/543/265 496/544/265
f 1782/543/265 1784/545/266 1783/546/266
f 1784/547/266 1786/548/267 1785/549/267
f 1786/550/267 1788/551/268 1787/552/268
f 1788/551/268 1790/553/269 1789/554/269
f 1790/553/269 1792/555/270 1791/556/270
f 1792/555/270 1794/557/271 1793/558/271
f 1793/558/271 1794/557/271 1796/559/272
f 106/103/63 1472/102/63 108/105/64
f 1798/560/273 1770/561/258 1767/562/258
f 1796/559/272 1798/563/273 512/564/273
f 1525/205/274 177/158/93 189/160/94
f 1803/565/275 1835/566/275 548/567/276
f 1825/568/277 1857/569/277 1855/570/278
f 1506/571/79 1508/572/79 1587/573/79
f 132/574/279 1586/575/279 1598/576/279
f 1542/225/110 117/182/110 1541/184/111
f 101/190/95 99/95/57 1532/161/95
f 165/336/74 164/310/73 1618/312/74
f 72/577/280 73/68/36 1425/70/38
f 513/578/153 511/579/153 1828/580/153
f 1797/581/159 1827/582/159 510/583/159
f 1525/584/274 1465/585/281 144/586/281
f 200/587/100 1555/168/100 188/170/102
f 131/224/104 129/171/103 1551/116/104
f 497/588/153 1814/589/153 499/590/153
f 92/591/79 94/592/79 1450/422/79
f 1460/593/79 1462/594/79 1583/595/79
f 127/211/116 125/192/99 1549/193/116
f 164/310/73 1545/337/129 1617/311/73
f 174/185/86 139/144/86 1556/146/87
f 1597/253/159 208/253/159 219/148/159
f 1482/596/173 1578/597/282 116/598/282
f 1539/202/105 111/173/105 1538/175/106
f 1566/599/149 1490/287/148 1589/286/172
f 175/307/84 1557/299/83 1628/308/84
f 1581/251/153 1579/81/153 213/80/153
f 1543/339/155 160/325/67 1614/327/155
f 125/192/99 123/165/98 1548/167/99
f 1639/284/171 1640/350/171 1641/256/183
f 1671/357/189 1672/356/189 1673/359/190
f 1560/222/96 145/162/96 176/164/97
f 150/338/53 149/322/52 1603/324/53
f 494/600/159 1781/601/159 1813/602/159
f 1852/603/153 559/604/153 551/605/153
f 560/606/159 568/607/159 1861/608/159
f 527/609/283 1844/610/283 1846/611/284
f 538/612/278 1855/570/278 1853/569/285
f 1799/613/286 1800/614/276 548/567/276
f 1810/615/287 557/616/287 1844/610/283
f 1802/617/288 1830/618/289 577/619/289
f 536/568/285 1853/569/285 566/620/290
f 1810/615/287 523/621/291 1840/622/291
f 1830/618/289 543/623/292 1860/624/292
f 1817/625/293 1819/626/290 566/620/290
f 521/615/294 1838/616/294 1840/622/291
f 541/627/295 1858/628/295 1860/624/292
f 1815/613/296 1817/625/293 564/629/293
f 519/609/297 1836/610/297 1838/616/294
f 539/630/298 1856/631/298 1858/628/295
f 1801/632/299 549/611/299 1836/610/297
f 528/614/300 1815/613/296 562/633/296
f 537/627/301 1854/628/301 1856/631/298
f 1801/632/299 1802/617/288 547/634/288
f 528/614/300 1845/567/300 1843/566/302
f 1820/623/303 567/624/303 1854/628/301
f 526/565/302 1843/566/302 1841/635/304
f 1799/613/286 546/633/286 576/629/305
f 1820/623/303 1818/618/306 565/619/306
f 524/636/304 1841/635/304 554/637/307
f 542/626/308 1829/625/305 576/629/305
f 1818/618/306 531/617/309 1848/634/309
f 1805/636/310 1807/638/307 554/637/307
f 542/626/308 1859/620/308 1857/569/277
f 1803/565/275 1805/636/310 552/635/310
f 529/632/284 1846/611/284 1848/634/309
f 1893/639/311 1872/640/311 1885/641/311
f 1433/78/46 1432/197/119 84/67/46
f 1874/642/312 2432/643/313 2442/644/313
f 108/105/64 1474/104/64 1475/107/65
f 1892/645/314 2441/646/315 2439/647/316
f 60/20/13 28/19/13 59/56/19
f 15/34/23 14/61/30 47/35/23
f 1879/648/317 1880/649/318 1881/650/319
f 1890/651/159 1884/652/159 1886/653/159
f 1863/654/320 1892/645/314 587/655/321
f 1459/227/115 101/190/95 1533/191/115
f 1894/656/322 1892/645/314 1891/651/323
f 1454/92/55 1455/91/55 1457/94/56
f 1873/657/324 1887/653/325 591/652/326
f 96/88/53 1451/87/53 1452/90/54
f 1912/658/327 1905/659/328 1920/660/329
f 1506/661/79 92/591/79 1469/152/79
f 1907/662/330 1896/464/331 1898/463/332
f 1919/663/333 1909/664/334 1914/665/335
f 2435/666/336 2437/667/336 2443/668/337
f 103/669/338 212/670/339 102/671/339
f 1423/69/37 73/68/36 1424/74/42
f 6/25/17 5/57/22 38/26/17
f 1900/672/340 1908/673/340 1906/674/340
f 325/675/232 318/676/232 352/677/232
f 1505/678/176 218/576/341 130/574/341
f 2438/679/342 1422/680/343 1909/664/334
f 1899/681/344 1901/465/345 1903/682/346
f 1955/683/265 750/684/265 748/685/264
f 612/686/347 611/687/348 619/688/349
f 611/687/348 610/689/350 618/690/351
f 609/691/159 617/692/352 618/690/351
f 608/693/353 616/694/354 617/692/352
f 607/695/355 615/696/356 616/694/354
f 606/697/357 614/698/358 615/696/356
f 1941/699/359 1942/700/360 621/701/361
f 1931/702/362 761/703/363 763/704/364
f 620/705/365 619/688/349 627/706/366
f 619/688/349 618/690/351 626/707/367
f 617/692/352 625/708/368 626/707/367
f 616/694/354 624/709/369 625/708/368
f 616/694/354 615/696/356 623/710/370
f 615/696/356 614/698/358 622/711/371
f 694/712/372 755/713/373 757/714/374
f 627/706/366 636/715/375 637/716/376
f 627/706/366 626/707/367 635/717/377
f 626/707/367 625/708/368 634/718/378
f 624/709/369 633/719/379 634/718/378
f 623/710/370 632/720/380 633/719/379
f 622/711/371 631/721/381 632/720/380
f 718/722/382 749/723/383 751/724/384
f 636/715/375 644/725/385 645/726/386
f 635/717/377 643/727/387 644/725/385
f 634/718/378 642/728/388 643/727/387
f 633/719/379 641/729/389 642/728/388
f 632/720/380 640/730/390 641/729/389
f 632/720/380 631/721/381 639/731/391
f 1969/732/270 760/733/270 758/734/269
f 1949/735/269 758/736/269 756/737/268
f 644/725/385 652/738/392 653/739/393
f 644/725/385 643/727/387 651/740/394
f 642/728/388 650/741/395 651/740/394
f 642/728/388 641/729/389 649/742/396
f 640/730/390 648/743/397 649/742/396
f 640/730/390 639/731/391 647/744/398
f 734/745/399 1940/746/400 743/747/401
f 653/739/393 652/738/392 660/748/402
f 651/740/394 659/749/403 660/748/402
f 650/741/395 658/750/404 659/749/403
f 649/742/396 657/751/405 658/750/404
f 648/743/397 656/752/406 657/751/405
f 647/744/398 655/753/407 656/752/406
f 646/754/408 1929/755/409 765/756/410
f 1958/757/263 746/758/263 744/759/262
f 660/748/402 668/760/411 669/761/412
f 659/749/403 667/762/413 668/760/411
f 658/750/404 666/763/414 667/762/413
f 657/751/405 665/764/415 666/763/414
f 657/751/405 656/752/406 664/765/416
f 655/753/407 663/766/417 664/765/416
f 678/767/418 759/768/419 761/703/363
f 668/760/411 676/769/420 677/770/421
f 667/762/413 675/771/422 676/769/420
f 666/763/414 674/772/153 675/771/422
f 665/764/415 673/773/423 674/772/153
f 664/765/416 672/774/424 673/773/423
f 664/765/416 663/766/417 671/775/425
f 694/712/372 1935/776/426 753/777/427
f 677/778/421 676/779/420 684/780/428
f 675/781/422 683/782/429 684/780/428
f 674/783/153 682/784/430 683/782/429
f 673/785/423 681/786/431 682/784/430
f 673/785/423 672/787/424 680/788/432
f 671/789/425 679/790/433 680/788/432
f 1512/791/79 134/792/79 1502/432/79
f 685/793/434 684/780/428 692/794/435
f 683/782/429 691/795/436 692/794/435
f 682/784/430 690/796/437 691/795/436
f 682/784/430 681/786/431 689/797/438
f 680/788/432 688/798/439 689/797/438
f 679/790/433 687/799/440 688/798/439
f 1953/800/266 752/801/266 750/684/265
f 693/802/441 692/794/435 700/803/442
f 692/794/435 691/795/436 699/804/443
f 690/796/437 698/805/444 699/804/443
f 690/796/437 689/797/438 697/806/445
f 688/798/439 696/807/446 697/806/445
f 687/799/440 695/808/447 696/807/446
f 1938/809/448 805/810/448 1979/811/449
f 737/812/450 1977/813/451 1978/814/452
f 700/803/442 708/815/453 709/816/454
f 699/804/443 707/817/455 708/815/453
f 698/805/444 706/818/46 707/817/455
f 697/806/445 705/819/456 706/818/46
f 697/806/445 696/807/446 704/820/457
f 695/808/447 703/821/60 704/820/457
f 726/822/458 747/823/459 749/723/383
f 1928/824/460 815/825/460 1989/826/461
f 708/815/453 716/827/462 717/828/463
f 707/817/455 715/829/464 716/827/462
f 706/818/46 714/830/465 715/829/464
f 705/819/456 713/831/466 714/830/465
f 704/820/457 712/832/467 713/831/466
f 704/820/457 703/821/60 711/833/468
f 739/834/469 1978/814/452 1943/835/470
f 1936/836/471 702/837/472 1983/838/472
f 717/828/463 716/827/462 724/839/473
f 716/827/462 715/829/464 723/840/474
f 715/829/464 714/830/465 722/841/475
f 713/831/466 721/842/476 722/841/475
f 712/832/467 720/843/477 721/842/476
f 711/833/468 719/844/478 720/843/477
f 735/845/479 803/846/480 1977/813/451
f 1938/809/448 1937/847/481 806/393/481
f 724/839/473 732/848/482 733/849/483
f 724/839/473 723/840/474 731/850/484
f 722/841/475 730/851/485 731/850/484
f 721/842/476 729/852/486 730/851/485
f 720/843/477 728/853/487 729/852/486
f 719/844/478 727/854/488 728/853/487
f 1932/855/489 670/856/490 1987/857/490
f 1934/858/491 809/859/491 1983/838/472
f 1934/858/491 1933/860/492 1985/861/492
f 1928/824/460 1927/862/470 1943/835/470
f 735/845/479 1939/863/449 1979/811/449
f 1937/847/481 1936/836/471 1984/394/471
f 662/864/493 1990/865/493 1987/857/490
f 654/866/461 1989/826/461 1990/865/493
f 1933/860/492 1932/855/489 811/867/489
f 629/868/494 612/686/347 620/705/365
f 606/697/357 638/869/495 614/698/358
f 629/868/494 620/705/365 628/870/496
f 614/698/358 638/869/495 622/711/371
f 629/868/494 628/870/496 637/716/376
f 622/711/371 638/869/495 631/721/381
f 629/868/494 637/716/376 645/726/386
f 631/721/381 638/869/495 639/731/391
f 629/868/494 645/726/386 653/739/393
f 639/731/391 638/869/495 647/744/398
f 629/868/494 653/739/393 661/871/497
f 647/744/398 638/869/495 655/753/407
f 629/868/494 661/871/497 669/761/412
f 655/753/407 638/869/495 663/766/417
f 629/868/494 669/761/412 677/770/421
f 663/766/417 638/869/495 671/775/425
f 629/872/494 677/778/421 685/793/434
f 671/789/425 638/873/495 679/790/433
f 629/872/494 685/793/434 693/802/441
f 679/790/433 638/873/495 687/799/440
f 629/872/494 693/802/441 701/874/498
f 687/799/440 638/873/495 695/808/447
f 629/872/494 701/874/498 709/816/454
f 695/808/447 638/873/495 703/821/60
f 629/872/494 709/816/454 717/828/463
f 703/821/60 638/873/495 711/833/468
f 629/872/494 717/828/463 725/875/499
f 711/833/468 638/873/495 719/844/478
f 629/872/494 725/875/499 733/849/483
f 719/844/478 638/873/495 727/854/488
f 629/872/494 733/849/483 612/876/347
f 732/848/482 611/877/348 612/876/347
f 731/850/484 610/878/350 611/877/348
f 731/850/484 730/851/485 609/879/159
f 729/852/486 608/880/353 609/879/159
f 729/852/486 728/853/487 607/881/355
f 728/853/487 727/854/488 606/882/357
f 727/854/488 638/873/495 606/882/357
f 646/754/408 767/883/500 630/884/501
f 768/885/273 766/886/273 764/887/502
f 734/745/399 745/888/503 747/823/459
f 1964/889/259 738/890/259 736/891/258
f 1942/892/360 741/893/504 630/894/501
f 710/895/505 751/724/384 753/896/427
f 686/897/506 757/714/374 759/768/419
f 1929/755/409 1930/898/507 763/704/364
f 1940/746/400 1941/699/359 613/899/508
f 1952/900/267 754/901/267 752/801/266
f 14/61/30 13/43/29 46/45/30
f 1430/902/509 69/71/39 1429/67/35
f 751/903/384 749/904/383 1963/905/510
f 800/835/159 798/906/159 1945/907/159
f 747/908/459 1960/909/511 1963/905/510
f 767/910/500 1976/911/512 1948/912/513
f 1659/913/188 1660/354/188 1661/258/162
f 747/908/459 745/914/503 1957/915/514
f 765/916/410 1975/917/515 1976/918/512
f 1466/919/136 178/208/126 1464/210/128
f 743/920/401 1954/921/516 1957/922/514
f 763/923/364 1974/924/517 1975/917/515
f 1516/154/79 1506/661/79 1469/152/79
f 743/920/401 613/925/508 1951/926/518
f 761/927/363 1973/928/519 1974/924/517
f 621/929/361 1947/930/520 1951/926/518
f 172/204/107 135/176/107 171/178/108
f 761/931/363 759/932/419 1972/933/521
f 630/934/501 1948/935/513 1947/930/520
f 1469/152/79 110/936/79 112/237/79
f 757/937/374 1971/938/522 1972/933/521
f 1469/152/79 112/237/79 120/153/79
f 757/937/374 755/939/373 787/940/523
f 1554/295/147 170/341/159 1624/321/147
f 109/174/106 107/212/118 1538/175/106
f 755/939/373 753/941/427 1968/942/524
f 1677/943/192 1675/362/191 1678/363/192
f 753/941/427 751/903/384 1966/944/525
f 1961/757/261 742/758/261 740/945/260
f 1946/946/272 764/887/502 762/734/271
f 1950/947/526 756/737/268 754/901/267
f 1956/948/264 748/685/264 746/949/263
f 1959/950/262 744/759/262 742/758/261
f 1962/951/260 740/945/260 738/890/259
f 768/885/273 1965/952/258 736/891/258
f 1967/953/271 762/734/271 760/733/270
f 1516/154/79 138/954/79 140/955/79
f 1645/250/185 1646/254/185 1647/248/157
f 1643/255/184 1644/351/184 1645/250/185
f 1641/256/183 1642/257/183 1643/255/184
f 1992/956/527 585/957/527 1993/958/527
f 1869/959/528 1875/960/529 1880/649/318
f 93/216/121 1443/199/120 1526/201/121
f 1864/961/530 1863/654/320 819/962/531
f 88/70/46 89/69/119 75/74/46
f 2433/963/532 2431/964/533 1871/965/534
f 103/966/338 153/228/91 180/230/146
f 1876/960/535 1995/967/536 1878/968/535
f 104/671/537 1582/969/538 214/670/539
f 1494/119/73 1495/118/73 122/121/74
f 13/43/29 12/48/32 45/44/29
f 974/970/46 2109/971/46 973/972/46
f 823/967/540 1998/973/540 2004/974/541
f 1556/146/87 137/145/87 172/204/107
f 1506/661/79 1445/975/79 92/591/79
f 1473/406/79 110/936/79 1469/152/79
f 1516/154/79 1522/976/79 1506/661/79
f 191/159/123 147/158/123 179/160/125
f 2208/924/153 2209/917/153 795/924/153
f 140/955/79 1522/976/79 1516/154/79
f 26/29/20 25/59/26 58/30/20
f 1545/337/129 162/317/179 1616/319/129
f 1653/256/161 1654/257/161 1655/284/186
f 1460/239/79 1492/977/79 112/237/79
f 1997/978/542 1999/979/542 2001/980/542
f 821/981/543 1994/982/543 826/983/543
f 820/984/544 1991/985/545 2002/986/546
f 1995/967/536 1867/984/536 2000/987/547
f 856/988/264 858/989/265 2033/990/265
f 845/991/548 828/992/549 829/993/550
f 871/994/551 869/995/552 2009/996/553
f 865/997/554 863/998/555 2012/999/556
f 859/1000/557 857/1001/558 2015/1002/559
f 866/1003/269 868/1004/270 2047/1005/270
f 864/1006/268 866/1007/269 2027/1008/269
f 842/1009/560 853/1010/561 851/1011/562
f 831/1012/563 875/1013/564 873/1014/565
f 852/1015/262 854/1016/263 2036/1017/263
f 2009/996/553 869/995/552 867/1018/566
f 2012/999/556 863/998/555 861/1019/567
f 1479/111/67 1480/110/67 1461/113/68
f 858/989/265 860/1020/266 2031/1021/266
f 2057/1022/568 2060/1023/569 841/1024/570
f 2056/1025/571 2055/1026/572 2019/1027/573
f 857/1001/558 855/1028/574 2016/1029/575
f 2067/1030/576 923/1031/577 2006/1032/577
f 2021/1033/578 2056/1025/571 847/1034/579
f 2014/1035/580 2062/1036/580 2061/1037/581
f 2055/1026/572 2058/1038/582 843/1039/583
f 841/1024/570 2060/1023/569 2059/1040/584
f 2066/1041/585 2065/1042/586 834/1043/586
f 2061/1037/581 2064/1044/587 837/1045/587
f 837/1045/587 2064/1044/587 2063/1046/588
f 2006/1032/577 923/1031/577 2021/1033/578
f 843/1039/583 2058/1038/582 2057/1022/568
f 840/1047/584 2059/1040/584 2062/1036/580
f 834/1043/586 2065/1042/586 2068/1048/589
f 2068/1048/589 2067/1030/576 832/1049/576
f 2011/1050/588 2063/1046/588 2066/1041/585
f 830/1051/590 875/1013/564 831/1012/563
f 872/1052/502 874/1053/273 876/1054/273
f 855/1028/574 853/1010/561 842/1009/560
f 844/1055/258 846/1056/259 2042/1057/259
f 2020/1058/591 829/1059/550 830/1060/590
f 861/1061/567 859/1000/557 839/1062/592
f 867/1018/566 865/997/554 836/1063/593
f 2007/1064/594 873/1014/565 871/994/551
f 2018/1065/400 851/1011/562 828/992/549
f 860/1020/266 862/1066/267 2030/1067/267
f 1689/1068/168 1690/372/168 1691/374/197
f 1470/1069/62 1467/101/62 106/103/63
f 859/1070/557 2044/1071/595 2041/1072/596
f 2023/1073/153 906/1074/153 908/1033/153
f 2041/1072/596 2038/1075/597 855/1076/574
f 2026/1077/598 2054/1078/599 875/1079/564
f 160/325/67 159/342/66 1613/326/67
f 855/1076/574 2038/1075/597 2035/1080/600
f 2054/1078/599 2053/1081/601 873/1082/565
f 122/121/74 1497/120/74 124/123/75
f 2035/1083/600 2032/1084/602 851/1085/562
f 2053/1081/601 2052/1086/603 871/1087/551
f 1431/198/119 83/902/46 84/67/46
f 2032/1084/602 2029/1088/604 828/1089/549
f 2052/1086/603 2051/1090/605 869/1091/552
f 2029/1088/604 2025/1092/606 829/1093/550
f 1593/209/127 178/208/126 1563/244/154
f 869/1094/552 2051/1095/605 2050/1096/607
f 2025/1092/606 2026/1097/598 830/1098/590
f 90/1099/608 211/1100/608 91/1101/124
f 2050/1096/607 2049/1102/609 865/1103/554
f 121/207/114 119/187/113 1544/189/114
f 865/1103/554 2049/1102/609 2048/1104/610
f 22/46/4 21/4/3 54/6/4
f 162/1105/179 1543/339/155 1615/340/179
f 863/1106/555 2048/1104/610 2046/1107/611
f 1631/376/180 1634/345/180 1632/347/181
f 861/1108/567 2046/1107/611 2044/1071/595
f 848/1109/260 850/1016/261 2039/1017/261
f 870/1003/271 872/1052/502 2024/1110/272
f 862/1066/267 864/1006/268 2028/1111/268
f 854/1112/263 856/988/264 2034/1113/264
f 850/1016/261 852/1015/262 2037/1114/262
f 846/1056/259 848/1109/260 2040/1115/612
f 874/1053/273 844/1055/258 2043/1116/258
f 868/1004/270 870/1003/271 2045/1117/271
f 916/1037/153 915/1036/153 892/1118/153
f 1552/328/93 168/279/77 1622/329/93
f 1534/313/151 152/276/55 1606/314/151
f 1594/80/48 181/79/47 1592/251/178
f 1910/957/613 2069/956/613 2071/958/613
f 1918/1119/614 1919/663/333 926/1120/615
f 1498/431/79 1500/1121/79 1502/432/79
f 927/1122/616 1920/660/329 1921/1123/617
f 59/56/19 27/28/19 58/30/20
f 604/1124/618 605/1125/619 2444/1126/313
f 2073/1127/620 1916/1128/620 601/1129/535
f 1559/335/85 175/307/84 1629/309/85
f 2229/926/153 1183/930/153 2261/926/153
f 1456/1130/79 1580/1131/621 204/1132/622
f 578/1133/623 1889/1134/624 589/1135/624
f 2082/1136/625 2076/1137/626 931/1127/626
f 118/1138/72 1491/117/72 1494/119/73
f 1441/1139/139 187/147/70 1439/149/89
f 129/171/103 127/211/116 1550/172/103
f 1502/432/79 134/792/79 1516/154/79
f 194/195/627 182/194/134 193/221/135
f 905/1081/159 2225/1081/159 903/1086/159
f 1420/1140/628 1907/662/330 1905/659/328
f 24/37/25 23/62/31 56/38/25
f 154/241/153 1534/313/151 1607/315/153
f 1561/155/91 1559/335/85 1630/156/91
f 176/164/97 143/163/97 1558/186/112
f 935/978/629 2081/1141/629 2080/980/629
f 2070/1142/630 933/1143/630 934/1144/630
f 928/1128/631 2078/1145/631 2079/1146/632
f 2075/1137/633 2077/1145/633 1916/1128/620
f 1527/270/100 146/343/92 1599/331/100
f 968/1147/634 938/1148/635 2084/1149/636
f 939/1150/637 941/1151/638 940/1152/639
f 16/58/24 15/34/23 48/36/24
f 952/1153/640 2092/1154/641 2093/1155/642
f 941/1156/638 943/1157/643 942/1158/644
f 1450/422/79 1456/421/79 1469/152/79
f 964/1159/645 966/1160/646 2085/1161/647
f 942/1162/644 943/1163/643 945/1164/648
f 7/55/18 6/25/17 39/27/18
f 944/1159/649 2096/1165/650 2097/1161/651
f 945/1164/648 947/1166/652 946/1167/653
f 1632/347/181 1633/346/181 1635/349/182
f 958/1168/654 2089/1155/655 2090/1154/656
f 946/1167/653 947/1166/652 949/1169/657
f 149/322/52 148/269/51 1602/323/52
f 950/1168/658 2093/1155/642 2094/1170/659
f 949/1169/657 951/1171/660 950/1172/658
f 170/341/159 1552/328/93 1623/330/159
f 964/1159/645 2086/1165/661 2087/1173/662
f 951/1174/660 953/1175/663 952/1176/640
f 113/217/122 111/173/105 1540/203/122
f 942/1160/644 2097/1161/651 2098/1177/664
f 953/1178/663 955/1179/665 954/1180/666
f 126/125/76 1501/124/76 128/127/77
f 956/1153/667 2090/1154/656 2091/1181/668
f 955/1179/665 957/1182/669 956/1183/667
f 594/1184/670 595/1185/670 605/1125/619
f 948/1186/671 2094/1170/659 2095/1173/672
f 957/1175/669 959/1174/673 958/1187/654
f 159/342/66 158/332/65 1612/334/66
f 940/1147/639 2098/1177/664 2084/1149/636
f 959/1188/673 961/1189/674 960/1190/675
f 3/60/28 2/40/27 35/42/28
f 962/1191/676 2087/1173/662 2088/1170/677
f 961/1189/674 963/1192/678 962/1193/676
f 1489/149/159 1440/149/159 219/148/159
f 954/1194/666 2091/1181/668 2092/1154/641
f 962/1193/676 963/1192/678 965/1195/679
f 1568/1196/129 155/213/129 1569/215/131
f 966/1160/646 968/1147/634 2083/1177/680
f 965/1195/679 967/1197/681 966/1198/646
f 968/1199/634 969/1200/682 939/1150/637
f 966/1158/646 967/1157/681 969/1156/682
f 166/303/75 165/336/74 1619/304/75
f 960/1186/675 2088/1170/677 2089/1155/655
f 944/1159/649 946/1191/653 2095/1173/672
f 2102/1201/46 982/1202/46 2101/1203/46
f 995/1204/683 2120/1205/683 2121/1206/684
f 997/1207/685 1013/1208/685 2119/1209/159
f 986/1210/686 2129/1211/686 2130/1212/687
f 999/1213/688 2115/1212/688 2117/1211/689
f 988/1214/153 2127/1209/153 2128/1208/690
f 990/1215/691 2125/1206/691 2126/1205/692
f 992/1216/495 2123/1217/495 2124/1218/693
f 994/1215/684 2121/1206/684 2122/1218/694
f 996/1214/159 2119/1209/159 2120/1205/683
f 984/1213/687 2130/1212/687 2116/1219/494
f 997/1207/685 998/1210/689 2117/1211/689
f 987/1207/690 2128/1208/690 2129/1211/686
f 985/1220/494 2116/1219/494 2115/1212/688
f 989/1204/692 2126/1205/692 2127/1209/153
f 991/1221/693 2124/1218/693 2125/1206/691
f 993/1221/694 2122/1218/694 2123/1217/495
f 1007/1222/695 1019/1223/696 1018/1224/697
f 1012/1225/698 2118/1226/699 1022/1227/700
f 1008/1228/701 1020/1229/702 1019/1223/696
f 2132/1230/703 2131/1231/704 1025/1232/705
f 2131/1231/704 2133/1233/706 1027/1234/707
f 2133/1233/706 2134/1235/708 1029/1236/709
f 2134/1235/708 2135/1237/710 1031/1238/711
f 2135/1237/710 2136/1239/712 1033/1240/713
f 2136/1239/712 2137/1241/714 1035/1242/715
f 1035/1242/715 2137/1241/714 2138/1243/716
f 1037/1244/717 2138/1243/716 2139/1245/718
f 1039/1246/719 2139/1247/718 2140/1248/720
f 1041/1249/721 2140/1248/720 2141/1250/722
f 1043/1251/723 2141/1250/722 2142/1252/724
f 1045/1253/725 2143/1252/726 2145/1254/727
f 1047/1255/728 1048/1254/729 1050/1256/730
f 1049/1257/731 1050/1256/730 1052/1258/732
f 2156/1259/733 2157/1260/734 1305/1260/735
f 1054/1261/736 2132/1262/703 1023/1263/737
f 1052/1258/732 1054/1261/736 1053/1264/738
f 1057/1265/739 2147/1266/740 2148/1267/741
f 1059/1268/742 2149/1269/743 2147/1266/740
f 1061/1270/744 2150/1271/745 2149/1269/743
f 1063/1272/746 2151/1273/747 2150/1271/745
f 1065/1274/748 2152/1275/749 2151/1273/747
f 1067/1276/750 2153/1277/751 2152/1275/749
f 1067/1276/750 1069/1278/752 1070/1279/753
f 1069/1278/752 1071/1280/754 1072/1281/755
f 1071/1282/754 1073/1283/756 1074/1259/757
f 1073/1283/756 1075/1284/758 1076/1260/759
f 1075/1284/758 2160/1285/760 2159/1286/761
f 1077/1285/762 2162/1287/763 1080/1288/764
f 1079/1287/765 1081/1289/766 1082/1290/767
f 1081/1289/766 1083/1291/768 1084/1292/769
f 2183/1293/770 1126/1294/771 1330/1294/772
f 1055/1295/773 2148/1296/741 1086/1297/774
f 1085/1298/775 1086/1297/774 1084/1292/769
f 1089/1299/776 2163/1300/777 2164/1301/778
f 1091/1302/779 2165/1303/780 2163/1300/777
f 1093/1304/781 2166/1305/782 2165/1303/780
f 1095/1306/783 2167/1307/784 2166/1305/782
f 1097/1308/785 2168/1309/786 2167/1307/784
f 1099/1310/787 2169/1311/788 2168/1309/786
f 1099/1310/787 1101/1312/789 1102/1313/790
f 1101/1312/789 1103/1314/791 1104/1315/792
f 1103/1316/791 1105/1317/793 1106/1318/794
f 1105/1317/793 1107/1319/795 1108/1320/796
f 1107/1319/795 2176/1321/797 2175/1322/798
f 1109/1321/799 2178/1323/800 1112/1324/801
f 1111/1323/802 1113/1325/803 1114/1326/804
f 1113/1325/803 1115/1327/805 1116/1328/806
f 2173/1320/807 2174/1322/808 1322/1322/809
f 1087/1329/810 2164/1330/778 1118/1331/811
f 1117/1332/812 1118/1331/811 1116/1328/806
f 2180/1333/813 2179/1334/814 1121/1335/815
f 2179/1334/814 2181/1336/816 1123/1337/817
f 2181/1336/816 2182/1294/818 1125/1338/819
f 2182/1294/818 1128/1293/820 1127/1339/821
f 1128/1293/820 2184/1340/822 1129/1341/823
f 2184/1340/822 2185/1342/824 1131/1343/825
f 1131/1343/825 2185/1342/824 2186/1344/826
f 1133/1345/827 2186/1344/826 2187/1346/828
f 1135/1347/829 2187/1348/828 2188/1349/830
f 1137/1350/831 2188/1349/830 2189/1351/832
f 1139/1352/833 2189/1351/832 2190/1353/834
f 1141/1354/835 2191/1353/836 2193/1355/837
f 1143/1356/838 1144/1355/839 1146/1357/840
f 1145/1358/841 1146/1357/840 1148/1359/842
f 1038/1243/843 2327/1243/844 2328/1245/845
f 1150/1360/846 2180/1361/813 1119/1362/847
f 1148/1359/842 1150/1360/846 1149/1363/848
f 69/71/39 1430/902/509 82/198/849
f 1021/1364/850 1022/1365/700 87/1366/851
f 66/1367/852 76/262/853 74/261/854
f 1017/1368/855 67/75/43 78/433/856
f 1018/1369/697 80/78/857 1434/77/45
f 1019/1370/696 1020/1371/702 82/198/849
f 1021/1364/850 86/470/858 85/66/34
f 65/73/41 1016/1372/859 74/261/854
f 1022/1365/700 72/577/280 1425/70/38
f 66/1367/852 1017/1368/855 77/1373/860
f 1018/1369/697 1019/1370/696 81/197/861
f 1009/1374/862 1010/1375/863 70/1376/40
f 1012/1225/698 1021/1377/850 71/1378/33
f 1001/1379/864 1000/1380/865 1016/1381/859
f 2118/1226/699 1014/1382/866 72/1383/280
f 1003/1384/867 1017/1385/855 66/1386/852
f 1001/1379/864 65/1387/41 73/1388/36
f 1005/1389/868 68/1390/44 67/1391/43
f 1008/1228/701 1009/1374/862 69/1392/39
f 1010/1375/863 1011/1393/869 71/1378/33
f 1000/1380/865 1002/1394/870 66/1386/852
f 1015/1395/871 73/1388/36 72/1383/280
f 1004/1396/872 67/1391/43 1017/1385/855
f 1006/1397/873 1018/1224/697 68/1390/44
f 1159/942/258 2235/942/258 2236/940/259
f 2217/1072/272 2249/1072/272 2248/1075/271
f 146/1398/92 1561/155/91 1600/157/92
f 2/40/27 1/1/1 34/41/27
f 18/54/16 17/22/15 50/24/16
f 1681/1399/194 1682/366/194 1683/368/195
f 881/1088/159 883/1084/159 2213/1088/159
f 184/218/59 1574/182/140 196/219/132
f 120/153/79 1498/431/79 1516/154/79
f 773/926/153 771/930/153 2197/926/153
f 1685/370/196 1686/369/196 1687/272/167
f 1502/432/79 1486/1400/79 1512/791/79
f 1493/285/172 1584/1401/172 1589/286/172
f 158/332/65 157/289/64 1611/333/65
f 769/912/153 799/911/153 2210/911/153
f 216/99/179 1590/298/179 206/298/179
f 2251/1107/159 1239/1107/159 1206/1071/159
f 2203/942/153 1970/940/153 785/942/153
f 2219/1107/159 891/1071/159 893/1107/159
f 1659/913/188 1657/352/187 1660/354/188
f 1681/1399/194 1679/365/193 1682/366/194
f 107/212/118 1468/194/117 1535/196/118
f 1882/1402/874 1883/1403/874 586/1404/874
f 1448/86/52 1449/85/52 96/88/53
f 1683/368/195 1684/367/195 1685/370/196
f 1655/284/186 1656/350/186 1657/282/187
f 23/62/31 22/46/4 55/47/31
f 1693/377/200 1694/375/200 1631/376/180
f 1669/268/166 1670/355/166 1671/357/189
f 97/96/58 95/179/109 1530/181/58
f 88/70/46 1437/262/46 1433/78/46
f 44/64/32 12/48/32 43/9/6
f 112/237/79 1492/977/79 120/153/79
f 1437/262/46 1436/1373/46 1435/433/46
f 1174/1071/273 2250/1071/273 2249/1072/272
f 2205/938/260 2204/940/259 2236/940/259
f 1175/1107/258 1207/1107/258 2250/1071/273
f 2205/938/260 2237/938/612 2238/933/261
f 1176/1104/259 2252/1104/259 1207/1107/258
f 1162/933/261 2238/933/261 2239/1405/262
f 1177/1102/260 2253/1102/260 2252/1104/259
f 1163/928/262 2239/928/262 2240/924/263
f 1178/1096/261 2254/1096/261 2253/1102/260
f 1165/917/875 1164/924/263 2240/924/263
f 1152/935/266 2228/935/266 2227/930/267
f 1179/1095/262 2255/1095/262 2254/1096/261
f 1165/917/875 1197/917/875 2242/918/265
f 1151/930/267 2227/930/267 1185/926/268
f 1180/1086/263 2256/1086/263 2255/1090/262
f 1166/911/265 2242/911/265 2228/912/266
f 1153/926/268 1185/926/268 2230/921/269
f 1181/1081/875 2257/1081/875 2256/1086/263
f 1167/1092/267 2243/1092/267 2244/1097/266
f 1154/921/269 2230/921/269 2231/922/270
f 1181/1081/875 2226/1078/265 2258/1078/265
f 1169/1088/268 2245/1088/268 2243/1092/267
f 1155/915/270 2231/915/270 2232/909/271
f 1168/1077/266 2244/1077/266 2258/1078/265
f 1170/1084/269 2246/1084/269 2245/1088/268
f 1156/909/271 2232/909/271 2233/905/272
f 1171/1083/270 2247/1083/270 2246/1084/269
f 1157/905/272 2233/905/272 2234/944/273
f 1172/1075/271 2248/1075/271 2247/1080/270
f 1158/944/273 2234/944/273 2235/942/258
f 2273/917/876 1261/917/876 2306/918/877
f 1243/1095/878 2319/1095/879 1274/1096/880
f 1673/1406/190 1674/360/190 1675/362/191
f 1196/924/153 2272/924/153 2241/917/153
f 1677/943/192 1678/363/192 1679/365/193
f 11/49/6 10/7/5 43/9/6
f 1574/1407/140 184/98/59 1577/100/61
f 78/433/856 67/75/43 1434/77/45
f 33/63/1 1/1/1 64/3/2
f 1635/349/182 1636/348/182 1637/282/170
f 1213/1081/159 2289/1081/159 1212/1086/159
f 1184/912/153 1198/911/153 1230/911/153
f 141/206/112 139/144/86 1558/186/112
f 20/51/10 19/13/9 52/15/10
f 1233/1088/159 1199/1092/159 1201/1088/159
f 1596/148/88 187/147/70 220/253/175
f 31/50/8 30/10/7 63/12/8
f 151/277/54 150/338/53 1604/320/54
f 1427/470/46 1426/1366/46 88/70/46
f 9/52/12 8/16/11 41/18/12
f 1595/99/60 184/98/59 217/298/177
f 156/290/63 1536/240/123 1609/306/63
f 167/280/76 166/303/75 1620/305/76
f 2369/250/198 272/250/198 2371/255/199
f 92/591/79 1450/422/79 1469/152/79
f 1520/141/84 1521/140/84 142/143/85
f 173/300/82 1553/294/81 1626/316/82
f 2406/369/201 309/369/201 2404/367/202
f 1691/374/197 1692/373/197 1693/377/200
f 1192/940/153 1191/942/153 2267/942/153
f 379/402/218 1700/378/203 378/380/204
f 1485/81/153 213/80/153 1579/81/153
f 1255/1408/153 2297/1409/153 1249/1410/153
f 2315/1411/159 1275/1412/159 1264/1413/159
f 2259/930/881 1247/930/881 2293/926/882
f 1243/1090/878 2288/1086/883 1276/1086/883
f 2260/912/884 2274/911/877 2306/911/877
f 2262/921/885 1217/926/882 2293/926/882
f 1245/1081/886 2321/1081/886 1276/1086/883
f 1231/1092/887 2307/1092/887 2308/1097/888
f 2262/921/885 1250/921/885 2295/922/889
f 1246/1078/890 2322/1078/890 2321/1081/886
f 1231/1092/887 2277/1088/891 1265/1088/891
f 2264/909/892 1219/915/889 2295/915/889
f 1232/1077/888 2308/1077/888 2322/1078/890
f 1234/1084/893 2310/1084/893 1265/1088/891
f 2265/905/894 2264/909/892 1252/909/892
f 1234/1084/893 2279/1083/895 1267/1083/895
f 2266/944/896 2265/905/894 1253/905/894
f 1236/1075/897 2312/1075/897 1267/1080/895
f 2266/944/896 1254/944/896 2299/942/898
f 1236/1075/897 2281/1072/899 1269/1072/900
f 1223/942/898 2299/942/898 2300/940/901
f 2281/1072/899 2282/1071/902 1270/1071/902
f 2269/938/903 1224/940/901 2300/940/901
f 2282/1071/902 2283/1107/904 1271/1107/904
f 2269/938/903 1257/938/903 2302/933/905
f 2283/1107/904 2284/1104/906 1272/1104/906
f 2271/1405/907 1226/933/905 2302/933/905
f 1241/1102/908 2317/1102/909 1272/1104/906
f 2271/928/907 1259/928/907 2304/924/910
f 1241/1102/908 2286/1096/880 1274/1096/880
f 2273/917/876 1228/924/910 2304/924/910
f 2259/930/881 2260/935/884 1248/935/884
f 1287/1414/911 2323/1415/911 2329/1416/911
f 1306/1417/912 1307/1418/913 1296/1419/914
f 1322/1420/809 1323/1421/915 1312/1422/916
f 1335/1423/917 2344/1424/917 2350/1425/917
f 1144/1355/839 1339/1355/918 1340/1357/919
f 1094/1305/920 2337/1305/921 1313/1303/922
f 1040/1247/923 2328/1247/845 1288/1248/924
f 2174/1322/808 2177/1324/925 1323/1324/915
f 1060/1269/926 1297/1269/927 1295/1266/928
f 1130/1340/929 2183/1293/770 2345/1293/930
f 1026/1231/931 1024/1230/932 1280/1230/933
f 2157/1260/734 2158/1286/934 1306/1286/912
f 1146/1357/840 1340/1357/919 1341/1359/935
f 1096/1307/936 2338/1307/937 2337/1305/921
f 1042/1248/938 1288/1248/924 1289/1250/939
f 2177/1324/925 1114/1326/804 1324/1326/940
f 1062/1271/941 2330/1271/942 1297/1269/927
f 1132/1342/943 1130/1340/929 1332/1340/944
f 2158/1286/934 2161/1288/945 1307/1288/913
f 1150/1360/846 1148/1359/842 1341/1359/935
f 1028/1233/946 1026/1231/931 1279/1231/947
f 1098/1309/948 2339/1309/949 2338/1307/937
f 1044/1250/950 1289/1250/939 1290/1252/951
f 1114/1326/804 1116/1328/806 1325/1328/952
f 1064/1273/953 2331/1273/954 2330/1271/942
f 1132/1342/943 1333/1342/955 2348/1344/956
f 2161/1288/945 1082/1290/767 1308/1290/957
f 1120/1361/958 1150/1360/846 1342/1360/959
f 1030/1235/960 1028/1233/946 1281/1233/961
f 1100/1311/962 2340/1311/963 2339/1309/949
f 1046/1252/964 1290/1252/951 1291/1254/965
f 1118/1331/811 1326/1331/966 1325/1328/952
f 1066/1275/967 2332/1275/968 2331/1273/954
f 1134/1344/969 2348/1344/956 2349/1346/970
f 1082/1290/767 1084/1292/769 1309/1292/971
f 1032/1237/972 1030/1235/960 1282/1235/973
f 1100/1311/962 2170/1313/974 1318/1313/975
f 1048/1254/729 1291/1254/965 1292/1256/976
f 1088/1330/977 1312/1330/916 1326/1331/966
f 1068/1277/978 2333/1277/979 2332/1275/968
f 1136/1348/980 2349/1348/970 1336/1349/981
f 1086/1297/774 1310/1297/982 1309/1292/971
f 1034/1239/983 1032/1237/972 1283/1237/984
f 1122/1334/985 1120/1333/958 1328/1333/986
f 2170/1313/974 2171/1315/987 1319/1315/988
f 1050/1256/730 1292/1256/976 1293/1258/989
f 1068/1277/978 2154/1279/990 1302/1279/991
f 1138/1349/992 1336/1349/981 1337/1351/993
f 1056/1296/994 1296/1296/914 1310/1297/982
f 1036/1241/995 1034/1239/983 1284/1239/996
f 2171/1426/987 2172/1318/997 1320/1318/998
f 1054/1261/736 1052/1258/732 1293/1258/989
f 1124/1336/999 1122/1334/985 1327/1334/1000
f 1090/1300/1001 1311/1300/1002 1312/1301/916
f 2154/1279/990 2155/1281/1003 1303/1281/1004
f 1140/1351/1005 1337/1351/993 1338/1353/1006
f 1036/1241/995 1285/1241/1007 2327/1243/844
f 2172/1318/997 2173/1320/807 1321/1320/1008
f 1024/1262/932 1054/1261/736 1294/1261/1009
f 1126/1294/771 1124/1336/999 1329/1336/1010
f 2155/1427/1003 2156/1259/733 1304/1259/1011
f 1142/1353/1012 1338/1353/1006 1339/1355/918
f 1092/1303/1013 1313/1303/922 1311/1300/1002
f 1058/1266/1014 1295/1266/928 1296/1267/914
f 2388/1428/153 1364/1429/153 1348/1430/153
f 2381/1431/159 1389/1432/159 1357/1433/159
f 292/268/1015 2389/268/1015 2387/266/1016
f 273/254/1017 2370/254/1017 2372/351/1018
f 310/272/1019 2407/272/1019 2405/370/1020
f 293/355/1021 291/267/1022 1380/267/1022
f 256/347/1023 258/349/1024 1347/349/1024
f 309/369/201 2406/369/201 2408/273/1025
f 274/255/199 276/256/1026 1365/256/1026
f 257/346/1027 1345/346/1027 2356/348/1028
f 292/268/1015 294/357/1029 1383/357/1029
f 275/351/1018 2372/351/1018 2374/257/1030
f 312/274/1031 2409/274/1031 2407/272/1019
f 293/355/1021 1382/355/1021 2392/356/1032
f 258/349/1024 260/282/1033 1349/282/1033
f 311/273/1025 2408/273/1025 2410/371/1034
f 276/256/1026 278/284/1035 1367/284/1035
f 259/348/1028 2356/348/1028 2358/283/1036
f 296/359/1037 2393/359/1037 1383/357/1029
f 277/257/1030 2374/257/1030 2376/350/1038
f 312/1068/1031 314/374/1039 1403/374/1039
f 297/358/1040 295/356/1032 2392/356/1032
f 260/282/1033 262/284/1041 1351/284/1041
f 313/372/1034 2410/372/1034 2412/373/1042
f 280/282/1043 2377/282/1043 1367/284/1035
f 261/283/1036 2358/283/1036 2360/350/1044
f 298/362/1045 2395/362/1045 2393/1406/1037
f 281/283/1046 279/350/1038 2376/350/1038
f 316/377/1047 2413/377/1047 1403/374/1039
f 299/361/1048 297/360/1040 1386/360/1040
f 262/284/1041 264/256/1049 1353/256/1049
f 317/375/1050 315/373/1042 2412/373/1042
f 282/913/1051 2379/913/1051 2377/352/1043
f 263/350/1044 2360/350/1044 2362/257/1052
f 300/943/1053 2397/943/1053 2395/362/1045
f 283/354/1054 281/353/1046 1370/353/1046
f 254/376/1055 1343/376/1055 2413/377/1047
f 301/363/1056 299/361/1048 1388/361/1048
f 266/255/1057 2363/255/1057 1353/256/1049
f 255/345/1058 317/375/1050 1406/375/1050
f 282/913/1051 284/258/1059 1373/258/1059
f 265/257/1052 2362/257/1052 2364/351/1060
f 300/943/1053 302/365/1061 1391/365/1061
f 283/354/1054 1372/354/1054 2382/259/1062
f 301/363/1056 1390/363/1056 2400/364/1063
f 268/250/1064 2365/250/1064 2363/255/1057
f 284/258/1059 286/260/1065 1375/260/1065
f 269/254/1066 267/351/1060 2364/351/1060
f 302/365/1061 304/1399/1067 1393/1399/1067
f 287/263/1068 285/259/1062 2382/259/1062
f 303/364/1063 2400/364/1063 2402/366/1069
f 268/250/1064 270/248/1070 1359/248/1070
f 288/264/1071 2385/264/1071 1375/260/1065
f 269/254/1066 1358/254/1066 2368/249/1072
f 306/368/1073 2403/368/1073 1393/1399/1067
f 289/265/1074 287/263/1068 1376/263/1068
f 307/367/202 305/366/1069 2402/366/1069
f 272/250/198 2369/250/198 1359/248/1070
f 290/266/1016 2387/266/1016 2385/264/1071
f 271/249/1072 2368/249/1072 2370/254/1017
f 254/376/1055 256/347/1023 1344/347/1023
f 308/370/1020 2405/370/1020 2403/368/1073
f 291/267/1022 289/265/1074 1378/265/1074
f 257/346/1027 255/345/1058 1346/345/1058
f 2420/516/1075 2421/1434/1075 2416/1435/1075
f 2428/518/1076 2429/1436/1076 2424/1437/1077
f 1414/1438/1078 2430/1439/1078 478/1440/1078
f 210/209/92 1564/244/92 1588/244/92
f 49/23/15 17/22/15 48/36/24
f 1450/422/79 98/1441/79 100/420/79
f 128/127/77 1503/126/77 1487/129/78
f 1416/643/1079 2434/1442/1079 2440/1443/1079
f 1514/135/81 1515/134/81 136/137/82
f 124/123/75 1499/122/75 126/125/76
f 1437/262/46 79/77/46 1433/78/46
f 320/1444/205 1699/381/205 322/383/206
f 368/401/216 1722/384/207 366/386/208
f 322/383/206 1698/382/206 324/388/207
f 372/398/220 1714/389/209 371/391/211
f 812/857/159 813/865/159 774/1445/159
f 814/826/159 1944/825/159 770/1446/159
f 796/1447/159 798/906/159 800/835/159
f 1944/825/159 1945/907/159 770/1446/159
f 794/1448/159 796/1447/159 801/814/159
f 814/826/159 770/1446/159 772/1449/159
f 796/1447/159 800/835/159 801/814/159
f 814/826/159 772/1449/159 813/865/159
f 792/1450/159 794/1448/159 802/813/159
f 813/865/159 772/1449/159 774/1445/159
f 794/1448/159 801/814/159 802/813/159
f 812/857/159 774/1445/159 776/1451/159
f 790/1452/159 792/1450/159 1980/846/159
f 812/857/159 776/1451/159 1988/867/159
f 792/1450/159 802/813/159 1980/846/159
f 1988/867/159 776/1451/159 778/1453/159
f 788/1454/159 790/1452/159 804/811/159
f 1988/867/159 778/1453/159 810/861/159
f 790/1452/159 1980/846/159 804/811/159
f 810/861/159 778/1453/159 780/1455/159
f 786/1456/159 788/1454/159 1982/810/159
f 810/861/159 780/1455/159 1986/859/159
f 788/1454/159 804/811/159 1982/810/159
f 1986/859/159 780/1455/159 782/1457/159
f 784/392/159 786/1456/159 1981/393/159
f 1986/859/159 782/1457/159 808/838/159
f 807/394/159 808/838/159 784/392/159
f 1982/810/159 1981/393/159 786/1456/159
f 808/838/159 782/1457/159 784/392/159
f 326/399/212 324/388/207 1703/395/212
f 1706/389/224 359/396/213 376/398/215
f 328/430/153 326/399/212 1705/400/153
f 1720/378/212 1722/384/207 369/402/217
f 328/430/153 1705/400/153 330/404/210
f 1697/384/234 1700/378/203 380/401/219
f 330/404/210 1707/403/210 332/408/209
f 1712/396/222 1714/389/209 373/397/221
f 334/411/222 332/408/209 1711/410/222
f 377/391/233 1704/390/223 376/398/215
f 336/416/225 334/411/222 1713/412/225
f 1695/423/205 1696/413/226 367/415/228
f 338/411/213 336/416/225 1715/410/213
f 1718/379/153 1720/378/212 370/380/229
f 338/411/213 1715/410/213 340/408/224
f 374/434/235 1710/417/225 373/419/221
f 342/404/223 340/408/224 1719/403/223
f 1724/1458/206 1695/423/205 366/424/208
f 344/430/159 342/404/223 1721/400/159
f 376/398/215 375/397/214 392/426/231
f 341/1459/232 339/427/232 360/429/232
f 346/399/203 344/430/159 1723/395/203
f 1702/379/159 1704/390/223 378/380/204
f 346/399/203 1723/395/203 348/388/234
f 320/1444/205 350/383/226 1699/381/205
f 348/388/234 1725/387/234 350/383/226
f 1696/385/226 1697/384/234 381/386/227
f 359/1460/213 1710/417/225 375/435/214
f 1716/390/210 1718/379/153 371/391/211
f 378/380/204 377/391/233 394/437/237
f 366/424/208 367/415/228 382/439/239
f 396/441/248 380/401/219 395/440/240
f 369/402/217 368/401/216 385/440/242
f 383/438/238 367/415/228 397/442/243
f 371/391/211 370/380/229 387/436/245
f 389/425/249 373/397/221 388/426/246
f 391/1461/230 375/435/214 390/443/247
f 393/436/236 377/391/233 392/426/231
f 395/440/240 379/402/218 394/437/237
f 384/441/241 368/401/216 382/444/239
f 381/386/227 380/401/219 397/444/243
f 370/380/229 369/402/217 386/437/244
f 372/398/220 371/391/211 388/426/246
f 374/434/235 373/419/221 390/443/247
f 459/476/218 443/446/203 458/448/204
f 407/1462/232 405/1463/232 1754/502/232
f 1756/501/232 403/500/232 401/1464/232
f 409/1465/232 407/1462/232 1752/1466/232
f 1756/501/232 401/1464/232 399/1467/232
f 407/1462/232 1754/502/232 1752/1466/232
f 399/1467/232 401/1464/232 431/1468/232
f 411/1469/232 409/1465/232 434/1470/232
f 399/1467/232 431/1468/232 445/1471/232
f 409/1465/232 1752/1466/232 434/1470/232
f 445/1471/232 431/1468/232 429/1472/232
f 413/1473/232 411/1469/232 1748/1474/232
f 445/1471/232 429/1472/232 1729/1475/232
f 411/1469/232 434/1470/232 1748/1474/232
f 1729/1475/232 429/1472/232 427/1476/232
f 415/1477/232 413/1473/232 1746/1478/232
f 1729/1475/232 427/1476/232 1732/1479/232
f 413/1473/232 1748/1474/232 1746/1478/232
f 1732/1479/232 427/1476/232 425/1480/232
f 417/1481/232 415/1477/232 1744/1482/232
f 1732/1479/232 425/1480/232 442/1483/232
f 415/1477/232 1746/1478/232 1744/1482/232
f 442/1483/232 425/1480/232 423/1484/232
f 419/1485/232 417/1481/232 1742/1486/232
f 442/1483/232 423/1484/232 1736/1487/232
f 417/1481/232 1744/1482/232 1742/1486/232
f 1736/1487/232 423/1484/232 421/451/232
f 421/451/232 419/1485/232 1740/449/232
f 1742/1486/232 1740/449/232 419/1485/232
f 440/450/232 1736/1487/232 421/451/232
f 400/1488/205 1731/452/205 402/454/206
f 448/473/216 432/455/207 446/457/208
f 402/454/206 1730/453/206 404/459/207
f 436/467/209 435/460/210 452/462/220
f 592/681/153 1897/463/153 1902/465/153
f 406/498/212 404/459/207 1735/466/212
f 456/462/215 1738/467/224 455/469/214
f 406/498/212 1735/466/212 408/472/153
f 449/476/217 433/446/212 448/473/216
f 408/472/153 1737/471/153 410/475/210
f 444/455/234 443/446/203 460/473/219
f 410/475/210 1739/474/210 412/478/209
f 437/468/222 436/467/209 453/469/221
f 412/478/209 1741/477/209 414/481/222
f 457/461/233 441/460/223 456/462/215
f 414/481/222 1743/480/222 416/484/225
f 447/491/228 1727/485/205 461/487/227
f 418/481/213 416/484/225 1747/480/213
f 1750/447/153 433/446/212 450/448/229
f 418/481/213 1747/480/213 420/478/224
f 438/503/225 437/488/222 454/490/235
f 422/475/223 420/478/224 1751/474/223
f 398/1489/206 1727/485/205 446/492/208
f 597/493/250 2436/666/250 2446/1490/250
f 1926/1491/250 1913/495/250 1911/1492/250
f 1911/1492/250 1924/1493/250 1926/1491/250
f 597/493/250 2446/1490/250 596/494/250
f 596/494/250 1911/1492/250 1913/495/250
f 422/475/223 1751/474/223 424/472/159
f 456/462/215 455/469/214 472/497/231
f 424/472/159 1753/471/159 426/498/203
f 1734/447/159 441/460/223 458/448/204
f 426/498/203 1755/466/203 428/459/234
f 400/1488/205 430/454/226 1731/452/205
f 430/454/226 428/459/234 1758/453/226
f 1728/456/226 444/455/234 461/457/227
f 405/1463/232 403/500/232 1754/502/232
f 439/1494/213 438/503/225 455/504/214
f 451/461/211 435/460/210 450/448/229
f 458/448/204 457/461/233 474/506/237
f 446/492/208 447/491/228 462/508/239
f 476/510/248 460/473/219 475/509/240
f 449/476/217 448/473/216 465/509/242
f 463/507/238 447/491/228 477/511/243
f 467/505/245 451/461/211 466/506/244
f 453/469/221 452/462/220 469/496/249
f 455/504/214 454/490/235 471/513/230
f 473/505/236 457/461/233 472/497/231
f 475/509/240 459/476/218 474/506/237
f 464/510/241 448/473/216 462/514/239
f 461/457/227 460/473/219 477/514/243
f 450/448/229 449/476/217 466/506/244
f 452/462/220 451/461/211 468/497/246
f 454/490/235 453/489/221 470/512/247
f 2426/1495/251 2419/516/251 2427/518/251
f 1764/521/253 1411/1496/253 1412/519/252
f 1412/519/252 2425/1497/252 1765/520/252
f 2423/1498/252 1765/520/252 2425/1497/252
f 1761/524/254 1407/1499/254 1408/1500/254
f 1408/1500/254 2417/522/254 1761/524/254
f 2415/1501/255 1759/523/255 2417/522/254
f 1762/1502/256 1760/525/256 1766/527/256
f 1410/1503/257 2422/528/257 479/530/257
f 1767/1504/258 1770/531/258 1768/533/259
f 1768/533/259 1769/532/259 1771/535/260
f 1773/1505/261 1771/535/260 1774/536/261
f 1773/1505/261 1774/536/261 1775/538/262
f 1775/538/262 1776/537/262 1777/540/263
f 1777/540/263 1778/539/263 1779/542/264
f 1779/542/264 1780/541/264 496/544/265
f 496/544/265 1782/543/265 1783/546/266
f 1783/1506/266 1784/547/266 1785/549/267
f 1785/1507/267 1786/550/267 1787/552/268
f 1787/552/268 1788/551/268 1789/554/269
f 1789/554/269 1790/553/269 1791/556/270
f 1791/556/270 1792/555/270 1793/558/271
f 1795/1508/272 1793/558/271 1796/559/272
f 512/1509/273 1798/560/273 1767/562/258
f 1795/1508/272 1796/559/272 512/564/273
f 1800/614/276 1803/565/275 548/567/276
f 538/612/278 1825/568/277 1855/570/278
f 1445/1510/79 1506/571/79 1587/573/79
f 1598/576/279 188/1511/102 1511/678/101
f 1511/678/101 132/574/279 1598/576/279
f 545/1512/153 513/578/153 1828/580/153
f 508/1513/159 510/583/159 1827/582/159
f 1797/581/159 482/1514/159 544/1515/159
f 484/1516/159 486/1517/159 516/1518/159
f 488/1519/159 490/1520/159 520/1521/159
f 492/1522/159 494/600/159 1811/1523/159
f 530/1524/159 1813/602/159 1781/601/159
f 492/1522/159 1811/1523/159 1809/1525/159
f 532/1526/159 530/1524/159 498/1527/159
f 492/1522/159 1809/1525/159 522/1528/159
f 530/1524/159 1781/601/159 498/1527/159
f 492/1522/159 522/1528/159 490/1520/159
f 534/1529/159 532/1526/159 500/1530/159
f 490/1520/159 522/1528/159 520/1521/159
f 532/1526/159 498/1527/159 500/1530/159
f 488/1519/159 520/1521/159 518/1531/159
f 1821/1532/159 534/1529/159 502/1533/159
f 488/1519/159 518/1531/159 486/1517/159
f 534/1529/159 500/1530/159 502/1533/159
f 486/1517/159 518/1531/159 516/1518/159
f 1823/1534/159 1821/1532/159 504/1535/159
f 484/1516/159 516/1518/159 514/1536/159
f 1821/1532/159 502/1533/159 504/1535/159
f 484/1516/159 514/1536/159 482/1514/159
f 540/1537/159 1823/1534/159 506/1538/159
f 482/1514/159 514/1536/159 544/1515/159
f 1823/1534/159 504/1535/159 506/1538/159
f 1797/581/159 544/1515/159 1827/582/159
f 1827/582/159 540/1537/159 508/1513/159
f 506/1538/159 508/1513/159 540/1537/159
f 1525/584/274 189/1539/94 1465/585/281
f 1509/1540/281 144/586/281 1465/585/281
f 501/1541/153 499/590/153 1816/1542/153
f 497/588/153 495/1543/153 1814/589/153
f 493/1544/153 491/1545/153 525/1546/153
f 489/1547/153 487/1548/153 1806/1549/153
f 485/1550/153 483/1551/153 517/1552/153
f 513/578/153 545/1512/153 515/1553/153
f 1826/1554/153 1828/580/153 511/579/153
f 513/578/153 515/1553/153 483/1551/153
f 1824/1555/153 1826/1554/153 509/1556/153
f 483/1551/153 515/1553/153 517/1552/153
f 1826/1554/153 511/579/153 509/1556/153
f 485/1550/153 517/1552/153 1804/1557/153
f 1822/1558/153 1824/1555/153 507/1559/153
f 485/1550/153 1804/1557/153 487/1548/153
f 1824/1555/153 509/1556/153 507/1559/153
f 487/1548/153 1804/1557/153 1806/1549/153
f 535/1560/153 1822/1558/153 505/1561/153
f 489/1547/153 1806/1549/153 1808/1562/153
f 1822/1558/153 507/1559/153 505/1561/153
f 489/1547/153 1808/1562/153 491/1545/153
f 533/1563/153 535/1560/153 503/1564/153
f 491/1545/153 1808/1562/153 525/1546/153
f 535/1560/153 505/1561/153 503/1564/153
f 493/1544/153 525/1546/153 1812/1565/153
f 1816/1542/153 533/1563/153 501/1541/153
f 493/1544/153 1812/1565/153 495/1543/153
f 533/1563/153 503/1564/153 501/1541/153
f 495/1543/153 1812/1565/153 1814/589/153
f 1814/589/153 1816/1542/153 499/590/153
f 1492/1566/79 1460/593/79 1583/595/79
f 1463/1567/282 116/598/282 1578/597/282
f 1482/596/173 183/1568/152 1578/597/282
f 1811/1523/159 494/600/159 1813/602/159
f 551/605/153 1833/1569/153 1834/1570/153
f 1834/1570/153 1862/1571/153 575/1572/153
f 575/1572/153 573/1573/153 571/1574/153
f 571/1574/153 569/1575/153 1852/603/153
f 1852/603/153 1850/1576/153 563/1577/153
f 563/1577/153 561/1578/153 559/604/153
f 559/604/153 1842/1579/153 551/605/153
f 555/1580/153 553/1581/153 551/605/153
f 551/605/153 1834/1570/153 1852/603/153
f 575/1572/153 571/1574/153 1852/603/153
f 1852/603/153 563/1577/153 559/604/153
f 1842/1579/153 555/1580/153 551/605/153
f 1834/1570/153 575/1572/153 1852/603/153
f 1861/608/159 1831/1582/159 1832/1583/159
f 1832/1583/159 550/1584/159 1837/1585/159
f 1837/1585/159 1839/1586/159 556/1587/159
f 556/1587/159 558/1588/159 560/606/159
f 560/606/159 1847/1589/159 1849/1590/159
f 1849/1590/159 1851/1591/159 560/606/159
f 568/607/159 570/1592/159 572/1593/159
f 572/1593/159 574/1594/159 568/607/159
f 1861/608/159 1832/1583/159 1837/1585/159
f 1837/1585/159 556/1587/159 1861/608/159
f 560/606/159 1851/1591/159 568/607/159
f 568/607/159 574/1594/159 1861/608/159
f 1861/608/159 556/1587/159 560/606/159
f 529/632/284 527/609/283 1846/611/284
f 536/568/285 538/612/278 1853/569/285
f 546/633/286 1799/613/286 548/567/276
f 527/609/283 1810/615/287 1844/610/283
f 547/634/288 1802/617/288 577/619/289
f 1819/626/290 536/568/285 566/620/290
f 557/616/287 1810/615/287 1840/622/291
f 577/619/289 1830/618/289 1860/624/292
f 564/629/293 1817/625/293 566/620/290
f 523/621/291 521/615/294 1840/622/291
f 543/623/292 541/627/295 1860/624/292
f 562/633/296 1815/613/296 564/629/293
f 521/615/294 519/609/297 1838/616/294
f 541/627/295 539/630/298 1858/628/295
f 519/609/297 1801/632/299 1836/610/297
f 1845/567/300 528/614/300 562/633/296
f 539/630/298 537/627/301 1856/631/298
f 549/611/299 1801/632/299 547/634/288
f 526/565/302 528/614/300 1843/566/302
f 537/627/301 1820/623/303 1854/628/301
f 524/636/304 526/565/302 1841/635/304
f 1829/625/305 1799/613/286 576/629/305
f 567/624/303 1820/623/303 565/619/306
f 1807/638/307 524/636/304 554/637/307
f 1859/620/308 542/626/308 576/629/305
f 565/619/306 1818/618/306 1848/634/309
f 552/635/310 1805/636/310 554/637/307
f 1825/568/277 542/626/308 1857/569/277
f 1835/566/275 1803/565/275 552/635/310
f 531/617/309 529/632/284 1848/634/309
f 590/1595/311 1893/639/311 1885/641/311
f 578/1133/623 1874/642/312 2442/644/313
f 2439/647/316 587/655/321 1892/645/314
f 1892/645/314 1894/656/322 2441/646/315
f 1871/965/534 1879/648/317 1881/650/319
f 1888/1596/159 1890/651/159 1886/653/159
f 819/962/531 1863/654/320 587/655/321
f 588/1596/1080 1894/656/322 1891/651/323
f 1870/965/1081 1873/657/324 591/652/326
f 927/1122/616 1912/658/327 1920/660/329
f 1905/659/328 1907/662/330 1898/463/332
f 926/1120/615 1919/663/333 1914/665/335
f 2445/1490/337 2435/666/336 2443/668/337
f 203/969/339 102/671/339 212/670/339
f 103/669/338 180/1597/146 212/670/339
f 593/1598/340 1900/672/340 1906/674/340
f 343/1599/232 341/1459/232 360/429/232
f 1708/428/232 339/427/232 337/1600/232
f 345/1601/232 343/1599/232 361/1602/232
f 1708/428/232 337/1600/232 358/1603/232
f 343/1599/232 360/429/232 361/1602/232
f 358/1603/232 337/1600/232 335/1604/232
f 347/1605/232 345/1601/232 362/1606/232
f 358/1603/232 335/1604/232 357/1607/232
f 345/1601/232 361/1602/232 362/1606/232
f 357/1607/232 335/1604/232 333/1608/232
f 349/1609/232 347/1605/232 363/1610/232
f 357/1607/232 333/1608/232 356/1611/232
f 347/1605/232 362/1606/232 363/1610/232
f 356/1611/232 333/1608/232 331/1612/232
f 351/1613/232 349/1609/232 364/1614/232
f 356/1611/232 331/1612/232 355/1615/232
f 349/1609/232 363/1610/232 364/1614/232
f 355/1615/232 331/1612/232 329/1616/232
f 321/1617/232 351/1613/232 365/1618/232
f 355/1615/232 329/1616/232 354/1619/232
f 351/1613/232 364/1614/232 365/1618/232
f 354/1619/232 329/1616/232 327/1620/232
f 323/1621/232 321/1617/232 319/1622/232
f 354/1619/232 327/1620/232 353/1623/232
f 321/1617/232 365/1618/232 319/1622/232
f 353/1623/232 327/1620/232 325/675/232
f 325/675/232 323/1621/232 318/676/232
f 319/1622/232 318/676/232 323/1621/232
f 352/677/232 353/1623/232 325/675/232
f 207/575/341 130/574/341 218/576/341
f 1505/678/176 186/1511/156 218/576/341
f 1914/665/335 1909/664/334 1422/680/343
f 1904/682/1082 2438/679/342 1909/664/334
f 598/664/1083 1899/681/344 1903/682/346
f 1956/948/264 1955/683/265 748/685/264
f 620/705/365 612/686/347 619/688/349
f 619/688/349 611/687/348 618/690/351
f 610/689/350 609/691/159 618/690/351
f 609/691/159 608/693/353 617/692/352
f 608/693/353 607/695/355 616/694/354
f 607/695/355 606/697/357 615/696/356
f 613/899/508 1941/699/359 621/701/361
f 1930/898/507 1931/702/362 763/704/364
f 628/870/496 620/705/365 627/706/366
f 627/706/366 619/688/349 626/707/367
f 618/690/351 617/692/352 626/707/367
f 617/692/352 616/694/354 625/708/368
f 624/709/369 616/694/354 623/710/370
f 623/710/370 615/696/356 622/711/371
f 686/897/506 694/712/372 757/714/374
f 628/870/496 627/706/366 637/716/376
f 636/715/375 627/706/366 635/717/377
f 635/717/377 626/707/367 634/718/378
f 625/708/368 624/709/369 634/718/378
f 624/709/369 623/710/370 633/719/379
f 623/710/370 622/711/371 632/720/380
f 710/895/505 718/722/382 751/724/384
f 637/716/376 636/715/375 645/726/386
f 636/715/375 635/717/377 644/725/385
f 635/717/377 634/718/378 643/727/387
f 634/718/378 633/719/379 642/728/388
f 633/719/379 632/720/380 641/729/389
f 640/730/390 632/720/380 639/731/391
f 1949/953/269 1969/732/270 758/734/269
f 1950/947/526 1949/735/269 756/737/268
f 645/726/386 644/725/385 653/739/393
f 652/738/392 644/725/385 651/740/394
f 643/727/387 642/728/388 651/740/394
f 650/741/395 642/728/388 649/742/396
f 641/729/389 640/730/390 649/742/396
f 648/743/397 640/730/390 647/744/398
f 745/888/503 734/745/399 743/747/401
f 661/871/497 653/739/393 660/748/402
f 652/738/392 651/740/394 660/748/402
f 651/740/394 650/741/395 659/749/403
f 650/741/395 649/742/396 658/750/404
f 649/742/396 648/743/397 657/751/405
f 648/743/397 647/744/398 656/752/406
f 767/883/500 646/754/408 765/756/410
f 1959/950/262 1958/757/263 744/759/262
f 661/871/497 660/748/402 669/761/412
f 660/748/402 659/749/403 668/760/411
f 659/749/403 658/750/404 667/762/413
f 658/750/404 657/751/405 666/763/414
f 665/764/415 657/751/405 664/765/416
f 656/752/406 655/753/407 664/765/416
f 1931/702/362 678/767/418 761/703/363
f 669/761/412 668/760/411 677/770/421
f 668/760/411 667/762/413 676/769/420
f 667/762/413 666/763/414 675/771/422
f 666/763/414 665/764/415 674/772/153
f 665/764/415 664/765/416 673/773/423
f 672/774/424 664/765/416 671/775/425
f 755/713/373 694/712/372 753/777/427
f 685/793/434 677/778/421 684/780/428
f 676/779/420 675/781/422 684/780/428
f 675/781/422 674/783/153 683/782/429
f 674/783/153 673/785/423 682/784/430
f 681/786/431 673/785/423 680/788/432
f 672/787/424 671/789/425 680/788/432
f 693/802/441 685/793/434 692/794/435
f 684/780/428 683/782/429 692/794/435
f 683/782/429 682/784/430 691/795/436
f 690/796/437 682/784/430 689/797/438
f 681/786/431 680/788/432 689/797/438
f 680/788/432 679/790/433 688/798/439
f 1955/683/265 1953/800/266 750/684/265
f 701/874/498 693/802/441 700/803/442
f 700/803/442 692/794/435 699/804/443
f 691/795/436 690/796/437 699/804/443
f 698/805/444 690/796/437 697/806/445
f 689/797/438 688/798/439 697/806/445
f 688/798/439 687/799/440 696/807/446
f 1939/863/449 1938/809/448 1979/811/449
f 739/834/469 737/812/450 1978/814/452
f 701/874/498 700/803/442 709/816/454
f 700/803/442 699/804/443 708/815/453
f 699/804/443 698/805/444 707/817/455
f 698/805/444 697/806/445 706/818/46
f 705/819/456 697/806/445 704/820/457
f 696/807/446 695/808/447 704/820/457
f 718/722/382 726/822/458 749/723/383
f 654/866/461 1928/824/460 1989/826/461
f 709/816/454 708/815/453 717/828/463
f 708/815/453 707/817/455 716/827/462
f 707/817/455 706/818/46 715/829/464
f 706/818/46 705/819/456 714/830/465
f 705/819/456 704/820/457 713/831/466
f 712/832/467 704/820/457 711/833/468
f 1927/862/470 739/834/469 1943/835/470
f 1984/394/471 1936/836/471 1983/838/472
f 725/875/499 717/828/463 724/839/473
f 724/839/473 716/827/462 723/840/474
f 723/840/474 715/829/464 722/841/475
f 714/830/465 713/831/466 722/841/475
f 713/831/466 712/832/467 721/842/476
f 712/832/467 711/833/468 720/843/477
f 737/812/450 735/845/479 1977/813/451
f 805/810/448 1938/809/448 806/393/481
f 725/875/499 724/839/473 733/849/483
f 732/848/482 724/839/473 731/850/484
f 723/840/474 722/841/475 731/850/484
f 722/841/475 721/842/476 730/851/485
f 721/842/476 720/843/477 729/852/486
f 720/843/477 719/844/478 728/853/487
f 811/867/489 1932/855/489 1987/857/490
f 702/837/472 1934/858/491 1983/838/472
f 809/859/491 1934/858/491 1985/861/492
f 815/825/460 1928/824/460 1943/835/470
f 803/846/480 735/845/479 1979/811/449
f 806/393/481 1937/847/481 1984/394/471
f 670/856/490 662/864/493 1987/857/490
f 662/864/493 654/866/461 1990/865/493
f 1985/861/492 1933/860/492 811/867/489
f 733/849/483 732/848/482 612/876/347
f 732/848/482 731/850/484 611/877/348
f 610/878/350 731/850/484 609/879/159
f 730/851/485 729/852/486 609/879/159
f 608/880/353 729/852/486 607/881/355
f 607/881/355 728/853/487 606/882/357
f 741/1624/504 646/754/408 630/884/501
f 1946/946/272 768/885/273 764/887/502
f 726/822/458 734/745/399 747/823/459
f 1965/952/258 1964/889/259 736/891/258
f 621/1625/361 1942/892/360 630/894/501
f 1935/1626/426 710/895/505 753/896/427
f 678/767/418 686/897/506 759/768/419
f 765/756/410 1929/755/409 763/704/364
f 743/747/401 1940/746/400 613/899/508
f 1953/800/266 1952/900/267 752/801/266
f 1966/944/525 751/903/384 1963/905/510
f 1944/825/159 800/835/159 1945/907/159
f 749/904/383 747/908/459 1963/905/510
f 630/1627/501 767/910/500 1948/912/513
f 1960/909/511 747/908/459 1957/915/514
f 767/1628/500 765/916/410 1976/918/512
f 745/1629/503 743/920/401 1957/922/514
f 765/916/410 763/923/364 1975/917/515
f 1954/921/516 743/920/401 1951/926/518
f 763/923/364 761/927/363 1974/924/517
f 613/925/508 621/929/361 1951/926/518
f 1973/1405/519 761/931/363 1972/933/521
f 621/929/361 630/934/501 1947/930/520
f 759/932/419 757/937/374 1972/933/521
f 1971/938/522 757/937/374 787/940/523
f 787/940/523 755/939/373 1968/942/524
f 1968/942/524 753/941/427 1966/944/525
f 1962/951/260 1961/757/261 740/945/260
f 1967/953/271 1946/946/272 762/734/271
f 1952/900/267 1950/947/526 754/901/267
f 1958/1630/263 1956/948/264 746/949/263
f 1961/757/261 1959/950/262 742/758/261
f 1964/889/259 1962/951/260 738/890/259
f 766/886/273 768/885/273 736/891/258
f 1969/732/270 1967/953/271 760/733/270
f 1992/956/527 1866/1631/527 817/1632/527
f 1865/1633/527 1996/1634/527 816/1635/527
f 1866/1631/527 1868/1636/527 817/1632/527
f 816/1635/527 1996/1634/527 1993/958/527
f 1993/958/527 585/957/527 584/1637/527
f 817/1632/527 585/957/527 1992/956/527
f 584/1637/527 816/1635/527 1993/958/527
f 1879/648/317 1869/959/528 1880/649/318
f 1877/968/1084 1864/961/530 819/962/531
f 579/657/1085 1871/965/534 2431/964/533
f 1881/650/319 2433/963/532 1871/965/534
f 580/961/535 1878/968/535 1995/967/536
f 1876/960/535 581/959/535 1867/984/536
f 1867/984/536 1995/967/536 1876/960/535
f 214/670/539 1569/1597/131 105/669/130
f 105/669/130 104/671/537 214/670/539
f 972/1638/46 973/972/46 2110/1639/46
f 974/970/46 975/1640/46 2109/971/46
f 976/1641/46 2107/1642/46 2108/1643/46
f 2110/1639/46 2111/1644/46 972/1638/46
f 976/1641/46 2108/1643/46 975/1640/46
f 2109/971/46 2110/1639/46 973/972/46
f 975/1640/46 2108/1643/46 2109/971/46
f 822/1645/1086 823/967/540 2004/974/541
f 797/917/153 795/924/153 2209/917/153
f 793/928/153 2207/928/153 2208/924/153
f 2209/917/153 2210/918/153 799/918/153
f 793/928/153 2208/924/153 795/924/153
f 799/918/153 797/917/153 2209/917/153
f 2003/1141/542 1997/978/542 2001/980/542
f 825/1646/543 821/981/543 826/983/543
f 824/987/544 820/984/544 2002/986/546
f 827/973/547 1995/967/536 2000/987/547
f 2034/1113/264 856/988/264 2033/990/265
f 2020/1647/591 845/991/548 829/993/550
f 833/1648/1087 871/994/551 2009/996/553
f 836/1063/593 865/997/554 2012/999/556
f 839/1062/592 859/1000/557 2015/1002/559
f 2027/1117/269 866/1003/269 2047/1005/270
f 2028/1111/268 864/1006/268 2027/1008/269
f 2018/1065/400 842/1009/560 851/1011/562
f 2007/1064/594 831/1012/563 873/1014/565
f 2037/1114/262 852/1015/262 2036/1017/263
f 2010/1649/1088 2009/996/553 867/1018/566
f 2013/1650/1089 2012/999/556 861/1019/567
f 2033/990/265 858/989/265 2031/1021/266
f 2017/1651/568 2057/1022/568 841/1024/570
f 847/1034/579 2056/1025/571 2019/1027/573
f 2015/1002/559 857/1001/558 2016/1029/575
f 832/1049/576 2067/1030/576 2006/1032/577
f 2005/1652/578 2021/1033/578 847/1034/579
f 838/1653/581 2014/1035/580 2061/1037/581
f 2019/1027/573 2055/1026/572 843/1039/583
f 840/1047/584 841/1024/570 2059/1040/584
f 835/1654/585 2066/1041/585 834/1043/586
f 838/1653/581 2061/1037/581 837/1045/587
f 2011/1050/588 837/1045/587 2063/1046/588
f 2005/1652/578 2006/1032/577 2021/1033/578
f 2017/1651/568 843/1039/583 2057/1022/568
f 2014/1035/580 840/1047/584 2062/1036/580
f 2008/1655/589 834/1043/586 2068/1048/589
f 2008/1655/589 2068/1048/589 832/1049/576
f 835/1654/585 2011/1050/588 2066/1041/585
f 849/1656/1090 830/1051/590 831/1012/563
f 2024/1110/272 872/1052/502 876/1054/273
f 2016/1029/575 855/1028/574 842/1009/560
f 2043/1116/258 844/1055/258 2042/1057/259
f 849/1657/1090 2020/1058/591 830/1060/590
f 2013/1658/1089 861/1061/567 839/1062/592
f 2010/1649/1088 867/1018/566 836/1063/593
f 833/1648/1087 2007/1064/594 871/994/551
f 845/991/548 2018/1065/400 828/992/549
f 2031/1021/266 860/1020/266 2030/1067/267
f 857/1659/558 859/1070/557 2041/1072/596
f 2022/1031/153 2023/1073/153 908/1033/153
f 857/1659/558 2041/1072/596 855/1076/574
f 830/1660/590 2026/1077/598 875/1079/564
f 853/1661/561 855/1076/574 2035/1080/600
f 875/1079/564 2054/1078/599 873/1082/565
f 853/1662/561 2035/1083/600 851/1085/562
f 873/1082/565 2053/1081/601 871/1087/551
f 851/1085/562 2032/1084/602 828/1089/549
f 871/1087/551 2052/1086/603 869/1091/552
f 828/1089/549 2029/1088/604 829/1093/550
f 867/1663/566 869/1094/552 2050/1096/607
f 829/1093/550 2025/1092/606 830/1098/590
f 179/1664/125 91/1101/124 211/1100/608
f 90/1099/608 202/1665/608 211/1100/608
f 867/1663/566 2050/1096/607 865/1103/554
f 863/1106/555 865/1103/554 2048/1104/610
f 861/1108/567 863/1106/555 2046/1107/611
f 859/1070/557 861/1108/567 2044/1071/595
f 2040/1115/612 848/1109/260 2039/1017/261
f 2045/1117/271 870/1003/271 2024/1110/272
f 2030/1067/267 862/1066/267 2028/1111/268
f 2036/1666/263 854/1112/263 2034/1113/264
f 2039/1017/261 850/1016/261 2037/1114/262
f 2042/1057/259 846/1056/259 2040/1115/612
f 876/1054/273 874/1053/273 2043/1116/258
f 2047/1005/270 868/1004/270 2045/1117/271
f 878/1667/153 2023/1073/153 2022/1031/153
f 908/1033/153 906/1074/153 904/1668/153
f 880/1669/153 878/1667/153 922/1030/153
f 908/1033/153 904/1668/153 909/1025/153
f 878/1667/153 2022/1031/153 922/1030/153
f 909/1025/153 904/1668/153 902/1670/153
f 882/1671/153 880/1669/153 921/1048/153
f 909/1025/153 902/1670/153 910/1026/153
f 880/1669/153 922/1030/153 921/1048/153
f 910/1026/153 902/1670/153 900/1672/153
f 884/1673/153 882/1671/153 920/1042/153
f 910/1026/153 900/1672/153 911/1038/153
f 882/1671/153 921/1048/153 920/1042/153
f 911/1038/153 900/1672/153 898/1674/153
f 886/1675/153 884/1673/153 919/1041/153
f 911/1038/153 898/1674/153 912/1022/153
f 884/1673/153 920/1042/153 919/1041/153
f 912/1022/153 898/1674/153 896/1676/153
f 888/1677/153 886/1675/153 918/1046/153
f 912/1022/153 896/1676/153 913/1023/153
f 886/1675/153 919/1041/153 918/1046/153
f 913/1023/153 896/1676/153 894/1678/153
f 890/1679/153 888/1677/153 917/1044/153
f 913/1023/153 894/1678/153 914/1040/153
f 888/1677/153 918/1046/153 917/1044/153
f 914/1040/153 894/1678/153 892/1118/153
f 892/1118/153 890/1679/153 916/1037/153
f 917/1044/153 916/1037/153 890/1679/153
f 915/1036/153 914/1040/153 892/1118/153
f 924/1635/613 599/1637/613 2071/958/613
f 2074/1634/613 1922/1633/613 924/1635/613
f 1917/1636/613 1915/1631/613 925/1632/613
f 2071/958/613 2074/1634/613 924/1635/613
f 925/1632/613 1915/1631/613 2069/956/613
f 2071/958/613 599/1637/613 1910/957/613
f 925/1632/613 2069/956/613 1910/957/613
f 1925/1129/1091 1918/1119/614 926/1120/615
f 1923/1680/1092 927/1122/616 1921/1123/617
f 1421/1681/313 604/1124/618 2444/1126/313
f 601/1129/535 600/1680/535 2073/1127/620
f 603/1123/535 2073/1127/620 600/1680/535
f 1916/1128/620 602/1119/535 601/1129/535
f 2263/922/153 1187/922/153 1186/921/153
f 1186/921/153 2229/926/153 2261/926/153
f 1183/930/153 1184/935/153 1216/935/153
f 1218/921/153 2263/922/153 1186/921/153
f 1183/930/153 1216/935/153 1215/930/153
f 2261/926/153 1218/921/153 1186/921/153
f 1183/930/153 1215/930/153 2261/926/153
f 1469/1682/79 1456/1130/79 204/1132/622
f 1874/642/312 578/1133/623 589/1135/624
f 2072/1683/1093 2082/1136/625 931/1127/626
f 901/1090/159 903/1086/159 2224/1086/159
f 905/1081/159 907/1078/159 2225/1081/159
f 877/1077/159 2212/1077/159 1182/1078/159
f 2224/1086/159 2223/1090/159 901/1090/159
f 877/1077/159 1182/1078/159 907/1078/159
f 2225/1081/159 2224/1086/159 903/1086/159
f 907/1078/159 1182/1078/159 2225/1081/159
f 1905/659/328 1912/658/327 1419/1684/1094
f 1419/1684/1094 1420/1140/628 1905/659/328
f 932/979/629 935/978/629 2080/980/629
f 930/1685/630 2070/1142/630 934/1144/630
f 929/1686/1095 928/1128/631 2079/1146/632
f 2073/1127/620 2075/1137/633 1916/1128/620
f 2083/1177/680 968/1147/634 2084/1149/636
f 938/1687/635 939/1150/637 940/1152/639
f 950/1168/658 952/1153/640 2093/1155/642
f 940/1688/639 941/1156/638 942/1158/644
f 2086/1165/661 964/1159/645 2085/1161/647
f 944/1689/649 942/1162/644 945/1164/648
f 942/1160/644 944/1159/649 2097/1161/651
f 944/1689/649 945/1164/648 946/1167/653
f 956/1153/667 958/1168/654 2090/1154/656
f 948/1690/671 946/1167/653 949/1169/657
f 948/1186/671 950/1168/658 2094/1170/659
f 948/1690/671 949/1169/657 950/1172/658
f 962/1191/676 964/1159/645 2087/1173/662
f 950/1187/658 951/1174/660 952/1176/640
f 940/1147/639 942/1160/644 2098/1177/664
f 952/1691/640 953/1178/663 954/1180/666
f 954/1194/666 956/1153/667 2091/1181/668
f 954/1180/666 955/1179/665 956/1183/667
f 604/1124/618 594/1184/670 605/1125/619
f 946/1191/653 948/1186/671 2095/1173/672
f 956/1176/667 957/1175/669 958/1187/654
f 938/1148/635 940/1147/639 2084/1149/636
f 958/1692/654 959/1188/673 960/1190/675
f 960/1186/675 962/1191/676 2088/1170/677
f 960/1190/675 961/1189/674 962/1193/676
f 952/1153/640 954/1194/666 2092/1154/641
f 964/1693/645 962/1193/676 965/1195/679
f 2085/1161/647 966/1160/646 2083/1177/680
f 964/1693/645 965/1195/679 966/1198/646
f 938/1687/635 968/1199/634 939/1150/637
f 968/1688/634 966/1158/646 969/1156/682
f 958/1168/654 960/1186/675 2089/1155/655
f 2096/1165/650 944/1159/649 2095/1173/672
f 983/1694/46 937/1695/46 2099/1696/46
f 936/1697/46 970/1698/46 2114/1699/46
f 971/1700/46 972/1638/46 2112/1701/46
f 2106/1702/46 2107/1642/46 976/1641/46
f 972/1638/46 2111/1644/46 2112/1701/46
f 2105/1703/46 2106/1702/46 977/1704/46
f 971/1700/46 2112/1701/46 2113/1705/46
f 2106/1702/46 976/1641/46 977/1704/46
f 971/1700/46 2113/1705/46 970/1698/46
f 2104/1706/46 2105/1703/46 978/1707/46
f 970/1698/46 2113/1705/46 2114/1699/46
f 2105/1703/46 977/1704/46 978/1707/46
f 936/1697/46 2114/1699/46 2100/1708/46
f 2103/1709/46 2104/1706/46 979/1710/46
f 936/1697/46 2100/1708/46 937/1695/46
f 2104/1706/46 978/1707/46 979/1710/46
f 937/1695/46 2100/1708/46 2099/1696/46
f 2102/1201/46 2103/1709/46 980/1711/46
f 983/1694/46 2099/1696/46 2101/1203/46
f 2103/1709/46 979/1710/46 980/1711/46
f 983/1694/46 2101/1203/46 982/1202/46
f 981/1712/46 982/1202/46 2102/1201/46
f 2102/1201/46 980/1711/46 981/1712/46
f 994/1215/684 995/1204/683 2121/1206/684
f 996/1214/159 997/1207/685 2119/1209/159
f 984/1213/687 986/1210/686 2130/1212/687
f 998/1210/689 999/1213/688 2117/1211/689
f 987/1207/690 988/1214/153 2128/1208/690
f 989/1204/692 990/1215/691 2126/1205/692
f 991/1221/693 992/1216/495 2124/1218/693
f 993/1221/694 994/1215/684 2122/1218/694
f 995/1204/683 996/1214/159 2120/1205/683
f 985/1220/494 984/1213/687 2116/1219/494
f 1013/1208/685 997/1207/685 2117/1211/689
f 986/1210/686 987/1207/690 2129/1211/686
f 999/1213/688 985/1220/494 2115/1212/688
f 988/1214/153 989/1204/692 2127/1209/153
f 990/1215/691 991/1221/693 2125/1206/691
f 992/1216/495 993/1221/694 2123/1217/495
f 1006/1397/873 1007/1222/695 1018/1224/697
f 1021/1377/850 1012/1225/698 1022/1227/700
f 1007/1222/695 1008/1228/701 1019/1223/696
f 1023/1713/737 2132/1230/703 1025/1232/705
f 1025/1232/705 2131/1231/704 1027/1234/707
f 1027/1234/707 2133/1233/706 1029/1236/709
f 1029/1236/709 2134/1235/708 1031/1238/711
f 1031/1238/711 2135/1237/710 1033/1240/713
f 1033/1240/713 2136/1239/712 1035/1242/715
f 1037/1244/717 1035/1242/715 2138/1243/716
f 1039/1714/719 1037/1244/717 2139/1245/718
f 1041/1249/721 1039/1246/719 2140/1248/720
f 1043/1251/723 1041/1249/721 2141/1250/722
f 2144/1253/1096 1043/1251/723 2142/1252/724
f 2146/1255/1097 1045/1253/725 2145/1254/727
f 1049/1257/731 1047/1255/728 1050/1256/730
f 1051/1715/1098 1049/1257/731 1052/1258/732
f 1304/1259/1011 2156/1259/733 1305/1260/735
f 1053/1264/738 1054/1261/736 1023/1263/737
f 1051/1715/1098 1052/1258/732 1053/1264/738
f 1055/1716/773 1057/1265/739 2148/1267/741
f 1057/1265/739 1059/1268/742 2147/1266/740
f 1059/1268/742 1061/1270/744 2149/1269/743
f 1061/1270/744 1063/1272/746 2150/1271/745
f 1063/1272/746 1065/1274/748 2151/1273/747
f 1065/1274/748 1067/1276/750 2152/1275/749
f 2153/1277/751 1067/1276/750 1070/1279/753
f 1070/1279/753 1069/1278/752 1072/1281/755
f 1072/1427/755 1071/1282/754 1074/1259/757
f 1074/1259/757 1073/1283/756 1076/1260/759
f 1076/1260/759 1075/1284/758 2159/1286/761
f 1078/1286/1099 1077/1285/762 1080/1288/764
f 2161/1288/945 1079/1287/765 1082/1290/767
f 1082/1290/767 1081/1289/766 1084/1292/769
f 2345/1293/930 2183/1293/770 1330/1294/772
f 1085/1298/775 1055/1295/773 1086/1297/774
f 1083/1291/768 1085/1298/775 1084/1292/769
f 1087/1717/810 1089/1299/776 2164/1301/778
f 1089/1299/776 1091/1302/779 2163/1300/777
f 1091/1302/779 1093/1304/781 2165/1303/780
f 1093/1304/781 1095/1306/783 2166/1305/782
f 1095/1306/783 1097/1308/785 2167/1307/784
f 1097/1308/785 1099/1310/787 2168/1309/786
f 2169/1311/788 1099/1310/787 1102/1313/790
f 1102/1313/790 1101/1312/789 1104/1315/792
f 1104/1426/792 1103/1316/791 1106/1318/794
f 1106/1318/794 1105/1317/793 1108/1320/796
f 1108/1320/796 1107/1319/795 2175/1322/798
f 1110/1322/1100 1109/1321/799 1112/1324/801
f 2177/1324/925 1111/1323/802 1114/1326/804
f 1114/1326/804 1113/1325/803 1116/1328/806
f 1321/1320/1008 2173/1320/807 1322/1322/809
f 1117/1332/812 1087/1329/810 1118/1331/811
f 1115/1327/805 1117/1332/812 1116/1328/806
f 1119/1718/847 2180/1333/813 1121/1335/815
f 1121/1335/815 2179/1334/814 1123/1337/817
f 1123/1337/817 2181/1336/816 1125/1338/819
f 1125/1338/819 2182/1294/818 1127/1339/821
f 1127/1339/821 1128/1293/820 1129/1341/823
f 1129/1341/823 2184/1340/822 1131/1343/825
f 1133/1345/827 1131/1343/825 2186/1344/826
f 1135/1719/829 1133/1345/827 2187/1346/828
f 1137/1350/831 1135/1347/829 2188/1349/830
f 1139/1352/833 1137/1350/831 2189/1351/832
f 2192/1354/1101 1139/1352/833 2190/1353/834
f 2194/1356/1102 1141/1354/835 2193/1355/837
f 1145/1358/841 1143/1356/838 1146/1357/840
f 1147/1720/1103 1145/1358/841 1148/1359/842
f 1040/1245/923 1038/1243/843 2328/1245/845
f 1149/1363/848 1150/1360/846 1119/1362/847
f 1147/1720/1103 1148/1359/842 1149/1363/848
f 1020/1371/702 69/71/39 82/198/849
f 86/470/858 1021/1364/850 87/1366/851
f 1016/1372/859 66/1367/852 74/261/854
f 77/1373/860 1017/1368/855 78/433/856
f 68/76/44 1018/1369/697 1434/77/45
f 81/197/861 1019/1370/696 82/198/849
f 71/65/33 1021/1364/850 85/66/34
f 1424/74/42 65/73/41 74/261/854
f 87/1366/851 1022/1365/700 1425/70/38
f 76/262/853 66/1367/852 77/1373/860
f 80/78/857 1018/1369/697 81/197/861
f 69/1392/39 1009/1374/862 70/1376/40
f 1011/1393/869 1012/1225/698 71/1378/33
f 65/1387/41 1001/1379/864 1016/1381/859
f 1022/1227/700 2118/1226/699 72/1383/280
f 1002/1394/870 1003/1384/867 66/1386/852
f 1015/1395/871 1001/1379/864 73/1388/36
f 1004/1396/872 1005/1389/868 67/1391/43
f 1020/1229/702 1008/1228/701 69/1392/39
f 70/1376/40 1010/1375/863 71/1378/33
f 1016/1381/859 1000/1380/865 66/1386/852
f 1014/1382/866 1015/1395/871 72/1383/280
f 1003/1384/867 1004/1396/872 1017/1385/855
f 1005/1389/868 1006/1397/873 68/1390/44
f 2204/940/259 1159/942/258 2236/940/259
f 1172/1075/271 2217/1072/272 2248/1075/271
f 2212/1097/159 877/1097/159 879/1092/159
f 879/1092/159 881/1088/159 2213/1088/159
f 883/1084/159 885/1083/159 2215/1083/159
f 2211/1092/159 2212/1097/159 879/1092/159
f 883/1084/159 2215/1083/159 2214/1084/159
f 2213/1088/159 2211/1092/159 879/1092/159
f 883/1084/159 2214/1084/159 2213/1088/159
f 2199/922/153 777/922/153 775/921/153
f 775/921/153 773/926/153 2197/926/153
f 771/930/153 769/935/153 2196/935/153
f 2198/921/153 2199/922/153 775/921/153
f 771/930/153 2196/935/153 2195/930/153
f 2197/926/153 2198/921/153 775/921/153
f 771/930/153 2195/930/153 2197/926/153
f 2196/912/153 769/912/153 2210/911/153
f 206/298/179 205/100/179 216/99/179
f 215/100/179 216/99/179 205/100/179
f 1205/1072/159 1206/1071/159 1238/1071/159
f 2251/1107/159 1208/1104/159 1239/1107/159
f 1209/1102/159 1210/1096/159 2285/1102/159
f 1211/1095/159 2287/1095/159 1242/1096/159
f 2280/1075/159 1235/1080/159 1203/1080/159
f 1211/1095/159 1242/1096/159 1210/1096/159
f 1237/1072/159 2280/1075/159 1204/1075/159
f 1210/1096/159 1242/1096/159 2285/1102/159
f 2280/1075/159 1203/1080/159 1204/1075/159
f 1209/1102/159 2285/1102/159 1240/1104/159
f 1238/1071/159 1237/1072/159 1205/1072/159
f 1209/1102/159 1240/1104/159 1208/1104/159
f 1237/1072/159 1204/1075/159 1205/1072/159
f 1208/1104/159 1240/1104/159 1239/1107/159
f 1239/1107/159 1238/1071/159 1206/1071/159
f 783/944/153 781/905/153 2202/944/153
f 779/909/153 777/915/153 2199/915/153
f 2206/933/153 2207/1405/153 793/1405/153
f 779/909/153 2199/915/153 2200/909/153
f 1161/938/153 2206/933/153 791/933/153
f 779/909/153 2200/909/153 2201/905/153
f 2206/933/153 793/1405/153 791/933/153
f 779/909/153 2201/905/153 781/905/153
f 1160/940/153 1161/938/153 789/938/153
f 781/905/153 2201/905/153 2202/944/153
f 1161/938/153 791/933/153 789/938/153
f 783/944/153 2202/944/153 2203/942/153
f 2203/942/153 1160/940/153 1970/940/153
f 789/938/153 1970/940/153 1160/940/153
f 785/942/153 783/944/153 2203/942/153
f 895/1104/159 897/1102/159 2220/1104/159
f 899/1096/159 901/1095/159 2222/1096/159
f 2216/1075/159 2215/1080/159 885/1080/159
f 901/1095/159 2223/1095/159 2222/1096/159
f 1173/1072/159 2216/1075/159 887/1075/159
f 899/1096/159 2222/1096/159 2221/1102/159
f 2216/1075/159 885/1080/159 887/1075/159
f 899/1096/159 2221/1102/159 897/1102/159
f 2218/1071/159 1173/1072/159 889/1072/159
f 897/1102/159 2221/1102/159 2220/1104/159
f 1173/1072/159 887/1075/159 889/1072/159
f 895/1104/159 2220/1104/159 893/1107/159
f 2219/1107/159 2218/1071/159 891/1071/159
f 889/1072/159 891/1071/159 2218/1071/159
f 893/1107/159 2220/1104/159 2219/1107/159
f 818/1721/874 582/1722/874 583/1723/874
f 583/1723/874 1882/1402/874 818/1721/874
f 1883/1403/874 1418/1724/874 586/1404/874
f 586/1404/874 818/1721/874 1882/1402/874
f 1418/1724/874 1415/1725/874 586/1404/874
f 2217/1072/272 1174/1071/273 2249/1072/272
f 2237/938/612 2205/938/260 2236/940/259
f 1174/1071/273 1175/1107/258 2250/1071/273
f 1162/933/261 2205/938/260 2238/933/261
f 1175/1107/258 1176/1104/259 1207/1107/258
f 1163/1405/262 1162/933/261 2239/1405/262
f 1176/1104/259 1177/1102/260 2252/1104/259
f 1164/924/263 1163/928/262 2240/924/263
f 1177/1102/260 1178/1096/261 2253/1102/260
f 1197/917/875 1165/917/875 2240/924/263
f 1151/930/267 1152/935/266 2227/930/267
f 1178/1096/261 1179/1095/262 2254/1096/261
f 1166/918/265 1165/917/875 2242/918/265
f 1153/926/268 1151/930/267 1185/926/268
f 1179/1090/262 1180/1086/263 2255/1090/262
f 1152/912/266 1166/911/265 2228/912/266
f 1154/921/269 1153/926/268 2230/921/269
f 1180/1086/263 1181/1081/875 2256/1086/263
f 1168/1097/266 1167/1092/267 2244/1097/266
f 1155/922/270 1154/921/269 2231/922/270
f 2257/1081/875 1181/1081/875 2258/1078/265
f 1167/1092/267 1169/1088/268 2243/1092/267
f 1156/909/271 1155/915/270 2232/909/271
f 2226/1078/265 1168/1077/266 2258/1078/265
f 1169/1088/268 1170/1084/269 2245/1088/268
f 1157/905/272 1156/909/271 2233/905/272
f 1170/1084/269 1171/1083/270 2246/1084/269
f 1158/944/273 1157/905/272 2234/944/273
f 1171/1080/270 1172/1075/271 2247/1080/270
f 1159/942/258 1158/944/273 2235/942/258
f 2274/918/877 2273/917/876 2306/918/877
f 2286/1096/880 1243/1095/878 1274/1096/880
f 1198/918/153 2241/917/153 1229/917/153
f 1196/924/153 1195/928/153 2272/924/153
f 1229/917/153 1230/918/153 1198/918/153
f 1195/928/153 1227/928/153 2272/924/153
f 2272/924/153 1229/917/153 2241/917/153
f 1211/1090/159 1212/1086/159 1244/1086/159
f 1213/1081/159 1214/1078/159 2289/1081/159
f 1200/1077/159 2276/1077/159 2290/1078/159
f 1244/1086/159 2287/1090/159 1211/1090/159
f 1200/1077/159 2290/1078/159 1214/1078/159
f 2289/1081/159 1244/1086/159 1212/1086/159
f 1214/1078/159 2290/1078/159 2289/1081/159
f 1216/912/153 1184/912/153 1230/911/153
f 1201/1088/159 1202/1084/159 1233/1088/159
f 1203/1083/159 1235/1083/159 2278/1084/159
f 2275/1092/159 2276/1097/159 1200/1097/159
f 1203/1083/159 2278/1084/159 1202/1084/159
f 1233/1088/159 2275/1092/159 1199/1092/159
f 1200/1097/159 1199/1092/159 2275/1092/159
f 1202/1084/159 2278/1084/159 1233/1088/159
f 1195/1405/153 1194/933/153 2270/933/153
f 1193/938/153 1192/940/153 2268/940/153
f 1191/942/153 1190/944/153 2267/942/153
f 1189/905/153 1188/909/153 1221/905/153
f 1187/915/153 2263/915/153 1220/909/153
f 2270/933/153 1227/1405/153 1195/1405/153
f 1187/915/153 1220/909/153 1188/909/153
f 1225/938/153 2270/933/153 1194/933/153
f 1188/909/153 1220/909/153 1221/905/153
f 1225/938/153 1194/933/153 1193/938/153
f 1189/905/153 1221/905/153 1222/944/153
f 2268/940/153 1225/938/153 1193/938/153
f 1189/905/153 1222/944/153 1190/944/153
f 2267/942/153 2268/940/153 1192/940/153
f 1190/944/153 1222/944/153 2267/942/153
f 1249/1410/153 2291/1726/153 2292/1727/153
f 2292/1727/153 1262/1728/153 2305/1729/153
f 2305/1729/153 1260/1730/153 2303/1731/153
f 2303/1731/153 1258/1732/153 2301/1733/153
f 2301/1733/153 1256/1734/153 1255/1408/153
f 1255/1408/153 2298/1735/153 2297/1409/153
f 2297/1409/153 2296/1736/153 1251/1737/153
f 1251/1737/153 2294/1738/153 2297/1409/153
f 1249/1410/153 2292/1727/153 2301/1733/153
f 2305/1729/153 2303/1731/153 2301/1733/153
f 2301/1733/153 1255/1408/153 1249/1410/153
f 2297/1409/153 2294/1738/153 1249/1410/153
f 2292/1727/153 2305/1729/153 2301/1733/153
f 1264/1413/159 1263/1739/159 2309/1740/159
f 2309/1740/159 1266/1741/159 1264/1413/159
f 2311/1742/159 1268/1743/159 2315/1411/159
f 2313/1744/159 2314/1745/159 2315/1411/159
f 2315/1411/159 2316/1746/159 1273/1747/159
f 1273/1747/159 2318/1748/159 1275/1412/159
f 1275/1412/159 2320/1749/159 1277/1750/159
f 1277/1750/159 1278/1751/159 1264/1413/159
f 1264/1413/159 1266/1741/159 2311/1742/159
f 1268/1743/159 2313/1744/159 2315/1411/159
f 2315/1411/159 1273/1747/159 1275/1412/159
f 1275/1412/159 1277/1750/159 1264/1413/159
f 1264/1413/159 2311/1742/159 2315/1411/159
f 1217/926/882 2259/930/881 2293/926/882
f 2319/1090/879 1243/1090/878 1276/1086/883
f 1248/912/884 2260/912/884 2306/911/877
f 1250/921/885 2262/921/885 2293/926/882
f 2288/1086/883 1245/1081/886 1276/1086/883
f 1232/1097/888 1231/1092/887 2308/1097/888
f 1219/922/889 2262/921/885 2295/922/889
f 1245/1081/886 1246/1078/890 2321/1081/886
f 2307/1092/887 1231/1092/887 1265/1088/891
f 1252/909/892 2264/909/892 2295/915/889
f 1246/1078/890 1232/1077/888 2322/1078/890
f 2277/1088/891 1234/1084/893 1265/1088/891
f 1253/905/894 2265/905/894 1252/909/892
f 2310/1084/893 1234/1084/893 1267/1083/895
f 1254/944/896 2266/944/896 1253/905/894
f 2279/1080/895 1236/1075/897 1267/1080/895
f 1223/942/898 2266/944/896 2299/942/898
f 2312/1075/897 1236/1075/897 1269/1072/900
f 1224/940/901 1223/942/898 2300/940/901
f 1269/1072/900 2281/1072/899 1270/1071/902
f 1257/938/903 2269/938/903 2300/940/901
f 1270/1071/902 2282/1071/902 1271/1107/904
f 1226/933/905 2269/938/903 2302/933/905
f 1271/1107/904 2283/1107/904 1272/1104/906
f 1259/1405/907 2271/1405/907 2302/933/905
f 2284/1104/906 1241/1102/908 1272/1104/906
f 1228/924/910 2271/928/907 2304/924/910
f 2317/1102/909 1241/1102/908 1274/1096/880
f 1261/917/876 2273/917/876 2304/924/910
f 1247/930/881 2259/930/881 1248/935/884
f 1281/1752/961 1279/1753/947 1289/1754/939
f 1280/1755/933 1294/1756/1009 1291/1757/965
f 1293/1758/989 1292/1759/976 1294/1756/1009
f 1291/1757/965 1290/1760/951 1280/1755/933
f 1289/1754/939 2329/1416/911 1281/1752/961
f 1287/1414/911 1286/1761/911 2324/1762/911
f 2326/1763/911 2325/1764/911 1286/1761/911
f 2324/1762/911 2323/1415/911 1287/1414/911
f 1279/1753/947 1290/1760/951 1289/1754/939
f 1292/1759/976 1291/1757/965 1294/1756/1009
f 2329/1416/911 2323/1415/911 1281/1752/961
f 2325/1764/911 2324/1762/911 1286/1761/911
f 1280/1755/933 1290/1760/951 1279/1753/947
f 1296/1419/914 1295/1765/928 1306/1417/912
f 1297/1766/927 1298/1767/1104 2336/1768/1104
f 1299/1769/1104 1300/1770/1104 2334/1771/1104
f 1301/1772/1104 2334/1771/1104 1300/1770/1104
f 2335/1773/1104 2336/1768/1104 1298/1767/1104
f 1305/1774/735 1306/1417/912 1295/1765/928
f 1307/1418/913 1308/1775/957 1310/1776/982
f 1309/1777/971 1310/1776/982 1308/1775/957
f 1295/1765/928 1297/1766/927 1305/1774/735
f 1299/1769/1104 2334/1771/1104 2335/1773/1104
f 2336/1768/1104 1305/1774/735 1297/1766/927
f 1307/1418/913 1310/1776/982 1296/1419/914
f 1298/1767/1104 1299/1769/1104 2335/1773/1104
f 1312/1422/916 1311/1778/1002 1322/1420/809
f 1313/1779/922 1314/1780/1105 2343/1781/1105
f 1315/1782/1105 1316/1783/1105 2341/1784/1106
f 1317/1785/1106 2341/1784/1106 1316/1783/1105
f 2342/1786/1105 2343/1781/1105 1314/1780/1105
f 1321/1787/1008 1322/1420/809 1311/1778/1002
f 1323/1421/915 1324/1788/940 1326/1789/966
f 1325/1790/952 1326/1789/966 1324/1788/940
f 1311/1778/1002 1313/1779/922 1321/1787/1008
f 1315/1782/1105 2341/1784/1106 2342/1786/1105
f 2343/1781/1105 1321/1787/1008 1313/1779/922
f 1323/1421/915 1326/1789/966 1312/1422/916
f 1314/1780/1105 1315/1782/1105 2342/1786/1105
f 1329/1791/1010 1327/1792/1000 1337/1793/993
f 1328/1794/986 1342/1795/959 1339/1796/918
f 1341/1797/935 1340/1798/919 1342/1795/959
f 1339/1796/918 1338/1799/1006 1328/1794/986
f 1337/1793/993 2350/1425/917 1329/1791/1010
f 1335/1423/917 1334/1800/1107 1331/1801/917
f 2347/1802/1107 2346/1803/917 1334/1800/1107
f 1331/1801/917 2344/1424/917 1335/1423/917
f 1327/1792/1000 1338/1799/1006 1337/1793/993
f 1340/1798/919 1339/1796/918 1342/1795/959
f 2350/1425/917 2344/1424/917 1329/1791/1010
f 2346/1803/917 1331/1801/917 1334/1800/1107
f 1328/1794/986 1338/1799/1006 1327/1792/1000
f 1146/1357/840 1144/1355/839 1340/1357/919
f 1092/1303/1013 1094/1305/920 1313/1303/922
f 1042/1248/938 1040/1247/923 1288/1248/924
f 1322/1322/809 2174/1322/808 1323/1324/915
f 1058/1266/1014 1060/1269/926 1295/1266/928
f 1332/1340/944 1130/1340/929 2345/1293/930
f 1279/1231/947 1026/1231/931 1280/1230/933
f 1305/1260/735 2157/1260/734 1306/1286/912
f 1148/1359/842 1146/1357/840 1341/1359/935
f 1094/1305/920 1096/1307/936 2337/1305/921
f 1044/1250/950 1042/1248/938 1289/1250/939
f 1323/1324/915 2177/1324/925 1324/1326/940
f 1060/1269/926 1062/1271/941 1297/1269/927
f 1333/1342/955 1132/1342/943 1332/1340/944
f 1306/1286/912 2158/1286/934 1307/1288/913
f 1342/1360/959 1150/1360/846 1341/1359/935
f 1281/1233/961 1028/1233/946 1279/1231/947
f 1096/1307/936 1098/1309/948 2338/1307/937
f 1046/1252/964 1044/1250/950 1290/1252/951
f 1324/1326/940 1114/1326/804 1325/1328/952
f 1062/1271/941 1064/1273/953 2330/1271/942
f 1134/1344/969 1132/1342/943 2348/1344/956
f 1307/1288/913 2161/1288/945 1308/1290/957
f 1328/1361/986 1120/1361/958 1342/1360/959
f 1282/1235/973 1030/1235/960 1281/1233/961
f 1098/1309/948 1100/1311/962 2339/1309/949
f 1048/1254/729 1046/1252/964 1291/1254/965
f 1116/1328/806 1118/1331/811 1325/1328/952
f 1064/1273/953 1066/1275/967 2331/1273/954
f 1136/1346/980 1134/1344/969 2349/1346/970
f 1308/1290/957 1082/1290/767 1309/1292/971
f 1283/1237/984 1032/1237/972 1282/1235/973
f 2340/1311/963 1100/1311/962 1318/1313/975
f 1050/1256/730 1048/1254/729 1292/1256/976
f 1118/1331/811 1088/1330/977 1326/1331/966
f 1066/1275/967 1068/1277/978 2332/1275/968
f 1138/1349/992 1136/1348/980 1336/1349/981
f 1084/1292/769 1086/1297/774 1309/1292/971
f 1284/1239/996 1034/1239/983 1283/1237/984
f 1327/1334/1000 1122/1334/985 1328/1333/986
f 1318/1313/975 2170/1313/974 1319/1315/988
f 1052/1258/732 1050/1256/730 1293/1258/989
f 2333/1277/979 1068/1277/978 1302/1279/991
f 1140/1351/1005 1138/1349/992 1337/1351/993
f 1086/1297/774 1056/1296/994 1310/1297/982
f 1285/1241/1007 1036/1241/995 1284/1239/996
f 1319/1426/988 2171/1426/987 1320/1318/998
f 1294/1261/1009 1054/1261/736 1293/1258/989
f 1329/1336/1010 1124/1336/999 1327/1334/1000
f 1088/1301/977 1090/1300/1001 1312/1301/916
f 1302/1279/991 2154/1279/990 1303/1281/1004
f 1142/1353/1012 1140/1351/1005 1338/1353/1006
f 1038/1243/843 1036/1241/995 2327/1243/844
f 1320/1318/998 2172/1318/997 1321/1320/1008
f 1280/1262/933 1024/1262/932 1294/1261/1009
f 1330/1294/772 1126/1294/771 1329/1336/1010
f 1303/1427/1004 2155/1427/1003 1304/1259/1011
f 1144/1355/839 1142/1353/1012 1339/1355/918
f 1090/1300/1001 1092/1303/1013 1311/1300/1002
f 1056/1267/994 1058/1266/1014 1296/1267/914
f 1348/1430/153 2353/1804/153 2354/1805/153
f 2354/1805/153 2414/1806/153 1404/1807/153
f 1404/1807/153 1402/1808/153 1400/1809/153
f 1400/1809/153 1398/1810/153 1404/1807/153
f 1396/1811/153 1394/1812/153 1392/1813/153
f 1392/1813/153 2398/1432/153 1396/1811/153
f 2396/1814/153 2394/1815/153 1384/1816/153
f 1384/1816/153 2390/1817/153 2396/1814/153
f 2388/1428/153 2386/1818/153 2380/1819/153
f 2384/1820/153 1374/1431/153 2380/1819/153
f 2380/1819/153 2378/1821/153 1368/1822/153
f 1368/1822/153 1366/1823/153 1364/1429/153
f 1364/1429/153 1362/1824/153 1356/1825/153
f 1360/1826/153 2366/1433/153 1356/1825/153
f 1356/1825/153 1354/1827/153 1352/1828/153
f 1352/1828/153 1350/1829/153 1348/1430/153
f 1348/1430/153 2354/1805/153 1396/1811/153
f 1404/1807/153 1398/1810/153 1396/1811/153
f 1396/1811/153 2398/1432/153 2396/1814/153
f 2396/1814/153 2390/1817/153 2388/1428/153
f 2386/1818/153 2384/1820/153 2380/1819/153
f 2380/1819/153 1368/1822/153 2388/1428/153
f 1362/1824/153 1360/1826/153 1356/1825/153
f 1356/1825/153 1352/1828/153 1364/1429/153
f 2354/1805/153 1404/1807/153 1396/1811/153
f 1396/1811/153 2396/1814/153 2388/1428/153
f 2388/1428/153 1368/1822/153 1364/1429/153
f 1364/1429/153 1352/1828/153 1348/1430/153
f 1348/1430/153 1396/1811/153 2388/1428/153
f 1405/1806/159 2351/1805/159 2352/1804/159
f 2352/1804/159 2355/1430/159 2357/1829/159
f 2357/1829/159 2359/1828/159 1357/1433/159
f 2361/1827/159 1355/1825/159 1357/1433/159
f 1357/1433/159 2367/1826/159 1361/1824/159
f 1361/1824/159 1363/1429/159 2373/1823/159
f 2373/1823/159 2375/1822/159 2381/1431/159
f 1369/1821/159 1371/1819/159 2381/1431/159
f 2381/1431/159 2383/1820/159 1377/1818/159
f 1377/1818/159 1379/1428/159 1381/1817/159
f 1381/1817/159 2391/1816/159 1385/1815/159
f 1385/1815/159 1387/1814/159 1389/1432/159
f 1389/1432/159 2399/1813/159 1397/1810/159
f 2401/1812/159 1395/1811/159 1397/1810/159
f 1397/1810/159 1399/1809/159 1401/1808/159
f 1401/1808/159 2411/1807/159 1405/1806/159
f 1405/1806/159 2352/1804/159 1357/1433/159
f 2359/1828/159 2361/1827/159 1357/1433/159
f 1357/1433/159 1361/1824/159 2381/1431/159
f 2375/1822/159 1369/1821/159 2381/1431/159
f 2381/1431/159 1377/1818/159 1389/1432/159
f 1381/1817/159 1385/1815/159 1389/1432/159
f 2399/1813/159 2401/1812/159 1397/1810/159
f 1397/1810/159 1401/1808/159 1405/1806/159
f 2352/1804/159 2357/1829/159 1357/1433/159
f 1361/1824/159 2373/1823/159 2381/1431/159
f 1377/1818/159 1381/1817/159 1389/1432/159
f 1389/1432/159 1397/1810/159 1405/1806/159
f 1405/1806/159 1357/1433/159 1389/1432/159
f 290/266/1016 292/268/1015 2387/266/1016
f 275/351/1018 273/254/1017 2372/351/1018
f 308/370/1020 310/272/1019 2405/370/1020
f 1382/355/1021 293/355/1021 1380/267/1022
f 1344/347/1023 256/347/1023 1347/349/1024
f 311/273/1025 309/369/201 2408/273/1025
f 2371/255/199 274/255/199 1365/256/1026
f 259/348/1028 257/346/1027 2356/348/1028
f 2389/268/1015 292/268/1015 1383/357/1029
f 277/257/1030 275/351/1018 2374/257/1030
f 310/272/1019 312/274/1031 2407/272/1019
f 295/356/1032 293/355/1021 2392/356/1032
f 1347/349/1024 258/349/1024 1349/282/1033
f 313/371/1034 311/273/1025 2410/371/1034
f 1365/256/1026 276/256/1026 1367/284/1035
f 261/283/1036 259/348/1028 2358/283/1036
f 294/357/1029 296/359/1037 1383/357/1029
f 279/350/1038 277/257/1030 2376/350/1038
f 2409/1068/1031 312/1068/1031 1403/374/1039
f 1386/358/1040 297/358/1040 2392/356/1032
f 1349/282/1033 260/282/1033 1351/284/1041
f 315/373/1042 313/372/1034 2412/373/1042
f 278/284/1035 280/282/1043 1367/284/1035
f 263/350/1044 261/283/1036 2360/350/1044
f 296/1406/1037 298/362/1045 2393/1406/1037
f 1370/283/1046 281/283/1046 2376/350/1038
f 314/374/1039 316/377/1047 1403/374/1039
f 1388/361/1048 299/361/1048 1386/360/1040
f 1351/284/1041 262/284/1041 1353/256/1049
f 1406/375/1050 317/375/1050 2412/373/1042
f 280/352/1043 282/913/1051 2377/352/1043
f 265/257/1052 263/350/1044 2362/257/1052
f 298/362/1045 300/943/1053 2395/362/1045
f 1372/354/1054 283/354/1054 1370/353/1046
f 316/377/1047 254/376/1055 2413/377/1047
f 1390/363/1056 301/363/1056 1388/361/1048
f 264/256/1049 266/255/1057 1353/256/1049
f 1346/345/1058 255/345/1058 1406/375/1050
f 2379/913/1051 282/913/1051 1373/258/1059
f 267/351/1060 265/257/1052 2364/351/1060
f 2397/943/1053 300/943/1053 1391/365/1061
f 285/259/1062 283/354/1054 2382/259/1062
f 303/364/1063 301/363/1056 2400/364/1063
f 266/255/1057 268/250/1064 2363/255/1057
f 1373/258/1059 284/258/1059 1375/260/1065
f 1358/254/1066 269/254/1066 2364/351/1060
f 1391/365/1061 302/365/1061 1393/1399/1067
f 1376/263/1068 287/263/1068 2382/259/1062
f 305/366/1069 303/364/1063 2402/366/1069
f 2365/250/1064 268/250/1064 1359/248/1070
f 286/260/1065 288/264/1071 1375/260/1065
f 271/249/1072 269/254/1066 2368/249/1072
f 304/1399/1067 306/368/1073 1393/1399/1067
f 1378/265/1074 289/265/1074 1376/263/1068
f 2404/367/202 307/367/202 2402/366/1069
f 270/248/1070 272/250/198 1359/248/1070
f 288/264/1071 290/266/1016 2385/264/1071
f 273/254/1017 271/249/1072 2370/254/1017
f 1343/376/1055 254/376/1055 1344/347/1023
f 306/368/1073 308/370/1020 2403/368/1073
f 1380/267/1022 291/267/1022 1378/265/1074
f 1345/346/1027 257/346/1027 1346/345/1058
f 1409/517/1075 2420/516/1075 2416/1435/1075
f 1413/1495/1077 2428/518/1076 2424/1437/1077
f 481/1830/1078 1414/1438/1078 478/1440/1078
f 1588/244/92 209/210/92 210/209/92
f 221/210/92 210/209/92 209/210/92
f 1417/644/1079 1416/643/1079 2440/1443/1079
usemtl npc_hopper_material_NONE
f 240/1831/1108 228/1832/1108 224/1833/1108
f 224/1833/1108 223/1834/1108 222/1835/1108
f 222/1835/1108 253/1836/1108 252/1837/1108
f 252/1837/1108 251/1838/1108 250/1839/1108
f 250/1839/1108 249/1840/1108 248/1841/1108
f 248/1841/1108 247/1842/1108 244/1843/1108
f 246/1844/1108 245/1845/1108 244/1843/1108
f 244/1843/1108 243/1846/1108 240/1831/1108
f 242/1847/1108 241/1848/1108 240/1831/1108
f 240/1831/1108 239/1849/1108 238/1850/1108
f 238/1850/1108 237/1851/1108 236/1852/1108
f 236/1852/1108 235/1853/1108 234/1854/1108
f 234/1854/1108 233/1855/1108 232/1856/1108
f 232/1856/1108 231/1857/1108 228/1832/1108
f 230/1858/1108 229/1859/1108 228/1832/1108
f 228/1832/1108 227/1860/1108 226/1861/1108
f 226/1861/1108 225/1862/1108 228/1832/1108
f 224/1833/1108 222/1835/1108 248/1841/1108
f 252/1837/1108 250/1839/1108 248/1841/1108
f 247/1842/1108 246/1844/1108 244/1843/1108
f 243/1846/1108 242/1847/1108 240/1831/1108
f 240/1831/1108 238/1850/1108 232/1856/1108
f 236/1852/1108 234/1854/1108 232/1856/1108
f 231/1857/1108 230/1858/1108 228/1832/1108
f 228/1832/1108 225/1862/1108 224/1833/1108
f 222/1835/1108 252/1837/1108 248/1841/1108
f 248/1841/1108 244/1843/1108 224/1833/1108
f 238/1850/1108 236/1852/1108 232/1856/1108
f 232/1856/1108 228/1832/1108 240/1831/1108
f 224/1833/1108 244/1843/1108 240/1831/1108
