# Blender v2.76 (sub 0) OBJ File: 'npc_cyborgwarrior.blend'
# www.blender.org
v -0.344552 1.619725 0.034610
v -0.229842 1.628010 -0.060127
v -0.343027 1.560736 0.034630
v -0.252772 1.553429 -0.049086
v -0.329820 1.516102 0.067451
v -0.292529 1.500100 0.031297
v -0.307161 1.505303 0.121937
v -0.264025 1.485831 0.103880
v -0.284487 1.532310 0.172410
v -0.199344 1.515746 0.153245
v -0.269596 1.583146 0.203106
v -0.151361 1.575884 0.186842
v -0.267919 1.640824 0.201716
v -0.167736 1.646758 0.192492
v -0.281669 1.685563 0.170344
v -0.230772 1.700791 0.162982
v -0.306891 1.697921 0.117355
v -0.263989 1.717233 0.091974
v -0.330380 1.671570 0.066327
v -0.239667 1.691008 -0.006989
v -0.250956 1.546468 -0.073899
v -0.224615 1.633434 -0.087337
v -0.298971 1.482952 0.019179
v -0.266814 1.467123 0.104833
v -0.170258 1.499341 0.177046
v -0.118176 1.572602 0.197868
v -0.145732 1.655225 0.198118
v -0.209940 1.718022 0.164966
v -0.246775 1.734132 0.091893
v -0.233132 1.702543 -0.021703
v -0.154368 1.443033 -0.124573
v -0.049897 1.679245 -0.169671
v -0.313969 1.430751 0.018611
v -0.293107 1.420429 0.083706
v -0.212702 1.408943 0.147948
v 0.021401 1.580406 0.180863
v 0.018735 1.658945 0.166467
v -0.105195 1.728742 0.117816
v -0.136794 1.740603 0.033070
v -0.126789 1.717382 -0.070607
v -0.099240 1.697434 -0.114194
v -0.172117 1.407110 0.148035
v -0.001844 1.663454 0.135067
v 0.019512 1.578696 0.164617
v 0.043335 1.428462 0.152809
v 0.069664 1.668636 0.120012
v -0.049757 1.457965 -0.159371
v 0.084190 1.583090 0.149226
v -0.272872 1.427465 0.005760
v -0.260507 1.421190 0.054520
v -0.137418 1.437985 -0.104929
v -0.044307 1.454334 -0.143318
v -0.270076 1.352600 0.036413
v -0.169003 1.346428 0.123296
v 0.032247 1.375206 0.145499
v -0.164036 1.344278 -0.140884
v -0.284749 1.356103 -0.021893
v -0.041317 1.347507 -0.186554
v 0.313759 1.632074 -0.167187
v 0.165231 1.629961 -0.178523
v 0.317765 1.572953 -0.158292
v 0.197500 1.558099 -0.171657
v 0.328167 1.531011 -0.118415
v 0.278187 1.511521 -0.124530
v 0.340063 1.524863 -0.059598
v 0.294548 1.503003 -0.044877
v 0.348200 1.556987 -0.008459
v 0.262316 1.532499 0.030261
v 0.350873 1.612227 0.017910
v 0.242330 1.600422 0.073449
v 0.345710 1.671306 0.009572
v 0.258571 1.676520 0.060196
v 0.336624 1.713503 -0.029067
v 0.290102 1.729444 -0.006965
v 0.325695 1.719885 -0.087735
v 0.274492 1.737740 -0.085994
v 0.316730 1.687354 -0.139676
v 0.199282 1.699031 -0.148419
v 0.180759 1.549012 -0.194329
v 0.146040 1.633806 -0.198456
v 0.278436 1.494716 -0.135910
v 0.297921 1.485108 -0.041982
v 0.248985 1.516513 0.064947
v 0.220234 1.597594 0.100423
v 0.242933 1.684719 0.078249
v 0.274187 1.746900 0.009776
v 0.259241 1.755442 -0.079557
v 0.184362 1.709787 -0.159203
v 0.059611 1.441711 -0.181905
v 0.278689 1.437668 -0.137082
v 0.294041 1.430354 -0.069627
v 0.254701 1.417890 0.031815
v 0.082409 1.589056 0.168415
v 0.068034 1.665663 0.156691
v 0.150126 1.738817 0.052447
v 0.130034 1.749045 -0.050418
v 0.070857 1.715138 -0.134111
v -0.096552 1.793550 0.041753
v 0.228217 1.415576 0.051559
v -0.007498 1.236747 -0.196598
v 0.113400 1.236474 -0.202358
v 0.199577 1.291224 -0.105767
v 0.081797 1.288000 -0.173404
v 0.153775 1.293788 0.059195
v 0.205712 1.293596 -0.054413
v -0.020021 1.285896 -0.169003
v -0.226771 1.286824 -0.061729
v -0.122770 1.286720 -0.154680
v 0.238201 1.433190 -0.119454
v 0.250773 1.428716 -0.071337
v 0.058352 1.437415 -0.155667
v 0.014373 1.291498 0.123318
v 0.255760 1.362408 -0.075929
v 0.200864 1.355213 0.044259
v -0.138622 1.289100 0.099969
v 0.092326 1.348000 -0.189566
v 0.246013 1.364617 -0.131559
v -0.220019 1.287050 0.004795
v 0.182332 1.231957 0.110287
v 0.006761 1.208495 0.150925
v 0.246477 1.220640 -0.123236
v 0.252185 1.227066 -0.002086
v -0.129846 1.236142 -0.192145
v -0.255040 1.218367 -0.102542
v -0.249752 1.224322 0.021906
v -0.168003 1.230134 0.128387
v -0.000163 1.005332 0.121525
v -0.000163 1.053434 -0.142616
v -0.023470 1.054209 -0.141818
v 0.050631 0.955722 0.045079
v 0.039648 1.006012 0.118628
v 0.023139 1.054209 -0.141818
v 0.051230 0.947217 -0.059409
v -0.051561 0.947217 -0.059409
v -0.050961 0.955722 0.045079
v -0.039979 1.006012 0.118628
v -0.372595 1.671016 0.068373
v -0.390063 1.613402 0.158616
v -0.313185 1.647446 0.242838
v -0.294195 1.677750 0.216034
v -0.397482 1.660058 0.169617
v -0.249476 1.685125 0.179088
v -0.237925 1.690404 0.131927
v -0.263799 1.670216 0.039047
v -0.260387 1.693681 0.077887
v -0.207746 1.594308 0.099913
v -0.461683 1.532868 0.422397
v -0.231973 1.582649 0.201199
v -0.374702 1.553398 0.418175
v -0.266039 1.555947 0.182553
v -0.343124 1.546926 0.154948
v -0.289601 1.605065 0.015150
v -0.307582 1.586591 0.064244
v -0.426070 1.648569 0.240032
v -0.324325 1.635740 0.269955
v -0.453769 1.575404 0.211365
v -0.290586 1.500469 0.241804
v -0.261008 1.572210 0.271652
v -0.377737 1.497787 0.212222
v -0.324949 1.537857 0.377654
v -0.354785 1.602700 0.350465
v -0.439340 1.579718 0.359574
v -0.341661 1.482689 0.359148
v -0.456222 1.514068 0.344866
v -0.399813 1.477269 0.303117
v -0.392019 1.620468 0.160197
v -0.434444 1.661294 0.103535
v -0.359536 1.495881 0.427792
v -0.445625 1.474693 0.433047
v -0.401100 1.493772 0.466960
v -0.402876 1.595992 0.411938
v -0.421036 1.551771 0.453036
v -0.336081 1.536148 0.400278
v -0.328958 1.573834 0.537161
v -0.322782 1.529025 0.354089
v -0.401024 1.642486 0.558123
v -0.400375 1.595651 0.337892
v -0.490117 1.611445 0.566288
v -0.497459 1.561826 0.346789
v -0.506684 1.511913 0.553449
v -0.513504 1.462576 0.371567
v -0.434436 1.446334 0.541083
v -0.436494 1.398165 0.388498
v -0.346165 1.477088 0.532994
v -0.339625 1.431915 0.379621
v -0.483730 1.567822 0.419348
v -0.500160 1.478981 0.415314
v -0.433246 1.431634 0.454680
v -0.352033 1.459930 0.447237
v -0.461482 1.584471 0.227026
v -0.486600 1.509988 0.359485
v -0.374708 1.548972 0.349231
v -0.343618 1.576258 0.565665
v -0.404064 1.634489 0.589104
v -0.477818 1.608793 0.595863
v -0.492263 1.524469 0.579288
v -0.431968 1.467740 0.564704
v -0.357437 1.493708 0.557873
v -0.352603 1.616310 0.734734
v -0.405336 1.659702 0.723565
v -0.470575 1.636972 0.729544
v -0.482617 1.571012 0.746649
v -0.429824 1.527938 0.757744
v -0.364900 1.550558 0.751795
v -0.305215 1.711051 0.168404
v -0.293810 1.716385 0.121277
v 0.402301 1.697184 -0.135585
v 0.431116 1.631999 -0.053800
v 0.377583 1.667931 0.046229
v 0.357134 1.701809 0.025455
v 0.445969 1.676769 -0.042494
v 0.306951 1.716293 -0.000833
v 0.286670 1.725971 -0.044197
v 0.290456 1.709658 -0.141271
v 0.297807 1.730620 -0.101555
v 0.239681 1.635943 -0.073472
v 0.540040 1.519880 0.193704
v 0.282634 1.614899 0.019769
v 0.469669 1.564345 0.218187
v 0.308840 1.586164 -0.006854
v 0.377065 1.571144 -0.050503
v 0.303114 1.643988 -0.173032
v 0.328516 1.620419 -0.129742
v 0.486856 1.657567 0.019693
v 0.392697 1.652827 0.069565
v 0.499216 1.585878 -0.017703
v 0.338432 1.524500 0.043274
v 0.324085 1.596689 0.081945
v 0.416850 1.514393 -0.004393
v 0.405905 1.553325 0.172900
v 0.434823 1.612082 0.140704
v 0.515620 1.583243 0.131592
v 0.410279 1.499475 0.146097
v 0.520005 1.527754 0.104577
v 0.454315 1.490792 0.076671
v 0.434157 1.638700 -0.052346
v 0.468497 1.678723 -0.114766
v 0.434831 1.517087 0.207499
v 0.504982 1.471244 0.183143
v 0.470436 1.485586 0.231513
v 0.506610 1.587721 0.247385
v 0.511499 1.532658 0.239574
v 0.421306 1.567788 0.224250
v 0.434631 1.536376 0.339584
v 0.406040 1.588539 0.183115
v 0.520375 1.555501 0.370926
v 0.503510 1.623488 0.182582
v 0.584593 1.500634 0.349176
v 0.579370 1.558467 0.156769
v 0.566038 1.431683 0.297004
v 0.555067 1.460805 0.132406
v 0.477099 1.406667 0.273029
v 0.459015 1.427100 0.134432
v 0.413606 1.460861 0.294639
v 0.383324 1.491976 0.160187
v 0.569608 1.533578 0.225913
v 0.549902 1.457801 0.180551
v 0.469862 1.423903 0.207825
v 0.406612 1.478205 0.229369
v 0.554196 1.646120 0.068262
v 0.549005 1.514195 0.147589
v 0.461575 1.589133 0.177339
v 0.447948 1.521126 0.360966
v 0.520291 1.535071 0.392227
v 0.572855 1.489811 0.374216
v 0.555022 1.429487 0.324593
v 0.482997 1.413003 0.301195
v 0.429530 1.458760 0.319321
v 0.491279 1.465854 0.535522
v 0.529787 1.470884 0.528945
v 0.563716 1.438677 0.514572
v 0.540949 1.387548 0.498261
v 0.507918 1.394714 0.504090
v 0.478398 1.431506 0.521839
v 0.361931 1.736991 -0.021854
v 0.341806 1.746706 -0.065214
v -0.352506 1.634466 0.804361
v -0.405321 1.677669 0.793231
v -0.470365 1.655007 0.799192
v -0.482594 1.589142 0.816282
v -0.429779 1.545939 0.827412
v -0.364735 1.568601 0.821451
v -0.334230 1.663577 0.890588
v -0.401791 1.718843 0.876351
v -0.484995 1.689853 0.883976
v -0.500638 1.605599 0.905838
v -0.433077 1.550334 0.920074
v -0.349873 1.579323 0.912449
v -0.334206 1.668306 0.908829
v -0.401767 1.723571 0.894593
v -0.484971 1.694582 0.902218
v -0.500614 1.610328 0.924079
v -0.433053 1.555063 0.938316
v -0.349849 1.584052 0.930691
v -0.417410 1.639317 0.916455
v -0.356842 1.686853 0.904025
v -0.379093 1.705054 0.899336
v -0.386994 1.662757 0.910378
v -0.398621 1.672268 0.907928
v -0.429677 1.713870 0.897118
v -0.457080 1.704323 0.899629
v -0.423172 1.676547 0.906851
v -0.437491 1.671558 0.908163
v -0.490245 1.666328 0.909522
v -0.495396 1.638579 0.916723
v -0.453588 1.653117 0.912965
v -0.456280 1.638617 0.916727
v -0.477977 1.591769 0.928834
v -0.455726 1.573567 0.933523
v -0.447825 1.615897 0.922606
v -0.436198 1.606386 0.925056
v -0.405142 1.564751 0.935742
v -0.377739 1.574299 0.933230
v -0.411647 1.602107 0.926133
v -0.397328 1.607096 0.924820
v -0.344575 1.612293 0.923337
v -0.339423 1.640042 0.916137
v -0.381231 1.625537 0.920019
v -0.378539 1.640037 0.916256
v -0.385885 1.718030 1.072406
v -0.395957 1.699476 1.048175
v -0.433633 1.726352 1.070312
v -0.428398 1.705130 1.046752
v -0.464938 1.690487 1.079651
v -0.449668 1.680762 1.053097
v -0.448496 1.646301 1.091084
v -0.438497 1.650740 1.060865
v -0.400748 1.637979 1.093178
v -0.406055 1.645086 1.062288
v -0.369443 1.673844 1.083839
v -0.384785 1.669454 1.055943
v 0.456675 1.460024 0.612620
v 0.516556 1.443399 0.595704
v 0.492601 1.393848 0.580972
v 0.553436 1.364100 0.557021
v 0.488647 1.449461 0.606854
v 0.534062 1.340490 0.549960
v 0.434639 1.423153 0.592179
v 0.465472 1.435374 0.646661
v 0.448889 1.430903 0.640955
v 0.434869 1.458673 0.641189
v 0.455021 1.457209 0.660565
v 0.500062 1.424515 0.659213
v 0.531056 1.436799 0.659797
v 0.555269 1.407359 0.640759
v 0.573494 1.364094 0.616990
v 0.574469 1.326919 0.599861
v 0.538870 1.319572 0.603016
v 0.506915 1.388700 0.641166
v 0.527976 1.338652 0.613535
v 0.459584 1.420823 0.484241
v 0.501984 1.381690 0.468805
v 0.563027 1.394721 0.468588
v 0.575793 1.455292 0.488877
v 0.530641 1.493797 0.504138
v 0.474197 1.477049 0.502759
v 0.572023 1.322636 0.612001
v 0.542768 1.316651 0.614240
v 0.564997 1.347118 0.625342
v 0.535670 1.329814 0.622833
v 0.547089 1.388998 0.647264
v 0.558468 1.361640 0.632053
v 0.525073 1.354629 0.635981
v 0.518446 1.371322 0.644913
v 0.505972 1.412530 0.667437
v 0.531669 1.427461 0.668633
v 0.542071 1.404897 0.656565
v 0.507650 1.396234 0.659476
v 0.575758 1.305587 0.644956
v 0.552823 1.301147 0.649617
v 0.568276 1.329912 0.657910
v 0.545539 1.314976 0.657860
v 0.549199 1.370237 0.681228
v 0.559312 1.342265 0.665594
v 0.532102 1.339186 0.669914
v 0.526363 1.355730 0.679142
v 0.516842 1.397401 0.702417
v 0.537044 1.410374 0.702930
v 0.545995 1.387195 0.689990
v 0.518295 1.381498 0.694794
v 0.575770 1.283074 0.691640
v 0.554171 1.285166 0.685464
v 0.568651 1.307126 0.705578
v 0.547933 1.299696 0.693100
v 0.549255 1.344400 0.727213
v 0.559531 1.316484 0.711519
v 0.532914 1.320552 0.703641
v 0.527169 1.336955 0.712976
v 0.518330 1.376047 0.736940
v 0.538525 1.382428 0.748632
v 0.548222 1.359674 0.735555
v 0.519746 1.361391 0.727254
v 0.550602 1.265122 0.759241
v 0.526485 1.290836 0.772869
v 0.523242 1.324606 0.791312
v 0.422607 1.421462 0.676146
v 0.411676 1.420118 0.661057
v 0.405050 1.449275 0.662705
v 0.423185 1.446562 0.684296
v 0.372952 1.427386 0.705693
v 0.174375 1.486346 0.124757
v -0.074575 1.472710 0.187326
v -0.053896 1.579357 -0.182280
v -0.052643 1.494792 0.164135
v 0.053034 1.503950 0.152474
v 0.152812 1.506675 0.112691
v -0.111515 1.041597 -0.107314
v -0.204561 0.725762 0.078337
v -0.283893 1.055162 -0.149274
v -0.221983 1.048135 -0.140889
v -0.346108 0.740622 0.046957
v -0.299214 0.734811 0.053567
v -0.378584 0.743277 0.126740
v -0.358866 0.799378 0.189117
v -0.311972 0.793568 0.195727
v -0.309497 1.164621 0.114544
v -0.246717 1.149917 0.108543
v -0.282153 1.240458 0.040083
v -0.262039 1.238778 0.042486
v -0.263327 1.239810 -0.068030
v -0.210191 1.234151 -0.061032
v -0.264048 1.163058 -0.146465
v -0.208736 1.157060 -0.139122
v -0.185786 0.719133 0.154021
v -0.215410 0.775729 0.199231
v -0.183497 1.135096 0.095497
v -0.142506 1.187786 0.044245
v -0.131378 1.187714 -0.034766
v -0.130320 1.131663 -0.091543
v -0.078732 1.083498 0.013033
v -0.216454 0.528434 0.141382
v -0.376437 0.587119 0.058855
v -0.340294 0.540342 0.225388
v -0.406562 0.564650 0.191204
v -0.261550 0.525340 0.204751
v -0.297691 0.572118 0.038218
v -0.218890 0.444864 0.114072
v -0.424249 0.464057 0.026724
v -0.381456 0.467939 0.200053
v -0.451099 0.486522 0.166855
v -0.279139 0.440194 0.193013
v -0.317432 0.445237 -0.037298
v -0.363873 0.118510 0.030694
v -0.463241 0.150586 -0.029341
v -0.452935 0.166995 0.083320
v -0.501119 0.123714 0.026856
v -0.398011 0.158653 0.096478
v -0.401042 0.140777 -0.045730
v -0.355042 -0.010113 0.020901
v -0.477602 0.001059 -0.050076
v -0.445922 -0.002043 0.157973
v -0.502681 -0.004651 0.000011
v -0.394500 -0.002988 -0.063617
v -0.471645 0.192270 -0.017098
v -0.515821 0.190674 0.073046
v -0.378410 0.175133 -0.055621
v -0.333048 0.165574 0.041394
v -0.451584 0.168319 0.122231
v -0.370897 0.152041 0.116032
v -0.358405 0.069417 0.198512
v -0.478358 0.111663 0.185416
v -0.523391 0.053057 0.167962
v -0.409246 0.106309 0.190898
v -0.356633 -0.005678 0.198075
v -0.524890 0.002108 0.180730
v -0.359461 0.025449 0.367548
v -0.504872 0.036691 0.372562
v -0.557568 0.014134 0.283479
v -0.440129 0.037609 0.385121
v -0.357411 -0.007450 0.364857
v -0.505297 -0.000772 0.371780
v -0.558335 0.002753 0.283206
v -0.439296 -0.003921 0.384366
v -0.317795 0.614704 0.237205
v -0.246922 0.601203 0.218631
v -0.231424 0.547809 0.072402
v -0.206333 0.603986 0.161597
v -0.219808 0.621425 0.099512
v -0.279451 0.643304 0.068745
v -0.421532 0.584026 0.122224
v -0.350325 0.656806 0.087320
v -0.390912 0.654022 0.144354
v -0.377438 0.636582 0.206438
v -0.354021 0.680707 0.257018
v -0.186287 0.651828 0.194782
v -0.378907 0.636756 0.213339
v -0.211172 0.607876 0.151103
v -0.398784 0.657248 0.152978
v -0.231049 0.628368 0.090742
v -0.393775 0.721692 0.136296
v -0.226040 0.692812 0.074060
v -0.368889 0.765644 0.179975
v -0.201155 0.736764 0.117739
v -0.349012 0.745151 0.240336
v -0.181278 0.716272 0.178100
v -0.301874 0.671729 0.237669
v -0.239362 0.660966 0.214475
v -0.264248 0.617014 0.170796
v -0.326761 0.627778 0.193991
v -0.234354 0.725410 0.197793
v -0.296865 0.736173 0.220987
v -0.314158 0.653043 0.324769
v -0.178635 0.629709 0.274485
v -0.256592 0.536860 0.227163
v -0.319098 0.547621 0.250356
v -0.195663 0.757779 0.282185
v -0.258169 0.768541 0.305377
v -0.246613 0.438772 0.012735
v -0.337540 0.167196 -0.020053
v -0.468821 0.490342 0.095876
v -0.512682 0.198312 0.024732
v 0.141581 1.033054 -0.146596
v 0.289269 0.713168 -0.009715
v 0.308891 1.084063 -0.178953
v 0.249296 1.064752 -0.174271
v 0.425976 0.758175 -0.032665
v 0.380888 0.743021 -0.028937
v 0.456587 0.753597 0.047765
v 0.426239 0.794306 0.117398
v 0.381150 0.779151 0.121126
v 0.311196 1.151868 0.099676
v 0.252306 1.127297 0.088915
v 0.271124 1.232646 0.037126
v 0.251685 1.227020 0.038424
v 0.253850 1.246246 -0.070391
v 0.202640 1.230067 -0.066510
v 0.269494 1.184700 -0.159894
v 0.216204 1.167745 -0.155814
v 0.271260 0.691026 0.063154
v 0.289492 0.743894 0.117901
v 0.193032 1.103665 0.071171
v 0.143571 1.155752 0.027310
v 0.133458 1.166553 -0.051097
v 0.143320 1.121240 -0.116028
v 0.100410 1.048190 -0.022541
v 0.308852 0.522212 0.085311
v 0.354020 0.598688 -0.081903
v 0.453480 0.527031 0.045378
v 0.472189 0.558709 -0.023885
v 0.385824 0.511913 0.090608
v 0.286363 0.583571 -0.036672
v 0.282667 0.443602 0.055806
v 0.350088 0.483593 -0.154017
v 0.454669 0.460777 -0.011078
v 0.475822 0.486791 -0.083004
v 0.381108 0.430134 0.059193
v 0.231041 0.469773 -0.115288
v 0.262841 0.141451 -0.165566
v 0.318726 0.181626 -0.261885
v 0.378922 0.182891 -0.163594
v 0.380978 0.147427 -0.241116
v 0.340987 0.171766 -0.120957
v 0.257433 0.173118 -0.238825
v 0.240481 0.014737 -0.185479
v 0.312140 0.035336 -0.302863
v 0.378237 0.005936 -0.096926
v 0.362529 0.022759 -0.270157
v 0.233071 0.032704 -0.272193
v 0.324566 0.223105 -0.251635
v 0.426316 0.208674 -0.206918
v 0.233872 0.207779 -0.208997
v 0.256384 0.185199 -0.125515
v 0.415296 0.179262 -0.151158
v 0.354551 0.160520 -0.094372
v 0.317295 0.076353 -0.021426
v 0.427197 0.116245 -0.081724
v 0.458515 0.058653 -0.120416
v 0.366391 0.111560 -0.046949
v 0.312237 0.002066 -0.023697
v 0.459778 0.005814 -0.106213
v 0.384959 0.030477 0.131823
v 0.520264 0.037022 0.077553
v 0.531537 0.014508 -0.025342
v 0.466223 0.039745 0.115267
v 0.380792 -0.002284 0.130043
v 0.518965 -0.000415 0.076493
v 0.531712 0.003117 -0.025956
v 0.463636 -0.001716 0.114723
v 0.447838 0.596876 0.082883
v 0.386945 0.583269 0.123592
v 0.267654 0.551893 0.032591
v 0.317667 0.592538 0.118825
v 0.280587 0.619253 0.071374
v 0.297425 0.647764 0.009035
v 0.430991 0.588390 -0.076605
v 0.358319 0.661370 -0.031674
v 0.427597 0.652101 -0.026907
v 0.464676 0.625387 0.020544
v 0.491749 0.660787 0.075929
v 0.333993 0.634250 0.161080
v 0.470884 0.624628 0.023814
v 0.313128 0.598091 0.108965
v 0.439494 0.654377 -0.027059
v 0.281737 0.627841 0.058092
v 0.428968 0.720287 -0.025816
v 0.271211 0.693750 0.059335
v 0.449833 0.756447 0.026299
v 0.292077 0.729910 0.111450
v 0.481224 0.726697 0.077172
v 0.323467 0.700160 0.162323
v 0.442704 0.652537 0.102402
v 0.383911 0.642647 0.134136
v 0.363046 0.606488 0.082020
v 0.421840 0.616378 0.050286
v 0.373386 0.708557 0.135379
v 0.432178 0.718447 0.103645
v 0.515291 0.622060 0.145863
v 0.387829 0.600618 0.214661
v 0.394282 0.518822 0.113640
v 0.453071 0.528711 0.081908
v 0.415355 0.726848 0.222389
v 0.474143 0.736737 0.190657
v 0.222946 0.453275 -0.030302
v 0.223688 0.194879 -0.177327
v 0.433575 0.501491 -0.141020
v 0.384927 0.218031 -0.264085
v -0.000165 0.955722 0.045079
v -0.000165 0.947217 -0.059409
v 0.051732 1.580302 0.156139
v 0.121013 1.789331 0.007403
v -0.089416 1.798426 -0.090616
v -0.024750 1.788434 0.122399
v 0.079989 1.782784 -0.123392
v 0.080543 1.784515 0.108412
v -0.005916 1.789699 -0.145875
v 0.125833 1.787814 0.053921
v 0.114955 1.790366 -0.041225
v -0.106965 1.792911 0.007761
v -0.123955 1.736192 0.062697
v 0.141043 1.743322 -0.007866
v 0.109019 1.788739 0.081055
v 0.128340 1.716275 0.077461
v -0.070958 1.706840 0.121254
v -0.062461 1.793651 0.101607
v -0.086096 1.792783 0.085372
v -0.044535 1.794657 -0.120431
v -0.000096 1.696455 -0.157801
v 0.034833 1.785391 -0.134854
v -0.080826 1.794891 0.121192
v -0.089092 1.792235 0.108299
v 0.131657 1.787616 0.074818
v 0.125590 1.788344 0.094855
v -0.112352 1.793844 0.043138
v -0.120218 1.794436 0.016490
v 0.128121 1.788772 0.002708
v 0.122696 1.790428 -0.033160
v -0.107761 1.795864 -0.139232
v -0.075592 1.794237 -0.158345
v -0.011909 1.790401 -0.170326
v 0.030277 1.785302 -0.164144
v -0.055807 1.797676 0.117564
v -0.056332 1.828868 -0.079156
v -0.022444 1.826698 -0.097516
v 0.096710 1.829937 0.042546
v 0.095271 1.830338 0.008817
v 0.101718 1.795145 0.100099
v -0.089105 1.834255 -0.006733
v -0.085232 1.833887 0.023804
v 0.012706 1.824803 -0.110932
v 0.048260 1.826339 -0.084222
v 0.096164 1.826925 -0.028056
v 0.071340 1.826633 -0.077043
v -0.077770 1.835273 0.059037
v -0.086986 1.836185 0.096526
v -0.083781 1.838379 0.114402
v 0.117895 1.832198 0.099089
v 0.128527 1.829211 0.075517
v -0.111301 1.833232 0.006284
v -0.106520 1.833283 0.033531
v 0.118890 1.829104 0.008981
v 0.116696 1.828266 -0.024893
v -0.094772 1.827601 -0.150323
v -0.064590 1.827267 -0.162906
v 0.007569 1.822881 -0.161861
v 0.043318 1.822064 -0.150728
v -0.083490 1.873333 0.107114
v -0.062533 1.860294 -0.095194
v -0.020180 1.858429 -0.112206
v 0.118879 1.867223 0.054689
v 0.108641 1.865587 0.010993
v 0.106375 1.868827 0.080916
v -0.033048 1.859717 0.129347
v -0.100652 1.867315 -0.006141
v -0.097022 1.868610 0.025064
v 0.013730 1.856572 -0.128258
v 0.046592 1.860721 -0.090262
v 0.109502 1.863792 -0.018457
v 0.073276 1.861162 -0.079755
v -0.088768 1.871462 0.078552
v -0.087247 1.857477 -0.155200
v -0.059588 1.857390 -0.165398
v -0.091658 1.912359 0.087547
v -0.010002 1.915046 0.112174
v -0.064699 1.897469 -0.106069
v -0.029686 1.894855 -0.131262
v 0.031302 1.913341 0.112150
v -0.103178 1.905017 -0.019603
v 0.014117 1.890050 -0.139718
v -0.095651 1.911231 0.072815
v -0.077243 1.894342 -0.145458
v -0.048492 1.893081 -0.155434
v -0.092978 1.956586 0.077724
v -0.007348 1.957733 0.108922
v -0.059957 1.940161 -0.104033
v -0.027214 1.937675 -0.128169
v 0.024386 1.956852 0.109239
v -0.105470 1.947136 -0.030655
v 0.014507 1.936687 -0.136208
v -0.101751 1.955050 0.058462
v -0.062351 2.013978 0.060862
v -0.008721 2.015295 0.082549
v -0.051282 1.999980 -0.095373
v 0.019619 2.015039 0.083223
v -0.082714 2.005603 -0.036156
v 0.014688 1.997392 -0.117268
v -0.080468 2.011822 0.034158
v -0.027783 2.040280 -0.005669
v -0.002272 2.041581 0.012279
v -0.013118 2.034930 -0.064291
v 0.017236 2.041404 0.012743
v -0.029064 2.037462 -0.037748
v 0.014199 2.033561 -0.076459
v 0.083499 1.819184 0.124336
v -0.035067 1.823610 0.133964
v 0.073931 1.854017 0.124120
v -0.049274 1.914547 0.109119
v -0.052719 1.958328 0.101051
v 0.118372 1.905553 0.057026
v 0.102677 1.906659 0.069272
v 0.121438 1.900495 -0.022683
v 0.090721 1.895150 -0.102713
v 0.118064 1.951291 0.050195
v 0.097530 1.953264 0.078402
v 0.122655 1.945320 -0.026039
v 0.087207 1.939150 -0.100588
v 0.103897 2.009193 0.038629
v 0.084241 2.011691 0.064434
v 0.109073 2.002961 -0.031518
v 0.074079 1.998019 -0.092329
v 0.053086 2.038462 -0.003649
v 0.055214 2.035612 -0.035647
v 0.040646 2.033371 -0.062919
v 0.078475 1.908232 0.107348
v 0.065970 1.955867 0.100571
v -0.333484 0.997064 0.025873
v -0.307920 0.983495 -0.064976
v -0.325659 1.046388 0.104741
v 0.349093 1.041324 0.071998
v 0.345443 1.003677 -0.105737
v 0.367708 1.005231 -0.012684
v -0.329530 1.160030 0.089559
v -0.306561 1.223733 0.027012
v -0.290747 1.223188 -0.063803
v -0.291352 1.158717 -0.129688
v -0.308022 1.068084 -0.132048
v 0.332028 1.154994 0.075125
v 0.298368 1.222848 0.022583
v 0.283858 1.234271 -0.067732
v 0.296999 1.182573 -0.142914
v 0.330092 1.098038 -0.158923
v -0.342828 1.060661 0.081373
v -0.327936 1.007833 -0.061191
v -0.341404 1.008121 0.020513
v 0.363597 1.062028 0.051904
v 0.360539 1.030408 -0.097394
v 0.373441 1.018447 -0.015951
v -0.344552 1.619725 0.034610
v -0.343027 1.560736 0.034630
v -0.252772 1.553429 -0.049086
v -0.329820 1.516102 0.067451
v -0.329820 1.516102 0.067451
v -0.292529 1.500100 0.031297
v -0.292529 1.500100 0.031297
v -0.307161 1.505303 0.121937
v -0.264025 1.485831 0.103880
v -0.284487 1.532310 0.172410
v -0.269596 1.583146 0.203106
v -0.267919 1.640824 0.201716
v -0.281669 1.685563 0.170344
v -0.306891 1.697921 0.117355
v -0.306891 1.697921 0.117355
v -0.263989 1.717233 0.091974
v -0.330380 1.671570 0.066327
v -0.250956 1.546468 -0.073899
v -0.224615 1.633434 -0.087337
v -0.298971 1.482952 0.019179
v -0.209940 1.718022 0.164966
v -0.209940 1.718022 0.164966
v -0.246775 1.734132 0.091893
v -0.246775 1.734132 0.091893
v -0.233132 1.702543 -0.021703
v -0.313969 1.430751 0.018611
v -0.313969 1.430751 0.018611
v -0.154368 1.443033 -0.124573
v -0.293107 1.420429 0.083706
v -0.212702 1.408943 0.147948
v -0.212702 1.408943 0.147948
v -0.074575 1.472710 0.187326
v 0.018735 1.658945 0.166467
v 0.018735 1.658945 0.166467
v 0.021401 1.580406 0.180863
v 0.021401 1.580406 0.180863
v 0.141043 1.743322 -0.007866
v 0.141043 1.743322 -0.007866
v 0.121013 1.789331 0.007403
v -0.062461 1.793651 0.101607
v -0.062461 1.793651 0.101607
v -0.062461 1.793651 0.101607
v -0.024750 1.788434 0.122399
v -0.126789 1.717382 -0.070607
v -0.126789 1.717382 -0.070607
v -0.126789 1.717382 -0.070607
v -0.136794 1.740603 0.033070
v -0.136794 1.740603 0.033070
v -0.099240 1.697434 -0.114194
v -0.099240 1.697434 -0.114194
v 0.019512 1.578696 0.164617
v 0.019512 1.578696 0.164617
v -0.001844 1.663454 0.135067
v -0.001844 1.663454 0.135067
v -0.172117 1.407110 0.148035
v -0.172117 1.407110 0.148035
v -0.172117 1.407110 0.148035
v 0.128340 1.716275 0.077461
v 0.128340 1.716275 0.077461
v 0.128340 1.716275 0.077461
v 0.150126 1.738817 0.052447
v 0.150126 1.738817 0.052447
v 0.150126 1.738817 0.052447
v -0.260507 1.421190 0.054520
v -0.052643 1.494792 0.164135
v -0.049757 1.457965 -0.159371
v -0.094772 1.827601 -0.150323
v -0.107761 1.795864 -0.139232
v 0.084190 1.583090 0.149226
v 0.069664 1.668636 0.120012
v 0.069664 1.668636 0.120012
v -0.137418 1.437985 -0.104929
v -0.272872 1.427465 0.005760
v -0.272872 1.427465 0.005760
v 0.059611 1.441711 -0.181905
v -0.044307 1.454334 -0.143318
v -0.284749 1.356103 -0.021893
v -0.284749 1.356103 -0.021893
v -0.284749 1.356103 -0.021893
v -0.169003 1.346428 0.123296
v -0.138622 1.289100 0.099969
v -0.138622 1.289100 0.099969
v 0.313759 1.632074 -0.167187
v 0.317765 1.572953 -0.158292
v 0.197500 1.558099 -0.171657
v 0.165231 1.629961 -0.178523
v 0.328167 1.531011 -0.118415
v 0.328167 1.531011 -0.118415
v 0.278187 1.511521 -0.124530
v 0.278187 1.511521 -0.124530
v 0.340063 1.524863 -0.059598
v 0.294548 1.503003 -0.044877
v 0.348200 1.556987 -0.008459
v 0.350873 1.612227 0.017910
v 0.345710 1.671306 0.009572
v 0.336624 1.713503 -0.029067
v 0.325695 1.719885 -0.087735
v 0.325695 1.719885 -0.087735
v 0.274492 1.737740 -0.085994
v 0.316730 1.687354 -0.139676
v 0.180759 1.549012 -0.194329
v 0.146040 1.633806 -0.198456
v 0.278436 1.494716 -0.135910
v 0.274187 1.746900 0.009776
v 0.274187 1.746900 0.009776
v 0.259241 1.755442 -0.079557
v 0.259241 1.755442 -0.079557
v 0.184362 1.709787 -0.159203
v 0.278689 1.437668 -0.137082
v 0.278689 1.437668 -0.137082
v 0.294041 1.430354 -0.069627
v 0.254701 1.417890 0.031815
v 0.254701 1.417890 0.031815
v 0.174375 1.486346 0.124757
v 0.174375 1.486346 0.124757
v 0.068034 1.665663 0.156691
v 0.068034 1.665663 0.156691
v 0.082409 1.589056 0.168415
v -0.000096 1.696455 -0.157801
v 0.034833 1.785391 -0.134854
v 0.034833 1.785391 -0.134854
v 0.070857 1.715138 -0.134111
v 0.130034 1.749045 -0.050418
v 0.228217 1.415576 0.051559
v 0.228217 1.415576 0.051559
v 0.228217 1.415576 0.051559
v 0.250773 1.428716 -0.071337
v 0.152812 1.506675 0.112691
v 0.152812 1.506675 0.112691
v -0.129846 1.236142 -0.192145
v -0.007498 1.236747 -0.196598
v 0.252185 1.227066 -0.002086
v 0.182332 1.231957 0.110287
v 0.182332 1.231957 0.110287
v 0.113400 1.236474 -0.202358
v 0.246477 1.220640 -0.123236
v 0.246477 1.220640 -0.123236
v 0.246477 1.220640 -0.123236
v 0.153775 1.293788 0.059195
v 0.153775 1.293788 0.059195
v 0.200864 1.355213 0.044259
v -0.226771 1.286824 -0.061729
v -0.226771 1.286824 -0.061729
v -0.226771 1.286824 -0.061729
v 0.246013 1.364617 -0.131559
v 0.246013 1.364617 -0.131559
v 0.246013 1.364617 -0.131559
v 0.199577 1.291224 -0.105767
v 0.199577 1.291224 -0.105767
v 0.199577 1.291224 -0.105767
v 0.081797 1.288000 -0.173404
v -0.020021 1.285896 -0.169003
v 0.205712 1.293596 -0.054413
v 0.058352 1.437415 -0.155667
v 0.238201 1.433190 -0.119454
v 0.238201 1.433190 -0.119454
v -0.122770 1.286720 -0.154680
v -0.220019 1.287050 0.004795
v -0.255040 1.218367 -0.102542
v -0.255040 1.218367 -0.102542
v -0.255040 1.218367 -0.102542
v -0.249752 1.224322 0.021906
v -0.168003 1.230134 0.128387
v -0.168003 1.230134 0.128387
v 0.050631 0.955722 0.045079
v 0.039648 1.006012 0.118628
v 0.039648 1.006012 0.118628
v 0.051230 0.947217 -0.059409
v 0.051230 0.947217 -0.059409
v -0.000163 1.005332 0.121525
v -0.051561 0.947217 -0.059409
v -0.051561 0.947217 -0.059409
v -0.050961 0.955722 0.045079
v -0.039979 1.006012 0.118628
v -0.039979 1.006012 0.118628
v -0.324949 1.537857 0.377654
v -0.324949 1.537857 0.377654
v -0.324949 1.537857 0.377654
v -0.261008 1.572210 0.271652
v -0.377737 1.497787 0.212222
v -0.343124 1.546926 0.154948
v -0.305215 1.711051 0.168404
v -0.294195 1.677750 0.216034
v -0.294195 1.677750 0.216034
v -0.313185 1.647446 0.242838
v -0.293810 1.716385 0.121277
v 0.445969 1.676769 -0.042494
v 0.402301 1.697184 -0.135585
v -0.260387 1.693681 0.077887
v -0.260387 1.693681 0.077887
v -0.263799 1.670216 0.039047
v 0.303114 1.643988 -0.173032
v 0.303114 1.643988 -0.173032
v 0.303114 1.643988 -0.173032
v 0.239681 1.635943 -0.073472
v -0.289601 1.605065 0.015150
v -0.289601 1.605065 0.015150
v -0.289601 1.605065 0.015150
v -0.207746 1.594308 0.099913
v -0.231973 1.582649 0.201199
v -0.290586 1.500469 0.241804
v -0.461683 1.532868 0.422397
v -0.439340 1.579718 0.359574
v -0.439340 1.579718 0.359574
v -0.439340 1.579718 0.359574
v -0.456222 1.514068 0.344866
v -0.456222 1.514068 0.344866
v -0.456222 1.514068 0.344866
v -0.445625 1.474693 0.433047
v -0.372595 1.671016 0.068373
v -0.307582 1.586591 0.064244
v -0.324325 1.635740 0.269955
v -0.354785 1.602700 0.350465
v -0.354785 1.602700 0.350465
v -0.397482 1.660058 0.169617
v -0.426070 1.648569 0.240032
v -0.426070 1.648569 0.240032
v -0.426070 1.648569 0.240032
v -0.341661 1.482689 0.359148
v -0.341661 1.482689 0.359148
v -0.341661 1.482689 0.359148
v -0.399813 1.477269 0.303117
v -0.399813 1.477269 0.303117
v -0.453769 1.575404 0.211365
v -0.453769 1.575404 0.211365
v -0.392019 1.620468 0.160197
v -0.392019 1.620468 0.160197
v -0.434444 1.661294 0.103535
v -0.434444 1.661294 0.103535
v -0.359536 1.495881 0.427792
v -0.374702 1.553398 0.418175
v -0.401100 1.493772 0.466960
v -0.401100 1.493772 0.466960
v -0.421036 1.551771 0.453036
v -0.421036 1.551771 0.453036
v -0.497459 1.561826 0.346789
v -0.497459 1.561826 0.346789
v -0.497459 1.561826 0.346789
v -0.483730 1.567822 0.419348
v -0.513504 1.462576 0.371567
v -0.513504 1.462576 0.371567
v -0.500160 1.478981 0.415314
v -0.400375 1.595651 0.337892
v -0.400375 1.595651 0.337892
v -0.400375 1.595651 0.337892
v -0.322782 1.529025 0.354089
v -0.322782 1.529025 0.354089
v -0.336081 1.536148 0.400278
v -0.402876 1.595992 0.411938
v -0.401024 1.642486 0.558123
v -0.461482 1.584471 0.227026
v -0.461482 1.584471 0.227026
v -0.461482 1.584471 0.227026
v -0.490117 1.611445 0.566288
v -0.328958 1.573834 0.537161
v -0.506684 1.511913 0.553449
v -0.339625 1.431915 0.379621
v -0.339625 1.431915 0.379621
v -0.352033 1.459930 0.447237
v -0.436494 1.398165 0.388498
v -0.436494 1.398165 0.388498
v -0.433246 1.431634 0.454680
v -0.434436 1.446334 0.541083
v -0.346165 1.477088 0.532994
v -0.486600 1.509988 0.359485
v -0.486600 1.509988 0.359485
v -0.374708 1.548972 0.349231
v -0.374708 1.548972 0.349231
v -0.357437 1.493708 0.557873
v -0.431968 1.467740 0.564704
v -0.477818 1.608793 0.595863
v -0.404064 1.634489 0.589104
v -0.492263 1.524469 0.579288
v -0.343618 1.576258 0.565665
v -0.364900 1.550558 0.751795
v -0.429824 1.527938 0.757744
v -0.482617 1.571012 0.746649
v -0.470575 1.636972 0.729544
v -0.405336 1.659702 0.723565
v -0.352603 1.616310 0.734734
v -0.249476 1.685125 0.179088
v -0.237925 1.690404 0.131927
v 0.405905 1.553325 0.172900
v 0.405905 1.553325 0.172900
v 0.405905 1.553325 0.172900
v 0.324085 1.596689 0.081945
v 0.416850 1.514393 -0.004393
v 0.377065 1.571144 -0.050503
v 0.361931 1.736991 -0.021854
v 0.357134 1.701809 0.025455
v 0.357134 1.701809 0.025455
v 0.377583 1.667931 0.046229
v 0.341806 1.746706 -0.065214
v 0.297807 1.730620 -0.101555
v 0.297807 1.730620 -0.101555
v 0.290456 1.709658 -0.141271
v 0.282634 1.614899 0.019769
v 0.338432 1.524500 0.043274
v 0.540040 1.519880 0.193704
v 0.515620 1.583243 0.131592
v 0.515620 1.583243 0.131592
v 0.515620 1.583243 0.131592
v 0.520005 1.527754 0.104577
v 0.520005 1.527754 0.104577
v 0.520005 1.527754 0.104577
v 0.504982 1.471244 0.183143
v 0.328516 1.620419 -0.129742
v 0.392697 1.652827 0.069565
v 0.434823 1.612082 0.140704
v 0.434823 1.612082 0.140704
v 0.486856 1.657567 0.019693
v 0.486856 1.657567 0.019693
v 0.486856 1.657567 0.019693
v 0.410279 1.499475 0.146097
v 0.410279 1.499475 0.146097
v 0.410279 1.499475 0.146097
v 0.454315 1.490792 0.076671
v 0.454315 1.490792 0.076671
v 0.499216 1.585878 -0.017703
v 0.499216 1.585878 -0.017703
v 0.434157 1.638700 -0.052346
v 0.434157 1.638700 -0.052346
v 0.468497 1.678723 -0.114766
v 0.468497 1.678723 -0.114766
v 0.434831 1.517087 0.207499
v 0.469669 1.564345 0.218187
v 0.470436 1.485586 0.231513
v 0.470436 1.485586 0.231513
v 0.511499 1.532658 0.239574
v 0.511499 1.532658 0.239574
v 0.579370 1.558467 0.156769
v 0.579370 1.558467 0.156769
v 0.579370 1.558467 0.156769
v 0.569608 1.533578 0.225913
v 0.555067 1.460805 0.132406
v 0.555067 1.460805 0.132406
v 0.549902 1.457801 0.180551
v 0.503510 1.623488 0.182582
v 0.503510 1.623488 0.182582
v 0.503510 1.623488 0.182582
v 0.406040 1.588539 0.183115
v 0.406040 1.588539 0.183115
v 0.421306 1.567788 0.224250
v 0.506610 1.587721 0.247385
v 0.520375 1.555501 0.370926
v 0.554196 1.646120 0.068262
v 0.554196 1.646120 0.068262
v 0.554196 1.646120 0.068262
v 0.584593 1.500634 0.349176
v 0.434631 1.536376 0.339584
v 0.566038 1.431683 0.297004
v 0.383324 1.491976 0.160187
v 0.383324 1.491976 0.160187
v 0.406612 1.478205 0.229369
v 0.459015 1.427100 0.134432
v 0.459015 1.427100 0.134432
v 0.469862 1.423903 0.207825
v 0.477099 1.406667 0.273029
v 0.413606 1.460861 0.294639
v 0.549005 1.514195 0.147589
v 0.549005 1.514195 0.147589
v 0.461575 1.589133 0.177339
v 0.461575 1.589133 0.177339
v 0.429530 1.458760 0.319321
v 0.482997 1.413003 0.301195
v 0.572855 1.489811 0.374216
v 0.520291 1.535071 0.392227
v 0.555022 1.429487 0.324593
v 0.447948 1.521126 0.360966
v 0.478398 1.431506 0.521839
v 0.478398 1.431506 0.521839
v 0.478398 1.431506 0.521839
v 0.491279 1.465854 0.535522
v 0.491279 1.465854 0.535522
v 0.459584 1.420823 0.484241
v 0.501984 1.381690 0.468805
v 0.563027 1.394721 0.468588
v 0.540949 1.387548 0.498261
v 0.575793 1.455292 0.488877
v 0.530641 1.493797 0.504138
v 0.529787 1.470884 0.528945
v 0.474197 1.477049 0.502759
v 0.306951 1.716293 -0.000833
v 0.286670 1.725971 -0.044197
v -0.352506 1.634466 0.804361
v -0.364735 1.568601 0.821451
v -0.429779 1.545939 0.827412
v -0.482594 1.589142 0.816282
v -0.470365 1.655007 0.799192
v -0.405321 1.677669 0.793231
v -0.349873 1.579323 0.912449
v -0.433077 1.550334 0.920074
v -0.500638 1.605599 0.905838
v -0.484995 1.689853 0.883976
v -0.401791 1.718843 0.876351
v -0.334230 1.663577 0.890588
v -0.379093 1.705054 0.899336
v -0.379093 1.705054 0.899336
v -0.401767 1.723571 0.894593
v -0.401767 1.723571 0.894593
v -0.457080 1.704323 0.899629
v -0.457080 1.704323 0.899629
v -0.484971 1.694582 0.902218
v -0.484971 1.694582 0.902218
v -0.495396 1.638579 0.916723
v -0.495396 1.638579 0.916723
v -0.500614 1.610328 0.924079
v -0.500614 1.610328 0.924079
v -0.455726 1.573567 0.933523
v -0.455726 1.573567 0.933523
v -0.433053 1.555063 0.938316
v -0.433053 1.555063 0.938316
v -0.377739 1.574299 0.933230
v -0.377739 1.574299 0.933230
v -0.349849 1.584052 0.930691
v -0.349849 1.584052 0.930691
v -0.339423 1.640042 0.916137
v -0.339423 1.640042 0.916137
v -0.334206 1.668306 0.908829
v -0.334206 1.668306 0.908829
v -0.356842 1.686853 0.904025
v -0.356842 1.686853 0.904025
v -0.386994 1.662757 0.910378
v -0.386994 1.662757 0.910378
v -0.398621 1.672268 0.907928
v -0.398621 1.672268 0.907928
v -0.429677 1.713870 0.897118
v -0.429677 1.713870 0.897118
v -0.423172 1.676547 0.906851
v -0.423172 1.676547 0.906851
v -0.437491 1.671558 0.908163
v -0.437491 1.671558 0.908163
v -0.490245 1.666328 0.909522
v -0.490245 1.666328 0.909522
v -0.453588 1.653117 0.912965
v -0.453588 1.653117 0.912965
v -0.456280 1.638617 0.916727
v -0.456280 1.638617 0.916727
v -0.477977 1.591769 0.928834
v -0.477977 1.591769 0.928834
v -0.447825 1.615897 0.922606
v -0.447825 1.615897 0.922606
v -0.436198 1.606386 0.925056
v -0.436198 1.606386 0.925056
v -0.405142 1.564751 0.935742
v -0.405142 1.564751 0.935742
v -0.411647 1.602107 0.926133
v -0.411647 1.602107 0.926133
v -0.397328 1.607096 0.924820
v -0.397328 1.607096 0.924820
v -0.344575 1.612293 0.923337
v -0.344575 1.612293 0.923337
v -0.381231 1.625537 0.920019
v -0.381231 1.625537 0.920019
v -0.378539 1.640037 0.916256
v -0.378539 1.640037 0.916256
v -0.385885 1.718030 1.072406
v -0.385885 1.718030 1.072406
v -0.395957 1.699476 1.048175
v -0.395957 1.699476 1.048175
v -0.433633 1.726352 1.070312
v -0.433633 1.726352 1.070312
v -0.428398 1.705130 1.046752
v -0.428398 1.705130 1.046752
v -0.464938 1.690487 1.079651
v -0.464938 1.690487 1.079651
v -0.449668 1.680762 1.053097
v -0.449668 1.680762 1.053097
v -0.448496 1.646301 1.091084
v -0.448496 1.646301 1.091084
v -0.438497 1.650740 1.060865
v -0.438497 1.650740 1.060865
v -0.400748 1.637979 1.093178
v -0.400748 1.637979 1.093178
v -0.406055 1.645086 1.062288
v -0.406055 1.645086 1.062288
v -0.369443 1.673844 1.083839
v -0.369443 1.673844 1.083839
v -0.384785 1.669454 1.055943
v -0.384785 1.669454 1.055943
v 0.456675 1.460024 0.612620
v 0.492601 1.393848 0.580972
v 0.492601 1.393848 0.580972
v 0.492601 1.393848 0.580972
v 0.563716 1.438677 0.514572
v 0.553436 1.364100 0.557021
v 0.465472 1.435374 0.646661
v 0.465472 1.435374 0.646661
v 0.448889 1.430903 0.640955
v 0.455021 1.457209 0.660565
v 0.488647 1.449461 0.606854
v 0.488647 1.449461 0.606854
v 0.488647 1.449461 0.606854
v 0.555269 1.407359 0.640759
v 0.555269 1.407359 0.640759
v 0.555269 1.407359 0.640759
v 0.555269 1.407359 0.640759
v 0.573494 1.364094 0.616990
v 0.573494 1.364094 0.616990
v 0.573494 1.364094 0.616990
v 0.573494 1.364094 0.616990
v 0.574469 1.326919 0.599861
v 0.574469 1.326919 0.599861
v 0.574469 1.326919 0.599861
v 0.531056 1.436799 0.659797
v 0.531056 1.436799 0.659797
v 0.534062 1.340490 0.549960
v 0.534062 1.340490 0.549960
v 0.538870 1.319572 0.603016
v 0.500062 1.424515 0.659213
v 0.434639 1.423153 0.592179
v 0.434639 1.423153 0.592179
v 0.434869 1.458673 0.641189
v 0.434869 1.458673 0.641189
v 0.506915 1.388700 0.641166
v 0.506915 1.388700 0.641166
v 0.527976 1.338652 0.613535
v 0.527976 1.338652 0.613535
v 0.535670 1.329814 0.622833
v 0.564997 1.347118 0.625342
v 0.542768 1.316651 0.614240
v 0.572023 1.322636 0.612001
v 0.547089 1.388998 0.647264
v 0.547089 1.388998 0.647264
v 0.547089 1.388998 0.647264
v 0.558468 1.361640 0.632053
v 0.558468 1.361640 0.632053
v 0.558468 1.361640 0.632053
v 0.518446 1.371322 0.644913
v 0.518446 1.371322 0.644913
v 0.525073 1.354629 0.635981
v 0.525073 1.354629 0.635981
v 0.507650 1.396234 0.659476
v 0.507650 1.396234 0.659476
v 0.542071 1.404897 0.656565
v 0.542071 1.404897 0.656565
v 0.531669 1.427461 0.668633
v 0.505972 1.412530 0.667437
v 0.559312 1.342265 0.665594
v 0.532102 1.339186 0.669914
v 0.518295 1.381498 0.694794
v 0.516842 1.397401 0.702417
v 0.568276 1.329912 0.657910
v 0.575758 1.305587 0.644956
v 0.549199 1.370237 0.681228
v 0.545995 1.387195 0.689990
v 0.552823 1.301147 0.649617
v 0.545539 1.314976 0.657860
v 0.526363 1.355730 0.679142
v 0.537044 1.410374 0.702930
v 0.549255 1.344400 0.727213
v 0.559531 1.316484 0.711519
v 0.548222 1.359674 0.735555
v 0.519746 1.361391 0.727254
v 0.568651 1.307126 0.705578
v 0.575770 1.283074 0.691640
v 0.518330 1.376047 0.736940
v 0.538525 1.382428 0.748632
v 0.532914 1.320552 0.703641
v 0.527169 1.336955 0.712976
v 0.554171 1.285166 0.685464
v 0.547933 1.299696 0.693100
v 0.526485 1.290836 0.772869
v 0.526485 1.290836 0.772869
v 0.526485 1.290836 0.772869
v 0.550602 1.265122 0.759241
v 0.550602 1.265122 0.759241
v 0.550602 1.265122 0.759241
v 0.523242 1.324606 0.791312
v 0.523242 1.324606 0.791312
v 0.523242 1.324606 0.791312
v 0.405050 1.449275 0.662705
v 0.423185 1.446562 0.684296
v 0.422607 1.421462 0.676146
v 0.411676 1.420118 0.661057
v 0.372952 1.427386 0.705693
v 0.372952 1.427386 0.705693
v 0.372952 1.427386 0.705693
v -0.142506 1.187786 0.044245
v -0.262039 1.238778 0.042486
v -0.283893 1.055162 -0.149274
v -0.283893 1.055162 -0.149274
v -0.346108 0.740622 0.046957
v -0.346108 0.740622 0.046957
v -0.111515 1.041597 -0.107314
v -0.111515 1.041597 -0.107314
v -0.299214 0.734811 0.053567
v -0.378584 0.743277 0.126740
v -0.378584 0.743277 0.126740
v -0.210191 1.234151 -0.061032
v -0.358866 0.799378 0.189117
v -0.358866 0.799378 0.189117
v -0.311972 0.793568 0.195727
v -0.215410 0.775729 0.199231
v -0.309497 1.164621 0.114544
v -0.282153 1.240458 0.040083
v -0.185786 0.719133 0.154021
v -0.185786 0.719133 0.154021
v -0.185786 0.719133 0.154021
v -0.204561 0.725762 0.078337
v -0.204561 0.725762 0.078337
v -0.264048 1.163058 -0.146465
v -0.078732 1.083498 0.013033
v -0.261550 0.525340 0.204751
v -0.279139 0.440194 0.193013
v -0.216454 0.528434 0.141382
v -0.218890 0.444864 0.114072
v -0.297691 0.572118 0.038218
v -0.317432 0.445237 -0.037298
v -0.406562 0.564650 0.191204
v -0.451099 0.486522 0.166855
v -0.363873 0.118510 0.030694
v -0.363873 0.118510 0.030694
v -0.363873 0.118510 0.030694
v -0.358405 0.069417 0.198512
v -0.401042 0.140777 -0.045730
v -0.401042 0.140777 -0.045730
v -0.452935 0.166995 0.083320
v -0.452935 0.166995 0.083320
v -0.452935 0.166995 0.083320
v -0.501119 0.123714 0.026856
v -0.398011 0.158653 0.096478
v -0.398011 0.158653 0.096478
v -0.515821 0.190674 0.073046
v -0.515821 0.190674 0.073046
v -0.515821 0.190674 0.073046
v -0.515821 0.190674 0.073046
v -0.515821 0.190674 0.073046
v -0.378410 0.175133 -0.055621
v -0.333048 0.165574 0.041394
v -0.333048 0.165574 0.041394
v -0.477602 0.001059 -0.050076
v -0.477602 0.001059 -0.050076
v -0.502681 -0.004651 0.000011
v -0.394500 -0.002988 -0.063617
v -0.394500 -0.002988 -0.063617
v -0.355042 -0.010113 0.020901
v -0.463241 0.150586 -0.029341
v -0.463241 0.150586 -0.029341
v -0.356633 -0.005678 0.198075
v -0.370897 0.152041 0.116032
v -0.370897 0.152041 0.116032
v -0.512682 0.198312 0.024732
v -0.512682 0.198312 0.024732
v -0.451584 0.168319 0.122231
v -0.478358 0.111663 0.185416
v -0.504872 0.036691 0.372562
v -0.504872 0.036691 0.372562
v -0.504872 0.036691 0.372562
v -0.524890 0.002108 0.180730
v -0.557568 0.014134 0.283479
v -0.557568 0.014134 0.283479
v -0.359461 0.025449 0.367548
v -0.359461 0.025449 0.367548
v -0.440129 0.037609 0.385121
v -0.505297 -0.000772 0.371780
v -0.505297 -0.000772 0.371780
v -0.558335 0.002753 0.283206
v -0.558335 0.002753 0.283206
v -0.357411 -0.007450 0.364857
v -0.357411 -0.007450 0.364857
v -0.439296 -0.003921 0.384366
v -0.350325 0.656806 0.087320
v -0.350325 0.656806 0.087320
v -0.279451 0.643304 0.068745
v -0.279451 0.643304 0.068745
v -0.219808 0.621425 0.099512
v -0.219808 0.621425 0.099512
v -0.231424 0.547809 0.072402
v -0.206333 0.603986 0.161597
v -0.206333 0.603986 0.161597
v -0.246922 0.601203 0.218631
v -0.246922 0.601203 0.218631
v -0.317795 0.614704 0.237205
v -0.317795 0.614704 0.237205
v -0.390912 0.654022 0.144354
v -0.390912 0.654022 0.144354
v -0.421532 0.584026 0.122224
v -0.377438 0.636582 0.206438
v -0.377438 0.636582 0.206438
v -0.354021 0.680707 0.257018
v -0.354021 0.680707 0.257018
v -0.378907 0.636756 0.213339
v -0.378907 0.636756 0.213339
v -0.211172 0.607876 0.151103
v -0.211172 0.607876 0.151103
v -0.186287 0.651828 0.194782
v -0.186287 0.651828 0.194782
v -0.239362 0.660966 0.214475
v -0.239362 0.660966 0.214475
v -0.326761 0.627778 0.193991
v -0.326761 0.627778 0.193991
v -0.398784 0.657248 0.152978
v -0.398784 0.657248 0.152978
v -0.231049 0.628368 0.090742
v -0.231049 0.628368 0.090742
v -0.393775 0.721692 0.136296
v -0.393775 0.721692 0.136296
v -0.226040 0.692812 0.074060
v -0.226040 0.692812 0.074060
v -0.368889 0.765644 0.179975
v -0.368889 0.765644 0.179975
v -0.201155 0.736764 0.117739
v -0.201155 0.736764 0.117739
v -0.349012 0.745151 0.240336
v -0.349012 0.745151 0.240336
v -0.181278 0.716272 0.178100
v -0.181278 0.716272 0.178100
v -0.296865 0.736173 0.220987
v -0.296865 0.736173 0.220987
v -0.301874 0.671729 0.237669
v -0.301874 0.671729 0.237669
v -0.264248 0.617014 0.170796
v -0.264248 0.617014 0.170796
v -0.234354 0.725410 0.197793
v -0.234354 0.725410 0.197793
v -0.319098 0.547621 0.250356
v -0.319098 0.547621 0.250356
v -0.256592 0.536860 0.227163
v -0.256592 0.536860 0.227163
v -0.258169 0.768541 0.305377
v -0.258169 0.768541 0.305377
v -0.195663 0.757779 0.282185
v -0.195663 0.757779 0.282185
v -0.314158 0.653043 0.324769
v -0.178635 0.629709 0.274485
v -0.246613 0.438772 0.012735
v -0.468821 0.490342 0.095876
v 0.143571 1.155752 0.027310
v 0.251685 1.227020 0.038424
v 0.308891 1.084063 -0.178953
v 0.308891 1.084063 -0.178953
v 0.425976 0.758175 -0.032665
v 0.425976 0.758175 -0.032665
v 0.141581 1.033054 -0.146596
v 0.141581 1.033054 -0.146596
v 0.380888 0.743021 -0.028937
v 0.456587 0.753597 0.047765
v 0.456587 0.753597 0.047765
v 0.202640 1.230067 -0.066510
v 0.426239 0.794306 0.117398
v 0.426239 0.794306 0.117398
v 0.381150 0.779151 0.121126
v 0.289492 0.743894 0.117901
v 0.311196 1.151868 0.099676
v 0.271124 1.232646 0.037126
v 0.271260 0.691026 0.063154
v 0.271260 0.691026 0.063154
v 0.271260 0.691026 0.063154
v 0.289269 0.713168 -0.009715
v 0.289269 0.713168 -0.009715
v 0.269494 1.184700 -0.159894
v 0.100410 1.048190 -0.022541
v 0.385824 0.511913 0.090608
v 0.381108 0.430134 0.059193
v 0.308852 0.522212 0.085311
v 0.282667 0.443602 0.055806
v 0.286363 0.583571 -0.036672
v 0.231041 0.469773 -0.115288
v 0.472189 0.558709 -0.023885
v 0.475822 0.486791 -0.083004
v 0.262841 0.141451 -0.165566
v 0.262841 0.141451 -0.165566
v 0.262841 0.141451 -0.165566
v 0.317295 0.076353 -0.021426
v 0.257433 0.173118 -0.238825
v 0.257433 0.173118 -0.238825
v 0.378922 0.182891 -0.163594
v 0.378922 0.182891 -0.163594
v 0.378922 0.182891 -0.163594
v 0.380978 0.147427 -0.241116
v 0.340987 0.171766 -0.120957
v 0.340987 0.171766 -0.120957
v 0.426316 0.208674 -0.206918
v 0.426316 0.208674 -0.206918
v 0.426316 0.208674 -0.206918
v 0.426316 0.208674 -0.206918
v 0.426316 0.208674 -0.206918
v 0.233872 0.207779 -0.208997
v 0.256384 0.185199 -0.125515
v 0.256384 0.185199 -0.125515
v 0.312140 0.035336 -0.302863
v 0.312140 0.035336 -0.302863
v 0.362529 0.022759 -0.270157
v 0.233071 0.032704 -0.272193
v 0.233071 0.032704 -0.272193
v 0.240481 0.014737 -0.185479
v 0.318726 0.181626 -0.261885
v 0.318726 0.181626 -0.261885
v 0.312237 0.002066 -0.023697
v 0.354551 0.160520 -0.094372
v 0.354551 0.160520 -0.094372
v 0.384927 0.218031 -0.264085
v 0.384927 0.218031 -0.264085
v 0.415296 0.179262 -0.151158
v 0.427197 0.116245 -0.081724
v 0.520264 0.037022 0.077553
v 0.520264 0.037022 0.077553
v 0.520264 0.037022 0.077553
v 0.459778 0.005814 -0.106213
v 0.531537 0.014508 -0.025342
v 0.531537 0.014508 -0.025342
v 0.384959 0.030477 0.131823
v 0.384959 0.030477 0.131823
v 0.466223 0.039745 0.115267
v 0.518965 -0.000415 0.076493
v 0.518965 -0.000415 0.076493
v 0.531712 0.003117 -0.025956
v 0.531712 0.003117 -0.025956
v 0.380792 -0.002284 0.130043
v 0.380792 -0.002284 0.130043
v 0.463636 -0.001716 0.114723
v 0.358319 0.661370 -0.031674
v 0.358319 0.661370 -0.031674
v 0.297425 0.647764 0.009035
v 0.297425 0.647764 0.009035
v 0.280587 0.619253 0.071374
v 0.280587 0.619253 0.071374
v 0.267654 0.551893 0.032591
v 0.317667 0.592538 0.118825
v 0.317667 0.592538 0.118825
v 0.386945 0.583269 0.123592
v 0.386945 0.583269 0.123592
v 0.447838 0.596876 0.082883
v 0.447838 0.596876 0.082883
v 0.427597 0.652101 -0.026907
v 0.427597 0.652101 -0.026907
v 0.430991 0.588390 -0.076605
v 0.464676 0.625387 0.020544
v 0.464676 0.625387 0.020544
v 0.491749 0.660787 0.075929
v 0.491749 0.660787 0.075929
v 0.470884 0.624628 0.023814
v 0.470884 0.624628 0.023814
v 0.313128 0.598091 0.108965
v 0.313128 0.598091 0.108965
v 0.333993 0.634250 0.161080
v 0.333993 0.634250 0.161080
v 0.383911 0.642647 0.134136
v 0.383911 0.642647 0.134136
v 0.421840 0.616378 0.050286
v 0.421840 0.616378 0.050286
v 0.439494 0.654377 -0.027059
v 0.439494 0.654377 -0.027059
v 0.281737 0.627841 0.058092
v 0.281737 0.627841 0.058092
v 0.428968 0.720287 -0.025816
v 0.428968 0.720287 -0.025816
v 0.271211 0.693750 0.059335
v 0.271211 0.693750 0.059335
v 0.449833 0.756447 0.026299
v 0.449833 0.756447 0.026299
v 0.292077 0.729910 0.111450
v 0.292077 0.729910 0.111450
v 0.481224 0.726697 0.077172
v 0.481224 0.726697 0.077172
v 0.323467 0.700160 0.162323
v 0.323467 0.700160 0.162323
v 0.432178 0.718447 0.103645
v 0.432178 0.718447 0.103645
v 0.442704 0.652537 0.102402
v 0.442704 0.652537 0.102402
v 0.363046 0.606488 0.082020
v 0.363046 0.606488 0.082020
v 0.373386 0.708557 0.135379
v 0.373386 0.708557 0.135379
v 0.453071 0.528711 0.081908
v 0.453071 0.528711 0.081908
v 0.394282 0.518822 0.113640
v 0.394282 0.518822 0.113640
v 0.474143 0.736737 0.190657
v 0.474143 0.736737 0.190657
v 0.415355 0.726848 0.222389
v 0.415355 0.726848 0.222389
v 0.515291 0.622060 0.145863
v 0.387829 0.600618 0.214661
v 0.222946 0.453275 -0.030302
v 0.433575 0.501491 -0.141020
v 0.109019 1.788739 0.081055
v 0.109019 1.788739 0.081055
v 0.109019 1.788739 0.081055
v -0.070958 1.706840 0.121254
v -0.070958 1.706840 0.121254
v -0.123955 1.736192 0.062697
v -0.123955 1.736192 0.062697
v -0.096552 1.793550 0.041753
v -0.089416 1.798426 -0.090616
v -0.056332 1.828868 -0.079156
v -0.056332 1.828868 -0.079156
v -0.105195 1.728742 0.117816
v -0.105195 1.728742 0.117816
v -0.105195 1.728742 0.117816
v 0.079989 1.782784 -0.123392
v -0.049897 1.679245 -0.169671
v -0.005916 1.789699 -0.145875
v -0.111301 1.833232 0.006284
v -0.120218 1.794436 0.016490
v -0.044535 1.794657 -0.120431
v -0.112352 1.793844 0.043138
v -0.106520 1.833283 0.033531
v -0.080826 1.794891 0.121192
v -0.080826 1.794891 0.121192
v 0.125590 1.788344 0.094855
v 0.125590 1.788344 0.094855
v -0.089092 1.792235 0.108299
v -0.075592 1.794237 -0.158345
v -0.011909 1.790401 -0.170326
v 0.030277 1.785302 -0.164144
v 0.128121 1.788772 0.002708
v 0.131657 1.787616 0.074818
v -0.062533 1.860294 -0.095194
v 0.095271 1.830338 0.008817
v 0.095271 1.830338 0.008817
v -0.089105 1.834255 -0.006733
v -0.089105 1.834255 -0.006733
v -0.100652 1.867315 -0.006141
v 0.071340 1.826633 -0.077043
v 0.071340 1.826633 -0.077043
v 0.096164 1.826925 -0.028056
v 0.096164 1.826925 -0.028056
v -0.085232 1.833887 0.023804
v -0.085232 1.833887 0.023804
v 0.048260 1.826339 -0.084222
v 0.048260 1.826339 -0.084222
v -0.022444 1.826698 -0.097516
v -0.022444 1.826698 -0.097516
v 0.012706 1.824803 -0.110932
v 0.012706 1.824803 -0.110932
v -0.055807 1.797676 0.117564
v -0.083781 1.838379 0.114402
v 0.007569 1.822881 -0.161861
v 0.043318 1.822064 -0.150728
v 0.116696 1.828266 -0.024893
v 0.118890 1.829104 0.008981
v 0.128527 1.829211 0.075517
v -0.064590 1.827267 -0.162906
v 0.013730 1.856572 -0.128258
v 0.013730 1.856572 -0.128258
v 0.013730 1.856572 -0.128258
v 0.046592 1.860721 -0.090262
v 0.046592 1.860721 -0.090262
v 0.118879 1.867223 0.054689
v 0.109502 1.863792 -0.018457
v 0.108641 1.865587 0.010993
v -0.087247 1.857477 -0.155200
v -0.059588 1.857390 -0.165398
v -0.020180 1.858429 -0.112206
v -0.097022 1.868610 0.025064
v -0.083490 1.873333 0.107114
v -0.064699 1.897469 -0.106069
v -0.077243 1.894342 -0.145458
v -0.029686 1.894855 -0.131262
v -0.091658 1.912359 0.087547
v -0.048492 1.893081 -0.155434
v -0.059957 1.940161 -0.104033
v -0.027214 1.937675 -0.128169
v -0.008721 2.015295 0.082549
v 0.019619 2.015039 0.083223
v 0.118372 1.905553 0.057026
v 0.090721 1.895150 -0.102713
v 0.109073 2.002961 -0.031518
v 0.084241 2.011691 0.064434
v 0.103897 2.009193 0.038629
v 0.014117 1.890050 -0.139718
v -0.333484 0.997064 0.025873
v -0.307920 0.983495 -0.064976
v 0.367708 1.005231 -0.012684
v 0.345443 1.003677 -0.105737
v -0.329530 1.160030 0.089559
v -0.306561 1.223733 0.027012
v -0.290747 1.223188 -0.063803
v -0.291352 1.158717 -0.129688
v -0.308022 1.068084 -0.132048
v 0.332028 1.154994 0.075125
v 0.298368 1.222848 0.022583
v 0.283858 1.234271 -0.067732
v 0.296999 1.182573 -0.142914
v 0.330092 1.098038 -0.158923
v -0.342828 1.060661 0.081373
v -0.341404 1.008121 0.020513
v -0.327936 1.007833 -0.061191
v 0.363597 1.062028 0.051904
v 0.373441 1.018447 -0.015951
v 0.360539 1.030408 -0.097394
vt 0.354702 0.633340
vt 0.301315 0.628918
vt 0.316454 0.600376
vt 0.359260 0.609629
vt 0.351990 0.579013
vt 0.207027 0.655103
vt 0.207607 0.634938
vt 0.167941 0.643474
vt 0.128431 0.659769
vt 0.160812 0.680856
vt 0.105261 0.683524
vt 0.147290 0.703999
vt 0.101224 0.716077
vt 0.137218 0.728847
vt 0.111819 0.753263
vt 0.117418 0.790343
vt 0.136545 0.782093
vt 0.164398 0.635351
vt 0.311718 0.659082
vt 0.342625 0.686204
vt 0.355054 0.657274
vt 0.780973 0.307448
vt 0.799970 0.292819
vt 0.843437 0.307534
vt 0.304255 0.660949
vt 0.337366 0.693654
vt 0.302885 0.706504
vt 0.291345 0.628836
vt 0.308129 0.596393
vt 0.209180 0.626450
vt 0.349134 0.571363
vt 0.100800 0.751379
vt 0.107614 0.790635
vt 0.091333 0.713884
vt 0.092244 0.677843
vt 0.112345 0.651847
vt 0.052437 0.664642
vt 0.081976 0.637942
vt 0.092211 0.678327
vt 0.197185 0.603232
vt 0.271000 0.671314
vt 0.247917 0.661347
vt 0.052486 0.664632
vt 0.048531 0.681923
vt 0.164741 0.610834
vt 0.120898 0.612780
vt 0.224833 0.651379
vt 0.224625 0.600665
vt 0.064734 0.741028
vt 0.066314 0.791934
vt 0.347058 0.548802
vt 0.274669 0.551772
vt 0.307993 0.596947
vt 0.067437 0.632007
vt 0.041219 0.660682
vt 0.040205 0.689216
vt 0.274656 0.551746
vt 0.275099 0.540832
vt 0.336364 0.537495
vt 0.276058 0.540493
vt 0.275627 0.551109
vt 0.226755 0.549059
vt 0.067591 0.628663
vt 0.111266 0.601101
vt 0.027733 0.596120
vt 0.118087 0.799353
vt 0.142740 0.837715
vt 0.122283 0.844522
vt 0.226575 0.505270
vt 0.226492 0.485057
vt 0.276077 0.483898
vt 0.107543 0.569324
vt 0.027797 0.574766
vt 0.163073 0.595039
vt 0.158971 0.564227
vt 0.108680 0.570752
vt 0.186978 0.588567
vt 0.181011 0.558252
vt 0.226728 0.542442
vt 0.283006 0.504252
vt 0.354897 0.633746
vt 0.359525 0.610005
vt 0.316762 0.600679
vt 0.369765 0.587552
vt 0.352269 0.579327
vt 0.206357 0.656628
vt 0.180013 0.663531
vt 0.167827 0.643814
vt 0.160187 0.681025
vt 0.128152 0.659828
vt 0.146654 0.703977
vt 0.104928 0.683476
vt 0.136578 0.728679
vt 0.100841 0.715911
vt 0.132004 0.754625
vt 0.111323 0.752856
vt 0.135705 0.781445
vt 0.116737 0.789536
vt 0.112138 0.652769
vt 0.164972 0.636123
vt 0.301610 0.629114
vt 0.311815 0.659227
vt 0.355106 0.657700
vt 0.342442 0.686566
vt 0.779961 0.306531
vt 0.798960 0.291905
vt 0.842425 0.306625
vt 0.303935 0.661294
vt 0.270715 0.671586
vt 0.302349 0.707014
vt 0.291177 0.629333
vt 0.210243 0.627408
vt 0.207589 0.636763
vt 0.349007 0.571928
vt 0.336913 0.693943
vt 0.106963 0.790355
vt 0.100387 0.751556
vt 0.091132 0.714337
vt 0.164827 0.611159
vt 0.197522 0.603641
vt 0.120882 0.612937
vt 0.065991 0.790888
vt 0.064697 0.740570
vt 0.112526 0.603678
vt 0.163210 0.595290
vt 0.027908 0.537864
vt 0.096514 0.538701
vt 0.095475 0.504015
vt 0.278494 0.461489
vt 0.226416 0.466516
vt 0.327216 0.446027
vt 0.277587 0.459661
vt 0.244489 0.394320
vt 0.136617 0.498365
vt 0.083033 0.401749
vt 0.118615 0.377313
vt 0.147756 0.529782
vt 0.283778 0.504902
vt 0.097384 0.539140
vt 0.147970 0.529815
vt 0.171458 0.525298
vt 0.159169 0.564369
vt 0.171740 0.525341
vt 0.096601 0.538702
vt 0.275118 0.482653
vt 0.322154 0.481199
vt 0.283035 0.504244
vt 0.337153 0.509650
vt 0.181293 0.558402
vt 0.187255 0.588853
vt 0.336455 0.537500
vt 0.027639 0.627304
vt 0.226959 0.598696
vt 0.107609 0.569392
vt 0.327269 0.445957
vt 0.277602 0.459615
vt 0.097294 0.539139
vt 0.136403 0.498417
vt 0.028021 0.500155
vt 0.176544 0.488446
vt 0.096341 0.503262
vt 0.060942 0.428447
vt 0.082544 0.405899
vt 0.069984 0.393905
vt 0.911795 0.175116
vt 0.911795 0.202842
vt 0.823072 0.202842
vt 0.226132 0.397488
vt 0.246282 0.397972
vt 0.028253 0.422741
vt 0.061035 0.428194
vt 0.060669 0.425063
vt 0.082873 0.402048
vt 0.060573 0.425324
vt 0.246257 0.397885
vt 0.118361 0.377646
vt 0.257786 0.343634
vt 0.244463 0.394231
vt 0.242672 0.347487
vt 0.259244 0.348796
vt 0.600482 0.697428
vt 0.596481 0.694304
vt 0.594897 0.651001
vt 0.572228 0.752959
vt 0.537058 0.746546
vt 0.529969 0.771179
vt 0.457032 0.691461
vt 0.448419 0.706754
vt 0.415111 0.691413
vt 0.519458 0.655147
vt 0.515797 0.605918
vt 0.545539 0.621851
vt 0.550221 0.688448
vt 0.550029 0.653602
vt 0.416721 0.738752
vt 0.461063 0.755093
vt 0.459969 0.736917
vt 0.513748 0.686775
vt 0.495856 0.687879
vt 0.490981 0.659571
vt 0.503165 0.733192
vt 0.541517 0.731091
vt 0.450069 0.722861
vt 0.448567 0.707163
vt 0.456247 0.674030
vt 0.410620 0.657018
vt 0.725997 0.752400
vt 0.754254 0.802227
vt 0.722354 0.811432
vt 0.922325 0.383962
vt 0.898668 0.327746
vt 0.945762 0.327654
vt 0.503251 0.732234
vt 0.467830 0.721446
vt 0.466791 0.705778
vt 0.460113 0.736380
vt 0.600137 0.697392
vt 0.596165 0.694230
vt 0.550888 0.689214
vt 0.514101 0.687818
vt 0.572474 0.751339
vt 0.541251 0.730403
vt 0.569342 0.598436
vt 0.593391 0.584880
vt 0.456347 0.660847
vt 0.458951 0.624603
vt 0.496194 0.688751
vt 0.536940 0.745894
vt 0.433608 0.602145
vt 0.488164 0.607424
vt 0.762231 0.829897
vt 0.734776 0.834343
vt 0.612282 0.720362
vt 0.629614 0.726893
vt 0.636047 0.680392
vt 0.625888 0.633690
vt 0.638315 0.692461
vt 0.740507 0.880372
vt 0.713432 0.893748
vt 0.697745 0.862279
vt 0.723029 0.856490
vt 0.722108 0.842367
vt 0.697745 0.830678
vt 0.474193 0.527683
vt 0.479231 0.545182
vt 0.440748 0.550173
vt 0.536425 0.537023
vt 0.499730 0.544597
vt 0.501500 0.487931
vt 0.701688 0.775026
vt 0.697810 0.801296
vt 0.419865 0.592151
vt 0.460692 0.552624
vt 0.573622 0.537603
vt 0.537723 0.503686
vt 0.402713 0.548515
vt 0.405687 0.520928
vt 0.439858 0.521645
vt 0.408987 0.466434
vt 0.962324 0.313005
vt 0.942688 0.349001
vt 0.366286 0.541408
vt 0.372160 0.525012
vt 0.376444 0.474950
vt 0.901732 0.277977
vt 0.942503 0.277897
vt 0.611338 0.544091
vt 0.616543 0.562907
vt 0.575957 0.568031
vt 0.882049 0.313162
vt 0.534901 0.568031
vt 0.494713 0.563249
vt 0.471575 0.474876
vt 0.605540 0.484954
vt 0.571376 0.502718
vt 0.538391 0.492026
vt 0.382632 0.549222
vt 0.570066 0.490193
vt 0.538992 0.409523
vt 0.409947 0.456107
vt 0.438206 0.455256
vt 0.380516 0.464321
vt 0.508340 0.477340
vt 0.439214 0.466571
vt 0.468378 0.462960
vt 0.653929 0.536894
vt 0.648272 0.510508
vt 0.677155 0.501956
vt 0.389032 0.406526
vt 0.433974 0.408214
vt 0.457344 0.406065
vt 0.512449 0.410538
vt 0.600254 0.473768
vt 0.564626 0.408543
vt 0.412350 0.409190
vt 0.450078 0.722431
vt 0.594990 0.650906
vt 0.415409 0.691470
vt 0.457337 0.691959
vt 0.546843 0.622573
vt 0.516939 0.606987
vt 0.520113 0.656239
vt 0.551031 0.654331
vt 0.491585 0.660382
vt 0.530087 0.770585
vt 0.042194 0.656440
vt 0.456728 0.674542
vt 0.456968 0.661327
vt 0.411307 0.656998
vt 0.725827 0.751866
vt 0.701569 0.774545
vt 0.722316 0.810904
vt 0.921486 0.385810
vt 0.897354 0.328467
vt 0.945393 0.328373
vt 0.466955 0.706371
vt 0.467838 0.722053
vt 0.416909 0.738651
vt 0.594416 0.584787
vt 0.569930 0.598113
vt 0.489305 0.608218
vt 0.459934 0.625093
vt 0.434835 0.602390
vt 0.734789 0.833788
vt 0.762234 0.829280
vt 0.611723 0.720443
vt 0.630262 0.727151
vt 0.636186 0.680692
vt 0.638330 0.692765
vt 0.626452 0.633890
vt 0.740624 0.879804
vt 0.723092 0.855961
vt 0.697820 0.861807
vt 0.697750 0.830205
vt 0.722139 0.841840
vt 0.372210 0.524439
vt 0.405136 0.520778
vt 0.402104 0.548724
vt 0.501318 0.487414
vt 0.499657 0.544350
vt 0.536555 0.537152
vt 0.697750 0.800823
vt 0.418469 0.590854
vt 0.381501 0.550065
vt 0.573421 0.502426
vt 0.537719 0.503511
vt 0.440408 0.549835
vt 0.438317 0.521403
vt 0.880403 0.313590
vt 0.900480 0.277700
vt 0.472171 0.526864
vt 0.478717 0.544095
vt 0.471677 0.474123
vt 0.942069 0.277618
vt 0.610517 0.544244
vt 0.573232 0.537874
vt 0.575052 0.567595
vt 0.962287 0.313430
vt 0.942257 0.350147
vt 0.495370 0.563726
vt 0.535524 0.568669
vt 0.377387 0.475982
vt 0.570124 0.490898
vt 0.538720 0.492048
vt 0.459184 0.552965
vt 0.750549 0.584094
vt 0.719523 0.584094
vt 0.717507 0.563248
vt 0.605351 0.484598
vt 0.601013 0.473735
vt 0.508783 0.477844
vt 0.380291 0.465100
vt 0.725530 0.617741
vt 0.802135 0.584094
vt 0.773865 0.584094
vt 0.772873 0.563006
vt 0.857861 0.563006
vt 0.852896 0.584094
vt 0.828797 0.584094
vt 0.695866 0.584094
vt 0.689643 0.563733
vt 0.749236 0.563006
vt 0.831156 0.563006
vt 0.671872 0.453080
vt 0.721100 0.456103
vt 0.733025 0.536894
vt 0.706747 0.532622
vt 0.709571 0.500718
vt 0.707354 0.532366
vt 0.683057 0.532314
vt 0.678799 0.501871
vt 0.682633 0.532530
vt 0.653859 0.536256
vt 0.649700 0.510371
vt 0.709487 0.501078
vt 0.738371 0.509517
vt 0.738137 0.455726
vt 0.754267 0.461905
vt 0.617566 0.469091
vt 0.720204 0.456218
vt 0.768484 0.475610
vt 0.617167 0.468642
vt 0.738680 0.509453
vt 0.672644 0.452471
vt 0.689267 0.445906
vt 0.706303 0.447703
vt 0.689576 0.445857
vt 0.705525 0.448004
vt 0.635410 0.455356
vt 0.654188 0.450232
vt 0.737819 0.456302
vt 0.755184 0.462370
vt 0.634494 0.455777
vt 0.653554 0.450456
vt 0.850216 0.448423
vt 0.901907 0.478267
vt 0.873074 0.472415
vt 0.857196 0.443285
vt 0.882422 0.456223
vt 0.873074 0.484119
vt 0.909847 0.422054
vt 0.942824 0.407397
vt 0.938237 0.415342
vt 0.946619 0.443285
vt 0.921393 0.456222
vt 0.954559 0.499498
vt 0.930741 0.484119
vt 0.974567 0.478267
vt 0.953599 0.508111
vt 0.857196 0.513250
vt 0.882422 0.500312
vt 0.865578 0.541192
vt 0.624472 0.383080
vt 0.860991 0.407397
vt 0.865578 0.415343
vt 0.911256 0.506164
vt 0.921393 0.500312
vt 0.938237 0.541192
vt 0.849256 0.499498
vt 0.820074 0.478267
vt 0.829248 0.478267
vt 0.625971 0.383796
vt 0.893968 0.422054
vt 0.892559 0.450370
vt 0.849256 0.457037
vt 0.930741 0.472415
vt 0.893968 0.534480
vt 0.860991 0.549137
vt 0.699988 0.384070
vt 0.892559 0.506164
vt 0.911256 0.450370
vt 0.946619 0.513250
vt 0.942824 0.549137
vt 0.909847 0.534480
vt 0.954559 0.457037
vt 0.983741 0.478267
vt 0.769114 0.398654
vt 0.699704 0.383965
vt 0.768905 0.399547
vt 0.901907 0.418579
vt 0.901907 0.537956
vt 0.953599 0.448423
vt 0.850216 0.508111
vt 0.882762 0.644255
vt 0.885959 0.662220
vt 0.872942 0.664472
vt 0.750201 0.646680
vt 0.760460 0.654955
vt 0.754026 0.662518
vt 0.873014 0.624838
vt 0.856219 0.622907
vt 0.704084 0.598736
vt 0.693344 0.591451
vt 0.772268 0.618575
vt 0.788001 0.620003
vt 0.837247 0.622170
vt 0.825907 0.646680
vt 0.801641 0.646680
vt 0.869655 0.646616
vt 0.771233 0.646680
vt 0.681615 0.617595
vt 0.683826 0.609549
vt 0.690043 0.626196
vt 0.675394 0.625385
vt 0.679845 0.600032
vt 0.782632 0.646680
vt 0.693461 0.646680
vt 0.685252 0.646680
vt 0.714809 0.646680
vt 0.435351 0.409015
vt 0.591585 0.407103
vt 0.564702 0.409019
vt 0.539480 0.409110
vt 0.512124 0.410158
vt 0.390408 0.407304
vt 0.713961 0.667691
vt 0.710495 0.664392
vt 0.726323 0.655257
vt 0.718828 0.664434
vt 0.795856 0.657673
vt 0.793644 0.673793
vt 0.780924 0.672179
vt 0.770108 0.654557
vt 0.777953 0.657038
vt 0.695160 0.653463
vt 0.701968 0.652489
vt 0.699004 0.674829
vt 0.735383 0.656100
vt 0.820621 0.660197
vt 0.805266 0.659074
vt 0.748225 0.664920
vt 0.745199 0.664943
vt 0.742021 0.677028
vt 0.734380 0.676043
vt 0.845405 0.646680
vt 0.843430 0.659218
vt 0.830753 0.659769
vt 0.686943 0.657696
vt 0.791767 0.697365
vt 0.779073 0.695321
vt 0.706936 0.676559
vt 0.703428 0.697290
vt 0.696853 0.691438
vt 0.804046 0.676107
vt 0.819531 0.677155
vt 0.817902 0.701446
vt 0.769771 0.673529
vt 0.764164 0.674665
vt 0.728424 0.675723
vt 0.693713 0.673453
vt 0.844007 0.676086
vt 0.776759 0.671937
vt 0.687101 0.671749
vt 0.692236 0.690597
vt 0.733379 0.692173
vt 0.769566 0.690977
vt 0.831138 0.676420
vt 0.843593 0.700489
vt 0.721072 0.676187
vt 0.728367 0.692068
vt 0.756179 0.675701
vt 0.764647 0.692038
vt 0.775920 0.693654
vt 0.739797 0.696666
vt 0.766569 0.723046
vt 0.729915 0.720657
vt 0.721846 0.696018
vt 0.757530 0.697453
vt 0.802388 0.700397
vt 0.808181 0.734234
vt 0.784464 0.728897
vt 0.692610 0.720655
vt 0.685955 0.693023
vt 0.830688 0.700826
vt 0.833587 0.733264
vt 0.661313 0.616708
vt 0.663081 0.609400
vt 0.656609 0.626391
vt 0.662372 0.598033
vt 0.883845 0.689162
vt 0.631468 0.612384
vt 0.173913 0.819635
vt 0.167004 0.791132
vt 0.176845 0.814390
vt 0.054724 0.724434
vt 0.047471 0.706791
vt 0.042184 0.656454
vt 0.027556 0.655032
vt 0.112523 0.603555
vt 0.247774 0.661469
vt 0.067395 0.632063
vt 0.200960 0.299630
vt 0.220015 0.257810
vt 0.177061 0.250523
vt 0.017554 0.261173
vt 0.055204 0.251969
vt 0.057184 0.104646
vt 0.070466 0.291590
vt 0.101084 0.272260
vt 0.201764 0.104238
vt 0.160110 0.104835
vt 0.101632 0.330542
vt 0.128853 0.292478
vt 0.231427 0.103551
vt 0.238249 0.260839
vt 0.155557 0.332314
vt 0.157546 0.273920
vt 0.195572 0.357871
vt 0.093591 0.242831
vt 0.098005 0.106013
vt 0.036215 0.310408
vt 0.065262 0.354501
vt 0.382766 0.304510
vt 0.360972 0.261341
vt 0.131176 0.243886
vt 0.129028 0.105010
vt 0.078615 0.017877
vt 0.081073 0.058058
vt 0.127328 0.014898
vt 0.175205 0.056250
vt 0.176119 0.016006
vt 0.455922 0.327878
vt 0.489869 0.328027
vt 0.490922 0.292125
vt 0.618005 0.322649
vt 0.647730 0.259501
vt 0.652280 0.318738
vt 0.565192 0.289494
vt 0.558484 0.327228
vt 0.590420 0.328351
vt 0.695399 0.264802
vt 0.534366 0.293503
vt 0.525210 0.328259
vt 0.450676 0.291436
vt 0.494282 0.178368
vt 0.629079 0.153362
vt 0.649319 0.156060
vt 0.593771 0.281629
vt 0.576098 0.160366
vt 0.548078 0.168291
vt 0.691014 0.154633
vt 0.525069 0.174815
vt 0.459491 0.165538
vt 0.494933 0.169416
vt 0.422030 0.130268
vt 0.425654 0.100148
vt 0.391757 0.085606
vt 0.538315 0.065177
vt 0.540226 0.022773
vt 0.512860 0.021463
vt 0.657916 0.140663
vt 0.592154 0.054180
vt 0.595425 0.030277
vt 0.485466 0.023318
vt 0.467917 0.024162
vt 0.464213 0.069460
vt 0.489917 0.071452
vt 0.457625 0.098422
vt 0.511012 0.068105
vt 0.518519 0.162318
vt 0.439279 0.087411
vt 0.411654 0.040644
vt 0.404030 0.065390
vt 0.408559 0.022745
vt 0.803981 0.893631
vt 0.803981 0.833736
vt 0.825217 0.842953
vt 0.755960 0.053659
vt 0.844707 0.038947
vt 0.846985 0.066021
vt 0.768781 0.022999
vt 0.811356 0.013874
vt 0.768625 0.091377
vt 0.343257 0.051029
vt 0.331335 0.071058
vt 0.647980 0.048667
vt 0.648754 0.038017
vt 0.377104 0.024795
vt 0.354293 0.038916
vt 0.376755 0.021506
vt 0.694693 0.025979
vt 0.699163 0.085706
vt 0.333308 0.044895
vt 0.347927 0.029849
vt 0.555728 0.362008
vt 0.585047 0.363489
vt 0.780979 0.314876
vt 0.826404 0.293943
vt 0.845220 0.315364
vt 0.653494 0.353331
vt 0.423429 0.329708
vt 0.429557 0.364960
vt 0.459127 0.362873
vt 0.490720 0.362404
vt 0.524065 0.362348
vt 0.720453 0.323004
vt 0.715512 0.356870
vt 0.685562 0.353460
vt 0.687579 0.319579
vt 0.884069 0.202842
vt 0.884069 0.175116
vt 0.850798 0.175116
vt 0.911795 0.247203
vt 0.823072 0.247203
vt 0.892845 0.042755
vt 0.919271 0.042755
vt 0.892845 0.089734
vt 0.884069 0.247203
vt 0.890456 0.043552
vt 0.921659 0.043552
vt 0.921659 0.088938
vt 0.369461 0.587207
vt 0.823072 0.175116
vt 0.850798 0.269384
vt 0.884069 0.269384
vt 0.850798 0.202842
vt 0.967747 0.159271
vt 0.986698 0.204755
vt 0.948795 0.204755
vt 0.493411 0.296284
vt 0.493411 0.351696
vt 0.518985 0.351696
vt 0.493411 0.245135
vt 0.518985 0.296284
vt 0.952558 0.204744
vt 0.986770 0.204744
vt 0.971565 0.257963
vt 0.967747 0.257819
vt 0.884069 0.130754
vt 0.850798 0.130754
vt 0.971565 0.159128
vt 0.615149 0.268828
vt 0.434669 0.158913
vt 0.411151 0.276155
vt 0.527079 0.085968
vt 0.715019 0.154569
vt 0.728186 0.277602
vt 0.686720 0.140864
vt 0.580842 0.130234
vt 0.440955 0.123308
vt 0.547222 0.083310
vt 0.199905 0.299461
vt 0.156572 0.273614
vt 0.176160 0.250278
vt 0.016621 0.260425
vt 0.028291 0.102496
vt 0.056744 0.104024
vt 0.054299 0.251340
vt 0.092715 0.242323
vt 0.100115 0.271775
vt 0.159670 0.104538
vt 0.201325 0.104072
vt 0.127821 0.292081
vt 0.100479 0.330059
vt 0.230990 0.103479
vt 0.237317 0.260788
vt 0.219091 0.257701
vt 0.222507 0.309819
vt 0.154399 0.332002
vt 0.194333 0.357685
vt 0.097561 0.105520
vt 0.035126 0.309719
vt 0.064034 0.353903
vt 0.069436 0.291009
vt 0.290583 0.155141
vt 0.287793 0.261480
vt 0.267592 0.305576
vt 0.130297 0.243497
vt 0.128588 0.104615
vt 0.078449 0.017324
vt 0.127172 0.014498
vt 0.080780 0.057512
vt 0.175958 0.015760
vt 0.174918 0.056001
vt 0.456826 0.327708
vt 0.452015 0.290742
vt 0.492375 0.291703
vt 0.619380 0.324819
vt 0.653698 0.320657
vt 0.648390 0.261294
vt 0.566507 0.289499
vt 0.590826 0.328695
vt 0.559258 0.326559
vt 0.696070 0.265913
vt 0.535733 0.293177
vt 0.526569 0.327630
vt 0.491327 0.327770
vt 0.462082 0.164658
vt 0.496778 0.177843
vt 0.648551 0.157904
vt 0.628294 0.155486
vt 0.595128 0.282116
vt 0.550670 0.168303
vt 0.690174 0.155908
vt 0.527604 0.174592
vt 0.497518 0.168893
vt 0.419414 0.129285
vt 0.373917 0.098742
vt 0.389456 0.084469
vt 0.536011 0.065003
vt 0.508714 0.067752
vt 0.510861 0.021166
vt 0.656926 0.142408
vt 0.538192 0.022651
vt 0.593292 0.030503
vt 0.589870 0.054363
vt 0.461949 0.068805
vt 0.465941 0.023573
vt 0.483479 0.022843
vt 0.487616 0.070960
vt 0.455181 0.097698
vt 0.521179 0.162030
vt 0.436923 0.086579
vt 0.401848 0.064351
vt 0.409625 0.039678
vt 0.423229 0.099216
vt 0.406648 0.021775
vt 0.803981 0.772560
vt 0.833540 0.789911
vt 0.825217 0.823238
vt 0.329184 0.069546
vt 0.341224 0.049612
vt 0.646522 0.038580
vt 0.645680 0.049215
vt 0.352328 0.037582
vt 0.375209 0.023620
vt 0.374881 0.020332
vt 0.319788 0.066127
vt 0.331324 0.043420
vt 0.346026 0.028482
vt 0.584076 0.364356
vt 0.554718 0.361412
vt 0.779612 0.344831
vt 0.779612 0.314739
vt 0.843853 0.344343
vt 0.621983 0.359268
vt 0.652688 0.355388
vt 0.458225 0.362878
vt 0.428733 0.363851
vt 0.489645 0.362345
vt 0.523019 0.361707
vt 0.689121 0.320785
vt 0.684746 0.354696
vt 0.714916 0.357956
vt 0.116921 0.382261
vt 0.117168 0.381938
vt 0.919271 0.089734
vt 0.850798 0.247203
vt 0.890456 0.088938
vt 0.180577 0.662895
vt 0.518985 0.245135
vt 0.937352 0.231353
vt 0.937424 0.231287
vt 0.615919 0.271019
vt 0.424029 0.328752
vt 0.722004 0.323649
vt 0.412556 0.274886
vt 0.437303 0.157771
vt 0.524651 0.085702
vt 0.729012 0.278205
vt 0.714148 0.155513
vt 0.685696 0.142215
vt 0.479421 0.095142
vt 0.438367 0.122453
vt 0.544792 0.083177
vt 0.699400 0.086158
vt 0.756112 0.053961
vt 0.694772 0.026442
vt 0.768876 0.091645
vt 0.768852 0.023268
vt 0.835971 0.098218
vt 0.847169 0.066083
vt 0.844819 0.039016
vt 0.811403 0.014030
vt 0.242632 0.347361
vt 0.226132 0.397402
vt 0.070119 0.393580
vt 0.238601 0.752426
vt 0.289094 0.727905
vt 0.271500 0.787511
vt 0.152428 0.546441
vt 0.163429 0.545665
vt 0.149077 0.576054
vt 0.494955 0.824755
vt 0.522472 0.834392
vt 0.490321 0.869325
vt 0.244881 0.797886
vt 0.247571 0.824464
vt 0.226083 0.820280
vt 0.176522 0.778396
vt 0.183883 0.810141
vt 0.345350 0.727683
vt 0.359246 0.785745
vt 0.054656 0.724789
vt 0.383956 0.792265
vt 0.376930 0.799453
vt 0.402847 0.766432
vt 0.108025 0.848985
vt 0.210304 0.764809
vt 0.208977 0.800517
vt 0.189320 0.807739
vt 0.466476 0.812867
vt 0.475552 0.855448
vt 0.428549 0.784712
vt 0.456757 0.801012
vt 0.441247 0.825912
vt 0.089778 0.833691
vt 0.088101 0.875547
vt 0.069418 0.877999
vt 0.222695 0.796499
vt 0.181098 0.830704
vt 0.158954 0.852971
vt 0.127485 0.858653
vt 0.255216 0.793079
vt 0.084958 0.859294
vt 0.087420 0.797828
vt 0.514262 0.843675
vt 0.529916 0.844456
vt 0.509338 0.878485
vt 0.502717 0.874803
vt 0.456132 0.837788
vt 0.453974 0.832899
vt 0.446187 0.827929
vt 0.423114 0.815529
vt 0.412170 0.810207
vt 0.389404 0.805408
vt 0.186532 0.828516
vt 0.131714 0.871190
vt 0.120769 0.875693
vt 0.467304 0.884450
vt 0.464107 0.900136
vt 0.454449 0.894798
vt 0.175892 0.845439
vt 0.182337 0.856861
vt 0.159763 0.867137
vt 0.240769 0.856676
vt 0.250643 0.836858
vt 0.275224 0.833538
vt 0.500048 0.872750
vt 0.500255 0.888133
vt 0.195026 0.831444
vt 0.492293 0.887340
vt 0.446501 0.846908
vt 0.430944 0.850955
vt 0.421124 0.848313
vt 0.262449 0.793827
vt 0.065918 0.890002
vt 0.064302 0.876381
vt 0.072921 0.878092
vt 0.461687 0.880823
vt 0.204839 0.830308
vt 0.441279 0.844418
vt 0.404708 0.828817
vt 0.451817 0.868700
vt 0.383726 0.824464
vt 0.113915 0.863577
vt 0.088498 0.884124
vt 0.073166 0.892265
vt 0.404983 0.862258
vt 0.431722 0.872580
vt 0.159414 0.885534
vt 0.140436 0.886766
vt 0.098559 0.894740
vt 0.192361 0.853078
vt 0.132701 0.754986
vt 0.492548 0.881770
vt 0.487030 0.897606
vt 0.441742 0.879221
vt 0.225148 0.847364
vt 0.359861 0.800022
vt 0.355784 0.833538
vt 0.303956 0.855813
vt 0.330076 0.855813
vt 0.326852 0.895200
vt 0.185366 0.874923
vt 0.127724 0.893415
vt 0.307499 0.895200
vt 0.272396 0.895200
vt 0.160074 0.911637
vt 0.137944 0.925025
vt 0.228808 0.867745
vt 0.248083 0.899470
vt 0.189383 0.906795
vt 0.271961 0.800022
vt 0.117235 0.906140
vt 0.126342 0.934030
vt 0.398596 0.886457
vt 0.232916 0.907172
vt 0.251955 0.946736
vt 0.257111 0.936543
vt 0.286298 0.979038
vt 0.198782 0.937375
vt 0.154995 0.955149
vt 0.175524 0.941202
vt 0.190529 0.968417
vt 0.203444 0.965862
vt 0.227693 0.998377
vt 0.327167 0.931565
vt 0.306884 0.931794
vt 0.325875 0.964243
vt 0.306884 0.966704
vt 0.434395 0.899216
vt 0.448437 0.909146
vt 0.441616 0.926136
vt 0.251878 0.946756
vt 0.353996 0.855813
vt 0.387416 0.841663
vt 0.223931 0.970011
vt 0.271558 0.855813
vt 0.388992 0.855932
vt 0.391690 0.911609
vt 0.433007 0.945210
vt 0.408908 0.959123
vt 0.406495 0.952774
vt 0.457131 0.896260
vt 0.468550 0.905967
vt 0.466489 0.919704
vt 0.427172 0.919932
vt 0.429636 0.947894
vt 0.416779 0.945781
vt 0.351953 0.895200
vt 0.372039 0.934165
vt 0.380172 0.892088
vt 0.374722 0.934788
vt 0.354926 0.968841
vt 0.426923 0.935492
vt 0.413471 0.956649
vt 0.406963 0.956813
vt 0.372039 0.917501
vt 0.354926 0.952177
vt 0.325366 0.947578
vt 0.388548 0.948189
vt 0.414067 0.933379
vt 0.395694 0.963008
vt 0.340285 0.950160
vt 0.330334 0.948079
vt 0.330537 0.896401
vt 0.434640 0.922261
vt 0.455723 0.936744
vt 0.435719 0.957612
vt 0.105509 0.919032
vt 0.441461 0.905270
vt 0.354277 0.155018
vt 0.324202 0.249375
vt 0.291932 0.155745
vt 0.322954 0.142475
vt 0.324062 0.246961
vt 0.287607 0.265070
vt 0.266942 0.305861
vt 0.223595 0.309917
vt 0.321425 0.141458
vt 0.352913 0.153582
vt 0.361191 0.262017
vt 0.383388 0.302681
vt 0.285573 0.346092
vt 0.325530 0.363097
vt 0.366282 0.345658
vt 0.361259 0.680893
vt 0.850739 0.330072
vt 0.843390 0.352594
vt 0.824440 0.367271
vt 0.799892 0.367219
vt 0.780926 0.352550
vt 0.773603 0.329991
vt 0.824517 0.292818
vt 0.346951 0.548775
vt 0.283750 0.504910
vt 0.337071 0.509670
vt 0.361140 0.681379
vt 0.849725 0.329163
vt 0.842373 0.351684
vt 0.823421 0.366359
vt 0.798874 0.366304
vt 0.779909 0.351634
vt 0.772589 0.329074
vt 0.823507 0.291906
vt 0.257814 0.343766
vt 0.176862 0.488400
vt 0.275138 0.482627
vt 0.275122 0.540864
vt 0.111269 0.601220
vt 0.096222 0.503333
vt 0.095590 0.503946
vt 0.028252 0.423011
vt 0.461388 0.754536
vt 0.901826 0.349081
vt 0.591004 0.407535
vt 0.754195 0.801627
vt 0.713577 0.893241
vt 0.367950 0.540980
vt 0.900576 0.350229
vt 0.615763 0.563284
vt 0.802530 0.563006
vt 0.732849 0.536690
vt 0.771408 0.468912
vt 0.768712 0.475497
vt 0.722496 0.450120
vt 0.722103 0.449870
vt 0.671824 0.446051
vt 0.671237 0.446756
vt 0.615259 0.461349
vt 0.772017 0.469079
vt 0.615085 0.461185
vt 0.783108 0.655650
vt 0.040218 0.689149
vt 0.028725 0.103208
vt 0.376296 0.099992
vt 0.833540 0.876280
vt 0.835702 0.098126
vt 0.321909 0.067697
vt 0.845220 0.345456
vt 0.780979 0.344969
vt 0.826404 0.366592
vt 0.799795 0.366390
vt 0.799795 0.293740
vt 0.622763 0.357107
vt 0.878164 0.066245
vt 0.933952 0.066245
vt 0.879110 0.066245
vt 0.933006 0.066245
vt 0.937424 0.182013
vt 0.937352 0.185737
vt 0.578771 0.160682
vt 0.803981 0.832455
vt 0.825037 0.293115
vt 0.843853 0.314251
vt 0.798428 0.293317
vt 0.825037 0.365765
vt 0.798428 0.365967
vt 0.082699 0.405609
vt 0.259217 0.348666
vt 0.179088 0.573935
vt 0.174429 0.544888
vt 0.065702 0.826925
vt 0.081985 0.895109
vt 0.074720 0.904227
vt 0.069759 0.834635
vt 0.057522 0.862895
vt 0.085351 0.909148
vt 0.472268 0.890977
vt 0.187417 0.969126
vt 0.227751 0.989965
vt 0.179381 0.980967
vt 0.419948 0.931617
vt 0.447473 0.890922
vt 0.325366 0.914900
vt 0.385836 0.935787
vt 0.346611 0.922614
vt 0.345329 0.941822
vt 0.422660 0.944018
vt 0.089717 0.902387
vt 0.367454 0.344045
vt 0.326937 0.362026
vt 0.284382 0.346613
vn -0.651400 0.277300 -0.706200
vn -0.895900 0.212600 -0.390000
vn -0.660900 -0.091300 -0.744800
vn -0.690000 -0.282100 -0.666600
vn -0.646000 -0.506600 -0.570800
vn -0.411100 -0.911400 -0.014800
vn -0.409400 -0.912100 -0.018500
vn -0.247000 -0.918400 0.309100
vn -0.368600 -0.290500 0.883000
vn -0.000800 -0.706500 0.707600
vn -0.190000 -0.146200 0.970800
vn 0.099200 -0.288500 0.952300
vn -0.117600 0.093100 0.988700
vn 0.049700 0.296100 0.953900
vn -0.290000 0.639700 0.711800
vn -0.441800 0.806300 0.393400
vn -0.226600 0.919800 0.320200
vn -0.790500 0.143700 0.595300
vn -0.766100 0.123800 0.630700
vn -0.816300 0.411800 -0.405000
vn -0.553200 0.773400 -0.309500
vn -0.544800 0.710800 -0.444900
vn -0.907900 0.023600 0.418500
vn -0.906200 0.012500 0.422700
vn -0.910900 0.001000 0.412700
vn -0.303100 0.843100 -0.444100
vn -0.053700 0.998500 0.009500
vn -0.138500 0.986300 -0.089700
vn -0.973600 0.169300 -0.153300
vn -0.932600 0.324800 -0.157300
vn -0.955800 0.252200 0.151200
vn -0.937500 0.288500 0.194700
vn -0.920700 0.353700 -0.164500
vn -0.949500 0.174400 -0.260900
vn -0.695200 0.639300 -0.328700
vn -0.595000 0.667800 0.447100
vn -0.621300 0.646300 0.443000
vn -0.006300 0.282600 0.959200
vn -0.269000 0.204200 0.941200
vn -0.066300 -0.038700 0.997000
vn -0.393200 -0.081300 0.915800
vn 0.430400 0.145900 0.890700
vn 0.571900 -0.083400 0.816100
vn 0.596400 0.026700 0.802200
vn -0.886800 0.281900 0.366100
vn -0.391600 0.759500 -0.519300
vn -0.507300 0.566700 -0.649200
vn -0.477100 0.320200 -0.818400
vn 0.114400 0.106800 0.987700
vn 0.136500 0.337200 0.931500
vn -0.825100 0.231300 0.515500
vn -0.511900 -0.045700 0.857800
vn -0.290900 0.273300 -0.916900
vn -0.277900 0.000600 -0.960600
vn 0.123700 0.894500 0.429600
vn 0.089900 0.862100 0.498600
vn 0.362500 -0.153700 -0.919200
vn -0.037300 -0.154900 -0.987200
vn 0.093300 -0.163000 -0.982200
vn 0.718800 -0.695000 0.012900
vn 0.758100 -0.651800 -0.019600
vn 0.757000 -0.653300 -0.006900
vn 0.976000 0.014400 -0.217400
vn 0.837500 0.020700 -0.545900
vn 0.863300 0.020000 -0.504200
vn -0.026800 -0.972300 -0.232300
vn -0.010300 -0.971300 -0.237500
vn -0.134600 -0.969700 -0.204000
vn -0.051800 -0.976700 -0.208200
vn 0.047800 -0.125700 0.990900
vn -0.032600 -0.301300 0.952900
vn 0.248700 -0.141500 0.958200
vn -0.838900 0.459000 0.292400
vn -0.784500 0.527900 0.325300
vn -0.841900 0.452400 0.293900
vn -0.173500 0.066700 -0.982500
vn -0.075600 -0.297300 -0.951800
vn -0.405700 -0.167600 -0.898500
vn -0.046200 -0.387400 0.920700
vn 0.206300 -0.238500 0.949000
vn -0.841900 -0.061400 0.536000
vn -0.823200 -0.348600 0.448000
vn -0.656200 -0.424400 0.624000
vn -0.965700 0.066600 0.250800
vn -0.966800 0.065100 0.247200
vn -0.473200 0.406700 -0.781500
vn -0.248100 0.357500 -0.900400
vn -0.619000 0.390900 -0.681200
vn -0.553600 0.105900 -0.826000
vn 0.105800 0.159400 -0.981500
vn 0.186100 -0.378900 -0.906500
vn 0.111000 -0.215000 -0.970300
vn 0.325600 -0.607800 -0.724200
vn 0.221000 -0.575200 -0.787500
vn 0.377800 -0.909400 -0.173600
vn 0.460400 -0.879900 0.117000
vn 0.450300 -0.869400 0.203100
vn 0.480100 -0.599300 0.640500
vn 0.800900 -0.191000 0.567500
vn 0.489300 -0.137800 0.861100
vn 0.688800 -0.072200 0.721300
vn 0.495300 0.411900 0.764900
vn 0.666400 0.180700 0.723300
vn 0.438800 0.840700 0.317200
vn 0.640600 0.696400 0.323500
vn 0.333800 0.942000 0.035600
vn 0.562900 0.826100 -0.024400
vn 0.806400 -0.072400 0.586800
vn 0.990300 0.019400 0.137600
vn 0.073000 0.153900 -0.985400
vn 0.427800 0.317900 -0.846100
vn 0.149600 0.635600 -0.757300
vn 0.245900 0.699500 -0.671000
vn 0.979200 0.054000 -0.195700
vn 0.979500 0.058900 -0.192600
vn 0.980700 0.047900 -0.189500
vn -0.123400 0.801800 -0.584700
vn 0.096400 0.564700 -0.819700
vn -0.059700 0.984500 -0.164600
vn 0.691900 0.328200 -0.643100
vn 0.726700 0.134000 -0.673800
vn 0.720100 0.135300 -0.680500
vn 0.901000 0.213200 -0.377700
vn 0.861700 0.293800 -0.413700
vn 0.669900 0.370800 -0.643200
vn 0.641700 0.091600 -0.761400
vn 0.374700 0.530200 -0.760600
vn 0.736000 0.673100 -0.071800
vn 0.712500 0.699700 -0.052300
vn 0.805900 0.216000 0.551200
vn 0.534700 0.342800 0.772400
vn 0.997500 -0.070000 -0.001400
vn 0.978000 0.019400 -0.207500
vn -0.041900 -0.137300 0.989600
vn 0.844500 -0.161700 0.510500
vn 0.133500 0.856200 0.499100
vn 0.056600 0.939300 0.338300
vn 0.373700 0.345000 0.861000
vn 0.014000 -0.994400 -0.104900
vn 0.008800 -0.994400 -0.104700
vn 0.039700 -0.993700 -0.104400
vn 0.148600 0.022000 0.988600
vn -0.114000 0.068000 0.991100
vn -0.133900 0.206200 0.969300
vn 0.130700 0.547400 -0.826500
vn 0.255400 0.558400 -0.789300
vn -0.063200 0.493000 -0.867700
vn -0.341400 0.573200 -0.744800
vn -0.089000 0.470300 -0.878000
vn -0.462800 -0.473500 -0.749400
vn -0.310500 -0.417700 -0.853800
vn -0.203700 -0.463000 -0.862600
vn 0.810100 -0.549200 0.205200
vn 0.798800 -0.551600 0.240000
vn 0.807700 -0.588200 0.040100
vn -0.692000 -0.651000 0.311900
vn 0.195400 0.005600 -0.980700
vn 0.217100 -0.294000 -0.930800
vn 0.858200 -0.416100 0.300300
vn 0.781000 -0.511700 0.357900
vn 0.816600 -0.548400 0.180000
vn -0.718300 -0.681500 0.139800
vn -0.752000 -0.650800 0.104300
vn 0.968100 -0.235800 0.084100
vn 0.801100 -0.589800 -0.101300
vn 0.381300 0.127300 0.915600
vn -0.685800 -0.210900 -0.696600
vn 0.352500 -0.500800 -0.790500
vn 0.383900 -0.458000 -0.801700
vn 0.836300 0.540800 -0.089700
vn 0.807200 0.589400 0.032600
vn 0.745100 0.641200 0.183500
vn 0.998900 -0.003600 0.045500
vn 0.976200 0.140400 -0.165400
vn 0.971400 0.112300 -0.209300
vn -0.533600 0.575100 -0.620100
vn -0.294900 0.601400 -0.742500
vn 0.283100 0.272100 -0.919600
vn 0.326900 0.200300 -0.923600
vn -0.082100 -0.982600 -0.166700
vn -0.084600 -0.982700 -0.164600
vn 0.422300 -0.148500 0.894200
vn 0.250100 -0.061200 0.966300
vn -0.079100 0.246600 -0.965900
vn -0.508900 -0.112000 -0.853500
vn -0.255700 -0.187700 -0.948300
vn 0.465200 -0.246400 0.850200
vn 0.050400 0.380900 -0.923200
vn 0.459800 0.531400 -0.711400
vn 0.485700 0.500100 -0.716800
vn -0.671500 0.538300 0.509200
vn -0.813700 0.476500 0.332900
vn -0.820900 0.476100 0.315100
vn 0.072800 0.102700 0.992000
vn -0.916900 0.396600 0.044500
vn -0.928600 0.370500 0.021700
vn 0.665900 0.656000 0.355200
vn 0.670600 0.631400 0.389300
vn -0.037100 -0.834100 0.550300
vn 0.000000 -0.946300 0.323300
vn 0.000000 -0.943700 0.330900
vn -0.466600 -0.057900 -0.882500
vn -0.036600 -0.288800 -0.956700
vn 0.000500 -0.459200 -0.888300
vn -0.098500 -0.134500 0.986000
vn -0.001600 -0.143200 0.989700
vn 0.131300 -0.135300 0.982100
vn 0.747600 -0.454200 0.484500
vn 0.753400 -0.477700 0.451700
vn -0.791000 -0.548400 0.271100
vn -0.790700 -0.564800 0.235900
vn -0.729500 -0.489200 0.478000
vn 0.237500 -0.410100 -0.880600
vn 0.184800 -0.467900 -0.864200
vn -0.803000 -0.592700 0.062500
vn -0.804400 -0.591400 0.054900
vn 0.414700 -0.469600 -0.779400
vn 0.172700 -0.572200 -0.801700
vn 0.000000 -0.610900 -0.791700
vn -0.195000 -0.565800 -0.801100
vn -0.894900 -0.090600 -0.436800
vn -0.718400 -0.276200 -0.638400
vn -0.609300 -0.535400 -0.584800
vn 0.347100 0.827600 -0.441000
vn 0.095200 0.448200 -0.888800
vn 0.113700 0.696100 -0.708900
vn -0.382000 0.724300 0.574000
vn -0.466000 0.845800 0.259700
vn -0.300600 0.928600 0.217500
vn 0.200800 -0.902600 -0.380700
vn 0.165700 -0.983200 -0.076800
vn 0.139300 -0.982500 -0.123600
vn -0.609100 -0.450800 -0.652400
vn -0.606200 -0.599500 -0.522500
vn 0.115000 0.862000 -0.493700
vn 0.507100 -0.837400 -0.204000
vn 0.585300 -0.806300 0.085300
vn 0.830300 -0.521800 0.195400
vn -0.419500 -0.881500 -0.216700
vn -0.339200 -0.895400 -0.288400
vn -0.351900 -0.887900 -0.296300
vn 0.385900 0.877200 -0.285600
vn 0.603800 0.773200 0.193800
vn -0.165400 0.885800 0.433500
vn -0.038100 0.948100 0.315500
vn 0.241800 -0.854200 -0.460200
vn 0.011000 0.989500 0.144100
vn 0.177900 0.757500 0.628100
vn -0.027400 0.986200 0.162900
vn 0.260400 -0.861800 -0.435200
vn 0.957600 0.237400 -0.163100
vn 0.953500 0.301400 -0.005800
vn 0.828200 0.248500 0.502400
vn 0.864100 0.386300 -0.322500
vn -0.891700 0.316800 -0.323300
vn -0.843000 0.093600 -0.529600
vn -0.936800 0.345700 0.053900
vn 0.769200 -0.152000 -0.620700
vn 0.535700 -0.305700 -0.787100
vn 0.619400 -0.493800 -0.610300
vn -0.429500 -0.789900 -0.437500
vn -0.631400 -0.764400 -0.130400
vn -0.782000 -0.446400 -0.434900
vn -0.714900 -0.516800 -0.471000
vn -0.947400 0.308200 0.085600
vn -0.989500 0.144000 -0.011600
vn -0.963800 0.266500 0.004900
vn 0.652500 0.605200 0.455900
vn 0.606700 0.618100 0.499800
vn 0.630700 0.565200 0.531800
vn -0.644500 -0.745400 0.170100
vn -0.714200 -0.527500 -0.460100
vn 0.638700 0.486400 0.596200
vn -0.288100 -0.877300 0.383900
vn -0.005100 0.384700 0.923000
vn -0.824700 -0.124900 0.551500
vn -0.939800 -0.053200 0.337400
vn -0.182700 0.860600 0.475400
vn -0.106000 0.892200 0.439000
vn -0.673800 -0.667300 -0.317500
vn 0.881900 -0.426900 0.200100
vn 0.699100 -0.425600 0.574500
vn -0.945800 -0.054300 -0.320100
vn -0.923800 -0.036800 -0.381100
vn 0.064400 -0.786200 -0.614600
vn 0.673800 0.738400 0.027500
vn -0.942400 0.323500 0.085000
vn -0.942500 0.322400 0.087900
vn 0.863200 -0.256900 0.434600
vn 0.718400 0.150000 0.679200
vn 0.014200 -0.996000 -0.087800
vn 0.245800 -0.940500 0.234600
vn 0.042400 -0.997300 -0.058800
vn 0.805100 0.376900 0.457900
vn 0.597100 0.273000 0.754300
vn -0.601700 -0.015100 0.798500
vn -0.599100 -0.016400 0.800500
vn 0.819800 0.322000 0.473400
vn 0.598400 0.328400 0.730800
vn 0.647900 0.758900 -0.064300
vn 0.641900 0.763800 0.067000
vn 0.660500 0.750000 0.034500
vn 0.245700 -0.946300 0.209800
vn 0.986100 -0.143500 0.083700
vn 0.978200 -0.131800 0.160200
vn 0.944600 -0.192600 0.265600
vn -0.221000 0.831200 -0.510100
vn -0.233600 0.935000 -0.266900
vn 0.812300 0.329800 -0.481000
vn 0.338400 -0.894300 0.292600
vn 0.334700 -0.858200 0.389200
vn -0.326600 0.944700 0.027600
vn -0.337400 0.929900 -0.146200
vn -0.333100 0.941100 -0.057000
vn 0.001600 -0.247800 -0.968800
vn -0.012400 -0.240300 -0.970600
vn -0.005700 -0.245500 -0.969400
vn -0.965700 0.183300 0.183600
vn -0.954600 0.207600 0.213300
vn -0.977600 0.192600 0.084600
vn -0.983600 0.178800 0.020000
vn -0.983600 0.153900 0.094400
vn -0.001400 -0.244000 -0.969800
vn -0.002300 -0.251900 -0.967700
vn 0.000100 -0.251100 -0.968000
vn -0.646200 -0.697700 0.309100
vn -0.632300 -0.642000 0.433600
vn -0.658900 -0.646600 0.384300
vn -0.005600 -0.250300 -0.968100
vn 0.968700 -0.079500 0.235100
vn 0.953300 -0.089500 0.288300
vn 0.333200 -0.847900 0.412400
vn 0.677900 0.732800 -0.057800
vn 0.650600 0.748300 -0.129700
vn -0.565700 -0.718800 0.404000
vn -0.657500 -0.716100 0.234300
vn 0.328400 -0.818800 0.470900
vn -0.907100 -0.269200 -0.323400
vn 0.338900 -0.905300 0.256100
vn -0.326000 0.944700 0.034000
vn -0.971200 0.124600 0.203200
vn -0.945000 0.116800 0.305400
vn -0.607800 -0.729000 0.314800
vn -0.539800 -0.686100 0.487700
vn 0.948800 -0.181800 0.258300
vn 0.918100 -0.178100 0.354100
vn 0.704100 0.708300 0.049700
vn 0.695600 0.718100 0.018800
vn 0.705400 0.691800 0.154100
vn 0.983800 -0.166300 0.066800
vn 0.979800 -0.194300 -0.047800
vn 0.979700 -0.194600 -0.047900
vn -0.975700 0.135800 0.172000
vn -0.984700 0.173300 -0.014900
vn 0.646700 0.745000 -0.163100
vn 0.649200 0.742600 -0.164600
vn 0.983500 -0.168300 0.066300
vn -0.576700 -0.713300 0.398100
vn -0.642900 -0.735000 0.215300
vn -0.338700 0.918100 -0.205500
vn 0.409600 0.909600 0.069900
vn 0.409800 0.909600 0.068400
vn 0.438100 0.889700 -0.128100
vn 0.348000 0.880700 0.321300
vn 0.282600 0.815600 0.504900
vn 0.348500 0.881000 0.319900
vn 0.437500 -0.553700 -0.708400
vn 0.444000 0.875400 0.191300
vn 0.572600 0.639700 0.512800
vn -0.251900 -0.962800 -0.097800
vn -0.266100 -0.962700 -0.048400
vn -0.371300 -0.859100 -0.352200
vn 0.430200 -0.618200 -0.657700
vn 0.408600 -0.463600 -0.786100
vn -0.861700 -0.349800 0.367600
vn -0.822400 -0.447800 0.350800
vn -0.345000 0.841200 -0.416400
vn -0.188200 0.671400 -0.716700
vn -0.233900 0.415100 -0.879200
vn 0.206800 0.115100 0.971600
vn 0.353100 0.828600 0.434300
vn 0.181800 0.885500 0.427500
vn 0.201600 0.918300 0.340700
vn -0.330100 -0.873500 -0.357800
vn 0.217600 0.964800 0.147700
vn 0.371800 0.823900 -0.427700
vn 0.324900 0.909600 0.258900
vn -0.584000 -0.401300 -0.705600
vn -0.645200 0.425700 0.634400
vn -0.673300 0.297600 0.676800
vn -0.893100 0.398000 0.209500
vn -0.861400 0.494800 -0.114700
vn -0.344700 0.901900 -0.260100
vn -0.127000 0.846000 -0.517800
vn 0.538600 -0.554200 -0.634500
vn 0.975300 0.166100 -0.145200
vn 0.985200 0.021000 -0.170300
vn 0.973200 0.206200 -0.101200
vn -0.468400 0.645200 0.603500
vn -0.441300 0.588400 0.677500
vn -0.434900 0.613800 0.658800
vn 0.539000 -0.565600 -0.624200
vn -0.409800 0.643500 0.646500
vn -0.437900 0.505800 0.743200
vn 0.351300 -0.875300 0.332300
vn 0.235100 0.375500 0.896500
vn 0.869000 -0.476200 0.134000
vn 0.748800 -0.614000 0.249400
vn 0.274400 0.855300 0.439500
vn 0.344300 0.820400 0.456400
vn 0.574400 -0.697100 -0.429000
vn 0.560200 -0.701600 -0.440300
vn -0.797700 -0.223600 0.560000
vn -0.637400 -0.398700 0.659300
vn 0.847400 -0.129700 -0.514800
vn 0.815500 -0.105800 -0.568900
vn -0.268200 -0.737100 -0.620200
vn -0.564000 0.800400 0.202900
vn 0.970900 0.218600 -0.098100
vn 0.970300 0.219700 -0.100500
vn -0.724000 0.439800 0.531400
vn -0.553100 0.088200 0.828400
vn -0.292900 -0.922200 -0.252200
vn -0.483000 -0.850200 0.209100
vn -0.253700 -0.963500 -0.085700
vn -0.394300 0.280700 0.875100
vn 0.592400 -0.578300 0.560900
vn 0.563600 -0.590500 0.577600
vn -0.413200 0.208700 0.886400
vn -0.406700 0.144500 0.902000
vn -0.297800 0.858800 0.416900
vn -0.307600 0.879600 0.362700
vn -0.309300 0.818600 0.484000
vn -0.581100 -0.793800 -0.179600
vn -0.934000 0.036900 0.355300
vn -0.943500 0.151500 0.294500
vn -0.955800 0.173100 0.237500
vn 0.559800 0.819900 0.119900
vn -0.619900 0.775200 -0.121400
vn -0.634600 -0.769600 0.071000
vn -0.633400 -0.770500 0.071100
vn -0.655700 -0.754500 -0.027200
vn 0.673900 0.639100 0.370600
vn 0.669000 0.614400 0.418200
vn 0.674200 0.639100 0.370100
vn 0.677500 0.665700 0.312600
vn 0.675900 0.666200 0.315100
vn 0.677500 0.699000 0.228900
vn -0.108400 0.260500 -0.959300
vn -0.108200 0.256900 -0.960300
vn -0.100700 0.260100 -0.960300
vn 0.974300 -0.224100 -0.022000
vn 0.961400 -0.260900 0.086900
vn 0.961700 -0.268900 0.053400
vn 0.963300 -0.268100 0.005800
vn 0.975900 -0.203600 -0.078000
vn -0.106400 0.255300 -0.961000
vn -0.104000 0.263000 -0.959200
vn 0.332100 -0.933700 -0.134000
vn 0.324100 -0.925000 -0.198400
vn 0.351500 -0.933400 -0.071400
vn -0.102700 0.255600 -0.961300
vn -0.102400 0.271100 -0.957100
vn -0.909600 0.119500 0.397800
vn -0.919200 0.154700 0.361900
vn -0.637300 -0.768100 0.061600
vn -0.637800 -0.767800 0.061200
vn -0.338200 0.839600 0.425000
vn -0.368700 0.782700 0.501400
vn 0.286400 -0.952300 -0.105300
vn -0.620200 -0.772600 0.135800
vn -0.616200 -0.775500 0.137200
vn 0.723600 -0.376400 -0.578500
vn -0.572200 -0.819000 0.042100
vn -0.730600 -0.663700 0.160700
vn -0.639900 -0.742200 0.199200
vn 0.674500 0.630600 0.383800
vn 0.672100 0.629800 0.389300
vn 0.940500 -0.330500 0.078000
vn 0.951900 -0.304200 0.036000
vn 0.915900 -0.372000 0.150600
vn 0.272600 -0.957500 -0.093800
vn 0.245400 -0.963200 -0.109700
vn 0.248600 -0.968500 0.016200
vn -0.906600 -0.000800 0.422000
vn -0.938300 0.054100 0.341700
vn -0.373600 0.727200 0.575700
vn -0.352200 0.808900 0.470700
vn -0.891800 -0.452200 0.010300
vn 0.927800 -0.348000 0.134400
vn 0.897900 -0.439900 -0.011100
vn 0.936300 -0.315400 0.154400
vn -0.228100 0.880800 0.414900
vn 0.017900 0.941700 0.335900
vn -0.129200 0.862600 0.489000
vn -0.886500 0.106800 0.450200
vn -0.861100 0.126800 0.492300
vn -0.924300 0.141900 0.354200
vn -0.054500 -0.971600 -0.230200
vn 0.136300 -0.989300 -0.052000
vn 0.687100 0.630200 0.361500
vn 0.708900 0.549300 0.442500
vn 0.743200 0.426500 0.515500
vn -0.278700 0.940100 0.196300
vn -0.349300 0.937000 0.008100
vn -0.279200 0.940200 0.194900
vn -0.170800 0.887700 0.427500
vn -0.171400 0.888200 0.426200
vn -0.077000 0.803800 0.589900
vn 0.337300 -0.930400 0.143500
vn 0.337800 -0.929300 0.149400
vn 0.337200 -0.929500 0.149500
vn -0.644300 -0.733600 0.216000
vn -0.642300 -0.759800 0.100700
vn -0.337600 0.883400 -0.325000
vn -0.984100 0.176900 -0.013600
vn -0.980100 0.146600 -0.133500
vn 0.642400 0.712700 -0.281700
vn 0.642800 0.712100 -0.282200
vn -0.642600 -0.758700 0.106500
vn -0.644300 -0.725500 0.242000
vn -0.644500 -0.725300 0.242000
vn -0.980100 0.147400 -0.133000
vn -0.980600 0.148400 -0.128100
vn 0.642400 0.714500 -0.277000
vn 0.642900 0.714100 -0.276900
vn 0.980300 -0.192600 -0.042300
vn 0.980200 -0.193300 -0.042200
vn -0.642600 -0.759500 0.100900
vn -0.338000 0.885000 -0.320000
vn -0.338500 0.922500 -0.185500
vn -0.338300 0.922500 -0.185600
vn 0.338700 -0.896600 0.285100
vn 0.338400 -0.896700 0.285100
vn -0.982900 0.184100 0.006700
vn -0.982800 0.184300 0.006700
vn 0.644400 0.751300 -0.142400
vn 0.644600 0.751100 -0.142400
vn 0.983000 -0.158300 0.092900
vn 0.983000 -0.158500 0.092900
vn 0.002100 0.251200 0.967900
vn 0.001300 0.250900 0.968000
vn 0.000600 0.252400 0.967600
vn 0.001800 0.252800 0.967500
vn 0.001700 0.249300 0.968400
vn 0.000100 0.249700 0.968300
vn 0.984000 0.178100 0.002000
vn 0.972200 0.233900 0.005300
vn 0.973700 0.227600 0.005000
vn -0.867400 -0.467000 0.171600
vn -0.864600 -0.472300 0.171100
vn -0.889600 -0.421500 0.175700
vn -0.004900 -0.954900 0.297000
vn 0.000900 -0.955400 0.295200
vn -0.053200 -0.948800 0.311300
vn 0.000400 0.250600 0.968100
vn 0.002000 0.249400 0.968400
vn 0.867500 0.491000 -0.079000
vn 0.864700 0.495400 -0.082000
vn 0.889800 0.453300 -0.053400
vn 0.971400 -0.128500 0.199800
vn 0.640900 -0.729900 0.237800
vn 0.681100 -0.689900 0.245200
vn 0.676700 -0.694500 0.244400
vn 0.644800 0.729700 -0.227400
vn -0.343100 -0.895900 0.282100
vn -0.291100 -0.907500 0.302900
vn -0.297000 -0.906300 0.300600
vn -0.970900 0.210000 0.114600
vn -0.862500 0.499900 -0.079000
vn -0.865400 0.494600 -0.079500
vn -0.836300 0.543100 -0.074400
vn 0.005000 0.978900 -0.204300
vn -0.000800 0.978500 -0.206100
vn 0.053300 0.980500 -0.189000
vn 0.983500 -0.180500 0.008100
vn -0.983900 -0.154000 0.090700
vn -0.972100 -0.201200 0.120700
vn -0.973500 -0.195900 0.117300
vn -0.334200 0.939500 -0.075300
vn -0.338800 0.901100 -0.270500
vn 0.338700 -0.919300 0.200400
vn -0.640700 0.753900 -0.145100
vn -0.680900 0.722600 -0.119100
vn -0.676500 0.726200 -0.122100
vn 0.862600 -0.475800 0.171700
vn 0.865600 -0.471500 0.168600
vn 0.836500 -0.511400 0.196700
vn -0.644900 -0.747900 0.157300
vn 0.343200 0.919900 -0.189500
vn 0.291300 0.940200 -0.176800
vn 0.297100 0.938000 -0.178300
vn -0.983600 0.162300 -0.078200
vn 0.636900 0.770200 -0.032700
vn 0.334600 -0.858000 0.389700
vn -0.636500 -0.688700 0.347100
vn 0.001400 0.251800 0.967800
vn -0.000400 0.251100 0.968000
vn 0.001100 0.250100 0.968200
vn 0.003000 0.250700 0.968000
vn 0.000600 0.251500 0.967800
vn 0.000200 0.249600 0.968300
vn 0.002000 0.250400 0.968100
vn 0.002300 0.252200 0.967700
vn 0.000800 0.252500 0.967600
vn -0.000100 0.252300 0.967600
vn 0.002900 0.250500 0.968100
vn -0.000600 0.250400 0.968100
vn 0.002400 0.252100 0.967700
vn 0.000800 0.249000 0.968500
vn 0.002700 0.249500 0.968400
vn -0.000400 0.251300 0.967900
vn 0.003200 0.251400 0.967900
vn -0.066000 0.986900 0.147300
vn -0.176300 0.947400 0.267200
vn -0.178800 0.947400 0.265300
vn -0.365100 0.517700 0.773700
vn -0.427900 0.631500 0.646600
vn -0.418600 0.633700 0.650500
vn 0.276200 0.954300 0.113600
vn 0.300100 0.941300 0.154100
vn -0.790100 0.504800 -0.347600
vn -0.680600 0.621700 -0.387600
vn -0.684700 0.603500 -0.408600
vn -0.776000 -0.591400 -0.219200
vn -0.474400 -0.789700 -0.388900
vn 0.771700 -0.421500 -0.476200
vn 0.567700 0.809500 0.149400
vn 0.789900 0.571800 -0.221400
vn 0.873600 0.384900 -0.297600
vn -0.008000 0.988700 0.149700
vn -0.864700 -0.501800 0.020200
vn -0.855400 -0.515600 0.049300
vn -0.296600 -0.893900 0.336000
vn 0.038200 -0.837400 0.545200
vn -0.623900 -0.777000 0.083700
vn 0.875200 -0.106000 0.472000
vn 0.702400 -0.111400 0.703000
vn 0.803700 -0.060400 0.591900
vn -0.533500 -0.797200 0.282500
vn -0.781100 -0.390200 -0.487400
vn 0.731800 -0.446500 -0.514900
vn 0.674400 -0.360800 -0.644200
vn -0.333900 0.820600 0.463800
vn -0.322300 0.684800 0.653600
vn -0.301900 0.732900 0.609600
vn -0.966000 -0.194300 0.170200
vn -0.928600 -0.327200 0.175100
vn 0.939400 0.342500 -0.013600
vn 0.934800 0.168600 -0.312600
vn 0.669000 0.625200 0.401900
vn 0.204600 -0.961600 -0.182600
vn -0.944300 0.141000 0.297300
vn -0.257100 0.824900 0.503300
vn 0.970700 -0.228900 0.072500
vn -0.647100 -0.751500 0.127700
vn 0.285600 -0.908800 0.304000
vn 0.356800 -0.921300 0.154400
vn 0.337300 -0.920300 0.198000
vn -0.148700 0.192300 0.970000
vn -0.149900 0.112200 0.982300
vn -0.144200 0.327500 0.933800
vn 0.961500 0.043600 0.271400
vn 0.964400 0.252400 0.078300
vn 0.964700 0.252200 0.075600
vn -0.849800 -0.518500 0.094800
vn -0.845600 -0.524600 0.098900
vn 0.943200 0.024500 0.331200
vn 0.858100 -0.196100 0.474400
vn 0.161800 -0.926500 -0.339600
vn 0.162100 -0.928700 -0.333400
vn 0.148800 -0.919300 -0.364200
vn -0.938100 -0.224000 0.263900
vn -0.954300 -0.232400 0.188000
vn -0.985200 -0.139700 0.099000
vn -0.878800 -0.446600 0.167700
vn 0.719600 -0.081000 0.689600
vn 0.724000 -0.079800 0.685100
vn 0.714700 -0.082200 0.694600
vn 0.300800 -0.807600 0.507200
vn 0.446200 -0.840100 0.308200
vn 0.391500 -0.833400 0.390000
vn 0.088800 -0.882600 -0.461500
vn 0.018300 -0.869200 -0.494100
vn 0.046500 -0.877300 -0.477600
vn 0.877900 0.262600 0.400500
vn 0.926200 0.341300 0.160300
vn 0.882100 0.291600 0.370000
vn -0.958300 -0.241400 0.152600
vn -0.389200 0.614900 0.685800
vn -0.371200 0.679500 0.632900
vn 0.960500 0.147800 0.235500
vn 0.962400 0.161000 0.218800
vn 0.094100 -0.862900 -0.496500
vn 0.096500 -0.855900 -0.508100
vn 0.094200 -0.853500 -0.512400
vn 0.950200 0.280500 0.135300
vn 0.953300 0.275800 0.123300
vn 0.935300 0.168200 0.311200
vn 0.945800 0.298000 0.129000
vn 0.151300 -0.882200 -0.445800
vn 0.110200 -0.863500 -0.492200
vn -0.895600 -0.442100 -0.049600
vn -0.899200 -0.434800 -0.048600
vn -0.951000 -0.306200 -0.042500
vn -0.949000 -0.312200 -0.043500
vn -0.481200 0.741900 0.466900
vn -0.499800 0.763800 0.408500
vn -0.500800 0.740800 0.447600
vn -0.494900 0.741800 0.452400
vn -0.508000 0.743200 0.435400
vn 0.941500 0.321400 0.101000
vn 0.075300 -0.892600 -0.444500
vn 0.099800 -0.898000 -0.428400
vn -0.490200 0.741000 0.458800
vn -0.515200 0.675800 0.527000
vn -0.956700 -0.247200 -0.153800
vn -0.929700 -0.348700 -0.117900
vn 0.944400 0.311700 0.104600
vn 0.930400 0.223500 0.290400
vn -0.512500 0.741800 0.432500
vn -0.532200 0.713100 0.456300
vn -0.499700 0.760900 0.413900
vn -0.510800 0.766500 0.389200
vn -0.995700 -0.092300 -0.005800
vn -0.995700 -0.091800 -0.005900
vn 0.007000 -0.939400 -0.342800
vn 0.022700 -0.932100 -0.361500
vn -0.006900 -0.897800 -0.440300
vn -0.000800 -0.892600 -0.450800
vn -0.018200 -0.964600 -0.262900
vn -0.023000 -0.917900 -0.396100
vn -0.537400 0.702700 0.466200
vn -0.550000 0.664700 0.505600
vn -0.512000 0.762000 0.396300
vn -0.517400 0.749600 0.412700
vn -0.956600 -0.247300 -0.154100
vn -0.955500 -0.228300 -0.186700
vn -0.933100 -0.341400 -0.112600
vn -0.934200 -0.330100 -0.134900
vn 0.935400 0.170000 0.310200
vn 0.871300 0.046100 0.488600
vn 0.155500 -0.914100 -0.374500
vn 0.929400 0.064600 0.363200
vn 0.629800 0.774200 -0.062700
vn 0.093700 -0.861100 -0.499600
vn -0.522000 0.658200 0.542400
vn -0.536300 0.588400 0.605100
vn 0.926400 0.218500 0.306800
vn 0.879800 0.109000 0.462700
vn -0.995400 -0.095700 -0.000600
vn 0.260500 -0.964200 -0.048300
vn 0.108900 -0.994000 0.009600
vn 0.109400 -0.993800 0.016400
vn 0.547000 -0.259000 0.796000
vn -0.607600 -0.093500 -0.788700
vn -0.620500 -0.136500 -0.772200
vn -0.223800 0.925900 0.304300
vn -0.045900 -0.991500 0.121600
vn 0.539400 -0.271200 0.797100
vn 0.465300 -0.283000 0.838700
vn -0.759200 -0.136500 -0.636400
vn -0.632100 0.628800 -0.452700
vn -0.799800 0.210700 -0.562100
vn -0.895800 0.353200 -0.269700
vn -0.554900 -0.086500 -0.827400
vn -0.631700 0.775000 0.014300
vn -0.839500 0.351300 -0.414500
vn -0.834900 0.395000 -0.383200
vn -0.604400 -0.173100 -0.777600
vn 0.247800 0.097800 0.963800
vn 0.214700 0.156900 0.964000
vn 0.028900 -0.544900 0.838000
vn 0.623400 -0.778700 -0.069800
vn 0.520400 -0.389800 0.759700
vn 0.583200 -0.325900 0.744100
vn -0.674000 -0.712900 0.193500
vn -0.703500 0.010700 -0.710600
vn 0.145500 0.296600 -0.943800
vn 0.270800 -0.933000 -0.236900
vn 0.187600 -0.935200 -0.300300
vn 0.831100 0.196600 -0.520100
vn 0.717200 -0.028700 -0.696200
vn 0.176100 -0.940800 -0.289500
vn -0.857200 -0.509300 0.075800
vn -0.920000 -0.390500 0.033900
vn -0.980800 -0.186900 -0.055200
vn -0.714000 -0.690100 0.118100
vn -0.714900 -0.689500 0.116000
vn 0.129700 0.649600 0.749100
vn 0.225500 0.404900 0.886100
vn 0.427700 0.331000 0.841100
vn 0.096700 -0.285200 -0.953600
vn 0.211200 -0.262900 -0.941400
vn 0.107100 -0.543300 -0.832700
vn 0.362400 0.349700 -0.863900
vn 0.702400 0.339500 -0.625600
vn -0.031800 0.261300 0.964700
vn 0.531500 0.132900 0.836500
vn 0.354700 0.668700 -0.653500
vn 0.731700 0.650600 -0.203200
vn -0.078300 0.247000 0.965800
vn 0.165000 0.407800 0.898000
vn 0.295400 0.952400 0.075400
vn 0.201900 0.977400 0.063000
vn 0.644500 0.754800 0.122200
vn -0.169500 0.904300 -0.391700
vn 0.215000 -0.541200 -0.812900
vn 0.172000 -0.547600 -0.818900
vn 0.132500 0.000400 -0.991200
vn -0.796800 0.348600 0.493500
vn -0.758400 0.362800 0.541400
vn -0.842600 -0.189300 0.504100
vn 0.982700 0.049900 -0.178300
vn 0.475100 0.395100 0.786200
vn 0.676300 0.149300 0.721300
vn 0.968400 -0.090300 -0.232400
vn 0.823200 -0.022300 0.567300
vn 0.896900 -0.361900 -0.254200
vn 0.903000 -0.360300 -0.233900
vn -0.120700 -0.992600 -0.016100
vn -0.114700 -0.993100 -0.024800
vn -0.121400 -0.992400 -0.016900
vn -0.184800 -0.700600 0.689200
vn -0.179400 -0.695100 0.696100
vn -0.184000 -0.701200 0.688800
vn -0.167000 -0.682100 0.711900
vn -0.077300 -0.994700 -0.067900
vn -0.099200 -0.994100 -0.043100
vn 0.791300 -0.239100 0.562700
vn 0.795100 -0.247500 0.553700
vn 0.769100 -0.308100 0.560000
vn 0.527200 0.292600 -0.797700
vn 0.580700 0.094100 -0.808600
vn 0.522300 0.302800 -0.797200
vn -0.921700 0.287900 0.259700
vn -0.889200 0.352200 0.291900
vn -0.892500 0.353300 0.280400
vn -0.218100 0.418500 -0.881600
vn -0.418800 0.350200 -0.837800
vn -0.581700 0.349900 -0.734200
vn -0.456800 -0.021400 0.889300
vn -0.452100 -0.113900 0.884600
vn -0.267800 -0.184900 0.945500
vn -0.148400 -0.145000 0.978200
vn 0.046400 -0.254900 0.965800
vn 0.776100 -0.308100 0.550100
vn 0.819400 -0.422800 0.387000
vn 0.769000 -0.433300 -0.469900
vn 0.581700 -0.332200 -0.742500
vn -0.942700 0.239200 0.232600
vn -0.986700 0.157700 -0.039200
vn -0.987900 0.154900 -0.000300
vn -0.368300 0.078700 -0.926400
vn -0.553300 0.147500 -0.819800
vn -0.596100 -0.077200 0.799200
vn -0.326300 -0.165300 0.930700
vn 0.017400 -0.256400 0.966400
vn 0.482200 -0.735200 0.476300
vn -0.108600 -0.981300 -0.159100
vn 0.001500 -0.996200 -0.086600
vn 0.808800 0.523000 0.268900
vn 0.907700 0.311700 0.280800
vn 0.323400 0.878100 0.352500
vn 0.965700 0.084600 -0.245500
vn 0.972400 0.077500 -0.220000
vn 0.905400 0.093300 -0.414200
vn 0.501400 -0.649300 -0.571800
vn 0.999400 0.033700 0.005400
vn 0.999600 0.025800 0.009900
vn -0.881800 0.117400 -0.456700
vn -0.949800 0.071400 -0.304700
vn -0.925500 0.237600 -0.294700
vn -0.851900 0.153500 -0.500700
vn -0.852100 0.157200 -0.499100
vn -0.282900 0.090000 -0.954900
vn -0.154300 0.115100 -0.981300
vn -0.174500 0.126000 -0.976500
vn -0.285200 -0.957900 0.031900
vn -0.257300 -0.965400 0.041800
vn -0.358300 -0.932500 0.044200
vn -0.778200 0.605400 0.167100
vn -0.947400 0.311300 -0.073900
vn 0.034100 0.902600 0.429200
vn 0.021700 0.875700 0.482300
vn -0.974400 -0.023300 -0.223600
vn -0.044200 -0.998900 -0.012100
vn -0.031900 -0.998800 -0.037400
vn -0.031400 -0.994200 -0.102200
vn -0.005900 -0.997700 -0.067200
vn -0.001500 -0.999400 -0.035300
vn 0.002000 -0.999400 -0.034300
vn -0.007400 -0.998600 -0.052100
vn -0.002700 -0.999400 -0.033800
vn -0.000300 -0.998700 -0.050100
vn 0.056200 0.938400 0.340900
vn 0.276800 0.900900 0.334300
vn 0.998600 0.052200 0.007000
vn 0.998000 0.061700 0.005300
vn -0.779500 0.619600 0.091700
vn -0.687300 0.710400 0.151300
vn -0.052100 0.941300 0.333300
vn -0.948100 0.071400 -0.309900
vn -0.950500 0.044900 -0.307500
vn -0.044800 -0.986800 -0.155300
vn -0.028700 -0.990600 -0.133900
vn 0.223800 -0.051100 0.973300
vn -0.000500 -0.017600 0.999800
vn 0.022200 -0.024300 0.999500
vn -0.857200 0.036400 0.513600
vn -0.856300 0.045400 0.514500
vn -0.860300 0.002400 0.509700
vn -0.189500 -0.019500 0.981700
vn -0.908200 0.307700 0.283500
vn 0.236800 0.947500 0.214800
vn 0.510600 0.225000 -0.829800
vn 0.976100 -0.016600 -0.216500
vn 0.972500 -0.017400 -0.232100
vn 0.970800 -0.068500 -0.229900
vn 0.793800 -0.254100 0.552500
vn 0.213500 -0.195700 0.957100
vn 0.209100 -0.214900 0.954000
vn -0.459100 -0.002300 0.888400
vn -0.719300 0.461000 -0.519600
vn -0.727800 0.474800 -0.494800
vn -0.477600 0.434700 -0.763500
vn -0.153600 0.422400 -0.893300
vn 0.121800 -0.733500 0.668700
vn -0.249500 -0.939000 -0.236600
vn -0.304700 -0.852000 -0.425800
vn -0.304400 -0.852500 -0.424900
vn -0.368800 0.826300 -0.425700
vn 0.919000 -0.164200 -0.358400
vn 0.371300 0.205500 0.905500
vn 0.182300 0.982600 0.035500
vn 0.249500 0.939000 0.236600
vn -0.919000 0.164200 0.358400
vn -0.691000 -0.549600 -0.469400
vn 0.023700 0.929700 -0.367500
vn 0.835400 0.007300 -0.549600
vn 0.699100 -0.014000 -0.714800
vn 0.810700 -0.079300 -0.580000
vn 0.284200 -0.306800 0.908300
vn 0.197100 -0.571500 0.796500
vn 0.346300 -0.010300 0.938000
vn 0.285200 -0.302900 0.909300
vn -0.964800 0.239000 0.109300
vn -0.956600 0.281700 -0.074500
vn -0.935500 0.324200 0.140300
vn 0.787300 -0.169900 -0.592700
vn -0.371400 -0.557500 -0.742400
vn -0.984600 0.146400 0.095000
vn 0.579200 0.162900 -0.798700
vn 0.964300 -0.108600 -0.241500
vn 0.907400 -0.409600 -0.094400
vn 0.950600 -0.202300 -0.235300
vn 0.695700 -0.663400 -0.275400
vn -0.697800 0.199200 -0.688000
vn -0.692000 0.402600 -0.599100
vn -0.304300 0.183400 -0.934800
vn -0.766100 -0.625300 -0.148600
vn -0.340200 -0.583400 0.737500
vn 0.582900 -0.523100 0.621700
vn -0.254700 0.484700 0.836700
vn -0.547800 0.169600 0.819200
vn -0.489900 0.107100 0.865100
vn -0.032700 -0.138700 -0.989800
vn 0.055800 -0.392100 -0.918200
vn 0.003300 -0.410600 -0.911800
vn -0.149500 -0.139700 -0.978800
vn -0.322200 0.315700 -0.892500
vn -0.746500 0.304800 -0.591500
vn -0.555500 -0.103000 0.825100
vn -0.026700 0.102100 0.994400
vn -0.836800 0.532500 -0.126700
vn -0.464900 0.691300 -0.553100
vn 0.021600 0.096400 0.995100
vn -0.246700 0.219500 0.943900
vn -0.305400 0.207800 0.929300
vn -0.111700 0.573200 0.811800
vn -0.466500 0.858400 0.213300
vn -0.773600 0.596300 0.214300
vn 0.005200 0.971600 -0.236500
vn -0.378900 0.901500 0.208800
vn -0.059900 -0.428700 -0.901400
vn -0.103400 -0.431200 -0.896300
vn -0.120100 0.138000 -0.983100
vn 0.183100 0.712600 -0.677200
vn -0.411600 0.414700 -0.811500
vn 0.921800 0.353700 0.158300
vn 0.955700 0.166800 0.242400
vn 0.713300 0.402000 0.574100
vn -0.973200 -0.099400 -0.207300
vn -0.699600 -0.094500 0.708300
vn -0.932800 -0.224000 -0.282200
vn -0.810800 -0.262300 0.523300
vn -0.812300 -0.471100 -0.343900
vn -0.818800 -0.474000 -0.323900
vn 0.301500 -0.938500 -0.168200
vn 0.302300 -0.938100 -0.168900
vn 0.295800 -0.938700 -0.177100
vn 0.303500 -0.758700 0.576400
vn 0.302800 -0.759300 0.575900
vn 0.297100 -0.755500 0.583900
vn 0.261300 -0.736400 0.624100
vn 0.282400 -0.747600 0.601100
vn 0.281000 -0.939500 -0.195900
vn 0.259800 -0.939900 -0.221400
vn -0.104500 -0.374600 0.921300
vn -0.119200 -0.417700 0.900700
vn -0.095000 -0.415200 0.904800
vn -0.932200 0.352100 -0.082900
vn -0.926200 0.368100 -0.081800
vn -0.975000 0.212200 -0.066200
vn 0.816700 0.272000 -0.508800
vn 0.814100 0.381600 -0.437700
vn 0.820100 0.382800 -0.425300
vn -0.158600 0.479700 -0.862900
vn -0.336000 0.484900 -0.807400
vn -0.497100 0.546500 -0.673900
vn 0.874400 -0.305300 0.377100
vn 0.956600 -0.204700 0.207300
vn 0.969100 -0.104200 0.223700
vn 0.833300 -0.255900 0.489900
vn 0.574100 -0.336800 0.746200
vn 0.683200 -0.395200 0.614000
vn -0.373800 -0.506900 0.776700
vn -0.322800 -0.506200 0.799700
vn -0.932700 -0.108200 -0.344000
vn -0.952700 -0.303400 0.013200
vn 0.813900 0.222400 -0.536800
vn 0.813900 0.108200 -0.570800
vn -0.287300 0.315900 -0.904300
vn -0.446600 0.333500 -0.830200
vn 0.875600 -0.307700 0.372200
vn 0.974600 -0.195000 0.109800
vn 0.694300 -0.397900 0.599700
vn -0.156800 -0.783400 0.601400
vn -0.133300 -0.970200 -0.202000
vn -0.089400 -0.940400 -0.328000
vn -0.479600 0.655100 0.583800
vn -0.356700 0.820800 0.446000
vn -0.099200 0.864500 0.492700
vn -0.961600 0.126300 0.243400
vn -0.981400 0.138800 0.132500
vn -0.981300 0.149300 0.121700
vn -0.821300 -0.500600 -0.273500
vn -0.959400 0.123000 0.253600
vn -0.909900 0.052100 0.411500
vn -0.911200 0.060700 0.407500
vn 0.642700 0.225600 -0.732100
vn 0.707800 0.048200 -0.704800
vn 0.517700 0.146400 -0.842900
vn 0.413900 0.216500 -0.884200
vn 0.406100 0.197500 -0.892200
vn -0.360000 0.271800 -0.892500
vn -0.355700 0.274000 -0.893500
vn -0.401100 0.320700 -0.858100
vn 0.015900 -0.930200 -0.366600
vn 0.067000 -0.887900 -0.455100
vn 0.041500 -0.919900 -0.389900
vn 0.855500 0.489800 -0.167600
vn 0.805400 0.575500 -0.141200
vn 0.872800 0.228400 -0.431300
vn 0.290300 0.810400 0.508900
vn 0.210200 0.864000 0.457400
vn 0.791700 -0.134100 -0.596000
vn -0.044600 -0.979000 -0.199000
vn -0.079200 -0.972500 -0.219000
vn -0.087600 0.903700 0.419000
vn 0.120100 0.933000 0.339200
vn -0.908300 0.093300 0.407700
vn -0.908400 0.082400 0.409700
vn 0.716300 0.693900 -0.073400
vn 0.726200 0.676200 -0.123800
vn 0.216000 0.932000 0.291000
vn 0.747900 0.000400 -0.663700
vn 0.744600 0.047400 -0.665800
vn 0.187500 -0.062500 0.980300
vn 0.181800 -0.076400 0.980300
vn 0.383300 -0.042600 0.922600
vn 0.992500 -0.034500 0.117500
vn 0.992200 0.008600 0.123800
vn 0.992500 -0.000400 0.122400
vn 0.404500 -0.036600 0.913800
vn 0.569700 -0.044100 0.820600
vn 0.820700 0.378000 -0.428500
vn 0.090000 0.896300 0.434200
vn -0.955000 0.262700 -0.137800
vn -0.804500 -0.068900 0.589900
vn -0.819400 -0.159600 0.550500
vn -0.117600 -0.415100 0.902100
vn 0.573300 -0.351100 0.740200
vn 0.969700 -0.050000 0.239100
vn -0.226600 0.570100 -0.789700
vn 0.135600 0.613800 -0.777600
vn -0.546400 0.546200 -0.634800
vn 0.368800 -0.826300 0.425700
vn -0.198800 -0.768700 -0.607900
vn -0.097800 -0.884200 -0.456700
vn -0.198400 -0.769300 -0.607300
vn -0.371300 -0.205500 -0.905500
vn 0.000000 -0.996700 0.081100
vn -0.878000 -0.148800 0.454800
vn 0.466600 0.057900 0.882500
vn 0.097800 0.884200 0.456700
vn -0.008300 0.958900 0.283500
vn -0.006700 0.958100 0.286200
vn 0.878000 0.148800 -0.454800
vn -0.297600 -0.914200 0.274900
vn -0.217000 0.971100 -0.099400
vn -0.969800 -0.028600 0.242200
vn -0.995000 0.059900 0.079700
vn -0.955300 0.051700 0.291000
vn 0.482100 -0.445500 0.754300
vn 0.482500 -0.441800 0.756200
vn 0.431000 -0.687600 0.584300
vn 0.489500 -0.159200 0.857300
vn 0.724400 0.260400 -0.638200
vn 0.878100 0.148800 -0.454800
vn 0.736300 0.339000 -0.585700
vn -0.971900 -0.115300 0.205000
vn -0.372000 -0.429400 -0.823000
vn 0.582900 0.328700 -0.743100
vn 0.718600 0.171700 -0.673900
vn -0.961100 0.273700 -0.038400
vn -0.812900 -0.062200 0.579000
vn -0.814100 -0.096100 0.572700
vn 0.107700 0.580600 -0.807000
vn -0.819500 -0.185600 0.542200
vn -0.816000 -0.354700 0.456300
vn -0.812900 -0.573700 0.100100
vn 0.022000 0.518300 -0.854900
vn -0.136200 0.337000 -0.931500
vn -0.327800 0.267800 -0.906000
vn 0.422500 -0.794600 -0.436000
vn 0.663900 -0.673200 0.325600
vn -0.146600 -0.679600 0.718700
vn -0.045700 -0.998800 0.014500
vn -0.043700 -0.999000 0.004000
vn -0.051500 -0.998700 0.003400
vn -0.045600 -0.998900 -0.010800
vn -0.044600 -0.999000 -0.008300
vn -0.048400 -0.998800 -0.007500
vn -0.052800 -0.998500 -0.009200
vn 0.037100 -0.834100 0.550300
vn 0.000000 -0.838800 0.544400
vn -0.220600 0.111300 0.969000
vn 0.119400 0.205000 0.971400
vn -0.095800 -0.087500 0.991500
vn -0.068200 -0.992200 -0.104600
vn -0.077800 -0.991400 -0.104800
vn 0.046300 -0.988400 -0.144600
vn 0.034000 -0.986100 -0.162800
vn 0.264800 0.125700 -0.956100
vn -0.869000 0.021400 0.494200
vn -0.984300 0.001000 0.176300
vn -0.999900 -0.005600 0.010000
vn -0.857200 0.352700 0.375300
vn -0.928400 0.265300 0.260200
vn -0.907500 0.296800 0.297100
vn 0.256800 0.187700 0.948100
vn 0.394000 -0.199500 0.897200
vn 0.546700 0.801200 -0.243300
vn 0.535200 -0.717100 0.446400
vn 0.424300 -0.540400 0.726500
vn 0.598000 0.056300 0.799500
vn 0.674400 0.143900 0.724200
vn -0.798400 -0.137300 -0.586200
vn -0.468200 -0.363100 -0.805500
vn -0.569300 -0.118000 -0.813600
vn -0.884300 0.417200 0.209600
vn -0.973300 0.227700 0.029200
vn -0.896800 0.374000 0.236300
vn 0.884800 0.264600 -0.383500
vn 0.820200 -0.020100 -0.571800
vn 0.652800 0.457300 -0.604000
vn 0.891500 0.436000 -0.122500
vn 0.898900 0.425700 -0.103600
vn 0.869200 0.488800 -0.073700
vn -0.424300 0.468100 -0.775100
vn -0.446800 0.541900 -0.711800
vn -0.788900 0.603400 -0.116600
vn 0.144300 0.266000 0.953100
vn 0.089100 0.268100 0.959200
vn 0.088800 0.303900 0.948500
vn -0.982500 0.137800 -0.125100
vn -0.505900 -0.112300 -0.855200
vn -0.829200 0.342400 0.441800
vn -0.853900 0.372000 0.363900
vn 0.729500 0.082200 0.678900
vn -0.778600 0.062600 0.624300
vn -0.003800 0.149200 0.988800
vn -0.166300 0.113300 0.979500
vn 0.770700 -0.300500 -0.561800
vn 0.700500 -0.430600 -0.569000
vn 0.718200 -0.378100 -0.584100
vn -0.121800 0.733500 -0.668700
vn 0.165400 -0.006100 -0.986200
vn 0.950800 -0.287300 -0.115400
vn 0.933100 -0.329300 -0.144100
vn 0.939800 -0.309200 -0.145200
vn 0.715900 0.417000 -0.559900
vn 0.864200 0.288200 -0.412400
vn 0.961100 0.249900 -0.117500
vn 0.945600 0.274200 -0.175200
vn 0.472800 -0.020700 0.880900
vn 0.548600 -0.038300 0.835200
vn 0.549600 -0.025000 0.835000
vn 0.887200 0.393900 -0.240000
vn 0.934800 0.243800 -0.258200
vn 0.935800 0.011500 0.352300
vn 0.950000 0.034700 0.310300
vn 0.818600 -0.016800 0.574100
vn -0.629200 -0.204900 0.749700
vn -0.957600 0.243500 0.154000
vn -0.937600 0.295500 0.183200
vn -0.376000 -0.114000 -0.919600
vn -0.338000 0.110200 -0.934600
vn -0.349000 0.179500 -0.919700
vn 0.326800 -0.114400 -0.938100
vn 0.416100 -0.458600 -0.785200
vn 0.635000 -0.399600 -0.661100
vn -0.880000 -0.313500 -0.356600
vn -0.992500 -0.056700 -0.108400
vn -0.893500 -0.245300 -0.376200
vn -0.423000 0.222100 0.878400
vn -0.310800 0.313600 0.897200
vn -0.145800 0.209400 0.966900
vn 0.188600 0.063200 -0.980000
vn 0.238600 0.381500 -0.893000
vn 0.403700 0.189000 0.895200
vn 0.364900 0.205800 0.908000
vn 0.975300 -0.202700 -0.087600
vn 0.973700 0.210600 -0.086400
vn 0.846100 0.532200 -0.029800
vn 0.938900 0.066000 -0.337600
vn 0.166400 -0.254200 0.952700
vn 0.135600 -0.972600 0.188800
vn -0.134300 -0.451700 0.882000
vn -0.935000 0.333300 0.121000
vn -0.896300 0.378900 0.230500
vn -0.901200 0.393000 0.182700
vn 0.560700 0.650300 -0.512600
vn -0.998300 -0.027300 0.051500
vn 0.027400 -0.045300 0.998600
vn 0.892900 0.271800 0.358800
vn -0.879100 0.234200 -0.415200
vn -0.748800 0.640200 -0.171300
vn 0.125900 0.301200 -0.945200
vn 0.179200 0.296900 -0.937900
vn 0.010000 -0.588300 0.808600
vn 0.743200 0.210500 0.635000
vn 0.204000 0.731500 -0.650600
vn 0.191900 0.737500 -0.647400
vn -0.413100 -0.028000 -0.910200
vn 0.776300 0.073600 -0.626100
vn -0.234000 0.667100 -0.707200
vn -0.266400 0.710900 -0.650800
vn 0.783500 -0.246000 -0.570600
vn 0.913900 -0.187300 -0.360000
vn -0.009500 -0.050200 0.998700
vn -0.009900 -0.057800 0.998300
vn -0.908400 0.105300 0.404600
vn -0.952400 0.061500 0.298400
vn -0.936500 0.106400 0.334100
vn -0.378700 -0.402000 -0.833600
vn -0.348300 -0.373200 -0.859800
vn -0.344100 -0.405800 -0.846700
vn 0.796900 -0.139700 -0.587700
vn 0.802100 -0.207900 -0.559900
vn -0.990600 -0.047100 0.128300
vn 0.862400 -0.152500 -0.482700
vn 0.888900 -0.085200 -0.450000
vn -0.150500 0.790200 0.594000
vn -0.983200 -0.019200 0.181600
vn 0.334200 0.539500 -0.772800
vn 0.402200 0.716200 -0.570300
vn -0.497500 -0.125800 -0.858300
vn -0.494200 -0.157300 -0.855000
vn 0.410700 0.106600 0.905500
vn 0.970800 0.234500 -0.049900
vn 0.964500 -0.136000 -0.226100
vn 0.935000 -0.351900 -0.044000
vn 0.984200 -0.172800 -0.037400
vn -0.982100 -0.147000 0.117500
vn 0.996200 -0.050100 -0.070800
vn 0.996500 0.034900 -0.076300
vn 0.136100 0.203200 -0.969600
vn 0.362600 -0.155300 0.918900
vn 0.353100 0.200400 0.913800
vn -0.044100 0.203000 0.978200
vn 0.080400 0.185500 0.979300
vn 0.096700 0.250600 0.963200
vn -0.976600 -0.104600 -0.187900
vn -0.966600 -0.058700 0.249300
vn -0.306100 0.478300 -0.823100
vn -0.275000 0.476700 -0.834900
vn 0.795600 -0.065500 -0.602200
vn -0.080000 0.249900 0.964900
vn -0.335300 0.297400 0.893900
vn -0.725700 0.291400 -0.623200
vn -0.316100 0.346700 -0.883100
vn -0.976000 -0.075800 0.204100
vn -0.737000 0.296400 0.607400
vn -0.950900 0.091500 0.295600
vn -0.958000 0.100600 -0.268500
vn -0.161700 -0.102100 0.981500
vn -0.207800 -0.189100 -0.959700
vn 0.127500 0.181600 -0.975100
vn 0.998000 -0.054900 -0.031400
vn -0.952900 0.202500 0.225400
vn -0.717200 0.676700 0.166200
vn -0.451800 0.735800 0.504400
vn -0.255100 0.966600 0.021500
vn -0.771100 0.586500 -0.247800
vn 0.064700 0.527200 -0.847200
vn -0.557200 0.526400 -0.642200
vn -0.199700 0.914800 -0.351000
vn -0.295600 0.940100 -0.169700
vn 0.067200 0.986300 0.150600
vn 0.109300 0.428200 0.897000
vn -0.147600 0.449500 0.881000
vn -0.316900 -0.879800 0.354100
vn 0.069900 0.935100 0.347400
vn -0.063100 0.986200 0.152600
vn 0.964700 -0.188200 -0.184000
vn 0.768500 -0.413200 -0.488600
vn 0.700100 0.150200 -0.698000
vn 0.789900 -0.060700 -0.610100
vn 0.789300 -0.001200 -0.614000
vn 0.520200 0.198600 0.830600
vn 0.841100 0.272100 0.467400
vn 0.808300 0.318700 0.495000
vn -0.291400 0.207700 0.933800
vn -0.073200 0.936300 0.343500
vn 0.778300 0.088500 0.621700
vn 0.616400 0.038500 0.786500
vn 0.931100 0.144600 0.334900
vn 0.036800 0.883900 -0.466200
vn 0.269700 0.900300 -0.341700
vn 0.749300 -0.222200 -0.623800
vn 0.594000 -0.457700 -0.661500
vn 0.978100 0.084000 -0.190200
vn 0.553200 0.508700 -0.659600
vn 0.948700 0.225400 -0.221700
vn 0.354100 0.295500 0.887300
vn 0.575500 0.377500 0.725400
vn 0.725900 0.189700 0.661000
vn 0.907700 0.283700 0.309100
vn 0.256900 0.929400 0.264800
vn 0.432600 0.896000 0.100400
vn 0.277700 0.959700 0.043800
vn 0.327800 0.929200 -0.170300
vn 0.520900 0.835700 -0.173600
vn -0.033400 -0.106700 -0.993700
vn 0.434600 0.073500 -0.897600
vn -0.291800 0.085000 0.952700
vn -0.976000 0.198600 0.088600
vn -0.980000 0.022600 0.197400
vn -0.986800 0.087400 -0.136300
vn 0.200900 0.941600 0.269900
vn 0.462700 0.831900 0.306200
vn 0.378300 0.898700 -0.221900
vn -0.935800 0.017900 -0.352200
vn -0.983200 0.119900 -0.137800
vn 0.955300 0.284600 -0.080100
vn -0.742600 -0.552800 -0.378000
vn -0.745600 -0.556000 -0.367400
vn -0.635000 -0.184200 -0.750200
vn -0.967100 0.036000 -0.251800
vn -0.969600 0.041200 -0.241200
vn 0.854200 -0.104900 0.509300
vn -0.376900 0.919500 0.111500
vn -0.615300 0.771400 0.162000
vn -0.833600 -0.539200 0.120200
vn -0.280300 0.550200 -0.786600
vn -0.633100 -0.178100 -0.753200
vn 0.945800 0.315400 -0.077600
vn 0.920100 0.242700 -0.307500
vn 0.946200 0.248900 -0.206400
vn 0.947500 0.252600 -0.195700
vn 0.928300 0.357400 -0.102900
vn 0.928000 0.362300 -0.087000
vn 0.926800 0.359600 -0.107800
vn -0.526200 0.390900 -0.755200
vn -0.522700 0.768200 -0.369500
vn -0.832800 -0.541900 0.112700
vn 0.661900 0.066000 -0.746700
vn 0.454500 0.596400 -0.661500
vn 0.921200 -0.383000 0.068500
vn 0.921100 -0.384400 0.061700
vn 0.673100 0.399900 0.622100
vn 0.834900 -0.336300 -0.435600
vn 0.837300 -0.338900 -0.428900
vn 0.665000 0.059500 -0.744500
vn -0.972300 0.165900 -0.164400
vn -0.973800 0.166900 -0.154300
vn -0.971400 0.161100 -0.174400
vn -0.499800 0.841600 -0.204500
vn -0.898200 -0.023000 0.439000
vn -0.918100 -0.000900 0.396400
vn -0.922500 0.010700 0.385800
vn -0.918400 0.027400 0.394700
vn -0.914600 0.018800 0.403900
vn -0.921300 0.036100 0.387100
vn -0.904400 -0.018900 0.426100
vn 0.521300 0.019800 -0.853100
vn 0.993100 0.012300 -0.116800
vn -0.125300 -0.980700 -0.150100
vn -0.060100 -0.977800 -0.200800
vn -0.716200 -0.294700 0.632600
vn -0.633900 0.368900 -0.679700
vn 0.376200 -0.909900 -0.174600
vn 0.978900 0.194600 0.062700
vn 0.259600 0.797600 -0.544400
vn 0.982100 0.038800 -0.184100
vn 0.982000 0.036700 -0.185400
vn 0.983300 0.018300 -0.181200
vn 0.981900 0.037800 -0.185500
vn 0.980300 0.046000 -0.192100
vn 0.975200 0.055000 -0.214100
vn 0.979600 0.060500 -0.191800
vn -0.073500 0.991400 -0.108100
vn 0.045500 -0.993000 -0.108700
vn 0.813000 -0.582200 -0.007400
vn -0.626300 -0.554800 0.547600
vn 0.806600 -0.567900 -0.163900
vn -0.698800 -0.187900 -0.690200
vn 0.823000 0.563800 -0.068700
vn 0.898700 -0.421700 0.119800
vn -0.525200 0.585200 -0.617800
vn 0.448600 -0.266700 0.853000
vn -0.668700 0.565700 0.482500
vn 0.155600 0.400100 0.903100
vn -0.705600 -0.427600 0.565000
vn 0.156700 -0.912100 -0.378900
vn 0.001800 0.921300 0.388800
vn 0.640300 0.528400 0.557500
vn -0.672100 -0.668100 -0.319300
vn -0.200100 -0.903300 -0.379300
vn 0.624500 0.378600 0.683100
vn 0.968800 -0.179600 0.170300
vn -0.321200 0.943400 0.081900
vn 0.000300 -0.235900 -0.971800
vn 0.069100 0.711800 0.699000
vn -0.012600 -0.810600 -0.585400
vn -0.287000 0.808200 0.514200
vn -0.950100 0.086200 0.299700
vn -0.656300 -0.754100 -0.026200
vn 0.678200 0.698400 0.228600
vn -0.092500 0.262600 -0.960400
vn 0.330600 -0.943500 -0.023400
vn -0.646000 -0.738700 0.192300
vn -0.643100 -0.758300 0.106400
vn -0.644600 -0.739900 0.192600
vn -0.980400 0.149100 -0.128300
vn -0.337400 0.885300 -0.320000
vn -0.338000 0.911100 -0.235700
vn -0.339800 0.910500 -0.235600
vn 0.338000 -0.911100 0.235700
vn 0.339800 -0.910500 0.235600
vn -0.984000 0.172500 -0.043400
vn -0.984400 0.170600 -0.042900
vn 0.646000 0.738700 -0.192300
vn 0.644600 0.739900 -0.192600
vn 0.984000 -0.172500 0.043400
vn 0.984400 -0.170600 0.042900
vn 0.002900 0.249800 0.968300
vn 0.985000 0.172100 0.001600
vn -0.892200 -0.415700 0.176200
vn -0.059300 -0.947900 0.313100
vn -0.000300 0.252100 0.967700
vn 0.892400 0.448400 -0.050100
vn 0.636500 -0.734000 0.237000
vn -0.348500 -0.894500 0.279900
vn -0.832900 0.548500 -0.073800
vn 0.059400 0.980600 -0.187000
vn -0.985000 -0.149000 0.087500
vn -0.636400 0.757100 -0.147800
vn 0.833000 -0.515800 0.199900
vn 0.348600 0.917600 -0.190800
vn 0.003100 0.251700 0.967800
vn -0.000500 0.250100 0.968200
vn 0.001500 0.252900 0.967500
vn 0.001100 0.249000 0.968500
vn -0.365300 0.551700 0.749700
vn -0.828800 0.445600 -0.338300
vn 0.876600 -0.150400 0.457100
vn 0.256200 -0.897500 0.359000
vn -0.141200 0.385900 0.911600
vn 0.969300 0.200500 0.142400
vn 0.160100 -0.918200 -0.362300
vn -0.984200 -0.141100 0.106800
vn -0.871000 -0.450500 0.195800
vn 0.712200 -0.082900 0.697000
vn 0.232000 -0.778000 0.583800
vn 0.136000 -0.890800 -0.433500
vn 0.738900 0.189600 0.646500
vn 0.939700 0.305800 0.153000
vn 0.186800 -0.885300 -0.425700
vn 0.267300 -0.963300 -0.022000
vn -0.613700 0.788700 0.036700
vn -0.023900 -0.487300 0.872900
vn -0.718100 -0.683200 0.132300
vn -0.662900 0.198300 -0.721900
vn -0.980700 -0.186600 -0.058700
vn 0.052300 -0.536000 -0.842600
vn 0.295500 0.224300 -0.928600
vn -0.025800 0.705100 0.708600
vn -0.149200 -0.663600 0.733000
vn 0.834000 -0.430600 0.344800
vn 0.552300 0.805500 0.214900
vn 0.905800 0.092700 -0.413500
vn 0.018200 0.877100 0.479900
vn -0.057800 -0.996700 -0.057000
vn 0.001500 -0.999600 -0.028900
vn -0.652000 0.731200 0.200500
vn 0.228600 -0.065200 0.971300
vn -0.860600 -0.000800 0.509300
vn -0.190100 -0.018300 0.981600
vn 0.183400 0.982300 0.038500
vn 0.919000 -0.164200 -0.358300
vn -0.114200 -0.381900 0.917100
vn 0.813500 0.108400 -0.571300
vn -0.565800 0.533700 0.628400
vn 0.306100 0.818600 0.485900
vn 0.992400 -0.037700 0.117000
vn 0.570300 -0.043000 0.820300
vn -0.878100 -0.148800 0.454800
vn 0.878100 0.148800 -0.454700
vn -0.443300 0.238900 0.863900
vn -0.047900 -0.993200 -0.105700
vn -0.044600 -0.993200 -0.107300
vn 0.250700 0.118400 -0.960800
vn -0.825800 0.382000 0.414800
vn -0.851200 -0.030900 -0.523900
vn -0.794900 0.503400 0.338600
vn -0.910000 0.377100 -0.172300
vn 0.759000 -0.011200 0.651000
vn 0.296800 -0.091300 -0.950500
vn -0.861200 -0.355300 -0.363300
vn -0.971500 0.219400 0.089700
vn -0.991700 0.084800 0.096800
vn -0.919500 0.315600 0.234400
vn 0.756300 0.527900 -0.386400
vn -0.922600 0.339900 0.182000
vn -0.218200 -0.947200 0.234900
vn 0.811900 -0.254200 -0.525500
vn -0.904400 0.225700 0.361900
vn -0.416000 -0.352700 -0.838100
vn 0.476500 0.728800 -0.491700
vn -0.923800 -0.321200 0.208300
vn -0.914100 -0.019500 -0.405100
vn 0.926800 0.372200 -0.049500
vn 0.928100 0.363800 -0.079500
vn 0.926800 0.362700 -0.097100
vn 0.926100 0.349800 -0.141500
vn 0.929100 0.357300 -0.094700
vn -0.973800 0.160200 -0.161100
vn -0.972600 0.159400 -0.169400
vn -0.974500 0.169400 -0.147300
vn -0.976000 0.182600 -0.119000
vn -0.967500 0.146400 -0.206100
s 1
f 767/1/1 2/2/2 769/3/3
f 768/4/4 769/3/3 772/5/5
f 771/6/6 773/7/7 775/8/8
f 775/8/8 10/9/9 776/10/10
f 10/9/9 12/11/11 777/12/12
f 777/12/12 12/11/11 14/13/13
f 778/14/14 14/13/13 16/15/15
f 16/15/15 782/16/16 780/17/17
f 10/9/9 8/8/18 24/18/19
f 20/19/20 2/2/2 767/1/1
f 18/20/21 20/19/20 783/21/22
f 13/22/23 15/23/24 19/24/25
f 791/25/26 790/26/27 813/27/28
f 2/2/2 785/28/29 784/29/30
f 8/8/18 6/7/31 786/30/32
f 4/3/33 784/29/30 786/31/32
f 2/2/2 20/19/20 30/25/34
f 20/19/20 18/20/21 29/26/35
f 16/15/15 788/32/36 789/33/37
f 14/13/13 27/34/38 787/32/39
f 12/11/11 26/35/40 27/34/38
f 12/11/11 10/9/9 25/36/41
f 884/37/42 880/38/43 84/39/44
f 24/18/19 786/30/32 793/40/45
f 810/41/46 815/42/47 22/28/48
f 26/35/40 801/43/49 799/44/50
f 24/18/19 795/45/51 796/46/52
f 22/28/48 1660/47/53 403/48/54
f 28/32/55 1656/49/56 813/50/28
f 875/51/57 89/52/58 79/53/59
f 404/54/60 817/55/61 802/43/62
f 818/55/63 819/56/64 800/44/65
f 794/57/66 838/58/67 839/59/68
f 838/60/67 794/61/66 832/62/69
f 831/63/70 823/64/71 45/65/72
f 811/66/73 1653/67/74 834/68/75
f 58/69/76 918/70/77 923/71/78
f 823/64/71 54/72/79 55/73/80
f 830/74/81 53/75/82 846/76/83
f 840/77/84 844/78/85 53/75/82
f 51/60/86 52/79/87 58/69/76
f 49/59/88 51/58/86 56/80/89
f 849/81/90 850/82/91 851/83/92
f 850/82/91 853/84/93 855/85/94
f 854/86/95 857/87/96 858/88/97
f 859/89/98 68/90/99 858/88/97
f 860/91/100 70/92/101 68/90/99
f 860/91/100 861/93/102 72/94/103
f 861/93/102 862/95/104 74/96/105
f 863/97/106 865/98/107 74/96/105
f 68/90/99 83/99/108 82/100/109
f 849/81/90 852/101/110 78/102/111
f 866/103/112 78/102/111 76/104/113
f 67/105/114 65/106/115 61/107/116
f 874/108/117 888/109/118 889/110/119
f 867/53/120 868/111/121 60/101/122
f 82/100/109 81/112/123 64/113/124
f 81/114/123 867/53/120 62/83/125
f 60/101/122 868/111/121 88/108/126
f 78/102/111 88/108/126 87/115/127
f 872/116/128 871/117/129 74/96/105
f 870/117/130 85/118/131 72/94/103
f 85/118/131 84/39/44 70/92/101
f 82/100/109 877/119/132 876/120/133
f 26/35/40 25/36/41 798/38/134
f 878/121/135 877/119/132 82/100/109
f 889/122/119 828/123/136 86/117/137
f 84/39/44 85/118/131 882/44/138
f 879/121/139 890/124/140 893/125/141
f 112/126/142 848/127/143 929/128/144
f 103/71/145 901/129/146 897/130/147
f 108/71/148 106/70/149 897/130/147
f 926/131/150 123/132/151 129/133/152
f 898/134/153 931/135/154 935/136/155
f 846/76/83 53/75/82 924/137/156
f 58/69/76 116/138/157 917/71/158
f 907/76/159 905/139/160 919/140/161
f 53/75/82 845/78/162 908/141/163
f 113/142/164 919/140/161 914/143/165
f 55/73/80 112/126/142 906/144/166
f 56/80/89 923/145/78 909/146/167
f 116/147/157 912/148/168 915/146/169
f 916/143/170 105/140/171 122/134/172
f 907/76/159 113/142/164 110/125/173
f 113/142/164 913/149/174 109/150/175
f 910/146/176 108/145/148 896/132/177
f 921/151/178 117/148/179 116/147/157
f 832/62/69 841/61/180 111/60/181
f 894/63/182 405/152/183 45/65/72
f 80/111/184 79/53/59 403/48/54
f 31/61/185 403/153/54 47/62/186
f 55/73/80 54/72/79 848/127/143
f 45/65/72 55/73/80 114/154/187
f 920/60/188 116/138/157 58/69/76
f 102/146/189 902/155/190 901/156/146
f 115/157/191 118/137/192 928/158/193
f 906/144/166 112/126/142 120/159/194
f 107/141/195 925/160/196 928/158/193
f 104/139/197 899/161/198 122/134/172
f 940/162/199 939/163/200 617/164/201
f 1612/165/202 1615/166/202 1614/167/202
f 100/130/203 128/168/204 129/169/152
f 120/159/194 929/128/144 941/162/205
f 120/159/194 936/170/206 933/171/207
f 898/134/153 119/161/208 932/172/209
f 125/158/210 135/173/211 136/174/212
f 100/130/203 101/129/213 132/175/214
f 125/158/210 124/160/215 134/176/216
f 121/155/217 934/177/218 132/178/214
f 618/179/219 938/180/220 129/169/152
f 992/181/221 138/182/222 991/183/223
f 954/184/224 959/185/225 1062/186/226
f 949/187/227 948/188/228 981/189/229
f 157/190/230 987/191/231 989/192/232
f 947/193/233 946/194/234 991/183/223
f 954/195/224 1062/196/226 1060/197/235
f 150/198/236 966/199/237 158/200/238
f 961/201/239 958/185/240 1073/202/241
f 954/195/224 1059/203/242 1055/204/243
f 951/205/244 981/189/229 982/206/245
f 151/193/246 150/198/236 157/190/230
f 943/207/247 969/208/248 147/209/249
f 1019/210/250 192/211/250 1032/212/250
f 965/213/251 1048/214/252 1047/215/253
f 956/216/254 1048/214/252 965/213/251
f 214/186/255 222/185/256 216/201/257
f 1087/217/258 208/218/259 207/184/260
f 1073/202/241 221/219/261 220/220/262
f 138/182/222 976/221/263 977/222/264
f 990/183/265 972/223/266 971/224/267
f 945/200/268 978/225/269 979/226/270
f 961/201/239 220/220/262 1063/227/271
f 977/222/264 976/221/263 963/228/272
f 139/205/273 978/225/269 945/200/268
f 986/191/274 973/223/274 988/192/274
f 980/226/275 970/229/275 160/230/275
f 972/231/266 169/232/276 968/209/277
f 982/206/245 162/229/278 161/226/279
f 991/183/223 946/194/234 165/192/280
f 967/190/281 158/200/238 944/230/282
f 141/233/283 992/181/221 984/234/284
f 993/181/285 156/183/285 994/235/285
f 154/234/286 166/181/286 995/235/286
f 990/183/265 983/236/287 167/237/288
f 985/238/289 944/239/282 997/240/290
f 163/238/291 996/241/292 975/232/293
f 148/199/294 1047/215/253 950/187/295
f 169/232/276 998/242/296 1000/243/297
f 168/241/298 997/240/290 1001/243/299
f 1014/244/300 1012/245/301 1009/246/302
f 975/232/293 996/241/292 170/242/303
f 1025/247/304 173/248/305 174/249/306
f 149/250/307 147/209/249 172/251/308
f 1017/252/309 1010/246/309 1034/253/309
f 188/254/310 189/247/310 1030/255/311
f 177/246/312 1002/256/312 1005/257/313
f 1015/258/313 1005/257/313 1020/259/314
f 1007/260/315 1003/261/316 1031/212/317
f 1004/256/318 1006/262/319 1008/263/320
f 186/257/321 1008/263/320 1022/264/322
f 1033/211/323 1024/265/324 1026/266/325
f 187/267/326 181/268/327 1027/269/328
f 1013/270/329 1024/265/324 1033/211/323
f 1023/271/330 175/272/331 173/248/305
f 183/269/332 185/271/332 189/247/310
f 1021/273/333 1014/244/300 171/258/334
f 180/274/335 187/267/326 1028/254/336
f 182/275/311 1030/255/311 1035/276/337
f 179/256/338 190/252/338 191/277/338
f 197/278/337 1035/276/337 1041/279/339
f 1020/259/314 1037/280/340 194/281/340
f 178/259/341 1022/264/322 1039/282/342
f 180/274/335 1029/275/343 1036/278/344
f 174/249/306 193/283/345 198/276/346
f 1016/284/347 1038/281/348 1040/285/349
f 199/286/350 277/287/351 282/288/352
f 195/280/353 1039/282/342 1043/289/354
f 1038/281/348 1045/290/355 1046/291/356
f 193/283/345 199/292/350 204/279/357
f 196/293/358 1036/278/344 1042/294/359
f 194/281/340 1037/280/340 1044/295/360
f 952/296/361 143/214/362 955/216/363
f 142/215/364 143/214/362 952/296/361
f 140/187/365 142/215/364 205/188/366
f 1087/217/258 1086/297/367 208/218/259
f 953/298/368 1055/204/243 1056/299/369
f 1084/300/370 1082/301/371 227/302/372
f 1086/297/367 1053/303/373 1054/219/374
f 220/220/262 1064/302/375 228/304/376
f 137/221/377 144/305/378 962/228/379
f 44/306/380 831/63/70 405/152/183
f 1058/307/381 225/308/382 1077/309/383
f 221/219/261 229/303/384 227/302/372
f 1050/310/385 219/311/386 217/312/387
f 1114/313/388 1127/314/388 262/315/388
f 216/201/257 218/227/389 1149/316/390
f 216/201/257 1150/317/391 1061/197/392
f 137/318/377 206/296/393 145/216/394
f 948/188/228 206/296/393 137/318/377
f 208/218/259 1054/219/374 223/202/395
f 1068/319/396 1069/320/397 1085/297/398
f 1052/304/399 1049/321/400 1075/322/401
f 976/221/263 138/182/222 992/181/221
f 223/202/395 960/185/402 207/184/260
f 1052/304/399 1074/308/403 209/307/404
f 1081/301/405 1083/300/405 1070/320/405
f 1076/322/406 230/321/406 1067/323/406
f 1065/312/407 239/324/408 1069/325/397
f 231/322/409 232/323/410 1077/309/383
f 1086/297/367 234/320/411 235/300/412
f 1064/302/375 1080/301/413 1051/321/414
f 211/326/415 1079/327/416 1087/217/258
f 1088/217/417 1089/328/417 226/297/417
f 224/327/418 1090/328/418 236/217/418
f 1085/297/398 237/329/419 1078/330/420
f 1080/331/413 238/332/421 1092/333/422
f 1072/324/423 1091/332/424 233/331/425
f 218/227/389 209/307/404 1057/299/426
f 1095/334/427 1093/335/428 239/324/408
f 238/332/421 1094/335/429 1096/334/430
f 1109/336/431 241/337/432 1104/338/433
f 1072/324/423 240/335/434 1091/332/424
f 244/339/435 243/340/436 1120/341/437
f 219/311/386 242/342/438 217/312/387
f 1112/343/439 1129/344/439 1105/338/439
f 252/345/440 1125/346/441 259/341/442
f 1097/347/443 1113/343/444 247/338/445
f 246/259/446 1115/284/447 1100/348/448
f 1102/349/449 1121/350/450 1126/314/451
f 1103/351/452 1101/352/453 1099/347/454
f 1117/353/455 1103/351/452 256/348/456
f 1121/350/450 1119/354/457 1128/315/458
f 257/355/459 1123/356/460 1122/357/461
f 1108/358/462 1106/359/463 1128/315/458
f 243/340/436 245/360/464 1118/361/465
f 259/341/442 255/361/466 253/357/467
f 1116/362/468 1111/259/469 241/337/432
f 1124/345/470 1123/356/460 257/355/459
f 252/345/440 267/363/471 1130/364/472
f 249/347/473 261/365/473 260/343/473
f 273/366/474 1136/367/475 1141/368/476
f 246/259/446 264/280/477 1132/281/478
f 248/284/479 265/281/480 1134/285/481
f 250/369/482 266/370/483 1131/363/484
f 268/364/485 263/371/486 244/339/435
f 1135/372/487 1133/280/488 1111/259/469
f 1136/367/475 273/366/474 1248/373/489
f 271/374/490 1144/375/491 1143/376/492
f 356/377/493 1139/378/494 1147/379/495
f 1137/367/496 1140/380/497 1148/381/498
f 272/375/499 273/366/474 1142/382/500
f 355/383/501 270/379/502 1251/374/503
f 276/203/504 215/197/505 213/317/506
f 212/316/507 275/204/508 276/203/504
f 210/299/509 275/204/508 212/316/507
f 1152/288/510 1157/384/511 287/385/512
f 202/386/513 1042/387/359 1153/388/514
f 200/389/360 1044/390/360 1155/391/515
f 1041/392/339 1152/288/510 281/388/510
f 201/390/516 1043/393/354 1154/394/517
f 1045/389/355 1156/395/518 1151/396/519
f 1158/385/520 1175/397/521 1205/398/522
f 279/391/523 1154/394/517 1159/399/524
f 1156/395/518 1161/400/525 1162/401/526
f 277/287/351 283/402/527 288/384/528
f 280/403/529 1153/388/514 1158/385/520
f 278/395/515 1155/391/515 1160/404/530
f 1160/404/530 1167/405/531 1193/406/532
f 1157/384/511 1179/407/533 1211/408/534
f 1159/399/524 1171/409/535 1199/410/536
f 1161/400/525 1163/411/537 1187/412/538
f 283/402/527 1183/413/539 1217/414/540
f 289/415/541 295/416/542 1221/417/543
f 289/415/541 1188/418/544 1189/419/545
f 1221/417/543 295/416/542 1219/420/546
f 1194/421/547 1227/422/548 1229/423/549
f 1168/424/550 1198/425/551 1230/423/552
f 1172/426/553 1204/427/554 1233/428/555
f 292/429/556 295/416/542 307/427/557
f 1180/430/558 1216/431/559 1241/432/560
f 1217/414/540 1183/413/539 1244/433/561
f 296/418/562 1223/434/563 1225/435/564
f 1209/436/565 1207/437/565 1238/438/565
f 1218/439/566 1243/440/567 1245/441/568
f 1199/410/536 1171/409/535 1232/442/569
f 1164/443/570 1192/444/571 1226/435/572
f 317/445/573 1222/417/574 1246/441/575
f 1203/427/576 1201/446/576 1234/428/576
f 1212/447/577 1240/448/578 1242/432/579
f 1193/406/532 1167/405/531 322/449/580
f 1215/431/581 1213/450/581 329/432/581
f 1197/425/582 1195/451/582 323/423/582
f 1206/452/583 1235/453/584 1237/438/585
f 1176/454/586 1210/436/587 327/438/588
f 1191/444/589 1190/419/589 321/435/589
f 1200/455/590 324/456/591 325/428/592
f 319/417/593 318/420/593 331/441/593
f 1187/412/538 1163/411/537 320/457/594
f 1211/408/534 1179/407/533 328/458/595
f 1205/398/522 1175/397/521 326/459/596
f 290/460/597 295/416/542 299/444/598
f 293/461/599 295/416/542 311/436/600
f 291/462/601 295/416/542 303/425/602
f 294/463/603 295/416/542 315/431/604
f 295/416/542 310/437/605 311/436/600
f 290/460/597 300/421/606 302/451/607
f 291/462/601 304/455/608 306/446/609
f 292/429/556 308/452/610 310/437/605
f 293/461/599 312/447/611 314/450/612
f 294/463/603 316/439/613 1219/420/546
f 295/416/542 314/450/612 315/431/604
f 295/416/542 306/446/609 307/427/557
f 295/416/542 302/451/607 303/425/602
f 299/444/598 295/416/542 1189/419/545
f 1280/464/614 398/465/615 1339/466/616
f 1284/467/617 360/468/618 359/469/619
f 1139/378/494 1247/470/620 1259/471/621
f 1138/367/622 338/472/623 332/473/624
f 273/366/474 272/375/499 1273/474/625
f 1278/472/626 274/367/626 1249/373/626
f 1144/375/491 271/374/490 1252/475/627
f 333/476/628 1260/477/629 1264/478/630
f 1247/470/620 1280/464/614 1256/479/631
f 1273/474/625 348/480/632 1283/467/633
f 334/373/634 1253/481/635 1255/482/636
f 1257/483/637 342/484/638 1254/481/639
f 1277/472/640 1255/482/636 1279/485/641
f 1251/374/503 270/379/502 333/476/628
f 1274/474/642 1252/475/627 1270/486/643
f 1258/483/644 1276/487/645 1271/488/646
f 336/483/647 1248/373/489 1281/489/648
f 335/475/649 1264/478/630 1269/486/650
f 1248/373/489 1273/474/625 1283/467/633
f 355/295/501 1145/490/651 1132/281/478
f 266/370/483 353/491/652 1142/492/500
f 351/493/653 1148/494/498 263/371/486
f 356/495/493 1146/295/654 1133/280/488
f 265/281/480 354/490/655 1143/291/492
f 267/363/471 352/492/656 1141/493/476
f 1282/489/657 1262/496/658 1302/497/659
f 349/489/660 1296/498/661 1290/499/662
f 1286/500/663 1309/501/664 369/502/665
f 348/480/632 358/503/666 1285/468/667
f 347/486/668 1267/478/669 1286/500/663
f 1275/480/670 1268/486/671 1288/504/672
f 365/505/673 1299/506/674 1307/507/675
f 1281/489/648 1283/467/633 1297/508/676
f 345/477/677 1289/509/678 1292/510/679
f 350/467/680 346/511/681 1293/512/682
f 1294/512/683 374/513/684 375/514/685
f 1272/515/686 366/516/687 1301/517/688
f 343/487/689 1281/489/648 1299/506/674
f 1276/487/645 1304/505/690 1303/518/691
f 1309/501/664 1321/519/692 381/520/693
f 379/521/694 391/522/695 392/523/696
f 1305/524/697 1311/525/698 1317/526/699
f 1291/509/700 1311/525/698 1305/524/697
f 367/497/701 379/521/694 380/507/702
f 358/503/666 370/527/703 1314/528/704
f 1297/508/676 1306/514/705 1315/529/706
f 1303/518/691 1304/505/690 1308/530/707
f 359/469/619 360/468/618 372/528/708
f 361/499/709 364/498/710 376/529/711
f 1301/517/688 366/516/687 378/531/712
f 1288/504/672 1310/532/713 1313/527/714
f 1316/533/715 1308/530/707 1323/534/716
f 1315/529/706 1306/514/705 1325/535/717
f 1314/528/704 370/527/703 382/536/718
f 1312/537/719 378/531/712 390/538/720
f 373/539/721 376/529/711 388/540/722
f 371/541/723 372/528/708 384/542/724
f 1307/507/675 1320/523/725 389/534/726
f 1310/532/713 1322/543/727 1327/536/728
f 374/513/684 386/544/729 387/535/730
f 1327/536/728 1322/543/727 1333/545/731
f 387/535/730 386/544/729 1330/546/732
f 385/547/733 388/540/722 1329/546/734
f 383/548/735 384/542/724 1332/545/736
f 1326/540/737 1325/535/717 394/546/738
f 1328/542/739 382/536/718 393/545/740
f 1318/549/741 1317/526/699 1331/550/742
f 1275/480/670 337/474/743 1268/486/671
f 381/520/693 1321/519/692 1334/551/744
f 333/476/628 1259/471/621 344/515/745
f 392/523/696 391/522/695 1336/552/746
f 1324/553/747 1323/534/716 1335/552/748
f 1319/554/749 390/538/720 1337/555/750
f 389/534/726 1320/523/725 395/552/751
f 1281/489/648 1248/373/489 1283/467/633
f 339/481/752 1340/556/753 1341/557/754
f 1254/481/639 342/484/638 399/558/755
f 1255/482/636 397/557/756 1338/559/757
f 1339/466/616 398/465/615 1343/560/758
f 1341/557/754 1340/556/753 1342/561/759
f 396/556/760 399/558/755 400/561/761
f 1338/559/757 397/557/756 1344/561/762
f 332/473/624 338/472/623 341/485/763
f 1259/471/621 1247/470/620 1256/479/631
f 1139/378/494 1259/471/621 333/476/628
f 801/43/49 26/35/40 798/38/134
f 628/562/764 814/563/765 1663/564/766
f 25/36/41 796/46/52 798/38/134
f 883/44/767 827/565/768 824/566/769
f 25/36/41 24/18/19 796/46/52
f 83/99/108 878/121/135 82/100/109
f 70/92/101 84/39/44 83/99/108
f 878/121/135 83/99/108 880/38/43
f 880/38/43 83/99/108 84/39/44
f 31/57/185 21/29/770 403/48/54
f 48/567/771 619/568/772 405/152/183
f 821/569/773 404/54/60 402/38/774
f 99/124/775 92/121/776 881/38/777
f 23/31/778 21/29/770 31/57/185
f 885/570/779 888/109/118 80/111/184
f 89/61/58 47/62/186 403/153/54
f 79/53/59 89/52/58 403/48/54
f 146/213/780 966/199/237 150/198/236
f 150/198/236 151/193/246 153/222/781
f 957/305/782 965/213/251 964/228/783
f 146/213/780 153/222/781 152/228/784
f 835/55/785 93/37/786 94/44/787
f 406/571/788 401/38/789 93/37/786
f 1346/572/790 417/573/791 426/574/792
f 1347/575/793 410/576/794 1353/577/795
f 410/576/794 423/578/796 429/579/797
f 1359/580/798 1360/581/799 426/574/792
f 1356/582/800 428/583/801 429/579/797
f 1358/584/802 1359/580/798 417/573/791
f 1361/585/803 417/573/791 1346/572/790
f 421/586/804 419/572/805 427/587/806
f 419/572/805 421/586/804 420/588/807
f 410/576/794 1352/589/808 1366/590/809
f 422/591/810 423/578/796 410/576/794
f 420/592/807 1356/582/800 423/578/796
f 416/593/811 1735/593/812 1745/594/813
f 429/579/797 428/583/801 1369/595/814
f 1345/587/815 426/574/792 430/595/816
f 428/583/801 427/587/806 1369/595/814
f 407/589/817 429/579/797 1369/595/814
f 1360/581/799 1363/596/818 430/595/816
f 1364/596/819 1367/590/820 1369/595/814
f 1367/590/820 407/589/817 1369/595/814
f 426/574/792 1360/581/799 430/595/816
f 1350/597/821 412/598/822 1354/599/823
f 1355/599/824 415/600/825 1357/601/826
f 415/600/825 1355/599/824 1365/596/827
f 412/598/822 408/590/828 424/596/829
f 1372/602/830 1370/603/831 1371/604/832
f 1435/605/833 442/606/834 436/607/835
f 1377/608/836 1376/609/837 1444/610/838
f 1374/607/839 1375/606/840 438/611/841
f 434/609/842 440/608/843 439/612/844
f 433/613/845 439/612/844 441/604/846
f 1373/614/847 1371/604/832 1408/615/848
f 509/616/849 1395/617/850 442/606/834
f 1494/618/851 1409/619/852 1391/620/853
f 1375/606/840 456/617/854 454/621/855
f 439/612/844 440/608/843 1392/620/856
f 439/612/844 1411/622/857 459/615/858
f 1397/623/859 1407/615/860 1389/624/861
f 1378/625/862 1388/626/863 463/627/864
f 1379/628/865 449/629/866 1402/630/867
f 448/631/868 1395/617/850 509/616/849
f 460/632/869 1406/633/870 449/629/866
f 1398/634/871 1400/635/872 1387/636/873
f 1404/637/874 1387/636/873 1390/638/875
f 1382/639/876 1401/630/877 1399/634/878
f 454/621/855 456/617/854 1382/631/876
f 1385/640/879 458/622/880 1393/620/881
f 1384/641/882 1387/636/873 462/642/883
f 1385/640/879 1389/624/861 1407/615/860
f 461/643/884 463/627/864 447/626/885
f 1400/635/872 1416/644/886 462/642/883
f 1403/645/887 452/646/888 450/647/889
f 556/648/890 1572/649/891 1578/650/892
f 556/648/890 1566/651/893 1574/652/894
f 1556/653/895 556/648/890 1578/650/892
f 463/627/864 1421/654/896 1419/655/897
f 1420/656/898 1427/657/899 1406/633/870
f 1412/643/900 462/642/883 1417/658/901
f 1414/659/902 1421/654/896 463/627/864
f 1416/644/886 1425/660/903 1418/658/904
f 556/648/890 557/661/905 1566/651/893
f 1553/662/906 556/648/890 1556/653/895
f 1553/662/906 557/661/905 556/648/890
f 466/655/907 469/654/908 1428/663/909
f 468/658/910 1424/660/911 1422/664/912
f 1423/664/913 1428/663/909 469/654/908
f 1376/609/837 1445/665/914 1442/666/914
f 1429/667/915 1446/668/915 1440/669/915
f 1435/605/833 436/607/835 1432/670/916
f 431/602/917 476/671/918 478/672/919
f 1370/603/831 1372/602/830 477/673/920
f 435/603/921 475/674/922 1441/675/922
f 433/613/845 474/675/923 483/665/923
f 480/676/924 482/677/925 1430/678/925
f 1374/607/839 432/679/926 481/678/927
f 1455/680/928 1479/681/928 1451/165/928
f 1461/165/929 1480/681/930 1457/682/931
f 768/4/4 767/1/1 769/3/3
f 1616/166/932 1619/683/932 597/684/932
f 491/685/933 1470/686/933 487/687/933
f 1481/688/934 497/680/934 485/166/934
f 1482/688/935 495/683/936 493/683/936
f 1467/689/937 1463/690/937 1449/691/937
f 770/692/938 768/4/4 772/5/5
f 778/14/14 777/12/12 14/13/13
f 1448/167/928 486/693/928 1458/682/928
f 1487/694/939 1489/695/939 1482/688/935
f 494/684/934 484/167/934 1478/696/934
f 1490/697/940 1492/698/941 1456/699/942
f 1491/700/943 1483/701/944 1485/702/944
f 1488/703/945 1491/700/943 503/704/946
f 496/705/947 502/706/948 507/707/949
f 1456/699/942 1492/698/941 1486/708/950
f 1480/681/930 504/709/951 1484/710/951
f 505/711/952 502/706/948 496/705/947
f 1493/712/953 442/606/834 1435/605/833
f 431/602/917 437/614/954 476/671/918
f 432/679/926 438/611/841 480/676/924
f 1494/618/851 1377/608/836 1444/610/838
f 457/623/955 509/713/849 508/714/956
f 437/614/954 508/714/956 476/671/918
f 443/628/957 448/639/868 509/715/849
f 438/611/841 454/621/855 1410/716/958
f 438/611/841 510/717/959 480/676/924
f 454/621/855 1405/718/960 1410/716/958
f 511/619/961 444/719/961 455/620/961
f 446/636/962 1386/641/962 1394/638/962
f 1380/625/963 1397/720/859 1389/626/861
f 457/721/955 443/628/957 509/715/849
f 1496/722/964 1495/723/965 531/724/966
f 1497/725/967 1499/726/968 1503/727/969
f 515/728/970 1501/729/971 534/730/972
f 531/724/966 1510/731/973 1509/732/974
f 534/730/972 533/733/975 1506/734/976
f 1508/735/977 1511/736/978 522/737/979
f 1511/736/978 1512/738/980 1496/722/964
f 526/739/981 533/733/975 532/723/982
f 525/740/983 526/739/981 524/722/984
f 1516/741/985 1502/729/986 515/728/970
f 527/742/987 1497/725/967 515/728/970
f 525/743/983 1518/742/988 528/744/989
f 519/745/990 748/746/991 521/747/992
f 534/730/972 1519/748/993 533/733/975
f 1495/723/965 535/748/994 531/724/966
f 533/733/975 1519/748/993 532/723/982
f 512/729/995 1519/748/993 534/730/972
f 1510/731/973 535/748/994 1513/749/996
f 1514/749/997 1519/748/993 1517/741/998
f 1517/741/998 1519/748/993 512/729/995
f 531/724/966 535/748/994 1510/731/973
f 1500/750/999 1504/751/1000 517/752/1001
f 1505/751/1002 1507/753/1003 520/754/1004
f 520/754/1004 530/731/1005 1515/749/1006
f 529/749/1007 513/741/1008 517/752/1001
f 1522/755/1009 1523/756/1010 1521/757/1011
f 1585/758/1012 541/759/1013 547/760/1014
f 1527/761/1015 1594/762/1016 1526/763/1017
f 543/764/1018 1525/760/1019 1524/759/1020
f 544/765/1021 545/761/1022 539/763/1023
f 538/766/1024 540/767/1025 546/757/1026
f 1523/756/1010 1546/768/1027 1558/769/1028
f 547/760/1014 1545/770/1029 614/771/1030
f 1644/772/1031 1527/761/1015 1541/773/1032
f 559/774/1033 561/770/1034 1525/760/1019
f 544/765/1021 1561/775/1035 1542/773/1036
f 544/765/1021 546/757/1026 564/769/1037
f 1547/768/1038 1539/776/1039 1557/769/1040
f 1528/777/1041 1531/778/1042 568/779/1043
f 1529/780/1044 1533/781/1045 1552/782/1046
f 553/783/1047 614/771/1030 1545/770/1029
f 554/784/1048 569/785/1049 565/786/1050
f 1537/787/1051 1550/788/1052 1548/789/1053
f 1554/790/1054 1540/791/1055 1537/787/1051
f 1549/789/1056 1551/782/1057 1532/781/1058
f 1532/783/1058 561/770/1034 559/774/1033
f 1535/792/1059 1543/773/1060 563/775/1061
f 1534/793/1062 1562/794/1063 567/795/1064
f 1535/792/1059 563/775/1061 1557/769/1040
f 552/796/1065 568/779/1043 566/794/1066
f 567/795/1064 570/797/1067 1550/788/1052
f 1553/798/906 558/799/1068 555/800/1069
f 1569/801/1070 1571/802/1071 568/779/1043
f 569/785/1049 1577/803/1072 1570/804/1073
f 1562/794/1063 1563/805/1074 1567/806/1075
f 568/779/1043 1571/802/1071 1564/805/1076
f 1568/806/1077 1575/807/1078 570/797/1067
f 571/801/1079 575/808/1080 578/809/1081
f 1573/810/1082 577/807/1083 573/806/1084
f 574/802/1085 578/809/1081 576/810/1086
f 1592/811/1087 1595/812/1087 1526/763/1017
f 1579/813/1088 1581/814/1088 1590/815/1088
f 1585/758/1012 1583/816/1089 1582/817/1089
f 536/755/1090 1587/818/1091 583/819/1091
f 1589/820/1092 582/818/1092 1522/755/1009
f 1591/821/1093 580/820/1093 540/767/1025
f 588/812/1094 579/821/1094 538/766/1024
f 537/822/1095 1580/823/1096 587/824/1096
f 1524/759/1020 584/817/1097 586/823/1097
f 1605/680/1098 1603/166/1098 1601/165/1098
f 1630/681/1099 1611/165/1100 1607/682/1101
f 1464/167/1102 1465/166/1102 1462/165/1102
f 617/164/201 937/825/1103 133/826/1103
f 1604/827/1104 1620/686/1104 592/687/1104
f 1631/688/1105 1624/683/1105 590/166/1105
f 598/683/1106 1632/688/1107 1625/828/1108
f 1599/691/1109 1617/689/1109 1597/829/1109
f 774/830/1110 771/6/6 775/8/8
f 776/10/10 10/9/9 777/12/12
f 1598/167/1098 1627/696/1098 1608/682/1098
f 1632/688/1107 1639/695/1111 1637/694/1111
f 599/684/1105 1626/828/1105 1628/696/1105
f 1606/699/1112 1642/698/1113 1640/697/1114
f 1641/700/1115 608/704/1116 1635/702/1117
f 1638/703/1118 611/831/1118 608/704/1116
f 601/705/1119 606/832/1120 612/707/1121
f 1606/699/1112 603/833/1104 1636/708/1122
f 1630/681/1099 1607/682/1101 1634/710/1123
f 601/705/1119 607/706/1124 610/711/1125
f 1643/834/1126 1585/758/1012 547/760/1014
f 536/755/1090 581/835/1127 542/756/1128
f 537/822/1095 585/836/1129 543/764/1018
f 1644/772/1031 1594/762/1016 1527/761/1015
f 613/837/1130 614/838/1030 562/768/1131
f 542/756/1128 581/835/1127 613/837/1130
f 548/780/1132 614/839/1030 553/781/1047
f 543/764/1018 615/840/1133 1560/841/1134
f 543/764/1018 585/836/1129 615/840/1133
f 559/774/1033 1560/841/1134 1555/842/1135
f 616/843/1136 560/791/1136 549/790/1136
f 551/787/1137 1544/791/1137 1536/793/1137
f 1530/777/1138 1539/796/1039 1547/844/1038
f 562/845/1131 614/839/1030 548/780/1132
f 1403/846/887 451/847/1139 452/848/888
f 1403/846/887 464/849/1140 451/847/1139
f 451/847/1139 465/850/1141 452/848/888
f 464/849/1140 470/851/1142 473/852/1143
f 451/847/1139 471/853/1144 472/854/1145
f 451/847/1139 473/852/1143 471/853/1144
f 333/476/628 344/515/745 1260/477/629
f 774/830/1110 775/8/8 776/10/10
f 618/855/219 128/856/204 132/175/214
f 131/171/1146 127/170/1147 617/857/201
f 1648/858/1148 820/859/1149 809/860/1150
f 839/77/68 50/74/1151 34/45/1152
f 841/52/180 90/51/1153 922/151/1154
f 44/861/380 619/862/772 820/863/1149
f 85/118/131 86/117/137 828/565/136
f 888/864/118 885/865/779 886/866/1155
f 1667/867/1156 1696/868/1157 664/869/1158
f 27/34/38 799/44/50 1656/49/56
f 1651/870/1159 1665/871/1160 644/564/1161
f 46/872/1162 624/873/1163 809/860/1150
f 37/44/1164 43/56/1164 1658/874/1164
f 624/873/1163 1645/875/1165 656/876/1166
f 825/877/1167 1646/875/1168 624/873/1163
f 40/66/1169 647/68/1170 1672/878/1171
f 1657/879/1172 635/880/1173 1652/881/1174
f 96/882/1175 97/864/1176 623/883/1177
f 829/884/1178 803/885/1179 805/886/1180
f 815/887/47 1664/888/1181 1661/889/1182
f 814/563/765 628/562/764 621/67/1183
f 98/881/1184 643/871/1185 629/870/1186
f 635/880/1173 1657/879/1172 640/890/1187
f 628/562/764 1663/564/766 1662/891/1188
f 1653/67/74 1654/892/1189 833/893/1190
f 1668/867/1191 1649/858/1191 807/894/1191
f 1671/890/1192 38/879/1193 633/858/1194
f 636/895/1195 41/896/1196 648/878/1197
f 492/684/1198 1469/683/1198 1466/166/1198
f 885/897/779 1660/898/53 1673/899/1199
f 887/866/1200 637/865/1201 650/900/1202
f 627/901/1203 646/902/1204 96/882/1175
f 646/902/1204 1675/903/1205 804/885/1206
f 620/886/1207 630/885/1208 645/903/1209
f 626/904/1210 641/905/1211 829/884/1178
f 1676/905/1212 1669/906/1213 826/877/1214
f 1647/875/1215 632/877/1215 1670/906/1215
f 1665/871/1160 1666/907/1216 668/891/1217
f 672/893/1218 1711/908/1219 1712/909/1220
f 1689/910/1221 1707/911/1222 688/912/1223
f 1680/913/1224 1682/914/1225 1677/915/1226
f 692/916/1227 1715/917/1228 682/918/1229
f 1674/919/1230 1673/899/1199 1697/920/1231
f 98/881/1184 1688/921/1232 669/907/1233
f 635/880/1173 640/890/1187 664/869/1158
f 887/866/1200 650/900/1202 675/922/1234
f 1675/903/1205 646/902/1204 1699/923/1235
f 805/886/1180 1678/924/1236 654/925/1237
f 639/867/1238 808/894/1239 1695/926/1240
f 674/927/1241 649/928/1242 625/929/1243
f 627/901/1203 623/883/1177 1683/930/1244
f 1652/881/1174 635/880/1173 663/931/1245
f 620/886/1207 645/903/1209 670/932/1246
f 1669/906/1213 1676/905/1212 1701/933/1247
f 628/562/764 657/913/1248 652/892/1249
f 627/901/1203 1686/934/1250 671/923/1251
f 642/906/1252 666/935/1253 656/876/1166
f 638/866/1254 660/910/1255 1683/930/1244
f 647/68/1170 672/893/1218 1702/936/1256
f 626/904/1210 654/925/1237 667/933/1257
f 1664/895/1181 1691/937/1258 1693/938/1259
f 636/895/1195 648/878/1197 673/936/1260
f 667/933/1257 654/925/1237 1708/939/1261
f 1679/924/1262 670/932/1246 680/940/1263
f 677/915/1264 694/941/1265 700/942/1266
f 659/938/1267 653/937/1268 1713/943/1269
f 673/936/1260 691/909/1270 678/943/1271
f 1666/907/1216 1714/944/1272 1682/914/1225
f 833/893/1190 1654/892/1189 677/915/1264
f 661/934/1273 662/930/1274 688/912/1223
f 779/945/1275 16/15/15 780/17/17
f 664/869/1158 1696/868/1157 676/917/1276
f 1698/946/1277 1697/920/1231 1703/947/1278
f 1681/913/1279 1662/891/1188 683/914/1280
f 669/907/1233 1688/921/1232 684/944/1281
f 1700/932/1282 1699/923/1235 1709/948/1283
f 654/925/1237 655/924/1284 1710/940/1285
f 663/931/1245 664/869/1158 689/949/1286
f 1690/910/1287 675/922/1234 686/911/1288
f 663/931/1245 689/949/1286 1714/944/1272
f 671/923/1251 1686/934/1250 687/948/1289
f 723/950/1290 666/935/1253 725/951/1291
f 693/952/1292 696/953/1293 706/954/1294
f 1677/915/1226 1682/914/1225 697/955/1295
f 689/949/1286 676/917/1276 1719/916/1296
f 1711/908/1219 1717/942/1297 1720/956/1298
f 678/943/1271 691/909/1270 701/956/1299
f 693/952/1292 703/957/1300 727/958/1301
f 1717/942/1297 1721/959/1302 1722/960/1303
f 699/961/1304 1719/916/1296 702/962/1305
f 700/942/1266 694/941/1265 704/959/1306
f 697/955/1295 707/963/1307 1721/959/1302
f 1695/926/1240 809/860/1150 724/964/1308
f 695/965/1309 1722/960/1303 708/966/1310
f 728/967/1311 1708/939/1261 1710/940/1285
f 709/968/1312 707/963/1307 697/955/1295
f 716/969/1313 710/970/1314 717/971/1315
f 1721/959/1302 707/963/1307 714/972/1316
f 697/955/1295 1682/914/1225 1714/944/1272
f 715/973/1317 712/974/1318 719/975/1319
f 719/975/1319 721/976/1320 720/977/1321
f 706/954/1294 1724/978/1322 1723/979/1323
f 709/968/1312 702/962/1305 710/970/1314
f 634/894/1324 622/860/1324 651/926/1324
f 713/978/1325 720/980/1321 718/981/1326
f 730/982/1327 1726/983/1328 735/984/1329
f 712/974/1318 714/972/1316 721/976/1320
f 716/985/1313 714/972/1316 707/963/1307
f 1722/960/1303 1721/959/1302 712/974/1318
f 1718/965/1330 701/956/1299 705/960/1331
f 656/876/1166 666/935/1253 723/950/1290
f 809/860/1150 624/873/1163 723/950/1290
f 696/953/1293 725/951/1291 743/986/1332
f 682/918/1229 725/951/1291 696/953/1293
f 1701/933/1247 679/939/1333 681/987/1334
f 725/951/1291 666/935/1253 681/987/1334
f 714/972/1316 716/985/1313 717/988/1315
f 726/989/1335 727/958/1301 702/962/1305
f 693/952/1292 726/989/1335 682/918/1229
f 726/989/1335 692/916/1227 682/918/1229
f 727/958/1301 703/957/1300 1723/979/1323
f 710/970/1314 711/979/1336 718/981/1326
f 702/962/1305 727/958/1301 710/970/1314
f 688/912/1223 1726/983/1328 730/982/1327
f 681/987/1334 729/990/1337 743/986/1332
f 729/990/1337 1725/967/1338 732/991/1339
f 715/992/1317 722/993/1340 742/994/1341
f 1707/995/1222 685/996/1342 698/997/1343
f 730/982/1327 734/998/1344 732/991/1339
f 735/984/1329 739/999/1345 1727/1000/1346
f 744/1001/1347 1728/1002/1348 1724/978/1322
f 733/1003/1349 732/991/1339 1729/1004/1350
f 737/1002/1351 736/1004/1352 740/1005/1353
f 739/1006/1345 742/1007/1341 741/1008/1354
f 737/1009/1351 740/1010/1353 720/1011/1321
f 734/998/1344 1727/1000/1346 1729/1012/1350
f 738/1013/1355 741/1008/1354 740/1014/1353
f 742/1015/1341 722/1016/1340 720/1017/1321
f 735/1018/1329 708/1019/1310 715/1020/1317
f 744/1001/1347 733/1003/1349 1728/1002/1348
f 696/953/1293 743/986/1332 744/1001/1347
f 681/987/1334 743/986/1332 725/951/1291
f 1713/943/1269 695/965/1309 1730/1021/1356
f 731/1022/1357 1730/997/1356 708/1019/1310
f 679/939/1333 1725/967/1338 729/990/1337
f 724/964/1308 682/918/1229 665/868/1358
f 1715/917/1228 665/868/1358 682/918/1229
f 724/964/1308 723/950/1290 725/951/1291
f 414/1023/1359 747/594/1360 745/1024/1361
f 523/738/1362 757/738/1363 1742/740/1364
f 411/1025/1365 413/1026/1366 745/1024/1361
f 1733/1027/1367 748/746/991 519/745/990
f 746/1028/1368 1747/1028/1369 1739/1029/1370
f 1732/1028/1371 409/1029/1372 411/1025/1365
f 416/593/811 747/594/1360 414/1023/1359
f 521/747/992 748/746/991 1748/746/1373
f 418/1030/1374 1736/1030/1375 1735/585/812
f 1731/1024/1376 747/594/1360 1745/594/813
f 1368/591/1377 1348/575/1378 1739/575/1370
f 1518/742/988 525/743/983 1742/743/1364
f 1733/1027/1367 518/1031/1379 516/1032/1380
f 1734/1033/1381 516/1032/1380 1498/1034/1382
f 764/746/1383 1750/1033/1384 1741/1035/1385
f 1368/591/1377 1738/591/1386 1737/592/1387
f 1731/1024/1376 1746/1024/1388 1747/1028/1369
f 514/725/1389 1518/742/988 1743/742/1390
f 750/1027/1391 766/1027/1392 1748/746/1373
f 521/736/992 756/736/1393 757/738/1363
f 750/1027/1391 749/1033/1394 765/1033/1395
f 420/588/807 1737/588/1387 1736/1030/1375
f 749/1033/1394 514/1034/1389 760/1034/1396
f 753/1036/1397 762/1028/1398 752/1037/1399
f 733/1003/1349 744/1001/1347 743/986/1332
f 779/945/1275 778/14/14 16/15/15
f 25/36/41 10/9/9 24/18/19
f 783/21/22 20/19/20 767/1/1
f 781/1038/1400 18/20/21 783/21/22
f 19/24/25 1/1039/1401 3/1040/1402
f 3/1040/1402 5/1041/1403 7/1042/1404
f 7/1042/1404 9/1043/1405 3/1040/1402
f 11/1044/1406 13/22/23 9/1043/1405
f 15/23/24 17/1045/1407 19/24/25
f 19/24/25 3/1040/1402 9/1043/1405
f 9/1043/1405 13/22/23 19/24/25
f 810/41/46 791/25/26 813/27/28
f 4/3/33 2/2/2 784/29/30
f 24/18/19 8/8/18 786/30/32
f 6/5/31 4/3/33 786/31/32
f 785/28/29 2/2/2 30/25/34
f 30/25/34 20/19/20 29/26/35
f 782/16/16 16/15/15 789/33/37
f 16/15/15 14/13/13 787/32/39
f 14/13/13 12/11/11 27/34/38
f 26/35/40 12/11/11 25/36/41
f 795/45/51 24/18/19 793/40/45
f 1660/47/53 22/28/48 815/42/47
f 791/25/26 810/41/46 22/28/48
f 27/34/38 26/35/40 799/44/50
f 21/29/770 22/28/48 403/48/54
f 790/33/27 28/32/55 813/50/28
f 869/114/1408 875/51/57 79/53/59
f 402/38/774 404/54/60 802/43/62
f 36/43/1409 818/55/63 800/44/65
f 792/1046/1410 794/57/66 839/59/68
f 842/79/1411 838/60/67 832/62/69
f 405/152/183 831/63/70 45/65/72
f 56/1047/89 58/69/76 923/71/78
f 45/65/72 823/64/71 55/73/80
f 822/569/1412 830/74/81 846/76/83
f 830/74/81 840/77/84 53/75/82
f 56/1047/89 51/60/86 58/69/76
f 843/1048/1413 49/59/88 56/80/89
f 852/101/110 849/81/90 851/83/92
f 851/83/92 850/82/91 855/85/94
f 856/113/1414 854/86/95 858/88/97
f 857/87/96 859/89/98 858/88/97
f 859/89/98 860/91/100 68/90/99
f 70/92/101 860/91/100 72/94/103
f 72/94/103 861/93/102 74/96/105
f 862/95/104 863/97/106 74/96/105
f 66/88/1415 68/90/99 82/100/109
f 866/103/112 849/81/90 78/102/111
f 864/1049/1416 866/103/112 76/104/113
f 61/107/116 59/1050/1417 77/1051/1418
f 77/1051/1418 75/1052/1419 73/1053/1420
f 73/1053/1420 71/1054/1421 77/1051/1418
f 69/1055/1422 67/105/114 71/1054/1421
f 65/106/115 63/1056/1423 61/107/116
f 61/107/116 77/1051/1418 71/1054/1421
f 71/1054/1421 67/105/114 61/107/116
f 873/115/1424 874/108/117 889/110/119
f 62/83/125 867/53/120 60/101/122
f 66/88/1415 82/100/109 64/113/124
f 64/85/124 81/114/123 62/83/125
f 78/102/111 60/101/122 88/108/126
f 76/104/113 78/102/111 87/115/127
f 865/98/107 872/116/128 74/96/105
f 74/96/105 870/117/130 72/94/103
f 72/94/103 85/118/131 70/92/101
f 81/112/123 82/100/109 876/120/133
f 873/116/1424 889/122/119 86/117/137
f 884/37/42 84/39/44 882/44/138
f 922/150/1154 90/120/1153 91/119/1425
f 91/119/1425 879/121/139 893/125/141
f 893/125/141 922/150/1154 91/119/1425
f 120/159/194 112/126/142 929/128/144
f 106/70/149 103/71/145 897/130/147
f 896/129/177 108/71/148 897/130/147
f 938/1057/220 926/131/150 129/133/152
f 903/1058/1426 898/134/153 935/136/155
f 847/157/1427 846/76/83 924/137/156
f 918/70/77 58/69/76 917/71/158
f 113/142/164 907/76/159 919/140/161
f 924/137/156 53/75/82 908/141/163
f 911/149/1428 113/142/164 914/143/165
f 114/154/187 55/73/80 906/144/166
f 57/1048/1429 56/80/89 909/146/167
f 917/1059/158 116/147/157 915/146/169
f 904/1058/1430 916/143/170 122/134/172
f 892/124/1431 907/76/159 110/125/173
f 110/125/173 113/142/164 109/150/175
f 927/131/1432 910/146/176 896/132/177
f 920/1060/188 921/151/178 116/147/157
f 842/79/1411 832/62/69 111/60/181
f 891/1061/1433 894/63/182 45/65/72
f 1660/47/53 80/111/184 403/48/54
f 112/126/142 55/73/80 848/127/143
f 891/1061/1433 45/65/72 114/154/187
f 52/79/87 920/60/188 58/69/76
f 103/1059/145 102/146/189 901/156/146
f 930/1062/1434 115/157/191 928/158/193
f 900/1063/1435 906/144/166 120/159/194
f 118/137/192 107/141/195 928/158/193
f 105/140/171 104/139/197 122/134/172
f 127/1064/1147 940/162/199 617/164/201
f 593/693/202 1612/165/202 1614/167/202
f 123/129/151 100/130/203 129/169/152
f 936/1064/206 120/159/194 941/162/205
f 900/1063/1435 120/159/194 933/171/207
f 931/135/154 898/134/153 932/172/209
f 126/1062/1436 125/158/210 136/174/212
f 128/856/204 100/130/203 132/175/214
f 135/173/211 125/158/210 134/176/216
f 101/156/213 121/155/217 132/178/214
f 128/168/204 618/179/219 129/169/152
f 951/205/244 949/187/227 981/189/229
f 159/194/1437 157/190/230 989/192/232
f 138/182/222 947/193/233 991/183/223
f 1059/203/242 954/195/224 1060/197/235
f 967/190/281 150/198/236 158/200/238
f 953/298/368 954/195/224 1055/204/243
f 155/225/1438 951/205/244 982/206/245
f 159/194/1437 151/193/246 157/190/230
f 149/250/307 943/207/247 147/209/249
f 148/199/294 965/213/251 1047/215/253
f 957/1065/782 956/216/254 965/213/251
f 211/326/415 1087/217/258 207/184/260
f 961/201/239 1073/202/241 220/220/262
f 947/193/233 138/182/222 977/222/264
f 983/236/287 990/183/265 971/224/267
f 942/230/1439 945/200/268 979/226/270
f 148/199/294 139/205/273 945/200/268
f 971/208/267 972/231/266 968/209/277
f 155/225/1438 982/206/245 161/226/279
f 164/223/1440 991/183/223 165/192/280
f 985/191/289 967/190/281 944/230/282
f 168/241/298 985/238/289 997/240/290
f 974/231/1441 163/238/291 975/232/293
f 139/205/273 148/199/294 950/187/295
f 968/209/277 169/232/276 1000/243/297
f 999/242/1442 168/241/298 1001/243/299
f 171/258/334 1014/244/300 1009/246/302
f 184/255/1443 1025/247/304 174/249/306
f 182/275/311 188/254/310 1030/255/311
f 1005/257/313 1015/258/313 177/246/312
f 177/246/312 1018/252/1444 1002/256/312
f 176/284/314 1015/258/313 1020/259/314
f 1026/266/325 1007/260/315 1031/212/317
f 186/257/321 1004/256/318 1008/263/320
f 178/259/341 186/257/321 1022/264/322
f 1031/212/317 1033/211/323 1026/266/325
f 1028/254/336 187/267/326 1027/269/328
f 1011/1066/1445 1013/270/329 1033/211/323
f 1025/247/304 1023/271/330 173/248/305
f 188/254/310 183/269/332 189/247/310
f 1016/284/347 1021/273/333 171/258/334
f 1029/275/343 180/274/335 1028/254/336
f 197/278/337 182/275/311 1035/276/337
f 203/294/339 197/278/337 1041/279/339
f 176/284/314 1020/259/314 194/281/340
f 195/280/353 178/259/341 1039/282/342
f 196/293/358 180/274/335 1036/278/344
f 184/255/1443 174/249/306 198/276/346
f 1021/273/333 1016/284/347 1040/285/349
f 204/392/357 199/286/350 282/288/352
f 201/295/516 195/280/353 1043/289/354
f 1040/285/349 1038/281/348 1046/291/356
f 198/276/346 193/283/345 204/279/357
f 202/1067/513 196/293/358 1042/294/359
f 200/290/360 194/281/340 1044/295/360
f 205/188/366 142/215/364 952/296/361
f 1058/307/381 953/298/368 1056/299/369
f 229/303/384 1084/300/370 227/302/372
f 208/218/259 1086/297/367 1054/219/374
f 1063/227/271 220/220/262 228/304/376
f 619/568/772 44/306/380 405/152/183
f 953/298/368 1058/307/381 1077/309/383
f 220/220/262 221/219/261 227/302/372
f 1066/1068/1446 1050/310/385 217/312/387
f 1150/317/391 216/201/257 1149/316/390
f 214/196/255 216/201/257 1061/197/392
f 144/1065/378 137/318/377 145/216/394
f 981/189/229 948/188/228 137/318/377
f 207/184/260 208/218/259 223/202/395
f 1078/330/420 1068/319/396 1085/297/398
f 1074/308/403 1052/304/399 1075/322/401
f 141/233/283 976/221/263 992/181/221
f 218/227/389 1052/304/399 209/307/404
f 1068/1068/396 1065/312/407 1069/325/397
f 225/308/382 231/322/409 1077/309/383
f 1053/303/373 1086/297/367 235/300/412
f 228/304/376 1064/302/375 1051/321/414
f 1051/1069/414 1080/331/413 1092/333/422
f 1071/325/1447 1072/324/423 233/331/425
f 1149/316/390 218/227/389 1057/299/426
f 1065/312/407 1095/334/427 239/324/408
f 1092/333/422 238/332/421 1096/334/430
f 1107/1070/1448 1109/336/431 1104/338/433
f 254/346/1449 244/339/435 1120/341/437
f 258/356/1450 252/345/440 259/341/442
f 247/338/445 1110/337/1451 1100/348/448
f 1100/348/448 1097/347/443 247/338/445
f 1110/337/1451 246/259/446 1100/348/448
f 1098/1071/1452 1102/349/449 1126/314/451
f 256/348/456 1103/351/452 1099/347/454
f 248/284/479 1117/353/455 256/348/456
f 1126/314/451 1121/350/450 1128/315/458
f 251/1072/1453 257/355/459 1122/357/461
f 1119/354/457 1108/358/462 1128/315/458
f 1120/341/437 243/340/436 1118/361/465
f 258/356/1450 259/341/442 253/357/467
f 1109/336/431 1116/362/468 241/337/432
f 250/369/482 1124/345/470 257/355/459
f 1125/346/441 252/345/440 1130/364/472
f 352/382/656 273/366/474 1141/368/476
f 1115/284/447 246/259/446 1132/281/478
f 1117/353/455 248/284/479 1134/285/481
f 1124/345/470 250/369/482 1131/363/484
f 254/346/1449 268/364/485 244/339/435
f 1116/362/468 1135/372/487 1111/259/469
f 354/1073/655 271/374/490 1143/376/492
f 1146/383/654 356/377/493 1147/379/495
f 351/368/653 1137/367/496 1148/381/498
f 353/376/652 272/375/499 1142/382/500
f 1145/1073/651 355/383/501 1251/374/503
f 213/317/506 212/316/507 276/203/504
f 281/388/510 1152/288/510 287/385/512
f 280/403/529 202/386/513 1153/388/514
f 278/395/515 200/389/360 1155/391/515
f 203/387/339 1041/392/339 281/388/510
f 279/391/523 201/390/516 1154/394/517
f 1046/1074/356 1045/389/355 1151/396/519
f 1174/1075/1454 286/1076/1455 1205/398/522
f 1158/385/520 1177/1077/1456 1175/397/521
f 1205/398/522 286/1076/1455 1158/385/520
f 285/404/1457 279/391/523 1159/399/524
f 1151/396/519 1156/395/518 1162/401/526
f 282/288/352 277/287/351 288/384/528
f 286/1076/1455 280/403/529 1158/385/520
f 284/400/1458 278/395/515 1160/404/530
f 1166/1078/1459 284/400/1458 1193/406/532
f 1160/404/530 1169/1079/1460 1167/405/531
f 1193/406/532 284/400/1458 1160/404/530
f 1178/1077/1461 287/385/512 1211/408/534
f 1157/384/511 1181/1080/1462 1179/407/533
f 1211/408/534 287/385/512 1157/384/511
f 1170/1079/1463 285/404/1457 1199/410/536
f 1159/399/524 1173/1081/1464 1171/409/535
f 1199/410/536 285/404/1457 1159/399/524
f 1186/1082/1465 1162/401/526 1187/412/538
f 1161/400/525 1165/1078/1466 1163/411/537
f 1187/412/538 1162/401/526 1161/400/525
f 1182/1080/1467 288/384/528 1217/414/540
f 283/402/527 1185/1083/1468 1183/413/539
f 1217/414/540 288/384/528 283/402/527
f 1184/445/1469 289/415/541 1221/417/543
f 295/416/542 289/415/541 1189/419/545
f 1196/451/1470 1194/421/547 1229/423/549
f 1228/422/1471 1168/424/550 1230/423/552
f 1231/456/1472 1172/426/553 1233/428/555
f 305/426/1473 292/429/556 307/427/557
f 1239/448/1474 1180/430/558 1241/432/560
f 298/419/1475 296/418/562 1225/435/564
f 1220/420/1476 1218/439/566 1245/441/568
f 1224/434/1477 1164/443/570 1226/435/572
f 330/440/1478 317/445/573 1246/441/575
f 1214/450/1479 1212/447/577 1242/432/579
f 1208/437/1480 1206/452/583 1237/438/585
f 1236/453/1481 1176/454/586 327/438/588
f 1202/446/1482 1200/455/590 325/428/592
f 297/443/1483 290/460/597 299/444/598
f 309/454/1484 293/461/599 311/436/600
f 301/424/1485 291/462/601 303/425/602
f 313/430/1486 294/463/603 315/431/604
f 295/416/542 290/460/597 302/451/607
f 295/416/542 291/462/601 306/446/609
f 295/416/542 292/429/556 310/437/605
f 295/416/542 293/461/599 314/450/612
f 295/416/542 294/463/603 1219/420/546
f 1256/479/631 1280/464/614 1339/466/616
f 1265/511/1487 1284/467/617 359/469/619
f 269/380/1488 1138/367/622 332/473/624
f 1248/373/489 273/366/474 1273/474/625
f 1274/474/642 1144/375/491 1252/475/627
f 335/475/649 333/476/628 1264/478/630
f 1277/472/640 334/373/634 1255/482/636
f 1250/373/1489 1257/483/637 1254/481/639
f 335/475/649 1251/374/503 333/476/628
f 343/487/689 336/483/647 1281/489/648
f 264/280/477 355/295/501 1132/281/478
f 1131/363/484 266/370/483 1142/492/500
f 268/364/485 351/493/653 263/371/486
f 1135/372/487 356/495/493 1133/280/488
f 1134/285/481 265/281/480 1143/291/492
f 1130/364/472 267/363/471 1141/493/476
f 1300/506/1490 1282/489/657 1302/497/659
f 1263/496/1491 349/489/660 1290/499/662
f 357/1084/1492 1286/500/663 369/502/665
f 1283/467/633 348/480/632 1285/468/667
f 357/1084/1492 347/486/668 1286/500/663
f 1287/503/1493 1275/480/670 1288/504/672
f 377/530/1494 365/505/673 1307/507/675
f 1295/498/1495 1281/489/648 1297/508/676
f 1266/478/1496 345/477/677 1292/510/679
f 1298/508/1497 350/467/680 1293/512/682
f 363/508/1498 1294/512/683 375/514/685
f 1261/477/1499 1272/515/686 1301/517/688
f 365/505/673 343/487/689 1299/506/674
f 1271/488/646 1276/487/645 1303/518/691
f 369/502/665 1309/501/664 381/520/693
f 380/507/702 379/521/694 392/523/696
f 1318/549/741 1305/524/697 1317/526/699
f 362/510/1500 1291/509/700 1305/524/697
f 368/506/1501 367/497/701 380/507/702
f 1285/468/667 358/503/666 1314/528/704
f 1295/498/1495 1297/508/676 1315/529/706
f 1316/533/715 1303/518/691 1308/530/707
f 371/541/723 359/469/619 372/528/708
f 373/539/721 361/499/709 376/529/711
f 1312/537/719 1301/517/688 378/531/712
f 1287/503/1493 1288/504/672 1313/527/714
f 1324/553/747 1316/533/715 1323/534/716
f 1326/540/737 1315/529/706 1325/535/717
f 1328/542/739 1314/528/704 382/536/718
f 1319/554/749 1312/537/719 390/538/720
f 385/547/733 373/539/721 388/540/722
f 383/548/735 371/541/723 384/542/724
f 377/530/1494 1307/507/675 389/534/726
f 1313/527/714 1310/532/713 1327/536/728
f 375/514/685 374/513/684 387/535/730
f 340/482/1502 339/481/752 1341/557/754
f 396/556/760 1254/481/639 399/558/755
f 1279/485/641 1255/482/636 1338/559/757
f 1147/379/495 1139/378/494 333/476/628
f 837/1085/1503 883/44/767 824/566/769
f 68/90/99 70/92/101 83/99/108
f 894/63/182 48/567/771 405/152/183
f 797/46/1504 821/569/773 402/38/774
f 895/571/1505 99/124/775 881/38/777
f 33/1046/1506 23/31/778 31/57/185
f 874/108/117 80/111/184 888/109/118
f 1660/47/53 885/570/779 80/111/184
f 146/213/780 150/198/236 153/222/781
f 836/1085/1507 835/55/785 94/44/787
f 835/55/785 406/571/788 93/37/786
f 1345/587/815 1346/572/790 426/574/792
f 1349/1086/1508 1347/575/793 1353/577/795
f 1351/589/1509 410/576/794 429/579/797
f 417/573/791 1359/580/798 426/574/792
f 423/578/796 1356/582/800 429/579/797
f 1361/585/803 1358/584/802 417/573/791
f 1362/1030/1510 1361/585/803 1346/572/790
f 428/583/801 421/586/804 427/587/806
f 418/1030/1374 419/572/805 420/588/807
f 1353/577/795 410/576/794 1366/590/809
f 1347/575/793 422/591/810 410/576/794
f 1368/591/1377 420/592/807 423/578/796
f 747/594/1360 416/593/811 1745/594/813
f 425/581/1511 415/600/825 1365/596/827
f 1354/599/823 412/598/822 424/596/829
f 1373/614/847 1372/602/830 1371/604/832
f 432/679/926 1374/607/839 438/611/841
f 433/613/845 434/609/842 439/612/844
f 435/603/921 433/613/845 441/604/846
f 1396/623/1512 1373/614/847 1408/615/848
f 1493/712/953 509/616/849 442/606/834
f 1377/608/836 1494/618/851 1391/620/853
f 438/611/841 1375/606/840 454/621/855
f 1411/622/857 439/612/844 1392/620/856
f 441/604/846 439/612/844 459/615/858
f 1381/1087/1513 1378/625/862 463/627/864
f 1383/639/1514 1379/628/865 1402/630/867
f 1379/628/865 460/632/869 449/629/866
f 1404/637/874 1398/634/871 1387/636/873
f 1405/637/960 1382/639/876 1399/634/878
f 1405/718/960 454/621/855 1382/631/876
f 1412/643/900 1384/641/882 462/642/883
f 458/622/880 1385/640/879 1407/615/860
f 445/641/1515 461/643/884 447/626/885
f 1387/636/873 1400/635/872 462/642/883
f 453/1088/1516 1403/645/887 450/647/889
f 1572/649/891 556/648/890 1574/652/894
f 1576/1089/1517 1556/653/895 1578/650/892
f 1381/1087/1513 463/627/864 1419/655/897
f 460/632/869 1420/656/898 1406/633/870
f 1413/659/1518 1412/643/900 1417/658/901
f 461/643/884 1414/659/902 463/627/864
f 462/642/883 1416/644/886 1418/658/904
f 1426/1090/1519 466/655/907 1428/663/909
f 1415/659/1520 468/658/910 1422/664/912
f 467/659/1521 1423/664/913 469/654/908
f 1444/610/838 1376/609/837 1442/666/914
f 1440/669/915 1438/1091/915 1431/1092/915
f 1436/1093/915 1434/1094/915 1438/1091/915
f 1431/1092/915 1429/667/915 1440/669/915
f 1443/1095/915 1446/668/915 1429/667/915
f 1438/1091/915 1434/1094/915 1431/1092/915
f 1433/1096/916 1435/605/833 1432/670/916
f 1437/673/919 431/602/917 478/672/919
f 1439/674/920 1370/603/831 477/673/920
f 433/613/845 435/603/921 1441/675/922
f 434/609/842 433/613/845 483/665/923
f 432/679/926 480/676/924 1430/678/925
f 479/670/927 1374/607/839 481/678/927
f 1453/166/928 1455/680/928 1451/165/928
f 1457/682/931 1450/693/929 1459/693/929
f 1459/693/929 1461/165/929 1457/682/931
f 1452/165/929 1480/681/930 1461/165/929
f 595/167/932 1616/166/932 597/684/932
f 1454/827/933 487/687/933 1470/686/933
f 489/1097/933 491/685/933 487/687/933
f 1470/686/933 1473/1098/933 1454/827/933
f 1474/683/934 1481/688/934 485/166/934
f 493/683/936 1468/684/936 1475/828/1522
f 1475/828/1522 1482/688/935 493/683/936
f 1468/684/936 1471/684/936 1475/828/1522
f 1449/691/937 1447/829/937 1467/689/937
f 1472/1099/937 1467/689/937 1447/829/937
f 1463/690/937 1460/1100/937 1449/691/937
f 1477/696/928 1448/167/928 1458/682/928
f 1475/828/1522 1487/694/939 1482/688/935
f 1476/828/934 494/684/934 1478/696/934
f 500/1101/1523 1490/697/940 1456/699/942
f 503/704/946 1491/700/943 1485/702/944
f 506/831/945 1488/703/945 503/704/946
f 501/832/937 496/705/947 507/707/949
f 498/833/1523 1456/699/942 1486/708/950
f 1457/682/931 1480/681/930 1484/710/951
f 499/1102/937 505/711/952 496/705/947
f 437/614/954 457/623/955 508/714/956
f 510/717/959 438/611/841 1410/716/958
f 522/737/979 1496/722/964 531/724/966
f 515/728/970 1497/725/967 1503/727/969
f 528/744/989 515/728/970 534/730/972
f 522/737/979 531/724/966 1509/732/974
f 528/744/989 534/730/972 1506/734/976
f 1509/732/974 1508/735/977 522/737/979
f 522/737/979 1511/736/978 1496/722/964
f 524/722/984 526/739/981 532/723/982
f 523/738/1362 525/740/983 524/722/984
f 1503/727/969 1516/741/985 515/728/970
f 528/744/989 527/742/987 515/728/970
f 1506/734/976 525/743/983 528/744/989
f 1505/751/1002 520/754/1004 1515/749/1006
f 1504/751/1000 529/749/1007 517/752/1001
f 1520/767/1524 1522/755/1009 1521/757/1011
f 537/822/1095 543/764/1018 1524/759/1020
f 538/766/1024 544/765/1021 539/763/1023
f 544/765/1021 538/766/1024 546/757/1026
f 1521/757/1011 1523/756/1010 1558/769/1028
f 1643/834/1126 547/760/1014 614/771/1030
f 1559/1103/1525 1644/772/1031 1541/773/1032
f 543/764/1018 559/774/1033 1525/760/1019
f 545/761/1022 544/765/1021 1542/773/1036
f 1561/775/1035 544/765/1021 564/769/1037
f 1538/796/1526 1528/777/1041 568/779/1043
f 554/784/1048 1529/780/1044 1552/782/1046
f 1529/780/1044 554/784/1048 565/786/1050
f 1554/790/1054 1537/787/1051 1548/789/1053
f 1555/790/1135 1549/789/1056 1532/781/1058
f 1555/842/1135 1532/783/1058 559/774/1033
f 1537/787/1051 1534/793/1062 567/795/1064
f 1539/776/1039 1535/792/1059 1557/769/1040
f 550/793/1527 552/796/1065 566/794/1066
f 1537/787/1051 567/795/1064 1550/788/1052
f 557/1104/905 1553/798/906 555/800/1069
f 1531/778/1042 1569/801/1070 568/779/1043
f 565/786/1050 569/785/1049 1570/804/1073
f 567/795/1064 1562/794/1063 1567/806/1075
f 566/794/1066 568/779/1043 1564/805/1076
f 567/795/1064 1568/806/1077 570/797/1067
f 574/802/1085 571/801/1079 578/809/1081
f 1565/805/1528 1573/810/1082 573/806/1084
f 572/805/1529 574/802/1085 576/810/1086
f 1594/762/1016 1592/811/1087 1526/763/1017
f 1586/1105/1088 1588/1106/1088 1584/1107/1088
f 1590/815/1088 1596/1108/1088 1579/813/1088
f 1593/1109/1088 1579/813/1088 1596/1108/1088
f 1581/814/1088 1584/1107/1088 1588/1106/1088
f 1588/1106/1088 1590/815/1088 1581/814/1088
f 541/759/1013 1585/758/1012 1582/817/1089
f 581/835/1127 536/755/1090 583/819/1091
f 1520/767/1524 1589/820/1092 1522/755/1009
f 538/766/1024 1591/821/1093 540/767/1025
f 539/763/1023 588/812/1094 538/766/1024
f 585/836/1129 537/822/1095 587/824/1096
f 537/822/1095 1524/759/1020 586/823/1097
f 1629/681/1098 1605/680/1098 1601/165/1098
f 1609/693/1100 1600/693/1100 1607/682/1101
f 1630/681/1099 1602/165/1100 1611/165/1100
f 1609/693/1100 1607/682/1101 1611/165/1100
f 488/693/1102 1464/167/1102 1462/165/1102
f 133/826/1103 130/1110/200 617/164/201
f 617/164/201 939/163/200 937/825/1103
f 594/1097/1104 592/687/1104 596/685/1104
f 1604/827/1104 1623/1098/1530 1620/686/1104
f 1620/686/1104 596/685/1104 592/687/1104
f 602/680/1105 1631/688/1105 590/166/1105
f 1621/684/1106 1618/684/1106 1625/828/1108
f 598/683/1106 600/683/1106 1632/688/1107
f 1625/828/1108 1618/684/1106 598/683/1106
f 1622/1099/1109 1597/829/1109 1617/689/1109
f 1599/691/1109 1610/1100/1120 1613/690/1120
f 1613/690/1120 1617/689/1109 1599/691/1109
f 591/693/1098 1598/167/1098 1608/682/1098
f 1625/828/1108 1632/688/1107 1637/694/1111
f 589/167/1105 599/684/1105 1628/696/1105
f 605/1101/1104 1606/699/1112 1640/697/1114
f 1633/701/1117 1641/700/1115 1635/702/1117
f 1641/700/1115 1638/703/1118 608/704/1116
f 607/706/1124 601/705/1119 612/707/1121
f 1642/698/1113 1606/699/1112 1636/708/1122
f 609/709/1123 1630/681/1099 1634/710/1123
f 604/1102/1531 601/705/1119 610/711/1125
f 542/756/1128 613/837/1130 562/768/1131
f 559/774/1033 543/764/1018 1560/841/1134
f 451/847/1139 464/849/1140 473/852/1143
f 465/850/1141 451/847/1139 472/854/1145
f 934/1111/218 618/855/219 132/175/214
f 130/1110/200 131/171/1146 617/857/201
f 806/894/1532 1648/858/1148 809/860/1150
f 35/46/1533 34/45/1152 50/74/1151
f 792/40/1410 839/77/68 34/45/1152
f 50/74/1151 42/569/1534 35/46/1533
f 111/1060/181 841/52/180 922/151/1154
f 46/1112/1162 820/863/1149 619/862/772
f 619/862/772 48/1113/771 46/1112/1162
f 882/44/138 85/118/131 828/565/136
f 1659/883/1535 888/864/118 886/866/1155
f 1671/890/1192 1667/867/1156 664/869/1158
f 28/32/55 27/34/38 1656/49/56
f 39/563/1536 1651/870/1159 644/564/1161
f 820/859/1149 46/872/1162 809/860/1150
f 46/872/1162 825/877/1167 624/873/1163
f 816/896/1537 40/66/1169 1672/878/1171
f 1650/870/1538 1657/879/1172 1652/881/1174
f 627/901/1203 96/882/1175 623/883/1177
f 626/904/1210 829/884/1178 805/886/1180
f 1660/1114/53 815/887/47 1661/889/1182
f 812/66/1539 814/563/765 621/67/1183
f 1681/913/1279 628/562/764 1662/891/1188
f 834/68/75 1653/67/74 833/893/1190
f 1667/867/1156 1671/890/1192 633/858/1194
f 490/167/1198 492/684/1198 1466/166/1198
f 1674/919/1230 885/897/779 1673/899/1199
f 96/882/1175 646/902/1204 804/885/1206
f 95/884/1540 1676/905/1212 826/877/1214
f 644/564/1161 1665/871/1160 668/891/1217
f 1702/936/1256 672/893/1218 1712/909/1220
f 1684/930/1541 1689/910/1221 688/912/1223
f 1655/892/1542 1680/913/1224 1677/915/1226
f 1698/946/1277 1674/919/1230 1697/920/1231
f 643/871/1185 98/881/1184 669/907/1233
f 663/931/1245 635/880/1173 664/869/1158
f 1690/910/1287 887/866/1200 675/922/1234
f 1700/932/1282 1675/903/1205 1699/923/1235
f 626/904/1210 805/886/1180 654/925/1237
f 665/868/1358 639/867/1238 1695/926/1240
f 625/929/1243 1694/1115/1543 674/927/1241
f 1705/1116/1544 674/927/1241 1694/1115/1543
f 649/928/1242 32/1117/1545 625/929/1243
f 1685/934/1546 627/901/1203 1683/930/1244
f 1687/921/1547 1652/881/1174 663/931/1245
f 1679/924/1262 620/886/1207 670/932/1246
f 666/935/1253 1669/906/1213 1701/933/1247
f 621/67/1183 628/562/764 652/892/1249
f 646/902/1204 627/901/1203 671/923/1251
f 631/875/1548 642/906/1252 656/876/1166
f 623/883/1177 638/866/1254 1683/930/1244
f 1672/878/1171 647/68/1170 1702/936/1256
f 641/905/1211 626/904/1210 667/933/1257
f 1661/1118/1182 1664/895/1181 1693/938/1259
f 1692/937/1549 636/895/1195 673/936/1260
f 690/908/1550 677/915/1264 700/942/1266
f 1704/1119/1551 659/938/1267 1713/943/1269
f 1692/937/1549 673/936/1260 678/943/1271
f 668/891/1217 1666/907/1216 1682/914/1225
f 690/908/1550 833/893/1190 677/915/1264
f 1709/948/1283 661/934/1273 688/912/1223
f 689/949/1286 664/869/1158 676/917/1276
f 1706/1120/1552 1698/946/1277 1703/947/1278
f 1710/940/1285 1700/932/1282 1709/948/1283
f 1708/939/1261 654/925/1237 1710/940/1285
f 658/921/1553 663/931/1245 1714/944/1272
f 703/957/1300 693/952/1292 706/954/1294
f 1716/941/1554 1677/915/1226 697/955/1295
f 699/961/1304 689/949/1286 1719/916/1296
f 1712/909/1220 1711/908/1219 1720/956/1298
f 1718/965/1330 678/943/1271 701/956/1299
f 726/989/1335 693/952/1292 727/958/1301
f 1720/956/1298 1717/942/1297 1722/960/1303
f 709/968/1312 699/961/1304 702/962/1305
f 1716/941/1554 697/955/1295 1721/959/1302
f 665/868/1358 1695/926/1240 724/964/1308
f 1730/1021/1356 695/965/1309 708/966/1310
f 1710/940/1285 1709/948/1283 730/982/1327
f 730/982/1327 728/967/1311 1710/940/1285
f 699/961/1304 709/968/1312 697/955/1295
f 712/974/1318 1721/959/1302 714/972/1316
f 1714/944/1272 689/949/1286 699/961/1304
f 699/961/1304 697/955/1295 1714/944/1272
f 722/1121/1340 715/973/1317 719/975/1319
f 718/1122/1326 720/977/1321 721/976/1320
f 722/1123/1340 719/975/1319 720/977/1321
f 721/976/1320 717/988/1315 718/1122/1326
f 703/957/1300 706/954/1294 1723/979/1323
f 716/969/1313 709/968/1312 710/970/1314
f 711/979/1336 713/978/1325 718/981/1326
f 734/998/1344 730/982/1327 735/984/1329
f 719/975/1319 712/974/1318 721/976/1320
f 709/968/1312 716/985/1313 707/963/1307
f 712/974/1318 715/973/1317 1722/960/1303
f 708/966/1310 1722/960/1303 715/973/1317
f 624/873/1163 656/876/1166 723/950/1290
f 724/964/1308 809/860/1150 723/950/1290
f 693/952/1292 682/918/1229 696/953/1293
f 666/935/1253 1701/933/1247 681/987/1334
f 721/976/1320 714/972/1316 717/988/1315
f 692/916/1227 726/989/1335 702/962/1305
f 710/970/1314 727/958/1301 1723/979/1323
f 717/971/1315 710/970/1314 718/981/1326
f 1709/948/1283 688/912/1223 730/982/1327
f 733/1003/1349 729/990/1337 732/991/1339
f 739/1124/1345 715/992/1317 742/994/1341
f 698/997/1343 1726/1022/1328 1707/995/1222
f 688/1125/1223 1707/995/1222 1726/1022/1328
f 728/967/1311 730/982/1327 732/991/1339
f 734/998/1344 735/984/1329 1727/1000/1346
f 706/954/1294 744/1001/1347 1724/978/1322
f 1728/1002/1348 733/1003/1349 1729/1004/1350
f 738/1013/1355 739/1006/1345 741/1008/1354
f 713/1126/1325 737/1009/1351 720/1011/1321
f 732/991/1339 734/998/1344 1729/1012/1350
f 736/1127/1352 738/1013/1355 740/1014/1353
f 720/1017/1321 740/1128/1353 741/1129/1354
f 741/1129/1354 742/1015/1341 720/1017/1321
f 739/1130/1345 735/1018/1329 715/1020/1317
f 706/954/1294 696/953/1293 744/1001/1347
f 1704/1131/1551 1713/943/1269 1730/1021/1356
f 735/1018/1329 731/1022/1357 708/1019/1310
f 681/987/1334 679/939/1333 729/990/1337
f 682/918/1229 724/964/1308 725/951/1291
f 413/1026/1366 414/1023/1359 745/1024/1361
f 525/740/983 523/738/1362 1742/740/1364
f 1732/1028/1371 411/1025/1365 745/1024/1361
f 518/1031/1379 1733/1027/1367 519/745/990
f 1348/1029/1378 746/1028/1368 1739/1029/1370
f 756/747/1393 521/747/992 1748/746/1373
f 416/585/811 418/1030/1374 1735/585/812
f 1746/1024/1388 1731/1024/1376 1745/594/813
f 1738/591/1386 1368/591/1377 1739/575/1370
f 1743/742/1390 1518/742/988 1742/743/1364
f 1734/1033/1381 1733/1027/1367 516/1032/1380
f 1744/1034/1555 759/1132/1556 1750/1033/1384
f 758/1133/1557 1741/1035/1385 1750/1033/1384
f 1740/747/1558 764/746/1383 1741/1035/1385
f 1749/1027/1559 1750/1033/1384 764/746/1383
f 759/1132/1556 758/1133/1557 1750/1033/1384
f 420/592/807 1368/591/1377 1737/592/1387
f 746/1028/1368 1731/1024/1376 1747/1028/1369
f 760/725/1396 514/725/1389 1743/742/1390
f 748/746/991 750/1027/1391 1748/746/1373
f 523/738/1362 521/736/992 757/738/1363
f 766/1027/1392 750/1027/1391 765/1033/1395
f 418/1030/1374 420/588/807 1736/1030/1375
f 765/1033/1395 749/1033/1394 760/1034/1396
f 763/1024/1560 761/594/1561 762/1028/1398
f 752/1037/1399 762/1028/1398 761/594/1561
f 753/1036/1397 754/1134/1562 762/1028/1398
f 755/1029/1563 762/1028/1398 754/1134/1562
f 751/593/1564 752/1037/1399 761/594/1561
f 729/990/1337 733/1003/1349 743/986/1332
