# Blender v2.76 (sub 0) OBJ File: 'npc_cyborgassassin.blend'
# www.blender.org
v 0.158963 0.004107 1.214108
v 0.113788 0.303675 0.921489
v 0.118644 0.179617 0.915187
v 0.122185 0.231704 1.225335
v 0.098146 0.029710 1.092711
v 0.148724 0.080037 1.078864
v 0.065438 0.328977 0.935074
v 0.221980 0.148868 1.215596
v 0.233958 0.014213 1.300807
v 0.176522 0.181084 1.398822
v 0.155776 0.097239 1.426626
v -0.022228 0.218717 1.683455
v 0.181827 0.179966 1.245632
v 0.029457 0.090108 0.694114
v 0.213372 0.015195 1.331325
v 0.113212 0.232566 1.188275
v 0.079357 0.133020 0.907618
v 0.175806 0.199541 1.327636
v 0.164490 0.042559 1.392024
v 0.174097 0.155148 1.065313
v 0.146448 0.214768 1.098423
v 0.172466 0.319056 0.723760
v 0.145174 0.209907 0.823810
v 0.066745 0.185977 0.829148
v 0.192329 0.258770 0.619808
v 0.166295 0.117272 0.696003
v 0.233929 0.186048 0.684283
v 0.033912 0.094095 0.754499
v 0.080470 0.266473 1.111396
v 0.186168 0.260539 0.775197
v 0.240340 0.112450 0.348124
v 0.176783 -0.004978 1.251919
v 0.134656 0.027538 1.375137
v 0.127521 0.242751 1.302455
v 0.182064 0.133900 1.425956
v -0.009831 0.193083 1.723596
v 0.261026 0.087469 1.214052
v 0.138662 0.253713 0.928970
v 0.070980 0.343495 0.719232
v 0.076086 0.212743 0.588156
v 0.096482 0.110709 0.525269
v 0.242416 0.232498 0.529929
v 0.221851 0.061956 0.583726
v 0.273894 0.167888 0.574845
v 0.142359 0.035505 0.564718
v 0.152945 0.227579 0.491544
v 0.321662 0.145361 0.382965
v 0.302312 0.027065 0.411787
v 0.339301 0.060964 0.421298
v 0.258017 0.028124 0.386398
v 0.277120 0.146207 0.357964
v 0.338956 0.057310 0.188948
v 0.359590 0.173138 0.223761
v 0.427954 0.074837 0.210351
v 0.436013 0.120870 0.225335
v 0.388212 0.047943 0.195610
v 0.317414 0.146468 0.208266
v 0.342315 0.072754 0.131464
v 0.373840 0.170462 0.170475
v 0.442935 0.092950 0.157028
v 0.438375 0.154851 0.182569
v 0.411125 0.047677 0.135511
v 0.313819 0.145687 0.148597
v 0.448880 0.109215 -0.192705
v 0.449574 0.178649 -0.168749
v 0.502353 0.146926 -0.128464
v 0.489604 0.189771 -0.186641
v 0.496027 0.110452 -0.133393
v 0.422439 0.146337 -0.178964
v 0.442590 0.122192 -0.282659
v 0.444199 0.192025 -0.246463
v 0.537758 0.147637 -0.261683
v 0.479359 0.206453 -0.271765
v 0.531102 0.110592 -0.265358
v 0.417047 0.159397 -0.257929
v 0.431191 0.172652 -0.021306
v 0.475100 0.165410 -0.009586
v 0.387401 0.152483 -0.036699
v 0.401881 0.103722 -0.042463
v 0.473749 0.122518 -0.023027
v 0.448140 0.089729 -0.035761
v 0.536885 0.063376 -0.200557
v 0.559828 0.117656 -0.168062
v 0.571583 0.144928 -0.205900
v 0.544385 0.086525 -0.175728
v 0.551682 0.065497 -0.262467
v 0.580565 0.121913 -0.252084
v 0.590384 0.141090 -0.248554
v 0.564312 0.090167 -0.257927
v 0.645368 0.002223 -0.213413
v 0.689551 0.059977 -0.195004
v 0.677001 0.103929 -0.218788
v 0.677276 0.028542 -0.196284
v 0.651691 0.002609 -0.240884
v 0.697430 0.061629 -0.226128
v 0.679566 0.104707 -0.228211
v 0.685683 0.029792 -0.230846
v 0.248924 0.130527 1.214495
v 0.261854 0.018551 1.291973
v 0.205947 0.173927 1.371962
v 0.200895 0.095582 1.417460
v 0.235052 0.145317 1.251442
v 0.245412 0.026874 1.344344
v 0.211518 0.163658 1.308086
v 0.211993 0.052977 1.399500
v 0.216071 0.132202 1.407849
v 0.022572 0.133425 1.739705
v 0.282454 0.075056 1.231942
v 0.590092 0.066398 1.129609
v 0.607305 0.101492 1.200323
v 0.835606 0.040862 1.059027
v 0.858478 0.009824 1.092796
v 0.601376 0.024106 1.225703
v 0.598815 0.000796 1.177198
v 0.605086 0.084808 1.214231
v 0.602119 0.045685 1.128665
v 0.601364 0.053050 1.225139
v 0.599501 0.016122 1.151842
v 0.601692 0.006851 1.202706
v 0.598134 0.098706 1.160982
v 0.841914 0.057263 1.108517
v 0.854852 0.035139 1.119222
v 0.835702 0.048566 1.068755
v 0.860029 0.013455 1.101246
v 0.841413 0.057820 1.092422
v 0.860669 0.024610 1.115457
v 0.912186 0.011211 1.039126
v 0.907912 0.041349 1.030060
v 0.850930 0.044830 1.119193
v 0.849886 0.021146 1.070233
v 0.874983 0.037645 1.038027
v 0.879961 0.002816 1.061938
v 0.891822 0.056754 1.110506
v 0.964784 0.010596 1.166076
v 0.879099 0.043897 1.055607
v 0.894724 0.005416 1.082984
v 0.887062 0.055326 1.086452
v 0.906781 0.008709 1.112250
v 1.005695 0.022676 1.015051
v 1.007101 0.000810 1.019137
v 0.966310 0.001765 1.166627
v 0.883729 0.004139 1.044220
v 0.925506 0.041891 1.106167
v 0.939319 0.012724 1.113902
v 0.913043 0.051785 1.048939
v 0.923793 0.013946 1.067947
v 0.919286 0.053012 1.082260
v 0.935399 0.012241 1.099461
v 0.904191 0.012361 1.140890
v 0.900793 0.029920 1.137349
v 0.944145 0.021567 1.117080
v 0.911779 0.015216 1.029706
v 1.022050 0.020192 1.072763
v 1.026477 0.005064 1.083248
v 1.025189 0.021429 1.036638
v 1.030572 -0.002425 1.039749
v 1.032118 0.023757 1.054789
v 1.039305 0.000145 1.067115
v 1.043817 0.012932 1.061808
v 1.036735 0.012151 1.036976
v 1.032069 0.012116 1.085245
v 1.008573 0.010250 1.009671
v 0.902802 0.007214 1.135156
v 0.901033 0.021357 1.143710
v 0.916908 0.035498 1.136169
v 0.921399 0.003971 1.130127
v 0.927181 0.028072 1.126510
v 0.935789 0.009994 1.125354
v 0.930482 0.005228 1.121364
v 0.938497 0.016346 1.125820
v 0.966058 -0.000772 1.161286
v 0.965540 0.005819 1.167872
v 0.969803 0.012434 1.160689
v 0.972889 0.003601 1.160791
v 0.969928 -0.000282 1.157439
v 0.973103 0.007677 1.161580
v 0.970875 0.014285 1.154519
v 0.974639 0.002767 1.151318
v 0.970316 0.000835 1.152363
v 0.975533 0.007521 1.151422
v 0.960007 0.013702 1.019470
v 0.977182 0.005761 1.053848
v 0.959416 0.006750 1.028846
v 0.987159 0.019174 1.102130
v 0.974607 0.032709 1.088819
v 0.970900 0.041024 1.043447
v 0.957318 0.032830 1.022831
v 0.978719 0.042395 1.068393
v 0.981381 0.012073 1.099620
v 0.985637 0.006164 1.083906
v 0.364043 0.070356 1.200100
v 0.362757 0.138017 1.308763
v 0.366784 0.068890 1.309615
v 0.333574 0.157791 1.241285
v 0.369855 0.036823 1.280623
v 0.330798 0.139873 1.204561
v 0.362704 0.112456 1.318202
v -0.026008 0.231354 1.626561
v 0.338678 0.164696 1.275152
v 0.365850 0.022794 1.250336
v 0.079666 0.045620 1.558637
v 0.328294 0.121509 1.181635
v 0.804804 0.029734 1.069247
v 0.802386 0.002245 1.118207
v 0.800975 0.001517 1.100027
v 0.804792 0.031820 1.137820
v 0.807019 0.053768 1.133838
v 0.810140 0.062831 1.092324
v 0.805771 0.039540 1.067707
v 0.803603 0.010445 1.082341
v 0.808008 0.065623 1.125117
v 0.800328 0.014041 1.137032
v 0.130281 0.122054 1.653131
v 0.073252 0.046169 1.691651
v 0.094385 0.101683 1.710173
v 0.139524 0.083447 1.631520
v 0.109927 0.066660 1.677318
v 0.023049 0.048258 1.351021
v 0.105008 0.179718 1.675647
v 0.065827 0.157572 1.725720
v 0.075290 0.047768 1.627952
v 0.069831 0.236937 1.662586
v 0.032204 0.216552 1.709546
v 0.005433 0.234119 1.679847
v 0.024956 0.259234 1.629164
v -0.009046 0.249484 1.486271
v 0.105353 0.114767 1.436738
v 0.086364 0.061655 1.405894
v 0.108263 0.174698 1.458857
v 0.093612 0.234918 1.477629
v 0.049432 0.266175 1.489669
v 0.004349 0.304398 1.337615
v 0.102693 0.275744 1.341709
v 0.161053 0.187191 1.433849
v 0.145294 0.129740 1.449663
v 0.129887 0.068220 1.426243
v 0.063838 0.006073 1.293126
v 0.018727 0.013106 1.281007
v 0.087098 0.001224 1.289463
v 0.017672 0.010500 1.268586
v 0.129952 0.064172 1.413286
v 0.053574 0.078893 1.724288
v 0.142839 0.123229 1.440944
v 0.161077 0.189955 1.420204
v 0.103175 0.261525 1.330477
v 0.004867 0.294050 1.327035
v 0.137143 0.080348 1.562480
v 0.135231 0.065033 1.572220
v 0.135886 0.064305 1.620523
v 0.146382 0.070860 1.596952
v 0.104277 0.048372 1.571887
v 0.104125 0.046755 1.619357
v 0.095207 0.042565 1.595440
v 0.123029 0.001491 1.594636
v 0.130578 0.005037 1.614880
v 0.166373 0.025493 1.595956
v 0.157462 0.019892 1.615867
v 0.130707 0.006406 1.574700
v 0.157590 0.021260 1.575687
v 0.130163 0.330523 0.710457
v 0.180269 0.289215 0.745076
v 0.402762 0.057014 0.273500
v 0.334297 0.016701 0.350241
v 0.296396 0.019310 0.325115
v 0.272359 0.053961 0.303685
v 0.232431 0.063161 0.359869
v 0.275778 0.094314 0.298881
v 0.304726 0.127030 0.314107
v 0.347865 0.122321 0.330556
v 0.372124 0.089945 0.351782
v 0.347316 0.109963 0.409360
v 0.365818 0.045837 0.361028
v 0.370110 0.038301 0.259122
v 0.309247 0.097911 0.194160
v 0.329304 0.047589 0.253792
v 0.303984 0.085512 0.258380
v 0.313030 0.128991 0.271625
v 0.407423 0.162496 0.230488
v 0.355673 0.150608 0.287722
v 0.393062 0.136661 0.293780
v 0.411768 0.090560 0.290301
v 0.379314 0.049100 0.315376
v 0.305573 0.049096 0.271881
v 0.395112 0.076595 0.288590
v 0.321371 0.076590 0.245095
v 0.390913 0.117273 0.295705
v 0.317172 0.117269 0.252211
v 0.370916 0.130457 0.329607
v 0.297175 0.130453 0.286112
v 0.355118 0.102963 0.356393
v 0.281377 0.102959 0.312898
v 0.359317 0.062284 0.349278
v 0.285576 0.062280 0.305783
v 0.354247 0.117271 0.274079
v 0.334250 0.130455 0.307980
v 0.318452 0.102961 0.334766
v 0.356389 0.049099 0.301854
v 0.328907 0.049097 0.285644
v 0.344704 0.076592 0.258858
v 0.372187 0.076593 0.275068
v 0.308910 0.062282 0.319546
v 0.336392 0.062283 0.335756
v 0.361505 -0.000472 0.293183
v 0.334025 -0.000473 0.276974
v 0.368181 0.036589 0.219063
v 0.395661 0.036591 0.235271
v 0.295228 0.007424 0.342750
v 0.322708 0.007425 0.358958
v 0.514959 0.058893 1.157610
v 0.563042 0.054247 1.139959
v 0.464678 0.107702 1.165318
v 0.414008 0.125398 1.178168
v 0.478925 0.130746 1.187151
v 0.432991 0.149978 1.201367
v 0.489733 0.129710 1.219840
v 0.443979 0.148466 1.238675
v 0.490518 0.104814 1.244770
v 0.447637 0.120378 1.264997
v 0.478535 0.070724 1.248723
v 0.438902 0.082827 1.266153
v 0.463244 0.047998 1.227255
v 0.422456 0.057846 1.241711
v 0.454435 0.049647 1.192695
v 0.408111 0.060019 1.205921
v 0.455303 0.073183 1.168011
v 0.404457 0.088015 1.179686
v 0.569655 0.090084 1.152764
v 0.520910 0.091148 1.169135
v 0.579849 0.105527 1.186669
v 0.530086 0.105047 1.199651
v 0.587654 0.091530 1.221814
v 0.537110 0.092449 1.231282
v 0.588497 0.056292 1.237610
v 0.537869 0.060733 1.245500
v 0.581884 0.020455 1.224805
v 0.531917 0.028479 1.233975
v 0.571690 0.005012 1.190900
v 0.522742 0.014580 1.203459
v 0.563885 0.019009 1.155756
v 0.515718 0.027178 1.171827
v 0.488222 0.074163 1.159075
v 0.516331 0.116726 1.199977
v 0.511088 0.053101 1.165278
v 0.539196 0.095664 1.206181
v 0.507612 0.032492 1.189113
v 0.535720 0.075055 1.230016
v 0.481271 0.032944 1.206743
v 0.509379 0.075508 1.247646
v 0.458406 0.054006 1.200539
v 0.486514 0.096569 1.241442
v 0.461882 0.074615 1.176705
v 0.489990 0.117178 1.217608
v 0.521588 0.053656 1.209451
v 0.495247 0.054108 1.227081
v 0.472382 0.075170 1.220878
v 0.496961 0.087395 1.171791
v 0.507436 0.103258 1.187035
v 0.530302 0.082196 1.193238
v 0.519826 0.066333 1.177994
v 0.481095 0.103710 1.204665
v 0.470620 0.087847 1.189421
v 0.501197 0.112510 1.142747
v 0.511672 0.128371 1.157990
v 0.559894 0.095058 1.159517
v 0.549420 0.079197 1.144274
v 0.459608 0.138905 1.182805
v 0.449133 0.123044 1.167563
v -0.102848 0.014812 1.182534
v -0.124045 0.268470 0.942695
v -0.116276 0.154002 0.918907
v -0.114178 0.273758 1.239663
v -0.059867 0.031331 1.080818
v 0.017147 0.015377 1.085343
v -0.114247 0.078615 1.063112
v -0.081815 0.305642 0.959905
v -0.201228 0.212630 1.213793
v -0.156321 0.042073 1.235429
v -0.160516 0.206124 1.404430
v -0.141824 0.111855 1.413374
v -0.173633 0.241595 1.262324
v -0.034016 0.085979 0.691729
v -0.149325 0.042614 1.271843
v -0.105365 0.268041 1.195440
v -0.071065 0.103733 0.911200
v -0.165226 0.243269 1.344490
v -0.142465 0.065885 1.361487
v 0.005948 0.108691 0.905804
v -0.149322 0.148727 1.053422
v -0.008408 0.309243 0.967119
v -0.133735 0.221058 1.091398
v 0.004660 0.291349 1.317358
v 0.022117 -0.000680 1.177925
v 0.003199 0.269818 1.233583
v 0.001983 0.264906 1.202791
v -0.156589 0.320825 0.699271
v -0.158891 0.204508 0.799787
v -0.000553 0.108429 0.683276
v -0.076237 0.130031 0.816660
v 0.001103 0.126645 0.811102
v -0.003603 0.344567 0.742660
v -0.175484 0.255503 0.590499
v -0.183253 0.119047 0.677442
v -0.236469 0.199098 0.657716
v -0.048174 0.089442 0.745435
v -0.004659 0.082009 0.737136
v 0.005508 0.206433 0.616788
v -0.082688 0.271865 1.111849
v -0.184072 0.264054 0.751584
v -0.243037 0.098461 0.329460
v -0.118333 0.005079 1.215120
v -0.107443 0.041386 1.346243
v -0.113568 0.277666 1.317999
v -0.170454 0.157852 1.424232
v -0.199561 0.123542 1.168398
v -0.140939 0.225601 0.934514
v -0.071896 0.335440 0.721967
v -0.005596 0.277745 1.119274
v -0.057116 0.204840 0.574909
v -0.102811 0.087410 0.515791
v -0.229169 0.231739 0.501086
v -0.244374 0.065608 0.568692
v -0.274423 0.178364 0.548898
v -0.167902 0.023236 0.556511
v -0.136388 0.207442 0.468327
v -0.317744 0.149108 0.356872
v -0.322959 0.032180 0.395599
v -0.353011 0.073186 0.400410
v -0.278299 0.022622 0.372753
v -0.273079 0.139360 0.334657
v -0.287253 0.086082 0.162401
v -0.366630 0.172978 0.194282
v -0.375772 0.055662 0.161843
v -0.408796 0.091779 0.175539
v -0.325371 0.053370 0.156471
v -0.316536 0.170600 0.189164
v -0.286469 0.106400 0.106359
v -0.369707 0.169960 0.139437
v -0.386412 0.071804 0.107043
v -0.418640 0.123711 0.134824
v -0.332671 0.051116 0.092607
v -0.302401 0.180579 0.132212
v -0.331685 0.135181 -0.231728
v -0.370611 0.191316 -0.207577
v -0.407394 0.132908 -0.182601
v -0.405482 0.185881 -0.235755
v -0.384220 0.107545 -0.186279
v -0.329398 0.177890 -0.211941
v -0.315901 0.139016 -0.309082
v -0.345978 0.206412 -0.288258
v -0.415577 0.134586 -0.316285
v -0.373738 0.204460 -0.324233
v -0.405441 0.100886 -0.304519
v -0.309390 0.185117 -0.286885
v -0.381241 0.172955 -0.060392
v -0.416918 0.143890 -0.060043
v -0.331200 0.178808 -0.065177
v -0.317820 0.130557 -0.075826
v -0.391626 0.109451 -0.074061
v -0.351102 0.095275 -0.081125
v -0.426124 0.078701 -0.230678
v -0.459570 0.133765 -0.227959
v -0.463315 0.146521 -0.274236
v -0.440062 0.105320 -0.219988
v -0.426818 0.056975 -0.286736
v -0.458939 0.108470 -0.307740
v -0.469858 0.125976 -0.314881
v -0.440864 0.079493 -0.295921
v -0.528873 0.004988 -0.241249
v -0.577973 0.058658 -0.259558
v -0.560351 0.091428 -0.295201
v -0.565015 0.031161 -0.244845
v -0.527141 -0.006058 -0.267129
v -0.576730 0.047153 -0.289550
v -0.560153 0.088175 -0.304440
v -0.563290 0.017900 -0.277828
v -0.219317 0.194985 1.202632
v -0.177472 0.048694 1.218935
v -0.214749 0.200077 1.386959
v -0.192002 0.106885 1.400479
v -0.223046 0.200968 1.251089
v -0.177360 0.046032 1.278083
v -0.219576 0.203606 1.320175
v -0.175252 0.065701 1.353526
v -0.217378 0.143129 1.404601
v -0.215009 0.113790 1.178977
v -0.330219 0.080861 1.052869
v -0.365166 0.087267 0.980301
v -0.098499 0.111842 0.939916
v -0.081482 0.060095 0.944206
v -0.363566 0.005857 0.986442
v -0.332504 0.002555 1.030339
v -0.370249 0.066483 0.975957
v -0.314755 0.062572 1.051891
v -0.370883 0.032833 0.978902
v -0.321912 0.026353 1.044473
v -0.345999 -0.001380 1.008023
v -0.349811 0.099197 1.015819
v -0.111764 0.054389 0.922103
v -0.098875 0.044033 0.921023
v -0.105261 0.105806 0.928523
v -0.084409 0.053555 0.937665
v -0.110209 0.074169 0.915791
v -0.090829 0.043626 0.924782
v -0.024602 0.082723 0.949164
v -0.017811 0.111874 0.937543
v -0.103673 0.045440 0.919203
v -0.083697 0.087062 0.946401
v -0.052577 0.117373 0.931108
v -0.049432 0.078696 0.947192
v -0.067958 0.051450 0.887046
v 0.007041 -0.029507 0.887343
v -0.058106 0.104282 0.916759
v -0.045715 0.058810 0.931431
v -0.065710 0.076778 0.893708
v -0.042062 0.029158 0.916332
v 0.063348 0.063759 0.983162
v 0.055006 0.044335 0.990230
v 0.009647 -0.033128 0.895135
v -0.040548 0.092525 0.951252
v -0.024410 0.044496 0.883299
v -0.008661 0.023224 0.905996
v -0.014884 0.104965 0.915884
v -0.017083 0.062973 0.927373
v -0.024518 0.073204 0.885199
v -0.009750 0.037396 0.910852
v -0.052070 0.007060 0.907762
v -0.056676 0.015851 0.896113
v -0.005310 0.023600 0.894779
v -0.022379 0.091173 0.954443
v 0.073920 0.026426 0.937350
v 0.070851 0.007779 0.936228
v 0.079224 0.044250 0.968503
v 0.073667 0.022211 0.978046
v 0.085493 0.034191 0.952933
v 0.081171 0.007003 0.954718
v 0.091015 0.017711 0.954032
v 0.085631 0.032369 0.974612
v 0.078812 0.009985 0.932138
v 0.060896 0.055761 0.994191
v -0.051309 0.010841 0.914350
v -0.056844 0.006741 0.899329
v -0.041313 0.014784 0.882276
v -0.030197 0.008424 0.911366
v -0.026025 0.018449 0.890137
v -0.013743 0.012003 0.905883
v -0.017875 0.014964 0.912392
v -0.012018 0.013276 0.899394
v 0.010710 -0.028936 0.899176
v 0.008114 -0.032859 0.891116
v 0.012643 -0.024491 0.886319
v 0.016848 -0.027889 0.893957
v 0.015101 -0.025662 0.899159
v 0.016354 -0.027308 0.889870
v 0.014538 -0.018242 0.886266
v 0.020368 -0.019520 0.897287
v 0.016236 -0.020593 0.899586
v 0.020564 -0.018161 0.892647
v 0.018068 0.072745 0.975647
v 0.028292 0.042592 0.952709
v 0.014045 0.062930 0.970739
v 0.039450 0.025218 0.903548
v 0.033415 0.046558 0.905030
v 0.038330 0.077418 0.943903
v 0.023732 0.087133 0.962470
v 0.043541 0.063027 0.920536
v 0.031862 0.024142 0.907739
v 0.034647 0.025963 0.925777
v -0.283902 0.124020 1.134642
v -0.329027 0.103316 1.255889
v -0.289563 0.055478 1.225073
v -0.317695 0.168810 1.218768
v -0.271460 0.050123 1.185332
v -0.304108 0.178966 1.181520
v -0.313296 0.081311 1.252600
v -0.326253 0.151818 1.248073
v -0.257885 0.062247 1.154352
v -0.290504 0.181224 1.155347
v -0.117464 0.078742 0.977010
v -0.138618 0.031266 0.950641
v -0.129725 0.039029 0.964722
v -0.156394 0.053902 0.924185
v -0.158278 0.076488 0.919702
v -0.135011 0.100930 0.946497
v -0.118485 0.088878 0.974875
v -0.120411 0.055217 0.973495
v -0.155914 0.091141 0.921932
v -0.154608 0.037005 0.932825
v -0.018364 0.039476 1.646304
v 0.013784 0.056906 1.706471
v 0.011016 0.012057 1.625619
v 0.037601 0.026480 1.673997
v -0.055532 0.090532 1.668274
v -0.019663 0.110079 1.721794
v -0.085031 0.151676 1.655393
v -0.050846 0.170415 1.705732
v -0.050626 0.202873 1.677298
v -0.077291 0.203850 1.624470
v -0.039052 0.075605 1.422834
v -0.022479 0.040915 1.395312
v -0.064234 0.125931 1.446449
v -0.082791 0.188494 1.468125
v -0.063948 0.233853 1.483892
v -0.087329 0.293374 1.353542
v -0.142362 0.192955 1.433556
v -0.125579 0.127943 1.438667
v -0.105571 0.065702 1.405683
v -0.025400 0.014553 1.283275
v -0.046312 0.012219 1.274555
v -0.108086 0.069578 1.392872
v -0.124839 0.127401 1.430114
v -0.142953 0.201981 1.422148
v -0.087310 0.283543 1.342133
v 0.013257 0.011624 1.555264
v 0.016344 0.001023 1.566496
v 0.016551 -0.000986 1.615180
v 0.083870 0.037035 1.570950
v 0.082856 0.034939 1.618380
v -0.169561 0.304833 0.923225
v -0.161849 0.168762 0.928349
v -0.193820 0.316073 0.718147
v -0.195323 0.204392 0.805949
v -0.366743 0.043999 0.229261
v -0.352496 0.022377 0.331916
v -0.311452 0.016072 0.310247
v -0.277620 0.045043 0.291952
v -0.245379 0.049747 0.345531
v -0.277500 0.084133 0.282186
v -0.301506 0.122822 0.292959
v -0.346168 0.126923 0.304471
v -0.376929 0.101478 0.326081
v -0.350851 0.121619 0.384369
v -0.379330 0.057960 0.339181
v -0.321743 0.040985 0.222817
v -0.283603 0.134661 0.176002
v -0.287255 0.070283 0.227564
v -0.283594 0.114010 0.239270
v -0.312493 0.146722 0.250856
v -0.404889 0.140378 0.188812
v -0.355042 0.150506 0.255462
v -0.391356 0.120749 0.252340
v -0.394547 0.078466 0.243199
v -0.376495 0.054706 0.276276
v -0.293899 0.043761 0.256586
v -0.380268 0.082033 0.245260
v -0.297672 0.071088 0.225570
v -0.373277 0.122362 0.252166
v -0.290681 0.111417 0.232476
v -0.362514 0.135364 0.290089
v -0.279918 0.124420 0.270399
v -0.358741 0.108037 0.321105
v -0.276145 0.097092 0.301415
v -0.365732 0.067708 0.314199
v -0.283136 0.056763 0.294509
v -0.332208 0.116920 0.242376
v -0.321445 0.129922 0.280298
v -0.317672 0.102595 0.311315
v -0.350817 0.051303 0.270155
v -0.320034 0.047224 0.262817
v -0.323807 0.074551 0.231801
v -0.354590 0.078630 0.239139
v -0.309271 0.060226 0.300739
v -0.340054 0.064305 0.308078
v -0.359334 0.002158 0.261739
v -0.328554 -0.001921 0.254401
v -0.339504 0.034964 0.187966
v -0.370284 0.039043 0.195304
v -0.309878 0.005768 0.328469
v -0.340658 0.009847 0.335807
v -0.403058 0.060163 1.080283
v -0.354104 0.064570 1.065140
v -0.385187 0.117512 1.089160
v -0.359085 0.142624 1.125661
v -0.412811 0.113762 1.111867
v -0.387682 0.137135 1.151211
v -0.422965 0.088587 1.131543
v -0.398211 0.108226 1.174565
v -0.412361 0.057639 1.138547
v -0.384740 0.072969 1.182043
v -0.386735 0.037914 1.131295
v -0.355224 0.051947 1.169580
v -0.358448 0.040758 1.110114
v -0.326489 0.057299 1.144193
v -0.343825 0.062761 1.092127
v -0.315745 0.085799 1.121677
v -0.356290 0.096435 1.080290
v -0.329023 0.121225 1.113371
v -0.365438 0.093138 1.041743
v -0.413258 0.085875 1.059225
v -0.380298 0.095012 1.006139
v -0.426633 0.087561 1.027180
v -0.389980 0.069095 0.979184
v -0.435347 0.064235 1.002920
v -0.388813 0.030568 0.976669
v -0.434297 0.029560 1.000656
v -0.377480 0.002001 1.000067
v -0.424096 0.003848 1.021715
v -0.362620 0.000126 1.035670
v -0.410721 0.002161 1.053760
v -0.352937 0.026044 1.062625
v -0.402007 0.025487 1.078020
v -0.362595 0.087073 1.056788
v -0.423101 0.091608 1.081144
v -0.370515 0.060100 1.042138
v -0.431020 0.064635 1.066494
v -0.366653 0.032317 1.056906
v -0.427158 0.036853 1.081263
v -0.354871 0.031507 1.086324
v -0.415377 0.036043 1.110681
v -0.346952 0.058481 1.100974
v -0.407457 0.063016 1.125331
v -0.350814 0.086263 1.086206
v -0.411319 0.090799 1.110563
v -0.396738 0.034572 1.069017
v -0.384956 0.033763 1.098435
v -0.377037 0.060736 1.113085
v -0.381406 0.088483 1.064360
v -0.403955 0.090173 1.073437
v -0.411875 0.063200 1.058787
v -0.389325 0.061510 1.049710
v -0.392174 0.089364 1.102855
v -0.369624 0.087673 1.093778
v -0.386113 0.122339 1.046364
v -0.408661 0.124029 1.055441
v -0.426603 0.082014 1.018694
v -0.404055 0.080323 1.009618
v -0.386450 0.135337 1.108509
v -0.363903 0.133647 1.099433
v -0.055532 0.090532 1.668274
v -0.085065 0.151762 1.655381
v 0.133203 0.122045 1.596917
v 0.109715 0.179200 1.598295
v 0.177884 0.087503 1.622638
v 0.152868 0.131597 1.654638
v 0.076249 0.235814 1.600265
v 0.029189 0.256858 1.601365
v 0.124290 0.182904 1.676825
v 0.091269 0.241233 1.663962
v 0.178740 0.087252 1.587468
v 0.153648 0.131132 1.598562
v 0.094531 0.239925 1.601124
v 0.124648 0.291600 0.920549
v 0.085372 0.318286 0.925038
v 0.124493 0.324842 0.916788
v 0.180883 0.330190 0.722414
v 0.144379 0.350396 0.704258
v 0.095733 0.346793 0.911348
v 0.203398 0.265990 0.782350
v 0.153364 0.265572 0.929753
v 0.197206 0.294847 0.753029
v 0.140360 0.303402 0.918570
v -0.075737 0.205010 1.595154
v -0.018604 0.040085 1.590274
v -0.055564 0.091680 1.590377
v -0.084156 0.153013 1.592362
v -0.084561 0.152024 1.623001
v -0.055153 0.091056 1.623333
v -0.018071 0.039798 1.624660
v -0.001424 0.006742 1.625322
v 0.001092 0.005474 1.554720
v -0.030893 0.034903 1.590168
v -0.067866 0.086565 1.590276
v -0.096717 0.147926 1.592005
v -0.097020 0.146855 1.622726
v -0.067869 0.085711 1.622749
v -0.030511 0.034482 1.624365
v -0.392600 0.014256 0.898880
v -0.392652 0.045096 0.901955
v -0.020985 0.064461 0.869984
v -0.020877 0.001277 0.863683
v -0.370219 0.030072 0.740663
v -0.370272 0.060913 0.743738
v -0.070527 0.060435 0.783771
v -0.070462 0.022083 0.779946
v -0.008556 0.076398 0.750501
v -0.008448 0.013214 0.744200
v 0.235979 0.064759 0.871380
v 0.236086 0.001575 0.865079
v 0.247506 0.073248 0.786459
v 0.247614 0.010064 0.780158
v 0.236032 0.033167 0.868230
v 0.247560 0.041656 0.783309
v 0.243512 0.006994 0.810871
v 0.243404 0.070178 0.817172
v 0.673350 0.056762 0.923057
v 0.673436 0.005940 0.917989
v 0.676114 0.032911 0.895200
v 0.682329 0.037624 0.848039
v 0.679837 0.015658 0.865516
v 0.679768 0.055698 0.869509
v 0.234213 0.062902 0.889970
v 0.234321 -0.000282 0.883669
v 0.231039 0.029029 0.909641
v 0.670797 0.029516 0.938879
v 0.904781 0.029220 0.919228
v 0.909446 0.032758 0.883836
v 0.907575 0.016273 0.896952
v 0.907524 0.046321 0.899948
v 0.904746 0.049737 0.921274
v 0.922821 0.029009 0.921650
v 0.927485 0.032547 0.886258
v 0.925331 0.015862 0.901375
v 0.925280 0.045910 0.904372
v 0.909411 0.053275 0.885882
v 0.907489 0.066838 0.901994
v 0.922786 0.049527 0.923696
v 0.927450 0.053064 0.888304
v 0.925245 0.066427 0.906418
v 0.904836 0.008719 0.917033
v 0.909500 0.012256 0.881641
v 0.907629 -0.004228 0.894756
v 0.922875 0.008508 0.919455
v 0.927540 0.012046 0.884063
v 0.925386 -0.004639 0.899180
v 0.232017 0.010258 0.777945
v 0.231910 0.073442 0.784246
v -0.008532 0.062601 0.749125
v -0.008472 0.027011 0.745575
v 0.231994 0.024055 0.779321
v 0.231933 0.059645 0.782871
v 0.029625 0.064892 0.726808
v 0.029686 0.029302 0.723258
v 0.235834 0.026767 0.752192
v 0.235774 0.062357 0.755741
v 0.030516 0.001337 0.863962
v 0.030408 0.064521 0.870263
v -0.020903 0.016870 0.865238
v -0.020958 0.048868 0.868429
v 0.030435 0.048928 0.868708
v 0.030489 0.016930 0.865517
v -0.073912 0.015752 0.936510
v -0.073946 0.035710 0.938500
v -0.039785 0.031957 0.976713
v -0.039751 0.012000 0.974722
v 0.010844 0.045984 0.897897
v 0.010898 0.013986 0.894706
v 0.052197 0.038350 0.882248
v 0.052220 0.024699 0.880886
v 0.032606 0.035406 0.911436
v 0.032629 0.021755 0.910075
vt 0.233223 0.485046
vt 0.233680 0.485202
vt 0.179828 0.488899
vt 0.239197 0.479373
vt 0.214722 0.655552
vt 0.190778 0.627255
vt 0.017621 0.221534
vt 0.009764 0.221505
vt 0.015927 0.188908
vt 0.190269 0.627043
vt 0.213882 0.655204
vt 0.238787 0.479203
vt 0.099709 0.223593
vt 0.108488 0.223619
vt 0.098543 0.018783
vt 0.195425 0.482265
vt 0.212989 0.482329
vt 0.213920 0.628024
vt 0.183405 0.632386
vt 0.173668 0.660172
vt 0.210244 0.659498
vt 0.211181 0.659817
vt 0.174605 0.660491
vt 0.183974 0.632579
vt 0.199676 0.800625
vt 0.199676 0.998662
vt 0.229714 0.999166
vt 0.027054 0.368219
vt 0.016962 0.359246
vt 0.037231 0.359323
vt 0.038771 0.571329
vt 0.031087 0.769034
vt 0.016688 0.768257
vt 0.160161 0.883237
vt 0.185029 0.882930
vt 0.160510 0.909493
vt 0.185726 0.935442
vt 0.160859 0.935749
vt 0.046212 0.768320
vt 0.032460 0.768947
vt 0.025882 0.572279
vt 0.230905 0.999461
vt 0.199676 0.998894
vt 0.199676 0.800990
vt 0.028524 0.561602
vt 0.013534 0.561425
vt 0.011361 0.379726
vt 0.210635 0.500621
vt 0.218871 0.500248
vt 0.204802 0.500806
vt 0.237817 0.373773
vt 0.235861 0.296055
vt 0.274133 0.323788
vt 0.101947 0.616359
vt 0.099848 0.754527
vt 0.114858 0.754739
vt 0.042284 0.561516
vt 0.031336 0.379962
vt 0.197492 0.323389
vt 0.207818 0.403156
vt 0.084242 0.616570
vt 0.086562 0.754685
vt 0.268133 0.402638
vt 0.240350 0.801187
vt 0.230321 0.800784
vt 0.074472 0.430621
vt 0.081645 0.627925
vt 0.094246 0.627715
vt 0.211572 0.500941
vt 0.237104 0.207031
vt 0.255785 0.246285
vt 0.237001 0.280879
vt 0.218314 0.246141
vt 0.262688 0.207440
vt 0.281369 0.246694
vt 0.023832 0.290985
vt 0.030119 0.290670
vt 0.030590 0.290764
vt 0.211415 0.280782
vt 0.192727 0.246044
vt 0.211518 0.206933
vt 0.102094 0.742635
vt 0.102056 0.752842
vt 0.110981 0.753013
vt 0.044924 0.747764
vt 0.044827 0.758062
vt 0.036687 0.758150
vt 0.040650 0.290554
vt 0.031583 0.291004
vt 0.031180 0.290907
vt 0.090504 0.752807
vt 0.024706 0.291177
vt 0.036734 0.747827
vt 0.025002 0.758106
vt 0.070962 0.752896
vt 0.078956 0.752774
vt 0.078994 0.742568
vt 0.013322 0.758063
vt 0.004349 0.757909
vt 0.004446 0.747612
vt 0.090542 0.742601
vt 0.262586 0.281288
vt 0.039777 0.290362
vt 0.013369 0.747739
vt 0.025049 0.747782
vt 0.009105 0.359217
vt 0.045089 0.359353
vt 0.037890 0.221611
vt 0.160206 0.982772
vt 0.160363 0.948104
vt 0.186080 0.948244
vt 0.038476 0.241620
vt 0.037911 0.359679
vt 0.017642 0.359602
vt 0.178795 0.834566
vt 0.160897 0.835060
vt 0.160697 0.692022
vt 0.018207 0.241543
vt 0.160212 0.691738
vt 0.160412 0.834776
vt 0.178310 0.834282
vt 0.231802 0.801149
vt 0.241830 0.801552
vt 0.097459 0.627992
vt 0.110887 0.628293
vt 0.115523 0.431012
vt 0.099764 0.252235
vt 0.108544 0.252261
vt 0.073192 0.366723
vt 0.081748 0.252181
vt 0.214823 0.800366
vt 0.215336 0.800517
vt 0.215850 0.800668
vt 0.184329 0.788037
vt 0.224082 0.795957
vt 0.238478 0.682150
vt 0.223940 0.796377
vt 0.195012 0.796839
vt 0.185663 0.788456
vt 0.072968 0.252155
vt 0.081692 0.223539
vt 0.083277 0.198688
vt 0.094514 0.198722
vt 0.082378 0.220233
vt 0.093615 0.220266
vt 0.228419 0.553931
vt 0.205091 0.519327
vt 0.223658 0.520720
vt 0.099022 0.243247
vt 0.205485 0.519017
vt 0.228665 0.553737
vt 0.224052 0.520410
vt 0.081005 0.243193
vt 0.085841 0.256273
vt 0.093527 0.256296
vt 0.213507 0.694966
vt 0.223919 0.686963
vt 0.223717 0.686894
vt 0.191014 0.481276
vt 0.204545 0.481874
vt 0.212954 0.499273
vt 0.193756 0.516814
vt 0.192695 0.503725
vt 0.204030 0.506238
vt 0.204424 0.505927
vt 0.192863 0.503592
vt 0.193924 0.516682
vt 0.179370 0.488743
vt 0.190438 0.481685
vt 0.037768 0.188991
vt 0.045748 0.221641
vt 0.190028 0.481515
vt 0.081178 0.018732
vt 0.072912 0.223513
vt 0.192078 0.627944
vt 0.045045 0.368287
vt 0.009062 0.368150
vt 0.016051 0.570051
vt 0.046212 0.571237
vt 0.204334 0.500646
vt 0.121947 0.616641
vt 0.049672 0.379846
vt 0.092789 0.430360
vt 0.205271 0.500966
vt 0.024303 0.291080
vt 0.111068 0.742832
vt 0.040247 0.290457
vt 0.071049 0.742715
vt 0.185924 0.982912
vt 0.178563 0.667718
vt 0.178078 0.667433
vt 0.096003 0.430637
vt 0.108768 0.366828
vt 0.242077 0.653698
vt 0.185506 0.652728
vt 0.184264 0.796814
vt 0.193677 0.796420
vt 0.186841 0.653148
vt 0.241936 0.654117
vt 0.238336 0.682569
vt 0.185599 0.797234
vt 0.207037 0.554129
vt 0.207283 0.553935
vt 0.213305 0.694897
vt 0.181237 0.497872
vt 0.425781 0.910156
vt 0.390625 0.910156
vt 0.425781 0.832031
vt 0.804688 0.925781
vt 0.828125 0.906250
vt 0.835938 0.921875
vt 0.808594 0.957031
vt 0.839844 0.957031
vt 0.785156 0.964844
vt 0.808594 0.980469
vt 0.398438 0.988281
vt 0.398438 0.964844
vt 0.425781 0.968750
vt 0.371094 0.964844
vt 0.378906 0.937500
vt 0.406250 0.937500
vt 0.397932 0.887413
vt 0.397922 0.833024
vt 0.417936 0.840942
vt 0.417945 0.887319
vt 0.439569 0.845461
vt 0.371094 0.906250
vt 0.371094 0.843750
vt 0.390625 0.839844
vt 0.390625 0.894531
vt 0.386719 0.761719
vt 0.373047 0.839844
vt 0.337891 0.808594
vt 0.843750 0.828125
vt 0.875000 0.804688
vt 0.874070 0.826304
vt 0.839844 0.796875
vt 0.871094 0.769531
vt 0.828125 0.761719
vt 0.808594 0.695312
vt 0.785156 0.738281
vt 0.785156 0.695312
vt 0.785156 0.691406
vt 0.824219 0.691406
vt 0.871094 0.761719
vt 0.875000 0.800781
vt 0.335938 0.812500
vt 0.332031 0.832031
vt 0.332031 0.828125
vt 0.335938 0.804688
vt 0.425781 0.761719
vt 0.828125 0.851562
vt 0.835938 0.878906
vt 0.414062 0.042969
vt 0.433594 0.031250
vt 0.433594 0.058594
vt 0.406250 0.031250
vt 0.382812 0.031250
vt 0.414062 0.015625
vt 0.382812 0.058594
vt 0.410156 0.058594
vt 0.414062 0.070312
vt 0.304688 0.082031
vt 0.324219 0.082031
vt 0.324219 0.109375
vt 0.277344 0.082031
vt 0.277344 0.109375
vt 0.257812 0.109375
vt 0.347656 0.082031
vt 0.347656 0.109375
vt 0.304688 0.109375
vt 0.234375 0.082031
vt 0.234375 0.109375
vt 0.207031 0.109375
vt 0.257812 0.082031
vt 0.390625 0.074219
vt 0.421875 0.074219
vt 0.433594 0.097656
vt 0.425781 0.121094
vt 0.390625 0.121094
vt 0.851562 0.660156
vt 0.824219 0.621094
vt 0.851562 0.621094
vt 0.875000 0.683594
vt 0.878906 0.699219
vt 0.863281 0.667969
vt 0.382812 0.574219
vt 0.386719 0.640625
vt 0.359375 0.644531
vt 0.351562 0.500000
vt 0.386719 0.492188
vt 0.343750 0.660156
vt 0.339844 0.609375
vt 0.347656 0.589844
vt 0.828125 0.535156
vt 0.855469 0.554688
vt 0.867188 0.578125
vt 0.863281 0.628906
vt 0.835938 0.472656
vt 0.371094 0.707031
vt 0.343750 0.722656
vt 0.339844 0.691406
vt 0.371094 0.746094
vt 0.339844 0.757812
vt 0.382812 0.683594
vt 0.425781 0.687500
vt 0.425781 0.707031
vt 0.425781 0.753906
vt 0.785156 0.621094
vt 0.785156 0.535156
vt 0.878906 0.679688
vt 0.425781 0.574219
vt 0.425781 0.648438
vt 0.425781 0.500000
vt 0.324219 0.707031
vt 0.332031 0.687500
vt 0.332031 0.683594
vt 0.328125 0.687500
vt 0.894531 0.699219
vt 0.882812 0.683594
vt 0.304688 0.777344
vt 0.312500 0.742188
vt 0.316406 0.804595
vt 0.289985 0.790508
vt 0.882812 0.746094
vt 0.902344 0.742188
vt 0.914062 0.777344
vt 0.920325 0.789868
vt 0.896887 0.801587
vt 0.796875 0.406250
vt 0.804688 0.410156
vt 0.785156 0.406250
vt 0.425781 0.453125
vt 0.425781 0.441406
vt 0.398438 0.425781
vt 0.800195 0.407617
vt 0.804102 0.368555
vt 0.843164 0.341211
vt 0.395027 0.428572
vt 0.387215 0.373884
vt 0.402840 0.401228
vt 0.867188 0.734375
vt 0.785156 0.464844
vt 0.324219 0.519531
vt 0.310685 0.459584
vt 0.339844 0.433594
vt 0.871094 0.414062
vt 0.878906 0.492188
vt 0.901359 0.441037
vt 0.308594 0.460938
vt 0.308594 0.398438
vt 0.335938 0.382812
vt 0.390625 0.371094
vt 0.878906 0.351562
vt 0.902344 0.398438
vt 0.902344 0.441406
vt 0.839844 0.339844
vt 0.363777 0.291853
vt 0.320312 0.289062
vt 0.343750 0.285156
vt 0.890625 0.277344
vt 0.905296 0.293584
vt 0.863281 0.273438
vt 0.746094 0.277344
vt 0.769531 0.257812
vt 0.761719 0.296875
vt 0.585938 0.253906
vt 0.601562 0.214844
vt 0.589844 0.222656
vt 0.656250 0.261719
vt 0.664062 0.246094
vt 0.636719 0.222656
vt 0.605469 0.250000
vt 0.800781 0.273438
vt 0.824219 0.300781
vt 0.812500 0.312500
vt 0.769531 0.191406
vt 0.785156 0.179688
vt 0.625000 0.132812
vt 0.667969 0.148438
vt 0.652344 0.136719
vt 0.808594 0.187500
vt 0.828125 0.203125
vt 0.808594 0.125000
vt 0.781250 0.109375
vt 0.808594 0.074219
vt 0.824219 0.085938
vt 0.625000 0.070312
vt 0.625000 0.066406
vt 0.621094 0.023438
vt 0.609375 0.140625
vt 0.773438 0.074219
vt 0.808594 0.039062
vt 0.667969 0.054688
vt 0.664062 0.011719
vt 0.648438 0.023438
vt 0.652344 0.066406
vt 0.824219 0.132812
vt 0.828125 0.121094
vt 0.679688 0.085938
vt 0.687500 0.058594
vt 0.839844 0.093750
vt 0.691406 0.039062
vt 0.671875 0.031250
vt 0.656250 0.035156
vt 0.664062 0.046875
vt 0.652344 0.050781
vt 0.679688 0.042969
vt 0.835938 0.019531
vt 0.863281 0.027344
vt 0.835938 0.007812
vt 0.718750 0.089844
vt 0.726562 0.070312
vt 0.878906 0.027344
vt 0.726562 0.066406
vt 0.703125 0.082031
vt 0.675781 0.082031
vt 0.718750 0.074219
vt 0.863281 0.007812
vt 0.878906 0.015625
vt 0.882812 0.027344
vt 0.882812 0.031250
vt 0.304688 0.660156
vt 0.316406 0.644531
vt 0.894531 0.652344
vt 0.910156 0.664062
vt 0.898438 0.671875
vt 0.273438 0.683594
vt 0.285156 0.671875
vt 0.290354 0.790139
vt 0.267717 0.689376
vt 0.925781 0.679688
vt 0.941406 0.695312
vt 0.950800 0.701575
vt 0.609375 0.441406
vt 0.601562 0.441406
vt 0.566406 0.542969
vt 0.574219 0.550781
vt 0.601562 0.562500
vt 0.621094 0.449219
vt 0.953125 0.617188
vt 0.941406 0.613281
vt 0.968750 0.511719
vt 0.628906 0.464844
vt 0.980469 0.496094
vt 0.972656 0.492188
vt 0.976562 0.468750
vt 0.972656 0.515625
vt 0.984375 0.468750
vt 0.984375 0.476562
vt 0.972656 0.496094
vt 0.636719 0.441406
vt 0.628906 0.429688
vt 0.617188 0.417969
vt 0.632812 0.410156
vt 0.621094 0.402344
vt 0.613281 0.425781
vt 0.640625 0.406250
vt 0.945312 0.503906
vt 0.957031 0.507812
vt 0.925781 0.605469
vt 0.902344 0.589844
vt 0.933594 0.503906
vt 0.556143 0.551945
vt 0.587393 0.446477
vt 0.587393 0.454289
vt 0.895986 0.594914
vt 0.935049 0.505070
vt 0.585938 0.445312
vt 0.945312 0.484375
vt 0.945312 0.460938
vt 0.960938 0.464844
vt 0.957031 0.484375
vt 0.937500 0.484375
vt 0.925781 0.468750
vt 0.933594 0.460938
vt 0.601562 0.425781
vt 0.585938 0.406250
vt 0.582031 0.406250
vt 0.589844 0.433594
vt 0.585938 0.453125
vt 0.582031 0.410156
vt 0.589844 0.437500
vt 0.585938 0.460938
vt 0.605469 0.402344
vt 0.585938 0.398438
vt 0.640625 0.394531
vt 0.625000 0.390625
vt 0.640625 0.367188
vt 0.628906 0.363281
vt 0.644531 0.394531
vt 0.648438 0.371094
vt 0.980469 0.453125
vt 0.988281 0.457031
vt 0.988281 0.460938
vt 0.980469 0.429688
vt 0.992188 0.433594
vt 0.992188 0.437500
vt 0.945312 0.453125
vt 0.964844 0.449219
vt 0.933594 0.457031
vt 0.906250 0.449219
vt 0.910156 0.445312
vt 0.609375 0.390625
vt 0.589844 0.394531
vt 0.980469 0.402344
vt 0.976562 0.398438
vt 0.992188 0.410156
vt 0.991226 0.410733
vt 0.991226 0.438077
vt 0.644531 0.343750
vt 0.648438 0.343750
vt 0.632812 0.335938
vt 0.566406 0.375000
vt 0.562500 0.382812
vt 0.957031 0.429688
vt 0.964844 0.425781
vt 0.933594 0.453125
vt 0.937500 0.449219
vt 0.945312 0.429688
vt 0.601562 0.390625
vt 0.585938 0.390625
vt 0.613281 0.363281
vt 0.605469 0.367188
vt 0.601757 0.391401
vt 0.590038 0.391401
vt 0.586132 0.391401
vt 0.589844 0.390625
vt 0.960938 0.406250
vt 0.953125 0.402344
vt 0.964844 0.394531
vt 0.968750 0.398438
vt 0.617188 0.332031
vt 0.621094 0.335938
vt 0.609375 0.339844
vt 0.632422 0.336886
vt 0.620703 0.336886
vt 0.914062 0.445312
vt 0.570312 0.375000
vt 0.570312 0.371094
vt 0.910932 0.446865
vt 0.914838 0.446865
vt 0.567182 0.376552
vt 0.571088 0.376552
vt 0.571088 0.372646
vt 0.425781 0.757812
vt 0.898438 0.804688
vt 0.878906 0.816406
vt 0.870737 0.823474
vt 0.785156 0.660156
vt 0.351562 0.585938
vt 0.453125 0.203125
vt 0.421875 0.203125
vt 0.421875 0.250000
vt 0.921875 0.109375
vt 0.921875 0.136719
vt 0.871094 0.160156
vt 0.386719 0.250000
vt 0.351562 0.250000
vt 0.351562 0.203125
vt 0.554688 0.250000
vt 0.554688 0.203125
vt 0.523438 0.203125
vt 0.320312 0.250000
vt 0.320312 0.203125
vt 0.289062 0.203125
vt 0.386719 0.203125
vt 0.488281 0.250000
vt 0.488281 0.203125
vt 0.523438 0.250000
vt 0.453125 0.250000
vt 0.898438 0.089844
vt 0.851562 0.113281
vt 0.707031 0.167969
vt 0.691406 0.167969
vt 0.691406 0.148438
vt 0.707031 0.148438
vt 0.718750 0.148438
vt 0.730469 0.148438
vt 0.718750 0.167969
vt 0.691406 0.199219
vt 0.867188 0.093750
vt 0.910156 0.093750
vt 0.910156 0.156250
vt 0.718750 0.199219
vt 0.707031 0.199219
vt 0.730469 0.199219
vt 0.902344 0.160156
vt 0.867188 0.160156
vt 0.750000 0.148438
vt 0.750000 0.167969
vt 0.730469 0.167969
vt 0.707031 0.210938
vt 0.750000 0.199219
vt 0.945312 0.125000
vt 0.984375 0.125000
vt 0.968750 0.179688
vt 0.707031 0.171875
vt 0.707031 0.117188
vt 0.730469 0.117188
vt 0.953125 0.125000
vt 0.933594 0.101562
vt 0.968750 0.078125
vt 0.933594 0.105469
vt 0.968750 0.175781
vt 0.511719 0.128906
vt 0.511719 0.191406
vt 0.554688 0.191406
vt 0.300781 0.191406
vt 0.300781 0.128906
vt 0.343750 0.128906
vt 0.878906 0.160156
vt 0.855469 0.109375
vt 0.902344 0.093750
vt 0.386719 0.128906
vt 0.386719 0.191406
vt 0.425781 0.191406
vt 0.468750 0.191406
vt 0.468750 0.128906
vt 0.425781 0.128906
vt 0.941406 0.632812
vt 0.941406 0.621094
vt 0.218750 0.128906
vt 0.218750 0.191406
vt 0.257812 0.191406
vt 0.343750 0.191406
vt 0.507812 0.128906
vt 0.507812 0.191406
vt 0.554688 0.128906
vt 0.257812 0.128906
vt 0.871094 0.093750
vt 0.705078 0.167969
vt 0.687500 0.167969
vt 0.687500 0.144531
vt 0.707031 0.144531
vt 0.718750 0.144531
vt 0.687500 0.195312
vt 0.929688 0.125000
vt 0.855469 0.125000
vt 0.705078 0.195312
vt 0.718750 0.195312
vt 0.730469 0.195312
vt 0.910156 0.152344
vt 0.871094 0.097656
vt 0.910156 0.097656
vt 0.750000 0.195312
vt 0.730469 0.144531
vt 0.705078 0.218750
vt 0.945312 0.128906
vt 0.984375 0.128906
vt 0.730469 0.218750
vt 0.949219 0.125000
vt 0.933594 0.152344
vt 0.250000 0.636719
vt 0.265625 0.625000
vt 0.921875 0.644531
vt 0.945312 0.648438
vt 0.944460 0.650685
vt 0.963294 0.664838
vt 0.252276 0.644531
vt 0.252276 0.636719
vt 0.910156 0.648438
vt 0.285156 0.621094
vt 0.304688 0.625000
vt 0.914062 0.593750
vt 0.925781 0.613281
vt 0.562500 0.562500
vt 0.582031 0.566406
vt 0.554688 0.550781
vt 0.550781 0.562500
vt 0.550781 0.574219
vt 0.550781 0.566406
vt 0.906250 0.609375
vt 0.853613 0.288672
vt 0.332037 0.323155
vt 0.310039 0.383766
vt 0.317618 0.321988
vt 0.301618 0.319625
vt 0.289062 0.250000
vt 0.785156 0.937500
vt 0.785156 0.906250
vt 0.363281 0.070312
vt 0.363281 0.015625
vt 0.785156 0.851562
vt 0.738281 0.921875
vt 0.742188 0.906250
vt 0.761719 0.925781
vt 0.757812 0.957031
vt 0.757812 0.980469
vt 0.734375 0.957031
vt 0.785156 0.988281
vt 0.476562 0.746094
vt 0.460938 0.761719
vt 0.449219 0.964844
vt 0.468750 0.937500
vt 0.476562 0.964844
vt 0.441406 0.937500
vt 0.457031 0.910156
vt 0.425781 0.941406
vt 0.464844 0.089844
vt 0.472656 0.078125
vt 0.507812 0.085938
vt 0.457031 0.839844
vt 0.457031 0.894531
vt 0.508789 0.811523
vt 0.473633 0.842773
vt 0.692969 0.825781
vt 0.691406 0.804688
vt 0.728027 0.827734
vt 0.695312 0.769531
vt 0.734375 0.796875
vt 0.757812 0.695312
vt 0.742188 0.761719
vt 0.746094 0.691406
vt 0.695312 0.761719
vt 0.691406 0.800781
vt 0.691406 0.828125
vt 0.691406 0.820312
vt 0.511719 0.804688
vt 0.742188 0.851562
vt 0.468750 0.031250
vt 0.316406 0.031250
vt 0.316406 0.015625
vt 0.363281 0.031250
vt 0.363281 0.058594
vt 0.316406 0.070312
vt 0.316406 0.058594
vt 0.371094 0.042969
vt 0.722656 0.660156
vt 0.691406 0.683594
vt 0.722656 0.621094
vt 0.703125 0.667969
vt 0.687500 0.699219
vt 0.492188 0.644531
vt 0.460938 0.640625
vt 0.464844 0.574219
vt 0.460938 0.492188
vt 0.515625 0.507812
vt 0.496094 0.585938
vt 0.507812 0.609375
vt 0.503906 0.660156
vt 0.742188 0.535156
vt 0.746094 0.621094
vt 0.718750 0.554688
vt 0.703125 0.628906
vt 0.687500 0.492188
vt 0.738281 0.472656
vt 0.570312 0.875000
vt 0.578125 0.894531
vt 0.578125 0.960938
vt 0.476562 0.707031
vt 0.464844 0.683594
vt 0.507812 0.691406
vt 0.503906 0.722656
vt 0.507812 0.757812
vt 0.687500 0.679688
vt 0.515625 0.683594
vt 0.523438 0.707031
vt 0.515625 0.687500
vt 0.519531 0.687500
vt 0.675781 0.699219
vt 0.683594 0.683594
vt 0.539062 0.742188
vt 0.546875 0.777344
vt 0.553478 0.782892
vt 0.530785 0.793867
vt 0.656250 0.777344
vt 0.667969 0.742188
vt 0.683594 0.746094
vt 0.673735 0.802130
vt 0.646392 0.790411
vt 0.773438 0.406250
vt 0.785156 0.417969
vt 0.449219 0.425781
vt 0.769824 0.408301
vt 0.758105 0.412207
vt 0.730762 0.341895
vt 0.441406 0.398438
vt 0.457031 0.371094
vt 0.699219 0.734375
vt 0.507812 0.433594
vt 0.540450 0.459465
vt 0.528731 0.525871
vt 0.695312 0.414062
vt 0.761719 0.410156
vt 0.687623 0.490896
vt 0.677873 0.511011
vt 0.669937 0.438084
vt 0.511719 0.382812
vt 0.542969 0.398438
vt 0.667969 0.441406
vt 0.667969 0.398438
vt 0.687500 0.351562
vt 0.734375 0.339844
vt 0.480469 0.289062
vt 0.503906 0.285156
vt 0.527344 0.289062
vt 0.660156 0.292969
vt 0.679688 0.277344
vt 0.703125 0.273438
vt 0.656250 0.269531
vt 0.531250 0.644531
vt 0.546875 0.660156
vt 0.660156 0.664062
vt 0.675781 0.652344
vt 0.671875 0.671875
vt 0.562500 0.671875
vt 0.574219 0.683594
vt 0.579241 0.690631
vt 0.628906 0.695312
vt 0.640625 0.679688
vt 0.621094 0.703125
vt 0.587199 0.453901
vt 0.587199 0.446089
vt 0.555949 0.551557
vt 0.895792 0.594526
vt 0.903605 0.590620
vt 0.934855 0.504682
vt 0.992249 0.413140
vt 0.976624 0.401421
vt 0.980530 0.405327
vt 0.991034 0.410925
vt 0.991034 0.434363
vt 0.991034 0.438269
vt 0.644593 0.346734
vt 0.632874 0.338921
vt 0.601911 0.391264
vt 0.586286 0.391264
vt 0.960999 0.409234
vt 0.968812 0.401421
vt 0.964905 0.397515
vt 0.609437 0.342827
vt 0.621155 0.338921
vt 0.617249 0.335015
vt 0.914818 0.447250
vt 0.910912 0.447250
vt 0.571068 0.373031
vt 0.571068 0.376938
vt 0.567162 0.376938
vt 0.449219 0.988281
vt 0.519531 0.792969
vt 0.692871 0.817871
vt 0.673340 0.802246
vt 0.683594 0.785156
vt 0.660156 0.894531
vt 0.660156 0.960938
vt 0.671875 0.875000
vt 0.613281 0.976562
vt 0.671875 0.976562
vt 0.625000 0.875000
vt 0.417969 0.250000
vt 0.417969 0.203125
vt 0.922044 0.138781
vt 0.902110 0.159299
vt 0.853821 0.139690
vt 0.285156 0.250000
vt 0.285156 0.203125
vt 0.902344 0.089844
vt 0.851562 0.125000
vt 0.906250 0.093750
vt 0.906250 0.156250
vt 0.925781 0.125000
vt 0.687500 0.148438
vt 0.687500 0.199219
vt 0.707031 0.214844
vt 0.730469 0.214844
vt 0.964844 0.078125
vt 0.964844 0.179688
vt 0.854986 0.111660
vt 0.874616 0.092765
vt 0.920811 0.112863
vt 0.855093 0.109129
vt 0.873533 0.155963
vt 0.902002 0.090727
vt 0.707031 0.195312
vt 0.871094 0.156250
vt 0.750000 0.144531
vt 0.953125 0.128906
vt 0.707031 0.218750
vt 0.968750 0.074219
vt 0.582031 0.625000
vt 0.601562 0.636719
vt 0.625000 0.648438
vt 0.609375 0.664062
vt 0.598772 0.643756
vt 0.644531 0.644531
vt 0.660156 0.648438
vt 0.546875 0.625000
vt 0.562500 0.621094
vt 0.894531 0.613281
vt 0.699512 0.275488
vt 0.717676 0.280762
vt 0.506209 0.312505
vt 0.525320 0.313083
vt 0.536221 0.396876
vt 0.547578 0.308909
vt 0.734375 0.929688
vt 0.472656 0.015625
vt 0.542969 0.031250
vt 0.578125 0.031250
vt 0.582031 0.074219
vt 0.550781 0.085938
vt 0.535156 0.082031
vt 0.542969 0.019531
vt 0.507812 0.097656
vt 0.433594 0.082031
vt 0.500000 0.878906
vt 0.531250 0.878906
vt 0.523438 0.886719
vt 0.507812 0.886719
vt 0.523438 0.960938
vt 0.507812 0.960938
vt 0.531250 0.968750
vt 0.500000 0.968750
vt 0.468750 0.917969
vt 0.476562 0.941406
vt 0.738281 0.914062
vt 0.476562 0.906250
vt 0.419355 0.886266
vt 0.439865 0.886307
vt 0.439704 0.846325
vt 0.400874 0.886169
vt 0.419199 0.842001
vt 0.738281 0.878906
vt 0.242188 0.066406
vt 0.238281 0.058594
vt 0.277344 0.058594
vt 0.238281 0.027344
vt 0.269531 0.027344
vt 0.277344 0.035156
vt 0.210938 0.035156
vt 0.210938 0.058594
vt 0.175781 0.058594
vt 0.238281 0.035156
vt 0.304688 0.058594
vt 0.296875 0.019531
vt 0.304688 0.035156
vt 0.277344 0.066406
vt 0.214844 0.066406
vt 0.199219 0.027344
vt 0.175781 0.035156
vt 0.507812 0.023438
vt 0.425781 0.996094
vt 0.439577 0.887355
vt 0.838914 0.853647
vt 0.207031 0.082031
vt 0.382812 0.097656
vt 0.371094 0.578125
vt 0.328125 0.792969
vt 0.327202 0.792354
vt 0.882812 0.785156
vt 0.410156 0.457031
vt 0.808008 0.411523
vt 0.406746 0.459822
vt 0.332031 0.507812
vt 0.318498 0.525990
vt 0.893547 0.515256
vt 0.340340 0.287947
vt 0.900498 0.398622
vt 0.746094 0.304688
vt 0.585938 0.261719
vt 0.632812 0.253906
vt 0.792969 0.296875
vt 0.667969 0.093750
vt 0.609375 0.574219
vt 0.552236 0.563664
vt 0.903799 0.591008
vt 0.991226 0.434170
vt 0.616797 0.332980
vt 0.870737 0.796131
vt 0.894531 0.515625
vt 0.855469 0.136719
vt 0.851562 0.136719
vt 0.871094 0.089844
vt 0.921875 0.113281
vt 0.898438 0.160156
vt 0.867188 0.156250
vt 0.730469 0.210938
vt 0.933594 0.148438
vt 0.933594 0.144531
vt 0.878906 0.093750
vt 0.941406 0.625000
vt 0.921875 0.140625
vt 0.855469 0.140625
vt 0.898438 0.093750
vt 0.871094 0.152344
vt 0.601562 0.578125
vt 0.894531 0.593750
vt 0.843848 0.304297
vt 0.873145 0.276953
vt 0.725684 0.844922
vt 0.730469 0.828125
vt 0.511719 0.812500
vt 0.699219 0.578125
vt 0.570312 0.976562
vt 0.524182 0.788318
vt 0.437500 0.457031
vt 0.762012 0.369238
vt 0.542969 0.460938
vt 0.552042 0.563276
vt 0.937500 0.492188
vt 0.648499 0.346734
vt 0.590193 0.391264
vt 0.953187 0.405327
vt 0.688965 0.813965
vt 0.853752 0.111050
vt 0.873686 0.090532
vt 0.901945 0.090156
vt 0.921975 0.110141
vt 0.873852 0.159675
vt 0.920316 0.140084
vt 0.900686 0.158979
vt 0.873421 0.158480
vt 0.854491 0.138880
vt 0.901881 0.093263
vt 0.920442 0.137561
vt 0.920937 0.110332
vt 0.874729 0.090228
vt 0.854598 0.136357
vt 0.900806 0.156462
vt 0.731445 0.306348
vt 0.445312 0.007812
vt 0.476562 0.843750
vt 0.400694 0.834267
vt 0.300781 0.066406
vn -0.990200 0.012200 -0.138900
vn -0.053400 0.998400 -0.015900
vn -0.488300 0.085800 -0.868400
vn -0.054000 -0.976100 -0.210500
vn 0.090400 -0.098700 0.991000
vn 0.131900 0.098600 -0.986300
vn -0.207200 -0.971100 -0.118600
vn -0.210500 0.974700 0.075500
vn 0.041700 -0.983300 -0.177000
vn 0.141000 0.098500 -0.985100
vn 0.109100 -0.626400 -0.771800
vn 0.991300 -0.011400 0.131300
vn 0.101400 0.767000 -0.633600
vn 0.035000 0.999300 -0.015700
vn 0.108200 -0.626400 -0.771900
vn -0.992700 -0.004700 -0.120200
vn 0.992600 0.003800 0.121100
vn -0.057000 0.750900 0.657900
vn 0.116000 0.766600 -0.631500
vn 0.992500 -0.024500 0.119500
vn -0.066000 -0.866300 0.495200
vn 0.992500 0.004500 0.121900
vn 0.021700 -0.995000 -0.097300
vn -0.048800 -0.665400 0.744800
vn -0.992800 0.025000 -0.117200
vn 0.991500 -0.010500 0.129600
vn 0.991500 -0.011900 0.129500
vn 0.991400 -0.011300 0.130100
vn -0.991800 0.011000 -0.127600
vn 0.991600 -0.011200 0.129000
vn -0.084300 0.718300 0.690600
vn 0.161400 0.803400 -0.573100
vn -0.991300 0.011400 -0.130900
vn -0.133500 -0.098600 0.986100
vn 0.133600 0.098600 -0.986100
vn -0.081700 -0.840800 0.535100
vn 0.163900 -0.673900 -0.720400
vn -0.133500 -0.105900 0.985400
vn 0.991600 -0.011200 0.128900
vn 0.133500 0.105900 -0.985400
vn 0.139500 0.098500 -0.985300
vn 0.990200 -0.012200 0.139000
vn -0.001700 0.995100 0.099200
vn -0.506800 0.084700 -0.857900
vn 0.001700 -0.995100 -0.099200
vn 0.006400 0.995000 0.100000
vn -0.057800 0.505400 0.861000
vn 0.992600 -0.023900 0.119000
vn -0.005300 -0.099200 0.995000
vn 0.795100 0.062100 -0.603200
vn -0.801500 0.058000 -0.595200
vn -0.747100 -0.067200 0.661300
vn -0.048400 0.987700 0.148900
vn 0.844400 -0.051700 0.533200
vn -0.045000 -0.997800 -0.049100
vn -0.555300 -0.083500 0.827400
vn 0.831600 -0.053700 0.552700
vn 0.555300 0.083500 -0.827400
vn 0.274900 0.920600 0.277400
vn 0.278100 -0.956300 0.090200
vn -0.011500 0.995100 0.097900
vn -0.013200 -0.994800 -0.101300
vn 0.021600 -0.995100 -0.096500
vn 0.006300 0.994900 0.100300
vn -0.995600 0.007700 -0.093800
vn -0.048800 -0.665500 0.744800
vn -0.143400 0.750400 0.645200
vn 0.094200 0.767100 -0.634600
vn 0.133500 0.098600 -0.986100
vn -0.140600 -0.863500 0.484300
vn 0.096500 -0.626400 -0.773500
vn -0.051300 0.988400 0.142900
vn -0.047900 -0.997300 -0.055100
vn -0.477900 0.866200 0.146000
vn -0.105100 0.979600 0.171100
vn -0.237000 0.953300 0.187300
vn 0.714700 -0.578000 0.393800
vn 0.438800 -0.527100 0.727700
vn 0.525000 -0.233100 0.818500
vn 0.649100 -0.118200 0.751500
vn 0.365000 0.164100 0.916400
vn 0.183400 -0.404200 0.896100
vn 0.454700 0.243300 0.856700
vn 0.176700 0.652700 0.736700
vn -0.289900 0.436500 0.851700
vn 0.068800 0.656400 0.751200
vn -0.225300 0.869600 0.439300
vn 0.575300 0.332200 -0.747400
vn 0.672500 -0.374200 0.638400
vn 0.827600 0.023300 0.560800
vn 0.663400 0.317600 -0.677500
vn 0.768600 0.590900 0.244800
vn 0.452700 0.545100 -0.705600
vn 0.142900 0.986500 0.080100
vn 0.159300 0.986500 -0.036400
vn 0.558500 0.784600 -0.269000
vn 0.893200 0.171800 0.415600
vn 0.623300 -0.314100 0.716100
vn 0.431900 -0.619000 0.655900
vn 0.093200 -0.934300 0.344000
vn -0.178900 -0.924400 0.336900
vn 0.066000 -0.965800 0.250500
vn -0.123900 -0.937300 0.325600
vn -0.095700 -0.982500 0.160000
vn -0.088600 -0.963300 0.253500
vn 0.270100 -0.773000 0.574000
vn 0.877500 -0.242600 0.413600
vn 0.840500 0.476200 0.258200
vn 0.068800 0.971800 -0.225500
vn 0.566800 0.747200 -0.347000
vn 0.772800 -0.228200 -0.592200
vn 0.866700 -0.498800 0.001100
vn 0.873300 -0.150500 -0.463300
vn 0.864500 -0.313300 0.393100
vn 0.492500 -0.334000 -0.803600
vn 0.130500 -0.664900 -0.735400
vn 0.025000 -0.601200 0.798700
vn 0.446900 -0.379200 0.810200
vn -0.080700 -0.996100 -0.035400
vn -0.336000 -0.941300 -0.030900
vn 0.654000 -0.386500 0.650300
vn 0.979100 -0.203300 -0.002200
vn -0.054800 -0.741400 -0.668800
vn -0.066900 -0.782300 0.619300
vn 0.671900 -0.345700 -0.655000
vn 0.364700 -0.855100 -0.368500
vn 0.354600 -0.851600 -0.386100
vn 0.672600 -0.568700 -0.473400
vn 0.272100 -0.958800 -0.081400
vn 0.130300 -0.941200 0.311600
vn 0.304600 -0.941300 -0.145300
vn 0.194700 0.954600 0.225400
vn 0.384700 0.900700 0.201600
vn 0.759900 0.649800 0.017300
vn -0.126300 0.768500 -0.627200
vn 0.008900 0.928500 -0.371300
vn 0.943400 0.049800 -0.328000
vn 0.964800 -0.120500 0.233800
vn 0.477000 0.729600 0.490000
vn 0.504500 -0.695800 -0.511100
vn 0.824400 -0.481300 -0.297800
vn 0.488100 -0.866000 0.108400
vn 0.495600 0.860700 -0.116300
vn 0.635900 0.770600 -0.043100
vn 0.668700 0.717800 -0.193800
vn 0.548300 0.828900 -0.110200
vn 0.656900 0.753700 0.018300
vn 0.475700 0.878300 0.048000
vn 0.130000 0.991400 -0.011400
vn 0.145100 0.974300 -0.172200
vn 0.097800 0.961500 -0.256600
vn 0.008000 -0.948700 -0.316100
vn 0.193500 -0.899500 -0.391700
vn 0.686500 -0.244400 -0.684800
vn -0.082500 0.972500 0.217500
vn 0.023100 0.984300 0.175000
vn -0.071000 0.959400 -0.272800
vn 0.212300 0.942500 -0.257900
vn -0.001700 0.455700 -0.890100
vn -0.095900 -0.611700 -0.785300
vn 0.040500 -0.967000 -0.251500
vn 0.277800 -0.853200 0.441400
vn 0.484800 0.798400 0.357100
vn 0.343700 0.926400 -0.153800
vn 0.438800 0.173800 0.881600
vn 0.489100 0.360800 0.794100
vn 0.088900 -0.718300 0.690000
vn 0.254300 -0.563600 0.785900
vn 0.332800 -0.210300 0.919200
vn -0.381600 -0.874100 -0.300400
vn 0.224400 -0.861100 0.456200
vn 0.043900 -0.989600 0.136900
vn 0.077200 -0.733000 -0.675800
vn 0.083400 0.117300 -0.989600
vn -0.584000 0.454300 -0.672700
vn -0.837700 -0.215700 -0.501700
vn -0.266300 -0.963700 0.016300
vn -0.428300 0.737800 -0.521700
vn -0.223400 -0.826300 0.516900
vn 0.272500 -0.924200 0.267600
vn 0.883600 0.466100 -0.044500
vn 0.921000 -0.033300 0.388100
vn 0.432500 0.877500 -0.207000
vn 0.474100 -0.692800 0.543300
vn 0.692000 -0.637500 0.338600
vn 0.920300 0.153900 0.359800
vn 0.517300 0.851800 -0.082600
vn 0.498000 -0.737700 0.455800
vn -0.667700 0.325600 -0.669400
vn 0.546900 0.828300 -0.121400
vn -0.103300 0.840400 -0.532000
vn 0.240500 -0.927600 0.285800
vn 0.787600 -0.411400 0.458800
vn -0.365600 -0.924000 -0.111800
vn -0.670200 -0.673200 -0.312500
vn 0.295000 -0.955000 -0.030500
vn 0.212300 -0.974500 -0.071800
vn -0.963300 -0.221600 -0.151700
vn -0.867800 0.450800 -0.208900
vn 0.476000 0.828800 0.294100
vn 0.760700 0.626300 0.170100
vn -0.093200 0.995300 -0.025700
vn -0.797800 0.602200 0.030300
vn 0.924000 -0.359000 0.131300
vn 0.943400 0.117000 0.310300
vn -0.655300 -0.688600 -0.310400
vn 0.280300 -0.951800 -0.124800
vn -0.862000 0.446200 -0.240500
vn 0.757900 0.627000 0.180200
vn -0.111600 0.993700 0.004400
vn 0.916200 -0.364700 0.165900
vn 0.392200 -0.827900 0.400900
vn -0.564400 -0.825100 -0.025900
vn -0.425800 -0.848700 0.313700
vn -0.025700 -0.596700 0.802000
vn -0.991700 0.050700 -0.117900
vn -0.876100 0.190000 -0.443100
vn -0.505700 -0.394600 -0.767100
vn -0.166200 -0.575900 -0.800400
vn 0.247500 0.939800 0.235400
vn 0.004200 0.811400 -0.584500
vn -0.589300 0.785600 -0.188500
vn -0.468700 0.881100 0.062700
vn 0.885400 0.250200 0.391600
vn 0.451000 0.217200 0.865700
vn 0.449700 0.811200 0.373700
vn 0.454600 0.646000 -0.613200
vn 0.233500 0.063600 -0.970200
vn 0.217400 0.045400 -0.975000
vn 0.245400 0.052500 -0.968000
vn 0.245400 0.052600 -0.968000
vn -0.017700 -0.929300 0.369000
vn 0.508300 -0.527800 0.680500
vn 0.187200 -0.778200 -0.599400
vn 0.714200 0.046800 0.698300
vn 0.597000 0.677200 0.430100
vn 0.678300 0.593000 -0.433800
vn 0.751400 -0.424700 -0.504900
vn 0.905900 0.042100 -0.421400
vn -0.121800 0.839300 -0.529800
vn -0.274100 0.167200 -0.947000
vn -0.216800 -0.617600 -0.756000
vn 0.150200 -0.969500 -0.193400
vn 0.417600 -0.759700 0.498400
vn 0.149400 0.981400 0.120300
vn -0.058700 0.950500 -0.304900
vn 0.419900 0.612100 0.670000
vn 0.498500 -0.370200 0.783800
vn 0.526500 0.080100 0.846400
vn 0.164500 0.291400 -0.942300
vn 0.083800 -0.377900 -0.922000
vn -0.308700 -0.366500 -0.877700
vn -0.268300 0.318900 -0.909000
vn 0.003200 0.909700 -0.415300
vn 0.312500 0.856300 -0.411100
vn 0.243300 0.894200 0.375800
vn 0.469300 0.406300 0.784000
vn 0.606800 0.292600 0.739000
vn 0.581800 0.738600 0.340300
vn -0.676000 0.041300 -0.735700
vn -0.311500 0.825100 -0.471200
vn -0.121800 0.947800 -0.294500
vn -0.434600 0.358000 -0.826300
vn -0.259800 -0.793000 -0.551000
vn -0.647400 -0.691000 -0.321500
vn -0.409700 -0.894600 0.178400
vn -0.178800 -0.981900 -0.062500
vn 0.069500 -0.995200 0.069200
vn -0.326200 -0.822000 0.466800
vn 0.505400 -0.510100 0.695900
vn 0.554200 -0.034300 0.831700
vn 0.578200 0.107000 0.808800
vn 0.067200 -0.899900 0.430800
vn 0.430300 -0.863100 0.264400
vn -0.213100 -0.714300 -0.666500
vn 0.166800 -0.747900 -0.642400
vn 0.236000 -0.944800 -0.227100
vn -0.097800 -0.986800 -0.128900
vn -0.238200 0.872200 0.427200
vn 0.161100 0.943100 0.290800
vn 0.085400 0.981700 -0.170400
vn -0.157000 0.978100 -0.136800
vn -0.259200 0.306200 0.916000
vn -0.382800 0.075200 0.920700
vn -0.135300 0.626300 0.767700
vn 0.173700 0.823900 0.539400
vn -0.406000 -0.683000 0.607100
vn -0.387600 -0.867500 0.311500
vn -0.442800 -0.523700 0.727700
vn -0.399200 -0.339200 0.851800
vn -0.106700 -0.994000 -0.022200
vn -0.106600 -0.991500 -0.073800
vn 0.062100 -0.981300 -0.182000
vn 0.068200 -0.997700 -0.005600
vn -0.158300 -0.948000 -0.276000
vn -0.125400 -0.990800 0.051400
vn -0.225900 -0.484400 -0.845100
vn -0.201200 -0.346300 -0.916300
vn -0.044700 0.969500 -0.240700
vn -0.183300 0.505500 -0.843100
vn 0.195300 0.945700 -0.259700
vn -0.025400 0.583400 -0.811800
vn 0.389200 0.844200 0.368500
vn 0.118600 0.982800 0.141400
vn 0.623900 0.770700 0.129500
vn 0.141500 0.575900 0.805100
vn 0.491600 0.734500 0.467800
vn 0.123400 0.004500 0.992300
vn 0.826000 0.210400 0.522800
vn 0.066200 -0.996700 -0.046600
vn 0.241200 -0.934900 -0.260300
vn 0.465900 0.799300 -0.379400
vn 0.841200 0.136300 -0.523200
vn 0.296000 -0.149300 -0.943400
vn 0.278900 0.663600 -0.694100
vn 0.101200 -0.886000 -0.452400
vn 0.439400 -0.847800 -0.296700
vn 0.085300 -0.961500 0.261300
vn 0.372300 -0.924900 0.076400
vn 0.797900 -0.423200 0.429200
vn 0.170400 -0.604800 0.777900
vn 0.308500 0.811200 0.496700
vn 0.293700 0.941800 0.163400
vn 0.952200 0.171300 -0.252800
vn 0.593500 0.213200 0.776100
vn 0.375400 0.234400 0.896700
vn 0.541200 -0.816500 0.201000
vn 0.787000 -0.357300 -0.502900
vn -0.066400 -0.979200 0.191600
vn 0.133600 -0.767600 0.626800
vn 0.374700 0.852000 0.365600
vn 0.626000 0.226100 0.746300
vn 0.959400 0.267300 0.089100
vn 0.523500 0.851900 0.012100
vn 0.620600 -0.754100 0.214900
vn 0.225600 -0.766700 0.601100
vn 0.607000 0.793500 -0.042400
vn 0.216900 -0.917100 -0.334500
vn 0.917600 0.205100 -0.340400
vn 0.763200 -0.530700 -0.368700
vn 0.064100 0.862500 -0.501900
vn 0.691500 0.616000 0.377100
vn -0.021200 -0.995100 -0.096200
vn 0.712200 0.470200 0.521100
vn 0.300400 0.368200 0.879800
vn 0.425200 -0.236100 0.873700
vn -0.204000 0.563500 0.800500
vn -0.734000 0.278100 0.619600
vn -0.531400 -0.751100 0.391800
vn -0.007800 -0.792800 -0.609300
vn -0.843800 -0.271000 0.463100
vn -0.767400 -0.391600 -0.507600
vn -0.507100 -0.832400 -0.223400
vn 0.013100 -0.903200 0.429000
vn 0.811900 -0.574800 0.102100
vn 0.428200 -0.649500 0.628300
vn -0.187800 0.974800 0.120100
vn 0.077200 0.646900 -0.758600
vn 0.904200 0.318800 0.284100
vn 0.877500 -0.455300 -0.150400
vn 0.460300 -0.846800 -0.266400
vn -0.239700 0.169400 -0.955900
vn 0.651300 0.495700 -0.574400
vn -0.667200 -0.533900 -0.519400
vn -0.445200 -0.776600 -0.445700
vn -0.143700 -0.251700 -0.957100
vn 0.210200 0.116500 -0.970700
vn 0.380600 0.662300 -0.645300
vn 0.747900 0.116500 -0.653500
vn -0.223800 0.524800 -0.821200
vn -0.605500 0.776500 -0.174000
vn -0.101100 0.980000 0.171400
vn -0.907100 0.251700 0.337300
vn -0.827000 -0.524900 0.201400
vn -0.481700 0.317600 0.816700
vn -0.733000 -0.260600 0.628300
vn -0.195300 -0.260500 0.945500
vn 0.907100 -0.251700 -0.337300
vn 0.143700 0.251700 0.957100
vn 0.223800 -0.524800 0.821200
vn 0.827000 0.524900 -0.201400
vn 0.445200 0.776600 0.445700
vn 0.777400 -0.533800 0.332700
vn -0.851100 -0.401000 0.338800
vn -0.478800 -0.748400 -0.458900
vn -0.064900 -0.086700 -0.994100
vn 0.901500 -0.086600 -0.424100
vn 0.633300 -0.748300 0.197100
vn 0.115300 -0.400900 0.908800
vn 0.019900 -0.684000 0.729100
vn -0.552700 -0.454900 0.698300
vn -0.703200 -0.682900 0.197600
vn 0.464800 0.107400 -0.878900
vn -0.090200 0.429100 -0.898700
vn 0.112800 0.915200 -0.386900
vn -0.455000 0.074300 0.887400
vn -0.582700 0.801400 0.135100
vn 0.360800 0.886700 0.289200
vn 0.885800 0.463400 0.024100
vn -0.467500 0.594700 0.654100
vn 0.372600 0.046700 0.926800
vn 0.508000 0.332400 0.794600
vn 0.006800 0.999400 -0.033300
vn 0.252500 0.673800 0.694400
vn 0.429300 -0.395100 0.812200
vn 0.713400 -0.500700 0.490100
vn -0.178700 -0.981600 0.067000
vn -0.818400 -0.476200 -0.321400
vn -0.200500 0.706400 -0.678800
vn -0.733200 0.573300 -0.365600
vn 0.279800 -0.924500 0.258900
vn 0.456900 -0.879400 0.133600
vn -0.830900 0.044100 -0.554600
vn -0.357300 -0.070200 -0.931300
vn -0.079600 -0.860700 -0.502800
vn -0.199500 -0.359200 -0.911600
vn 0.329800 -0.844300 -0.422400
vn 0.322500 -0.460700 -0.826900
vn 0.420200 0.900100 0.115100
vn 0.349100 0.912300 -0.214100
vn 0.920700 0.385800 -0.059100
vn 0.991100 -0.120200 -0.057100
vn 0.833800 -0.129400 0.536700
vn 0.721300 -0.664400 0.195700
vn 0.175300 -0.118000 0.977400
vn -0.109600 -0.650100 0.751900
vn -0.396200 0.408400 0.822300
vn -0.706600 0.622100 0.337100
vn -0.309300 0.923600 0.226500
vn -0.830900 0.014300 0.556100
vn -0.975000 0.215700 -0.053400
vn 0.396200 -0.408400 -0.822300
vn -0.920700 -0.385800 0.059100
vn -0.833800 0.129400 -0.536700
vn -0.349100 -0.912300 0.214100
vn -0.175300 0.118000 -0.977400
vn -0.300800 -0.191800 -0.934200
vn 0.722700 -0.526500 -0.447600
vn -0.439100 0.836300 0.328200
vn 0.361300 0.916700 -0.170300
vn 0.976000 0.217600 -0.000400
vn 0.493700 -0.512800 -0.702300
vn -0.921500 0.105900 -0.373700
vn -0.193800 0.076200 -0.978100
vn 0.267400 -0.453000 0.850400
vn -0.255300 -0.693500 -0.673600
vn -0.268000 -0.364100 -0.892000
vn 0.408200 -0.774700 0.482800
vn 0.411100 -0.776800 0.477000
vn 0.461400 -0.792900 -0.397900
vn -0.652200 -0.716900 0.246100
vn 0.052500 -0.674700 0.736200
vn 0.086500 -0.927000 0.365000
vn -0.293800 -0.642000 0.708200
vn -0.505400 -0.290100 0.812600
vn -0.803300 -0.487900 0.341400
vn -0.033100 -0.023100 0.999200
vn -0.331600 0.942600 0.039200
vn -0.437400 0.878600 -0.191500
vn -0.690600 0.178100 0.700900
vn -0.954900 -0.066600 0.289300
vn -0.635200 0.628300 0.449200
vn -0.776700 0.604400 0.177200
vn -0.467500 0.770000 0.434100
vn 0.727000 0.033100 0.685800
vn 0.580400 0.206500 0.787700
vn -0.672800 0.683200 0.283700
vn -0.813200 0.580300 -0.043700
vn -0.540200 0.836600 -0.090600
vn -0.835100 0.146900 0.530000
vn -0.902300 0.074200 0.424600
vn -0.687200 -0.292900 0.664700
vn -0.690200 -0.465600 0.553800
vn -0.582500 -0.690600 0.428700
vn -0.603200 -0.634200 0.483600
vn -0.016600 -0.949000 0.314600
vn -0.216300 -0.961300 0.170200
vn -0.047500 -0.963600 0.263000
vn -0.603600 -0.739700 0.297300
vn -0.823900 -0.379700 0.420700
vn -0.557800 0.544800 0.626100
vn 0.003300 -0.764500 -0.644600
vn 0.626000 0.438600 -0.644800
vn 0.166500 -0.936900 -0.307200
vn 0.461200 -0.820100 -0.338800
vn 0.412500 -0.784100 0.463700
vn 0.092600 -0.936900 0.337200
vn -0.413900 -0.843800 -0.341500
vn -0.476500 -0.862800 -0.168600
vn -0.693800 -0.642300 -0.325700
vn -0.462000 -0.875200 -0.143200
vn -0.337000 -0.920800 0.196000
vn -0.843000 0.516400 -0.150500
vn -0.362500 0.929900 0.062000
vn -0.386100 0.901400 0.195800
vn -0.015000 0.953200 -0.301900
vn -0.429900 0.849500 -0.305900
vn -0.657600 0.606700 0.446500
vn -0.735600 0.044400 0.676000
vn -0.958900 -0.119800 -0.257300
vn -0.382200 -0.870600 -0.309600
vn -0.322100 -0.888200 -0.327700
vn -0.723900 -0.684300 -0.087300
vn -0.585100 -0.810700 -0.019500
vn -0.396900 -0.904600 0.155400
vn -0.733000 0.402600 -0.548300
vn -0.366900 0.738700 0.565400
vn -0.265000 0.956900 -0.118800
vn -0.264600 0.959000 -0.101800
vn -0.622400 0.712300 -0.324300
vn -0.562200 0.824200 -0.068300
vn -0.492000 0.829900 0.263100
vn -0.725200 -0.182300 -0.663900
vn -0.055600 0.770400 -0.635000
vn -0.458400 0.887100 -0.053700
vn 0.190600 -0.114900 -0.974900
vn -0.125000 -0.980000 0.154700
vn 0.256700 -0.804100 -0.536100
vn -0.536100 0.841900 0.061200
vn -0.578600 0.595500 0.557300
vn -0.606800 -0.100000 0.788500
vn -0.300400 0.034800 0.953200
vn -0.349900 -0.578900 0.736400
vn -0.227500 -0.868900 0.439600
vn -0.281300 -0.836000 0.471100
vn 0.412700 -0.879100 -0.238300
vn 0.668700 0.345800 -0.658200
vn -0.142800 -0.924100 0.354400
vn 0.094400 -0.988400 0.118800
vn 0.786600 -0.425100 -0.447600
vn 0.554200 0.590700 -0.586400
vn -0.156300 -0.894800 0.418200
vn -0.258800 0.928900 -0.264900
vn -0.926400 0.206900 0.314700
vn -0.891000 -0.240800 -0.384800
vn -0.605900 -0.592300 0.531000
vn -0.344400 0.923500 -0.168600
vn -0.884800 0.359600 0.296200
vn -0.643300 -0.592100 0.485300
vn 0.739800 0.130400 -0.660100
vn 0.281100 0.757100 -0.589600
vn -0.369000 0.904200 -0.215000
vn -0.872300 -0.215700 0.438700
vn -0.431300 -0.836800 0.337100
vn 0.182700 -0.982900 -0.022800
vn 0.323300 -0.931800 -0.164700
vn 0.236200 -0.962700 -0.131500
vn 0.963700 -0.214100 -0.159100
vn 0.545800 0.837600 0.023000
vn 0.377800 0.896100 0.233000
vn 0.954200 0.291600 0.067000
vn -0.989100 0.147300 -0.003400
vn -0.931400 -0.356900 0.070800
vn -0.864200 0.467300 0.186300
vn -0.413700 0.910100 0.022600
vn -0.625200 -0.772900 -0.107800
vn 0.264900 -0.935400 -0.234100
vn 0.956800 -0.237700 -0.167000
vn 0.550000 0.835100 -0.007300
vn -0.405000 0.912200 0.062400
vn -0.988300 0.151900 0.007900
vn -0.619900 -0.780600 -0.079600
vn -0.069900 -0.997300 -0.019400
vn 0.809300 -0.577800 0.105300
vn -0.177200 -0.249300 0.952100
vn 0.751100 -0.335800 -0.568300
vn 0.848500 0.446100 -0.284800
vn 0.823100 0.555200 0.119300
vn 0.362000 -0.605500 0.708700
vn 0.400000 -0.802300 -0.443000
vn 0.305300 0.937200 -0.168300
vn -0.021800 0.706200 -0.707600
vn -0.507400 0.842600 0.180300
vn -0.041800 0.987800 0.149700
vn -0.908200 -0.303800 0.287800
vn -0.577400 0.816300 -0.011400
vn -0.573900 0.466400 0.673100
vn -0.299800 0.286400 -0.910000
vn 0.073600 -0.372100 -0.925300
vn 0.031100 -0.220100 -0.974900
vn 0.021600 -0.366000 -0.930400
vn 0.030000 -0.356300 -0.933900
vn -0.661600 -0.280900 0.695200
vn -0.064200 -0.699200 0.712000
vn 0.011400 -0.966300 -0.257200
vn -0.704700 0.708900 -0.027400
vn -0.875500 0.222300 0.429100
vn -0.542600 0.281400 -0.791500
vn -0.565600 -0.685500 -0.458500
vn -0.749700 -0.248500 -0.613300
vn 0.045700 0.824700 -0.563700
vn -0.353200 0.935400 -0.016400
vn 0.470700 0.146200 -0.870100
vn 0.017500 -0.991900 -0.125300
vn 0.379500 -0.586100 -0.715800
vn -0.517500 0.837000 0.177800
vn -0.739300 0.506600 0.443600
vn -0.729100 -0.204400 0.653100
vn -0.496100 -0.679300 0.540700
vn -0.237100 -0.930300 0.279900
vn 0.337200 -0.020500 0.941200
vn 0.603700 0.024000 0.796900
vn 0.526300 0.652400 0.545200
vn 0.208400 0.627800 0.749900
vn 0.004700 0.986900 0.161300
vn -0.253300 0.694900 -0.673000
vn -0.117900 0.602500 -0.789300
vn -0.152600 0.010200 -0.988200
vn -0.006600 0.998400 0.055600
vn -0.045400 0.915500 0.399600
vn -0.084700 0.992300 0.090200
vn -0.150200 0.701600 -0.696600
vn -0.165800 0.731700 -0.661100
vn -0.001000 0.122200 0.992500
vn -0.101200 0.204900 0.973500
vn 0.142600 -0.485400 0.862500
vn 0.091400 -0.730300 0.677000
vn 0.199400 -0.539400 0.818000
vn 0.027700 -0.394700 0.918400
vn -0.022500 -0.183100 -0.982800
vn -0.135200 -0.334200 -0.932700
vn 0.005000 -0.739400 -0.673300
vn 0.267300 -0.960900 -0.071500
vn 0.045200 -0.992800 -0.110900
vn 0.458100 -0.758600 0.463300
vn 0.589300 -0.397300 0.703500
vn 0.385900 -0.416000 0.823400
vn 0.247600 -0.867200 0.431900
vn -0.173400 0.098800 -0.979900
vn -0.347500 -0.329700 -0.877700
vn -0.229000 0.093300 -0.968900
vn -0.301600 0.436000 -0.847800
vn -0.552900 -0.369200 -0.746900
vn -0.597900 -0.709400 -0.373200
vn -0.497800 -0.634500 -0.591200
vn -0.415800 0.008000 -0.909400
vn -0.228500 -0.305900 -0.924200
vn -0.457700 -0.791500 0.404900
vn -0.194100 -0.533900 0.823000
vn -0.121600 -0.789500 0.601600
vn -0.256500 -0.915100 0.311000
vn 0.152500 -0.280400 0.947700
vn 0.088400 -0.207700 0.974200
vn -0.290900 -0.552200 0.781200
vn -0.272500 0.214500 0.937900
vn -0.176200 -0.693200 0.698800
vn -0.540500 -0.751600 0.378100
vn -0.566100 -0.499600 0.655600
vn -0.306700 0.280000 0.909700
vn 0.356900 0.766500 -0.533900
vn 0.235800 0.933200 0.271100
vn 0.268800 0.880500 0.390500
vn 0.565400 0.789100 -0.239900
vn 0.142000 0.387500 -0.910900
vn 0.166100 -0.017100 -0.985900
vn 0.426900 0.047500 -0.903000
vn -0.102700 -0.582500 -0.806300
vn -0.069900 -0.942300 -0.327400
vn 0.292200 -0.255900 -0.921500
vn 0.681800 -0.523500 -0.510900
vn 0.002400 -0.448400 0.893800
vn 0.358600 -0.131700 0.924100
vn 0.253500 0.241000 0.936800
vn 0.845100 0.033800 0.533600
vn 0.783600 0.620500 0.030000
vn 0.573700 0.747900 0.333900
vn -0.264800 -0.494600 0.827700
vn 0.048100 -0.677400 0.734000
vn 0.168600 -0.562300 0.809600
vn 0.758600 -0.641400 0.114500
vn 0.468300 -0.418500 0.778100
vn 0.104900 -0.949900 0.294400
vn 0.590200 0.586400 -0.554700
vn 0.481900 0.236900 -0.843600
vn 0.420000 -0.596800 -0.683700
vn 0.949400 0.176900 -0.259600
vn 0.350900 -0.407500 -0.843100
vn 0.556200 -0.548100 0.624700
vn -0.140900 -0.989800 -0.017900
vn -0.471400 -0.834400 0.285400
vn 0.895300 0.257700 0.363400
vn 0.695400 0.318000 -0.644400
vn 0.838300 0.441000 -0.320600
vn 0.975000 -0.219200 -0.036600
vn 0.629900 -0.451900 -0.631600
vn 0.218000 -0.936000 0.276400
vn -0.181100 -0.978900 -0.094100
vn 0.487200 0.226700 -0.843300
vn 0.384300 -0.020100 0.923000
vn 0.926400 0.270900 -0.261400
vn 0.883000 0.073100 0.463700
vn -0.394300 0.647800 0.651800
vn -0.268800 -0.560300 0.783400
vn -0.742900 -0.606300 -0.283800
vn -0.531700 -0.612500 0.584900
vn -0.594100 -0.385600 0.705900
vn -0.578000 0.148600 0.802300
vn -0.134200 0.522300 0.842100
vn -0.280400 -0.817100 0.503700
vn -0.072700 -0.827800 -0.556200
vn 0.404800 0.469900 0.784400
vn 0.383900 -0.488000 -0.783900
vn 0.692300 -0.577100 -0.433100
vn 0.769600 0.058300 0.635800
vn 0.726900 -0.487000 0.484100
vn 0.888400 -0.440900 -0.127900
vn 0.289500 -0.864700 0.410400
vn -0.428700 -0.892700 -0.139000
vn -0.311300 0.933000 0.180700
vn 0.097200 0.593600 -0.798800
vn -0.507400 0.553400 -0.660500
vn -0.936000 -0.306000 -0.173700
vn -0.837000 0.506700 0.206700
vn -0.589200 -0.762900 -0.266100
vn 0.325300 0.046600 -0.944500
vn 0.097200 0.077400 -0.992200
vn 0.383000 -0.326200 -0.864200
vn 0.455000 -0.847800 -0.272100
vn -0.090900 0.658300 -0.747200
vn 0.516500 0.443700 -0.732400
vn 0.168400 0.971600 0.166400
vn 0.721900 0.691900 -0.008400
vn 0.259300 0.313200 0.913600
vn 0.793900 0.170200 0.583600
vn 0.717300 -0.636400 -0.283500
vn 0.660500 -0.599600 0.451800
vn 0.480200 -0.300000 0.824200
vn -0.516500 -0.443700 0.732400
vn -0.660500 0.599600 -0.451800
vn -0.793900 -0.170200 -0.583600
vn -0.455000 0.847800 0.272100
vn -0.383000 0.326200 0.864200
vn -0.721900 -0.691900 0.008400
vn -0.505000 0.157200 -0.848700
vn -0.122000 -0.220200 0.967800
vn -0.423500 -0.327300 0.844700
vn 0.659000 -0.470700 0.586600
vn -0.900800 -0.422000 0.102200
vn 0.494200 -0.824500 -0.275500
vn -0.751500 -0.659400 0.021400
vn -0.742800 -0.012700 -0.669400
vn 0.339700 -0.156100 -0.927500
vn 0.080300 -0.940500 0.330100
vn -0.484600 -0.735900 0.472900
vn -0.704000 -0.708200 -0.052800
vn -0.364300 0.382300 -0.849200
vn -0.807300 0.353200 -0.472700
vn -0.631400 0.772000 0.073200
vn -0.358800 0.215800 0.908100
vn -0.989400 -0.073700 -0.124700
vn -0.835600 0.225500 0.500800
vn -0.233300 -0.291900 -0.927500
vn -0.871400 -0.286300 -0.398300
vn -0.888600 0.282600 -0.361200
vn -0.818500 -0.573900 -0.025400
vn -0.626900 -0.494600 0.601900
vn -0.363900 0.370800 -0.854400
vn -0.239200 0.937000 -0.254500
vn -0.745600 0.665300 0.036800
vn -0.370200 -0.917500 -0.145100
vn -0.126000 -0.945300 0.300900
vn 0.355400 -0.397000 0.846200
vn -0.341600 -0.353100 0.871000
vn 0.033000 0.901700 0.431100
vn 0.047400 -0.877200 -0.477800
vn 0.312000 -0.904800 -0.289800
vn 0.254100 0.272500 0.928000
vn -0.526200 0.637600 0.562600
vn 0.366200 -0.468500 -0.803900
vn 0.575900 -0.264300 -0.773600
vn 0.112000 0.055500 -0.992100
vn -0.175500 0.842200 -0.509700
vn 0.381100 0.369900 -0.847300
vn -0.209200 -0.907700 -0.363800
vn -0.842400 0.535600 0.058600
vn -0.637700 -0.365300 -0.678200
vn -0.859000 0.062500 -0.508100
vn -0.249800 -0.850900 -0.462100
vn -0.059900 -0.408600 -0.910700
vn 0.121800 -0.876400 0.465900
vn -0.467900 -0.652200 0.596400
vn 0.371700 -0.025500 0.928000
vn -0.270000 0.022100 0.962600
vn -0.661000 0.736800 -0.141900
vn -0.366500 0.716500 0.593400
vn 0.042100 0.537400 0.842200
vn 0.859000 -0.062500 0.508100
vn 0.661000 -0.736800 0.141900
vn 0.270000 -0.022100 -0.962600
vn 0.467900 0.652200 -0.596400
vn 0.619700 0.494100 0.609700
vn 0.772100 0.555300 0.308800
vn -0.266200 0.633200 0.726800
vn 0.762400 0.631900 0.139000
vn 0.709700 0.419200 -0.566200
vn -0.690500 0.714100 -0.115200
vn 0.205500 -0.197100 -0.958600
vn -0.832800 -0.119200 -0.540600
vn 0.504400 0.624500 -0.596300
vn -0.144100 -0.729600 -0.668500
vn -0.896100 0.231300 -0.378800
vn -0.611000 -0.350700 0.709700
vn 0.497100 0.627400 -0.599400
vn 0.388800 0.696600 0.602900
vn 0.944900 0.091400 -0.314200
vn -0.040900 0.638700 -0.768300
vn 0.885400 -0.458700 0.075700
vn 0.632300 0.512800 -0.580700
vn 0.924300 0.139800 -0.355200
vn -0.352200 0.856100 0.378200
vn 0.739700 0.251800 0.624000
vn 0.326100 0.835800 0.441700
vn 0.086200 0.873300 0.479400
vn 0.595200 -0.148700 0.789700
vn 0.908100 -0.415600 -0.050800
vn -0.628300 -0.111500 0.769900
vn -0.537200 -0.446200 0.715700
vn -0.585900 -0.057000 -0.808300
vn -0.569900 -0.313900 -0.759400
vn -0.629100 -0.089000 -0.772100
vn -0.645900 -0.372900 0.666200
vn -0.559300 -0.471500 0.681800
vn -0.691400 -0.392500 -0.606500
vn -0.765900 -0.014000 -0.642800
vn -0.784200 -0.054500 0.618100
vn -0.621900 -0.352900 -0.699000
vn -0.336500 -0.658400 0.673300
vn -0.419000 -0.413400 -0.808400
vn 0.198600 -0.388400 0.899800
vn 0.946500 0.089700 -0.309800
vn 0.605500 -0.776500 0.174000
vn 0.703900 0.484100 -0.519700
vn 0.906500 0.048000 0.419500
vn 0.309300 -0.923600 -0.226500
vn 0.366500 -0.716500 -0.593400
vn -0.762400 -0.631900 -0.139000
s off
f 766/1/1 767/2/1 771/3/1
f 767/4/2 768/5/2 772/6/2
f 817/7/3 775/8/3 773/9/3
f 773/10/4 769/11/4 766/12/4
f 827/13/5 768/14/5 767/15/5
f 770/16/6 771/17/6 772/18/6
f 773/19/7 775/20/7 769/21/7
f 768/22/8 774/23/8 772/24/8
f 782/25/9 788/26/9 785/27/9
f 781/28/10 818/29/10 819/30/10
f 781/31/11 787/32/11 788/33/11
f 778/34/12 783/35/12 781/36/12
f 781/36/12 782/37/12 779/38/12
f 789/39/13 787/40/13 781/41/13
f 784/42/14 789/43/14 783/44/14
f 795/45/15 796/46/15 788/47/15
f 791/48/16 792/49/16 780/50/16
f 786/51/17 793/52/17 785/53/17
f 786/54/18 794/55/18 797/56/18
f 797/57/19 795/45/19 787/58/19
f 784/59/20 786/51/20 789/60/20
f 788/61/21 796/62/21 794/55/21
f 788/63/22 786/51/22 785/53/22
f 785/27/23 791/64/23 777/65/23
f 791/66/24 785/67/24 793/68/24
f 780/50/25 792/49/25 790/69/25
f 799/70/26 801/71/26 800/72/26
f 800/72/27 802/73/27 799/70/27
f 811/74/28 813/75/28 801/71/28
f 809/76/29 810/77/29 796/78/29
f 806/79/30 807/80/30 802/73/30
f 802/73/28 807/80/28 805/81/28
f 798/82/31 805/83/31 807/84/31
f 804/85/32 807/86/32 806/87/32
f 798/88/33 804/89/33 797/90/33
f 799/91/34 805/83/34 798/82/34
f 797/90/29 804/89/29 803/92/29
f 803/93/35 806/87/35 800/94/35
f 813/95/36 811/96/36 808/97/36
f 812/98/37 813/99/37 810/100/37
f 794/101/38 808/97/38 811/96/38
f 801/71/39 813/75/39 812/102/39
f 796/78/33 810/77/33 808/103/33
f 812/98/40 809/104/40 795/105/40
f 818/29/41 814/106/41 775/8/41
f 815/107/41 819/30/41 816/108/41
f 822/109/42 823/110/42 819/111/42
f 820/112/41 823/113/41 822/114/41
f 819/115/43 823/116/43 820/117/43
f 816/108/44 820/112/44 821/118/44
f 821/119/45 822/120/45 818/121/45
f 776/122/46 790/123/46 784/42/46
f 793/124/47 784/125/47 790/126/47
f 784/59/48 793/52/48 786/51/48
f 827/13/49 828/127/49 825/128/49
f 777/129/49 828/127/49 829/130/49
f 777/131/50 780/132/50 776/133/50
f 814/134/45 777/135/45 824/136/45
f 776/137/43 783/138/43 815/139/43
f 824/140/49 829/130/49 826/141/49
f 826/141/51 830/142/51 831/143/51
f 830/142/52 833/144/52 832/145/52
f 831/146/53 834/147/53 827/148/53
f 834/149/54 832/145/54 833/144/54
f 835/150/55 830/151/55 826/152/55
f 835/153/56 839/154/56 838/155/56
f 836/156/57 838/157/57 839/158/57
f 836/159/58 837/160/58 829/161/58
f 838/162/59 836/163/59 828/164/59
f 829/165/60 837/166/60 839/167/60
f 770/168/1 766/1/1 771/3/1
f 771/169/61 767/4/61 772/6/61
f 773/9/3 772/170/3 816/108/3
f 816/108/3 817/7/3 773/9/3
f 772/170/3 774/171/3 816/108/3
f 770/172/62 773/10/62 766/12/62
f 767/15/5 766/173/5 827/13/5
f 826/141/5 827/13/5 766/173/5
f 766/173/5 769/174/5 826/141/5
f 773/175/6 770/16/6 772/18/6
f 777/65/63 782/25/63 785/27/63
f 819/30/10 815/107/10 778/176/10
f 781/28/10 779/177/10 818/29/10
f 819/30/10 778/176/10 781/28/10
f 779/177/10 814/106/10 818/29/10
f 782/178/11 781/31/11 788/33/11
f 783/179/13 789/39/13 781/41/13
f 776/122/64 784/42/64 783/44/64
f 787/58/15 795/45/15 788/47/15
f 777/180/65 791/48/65 780/50/65
f 789/181/18 786/54/18 797/56/18
f 789/182/19 797/57/19 787/58/19
f 786/54/21 788/61/21 794/55/21
f 792/183/66 791/66/66 793/68/66
f 776/184/65 780/50/65 790/69/65
f 799/70/28 811/74/28 801/71/28
f 795/185/29 809/76/29 796/78/29
f 800/72/30 806/79/30 802/73/30
f 799/70/28 802/73/28 805/81/28
f 804/186/67 798/82/67 807/84/67
f 803/93/68 804/85/68 806/87/68
f 794/187/33 798/88/33 797/90/33
f 794/101/34 799/91/34 798/82/34
f 795/185/29 797/90/29 803/92/29
f 795/105/69 803/93/69 800/94/69
f 810/188/70 813/95/70 808/97/70
f 809/104/71 812/98/71 810/100/71
f 799/91/38 794/101/38 811/96/38
f 800/72/39 801/71/39 812/102/39
f 794/187/33 796/78/33 808/103/33
f 800/94/40 812/98/40 795/105/40
f 817/7/41 818/29/41 775/8/41
f 774/171/41 815/107/41 816/108/41
f 818/189/42 822/109/42 819/111/42
f 821/118/41 820/112/41 822/114/41
f 816/190/43 819/115/43 820/117/43
f 817/7/44 816/108/44 821/118/44
f 817/191/45 821/119/45 818/121/45
f 792/192/47 793/124/47 790/126/47
f 768/14/49 827/13/49 825/128/49
f 829/130/49 824/140/49 777/129/49
f 777/129/49 776/193/49 828/127/49
f 825/128/49 828/127/49 776/193/49
f 769/194/45 775/195/45 824/136/45
f 814/134/45 779/196/45 782/197/45
f 782/197/45 777/135/45 814/134/45
f 824/136/45 775/195/45 814/134/45
f 774/198/43 768/199/43 825/200/43
f 825/200/43 776/137/43 815/139/43
f 783/138/43 778/201/43 815/139/43
f 815/139/43 774/198/43 825/200/43
f 769/174/49 824/140/49 826/141/49
f 827/13/51 826/141/51 831/143/51
f 831/143/52 830/142/52 832/145/52
f 828/164/43 827/148/43 834/147/43
f 831/146/72 832/202/72 834/147/72
f 835/153/54 834/149/54 833/144/54
f 826/152/45 829/165/45 835/150/45
f 835/150/73 833/203/73 830/151/73
f 834/149/56 835/153/56 838/155/56
f 837/204/57 836/156/57 839/158/57
f 828/205/58 836/159/58 829/161/58
f 834/147/59 838/162/59 828/164/59
f 835/150/60 829/165/60 839/167/60
s 1
f 198/206/74 225/207/75 226/208/76
f 217/209/77 216/210/78 213/211/79
f 215/212/80 213/211/79 219/213/81
f 242/214/82 215/212/80 220/215/83
f 220/216/83 223/217/84 36/218/85
f 219/219/81 222/220/86 223/217/84
f 222/220/86 225/207/75 224/221/87
f 36/218/85 223/217/84 224/221/87
f 730/222/88 227/223/89 229/224/90
f 731/225/91 229/224/90 230/226/92
f 734/227/93 230/228/92 231/229/94
f 735/230/95 231/229/94 226/208/76
f 226/208/76 231/229/94 233/231/96
f 230/232/92 234/233/97 233/231/96
f 229/234/90 235/235/98 234/236/97
f 227/237/89 236/238/99 235/235/98
f 228/239/100 237/240/101 236/238/99
f 218/241/102 238/242/103 237/240/101
f 237/240/101 238/242/103 240/243/104
f 237/240/101 239/244/105 241/245/106
f 236/238/99 241/245/106 243/246/107
f 234/247/97 235/248/98 243/249/107
f 233/231/96 234/247/97 244/250/108
f 232/251/109 233/231/96 245/231/110
f 228/239/100 247/252/111 218/241/102
f 247/252/111 227/237/89 730/253/88
f 250/254/112 738/255/113 732/256/114
f 247/252/111 228/239/100 227/237/89
f 224/221/87 225/207/75 198/206/74
f 250/254/112 248/257/115 738/255/113
f 248/257/115 251/258/116 247/259/111
f 252/260/117 249/261/118 216/262/78
f 252/263/117 253/264/119 254/265/120
f 249/266/118 257/267/121 256/268/122
f 253/264/119 251/269/116 258/270/123
f 249/266/118 252/263/117 255/271/124
f 248/272/115 259/273/125 258/274/123
f 250/275/112 256/268/122 259/273/125
f 257/276/121 255/277/124 254/278/120
f 254/278/120 258/279/123 259/280/125
f 1/281/126 5/282/127 6/283/128
f 9/284/129 15/285/130 32/286/131
f 7/287/132 29/288/133 21/289/134
f 260/290/135 39/291/136 7/287/132
f 20/292/137 38/293/138 741/294/139
f 6/283/128 5/282/127 17/295/140
f 3/296/141 38/297/138 20/298/137
f 3/296/141 17/295/140 24/299/142
f 4/300/143 13/301/144 8/302/145
f 34/303/146 18/304/147 13/301/144
f 16/305/148 394/306/149 393/307/150
f 393/307/150 391/308/151 34/303/146
f 5/282/127 373/309/152 387/310/153
f 6/283/128 20/298/137 37/311/154
f 389/312/155 417/313/156 29/288/133
f 7/287/132 39/291/136 400/314/157
f 8/302/145 13/301/144 102/315/158
f 8/302/145 21/289/134 29/288/133
f 37/316/154 20/292/137 21/289/134
f 98/317/159 108/318/160 37/316/154
f 9/284/129 99/311/161 103/319/162
f 37/311/154 108/320/160 99/311/161
f 100/321/163 104/322/164 18/304/147
f 35/323/165 106/324/166 100/321/163
f 19/325/167 105/326/168 101/327/169
f 101/327/169 106/328/166 35/329/165
f 13/301/144 18/304/147 104/322/164
f 14/330/170 28/331/171 405/332/172
f 397/333/173 406/334/174 40/335/175
f 14/336/170 41/337/176 45/338/177
f 40/339/175 46/340/178 41/341/176
f 15/285/130 19/325/167 33/342/179
f 15/285/130 103/319/162 105/326/168
f 29/288/133 417/313/156 394/306/149
f 387/310/153 399/343/180 24/299/142
f 261/344/181 27/345/182 25/346/183
f 40/335/175 39/291/136 260/290/135
f 24/299/142 28/331/171 26/347/184
f 23/348/185 26/347/184 27/349/182
f 399/343/180 405/332/172 28/331/171
f 39/291/136 40/335/175 406/334/174
f 25/346/183 27/350/182 44/351/186
f 25/346/183 42/352/187 46/353/178
f 43/354/188 44/355/186 27/356/182
f 26/347/184 28/331/171 45/357/177
f 31/358/189 41/341/176 46/340/178
f 42/352/187 44/351/186 47/359/190
f 42/352/187 47/359/190 51/360/191
f 43/354/188 48/361/192 49/362/193
f 43/354/188 45/357/177 50/363/194
f 58/364/195 62/365/196 56/366/197
f 274/367/198 63/368/199 58/369/195
f 278/370/200 61/371/201 59/372/202
f 59/372/202 63/368/199 57/373/203
f 60/374/204 61/375/201 55/376/205
f 56/366/197 62/365/196 60/374/204
f 79/377/206 81/378/207 62/365/196
f 58/369/195 63/368/199 78/379/208
f 61/371/201 77/380/209 76/381/210
f 76/381/210 78/379/208 63/368/199
f 60/374/204 80/382/211 77/383/209
f 62/365/196 81/378/207 80/382/211
f 68/384/212 81/378/207 79/377/206
f 64/385/213 82/386/214 85/387/215
f 64/388/213 69/389/216 75/390/217
f 79/391/206 78/379/208 69/389/216
f 64/385/213 70/392/218 86/393/219
f 67/394/220 73/395/221 71/396/222
f 65/397/223 76/381/210 77/380/209
f 71/396/222 75/390/217 69/389/216
f 65/397/223 69/389/216 78/379/208
f 66/398/224 67/399/220 77/383/209
f 83/400/225 84/401/226 67/394/220
f 80/382/211 81/378/207 68/384/212
f 68/384/212 85/387/215 83/402/225
f 84/401/226 88/403/227 73/395/221
f 70/390/218 73/395/221 72/404/228
f 70/390/218 75/390/217 71/396/222
f 74/405/229 89/406/230 86/407/219
f 72/404/228 73/395/221 88/403/227
f 87/408/231 89/406/230 74/405/229
f 90/409/232 93/410/233 85/387/215
f 86/393/219 94/411/234 90/409/232
f 83/400/225 91/412/235 92/413/236
f 85/387/215 93/410/233 91/414/235
f 92/413/236 96/415/237 88/403/227
f 89/406/230 97/416/238 94/417/234
f 87/408/231 88/403/227 96/415/237
f 95/418/239 97/416/238 89/406/230
f 90/409/232 94/411/234 97/419/238
f 95/420/239 96/421/237 92/422/236
f 91/414/235 93/410/233 97/419/238
f 98/317/159 102/315/158 196/423/240
f 98/317/159 202/424/241 191/424/242
f 99/311/161 200/425/243 195/426/244
f 108/320/160 191/427/242 200/425/243
f 199/428/245 194/429/246 104/322/164
f 106/430/166 192/431/247 199/428/245
f 105/326/168 193/432/248 197/433/249
f 197/433/249 192/434/247 106/328/166
f 102/315/158 104/322/164 194/429/246
f 103/319/162 195/426/244 193/432/248
f 209/435/250 203/436/251 116/437/252
f 109/438/253 120/439/254 208/440/255
f 110/441/256 115/442/257 207/443/258
f 211/444/259 208/440/255 120/439/254
f 111/445/260 123/446/261 135/447/262
f 211/448/259 207/443/258 123/446/261
f 131/449/263 142/450/264 130/451/265
f 111/452/260 130/453/265 208/440/255
f 112/454/266 132/455/267 136/456/268
f 124/457/269 203/436/251 209/435/250
f 130/453/265 142/458/264 132/455/267
f 112/454/266 209/435/250 208/440/255
f 212/459/270 206/460/271 117/461/272
f 119/462/273 204/463/274 212/459/270
f 118/464/275 210/465/276 205/466/277
f 114/467/278 205/468/277 204/468/274
f 115/442/257 117/461/272 206/460/271
f 116/437/252 203/436/251 210/469/276
f 121/470/279 133/471/280 137/472/281
f 121/470/279 125/473/282 206/460/271
f 129/474/283 164/475/284 150/475/285
f 121/470/279 212/459/270 204/463/274
f 150/475/285 165/476/286 133/471/280
f 126/477/287 163/478/288 149/479/289
f 122/480/290 205/481/277 210/469/276
f 122/480/290 149/479/289 164/482/284
f 129/483/283 204/484/274 205/481/277
f 125/473/282 137/472/281 135/447/262
f 207/443/258 206/460/271 125/473/282
f 124/457/269 136/456/268 138/485/291
f 126/477/287 210/469/276 203/436/251
f 138/485/291 166/486/292 163/478/288
f 127/487/293 146/488/294 136/456/268
f 127/487/293 132/455/267 142/458/264
f 183/489/295 182/490/296 146/488/294
f 152/491/297 181/492/298 183/489/295
f 131/449/263 135/447/262 145/493/299
f 128/494/300 152/495/297 142/450/264
f 145/493/299 186/496/301 187/497/302
f 187/497/302 181/498/298 152/495/297
f 143/499/303 147/500/304 137/472/281
f 165/476/286 167/501/305 143/499/303
f 134/502/306 150/475/285 164/475/284
f 134/502/306 173/503/307 165/476/286
f 134/502/306 172/502/308 176/503/309
f 135/447/262 137/472/281 147/500/304
f 136/456/268 146/488/294 148/504/310
f 138/485/291 148/504/310 169/505/311
f 155/506/312 160/507/313 162/508/314
f 139/508/315 187/497/302 186/496/301
f 139/509/315 162/509/314 181/510/298
f 140/511/316 162/512/314 160/513/313
f 140/511/316 156/513/317 182/490/296
f 140/511/316 183/489/295 181/492/298
f 149/479/289 163/478/288 171/514/318
f 172/515/308 164/482/284 149/479/289
f 171/514/318 175/514/319 174/514/320
f 141/502/321 174/503/320 176/503/309
f 185/516/322 188/517/323 147/500/304
f 167/501/305 170/518/324 151/519/325
f 151/519/325 184/520/326 185/516/322
f 144/521/327 168/522/328 169/505/311
f 148/504/310 190/523/329 189/524/330
f 144/525/327 151/526/325 170/527/324
f 189/524/330 184/524/326 151/528/325
f 147/500/304 188/517/323 186/496/301
f 146/488/294 182/490/296 190/523/329
f 153/529/331 161/530/332 159/531/333
f 153/529/331 157/532/334 188/517/323
f 153/529/331 185/516/322 184/520/326
f 158/533/335 159/534/333 161/535/332
f 154/535/336 189/524/330 190/523/329
f 154/535/336 161/535/332 184/524/326
f 157/532/334 159/531/333 160/507/313
f 155/506/312 186/496/301 188/517/323
f 156/536/317 160/536/313 159/537/333
f 158/533/335 190/523/329 182/490/296
f 166/486/292 175/514/319 171/514/318
f 165/476/286 173/503/307 177/538/337
f 166/486/292 169/505/311 179/539/338
f 177/538/337 180/538/339 170/518/324
f 168/522/328 178/540/340 179/539/338
f 170/522/324 180/540/339 178/540/340
f 176/541/309 180/542/339 177/542/337
f 175/543/319 179/544/338 178/545/340
f 174/541/320 178/542/340 180/542/339
f 391/308/151 246/546/341 245/231/110
f 18/304/147 34/303/146 245/231/110
f 35/547/165 10/548/342 244/549/108
f 241/245/106 33/342/179 19/325/167
f 239/244/105 32/286/131 33/342/179
f 392/550/343 32/286/131 239/244/105
f 392/550/343 373/309/152 5/282/127
f 1/281/126 32/286/131 392/550/343
f 2/551/344 741/294/139 261/344/181
f 38/297/138 3/296/141 23/348/185
f 280/552/345 281/553/346 55/554/205
f 279/555/347 277/556/348 275/557/349
f 48/558/192 50/559/194 264/560/350
f 274/561/198 276/562/351 277/563/348
f 264/560/350 50/559/194 266/564/352
f 52/564/353 275/565/349 276/566/351
f 56/559/197 273/560/354 275/565/349
f 54/558/355 262/567/356 273/560/354
f 55/554/205 281/553/346 262/567/356
f 53/568/357 279/569/347 280/552/345
f 268/563/358 51/570/191 47/568/190
f 271/571/359 49/554/193 272/553/360
f 49/554/193 48/558/192 263/567/361
f 277/563/348 279/569/347 53/568/357
f 267/572/362 269/556/363 264/573/350
f 298/574/364 283/575/365 285/576/366
f 299/577/367 294/578/368 300/579/369
f 287/576/370 289/575/371 295/580/372
f 295/580/372 289/575/371 291/581/373
f 293/582/374 291/583/373 287/584/370
f 293/581/374 283/575/365 298/574/364
f 296/585/375 301/586/376 302/587/377
f 284/582/378 290/588/379 292/589/380
f 286/590/381 294/578/368 295/580/372
f 288/591/382 295/580/372 296/585/375
f 297/592/383 300/579/369 284/590/378
f 302/587/377 301/586/376 307/593/384
f 292/594/380 302/587/377 297/592/383
f 298/595/364 304/596/385 307/597/384
f 304/598/385 305/599/386 306/600/387
f 307/593/384 304/598/385 303/592/388
f 297/601/383 302/602/377 308/603/389
f 298/595/364 299/604/367 305/603/386
f 299/577/367 300/579/369 306/600/387
f 297/601/383 303/596/388 306/605/387
f 335/606/390 336/607/391 338/608/392
f 311/609/393 312/610/394 314/611/395
f 338/612/392 334/613/396 330/614/397
f 314/611/395 316/615/398 315/616/399
f 332/617/400 334/618/396 333/619/401
f 315/616/399 316/615/398 318/620/402
f 329/621/403 331/622/404 110/441/256
f 330/616/397 332/617/400 331/620/404
f 318/620/402 320/619/405 319/618/406
f 337/623/407 338/624/392 340/625/408
f 327/611/409 328/626/410 330/616/397
f 320/619/405 322/627/411 321/628/412
f 340/625/408 309/609/413 310/610/414
f 309/609/413 328/626/410 327/611/409
f 321/628/412 322/627/411 324/629/415
f 326/630/416 312/610/394 311/609/393
f 323/624/417 324/623/415 326/630/416
f 333/619/401 334/618/396 336/607/391
f 319/613/406 321/631/412 325/555/418
f 357/632/419 342/633/420 344/634/421
f 358/635/422 346/634/423 353/636/424
f 353/636/424 346/634/423 348/633/425
f 354/580/426 348/633/425 350/637/427
f 342/638/420 348/639/425 346/631/423
f 360/640/428 352/637/429 342/633/420
f 355/641/430 360/640/428 361/642/431
f 343/643/432 349/644/433 351/645/434
f 353/636/424 354/580/426 347/591/435
f 354/580/426 355/641/430 349/646/433
f 341/591/436 356/592/437 359/647/438
f 361/642/431 360/640/428 366/648/439
f 351/646/434 361/642/431 356/592/437
f 357/649/419 363/650/440 366/597/439
f 363/632/440 364/599/441 365/600/442
f 367/651/443 366/648/439 363/632/440
f 356/652/437 361/653/431 367/605/443
f 357/649/419 358/604/422 364/603/441
f 359/647/438 365/600/442 364/599/441
f 356/652/437 362/596/444 365/603/442
f 316/654/398 314/655/395 194/429/246
f 195/426/244 322/656/411 320/657/405
f 320/658/405 318/659/402 197/433/249
f 192/431/247 318/660/402 316/661/398
f 200/425/243 324/662/415 322/656/411
f 191/427/242 326/426/416 324/662/415
f 202/424/241 312/663/394 326/664/416
f 196/423/240 314/655/395 312/663/394
f 113/665/445 117/461/272 333/666/401
f 115/442/257 331/622/404 333/666/401
f 310/667/414 327/668/409 109/438/253
f 116/437/252 118/669/275 310/667/414
f 114/670/278 337/671/407 339/672/446
f 119/462/273 113/665/445 335/673/390
f 266/674/352 45/338/177 41/337/176
f 47/675/190 44/676/186 271/677/359
f 44/676/186 49/678/193 271/677/359
f 269/569/363 47/568/190 271/571/359
f 31/561/189 51/570/191 268/563/358
f 265/565/447 266/564/352 31/679/189
f 217/209/77 214/680/448 221/681/449
f 214/680/448 217/209/77 215/212/80
f 221/682/449 252/260/117 216/262/78
f 251/258/116 201/683/450 247/259/111
f 201/684/450 218/241/102 247/252/111
f 588/685/451 590/686/452 591/687/453
f 589/688/454 593/689/455 592/690/456
f 242/214/82 107/691/457 593/689/455
f 391/308/151 412/692/458 612/693/459
f 595/694/460 594/695/461 592/696/456
f 596/697/462 597/698/463 594/695/461
f 12/699/464 596/697/462 595/694/460
f 213/700/79 733/701/465 736/702/466
f 198/206/74 226/208/76 597/698/463
f 226/208/76 602/703/467 751/704/468
f 603/693/469 604/705/470 601/706/471
f 604/707/470 605/708/472 600/709/473
f 605/708/472 606/710/474 598/711/475
f 606/710/474 607/712/476 599/713/477
f 607/712/476 238/242/103 218/241/102
f 607/712/476 608/714/478 240/243/104
f 609/715/479 608/714/478 607/712/476
f 610/716/480 609/715/479 606/710/474
f 604/717/470 611/718/481 610/716/480
f 603/693/469 612/693/459 611/719/481
f 232/251/109 246/546/341 612/693/459
f 226/208/76 232/251/109 603/693/469
f 613/720/482 598/711/475 599/713/477
f 198/206/74 597/698/463 596/697/462
f 732/256/114 738/255/113 739/721/483
f 614/722/484 613/723/482 616/724/485
f 617/725/486 590/726/452 615/727/487
f 251/258/116 253/728/119 616/724/485
f 221/682/449 617/725/486 252/260/117
f 616/724/485 201/683/450 251/258/116
f 368/729/488 377/730/489 374/731/490
f 410/732/491 382/733/492 377/730/489
f 390/734/493 407/735/494 375/736/495
f 375/736/495 416/737/496 395/738/497
f 369/739/498 415/740/499 388/741/500
f 384/742/501 372/743/502 374/731/490
f 370/744/503 374/731/490 388/745/500
f 370/744/503 396/746/504 398/747/505
f 395/748/497 620/749/506 618/750/507
f 371/751/508 383/752/509 376/753/510
f 380/754/511 385/755/512 412/692/458
f 393/307/150 394/306/149 383/752/509
f 412/692/458 391/308/151 393/307/150
f 372/743/502 384/742/501 387/310/153
f 374/731/490 377/730/489 414/756/513
f 407/735/494 417/313/156 389/312/155
f 375/736/495 389/312/155 400/314/157
f 376/753/510 476/757/514 480/758/515
f 376/753/510 383/752/509 407/735/494
f 390/734/493 388/741/500 414/759/513
f 414/759/513 485/760/516 476/757/514
f 377/730/489 382/733/492 481/761/517
f 477/756/518 485/762/516 414/756/513
f 385/755/512 482/763/519 478/764/520
f 478/764/520 484/765/521 413/766/522
f 479/767/523 483/768/524 386/769/525
f 413/770/522 484/771/521 479/767/523
f 380/754/511 480/758/515 482/763/519
f 381/772/526 397/773/173 405/332/172
f 418/774/527 406/334/174 397/333/173
f 381/775/526 404/776/528 423/777/529
f 419/778/530 424/779/531 418/774/527
f 382/733/492 410/732/491 411/780/532
f 382/733/492 386/769/525 483/768/524
f 394/306/149 417/313/156 407/735/494
f 398/747/505 399/343/180 387/310/153
f 401/781/533 403/782/534 408/783/535
f 416/737/496 418/774/527 401/781/533
f 402/784/536 404/785/528 398/747/505
f 396/786/504 408/787/535 403/788/534
f 404/785/528 405/332/172 399/343/180
f 406/334/174 418/774/527 416/737/496
f 401/781/533 420/789/537 422/790/538
f 401/781/533 418/774/527 424/779/531
f 403/791/534 422/792/538 421/793/539
f 402/784/536 421/793/539 423/794/529
f 409/795/540 429/796/541 424/779/531
f 420/789/537 425/797/542 422/790/538
f 420/789/537 424/779/531 429/796/541
f 421/793/539 422/792/538 427/798/543
f 421/793/539 426/799/544 428/800/545
f 434/366/546 440/365/547 436/364/548
f 441/368/549 435/373/550 634/367/551
f 439/371/552 433/801/553 638/370/554
f 435/373/550 441/368/549 437/372/555
f 433/376/553 439/375/552 438/374/556
f 438/374/556 440/365/547 434/366/546
f 440/365/547 459/378/557 457/377/558
f 436/369/548 457/391/558 456/379/559
f 454/381/560 455/380/561 439/371/552
f 441/368/549 456/379/559 454/381/560
f 438/374/556 439/375/552 455/383/561
f 458/382/562 459/378/557 440/365/547
f 457/377/558 459/378/557 446/384/563
f 442/385/564 446/384/563 463/387/565
f 442/388/564 448/390/566 453/390/567
f 447/389/568 456/379/559 457/391/558
f 442/385/564 460/386/569 464/393/570
f 449/396/571 451/395/572 445/394/573
f 443/397/574 445/394/573 455/380/561
f 447/389/568 453/390/567 449/396/571
f 443/397/574 454/381/560 456/379/559
f 444/398/575 458/382/562 455/383/561
f 445/394/573 462/401/576 461/400/577
f 446/384/563 459/378/557 458/382/562
f 461/402/577 463/387/565 446/384/563
f 451/395/572 466/403/578 462/401/576
f 448/390/566 452/405/579 450/404/580
f 448/390/566 451/395/572 449/396/571
f 464/407/570 467/406/581 452/405/579
f 450/404/580 465/408/582 466/403/578
f 452/405/579 467/406/581 465/408/582
f 463/387/565 471/410/583 468/409/584
f 468/409/584 472/411/585 464/393/570
f 461/400/577 462/401/576 470/413/586
f 469/414/587 471/410/583 463/387/565
f 466/403/578 474/415/588 470/413/586
f 472/417/585 475/416/589 467/406/581
f 465/408/582 473/418/590 474/415/588
f 467/406/581 475/416/589 473/418/590
f 468/409/584 471/410/583 475/419/589
f 470/422/586 474/421/588 473/420/590
f 469/414/587 473/420/590 475/419/589
f 476/757/514 577/802/591 573/803/592
f 476/757/514 485/760/516 568/802/593
f 477/756/518 481/761/517 572/804/594
f 576/805/595 568/806/593 485/762/516
f 482/763/519 571/807/596 575/808/597
f 575/808/597 569/809/598 484/765/521
f 574/810/599 570/811/600 483/768/524
f 484/771/521 569/812/598 574/810/599
f 480/758/515 573/803/592 571/807/596
f 481/761/517 483/768/524 570/811/600
f 493/437/601 578/436/602 584/435/603
f 486/438/604 584/435/603 583/440/605
f 487/441/606 586/448/607 582/443/608
f 497/439/609 583/440/605 586/444/607
f 488/445/610 508/449/611 512/447/612
f 500/446/613 582/443/608 586/448/607
f 507/451/614 519/450/615 508/449/611
f 488/452/610 586/444/607 583/440/605
f 489/454/616 501/457/617 513/456/618
f 584/435/603 578/436/602 501/457/617
f 509/455/619 519/458/615 507/453/614
f 489/454/616 507/453/614 583/440/605
f 494/461/620 581/460/621 587/459/622
f 587/459/622 579/463/623 496/462/624
f 580/813/625 585/814/626 495/815/627
f 491/816/628 496/817/624 579/818/623
f 492/442/629 582/443/608 581/460/621
f 493/437/601 495/669/627 585/469/626
f 498/470/630 502/473/631 514/472/632
f 498/470/630 587/459/622 581/460/621
f 527/475/633 541/475/634 506/474/635
f 498/470/630 506/474/635 579/463/623
f 510/471/636 542/476/637 527/475/633
f 526/479/638 540/478/639 503/477/640
f 499/480/641 503/477/640 585/469/626
f 499/480/641 506/483/635 541/482/634
f 580/463/625 579/463/623 506/474/635
f 512/447/612 514/472/632 502/473/631
f 502/473/631 581/460/621 582/443/608
f 501/457/617 503/477/640 515/485/642
f 578/436/602 585/469/626 503/477/640
f 540/478/639 543/486/643 515/485/642
f 504/487/644 509/455/619 513/456/618
f 504/487/644 529/491/645 519/458/615
f 523/488/646 559/490/647 560/489/648
f 560/489/648 558/492/649 529/491/645
f 522/493/650 512/447/612 508/449/611
f 505/494/651 508/449/611 519/450/615
f 564/497/652 563/496/653 522/493/650
f 529/495/645 558/498/649 564/497/652
f 514/472/632 524/500/654 520/499/655
f 520/499/655 544/501/656 542/476/637
f 511/502/657 549/502/658 541/475/634
f 511/502/657 527/475/633 542/476/637
f 511/502/657 550/503/659 553/503/660
f 512/447/612 522/493/650 524/500/654
f 513/456/618 515/485/642 525/504/661
f 515/485/642 543/486/643 546/505/662
f 539/819/663 537/820/664 532/821/665
f 516/508/666 532/506/665 563/496/653
f 516/822/666 564/823/652 558/824/649
f 517/825/667 533/826/668 537/826/664
f 517/511/667 560/489/648 559/490/647
f 517/511/667 539/512/663 558/492/649
f 548/514/669 540/478/639 526/479/638
f 526/479/638 541/482/634 549/515/658
f 551/514/670 552/514/671 548/514/669
f 518/515/672 549/515/658 553/514/660
f 524/500/654 565/517/673 562/516/674
f 528/519/675 547/518/676 544/501/656
f 562/516/674 561/520/677 528/519/675
f 521/521/678 525/504/661 546/505/662
f 566/524/679 567/523/680 525/504/661
f 521/827/678 545/828/681 547/828/676
f 528/528/675 561/524/677 566/524/679
f 563/496/653 565/517/673 524/500/654
f 523/488/646 525/504/661 567/523/680
f 530/829/682 534/830/683 536/831/684
f 530/529/682 562/516/674 565/517/673
f 530/529/682 538/530/685 561/520/677
f 538/832/685 536/833/684 535/834/686
f 531/535/687 535/533/686 567/523/680
f 531/535/687 566/524/679 561/524/677
f 537/820/664 536/831/684 534/830/683
f 532/506/665 534/532/683 565/517/673
f 533/826/668 535/834/686 536/833/684
f 559/490/647 567/523/680 535/533/686
f 548/514/669 552/514/671 543/486/643
f 542/476/637 544/501/656 554/538/688
f 543/486/643 552/514/671 556/539/689
f 547/518/676 557/538/690 554/538/688
f 545/522/681 546/505/662 556/539/689
f 555/540/691 557/540/690 547/522/676
f 554/835/688 557/835/690 553/836/660
f 555/837/691 556/838/689 552/839/671
f 551/836/670 553/836/660 557/835/690
f 36/218/85 595/694/460 593/840/455
f 612/693/459 385/755/512 378/841/692
f 611/842/481 413/843/522 610/716/480
f 386/769/525 609/715/479 379/844/693
f 608/714/478 609/715/479 411/780/532
f 201/684/450 613/720/482 218/241/102
f 372/743/502 373/309/152 392/550/343
f 368/729/488 392/550/343 410/732/491
f 618/750/507 620/749/506 621/845/694
f 619/846/695 621/845/694 396/847/504
f 415/848/499 619/846/695 370/849/503
f 618/750/507 619/846/695 415/848/499
f 408/850/535 621/845/694 620/749/506
f 396/847/504 621/845/694 408/850/535
f 433/851/553 641/852/696 640/552/697
f 639/853/698 640/854/697 622/855/699
f 624/569/700 428/568/545 426/571/544
f 634/561/551 435/570/550 637/563/701
f 625/563/702 626/570/703 428/568/545
f 634/856/551 636/857/704 635/565/705
f 434/559/546 430/564/706 635/565/705
f 434/559/546 633/560/707 622/567/699
f 433/851/553 432/558/708 622/567/699
f 431/568/709 638/571/554 640/552/697
f 628/565/710 629/560/711 425/559/542
f 632/852/712 427/851/543 631/558/713
f 623/552/714 426/571/544 427/851/543
f 431/568/709 639/569/698 637/563/701
f 629/858/711 627/556/715 624/557/700
f 659/579/716 645/590/717 643/591/718
f 654/578/719 647/590/720 659/579/716
f 655/580/721 649/591/722 647/590/720
f 656/585/723 651/594/724 649/591/722
f 647/859/720 651/860/724 643/861/718
f 658/592/725 643/591/718 653/594/726
f 661/587/727 651/594/724 656/585/723
f 652/859/728 646/862/729 644/584/730
f 646/863/729 648/633/731 655/580/721
f 648/633/731 650/864/732 656/585/723
f 642/633/733 644/863/730 660/577/734
f 662/586/735 668/865/736 667/866/737
f 652/864/728 642/633/733 657/574/738
f 667/867/737 664/596/739 658/595/725
f 663/574/740 666/599/741 665/600/742
f 663/574/740 664/592/739 667/866/737
f 657/652/738 663/596/740 668/597/736
f 658/595/725 664/596/739 665/868/742
f 665/600/742 666/599/741 660/577/734
f 666/603/741 663/596/740 657/652/738
f 697/623/743 698/624/744 696/625/745
f 671/618/746 673/617/747 674/620/748
f 696/869/745 698/870/744 669/871/749
f 675/616/750 676/615/751 674/620/748
f 693/610/752 694/609/753 692/626/754
f 675/616/750 677/626/755 678/611/756
f 691/622/757 689/621/758 487/441/606
f 691/611/757 692/626/754 690/616/759
f 679/609/760 680/610/761 678/611/756
f 699/606/762 700/607/763 698/608/744
f 687/620/764 689/615/758 690/616/759
f 679/609/760 681/625/765 682/630/766
f 670/619/767 669/618/749 700/607/763
f 687/620/764 688/617/768 669/618/749
f 683/624/769 684/623/770 682/630/766
f 685/607/771 671/618/746 672/619/772
f 683/608/769 685/607/771 686/606/773
f 693/610/752 695/630/774 696/625/745
f 681/872/765 677/873/755 685/874/771
f 717/574/775 718/875/776 704/637/777
f 713/641/778 718/875/776 719/642/779
f 713/641/778 714/580/780 708/633/781
f 714/580/780 715/636/782 710/634/783
f 708/859/781 710/582/783 702/862/784
f 717/574/775 702/633/784 712/634/785
f 720/635/786 710/634/783 715/636/782
f 709/876/787 707/639/788 703/860/789
f 707/591/788 714/580/780 713/641/778
f 709/877/787 715/636/782 714/580/780
f 701/591/790 703/646/789 719/642/779
f 721/647/791 727/600/792 726/599/793
f 711/877/794 701/591/790 716/592/795
f 726/597/793 723/650/796 717/878/775
f 725/651/797 724/879/798 723/574/796
f 722/592/799 723/574/796 726/599/793
f 716/601/795 722/596/799 727/605/792
f 717/878/775 723/650/796 724/603/798
f 724/879/798 725/651/797 719/642/779
f 725/880/797 722/596/799 716/601/795
f 571/807/596 674/881/748 676/882/751
f 572/804/594 570/811/600 680/883/761
f 678/884/756 680/883/761 574/810/599
f 676/882/751 678/885/756 569/809/598
f 576/805/595 572/804/594 682/886/766
f 684/887/770 686/804/773 568/806/593
f 577/802/591 568/802/593 686/888/773
f 573/803/592 672/889/772 674/881/748
f 693/666/752 494/461/620 490/665/800
f 693/666/752 691/622/757 492/442/629
f 497/439/609 687/668/764 486/438/604
f 495/669/627 493/437/601 670/667/767
f 491/670/628 495/669/627 699/672/762
f 695/673/774 496/462/624 697/890/743
f 423/777/529 428/891/545 626/892/703
f 425/893/542 631/894/713 422/895/538
f 422/895/538 631/894/713 427/896/543
f 629/560/711 630/567/801 631/558/713
f 627/857/715 628/565/710 429/564/541
f 627/562/715 409/561/540 626/570/703
f 591/687/453 590/686/452 221/681/449
f 589/688/454 591/687/453 214/680/448
f 221/682/449 590/726/452 617/725/486
f 616/724/485 613/723/482 201/683/450
f 599/713/477 218/241/102 613/720/482
f 608/714/478 410/732/491 392/550/343
f 588/685/451 592/690/456 756/897/802
f 248/257/115 247/259/111 738/255/113
f 730/898/88 739/721/483 738/255/113
f 740/899/803 735/900/95 225/901/75
f 225/901/75 222/902/86 737/903/804
f 734/904/93 735/900/95 740/899/803
f 219/905/81 736/702/466 737/903/804
f 216/906/78 732/256/114 733/701/465
f 216/262/78 249/261/118 732/256/114
f 22/907/805 260/908/135 745/909/806
f 30/907/807 261/908/181 749/909/808
f 744/910/809 745/909/806 746/911/810
f 22/907/805 744/910/809 743/912/811
f 742/913/812 2/914/344 743/912/811
f 260/908/135 742/913/812 746/911/810
f 750/911/813 748/912/814 747/910/815
f 261/908/181 741/913/139 750/911/813
f 30/907/807 747/910/815 748/912/814
f 38/914/138 748/912/814 750/911/813
f 755/915/816 594/695/461 597/698/463
f 756/916/802 592/696/456 594/695/461
f 588/685/451 757/917/817 590/686/452
f 754/918/818 751/704/468 602/703/467
f 753/919/819 754/920/818 601/921/471
f 752/922/820 753/919/819 600/923/473
f 752/924/820 598/711/475 613/720/482
f 756/925/802 764/926/821 765/927/822
f 753/928/819 752/929/820 760/930/823
f 762/931/824 763/932/825 597/933/463
f 761/934/826 764/926/821 763/932/825
f 760/930/823 765/927/822 764/926/821
f 615/727/487 590/726/452 758/935/827
f 752/929/820 613/936/482 759/937/828
f 757/938/817 765/927/822 758/935/827
f 755/939/816 597/933/463 763/932/825
f 754/940/818 753/928/819 761/934/826
f 755/939/816 763/932/825 764/926/821
f 613/723/482 614/722/484 759/937/828
f 758/935/827 759/937/828 614/722/484
f 616/724/485 617/725/486 615/727/487
f 760/930/823 759/937/828 758/935/827
f 249/261/118 250/254/112 732/256/114
f 751/941/468 754/940/818 762/931/824
f 730/898/88 731/942/91 739/721/483
f 736/702/466 739/721/483 740/899/803
f 733/701/465 739/721/483 736/702/466
f 731/942/91 734/904/93 740/899/803
f 215/212/80 217/209/77 213/211/79
f 220/215/83 215/212/80 219/213/81
f 107/691/457 242/214/82 220/215/83
f 107/943/457 220/216/83 36/218/85
f 220/216/83 219/219/81 223/217/84
f 223/217/84 222/220/86 224/221/87
f 12/699/464 36/218/85 224/221/87
f 731/225/91 730/222/88 229/224/90
f 734/944/93 731/225/91 230/226/92
f 735/230/95 734/227/93 231/229/94
f 225/207/75 735/230/95 226/208/76
f 232/251/109 226/208/76 233/231/96
f 231/229/94 230/232/92 233/231/96
f 230/945/92 229/234/90 234/236/97
f 229/234/90 227/237/89 235/235/98
f 227/237/89 228/239/100 236/238/99
f 228/239/100 218/241/102 237/240/101
f 239/244/105 237/240/101 240/243/104
f 236/238/99 237/240/101 241/245/106
f 235/235/98 236/238/99 243/246/107
f 244/250/108 234/247/97 243/249/107
f 245/231/110 233/231/96 244/250/108
f 246/546/341 232/251/109 245/231/110
f 12/699/464 224/221/87 198/206/74
f 255/271/124 252/263/117 254/265/120
f 250/275/112 249/266/118 256/268/122
f 254/265/120 253/264/119 258/270/123
f 257/267/121 249/266/118 255/271/124
f 251/946/116 248/272/115 258/274/123
f 248/272/115 250/275/112 259/273/125
f 256/947/122 257/276/121 254/278/120
f 256/947/122 254/278/120 259/280/125
f 9/284/129 1/281/126 6/283/128
f 1/281/126 9/284/129 32/286/131
f 21/289/134 2/551/344 742/948/812
f 742/948/812 7/287/132 21/289/134
f 742/948/812 260/290/135 7/287/132
f 741/294/139 2/551/344 20/292/137
f 21/289/134 20/292/137 2/551/344
f 3/296/141 6/283/128 17/295/140
f 6/283/128 3/296/141 20/298/137
f 23/348/185 3/296/141 24/299/142
f 16/305/148 4/300/143 8/302/145
f 4/300/143 34/303/146 13/301/144
f 4/300/143 16/305/148 393/307/150
f 4/300/143 393/307/150 34/303/146
f 17/295/140 5/282/127 387/310/153
f 9/284/129 6/283/128 37/311/154
f 7/287/132 389/312/155 29/288/133
f 389/312/155 7/287/132 400/314/157
f 98/317/159 8/302/145 102/315/158
f 16/305/148 8/302/145 29/288/133
f 8/302/145 37/316/154 21/289/134
f 8/302/145 98/317/159 37/316/154
f 15/285/130 9/284/129 103/319/162
f 9/284/129 37/311/154 99/311/161
f 10/949/342 100/321/163 18/304/147
f 10/950/342 35/323/165 100/321/163
f 11/951/829 19/325/167 101/327/169
f 11/951/829 101/327/169 35/329/165
f 102/315/158 13/301/144 104/322/164
f 397/773/173 14/330/170 405/332/172
f 14/952/170 397/333/173 40/335/175
f 28/953/171 14/336/170 45/338/177
f 14/954/170 40/339/175 41/341/176
f 32/286/131 15/285/130 33/342/179
f 19/325/167 15/285/130 105/326/168
f 16/305/148 29/288/133 394/306/149
f 17/295/140 387/310/153 24/299/142
f 25/346/183 22/955/805 261/344/181
f 261/344/181 30/956/807 27/345/182
f 260/290/135 22/955/805 25/346/183
f 25/346/183 40/335/175 260/290/135
f 23/348/185 24/299/142 26/347/184
f 30/957/807 23/348/185 27/349/182
f 24/299/142 399/343/180 28/331/171
f 400/314/157 39/291/136 406/334/174
f 42/352/187 25/346/183 44/351/186
f 40/335/175 25/346/183 46/353/178
f 26/347/184 43/354/188 27/356/182
f 43/354/188 26/347/184 45/357/177
f 51/958/191 31/358/189 46/340/178
f 46/353/178 42/352/187 51/360/191
f 44/959/186 43/354/188 49/362/193
f 48/361/192 43/354/188 50/363/194
f 52/960/353 58/364/195 56/366/197
f 58/369/195 52/961/353 274/367/198
f 274/367/198 57/373/203 63/368/199
f 59/372/202 53/962/357 278/370/200
f 278/370/200 55/801/205 61/371/201
f 53/962/357 59/372/202 57/373/203
f 54/963/355 60/374/204 55/376/205
f 54/963/355 56/366/197 60/374/204
f 58/364/195 79/377/206 62/365/196
f 79/391/206 58/369/195 78/379/208
f 59/372/202 61/371/201 76/381/210
f 59/372/202 76/381/210 63/368/199
f 61/375/201 60/374/204 77/383/209
f 60/374/204 62/365/196 80/382/211
f 64/385/213 68/384/212 79/377/206
f 68/384/212 64/385/213 85/387/215
f 70/390/218 64/388/213 75/390/217
f 64/388/213 79/391/206 69/389/216
f 82/386/214 64/385/213 86/393/219
f 65/397/223 67/394/220 71/396/222
f 67/394/220 65/397/223 77/380/209
f 65/397/223 71/396/222 69/389/216
f 76/381/210 65/397/223 78/379/208
f 80/382/211 66/398/224 77/383/209
f 66/964/224 83/400/225 67/394/220
f 66/398/224 80/382/211 68/384/212
f 66/398/224 68/384/212 83/402/225
f 67/394/220 84/401/226 73/395/221
f 74/405/229 70/390/218 72/404/228
f 73/395/221 70/390/218 71/396/222
f 70/390/218 74/405/229 86/407/219
f 87/408/231 72/404/228 88/403/227
f 72/404/228 87/408/231 74/405/229
f 82/386/214 90/409/232 85/387/215
f 82/386/214 86/393/219 90/409/232
f 84/401/226 83/400/225 92/413/236
f 83/402/225 85/387/215 91/414/235
f 84/401/226 92/413/236 88/403/227
f 86/407/219 89/406/230 94/417/234
f 95/418/239 87/408/231 96/415/237
f 87/408/231 95/418/239 89/406/230
f 93/410/233 90/409/232 97/419/238
f 91/414/235 95/420/239 92/422/236
f 95/420/239 91/414/235 97/419/238
f 202/424/241 98/317/159 196/423/240
f 108/318/160 98/317/159 191/424/242
f 103/319/162 99/311/161 195/426/244
f 99/311/161 108/320/160 200/425/243
f 100/321/163 199/428/245 104/322/164
f 100/321/163 106/430/166 199/428/245
f 101/327/169 105/326/168 197/433/249
f 101/327/169 197/433/249 106/328/166
f 196/423/240 102/315/158 194/429/246
f 105/326/168 103/319/162 193/432/248
f 109/438/253 209/435/250 116/437/252
f 209/435/250 109/438/253 208/440/255
f 211/448/259 110/441/256 207/443/258
f 110/965/256 211/444/259 120/439/254
f 131/449/263 111/445/260 135/447/262
f 111/445/260 211/448/259 123/446/261
f 111/445/260 131/449/263 130/451/265
f 211/444/259 111/452/260 208/440/255
f 124/457/269 112/454/266 136/456/268
f 112/454/266 124/457/269 209/435/250
f 112/454/266 130/453/265 132/455/267
f 130/453/265 112/454/266 208/440/255
f 113/665/445 212/459/270 117/461/272
f 113/665/445 119/462/273 212/459/270
f 114/966/278 118/464/275 205/466/277
f 119/967/273 114/467/278 204/468/274
f 207/443/258 115/442/257 206/460/271
f 118/669/275 116/437/252 210/469/276
f 125/473/282 121/470/279 137/472/281
f 212/459/270 121/470/279 206/460/271
f 121/470/279 129/474/283 150/475/285
f 129/474/283 121/470/279 204/463/274
f 121/470/279 150/475/285 133/471/280
f 122/480/290 126/477/287 149/479/289
f 126/477/287 122/480/290 210/469/276
f 129/483/283 122/480/290 164/482/284
f 122/480/290 129/483/283 205/481/277
f 123/446/261 125/473/282 135/447/262
f 123/446/261 207/443/258 125/473/282
f 126/477/287 124/457/269 138/485/291
f 124/457/269 126/477/287 203/436/251
f 126/477/287 138/485/291 163/478/288
f 132/455/267 127/487/293 136/456/268
f 152/491/297 127/487/293 142/458/264
f 127/487/293 183/489/295 146/488/294
f 127/487/293 152/491/297 183/489/295
f 128/494/300 131/449/263 145/493/299
f 131/449/263 128/494/300 142/450/264
f 128/494/300 145/493/299 187/497/302
f 128/494/300 187/497/302 152/495/297
f 133/471/280 143/499/303 137/472/281
f 133/471/280 165/476/286 143/499/303
f 172/502/308 134/502/306 164/475/284
f 150/475/285 134/502/306 165/476/286
f 173/503/307 134/502/306 176/503/309
f 145/493/299 135/447/262 147/500/304
f 138/485/291 136/456/268 148/504/310
f 166/486/292 138/485/291 169/505/311
f 139/508/315 155/506/312 162/508/314
f 155/506/312 139/508/315 186/496/301
f 187/968/302 139/509/315 181/510/298
f 156/513/317 140/511/316 160/513/313
f 183/489/295 140/511/316 182/490/296
f 162/512/314 140/511/316 181/492/298
f 141/515/321 149/479/289 171/514/318
f 141/515/321 172/515/308 149/479/289
f 141/515/321 171/514/318 174/514/320
f 172/502/308 141/502/321 176/503/309
f 143/499/303 185/516/322 147/500/304
f 143/499/303 167/501/305 151/519/325
f 143/499/303 151/519/325 185/516/322
f 148/504/310 144/521/327 169/505/311
f 144/521/327 148/504/310 189/524/330
f 168/527/328 144/525/327 170/527/324
f 144/521/327 189/524/330 151/528/325
f 145/493/299 147/500/304 186/496/301
f 148/504/310 146/488/294 190/523/329
f 157/532/334 153/529/331 159/531/333
f 185/516/322 153/529/331 188/517/323
f 161/530/332 153/529/331 184/520/326
f 154/535/336 158/533/335 161/535/332
f 158/533/335 154/535/336 190/523/329
f 189/524/330 154/535/336 184/524/326
f 155/506/312 157/532/334 160/507/313
f 157/532/334 155/506/312 188/517/323
f 158/969/335 156/536/317 159/537/333
f 156/513/317 158/533/335 182/490/296
f 163/478/288 166/486/292 171/514/318
f 167/501/305 165/476/286 177/538/337
f 175/514/319 166/486/292 179/539/338
f 167/501/305 177/538/337 170/518/324
f 169/505/311 168/522/328 179/539/338
f 168/522/328 170/522/324 178/540/340
f 173/541/307 176/541/309 177/542/337
f 174/543/320 175/543/319 178/545/340
f 176/541/309 174/541/320 180/542/339
f 34/303/146 391/308/151 245/231/110
f 245/231/110 244/250/108 10/949/342
f 10/949/342 18/304/147 245/231/110
f 244/549/108 243/970/107 35/547/165
f 11/951/829 35/547/165 243/970/107
f 19/325/167 11/951/829 241/245/106
f 243/246/107 241/245/106 11/951/829
f 241/245/106 239/244/105 33/342/179
f 240/243/104 392/550/343 239/244/105
f 1/281/126 392/550/343 5/282/127
f 22/955/805 2/551/344 261/344/181
f 30/971/807 38/297/138 23/348/185
f 278/571/200 280/552/345 55/554/205
f 275/557/349 273/972/354 262/613/356
f 262/613/356 281/631/346 280/614/345
f 280/614/345 279/555/347 275/557/349
f 277/556/348 276/588/351 275/557/349
f 275/557/349 262/613/356 280/614/345
f 263/567/361 48/558/192 264/560/350
f 57/570/203 274/561/198 277/563/348
f 265/565/447 264/560/350 266/564/352
f 274/679/198 52/564/353 276/566/351
f 52/564/353 56/559/197 275/565/349
f 56/559/197 54/558/355 273/560/354
f 54/558/355 55/554/205 262/567/356
f 278/571/200 53/568/357 280/552/345
f 269/569/363 268/563/358 47/568/190
f 270/552/830 271/571/359 272/553/360
f 272/553/360 49/554/193 263/567/361
f 57/570/203 277/563/348 53/568/357
f 272/557/360 263/973/361 264/573/350
f 264/573/350 265/974/447 267/572/362
f 267/572/362 268/975/358 269/556/363
f 269/556/363 270/976/830 272/557/360
f 272/557/360 264/573/350 269/556/363
f 299/577/367 298/574/364 285/576/366
f 286/590/381 284/590/378 300/579/369
f 299/577/367 285/576/366 287/576/370
f 286/590/381 300/579/369 294/578/368
f 287/576/370 294/578/368 299/577/367
f 294/578/368 287/576/370 295/580/372
f 296/585/375 295/580/372 291/581/373
f 287/584/370 285/977/366 283/859/365
f 283/859/365 293/582/374 287/584/370
f 291/583/373 289/862/371 287/584/370
f 301/586/376 293/581/374 298/574/364
f 292/594/380 290/594/379 302/587/377
f 296/585/375 291/581/373 301/586/376
f 293/581/374 301/586/376 291/581/373
f 302/587/377 290/594/379 296/585/375
f 292/589/380 282/859/831 284/582/378
f 284/582/378 286/614/381 288/862/382
f 288/862/382 290/588/379 284/582/378
f 288/591/382 286/590/381 295/580/372
f 290/594/379 288/591/382 296/585/375
f 282/591/831 297/592/383 284/590/378
f 308/978/389 302/587/377 307/593/384
f 282/591/831 292/594/380 297/592/383
f 301/979/376 298/595/364 307/597/384
f 303/592/388 304/598/385 306/600/387
f 308/978/389 307/593/384 303/592/388
f 303/596/388 297/601/383 308/603/389
f 304/596/385 298/595/364 305/603/386
f 305/599/386 299/577/367 306/600/387
f 300/980/369 297/601/383 306/605/387
f 337/629/407 335/606/390 338/608/392
f 313/626/832 311/609/393 314/611/395
f 330/614/397 328/555/410 309/556/413
f 309/556/413 340/588/408 338/612/392
f 338/612/392 336/972/391 334/613/396
f 334/613/396 332/981/400 330/614/397
f 330/614/397 309/556/413 338/612/392
f 313/626/832 314/611/395 315/616/399
f 331/620/404 332/617/400 333/619/401
f 317/617/833 315/616/399 318/620/402
f 115/442/257 110/441/256 331/622/404
f 120/982/254 329/621/403 110/441/256
f 329/615/403 330/616/397 331/620/404
f 317/617/833 318/620/402 319/618/406
f 339/630/446 337/623/407 340/625/408
f 329/615/403 327/611/409 330/616/397
f 319/618/406 320/619/405 321/628/412
f 339/630/446 340/625/408 310/610/414
f 310/610/414 309/609/413 327/611/409
f 323/608/417 321/628/412 324/629/415
f 325/625/418 326/630/416 311/609/393
f 325/625/418 323/624/417 326/630/416
f 335/606/390 333/619/401 336/607/391
f 325/555/418 311/983/393 317/984/833
f 313/976/832 315/557/399 317/984/833
f 317/984/833 319/613/406 325/555/418
f 321/631/412 323/985/417 325/555/418
f 311/983/393 313/976/832 317/984/833
f 358/635/422 357/632/419 344/634/421
f 345/877/834 343/877/432 359/647/438
f 359/647/438 358/635/422 353/636/424
f 344/634/421 346/634/423 358/635/422
f 353/636/424 345/877/834 359/647/438
f 354/580/426 353/636/424 348/633/425
f 355/641/430 354/580/426 350/637/427
f 346/631/423 344/860/421 342/638/420
f 342/638/420 352/861/429 350/876/427
f 350/876/427 348/639/425 342/638/420
f 357/632/419 360/640/428 342/633/420
f 351/646/434 349/646/433 361/642/431
f 355/641/430 350/637/427 360/640/428
f 352/637/429 360/640/428 350/637/427
f 361/642/431 349/646/433 355/641/430
f 351/645/434 341/862/436 343/643/432
f 343/643/432 345/986/834 347/639/435
f 347/639/435 349/644/433 343/643/432
f 345/877/834 353/636/424 347/591/435
f 347/591/435 354/580/426 349/646/433
f 343/877/432 341/591/436 359/647/438
f 367/651/443 361/642/431 366/648/439
f 341/591/436 351/646/434 356/592/437
f 360/653/428 357/649/419 366/597/439
f 362/592/444 363/632/440 365/600/442
f 362/592/444 367/651/443 363/632/440
f 362/596/444 356/652/437 367/605/443
f 363/650/440 357/649/419 364/603/441
f 358/635/422 359/647/438 364/599/441
f 359/602/438 356/652/437 365/603/442
f 199/428/245 316/654/398 194/429/246
f 193/432/248 195/426/244 320/657/405
f 192/434/247 197/433/249 318/659/402
f 193/432/248 320/658/405 197/433/249
f 199/428/245 192/431/247 316/661/398
f 195/426/244 200/425/243 322/656/411
f 200/425/243 191/427/242 324/662/415
f 191/424/242 202/424/241 326/664/416
f 196/423/240 194/429/246 314/655/395
f 312/663/394 202/424/241 196/423/240
f 335/673/390 113/665/445 333/666/401
f 117/461/272 115/442/257 333/666/401
f 120/439/254 109/438/253 327/668/409
f 327/668/409 329/987/403 120/439/254
f 339/672/446 310/667/414 118/669/275
f 109/438/253 116/437/252 310/667/414
f 118/669/275 114/670/278 339/672/446
f 335/673/390 337/890/407 119/462/273
f 114/988/278 119/462/273 337/890/407
f 41/337/176 31/989/189 266/674/352
f 266/674/352 50/990/194 45/338/177
f 270/552/830 269/569/363 271/571/359
f 267/562/362 31/561/189 268/563/358
f 267/566/362 265/565/447 31/679/189
f 216/210/78 217/209/77 221/681/449
f 242/214/82 214/680/448 215/212/80
f 589/688/454 588/685/451 591/687/453
f 588/685/451 589/688/454 592/690/456
f 589/688/454 242/214/82 593/689/455
f 246/546/341 391/308/151 612/693/459
f 593/840/455 595/694/460 592/696/456
f 595/694/460 596/697/462 594/695/461
f 36/218/85 12/699/464 595/694/460
f 219/905/81 213/700/79 736/702/466
f 597/698/463 226/208/76 751/704/468
f 602/703/467 603/693/469 601/706/471
f 601/991/471 604/707/470 600/709/473
f 600/992/473 605/708/472 598/711/475
f 598/711/475 606/710/474 599/713/477
f 599/713/477 607/712/476 218/241/102
f 238/242/103 607/712/476 240/243/104
f 606/710/474 609/715/479 607/712/476
f 605/708/472 610/716/480 606/710/474
f 605/708/472 604/717/470 610/716/480
f 604/993/470 603/693/469 611/719/481
f 603/693/469 232/251/109 612/693/459
f 602/703/467 226/208/76 603/693/469
f 12/699/464 198/206/74 596/697/462
f 733/701/465 732/256/114 739/721/483
f 617/725/486 616/724/485 253/728/119
f 253/728/119 252/260/117 617/725/486
f 372/743/502 368/729/488 374/731/490
f 368/729/488 410/732/491 377/730/489
f 369/739/498 390/734/493 375/736/495
f 369/739/498 375/736/495 395/738/497
f 390/734/493 369/739/498 388/741/500
f 370/744/503 384/742/501 374/731/490
f 415/994/499 370/744/503 388/745/500
f 384/742/501 370/744/503 398/747/505
f 369/995/498 395/748/497 618/750/507
f 380/754/511 371/751/508 376/753/510
f 371/751/508 380/754/511 412/692/458
f 371/751/508 393/307/150 383/752/509
f 371/751/508 412/692/458 393/307/150
f 373/309/152 372/743/502 387/310/153
f 388/745/500 374/731/490 414/756/513
f 375/736/495 407/735/494 389/312/155
f 416/737/496 375/736/495 400/314/157
f 380/754/511 376/753/510 480/758/515
f 390/734/493 376/753/510 407/735/494
f 376/753/510 390/734/493 414/759/513
f 376/753/510 414/759/513 476/757/514
f 477/756/518 377/730/489 481/761/517
f 377/730/489 477/756/518 414/756/513
f 378/841/692 385/755/512 478/764/520
f 378/996/692 478/764/520 413/766/522
f 379/844/693 479/767/523 386/769/525
f 379/844/693 413/770/522 479/767/523
f 385/755/512 380/754/511 482/763/519
f 404/785/528 381/772/526 405/332/172
f 381/997/526 418/774/527 397/333/173
f 419/998/530 381/775/526 423/777/529
f 381/997/526 419/778/530 418/774/527
f 386/769/525 382/733/492 411/780/532
f 481/761/517 382/733/492 483/768/524
f 383/752/509 394/306/149 407/735/494
f 384/742/501 398/747/505 387/310/153
f 395/738/497 401/781/533 408/783/535
f 395/738/497 416/737/496 401/781/533
f 396/746/504 402/784/536 398/747/505
f 402/784/536 396/786/504 403/788/534
f 398/747/505 404/785/528 399/343/180
f 400/314/157 406/334/174 416/737/496
f 403/999/534 401/781/533 422/790/538
f 420/789/537 401/781/533 424/779/531
f 402/784/536 403/791/534 421/793/539
f 404/785/528 402/784/536 423/794/529
f 419/778/530 409/795/540 424/779/531
f 425/797/542 420/789/537 429/796/541
f 426/799/544 421/793/539 427/798/543
f 423/794/529 421/793/539 428/800/545
f 430/960/706 434/366/546 436/364/548
f 634/367/551 430/961/706 436/369/548
f 436/369/548 441/368/549 634/367/551
f 638/370/554 431/962/709 437/372/555
f 437/372/555 439/371/552 638/370/554
f 431/962/709 435/373/550 437/372/555
f 432/963/708 433/376/553 438/374/556
f 432/963/708 438/374/556 434/366/546
f 436/364/548 440/365/547 457/377/558
f 441/368/549 436/369/548 456/379/559
f 437/372/555 454/381/560 439/371/552
f 437/372/555 441/368/549 454/381/560
f 458/382/562 438/374/556 455/383/561
f 438/374/556 458/382/562 440/365/547
f 442/385/564 457/377/558 446/384/563
f 460/386/569 442/385/564 463/387/565
f 447/389/568 442/388/564 453/390/567
f 442/388/564 447/389/568 457/391/558
f 448/392/566 442/385/564 464/393/570
f 443/397/574 449/396/571 445/394/573
f 454/381/560 443/397/574 455/380/561
f 443/397/574 447/389/568 449/396/571
f 447/389/568 443/397/574 456/379/559
f 445/399/573 444/398/575 455/383/561
f 444/964/575 445/394/573 461/400/577
f 444/398/575 446/384/563 458/382/562
f 444/398/575 461/402/577 446/384/563
f 445/394/573 451/395/572 462/401/576
f 451/395/572 448/390/566 450/404/580
f 453/390/567 448/390/566 449/396/571
f 448/390/566 464/407/570 452/405/579
f 451/395/572 450/404/580 466/403/578
f 450/404/580 452/405/579 465/408/582
f 460/386/569 463/387/565 468/409/584
f 460/386/569 468/409/584 464/393/570
f 469/412/587 461/400/577 470/413/586
f 461/402/577 469/414/587 463/387/565
f 462/401/576 466/403/578 470/413/586
f 464/407/570 472/417/585 467/406/581
f 466/403/578 465/408/582 474/415/588
f 465/408/582 467/406/581 473/418/590
f 472/411/585 468/409/584 475/419/589
f 469/414/587 470/422/586 473/420/590
f 471/410/583 469/414/587 475/419/589
f 480/758/515 476/757/514 573/803/592
f 577/802/591 476/757/514 568/802/593
f 576/805/595 477/756/518 572/804/594
f 477/756/518 576/805/595 485/762/516
f 478/764/520 482/763/519 575/808/597
f 478/764/520 575/808/597 484/765/521
f 479/767/523 574/810/599 483/768/524
f 479/767/523 484/771/521 574/810/599
f 482/763/519 480/758/515 571/807/596
f 572/804/594 481/761/517 570/811/600
f 486/438/604 493/437/601 584/435/603
f 497/439/609 486/438/604 583/440/605
f 492/442/629 487/441/606 582/443/608
f 487/965/606 497/439/609 586/444/607
f 500/446/613 488/445/610 512/447/612
f 488/445/610 500/446/613 586/448/607
f 488/445/610 507/451/614 508/449/611
f 507/453/614 488/452/610 583/440/605
f 509/455/619 489/454/616 513/456/618
f 489/454/616 584/435/603 501/457/617
f 489/454/616 509/455/619 507/453/614
f 584/435/603 489/454/616 583/440/605
f 490/665/800 494/461/620 587/459/622
f 490/665/800 587/459/622 496/462/624
f 491/1000/628 580/813/625 495/815/627
f 580/818/625 491/816/628 579/818/623
f 494/461/620 492/442/629 581/460/621
f 578/436/602 493/437/601 585/469/626
f 510/471/636 498/470/630 514/472/632
f 502/473/631 498/470/630 581/460/621
f 498/470/630 527/475/633 506/474/635
f 587/459/622 498/470/630 579/463/623
f 498/470/630 510/471/636 527/475/633
f 499/480/641 526/479/638 503/477/640
f 580/481/625 499/480/641 585/469/626
f 526/479/638 499/480/641 541/482/634
f 499/1001/641 580/463/625 506/474/635
f 500/446/613 512/447/612 502/473/631
f 500/446/613 502/473/631 582/443/608
f 513/456/618 501/457/617 515/485/642
f 501/457/617 578/436/602 503/477/640
f 503/477/640 540/478/639 515/485/642
f 523/488/646 504/487/644 513/456/618
f 509/455/619 504/487/644 519/458/615
f 504/487/644 523/488/646 560/489/648
f 504/487/644 560/489/648 529/491/645
f 505/494/651 522/493/650 508/449/611
f 529/495/645 505/494/651 519/450/615
f 505/494/651 564/497/652 522/493/650
f 505/494/651 529/495/645 564/497/652
f 510/471/636 514/472/632 520/499/655
f 510/471/636 520/499/655 542/476/637
f 527/475/633 511/502/657 541/475/634
f 550/503/659 511/502/657 542/476/637
f 549/502/658 511/502/657 553/503/660
f 514/472/632 512/447/612 524/500/654
f 523/488/646 513/456/618 525/504/661
f 525/504/661 515/485/642 546/505/662
f 516/819/666 539/819/663 532/821/665
f 564/497/652 516/508/666 563/496/653
f 539/822/663 516/822/666 558/824/649
f 539/1002/663 517/825/667 537/826/664
f 533/513/668 517/511/667 559/490/647
f 560/489/648 517/511/667 558/492/649
f 518/515/672 548/514/669 526/479/638
f 518/515/672 526/479/638 549/515/658
f 518/515/672 551/514/670 548/514/669
f 551/514/670 518/515/672 553/514/660
f 520/499/655 524/500/654 562/516/674
f 520/499/655 528/519/675 544/501/656
f 520/499/655 562/516/674 528/519/675
f 545/522/681 521/521/678 546/505/662
f 521/521/678 566/524/679 525/504/661
f 528/1003/675 521/827/678 547/828/676
f 521/521/678 528/528/675 566/524/679
f 522/493/650 563/496/653 524/500/654
f 559/490/647 523/488/646 567/523/680
f 538/1004/685 530/829/682 536/831/684
f 534/532/683 530/529/682 565/517/673
f 562/516/674 530/529/682 561/520/677
f 531/832/687 538/832/685 535/834/686
f 566/524/679 531/535/687 567/523/680
f 538/535/685 531/535/687 561/524/677
f 532/821/665 537/820/664 534/830/683
f 563/496/653 532/506/665 565/517/673
f 537/826/664 533/826/668 536/833/684
f 533/513/668 559/490/647 535/533/686
f 540/478/639 548/514/669 543/486/643
f 550/503/659 542/476/637 554/538/688
f 546/505/662 543/486/643 556/539/689
f 544/501/656 547/518/676 554/538/688
f 555/540/691 545/522/681 556/539/689
f 545/522/681 555/540/691 547/522/676
f 550/836/659 554/835/688 553/836/660
f 551/839/670 555/837/691 552/839/671
f 555/835/691 551/836/670 557/835/690
f 107/943/457 36/218/85 593/840/455
f 378/841/692 611/719/481 612/693/459
f 612/693/459 412/692/458 385/755/512
f 379/844/693 610/716/480 413/843/522
f 611/842/481 378/1005/692 413/843/522
f 610/716/480 379/844/693 609/715/479
f 386/769/525 411/780/532 609/715/479
f 410/732/491 608/714/478 411/780/532
f 368/729/488 372/743/502 392/550/343
f 619/846/695 618/750/507 621/845/694
f 370/849/503 619/846/695 396/847/504
f 369/995/498 618/750/507 415/848/499
f 395/748/497 408/850/535 620/749/506
f 638/571/554 433/851/553 640/552/697
f 622/855/699 633/1006/707 635/1007/705
f 635/1007/705 636/1008/704 622/855/699
f 637/1009/701 639/853/698 622/855/699
f 640/854/697 641/1010/696 622/855/699
f 622/855/699 636/1008/704 637/1009/701
f 623/552/714 624/569/700 426/571/544
f 636/562/704 634/561/551 637/563/701
f 624/569/700 625/563/702 428/568/545
f 430/564/706 634/856/551 635/565/705
f 633/560/707 434/559/546 635/565/705
f 432/558/708 434/559/546 622/567/699
f 641/852/696 433/851/553 622/567/699
f 639/569/698 431/568/709 640/552/697
f 429/564/541 628/565/710 425/559/542
f 630/567/801 632/852/712 631/558/713
f 632/852/712 623/552/714 427/851/543
f 435/570/550 431/568/709 637/563/701
f 624/557/700 623/972/714 629/858/711
f 632/613/712 630/974/801 629/858/711
f 629/858/711 628/555/710 627/556/715
f 627/556/715 625/588/702 624/557/700
f 623/972/714 632/613/712 629/858/711
f 658/592/725 659/579/716 643/591/718
f 660/577/734 644/863/730 646/863/729
f 646/863/729 654/578/719 660/577/734
f 647/590/720 645/590/717 659/579/716
f 659/579/716 660/577/734 654/578/719
f 654/578/719 655/580/721 647/590/720
f 655/580/721 656/585/723 649/591/722
f 643/861/718 645/876/717 647/859/720
f 647/859/720 649/631/722 651/860/724
f 651/860/724 653/862/726 643/861/718
f 661/587/727 658/592/725 653/594/726
f 656/585/723 650/864/732 662/586/735
f 662/586/735 661/587/727 656/585/723
f 650/864/732 652/864/728 662/586/735
f 653/594/726 651/594/724 661/587/727
f 644/584/730 642/977/733 652/859/728
f 652/859/728 650/582/732 648/583/731
f 648/583/731 646/862/729 652/859/728
f 654/578/719 646/863/729 655/580/721
f 655/580/721 648/633/731 656/585/723
f 657/574/738 642/633/733 660/577/734
f 661/587/727 662/586/735 667/866/737
f 662/586/735 652/864/728 657/574/738
f 661/602/727 667/867/737 658/595/725
f 664/592/739 663/574/740 665/600/742
f 668/865/736 663/574/740 667/866/737
f 662/653/735 657/652/738 668/597/736
f 659/653/716 658/595/725 665/868/742
f 659/579/716 665/600/742 660/577/734
f 660/604/734 666/603/741 657/652/738
f 695/630/774 697/623/743 696/625/745
f 672/619/772 671/618/746 674/620/748
f 669/871/749 688/1011/768 690/1012/759
f 690/1012/759 692/1013/754 669/871/749
f 694/1014/753 696/869/745 669/871/749
f 698/870/744 700/1015/763 669/871/749
f 669/871/749 692/1013/754 694/1014/753
f 673/617/747 675/616/750 674/620/748
f 691/611/757 693/610/752 692/626/754
f 676/615/751 675/616/750 678/611/756
f 497/982/609 487/441/606 689/621/758
f 492/442/629 691/622/757 487/441/606
f 689/615/758 691/611/757 690/616/759
f 677/626/755 679/609/760 678/611/756
f 697/629/743 699/606/762 698/608/744
f 688/617/768 687/620/764 690/616/759
f 680/610/761 679/609/760 682/630/766
f 699/606/762 670/619/767 700/607/763
f 670/619/767 687/620/764 669/618/749
f 681/625/765 683/624/769 682/630/766
f 686/606/773 685/607/771 672/619/772
f 684/629/770 683/608/769 686/606/773
f 694/609/753 693/610/752 696/625/745
f 673/1016/747 671/1017/746 685/874/771
f 685/874/771 683/1018/769 681/872/765
f 681/872/765 679/1019/760 677/873/755
f 677/873/755 675/1020/750 673/1016/747
f 673/1016/747 685/874/771 677/873/755
f 702/633/784 717/574/775 704/637/777
f 719/642/779 703/646/789 705/646/835
f 713/641/778 706/637/836 718/875/776
f 719/642/779 705/646/835 713/641/778
f 704/637/777 718/875/776 706/637/836
f 706/637/836 713/641/778 708/633/781
f 708/633/781 714/580/780 710/634/783
f 702/862/784 704/584/777 706/977/836
f 706/977/836 708/859/781 702/862/784
f 710/582/783 712/583/785 702/862/784
f 720/635/786 717/574/775 712/634/785
f 715/636/782 709/877/787 721/647/791
f 721/647/791 720/635/786 715/636/782
f 709/877/787 711/877/794 721/647/791
f 712/634/785 710/634/783 720/635/786
f 703/860/789 701/862/790 711/861/794
f 711/861/794 709/876/787 703/860/789
f 707/639/788 705/631/835 703/860/789
f 705/646/835 707/591/788 713/641/778
f 707/591/788 709/877/787 714/580/780
f 716/592/795 701/591/790 719/642/779
f 720/635/786 721/647/791 726/599/793
f 721/647/791 711/877/794 716/592/795
f 720/653/786 726/597/793 717/878/775
f 722/592/799 725/651/797 723/574/796
f 727/600/792 722/592/799 726/599/793
f 721/979/791 716/601/795 727/605/792
f 718/604/776 717/878/775 724/603/798
f 718/875/776 724/879/798 719/642/779
f 719/602/779 725/880/797 716/601/795
f 575/808/597 571/807/596 676/882/751
f 682/886/766 572/804/594 680/883/761
f 570/811/600 574/810/599 680/883/761
f 569/812/598 678/884/756 574/810/599
f 575/808/597 676/882/751 569/809/598
f 684/887/770 576/805/595 682/886/766
f 576/805/595 684/887/770 568/806/593
f 672/889/772 577/802/591 686/888/773
f 573/803/592 577/802/591 672/889/772
f 674/881/748 571/807/596 573/803/592
f 695/673/774 693/666/752 490/665/800
f 494/461/620 693/666/752 492/442/629
f 670/667/767 486/438/604 687/668/764
f 497/439/609 689/987/758 687/668/764
f 486/438/604 670/667/767 493/437/601
f 699/672/762 495/669/627 670/667/767
f 697/671/743 491/670/628 699/672/762
f 491/988/628 697/890/743 496/462/624
f 695/673/774 490/665/800 496/462/624
f 626/892/703 409/1021/540 419/998/530
f 419/998/530 423/777/529 626/892/703
f 425/559/542 629/560/711 631/558/713
f 409/856/540 627/857/715 429/564/541
f 625/563/702 627/562/715 626/570/703
f 214/680/448 591/687/453 221/681/449
f 242/214/82 589/688/454 214/680/448
f 240/243/104 608/714/478 392/550/343
f 757/917/817 588/685/451 756/897/802
f 247/1022/111 730/898/88 738/255/113
f 737/903/804 740/899/803 225/901/75
f 222/902/86 219/905/81 737/903/804
f 213/700/79 216/906/78 733/701/465
f 744/910/809 22/907/805 745/909/806
f 747/910/815 30/907/807 749/909/808
f 743/912/811 744/910/809 746/911/810
f 2/914/344 22/907/805 743/912/811
f 746/911/810 742/913/812 743/912/811
f 745/909/806 260/908/135 746/911/810
f 749/909/808 750/911/813 747/910/815
f 749/909/808 261/908/181 750/911/813
f 38/914/138 30/907/807 748/912/814
f 741/913/139 38/914/138 750/911/813
f 755/915/816 756/916/802 594/695/461
f 601/1023/471 754/918/818 602/703/467
f 600/923/473 753/919/819 601/921/471
f 598/1024/475 752/922/820 600/923/473
f 757/938/817 756/925/802 765/927/822
f 761/934/826 753/928/819 760/930/823
f 751/941/468 762/931/824 597/933/463
f 762/931/824 761/934/826 763/932/825
f 761/934/826 760/930/823 764/926/821
f 760/930/823 752/929/820 759/937/828
f 590/1025/452 757/938/817 758/935/827
f 762/931/824 754/940/818 761/934/826
f 756/925/802 755/939/816 764/926/821
f 615/727/487 758/935/827 614/722/484
f 614/722/484 616/724/485 615/727/487
f 765/927/822 760/930/823 758/935/827
f 737/903/804 736/702/466 740/899/803
f 739/721/483 731/942/91 740/899/803
l 729 594
l 592 728
