v 0.124181 1.424358 0.132993
v 0.112249 1.185680 -0.134921
v 0.108035 1.172119 -0.005548
v 0.106889 1.484647 -0.096388
v 0.071023 1.327936 0.096180
v 0.119414 1.309806 0.053573
v 0.064540 1.186352 -0.178984
v 0.169337 1.425482 0.011355
v 0.181954 1.488835 0.154826
v 0.179835 1.628059 0.004863
v 0.158868 1.626809 0.093719
v 0.025226 1.912265 -0.113686
v 0.156843 1.477535 -0.030023
v 0.003700 0.875362 0.003267
v 0.177232 1.519103 0.152000
v 0.092339 1.442238 -0.106118
v 0.064221 1.165087 0.037445
v 0.175180 1.570366 -0.036873
v 0.161145 1.578950 0.129977
v 0.144607 1.294991 -0.009755
v 0.122082 1.327295 -0.080083
v 0.161509 1.022384 -0.141833
v 0.132092 1.069999 0.015524
v 0.048859 1.045549 0.040200
v 0.146822 0.872905 -0.048817
v 0.119938 0.969240 0.083983
v 0.190313 0.940500 0.033053
v 0.008988 0.916846 0.045806
v 0.069856 1.350021 -0.142760
v 0.174368 1.046502 -0.055730
v 0.104339 0.638374 0.172363
v 0.143234 1.450309 0.148204
v 0.126673 1.564305 0.143357
v 0.126031 1.561156 -0.084454
v 0.187879 1.638208 0.055772
v 0.027770 1.957111 -0.093576
v 0.192160 1.404881 0.082042
v 0.132160 1.187485 -0.078999
v 0.061636 1.015870 -0.205221
v 0.048415 0.879028 -0.144236
v 0.016244 0.809105 0.085330
v 0.165667 0.783491 0.021876
v 0.138312 0.877687 0.172808
v 0.199098 0.834075 0.081092
v 0.055708 0.866002 0.179590
v 0.074508 0.759894 -0.005673
v 0.195090 0.646648 0.147890
v 0.169136 0.705006 0.253342
v 0.211180 0.698430 0.225112
v 0.120429 0.690133 0.249584
v 0.146371 0.631806 0.144132
v 0.123688 0.483044 0.276715
v 0.222878 0.513247 0.216049
v 0.202435 0.474930 0.326853
v 0.243538 0.489637 0.302037
v 0.152801 0.472000 0.316572
v 0.173199 0.513238 0.204787
v 0.124952 0.428937 0.251713
v 0.222207 0.461112 0.212105
v 0.213995 0.420112 0.308098
v 0.258735 0.449588 0.267671
v 0.156280 0.407806 0.314579
v 0.158960 0.459341 0.185805
v 0.157900 0.090806 0.202390
v 0.211289 0.117562 0.159860
v 0.234135 0.135604 0.226997
v 0.242974 0.087785 0.171734
v 0.203392 0.131078 0.247425
v 0.168009 0.114933 0.162849
v 0.145412 0.006327 0.167035
v 0.201505 0.042800 0.125331
v 0.233556 0.003840 0.218801
v 0.231511 0.008890 0.133097
v 0.202371 0.001942 0.240062
v 0.157906 0.038401 0.128511
v 0.224449 0.261802 0.193548
v 0.252346 0.257454 0.229889
v 0.176978 0.260910 0.176028
v 0.152225 0.247474 0.218776
v 0.219079 0.242555 0.256224
v 0.176074 0.237188 0.260079
v 0.183513 0.064538 0.286862
v 0.242739 0.090346 0.268607
v 0.263940 0.051437 0.251781
v 0.208992 0.086357 0.279173
v 0.185598 0.002059 0.287412
v 0.246881 0.005539 0.268517
v 0.267713 0.006722 0.262094
v 0.212396 0.003581 0.279150
v 0.213870 0.032420 0.403455
v 0.287966 0.040682 0.395202
v 0.306438 0.019174 0.352177
v 0.257166 0.042393 0.408947
v 0.214319 0.004236 0.404000
v 0.289825 0.008589 0.395449
v 0.307321 0.009417 0.352178
v 0.258583 0.006833 0.409401
v 0.183493 1.410806 0.040383
v 0.197661 1.471559 0.159341
v 0.220834 1.588225 0.002198
v 0.213429 1.609736 0.088151
v 0.194391 1.451114 0.026063
v 0.205527 1.523582 0.153646
v 0.205174 1.515354 0.006577
v 0.204987 1.582304 0.129335
v 0.233467 1.606506 0.052575
v 0.029983 1.985997 -0.030099
v 0.205284 1.412357 0.105690
v 0.302824 1.283035 0.318730
v 0.379405 1.308651 0.321456
v 0.273331 1.287672 0.568622
v 0.258204 1.338295 0.575802
v 0.342525 1.380345 0.308501
v 0.291778 1.363739 0.315684
v 0.377267 1.329674 0.315964
v 0.289347 1.299203 0.330198
v 0.362304 1.359220 0.309284
v 0.284702 1.335676 0.322060
v 0.314348 1.377167 0.313256
v 0.348524 1.282472 0.320727
v 0.310929 1.326544 0.577932
v 0.294837 1.348815 0.581177
v 0.284842 1.292735 0.570856
v 0.265218 1.344725 0.578075
v 0.302626 1.311554 0.578150
v 0.282590 1.352003 0.582512
v 0.219561 1.346625 0.615044
v 0.205192 1.320050 0.619808
v 0.303915 1.342908 0.581025
v 0.258442 1.311085 0.574072
v 0.239295 1.287649 0.604161
v 0.231628 1.322867 0.595464
v 0.297835 1.336417 0.620906
v 0.301432 1.410607 0.673892
v 0.255142 1.296935 0.610194
v 0.241344 1.341599 0.608999
v 0.283104 1.318196 0.618915
v 0.262727 1.366481 0.620394
v 0.176017 1.403418 0.682248
v 0.191824 1.418760 0.678845
v 0.296010 1.417749 0.673438
v 0.221253 1.313913 0.598788
v 0.279071 1.340478 0.646984
v 0.265598 1.369641 0.653293
v 0.219088 1.311546 0.634051
v 0.240384 1.345890 0.636100
v 0.263949 1.315943 0.645756
v 0.255595 1.358144 0.651150
v 0.286964 1.382910 0.617043
v 0.296588 1.368469 0.618630
v 0.273232 1.363695 0.660946
v 0.210835 1.345367 0.612494
v 0.218521 1.388871 0.722074
v 0.234615 1.397958 0.726172
v 0.189124 1.404983 0.708196
v 0.204467 1.424243 0.707063
v 0.200252 1.398983 0.723131
v 0.222183 1.415033 0.727874
v 0.209493 1.410008 0.732946
v 0.192311 1.417630 0.715225
v 0.230737 1.394651 0.733854
v 0.178574 1.416482 0.678451
v 0.279263 1.382378 0.614840
v 0.295530 1.378386 0.616362
v 0.297845 1.366125 0.635114
v 0.272883 1.383859 0.632554
v 0.285373 1.365549 0.643848
v 0.272622 1.378730 0.648321
v 0.266745 1.378697 0.642350
v 0.276754 1.375057 0.652294
v 0.290343 1.416091 0.673016
v 0.299641 1.415427 0.673475
v 0.298089 1.406812 0.679550
v 0.292186 1.413989 0.680645
v 0.287400 1.414042 0.677157
v 0.295398 1.411559 0.681678
v 0.294512 1.401679 0.681419
v 0.284309 1.408821 0.682827
v 0.284239 1.410014 0.678127
v 0.287380 1.405592 0.684714
v 0.194934 1.385131 0.643580
v 0.222426 1.385067 0.671581
v 0.206444 1.386029 0.645403
v 0.252452 1.359844 0.706025
v 0.239407 1.348017 0.693736
v 0.194879 1.359924 0.671945
v 0.187164 1.366766 0.649152
v 0.214155 1.350952 0.690977
v 0.255267 1.363237 0.698016
v 0.244270 1.374950 0.693351
v 0.244318 1.345648 0.141025
v 0.315859 1.441343 0.095100
v 0.291227 1.442987 0.159800
v 0.272256 1.392784 0.055900
v 0.268603 1.416831 0.185921
v 0.247579 1.361570 0.065720
v 0.309276 1.450820 0.119784
v 0.022150 1.853256 -0.116272
v 0.293261 1.420695 0.056574
v 0.247127 1.391936 0.192686
v 0.023419 1.828572 0.107484
v 0.228428 1.342904 0.078124
v 0.263396 1.303379 0.540125
v 0.278962 1.356773 0.528034
v 0.265103 1.344636 0.530201
v 0.313835 1.348578 0.526237
v 0.326537 1.330402 0.529597
v 0.303857 1.296284 0.541546
v 0.269378 1.295248 0.541432
v 0.259043 1.326321 0.536236
v 0.328973 1.316053 0.532651
v 0.300266 1.360189 0.521765
v 0.111910 1.905362 0.047437
v 0.029785 1.958321 0.078185
v 0.075859 1.964914 0.036892
v 0.100181 1.892589 0.089176
v 0.070352 1.940483 0.080713
v 0.003780 1.556435 0.124375
v 0.118464 1.914740 -0.018441
v 0.078078 1.967814 -0.027664
v 0.026691 1.895774 0.090127
v 0.113013 1.889128 -0.082275
v 0.074470 1.938992 -0.091124
v 0.056436 1.905858 -0.113130
v 0.080415 1.850486 -0.117109
v 0.014846 1.705743 -0.092622
v 0.088275 1.671855 0.095245
v 0.064795 1.622337 0.140766
v 0.104888 1.694178 0.028480
v 0.107089 1.702395 -0.040791
v 0.074484 1.706534 -0.089683
v 0.014283 1.608624 -0.130334
v 0.107068 1.602323 -0.100804
v 0.164561 1.658711 0.013893
v 0.146827 1.658559 0.075380
v 0.127333 1.621385 0.129250
v 0.045156 1.486380 0.134641
v 0.002093 1.476024 0.122577
v 0.066989 1.482978 0.137938
v 0.001503 1.465206 0.120675
v 0.127809 1.607574 0.125540
v 0.030560 1.982970 0.034422
v 0.144540 1.648615 0.077436
v 0.164512 1.648052 0.005923
v 0.105552 1.590461 -0.091458
v 0.013079 1.597852 -0.124830
v 0.093295 1.823681 0.108801
v 0.083660 1.838747 0.114158
v 0.087100 1.885863 0.106037
v 0.097370 1.861604 0.109908
v 0.047548 1.841282 0.114198
v 0.050859 1.888003 0.106311
v 0.038940 1.865400 0.110328
v 0.044268 1.873744 0.158948
v 0.054357 1.892876 0.155547
v 0.093726 1.870547 0.158581
v 0.085033 1.891065 0.155315
v 0.051554 1.853329 0.162224
v 0.082231 1.851518 0.161991
v 0.118753 1.013941 -0.167287
v 0.168594 1.033407 -0.096621
v 0.193805 0.549932 0.336060
v 0.182300 0.644957 0.281797
v 0.138637 0.632375 0.278421
v 0.113564 0.609231 0.248353
v 0.093628 0.662636 0.216049
v 0.123421 0.586684 0.209433
v 0.160014 0.580261 0.184114
v 0.204850 0.592880 0.187673
v 0.229156 0.617445 0.217641
v 0.221930 0.674258 0.181433
v 0.219733 0.639139 0.256617
v 0.149341 0.541812 0.331147
v 0.132119 0.500602 0.230037
v 0.123226 0.547056 0.297160
v 0.130807 0.559763 0.255072
v 0.167703 0.567717 0.230816
v 0.251953 0.504646 0.255069
v 0.212089 0.557959 0.234455
v 0.238374 0.563025 0.271721
v 0.230446 0.560971 0.306559
v 0.209709 0.608893 0.290593
v 0.126095 0.591451 0.284748
v 0.218177 0.568257 0.290719
v 0.134564 0.550815 0.284875
v 0.224836 0.548333 0.254918
v 0.141223 0.530891 0.249074
v 0.223027 0.569045 0.218991
v 0.139413 0.551603 0.213147
v 0.214558 0.609681 0.218865
v 0.130945 0.592238 0.213020
v 0.207899 0.629605 0.254666
v 0.124286 0.612162 0.248821
v 0.183261 0.539660 0.252012
v 0.181451 0.560372 0.216085
v 0.172983 0.601008 0.215959
v 0.183715 0.603471 0.288776
v 0.152553 0.596970 0.286598
v 0.161021 0.556334 0.286724
v 0.192183 0.562835 0.288902
v 0.150743 0.617682 0.250671
v 0.181905 0.624183 0.252849
v 0.175598 0.627750 0.332403
v 0.144440 0.621250 0.330225
v 0.158593 0.547723 0.347180
v 0.189752 0.554223 0.349358
v 0.137646 0.672755 0.273700
v 0.168805 0.679255 0.275878
v 0.307142 1.295116 0.239227
v 0.297981 1.294338 0.289829
v 0.325133 1.274484 0.157731
v 0.301099 1.299672 0.110328
v 0.356308 1.286196 0.147702
v 0.340917 1.307790 0.107149
v 0.376108 1.312292 0.153306
v 0.358942 1.341027 0.109275
v 0.371770 1.339536 0.173164
v 0.359761 1.365281 0.137290
v 0.340161 1.357992 0.189571
v 0.337152 1.371952 0.166744
v 0.306546 1.348101 0.194006
v 0.303163 1.358237 0.178455
v 0.292909 1.314288 0.190454
v 0.278009 1.331863 0.165961
v 0.298457 1.287457 0.178467
v 0.276804 1.307978 0.137369
v 0.332874 1.278421 0.294428
v 0.338547 1.280791 0.243365
v 0.368890 1.292012 0.297600
v 0.370963 1.293023 0.246220
v 0.384933 1.327149 0.297487
v 0.385402 1.324648 0.246119
v 0.371604 1.363249 0.294155
v 0.373405 1.357139 0.243120
v 0.336711 1.379166 0.289557
v 0.342001 1.371464 0.238981
v 0.300694 1.365575 0.286385
v 0.309584 1.359232 0.236127
v 0.284652 1.330438 0.286498
v 0.295145 1.327607 0.236228
v 0.310620 1.282701 0.214796
v 0.372173 1.304444 0.211174
v 0.307531 1.296197 0.243312
v 0.369084 1.317940 0.239691
v 0.297125 1.326047 0.245677
v 0.358679 1.347790 0.242055
v 0.289809 1.342401 0.219525
v 0.351363 1.364144 0.215904
v 0.292899 1.328905 0.191009
v 0.354452 1.350648 0.187387
v 0.303304 1.299054 0.188644
v 0.364858 1.320798 0.185022
v 0.327731 1.336858 0.243876
v 0.320416 1.353212 0.217724
v 0.323505 1.339716 0.189208
v 0.329756 1.289460 0.213670
v 0.352696 1.297564 0.212320
v 0.349607 1.311060 0.240837
v 0.326667 1.302956 0.242186
v 0.345381 1.313918 0.186168
v 0.322440 1.305814 0.187518
v 0.342437 1.253086 0.210788
v 0.365375 1.261188 0.209438
v 0.363932 1.274772 0.266455
v 0.340994 1.266669 0.267804
v 0.355318 1.280596 0.155036
v 0.332380 1.272494 0.156385
v -0.112731 1.408264 0.094222
v -0.132999 1.201766 -0.131208
v -0.133614 1.180418 -0.003702
v -0.104304 1.513526 -0.151578
v -0.071655 1.323935 0.080361
v -0.001554 1.325850 0.101402
v -0.121681 1.308438 0.031383
v -0.084558 1.199549 -0.176321
v -0.185910 1.460045 -0.101635
v -0.157710 1.457937 0.072408
v -0.159717 1.653773 -0.043700
v -0.157833 1.633447 0.049257
v -0.164305 1.524165 -0.120959
v -0.049033 0.869597 -0.008786
v -0.157449 1.488563 0.076819
v -0.095205 1.462644 -0.157611
v -0.088811 1.170075 0.038299
v -0.158678 1.608895 -0.098300
v -0.161039 1.571879 0.074652
v -0.010871 1.161887 0.038403
v -0.150850 1.298177 -0.038392
v -0.010389 1.200586 -0.176907
v -0.129645 1.335416 -0.112140
v 0.012245 1.589118 -0.126745
v 0.002408 1.402413 0.117920
v 0.004326 1.505933 -0.141905
v 0.000887 1.458106 -0.147813
v -0.178032 1.040660 -0.179280
v -0.182365 1.058448 -0.009097
v -0.020263 0.879397 -0.032616
v -0.096294 1.046907 0.028070
v -0.018660 1.030183 0.029401
v -0.011505 1.038309 -0.216512
v -0.171631 0.881444 -0.140498
v -0.180636 0.924683 0.022420
v -0.235948 0.917491 -0.053114
v -0.062758 0.908349 0.033893
v -0.024929 0.894132 0.029614
v -0.011226 0.911957 -0.153158
v -0.077986 1.357753 -0.161170
v -0.207583 1.049267 -0.094953
v -0.162532 0.583224 -0.024291
v -0.129809 1.430292 0.105445
v -0.129644 1.552067 0.101607
v -0.101906 1.591588 -0.129470
v -0.178638 1.657012 0.005587
v -0.186300 1.400064 -0.016644
v -0.154068 1.198552 -0.080736
v -0.081974 1.031409 -0.217623
v -0.003712 1.362938 -0.160254
v -0.065568 0.886007 -0.177078
v -0.070873 0.769696 -0.005087
v -0.198892 0.776162 -0.118488
v -0.211259 0.804791 0.058794
v -0.247639 0.801030 -0.053772
v -0.132002 0.790054 0.084319
v -0.103483 0.758409 -0.126142
v -0.246073 0.602267 -0.063662
v -0.247566 0.615222 0.058931
v -0.281932 0.620943 0.021595
v -0.198346 0.601765 0.060952
v -0.196961 0.589018 -0.061603
v -0.169363 0.409432 -0.005020
v -0.272795 0.439520 -0.059618
v -0.243993 0.365056 0.030180
v -0.287473 0.379268 0.008084
v -0.194990 0.377435 0.024606
v -0.224701 0.454460 -0.064501
v -0.157640 0.370771 -0.048860
v -0.259767 0.393736 -0.082106
v -0.241986 0.321048 -0.008871
v -0.292478 0.353475 -0.038936
v -0.183003 0.320199 -0.002178
v -0.197932 0.416451 -0.100963
v -0.107722 0.080736 -0.228077
v -0.166940 0.110344 -0.260845
v -0.193466 0.094649 -0.194454
v -0.189490 0.071990 -0.265843
v -0.161416 0.090727 -0.176620
v -0.123179 0.115327 -0.256167
v -0.079706 0.007517 -0.279195
v -0.134550 0.045104 -0.320497
v -0.176453 -0.007069 -0.238703
v -0.160357 0.007880 -0.324106
v -0.149385 -0.009225 -0.212547
v -0.092089 0.045055 -0.311696
v -0.214241 0.222798 -0.175815
v -0.240289 0.198430 -0.146737
v -0.167935 0.239360 -0.187761
v -0.140688 0.215929 -0.151303
v -0.204424 0.182050 -0.125113
v -0.161385 0.185194 -0.119561
v -0.138901 0.052650 -0.163465
v -0.192753 0.076870 -0.192604
v -0.211660 0.041300 -0.213191
v -0.161635 0.072505 -0.175782
v -0.144618 -0.006533 -0.160455
v -0.200677 -0.002384 -0.191516
v -0.219734 -0.000974 -0.202075
v -0.169132 -0.004719 -0.174037
v -0.194696 0.029657 -0.053828
v -0.265287 0.039372 -0.077262
v -0.275403 0.016432 -0.122276
v -0.237855 0.040933 -0.057627
v -0.196182 0.001546 -0.052296
v -0.268223 0.007378 -0.076157
v -0.276591 0.006710 -0.122078
v -0.240514 0.005474 -0.056097
v -0.201192 1.442511 -0.086004
v -0.173278 1.440825 0.063061
v -0.219790 1.630769 -0.055435
v -0.208642 1.620568 0.038678
v -0.211828 1.492319 -0.084566
v -0.181513 1.495783 0.074104
v -0.218130 1.562196 -0.074740
v -0.189213 1.569445 0.068892
v -0.230288 1.632627 0.002449
v -0.198866 1.406283 -0.006066
v -0.324391 1.282345 0.161910
v -0.398955 1.313186 0.157747
v -0.304817 1.444449 0.371500
v -0.247187 1.440490 0.367902
v -0.362019 1.362020 0.103720
v -0.311321 1.346772 0.113714
v -0.396948 1.327495 0.141379
v -0.308915 1.300632 0.161115
v -0.382150 1.346916 0.118028
v -0.304311 1.326113 0.133773
v -0.333568 1.359004 0.106568
v -0.369340 1.287745 0.168484
v -0.268063 1.471363 0.323548
v -0.235923 1.463677 0.332372
v -0.302929 1.452686 0.359900
v -0.240783 1.445119 0.360344
v -0.282398 1.467915 0.337243
v -0.231239 1.456846 0.344456
v -0.231374 1.457537 0.424894
v -0.257803 1.459175 0.440279
v -0.243599 1.469853 0.325633
v -0.274949 1.441437 0.376492
v -0.290056 1.465074 0.409191
v -0.254342 1.449868 0.404090
v -0.231807 1.499392 0.356669
v -0.129806 1.496154 0.421491
v -0.281203 1.477036 0.394480
v -0.235351 1.463986 0.395343
v -0.258054 1.494919 0.370175
v -0.203280 1.470217 0.391301
v -0.172448 1.483482 0.497537
v -0.156302 1.485704 0.482332
v -0.127622 1.489189 0.426719
v -0.261486 1.449614 0.417749
v -0.209329 1.509138 0.397319
v -0.187331 1.488504 0.418781
v -0.261969 1.480912 0.433880
v -0.229551 1.486016 0.418069
v -0.238224 1.512193 0.402559
v -0.203728 1.489014 0.420386
v -0.181689 1.471149 0.373620
v -0.189443 1.483859 0.364930
v -0.188036 1.501762 0.416795
v -0.233475 1.451090 0.431613
v -0.176830 1.540938 0.480686
v -0.165721 1.550786 0.468939
v -0.165851 1.511783 0.499283
v -0.145561 1.515025 0.485664
v -0.168498 1.531049 0.497115
v -0.149871 1.543111 0.480725
v -0.155314 1.542044 0.494188
v -0.152064 1.517132 0.500203
v -0.168234 1.555993 0.476119
v -0.159891 1.479225 0.493559
v -0.186023 1.466326 0.377184
v -0.181387 1.477385 0.365884
v -0.182729 1.496662 0.377979
v -0.179524 1.472764 0.398941
v -0.183195 1.495353 0.395842
v -0.177484 1.483614 0.413225
v -0.182716 1.477308 0.412108
v -0.176928 1.490361 0.412287
v -0.132352 1.487160 0.429641
v -0.127252 1.492268 0.423726
v -0.133363 1.500517 0.426581
v -0.131068 1.494338 0.433224
v -0.134688 1.489700 0.433896
v -0.130793 1.497946 0.431174
v -0.138990 1.503000 0.428776
v -0.139192 1.495005 0.438426
v -0.139431 1.491148 0.435498
v -0.139413 1.499573 0.436846
v -0.194249 1.463082 0.461536
v -0.187556 1.500520 0.451866
v -0.191979 1.470161 0.452516
v -0.201810 1.545882 0.445496
v -0.215637 1.532104 0.449609
v -0.214937 1.491627 0.475580
v -0.211772 1.466997 0.470849
v -0.217997 1.518858 0.468414
v -0.199216 1.538373 0.440023
v -0.191722 1.529946 0.445104
v -0.250968 1.351808 -0.026740
v -0.317085 1.458044 0.009476
v -0.273829 1.427593 0.054165
v -0.297166 1.434721 -0.060203
v -0.249091 1.391596 0.054423
v -0.276518 1.402716 -0.075186
v -0.301621 1.454153 0.031571
v -0.311565 1.458829 -0.039413
v -0.230587 1.366013 0.038706
v -0.258208 1.380156 -0.080672
v -0.251747 1.413185 0.331021
v -0.265291 1.455127 0.289474
v -0.251709 1.443646 0.297444
v -0.303506 1.451410 0.297859
v -0.316573 1.439162 0.312454
v -0.293382 1.414494 0.339108
v -0.258370 1.407668 0.337789
v -0.246409 1.430423 0.313258
v -0.319422 1.429279 0.323286
v -0.289751 1.457201 0.286001
v -0.058033 1.914136 0.049369
v -0.016290 1.969672 0.037939
v -0.046738 1.900174 0.090846
v -0.012336 1.944752 0.081653
v -0.065078 1.924216 -0.016355
v -0.019661 1.972860 -0.026554
v -0.063745 1.898220 -0.080347
v -0.020479 1.943894 -0.090044
v -0.007709 1.909194 -0.112359
v -0.036086 1.856625 -0.115660
v -0.069533 1.675184 0.091766
v -0.057052 1.621522 0.135647
v -0.078048 1.701564 0.026234
v -0.076390 1.711644 -0.042873
v -0.043034 1.713004 -0.089649
v -0.072699 1.625117 -0.127642
v -0.142776 1.677192 -0.020872
v -0.138879 1.665963 0.044155
v -0.131100 1.618422 0.097478
v -0.040841 1.479263 0.119144
v -0.061525 1.472927 0.115816
v -0.131398 1.604116 0.089960
v -0.138309 1.655651 0.043054
v -0.142178 1.668571 -0.032140
v -0.074798 1.613302 -0.121948
v -0.049090 1.830712 0.110174
v -0.051096 1.845542 0.114884
v -0.048853 1.892827 0.106698
v 0.024217 1.842487 0.114464
v 0.026542 1.889258 0.106588
v -0.181752 1.203814 -0.154659
v -0.181487 1.190547 -0.006312
v -0.216243 1.046810 -0.168341
v -0.219713 1.062230 -0.011114
v -0.253141 0.430120 0.066569
v -0.261817 0.547925 0.058679
v -0.216724 0.537200 0.059906
v -0.183052 0.530221 0.027981
v -0.163286 0.588839 0.026537
v -0.184752 0.524097 -0.016268
v -0.214476 0.529795 -0.049985
v -0.260489 0.537959 -0.050704
v -0.292335 0.548964 -0.019741
v -0.281314 0.615577 -0.029185
v -0.293021 0.553751 0.025598
v -0.208163 0.434105 0.064517
v -0.181749 0.441681 -0.041963
v -0.184035 0.458382 0.038223
v -0.194071 0.485005 0.003564
v -0.231164 0.494480 -0.019752
v -0.299092 0.409694 -0.029701
v -0.270004 0.478834 -0.026711
v -0.298477 0.460475 0.007766
v -0.290206 0.446864 0.037552
v -0.277625 0.501305 0.043263
v -0.192080 0.498521 0.045241
v -0.278313 0.465389 0.022464
v -0.192768 0.462606 0.024442
v -0.277353 0.465416 -0.019034
v -0.191808 0.462632 -0.017056
v -0.275705 0.501358 -0.039733
v -0.190160 0.498575 -0.037755
v -0.275017 0.537274 -0.018934
v -0.189472 0.534490 -0.016956
v -0.275977 0.537247 0.022564
v -0.190432 0.534464 0.024542
v -0.234817 0.464032 -0.018051
v -0.233169 0.499974 -0.038750
v -0.232481 0.535890 -0.017950
v -0.251030 0.500439 0.043878
v -0.219149 0.499402 0.044615
v -0.219837 0.463486 0.023816
v -0.251718 0.464524 0.023079
v -0.217501 0.535344 0.023916
v -0.249382 0.536382 0.023179
v -0.252199 0.500407 0.094447
v -0.220321 0.499369 0.095184
v -0.222170 0.426158 0.072149
v -0.254049 0.427195 0.071412
v -0.217410 0.572611 0.072354
v -0.249288 0.573648 0.071617
v -0.339556 1.249687 0.089876
v -0.323338 1.275560 0.131262
v -0.342553 1.286726 -0.026245
v -0.321037 1.332226 -0.050907
v -0.372973 1.304236 -0.023978
v -0.353971 1.351324 -0.043360
v -0.387043 1.319620 0.003486
v -0.369505 1.367371 -0.011846
v -0.377214 1.329702 0.033506
v -0.358598 1.371374 0.024655
v -0.348542 1.334988 0.049633
v -0.327635 1.361531 0.044546
v -0.318802 1.309666 0.046980
v -0.294610 1.342836 0.037339
v -0.302409 1.298808 0.030742
v -0.279045 1.326828 0.005982
v -0.313440 1.281588 -0.002947
v -0.289950 1.321431 -0.029888
v -0.357716 1.268450 0.147376
v -0.370496 1.243288 0.104379
v -0.392466 1.285267 0.146130
v -0.401774 1.258424 0.103258
v -0.407234 1.316160 0.128254
v -0.415065 1.286229 0.087169
v -0.393368 1.343031 0.104220
v -0.402585 1.310414 0.065537
v -0.358991 1.350141 0.088106
v -0.371645 1.316813 0.051034
v -0.324241 1.333324 0.089352
v -0.340368 1.301677 0.052156
v -0.309473 1.302431 0.107228
v -0.327076 1.273873 0.068245
v -0.327038 1.265760 0.050456
v -0.387832 1.287241 0.039624
v -0.330879 1.270571 0.081552
v -0.391673 1.292052 0.070720
v -0.323261 1.298568 0.094320
v -0.384056 1.320049 0.083488
v -0.311802 1.321755 0.075991
v -0.372597 1.343236 0.065159
v -0.307962 1.316945 0.044894
v -0.368756 1.338426 0.034062
v -0.315579 1.288947 0.032127
v -0.376374 1.310428 0.021295
v -0.353490 1.309249 0.088934
v -0.342031 1.332436 0.070605
v -0.338190 1.327626 0.039508
v -0.345938 1.272439 0.047088
v -0.368595 1.280444 0.043051
v -0.372436 1.285254 0.074148
v -0.349779 1.277249 0.078185
v -0.357137 1.303631 0.024722
v -0.334479 1.295625 0.028759
v -0.355222 1.238322 0.031529
v -0.377877 1.246326 0.027493
v -0.389258 1.243072 0.084915
v -0.366603 1.235067 0.088952
v -0.358076 1.280525 -0.015818
v -0.335421 1.272520 -0.011782
v -0.065078 1.924216 -0.016355
v -0.063748 1.898179 -0.080448
v 0.111113 1.850665 0.058203
v 0.116797 1.838844 -0.002896
v 0.135239 1.883624 0.105435
v 0.136377 1.905127 0.049634
v 0.112229 1.827257 -0.069235
v 0.079049 1.821888 -0.110797
v 0.137226 1.915440 -0.012640
v 0.134100 1.889735 -0.076512
v 0.133583 1.849489 0.112271
v 0.133175 1.850528 0.059884
v 0.130827 1.827648 -0.064227
v 0.122104 1.185316 -0.117804
v 0.084183 1.184371 -0.159493
v 0.124448 1.185241 -0.153195
v 0.170862 1.023419 -0.154766
v 0.134387 1.016927 -0.186358
v 0.096858 1.184751 -0.178758
v 0.192840 1.051926 -0.059339
v 0.149359 1.191851 -0.084348
v 0.186839 1.039311 -0.099933
v 0.139798 1.189000 -0.121665
v -0.037543 1.827499 -0.109932
v -0.061869 1.859940 0.060008
v -0.070453 1.848734 -0.001315
v -0.068335 1.836573 -0.067833
v -0.066099 1.866580 -0.073874
v -0.068202 1.880389 -0.007776
v -0.059538 1.892925 0.053428
v -0.060194 1.900838 0.089583
v -0.063093 1.832336 0.107991
v -0.075323 1.860668 0.058685
v -0.083908 1.849444 -0.002698
v -0.081795 1.837183 -0.069198
v -0.079551 1.867311 -0.075020
v -0.081657 1.881022 -0.008817
v -0.072994 1.893589 0.052165
v -0.246679 1.351255 0.064972
v -0.276906 1.357087 0.068567
v -0.220932 1.527408 0.396274
v -0.159006 1.515459 0.388909
v -0.222143 1.504289 0.022996
v -0.252370 1.510122 0.026591
v -0.206639 1.584595 0.316094
v -0.169049 1.577343 0.311624
v -0.203205 1.641333 0.360493
v -0.141278 1.629384 0.353129
v -0.174993 1.620667 0.631272
v -0.113066 1.608718 0.623908
v -0.161910 1.702628 0.608300
v -0.099983 1.690679 0.600936
v -0.144030 1.614693 0.627590
v -0.130947 1.696654 0.604618
v -0.104703 1.661062 0.609305
v -0.166630 1.673011 0.616670
v -0.099759 1.733282 1.050422
v -0.049948 1.723671 1.044498
v -0.070152 1.752383 1.039880
v -0.062920 1.797832 1.026952
v -0.046277 1.775294 1.029993
v -0.085521 1.782866 1.034660
v -0.177721 1.603004 0.636993
v -0.115794 1.591055 0.629629
v -0.150297 1.574956 0.639366
v -0.077700 1.710722 1.052330
v -0.030615 1.814051 1.257856
v -0.025187 1.848158 1.248155
v -0.012698 1.831245 1.250437
v -0.042148 1.836927 1.253939
v -0.050724 1.817931 1.260247
v -0.027691 1.818471 1.275270
v -0.022264 1.852578 1.265568
v -0.010085 1.833729 1.268382
v -0.039535 1.839411 1.271884
v -0.045296 1.852038 1.250546
v -0.062257 1.840807 1.256330
v -0.047800 1.822351 1.277662
v -0.042373 1.856458 1.267960
v -0.059644 1.843291 1.274275
v -0.010484 1.810315 1.255424
v -0.005057 1.844422 1.245723
v 0.007433 1.827508 1.248004
v -0.007560 1.814735 1.272838
v -0.002133 1.848842 1.263136
v 0.010046 1.829993 1.265949
v -0.102496 1.686967 0.585833
v -0.164422 1.698916 0.593198
v -0.189683 1.638723 0.358885
v -0.154801 1.631993 0.354737
v -0.116018 1.689576 0.587442
v -0.150900 1.696307 0.591590
v -0.179940 1.673186 0.384898
v -0.145058 1.666456 0.380750
v -0.111810 1.715818 0.580247
v -0.146692 1.722548 0.584395
v -0.149818 1.534111 0.435909
v -0.211744 1.546060 0.443273
v -0.174288 1.518408 0.390727
v -0.205650 1.524460 0.394456
v -0.196462 1.543111 0.441456
v -0.165100 1.537060 0.437727
v -0.198867 1.435370 0.370944
v -0.218427 1.439144 0.373270
v -0.217252 1.416740 0.419508
v -0.197691 1.412966 0.417182
v -0.203764 1.509191 0.435093
v -0.172402 1.503139 0.431363
v -0.185442 1.536149 0.465928
v -0.172063 1.533567 0.464337
v -0.192744 1.502228 0.459565
v -0.179365 1.499646 0.457974
vt 0.233223 0.485046
vt 0.233680 0.485202
vt 0.179828 0.488899
vt 0.239197 0.479373
vt 0.214722 0.655552
vt 0.190778 0.627255
vt 0.017621 0.221534
vt 0.009764 0.221505
vt 0.015927 0.188908
vt 0.190269 0.627043
vt 0.213882 0.655204
vt 0.238787 0.479203
vt 0.099709 0.223593
vt 0.108488 0.223619
vt 0.098543 0.018783
vt 0.195425 0.482265
vt 0.212989 0.482329
vt 0.213920 0.628024
vt 0.183405 0.632386
vt 0.173668 0.660172
vt 0.210244 0.659498
vt 0.211181 0.659817
vt 0.174605 0.660491
vt 0.183974 0.632579
vt 0.199676 0.800625
vt 0.199676 0.998662
vt 0.229714 0.999166
vt 0.027054 0.368219
vt 0.016962 0.359246
vt 0.037231 0.359323
vt 0.038771 0.571329
vt 0.031087 0.769034
vt 0.016688 0.768257
vt 0.160161 0.883237
vt 0.185029 0.882930
vt 0.160510 0.909493
vt 0.185726 0.935442
vt 0.160859 0.935749
vt 0.046212 0.768320
vt 0.032460 0.768947
vt 0.025882 0.572279
vt 0.230905 0.999461
vt 0.199676 0.998894
vt 0.199676 0.800990
vt 0.028524 0.561602
vt 0.013534 0.561425
vt 0.011361 0.379726
vt 0.210635 0.500621
vt 0.218871 0.500248
vt 0.204802 0.500806
vt 0.237817 0.373773
vt 0.235861 0.296055
vt 0.274133 0.323788
vt 0.101947 0.616359
vt 0.099848 0.754527
vt 0.114858 0.754739
vt 0.042284 0.561516
vt 0.031336 0.379962
vt 0.197492 0.323389
vt 0.207818 0.403156
vt 0.084242 0.616570
vt 0.086562 0.754685
vt 0.268133 0.402638
vt 0.240350 0.801187
vt 0.230321 0.800784
vt 0.074472 0.430621
vt 0.081645 0.627925
vt 0.094246 0.627715
vt 0.211572 0.500941
vt 0.237104 0.207031
vt 0.255785 0.246285
vt 0.237001 0.280879
vt 0.218314 0.246141
vt 0.262688 0.207440
vt 0.281369 0.246694
vt 0.023832 0.290985
vt 0.030119 0.290670
vt 0.030590 0.290764
vt 0.211415 0.280782
vt 0.192727 0.246044
vt 0.211518 0.206933
vt 0.102094 0.742635
vt 0.102056 0.752842
vt 0.110981 0.753013
vt 0.044924 0.747764
vt 0.044827 0.758062
vt 0.036687 0.758150
vt 0.040650 0.290554
vt 0.031583 0.291004
vt 0.031180 0.290907
vt 0.090504 0.752807
vt 0.024706 0.291177
vt 0.036734 0.747827
vt 0.025002 0.758106
vt 0.070962 0.752896
vt 0.078956 0.752774
vt 0.078994 0.742568
vt 0.013322 0.758063
vt 0.004349 0.757909
vt 0.004446 0.747612
vt 0.090542 0.742601
vt 0.262586 0.281288
vt 0.039777 0.290362
vt 0.013369 0.747739
vt 0.025049 0.747782
vt 0.009105 0.359217
vt 0.045089 0.359353
vt 0.037890 0.221611
vt 0.160206 0.982772
vt 0.160363 0.948104
vt 0.186080 0.948244
vt 0.038476 0.241620
vt 0.037911 0.359679
vt 0.017642 0.359602
vt 0.178795 0.834566
vt 0.160897 0.835060
vt 0.160697 0.692022
vt 0.018207 0.241543
vt 0.160212 0.691738
vt 0.160412 0.834776
vt 0.178310 0.834282
vt 0.231802 0.801149
vt 0.241830 0.801552
vt 0.097459 0.627992
vt 0.110887 0.628293
vt 0.115523 0.431012
vt 0.099764 0.252235
vt 0.108544 0.252261
vt 0.073192 0.366723
vt 0.081748 0.252181
vt 0.214823 0.800366
vt 0.215336 0.800517
vt 0.215850 0.800668
vt 0.184329 0.788037
vt 0.224082 0.795957
vt 0.238478 0.682150
vt 0.223940 0.796377
vt 0.195012 0.796839
vt 0.185663 0.788456
vt 0.072968 0.252155
vt 0.081692 0.223539
vt 0.083277 0.198688
vt 0.094514 0.198722
vt 0.082378 0.220233
vt 0.093615 0.220266
vt 0.228419 0.553931
vt 0.205091 0.519327
vt 0.223658 0.520720
vt 0.099022 0.243247
vt 0.205485 0.519017
vt 0.228665 0.553737
vt 0.224052 0.520410
vt 0.081005 0.243193
vt 0.085841 0.256273
vt 0.093527 0.256296
vt 0.213507 0.694966
vt 0.223919 0.686963
vt 0.223717 0.686894
vt 0.191014 0.481276
vt 0.204545 0.481874
vt 0.212954 0.499273
vt 0.193756 0.516814
vt 0.192695 0.503725
vt 0.204030 0.506238
vt 0.204424 0.505927
vt 0.192863 0.503592
vt 0.193924 0.516682
vt 0.179370 0.488743
vt 0.190438 0.481685
vt 0.037768 0.188991
vt 0.045748 0.221641
vt 0.190028 0.481515
vt 0.081178 0.018732
vt 0.072912 0.223513
vt 0.192078 0.627944
vt 0.045045 0.368287
vt 0.009062 0.368150
vt 0.016051 0.570051
vt 0.046212 0.571237
vt 0.204334 0.500646
vt 0.121947 0.616641
vt 0.049672 0.379846
vt 0.092789 0.430360
vt 0.205271 0.500966
vt 0.024303 0.291080
vt 0.111068 0.742832
vt 0.040247 0.290457
vt 0.071049 0.742715
vt 0.185924 0.982912
vt 0.178563 0.667718
vt 0.178078 0.667433
vt 0.096003 0.430637
vt 0.108768 0.366828
vt 0.242077 0.653698
vt 0.185506 0.652728
vt 0.184264 0.796814
vt 0.193677 0.796420
vt 0.186841 0.653148
vt 0.241936 0.654117
vt 0.238336 0.682569
vt 0.185599 0.797234
vt 0.207037 0.554129
vt 0.207283 0.553935
vt 0.213305 0.694897
vt 0.181237 0.497872
vt 0.425781 0.910156
vt 0.390625 0.910156
vt 0.425781 0.832031
vt 0.804688 0.925781
vt 0.828125 0.906250
vt 0.835938 0.921875
vt 0.808594 0.957031
vt 0.839844 0.957031
vt 0.785156 0.964844
vt 0.808594 0.980469
vt 0.398438 0.988281
vt 0.398438 0.964844
vt 0.425781 0.968750
vt 0.371094 0.964844
vt 0.378906 0.937500
vt 0.406250 0.937500
vt 0.397932 0.887413
vt 0.397922 0.833024
vt 0.417936 0.840942
vt 0.417945 0.887319
vt 0.439569 0.845461
vt 0.371094 0.906250
vt 0.371094 0.843750
vt 0.390625 0.839844
vt 0.390625 0.894531
vt 0.386719 0.761719
vt 0.373047 0.839844
vt 0.337891 0.808594
vt 0.843750 0.828125
vt 0.875000 0.804688
vt 0.874070 0.826304
vt 0.839844 0.796875
vt 0.871094 0.769531
vt 0.828125 0.761719
vt 0.808594 0.695312
vt 0.785156 0.738281
vt 0.785156 0.695312
vt 0.785156 0.691406
vt 0.824219 0.691406
vt 0.871094 0.761719
vt 0.875000 0.800781
vt 0.335938 0.812500
vt 0.332031 0.832031
vt 0.332031 0.828125
vt 0.335938 0.804688
vt 0.425781 0.761719
vt 0.828125 0.851562
vt 0.835938 0.878906
vt 0.414062 0.042969
vt 0.433594 0.031250
vt 0.433594 0.058594
vt 0.406250 0.031250
vt 0.382812 0.031250
vt 0.414062 0.015625
vt 0.382812 0.058594
vt 0.410156 0.058594
vt 0.414062 0.070312
vt 0.304688 0.082031
vt 0.324219 0.082031
vt 0.324219 0.109375
vt 0.277344 0.082031
vt 0.277344 0.109375
vt 0.257812 0.109375
vt 0.347656 0.082031
vt 0.347656 0.109375
vt 0.304688 0.109375
vt 0.234375 0.082031
vt 0.234375 0.109375
vt 0.207031 0.109375
vt 0.257812 0.082031
vt 0.390625 0.074219
vt 0.421875 0.074219
vt 0.433594 0.097656
vt 0.425781 0.121094
vt 0.390625 0.121094
vt 0.851562 0.660156
vt 0.824219 0.621094
vt 0.851562 0.621094
vt 0.875000 0.683594
vt 0.878906 0.699219
vt 0.863281 0.667969
vt 0.382812 0.574219
vt 0.386719 0.640625
vt 0.359375 0.644531
vt 0.351562 0.500000
vt 0.386719 0.492188
vt 0.343750 0.660156
vt 0.339844 0.609375
vt 0.347656 0.589844
vt 0.828125 0.535156
vt 0.855469 0.554688
vt 0.867188 0.578125
vt 0.863281 0.628906
vt 0.835938 0.472656
vt 0.371094 0.707031
vt 0.343750 0.722656
vt 0.339844 0.691406
vt 0.371094 0.746094
vt 0.339844 0.757812
vt 0.382812 0.683594
vt 0.425781 0.687500
vt 0.425781 0.707031
vt 0.425781 0.753906
vt 0.785156 0.621094
vt 0.785156 0.535156
vt 0.878906 0.679688
vt 0.425781 0.574219
vt 0.425781 0.648438
vt 0.425781 0.500000
vt 0.324219 0.707031
vt 0.332031 0.687500
vt 0.332031 0.683594
vt 0.328125 0.687500
vt 0.894531 0.699219
vt 0.882812 0.683594
vt 0.304688 0.777344
vt 0.312500 0.742188
vt 0.316406 0.804595
vt 0.289985 0.790508
vt 0.882812 0.746094
vt 0.902344 0.742188
vt 0.914062 0.777344
vt 0.920325 0.789868
vt 0.896887 0.801587
vt 0.796875 0.406250
vt 0.804688 0.410156
vt 0.785156 0.406250
vt 0.425781 0.453125
vt 0.425781 0.441406
vt 0.398438 0.425781
vt 0.800195 0.407617
vt 0.804102 0.368555
vt 0.843164 0.341211
vt 0.395027 0.428572
vt 0.387215 0.373884
vt 0.402840 0.401228
vt 0.867188 0.734375
vt 0.785156 0.464844
vt 0.324219 0.519531
vt 0.310685 0.459584
vt 0.339844 0.433594
vt 0.871094 0.414062
vt 0.878906 0.492188
vt 0.901359 0.441037
vt 0.308594 0.460938
vt 0.308594 0.398438
vt 0.335938 0.382812
vt 0.390625 0.371094
vt 0.878906 0.351562
vt 0.902344 0.398438
vt 0.902344 0.441406
vt 0.839844 0.339844
vt 0.363777 0.291853
vt 0.320312 0.289062
vt 0.343750 0.285156
vt 0.890625 0.277344
vt 0.905296 0.293584
vt 0.863281 0.273438
vt 0.746094 0.277344
vt 0.769531 0.257812
vt 0.761719 0.296875
vt 0.585938 0.253906
vt 0.601562 0.214844
vt 0.589844 0.222656
vt 0.656250 0.261719
vt 0.664062 0.246094
vt 0.636719 0.222656
vt 0.605469 0.250000
vt 0.800781 0.273438
vt 0.824219 0.300781
vt 0.812500 0.312500
vt 0.769531 0.191406
vt 0.785156 0.179688
vt 0.625000 0.132812
vt 0.667969 0.148438
vt 0.652344 0.136719
vt 0.808594 0.187500
vt 0.828125 0.203125
vt 0.808594 0.125000
vt 0.781250 0.109375
vt 0.808594 0.074219
vt 0.824219 0.085938
vt 0.625000 0.070312
vt 0.625000 0.066406
vt 0.621094 0.023438
vt 0.609375 0.140625
vt 0.773438 0.074219
vt 0.808594 0.039062
vt 0.667969 0.054688
vt 0.664062 0.011719
vt 0.648438 0.023438
vt 0.652344 0.066406
vt 0.824219 0.132812
vt 0.828125 0.121094
vt 0.679688 0.085938
vt 0.687500 0.058594
vt 0.839844 0.093750
vt 0.691406 0.039062
vt 0.671875 0.031250
vt 0.656250 0.035156
vt 0.664062 0.046875
vt 0.652344 0.050781
vt 0.679688 0.042969
vt 0.835938 0.019531
vt 0.863281 0.027344
vt 0.835938 0.007812
vt 0.718750 0.089844
vt 0.726562 0.070312
vt 0.878906 0.027344
vt 0.726562 0.066406
vt 0.703125 0.082031
vt 0.675781 0.082031
vt 0.718750 0.074219
vt 0.863281 0.007812
vt 0.878906 0.015625
vt 0.882812 0.027344
vt 0.882812 0.031250
vt 0.304688 0.660156
vt 0.316406 0.644531
vt 0.894531 0.652344
vt 0.910156 0.664062
vt 0.898438 0.671875
vt 0.273438 0.683594
vt 0.285156 0.671875
vt 0.290354 0.790139
vt 0.267717 0.689376
vt 0.925781 0.679688
vt 0.941406 0.695312
vt 0.950800 0.701575
vt 0.609375 0.441406
vt 0.601562 0.441406
vt 0.566406 0.542969
vt 0.574219 0.550781
vt 0.601562 0.562500
vt 0.621094 0.449219
vt 0.953125 0.617188
vt 0.941406 0.613281
vt 0.968750 0.511719
vt 0.628906 0.464844
vt 0.980469 0.496094
vt 0.972656 0.492188
vt 0.976562 0.468750
vt 0.972656 0.515625
vt 0.984375 0.468750
vt 0.984375 0.476562
vt 0.972656 0.496094
vt 0.636719 0.441406
vt 0.628906 0.429688
vt 0.617188 0.417969
vt 0.632812 0.410156
vt 0.621094 0.402344
vt 0.613281 0.425781
vt 0.640625 0.406250
vt 0.945312 0.503906
vt 0.957031 0.507812
vt 0.925781 0.605469
vt 0.902344 0.589844
vt 0.933594 0.503906
vt 0.556143 0.551945
vt 0.587393 0.446477
vt 0.587393 0.454289
vt 0.895986 0.594914
vt 0.935049 0.505070
vt 0.585938 0.445312
vt 0.945312 0.484375
vt 0.945312 0.460938
vt 0.960938 0.464844
vt 0.957031 0.484375
vt 0.937500 0.484375
vt 0.925781 0.468750
vt 0.933594 0.460938
vt 0.601562 0.425781
vt 0.585938 0.406250
vt 0.582031 0.406250
vt 0.589844 0.433594
vt 0.585938 0.453125
vt 0.582031 0.410156
vt 0.589844 0.437500
vt 0.585938 0.460938
vt 0.605469 0.402344
vt 0.585938 0.398438
vt 0.640625 0.394531
vt 0.625000 0.390625
vt 0.640625 0.367188
vt 0.628906 0.363281
vt 0.644531 0.394531
vt 0.648438 0.371094
vt 0.980469 0.453125
vt 0.988281 0.457031
vt 0.988281 0.460938
vt 0.980469 0.429688
vt 0.992188 0.433594
vt 0.992188 0.437500
vt 0.945312 0.453125
vt 0.964844 0.449219
vt 0.933594 0.457031
vt 0.906250 0.449219
vt 0.910156 0.445312
vt 0.609375 0.390625
vt 0.589844 0.394531
vt 0.980469 0.402344
vt 0.976562 0.398438
vt 0.992188 0.410156
vt 0.991226 0.410733
vt 0.991226 0.438077
vt 0.644531 0.343750
vt 0.648438 0.343750
vt 0.632812 0.335938
vt 0.566406 0.375000
vt 0.562500 0.382812
vt 0.957031 0.429688
vt 0.964844 0.425781
vt 0.933594 0.453125
vt 0.937500 0.449219
vt 0.945312 0.429688
vt 0.601562 0.390625
vt 0.585938 0.390625
vt 0.613281 0.363281
vt 0.605469 0.367188
vt 0.601757 0.391401
vt 0.590038 0.391401
vt 0.586132 0.391401
vt 0.589844 0.390625
vt 0.960938 0.406250
vt 0.953125 0.402344
vt 0.964844 0.394531
vt 0.968750 0.398438
vt 0.617188 0.332031
vt 0.621094 0.335938
vt 0.609375 0.339844
vt 0.632422 0.336886
vt 0.620703 0.336886
vt 0.914062 0.445312
vt 0.570312 0.375000
vt 0.570312 0.371094
vt 0.910932 0.446865
vt 0.914838 0.446865
vt 0.567182 0.376552
vt 0.571088 0.376552
vt 0.571088 0.372646
vt 0.425781 0.757812
vt 0.898438 0.804688
vt 0.878906 0.816406
vt 0.870737 0.823474
vt 0.785156 0.660156
vt 0.351562 0.585938
vt 0.453125 0.203125
vt 0.421875 0.203125
vt 0.421875 0.250000
vt 0.921875 0.109375
vt 0.921875 0.136719
vt 0.871094 0.160156
vt 0.386719 0.250000
vt 0.351562 0.250000
vt 0.351562 0.203125
vt 0.554688 0.250000
vt 0.554688 0.203125
vt 0.523438 0.203125
vt 0.320312 0.250000
vt 0.320312 0.203125
vt 0.289062 0.203125
vt 0.386719 0.203125
vt 0.488281 0.250000
vt 0.488281 0.203125
vt 0.523438 0.250000
vt 0.453125 0.250000
vt 0.898438 0.089844
vt 0.851562 0.113281
vt 0.707031 0.167969
vt 0.691406 0.167969
vt 0.691406 0.148438
vt 0.707031 0.148438
vt 0.718750 0.148438
vt 0.730469 0.148438
vt 0.718750 0.167969
vt 0.691406 0.199219
vt 0.867188 0.093750
vt 0.910156 0.093750
vt 0.910156 0.156250
vt 0.718750 0.199219
vt 0.707031 0.199219
vt 0.730469 0.199219
vt 0.902344 0.160156
vt 0.867188 0.160156
vt 0.750000 0.148438
vt 0.750000 0.167969
vt 0.730469 0.167969
vt 0.707031 0.210938
vt 0.750000 0.199219
vt 0.945312 0.125000
vt 0.984375 0.125000
vt 0.968750 0.179688
vt 0.707031 0.171875
vt 0.707031 0.117188
vt 0.730469 0.117188
vt 0.953125 0.125000
vt 0.933594 0.101562
vt 0.968750 0.078125
vt 0.933594 0.105469
vt 0.968750 0.175781
vt 0.511719 0.128906
vt 0.511719 0.191406
vt 0.554688 0.191406
vt 0.300781 0.191406
vt 0.300781 0.128906
vt 0.343750 0.128906
vt 0.878906 0.160156
vt 0.855469 0.109375
vt 0.902344 0.093750
vt 0.386719 0.128906
vt 0.386719 0.191406
vt 0.425781 0.191406
vt 0.468750 0.191406
vt 0.468750 0.128906
vt 0.425781 0.128906
vt 0.941406 0.632812
vt 0.941406 0.621094
vt 0.218750 0.128906
vt 0.218750 0.191406
vt 0.257812 0.191406
vt 0.343750 0.191406
vt 0.507812 0.128906
vt 0.507812 0.191406
vt 0.554688 0.128906
vt 0.257812 0.128906
vt 0.871094 0.093750
vt 0.705078 0.167969
vt 0.687500 0.167969
vt 0.687500 0.144531
vt 0.707031 0.144531
vt 0.718750 0.144531
vt 0.687500 0.195312
vt 0.929688 0.125000
vt 0.855469 0.125000
vt 0.705078 0.195312
vt 0.718750 0.195312
vt 0.730469 0.195312
vt 0.910156 0.152344
vt 0.871094 0.097656
vt 0.910156 0.097656
vt 0.750000 0.195312
vt 0.730469 0.144531
vt 0.705078 0.218750
vt 0.945312 0.128906
vt 0.984375 0.128906
vt 0.730469 0.218750
vt 0.949219 0.125000
vt 0.933594 0.152344
vt 0.250000 0.636719
vt 0.265625 0.625000
vt 0.921875 0.644531
vt 0.945312 0.648438
vt 0.944460 0.650685
vt 0.963294 0.664838
vt 0.252276 0.644531
vt 0.252276 0.636719
vt 0.910156 0.648438
vt 0.285156 0.621094
vt 0.304688 0.625000
vt 0.914062 0.593750
vt 0.925781 0.613281
vt 0.562500 0.562500
vt 0.582031 0.566406
vt 0.554688 0.550781
vt 0.550781 0.562500
vt 0.550781 0.574219
vt 0.550781 0.566406
vt 0.906250 0.609375
vt 0.853613 0.288672
vt 0.332037 0.323155
vt 0.310039 0.383766
vt 0.317618 0.321988
vt 0.301618 0.319625
vt 0.289062 0.250000
vt 0.785156 0.937500
vt 0.785156 0.906250
vt 0.363281 0.070312
vt 0.363281 0.015625
vt 0.785156 0.851562
vt 0.738281 0.921875
vt 0.742188 0.906250
vt 0.761719 0.925781
vt 0.757812 0.957031
vt 0.757812 0.980469
vt 0.734375 0.957031
vt 0.785156 0.988281
vt 0.476562 0.746094
vt 0.460938 0.761719
vt 0.449219 0.964844
vt 0.468750 0.937500
vt 0.476562 0.964844
vt 0.441406 0.937500
vt 0.457031 0.910156
vt 0.425781 0.941406
vt 0.464844 0.089844
vt 0.472656 0.078125
vt 0.507812 0.085938
vt 0.457031 0.839844
vt 0.457031 0.894531
vt 0.508789 0.811523
vt 0.473633 0.842773
vt 0.692969 0.825781
vt 0.691406 0.804688
vt 0.728027 0.827734
vt 0.695312 0.769531
vt 0.734375 0.796875
vt 0.757812 0.695312
vt 0.742188 0.761719
vt 0.746094 0.691406
vt 0.695312 0.761719
vt 0.691406 0.800781
vt 0.691406 0.828125
vt 0.691406 0.820312
vt 0.511719 0.804688
vt 0.742188 0.851562
vt 0.468750 0.031250
vt 0.316406 0.031250
vt 0.316406 0.015625
vt 0.363281 0.031250
vt 0.363281 0.058594
vt 0.316406 0.070312
vt 0.316406 0.058594
vt 0.371094 0.042969
vt 0.722656 0.660156
vt 0.691406 0.683594
vt 0.722656 0.621094
vt 0.703125 0.667969
vt 0.687500 0.699219
vt 0.492188 0.644531
vt 0.460938 0.640625
vt 0.464844 0.574219
vt 0.460938 0.492188
vt 0.515625 0.507812
vt 0.496094 0.585938
vt 0.507812 0.609375
vt 0.503906 0.660156
vt 0.742188 0.535156
vt 0.746094 0.621094
vt 0.718750 0.554688
vt 0.703125 0.628906
vt 0.687500 0.492188
vt 0.738281 0.472656
vt 0.570312 0.875000
vt 0.578125 0.894531
vt 0.578125 0.960938
vt 0.476562 0.707031
vt 0.464844 0.683594
vt 0.507812 0.691406
vt 0.503906 0.722656
vt 0.507812 0.757812
vt 0.687500 0.679688
vt 0.515625 0.683594
vt 0.523438 0.707031
vt 0.515625 0.687500
vt 0.519531 0.687500
vt 0.675781 0.699219
vt 0.683594 0.683594
vt 0.539062 0.742188
vt 0.546875 0.777344
vt 0.553478 0.782892
vt 0.530785 0.793867
vt 0.656250 0.777344
vt 0.667969 0.742188
vt 0.683594 0.746094
vt 0.673735 0.802130
vt 0.646392 0.790411
vt 0.773438 0.406250
vt 0.785156 0.417969
vt 0.449219 0.425781
vt 0.769824 0.408301
vt 0.758105 0.412207
vt 0.730762 0.341895
vt 0.441406 0.398438
vt 0.457031 0.371094
vt 0.699219 0.734375
vt 0.507812 0.433594
vt 0.540450 0.459465
vt 0.528731 0.525871
vt 0.695312 0.414062
vt 0.761719 0.410156
vt 0.687623 0.490896
vt 0.677873 0.511011
vt 0.669937 0.438084
vt 0.511719 0.382812
vt 0.542969 0.398438
vt 0.667969 0.441406
vt 0.667969 0.398438
vt 0.687500 0.351562
vt 0.734375 0.339844
vt 0.480469 0.289062
vt 0.503906 0.285156
vt 0.527344 0.289062
vt 0.660156 0.292969
vt 0.679688 0.277344
vt 0.703125 0.273438
vt 0.656250 0.269531
vt 0.531250 0.644531
vt 0.546875 0.660156
vt 0.660156 0.664062
vt 0.675781 0.652344
vt 0.671875 0.671875
vt 0.562500 0.671875
vt 0.574219 0.683594
vt 0.579241 0.690631
vt 0.628906 0.695312
vt 0.640625 0.679688
vt 0.621094 0.703125
vt 0.587199 0.453901
vt 0.587199 0.446089
vt 0.555949 0.551557
vt 0.895792 0.594526
vt 0.903605 0.590620
vt 0.934855 0.504682
vt 0.992249 0.413140
vt 0.976624 0.401421
vt 0.980530 0.405327
vt 0.991034 0.410925
vt 0.991034 0.434363
vt 0.991034 0.438269
vt 0.644593 0.346734
vt 0.632874 0.338921
vt 0.601911 0.391264
vt 0.586286 0.391264
vt 0.960999 0.409234
vt 0.968812 0.401421
vt 0.964905 0.397515
vt 0.609437 0.342827
vt 0.621155 0.338921
vt 0.617249 0.335015
vt 0.914818 0.447250
vt 0.910912 0.447250
vt 0.571068 0.373031
vt 0.571068 0.376938
vt 0.567162 0.376938
vt 0.449219 0.988281
vt 0.519531 0.792969
vt 0.692871 0.817871
vt 0.673340 0.802246
vt 0.683594 0.785156
vt 0.660156 0.894531
vt 0.660156 0.960938
vt 0.671875 0.875000
vt 0.613281 0.976562
vt 0.671875 0.976562
vt 0.625000 0.875000
vt 0.417969 0.250000
vt 0.417969 0.203125
vt 0.922044 0.138781
vt 0.902110 0.159299
vt 0.853821 0.139690
vt 0.285156 0.250000
vt 0.285156 0.203125
vt 0.902344 0.089844
vt 0.851562 0.125000
vt 0.906250 0.093750
vt 0.906250 0.156250
vt 0.925781 0.125000
vt 0.687500 0.148438
vt 0.687500 0.199219
vt 0.707031 0.214844
vt 0.730469 0.214844
vt 0.964844 0.078125
vt 0.964844 0.179688
vt 0.854986 0.111660
vt 0.874616 0.092765
vt 0.920811 0.112863
vt 0.855093 0.109129
vt 0.873533 0.155963
vt 0.902002 0.090727
vt 0.707031 0.195312
vt 0.871094 0.156250
vt 0.750000 0.144531
vt 0.953125 0.128906
vt 0.707031 0.218750
vt 0.968750 0.074219
vt 0.582031 0.625000
vt 0.601562 0.636719
vt 0.625000 0.648438
vt 0.609375 0.664062
vt 0.598772 0.643756
vt 0.644531 0.644531
vt 0.660156 0.648438
vt 0.546875 0.625000
vt 0.562500 0.621094
vt 0.894531 0.613281
vt 0.699512 0.275488
vt 0.717676 0.280762
vt 0.506209 0.312505
vt 0.525320 0.313083
vt 0.536221 0.396876
vt 0.547578 0.308909
vt 0.734375 0.929688
vt 0.472656 0.015625
vt 0.542969 0.031250
vt 0.578125 0.031250
vt 0.582031 0.074219
vt 0.550781 0.085938
vt 0.535156 0.082031
vt 0.542969 0.019531
vt 0.507812 0.097656
vt 0.433594 0.082031
vt 0.500000 0.878906
vt 0.531250 0.878906
vt 0.523438 0.886719
vt 0.507812 0.886719
vt 0.523438 0.960938
vt 0.507812 0.960938
vt 0.531250 0.968750
vt 0.500000 0.968750
vt 0.468750 0.917969
vt 0.476562 0.941406
vt 0.738281 0.914062
vt 0.476562 0.906250
vt 0.419355 0.886266
vt 0.439865 0.886307
vt 0.439704 0.846325
vt 0.400874 0.886169
vt 0.419199 0.842001
vt 0.738281 0.878906
vt 0.242188 0.066406
vt 0.238281 0.058594
vt 0.277344 0.058594
vt 0.238281 0.027344
vt 0.269531 0.027344
vt 0.277344 0.035156
vt 0.210938 0.035156
vt 0.210938 0.058594
vt 0.175781 0.058594
vt 0.238281 0.035156
vt 0.304688 0.058594
vt 0.296875 0.019531
vt 0.304688 0.035156
vt 0.277344 0.066406
vt 0.214844 0.066406
vt 0.199219 0.027344
vt 0.175781 0.035156
vt 0.507812 0.023438
vt 0.425781 0.996094
vt 0.439577 0.887355
vt 0.838914 0.853647
vt 0.207031 0.082031
vt 0.382812 0.097656
vt 0.371094 0.578125
vt 0.328125 0.792969
vt 0.327202 0.792354
vt 0.882812 0.785156
vt 0.410156 0.457031
vt 0.808008 0.411523
vt 0.406746 0.459822
vt 0.332031 0.507812
vt 0.318498 0.525990
vt 0.893547 0.515256
vt 0.340340 0.287947
vt 0.900498 0.398622
vt 0.746094 0.304688
vt 0.585938 0.261719
vt 0.632812 0.253906
vt 0.792969 0.296875
vt 0.667969 0.093750
vt 0.609375 0.574219
vt 0.552236 0.563664
vt 0.903799 0.591008
vt 0.991226 0.434170
vt 0.616797 0.332980
vt 0.870737 0.796131
vt 0.894531 0.515625
vt 0.855469 0.136719
vt 0.851562 0.136719
vt 0.871094 0.089844
vt 0.921875 0.113281
vt 0.898438 0.160156
vt 0.867188 0.156250
vt 0.730469 0.210938
vt 0.933594 0.148438
vt 0.933594 0.144531
vt 0.878906 0.093750
vt 0.941406 0.625000
vt 0.921875 0.140625
vt 0.855469 0.140625
vt 0.898438 0.093750
vt 0.871094 0.152344
vt 0.601562 0.578125
vt 0.894531 0.593750
vt 0.843848 0.304297
vt 0.873145 0.276953
vt 0.725684 0.844922
vt 0.730469 0.828125
vt 0.511719 0.812500
vt 0.699219 0.578125
vt 0.570312 0.976562
vt 0.524182 0.788318
vt 0.437500 0.457031
vt 0.762012 0.369238
vt 0.542969 0.460938
vt 0.552042 0.563276
vt 0.937500 0.492188
vt 0.648499 0.346734
vt 0.590193 0.391264
vt 0.953187 0.405327
vt 0.688965 0.813965
vt 0.853752 0.111050
vt 0.873686 0.090532
vt 0.901945 0.090156
vt 0.921975 0.110141
vt 0.873852 0.159675
vt 0.920316 0.140084
vt 0.900686 0.158979
vt 0.873421 0.158480
vt 0.854491 0.138880
vt 0.901881 0.093263
vt 0.920442 0.137561
vt 0.920937 0.110332
vt 0.874729 0.090228
vt 0.854598 0.136357
vt 0.900806 0.156462
vt 0.731445 0.306348
vt 0.445312 0.007812
vt 0.476562 0.843750
vt 0.400694 0.834267
vt 0.300781 0.066406
vn -0.159700 -0.237200 -0.958200
vn -0.961900 0.272300 0.022800
vn 0.025000 0.615100 -0.788000
vn 0.972100 -0.104600 -0.210100
vn -0.112300 -0.873700 0.473300
vn 0.151600 0.951200 -0.268600
vn 0.918800 -0.241100 -0.312500
vn -0.988200 0.126900 -0.085700
vn 0.988800 -0.101200 -0.109900
vn 0.153100 0.953400 -0.259900
vn 0.793300 0.550700 -0.259700
vn 0.160900 0.244600 0.956200
vn -0.573200 0.813000 -0.102400
vn -0.946800 0.304800 0.103600
vn 0.793100 0.550500 -0.260500
vn -0.148300 -0.259400 -0.954300
vn 0.148800 0.258300 0.954500
vn -0.877400 -0.395900 0.271100
vn -0.570700 0.816400 -0.088400
vn 0.176300 0.251900 0.951600
vn 0.705900 -0.704800 0.071400
vn 0.148000 0.257800 0.954800
vn 0.978400 -0.182500 -0.097000
vn 0.460500 -0.864100 0.203100
vn -0.177300 -0.253800 -0.950900
vn 0.160500 0.246300 0.955800
vn 0.161800 0.246100 0.955600
vn 0.161100 0.245700 0.955900
vn -0.161500 -0.248100 -0.955200
vn 0.161300 0.246800 0.955600
vn -0.858400 -0.444000 0.256800
vn -0.610900 0.791400 -0.020600
vn -0.160900 -0.244900 -0.956100
vn -0.151900 -0.951600 0.267000
vn 0.151900 0.951600 -0.267100
vn 0.669700 -0.738900 0.075100
vn 0.837000 0.512100 -0.192800
vn -0.144700 -0.953000 0.266200
vn -0.161000 -0.244900 -0.956100
vn 0.144700 0.953000 -0.266200
vn 0.152800 0.953100 -0.261300
vn 0.159700 0.237100 0.958300
vn -0.975300 0.188200 0.116000
vn 0.020300 0.598700 -0.800700
vn 0.975300 -0.188200 -0.116000
vn -0.973900 0.190400 0.123600
vn -0.688100 -0.644700 0.332900
vn 0.175900 0.252500 0.951500
vn -0.130000 -0.912600 0.387600
vn 0.039300 0.776400 -0.629000
vn -0.066700 0.249900 -0.966000
vn -0.219900 -0.880100 -0.420800
vn -0.987800 0.124900 0.092800
vn 0.082400 -0.177300 0.980700
vn 0.958100 -0.250600 -0.138600
vn -0.207000 -0.961600 -0.180400
vn 0.077600 -0.199900 0.976700
vn 0.207000 0.961600 0.180400
vn -0.894000 0.111000 0.434100
vn 0.945600 -0.243900 0.215400
vn -0.976800 0.185800 0.106500
vn 0.972700 -0.191700 -0.130400
vn 0.978300 -0.183300 -0.096700
vn 0.153100 0.953400 -0.259800
vn -0.973900 0.190100 0.123700
vn -0.166500 -0.280500 -0.945300
vn -0.161400 -0.248100 -0.955200
vn 0.161200 0.246800 0.955600
vn -0.889700 -0.416500 0.187200
vn -0.574500 0.811200 -0.109500
vn -0.151900 -0.951600 0.267100
vn 0.692200 -0.721700 -0.000900
vn 0.791300 0.547600 -0.271900
vn -0.987700 0.129300 0.087800
vn 0.958500 -0.246200 -0.143700
vn -0.015000 -0.049800 -0.998600
vn 0.358300 -0.021900 -0.933300
vn 0.045100 0.080900 -0.995700
vn 0.395500 0.517800 0.758500
vn 0.205800 0.829200 0.519600
vn 0.426600 0.856700 0.289700
vn 0.583100 0.768500 0.263100
vn 0.478000 0.866500 -0.144000
vn 0.052700 0.964000 0.260400
vn 0.589400 0.791800 -0.159900
vn 0.523400 0.585000 -0.619500
vn 0.023000 0.735200 -0.677400
vn 0.423200 0.605600 -0.673800
vn 0.243800 0.250900 -0.936800
vn 0.627800 -0.768800 0.121400
vn 0.762700 0.364200 0.534500
vn 0.872200 0.448200 0.195600
vn 0.666700 -0.730200 0.149300
vn 0.918200 0.204400 -0.339200
vn 0.558400 -0.823700 -0.098300
vn 0.469500 0.015300 -0.882800
vn 0.445300 -0.230100 -0.865300
vn 0.609600 -0.174300 -0.773200
vn 0.922100 0.386800 -0.006100
vn 0.785600 0.467400 0.405400
vn 0.600400 0.221700 0.768400
vn -0.042900 0.186600 0.981500
vn -0.171800 -0.089600 0.981000
vn -0.091600 -0.006900 0.995800
vn -0.168400 -0.097700 0.980800
vn -0.159900 -0.100700 0.982000
vn -0.171300 0.012300 0.985100
vn 0.454100 0.177100 0.873100
vn 0.862300 0.296500 0.410400
vn 0.783000 0.484800 -0.389700
vn 0.135500 -0.073700 -0.988000
vn 0.585800 -0.138700 -0.798500
vn 0.506600 -0.316700 0.801900
vn 0.539800 0.114000 0.834000
vn 0.679500 -0.389500 0.621700
vn 0.642800 0.469300 0.605500
vn 0.221500 -0.549000 0.805900
vn -0.281000 -0.520200 0.806500
vn -0.187000 0.908500 0.373500
vn 0.289400 0.878500 0.380000
vn -0.537600 0.176000 0.824600
vn -0.736600 0.165100 0.655800
vn 0.453700 0.726800 0.515500
vn 0.767400 0.055300 0.638800
vn -0.451400 -0.498300 0.740200
vn -0.368100 0.770400 0.520500
vn 0.371000 -0.558200 0.742100
vn 0.167500 -0.516100 0.840000
vn 0.239300 -0.380800 0.893200
vn 0.635900 -0.459500 0.620000
vn -0.186600 -0.117300 0.975400
vn -0.087300 0.169000 0.981700
vn 0.253700 -0.444900 0.858900
vn 0.392100 0.203400 -0.897100
vn 0.543000 0.135400 -0.828700
vn 0.866000 0.080500 -0.493500
vn 0.287800 -0.513000 -0.808700
vn 0.311500 -0.173000 -0.934400
vn 0.975600 -0.218200 0.022000
vn 0.859000 0.389300 0.332300
vn 0.644900 0.406000 -0.647400
vn 0.405000 -0.201900 0.891800
vn 0.829900 -0.052700 0.555400
vn -0.035500 0.176200 0.983700
vn 0.636300 -0.053700 -0.769600
vn 0.733400 -0.247400 -0.633200
vn 0.816600 -0.239500 -0.525100
vn 0.601800 0.065000 -0.796000
vn 0.671800 0.112100 -0.732200
vn 0.657900 0.044500 -0.751700
vn 0.242200 0.117000 -0.963100
vn 0.244300 0.130200 -0.960900
vn 0.191700 0.174400 -0.965800
vn -0.097900 -0.277300 0.955800
vn -0.028200 -0.172500 0.984600
vn 0.686800 -0.691800 0.222700
vn 0.020600 0.186700 -0.982200
vn 0.126100 0.110200 -0.985800
vn 0.059000 -0.087900 -0.994400
vn 0.438200 -0.354800 -0.825900
vn -0.435100 -0.752800 -0.493900
vn -0.779300 -0.483700 0.398300
vn -0.551900 -0.177600 0.814700
vn 0.048800 0.307700 0.950200
vn 0.706800 0.341000 -0.619800
vn 0.530700 -0.210000 -0.821100
vn 0.483500 0.868400 0.109900
vn 0.768800 0.635000 -0.075200
vn 0.162500 0.493000 0.854700
vn 0.278100 0.625000 0.729400
vn 0.514100 0.706600 0.486200
vn -0.693600 -0.713000 0.102700
vn -0.617600 0.033300 0.785800
vn -0.065200 -0.608800 0.790600
vn 0.064000 -0.997400 -0.033600
vn 0.135300 -0.686000 -0.714900
vn 0.047500 -0.711800 -0.700800
vn -0.971100 -0.223500 0.083900
vn -0.566500 0.385100 0.728500
vn -0.288900 -0.729000 -0.620500
vn -0.179900 0.294300 0.938600
vn -0.099900 0.007000 0.995000
vn 0.886500 -0.283700 -0.365600
vn 0.970900 0.192800 0.142100
vn 0.750400 -0.375100 -0.544100
vn 0.167500 0.597600 0.784100
vn 0.591200 0.401900 0.699200
vn 0.994200 0.102400 -0.032300
vn 0.684600 -0.392300 -0.614300
vn 0.406900 0.552500 0.727400
vn -0.762600 -0.583400 -0.279500
vn 0.598400 -0.426300 -0.678300
vn -0.100000 -0.698900 -0.708100
vn 0.190400 0.448900 0.873000
vn 0.821200 0.362700 0.440500
vn -0.513500 0.215700 0.830500
vn -0.993700 -0.109200 -0.026700
vn -0.460100 -0.189700 0.867400
vn -0.538400 -0.200800 0.818400
vn -0.850500 0.163000 -0.500000
vn -0.332100 0.132100 -0.933900
vn 0.957500 0.166100 -0.235500
vn 0.995200 -0.060700 0.076400
vn 0.614600 0.079800 -0.784700
vn -0.123500 0.350000 -0.928600
vn 0.420800 -0.214000 0.881600
vn 0.809700 -0.001600 0.586900
vn -0.993500 -0.113600 -0.005000
vn -0.485900 -0.275900 0.829300
vn -0.340000 0.095300 -0.935600
vn 0.995700 -0.048700 0.079000
vn 0.608900 0.105500 -0.786200
vn 0.418300 -0.181600 0.890000
vn -0.235000 0.216800 0.947500
vn -0.971900 0.116500 0.204400
vn -0.841200 0.406500 0.356500
vn -0.312100 0.783700 0.537100
vn -0.673500 0.215900 -0.706900
vn -0.561200 -0.160700 -0.811900
vn -0.759500 -0.617800 -0.203500
vn -0.644100 -0.740100 0.193200
vn 0.862200 0.194100 -0.467900
vn 0.466900 -0.550700 -0.691900
vn 0.100500 0.022300 -0.994700
vn 0.290300 0.267000 -0.918900
vn 0.869800 0.088700 0.485300
vn 0.620900 0.727000 0.293000
vn 0.941400 0.259100 -0.215700
vn 0.675400 -0.701800 -0.226500
vn 0.085600 -0.995400 -0.042700
vn 0.011600 -0.999800 -0.015800
vn 0.061200 -0.998000 0.014800
vn 0.061400 -0.998000 0.011700
vn -0.607800 0.384200 0.694900
vn 0.086700 0.577400 0.811800
vn -0.508100 -0.612000 0.605900
vn 0.635500 0.544100 0.547700
vn 0.955800 0.293600 -0.015300
vn 0.821400 -0.570300 -0.010000
vn 0.146900 -0.638000 0.755900
vn 0.594800 -0.594600 0.540900
vn 0.054900 -0.468700 -0.881600
vn -0.567400 -0.725300 -0.389900
vn -0.769200 -0.522000 0.368400
vn -0.402700 -0.182300 0.897000
vn 0.222900 0.288800 0.931100
vn 0.587200 -0.011400 -0.809300
vn 0.235900 -0.310700 -0.920700
vn 0.875500 0.383300 -0.294200
vn 0.584400 0.491900 0.645300
vn 0.814400 0.518900 0.259500
vn -0.413800 -0.831300 0.370900
vn -0.907100 -0.374600 0.191900
vn -0.915300 -0.382400 -0.126300
vn -0.453800 -0.888800 -0.063400
vn 0.342000 -0.933000 0.111600
vn 0.360900 -0.876300 0.319200
vn 0.921000 -0.346200 0.178700
vn 0.899000 0.317000 0.302200
vn 0.827000 0.380400 0.413900
vn 0.841000 -0.204200 0.501000
vn -0.207500 -0.905300 -0.370500
vn 0.509900 -0.832800 0.215300
vn 0.313600 -0.832700 0.456300
vn -0.281800 -0.959400 0.004700
vn -0.681800 -0.177300 -0.709700
vn -0.618400 -0.118700 -0.776800
vn -0.564500 0.468400 -0.679600
vn -0.533700 0.400100 -0.745000
vn -0.406700 0.809400 -0.423600
vn -0.341300 0.737000 -0.583300
vn 0.226900 0.937100 0.265200
vn 0.682500 0.668500 0.295600
vn 0.722600 0.566400 0.396200
vn -0.314800 0.948000 -0.047100
vn -0.363400 0.896400 0.253600
vn -0.996000 0.024900 -0.085100
vn -0.978800 0.096200 0.180600
vn -0.813300 0.558100 0.164400
vn -0.792100 0.603300 -0.092600
vn 0.991500 -0.101100 0.081800
vn 0.852300 -0.326200 0.408800
vn 0.618600 -0.671700 0.407500
vn 0.761200 -0.586600 0.276400
vn 0.775100 0.574900 -0.261900
vn 0.754600 0.520800 -0.399100
vn 0.996500 0.081500 0.015800
vn 0.932900 -0.201100 0.298700
vn -0.097200 0.801500 -0.590000
vn -0.331300 0.760500 -0.558500
vn 0.217100 0.787800 -0.576400
vn 0.312600 0.797000 -0.516800
vn -0.725600 0.631700 -0.272700
vn -0.720500 0.650000 -0.241500
vn 0.190700 0.682100 -0.705900
vn 0.039800 0.932900 -0.357900
vn 0.374100 0.702600 -0.605300
vn 0.660400 0.653400 -0.370000
vn -0.382500 0.359600 -0.851100
vn -0.439600 0.506100 -0.742000
vn -0.418700 -0.759800 0.497200
vn -0.892600 -0.421700 -0.159100
vn -0.743900 -0.588100 0.317300
vn -0.955600 -0.175500 -0.236800
vn 0.719700 -0.338300 0.606300
vn 0.351300 -0.744500 0.567700
vn 0.590000 -0.330100 0.736800
vn 0.972600 0.117900 0.200400
vn 0.789800 -0.143000 0.596500
vn 0.746000 0.663500 0.056700
vn 0.458800 0.356800 0.813700
vn -0.582500 0.795300 -0.167600
vn -0.839100 0.533000 0.108300
vn -0.869500 -0.206000 0.448800
vn -0.673200 0.547300 0.497200
vn -0.707800 0.665200 -0.237900
vn -0.992700 -0.059400 0.104500
vn 0.152200 0.908400 -0.389400
vn 0.174800 0.984300 -0.023600
vn -0.429400 0.894600 -0.123700
vn -0.568700 0.805700 0.165000
vn -0.019000 0.754200 0.656300
vn 0.186500 0.982400 -0.006900
vn 0.130000 -0.777000 0.615900
vn -0.444600 -0.744800 0.497600
vn -0.167200 -0.096700 0.981100
vn 0.701900 0.285400 0.652500
vn 0.582900 -0.467200 0.664800
vn -0.479600 0.762700 0.433900
vn -0.679500 0.093900 0.727700
vn 0.688100 0.678600 -0.256800
vn 0.839100 0.492200 0.231500
vn -0.294000 -0.608500 0.737100
vn 0.295400 -0.172500 0.939600
vn -0.303200 0.247100 0.920300
vn -0.614400 -0.381600 0.690500
vn 0.476200 0.786500 0.393100
vn 0.859800 0.452900 0.235900
vn 0.435500 -0.491300 0.754200
vn -0.864500 0.500400 0.046400
vn -0.206700 -0.180800 0.961500
vn -0.689600 0.308900 0.655000
vn 0.144300 -0.136500 -0.980100
vn 0.654500 0.583100 -0.481200
vn -0.128700 -0.194500 0.972400
vn 0.814100 0.481900 -0.323900
vn 0.620800 0.780800 -0.070900
vn 0.475800 0.766100 0.432000
vn 0.320800 0.786600 -0.527500
vn -0.111800 0.893900 -0.433900
vn -0.792000 0.527400 0.307600
vn -0.273400 -0.314500 0.909000
vn -0.662200 0.723600 -0.194600
vn -0.920100 -0.205300 0.333400
vn -0.971500 -0.099200 0.215000
vn -0.463900 0.388300 0.796200
vn 0.190700 -0.204800 0.960000
vn 0.123500 0.562900 0.817300
vn 0.537400 0.241600 -0.807900
vn -0.003300 -0.962400 -0.271600
vn 0.978400 0.001300 -0.206600
vn 0.736600 -0.226400 0.637300
vn 0.270200 -0.161600 0.949100
vn -0.464000 -0.884100 0.055100
vn 0.548400 -0.805600 -0.224000
vn -0.906400 0.090600 0.412500
vn -0.722900 0.256100 0.641800
vn -0.561200 -0.519600 0.644200
vn -0.181200 -0.836500 0.517000
vn 0.204000 -0.978900 0.003000
vn 0.428400 -0.709300 0.559700
vn -0.434100 -0.900000 -0.039200
vn -0.468600 -0.504600 -0.725100
vn 0.160400 -0.480000 -0.862500
vn -0.630300 0.271100 -0.727500
vn -0.757400 0.651400 -0.044000
vn -0.043600 0.498900 -0.865500
vn -0.452000 0.779900 -0.432900
vn 0.157600 0.907100 -0.390300
vn 0.630300 -0.271100 0.727500
vn 0.561200 0.519600 -0.644200
vn 0.434100 0.900000 0.039200
vn 0.757400 -0.651400 0.044000
vn 0.722900 -0.256100 -0.641800
vn 0.731600 0.432300 0.527100
vn -0.700700 0.678800 -0.219600
vn -0.753000 0.235000 0.614600
vn -0.474900 -0.668600 0.572200
vn 0.620800 -0.440000 0.648800
vn 0.508000 0.498100 0.702700
vn 0.395100 0.907400 -0.143000
vn 0.039200 0.987900 -0.150300
vn 0.099700 0.709100 -0.698000
vn -0.432100 0.508400 -0.744800
vn 0.093100 -0.974600 0.203400
vn -0.170700 -0.823200 -0.541500
vn 0.406300 -0.554700 -0.726100
vn 0.615000 0.474100 -0.630100
vn 0.574900 -0.577900 -0.579200
vn 0.797800 -0.018200 -0.602700
vn 0.923800 -0.353500 0.146900
vn 0.811800 -0.059000 -0.580900
vn 0.735500 0.655900 0.169700
vn 0.887900 0.460000 0.010000
vn 0.674200 -0.737600 0.037000
vn 0.992800 0.029300 0.116100
vn 0.519900 0.620800 0.586700
vn 0.299100 0.440600 0.846300
vn -0.661300 0.719600 -0.211600
vn -0.669000 -0.010400 -0.743200
vn -0.012600 -0.999200 -0.036200
vn 0.043100 -0.778600 -0.626100
vn -0.140400 0.321700 0.936400
vn -0.265400 0.312900 0.911900
vn -0.472200 -0.543500 -0.694000
vn -0.753000 -0.639600 -0.154300
vn -0.705900 -0.341600 0.620400
vn -0.664800 -0.741200 0.092600
vn -0.372900 -0.250200 0.893500
vn -0.348800 -0.720100 0.599800
vn 0.968300 -0.234000 -0.087100
vn 0.834400 -0.543300 -0.092900
vn 0.757100 -0.205900 0.619900
vn 0.390900 -0.014700 0.920300
vn 0.497000 0.540200 0.679000
vn -0.097400 0.425700 0.899600
vn 0.314200 0.949000 0.025300
vn -0.328200 0.941600 0.074600
vn 0.391400 0.611700 -0.687500
vn 0.245100 0.083900 -0.965800
vn 0.651500 -0.134500 -0.746600
vn -0.230800 0.515900 -0.825000
vn -0.342600 -0.123700 -0.931300
vn -0.391400 -0.611700 0.687500
vn -0.757100 0.205900 -0.619900
vn -0.497000 -0.540200 -0.679000
vn -0.834400 0.543300 0.092900
vn -0.314200 -0.949000 -0.025300
vn -0.610700 -0.791800 0.005800
vn -0.196800 -0.222300 0.954900
vn 0.549000 -0.006600 -0.835700
vn 0.858500 -0.504400 -0.092700
vn 0.670600 -0.088800 0.736500
vn -0.385700 -0.461900 0.798600
vn -0.507200 -0.379700 -0.773600
vn -0.357100 -0.933800 -0.021200
vn 0.319000 0.945100 0.070600
vn -0.992300 -0.001600 -0.123600
vn -0.603900 -0.593200 0.532300
vn 0.041800 0.642300 0.765300
vn 0.042800 0.637100 0.769600
vn 0.004700 -0.197900 0.980200
vn -0.886700 0.383000 0.258900
vn -0.202500 0.863500 0.461800
vn -0.322800 0.554900 0.766700
vn -0.494800 0.824200 0.275300
vn -0.508300 0.848500 -0.147500
vn -0.905400 0.423700 -0.026900
vn 0.048500 0.980700 -0.189600
vn -0.188800 0.371100 -0.909200
vn -0.301200 0.150700 -0.941600
vn -0.463500 0.637200 -0.615700
vn -0.847400 0.284600 -0.448200
vn -0.229100 0.301300 -0.925600
vn -0.396400 0.034600 -0.917400
vn -0.014300 0.261000 -0.965200
vn 0.707100 0.682600 0.184700
vn 0.675200 0.735200 -0.060200
vn -0.471000 0.183200 -0.862900
vn -0.462000 -0.177400 -0.868900
vn -0.430600 0.071900 -0.899700
vn -0.838500 0.528400 -0.133000
vn -0.842000 0.406900 -0.354300
vn -0.822400 0.488900 0.290700
vn -0.828600 0.526700 0.189600
vn -0.773300 0.130600 0.620400
vn -0.794000 0.373100 0.479900
vn -0.133100 -0.096900 0.986300
vn -0.188300 0.105700 0.976400
vn -0.135300 0.004400 0.990800
vn -0.727200 0.026100 0.685900
vn -0.888700 0.328200 0.320000
vn -0.474000 0.771000 -0.425200
vn -0.416300 -0.317300 0.852000
vn 0.706200 -0.706300 0.049600
vn -0.305900 0.010200 0.952000
vn 0.008800 -0.142200 0.989800
vn 0.039600 0.625600 0.779100
vn -0.329800 0.528900 0.781900
vn -0.475100 -0.467100 0.745700
vn -0.564800 -0.315000 0.762700
vn -0.773500 -0.233800 0.589100
vn -0.581300 -0.393100 0.712500
vn -0.461300 -0.035000 0.886500
vn -0.826900 -0.102800 -0.552900
vn -0.311200 0.030600 -0.949800
vn -0.337900 0.213900 -0.916500
vn -0.140500 -0.064700 -0.987900
vn -0.522900 -0.149000 -0.839200
vn -0.532900 0.503700 -0.679900
vn -0.604800 0.796300 0.004500
vn -0.990400 -0.129700 0.046700
vn -0.392100 -0.130700 0.910600
vn -0.397400 -0.285900 0.871900
vn -0.592800 0.161500 0.789000
vn -0.475900 -0.077300 0.876000
vn -0.206000 0.046700 0.977400
vn -0.724900 -0.469300 -0.504200
vn -0.358200 0.697300 -0.620800
vn -0.207600 0.151100 -0.966500
vn -0.220600 0.036000 -0.974700
vn -0.601500 -0.217500 -0.768700
vn -0.504000 0.087900 -0.859200
vn -0.357400 0.508600 -0.783300
vn -0.767800 -0.639800 0.034500
vn 0.090900 -0.506500 -0.857400
vn -0.459500 0.033800 -0.887500
vn 0.395000 -0.918600 0.005900
vn -0.156100 -0.026600 0.987400
vn 0.367500 -0.585100 0.722900
vn -0.528600 0.191100 -0.827100
vn -0.577800 0.640600 -0.505800
vn -0.700300 0.686400 0.195800
vn -0.350900 0.915000 0.199200
vn -0.484000 0.531800 0.694900
vn -0.327100 0.238700 0.914300
vn -0.453800 0.191200 0.870300
vn 0.723300 -0.627700 0.287800
vn 0.284400 -0.481800 -0.828800
vn 0.160000 -0.101200 0.981900
vn 0.288900 -0.002300 0.957300
vn 0.927700 -0.308800 0.209700
vn 0.496400 -0.427300 -0.755600
vn -0.330900 0.124400 0.935400
vn -0.570800 -0.134100 -0.810000
vn -0.987600 0.152300 -0.038100
vn -0.801600 -0.597400 -0.022700
vn -0.492300 0.262000 0.830000
vn -0.488200 -0.104600 -0.866400
vn -0.966700 0.132000 -0.219300
vn -0.619600 0.225700 0.751700
vn 0.843000 -0.446300 -0.300200
vn 0.302600 -0.370100 -0.878300
vn -0.407900 -0.117100 -0.905500
vn -0.919500 0.182300 0.348100
vn -0.406100 0.079000 0.910400
vn 0.298100 -0.138000 0.944500
vn 0.556800 -0.377500 0.739900
vn 0.492000 -0.410700 0.767600
vn 0.990900 0.131600 0.027600
vn 0.292600 0.556900 -0.777300
vn 0.047200 0.697000 -0.715500
vn 0.792000 0.521700 -0.316900
vn -0.951600 -0.304300 -0.043000
vn -0.793600 -0.390600 0.466500
vn -0.970500 0.031700 -0.239100
vn -0.613800 0.239300 -0.752300
vn -0.359000 -0.629200 0.689300
vn 0.535300 -0.473200 0.699700
vn 0.991700 0.119200 0.047500
vn 0.306300 0.530800 -0.790200
vn -0.616400 0.270800 -0.739400
vn -0.955100 -0.293500 -0.040300
vn -0.358400 -0.609900 0.706800
vn 0.189100 -0.256500 0.947800
vn 0.931100 0.199100 0.305700
vn 0.244000 0.670500 0.700600
vn 0.839400 -0.515800 -0.171200
vn 0.665100 0.103600 -0.739500
vn 0.600300 0.584000 -0.546400
vn 0.777300 0.382300 0.499600
vn 0.577600 -0.748400 0.325900
vn 0.003700 0.255800 -0.966700
vn -0.310700 -0.460200 -0.831700
vn -0.818200 0.226700 -0.528300
vn -0.323100 0.509000 -0.797800
vn -0.834000 -0.342900 0.432200
vn -0.884000 0.283400 -0.371700
vn -0.796900 0.548100 0.254000
vn -0.641300 -0.691100 -0.333400
vn 0.069700 -0.997500 -0.013200
vn -0.127300 -0.982900 -0.132600
vn -0.099100 -0.994000 0.046100
vn -0.098300 -0.994300 0.040200
vn -0.225600 0.627200 0.745400
vn 0.467400 0.410700 0.782800
vn 0.354800 -0.596800 0.719700
vn -0.916900 0.330200 -0.224300
vn -0.708200 0.596700 0.377300
vn -0.820900 -0.549700 -0.154500
vn -0.317500 -0.599800 0.734400
vn -0.711200 -0.555000 0.431400
vn 0.186000 -0.417400 -0.889500
vn -0.334100 0.059000 -0.940700
vn 0.662100 -0.709100 -0.242400
vn 0.025900 -0.272300 0.961800
vn 0.530500 -0.695200 0.484900
vn -0.531400 0.207400 -0.821300
vn -0.797400 0.380800 -0.468100
vn -0.843700 0.470000 0.259200
vn -0.607300 0.322300 0.726100
vn -0.307500 0.077400 0.948400
vn 0.873900 -0.486000 0.007200
vn 0.850200 -0.514300 0.112400
vn 0.365200 -0.759600 0.538200
vn 0.410500 -0.823800 0.391000
vn -0.328400 -0.719400 0.612100
vn -0.896900 -0.095300 0.431700
vn -0.919300 -0.031600 0.392200
vn -0.802400 0.595000 0.045500
vn -0.352200 -0.681000 0.642000
vn -0.816200 -0.251300 0.520200
vn -0.896300 0.002000 0.443500
vn -0.700600 0.710900 0.061500
vn -0.801400 0.595100 0.059900
vn -0.075800 -0.880600 0.467800
vn -0.186900 -0.945100 0.268000
vn 0.496000 -0.774700 0.392200
vn 0.737700 -0.651200 0.178300
vn 0.539900 -0.799000 0.264600
vn 0.354300 -0.928800 0.108500
vn -0.640800 0.762700 0.087800
vn -0.601200 0.793200 -0.096800
vn -0.207300 0.920000 -0.332600
vn 0.425300 0.740400 -0.520500
vn 0.333300 0.728800 -0.598100
vn 0.860200 0.220800 -0.459600
vn 0.949800 -0.222200 -0.220200
vn 0.972300 -0.136100 -0.189900
vn 0.788300 0.363800 -0.496200
vn -0.836700 0.522100 0.165400
vn -0.171000 0.911400 -0.374200
vn -0.560500 0.814500 -0.149400
vn -0.468700 0.861500 -0.195200
vn 0.431700 0.513800 -0.741400
vn 0.656200 -0.093700 -0.748700
vn 0.420500 0.682800 -0.597500
vn 0.042200 0.849400 -0.526000
vn 0.411300 0.773500 -0.482200
vn 0.572800 -0.698400 -0.429000
vn 0.315100 -0.946000 -0.075400
vn 0.746200 -0.603900 -0.280100
vn 0.757600 -0.138900 -0.637700
vn 0.098100 -0.920000 0.379300
vn 0.069700 -0.952500 0.296300
vn 0.631500 -0.601100 -0.489700
vn 0.212400 -0.972800 -0.092000
vn 0.735500 -0.676200 0.041800
vn 0.651600 -0.097500 -0.752200
vn 0.650900 -0.444700 -0.615200
vn 0.355800 -0.934400 0.018300
vn -0.669300 0.469800 0.575600
vn -0.509400 -0.478800 0.715000
vn -0.311200 -0.644400 0.698500
vn -0.645600 0.025500 0.763300
vn -0.380400 0.915200 -0.132800
vn 0.228000 0.928700 -0.292300
vn 0.187000 0.980900 0.054000
vn 0.723700 0.522800 -0.450400
vn 0.963600 -0.003900 -0.267400
vn 0.507900 0.852900 -0.121000
vn 0.739700 0.558300 0.375700
vn 0.036300 -0.612300 0.789800
vn -0.017700 -0.762300 0.647000
vn 0.551300 -0.668400 0.499200
vn 0.545800 -0.004600 0.837900
vn -0.224300 -0.009800 0.974500
vn -0.139900 -0.390700 0.909800
vn 0.852400 -0.415400 -0.317500
vn 0.982600 -0.106000 -0.152200
vn 0.377000 -0.829300 0.412500
vn 0.725700 -0.001400 0.688000
vn 0.304100 -0.641700 0.704100
vn 0.855000 -0.501600 0.131400
vn -0.766700 0.338200 0.545600
vn -0.660200 0.751000 -0.002300
vn 0.797700 0.596500 0.087800
vn 0.010000 0.632400 0.774500
vn -0.360000 0.862200 -0.356300
vn 0.335900 -0.239800 0.910800
vn -0.226100 0.254500 -0.940300
vn 0.689300 0.027300 -0.723900
vn -0.175100 0.072500 0.981800
vn -0.534800 0.591500 0.603400
vn -0.338500 0.350100 0.873400
vn 0.347900 0.591000 0.727700
vn -0.026300 0.980500 0.194600
vn 0.877200 0.432800 -0.207600
vn 0.538400 0.549900 -0.638500
vn 0.063000 0.989600 0.129500
vn -0.120800 -0.691400 0.712200
vn -0.032700 0.647800 0.761100
vn -0.014500 -0.066700 0.997700
vn -0.305900 0.832800 -0.461300
vn -0.437500 0.559800 0.703700
vn -0.701600 -0.425000 0.571900
vn -0.447700 0.644900 0.619400
vn -0.621100 0.456700 0.636800
vn -0.763700 0.613800 0.200100
vn -0.478300 0.837800 -0.263300
vn -0.273800 0.129400 0.953000
vn 0.118800 -0.658500 0.743100
vn -0.026800 0.990900 -0.131900
vn 0.583800 -0.727100 0.361200
vn 0.836300 -0.342300 0.428200
vn 0.508900 0.850400 0.133600
vn 0.668800 0.481200 0.566600
vn 0.967300 0.038900 0.250600
vn 0.332500 0.103600 0.937400
vn -0.140000 -0.585500 0.798500
vn -0.570400 0.404500 -0.714800
vn 0.162300 -0.742500 -0.649800
vn -0.424700 -0.650100 -0.630000
vn -0.841500 -0.434600 0.321000
vn -0.908400 0.102200 -0.405400
vn -0.443500 -0.515600 0.733100
vn 0.512100 -0.834700 -0.202400
vn 0.279400 -0.956900 0.079300
vn 0.578000 -0.706000 0.409200
vn 0.591200 -0.020300 0.806300
vn -0.016500 -0.865200 -0.501100
vn 0.596400 -0.705400 -0.382900
vn 0.023100 0.000600 -0.999700
vn 0.627800 -0.019300 -0.778100
vn 0.039700 0.865900 -0.498600
vn 0.640900 0.666300 -0.381000
vn 0.825300 -0.027600 0.563900
vn 0.622600 0.665800 0.411100
vn 0.341000 0.936500 0.082000
vn -0.596400 0.705400 0.382900
vn -0.622600 -0.665800 -0.411100
vn -0.640900 -0.666300 0.381000
vn -0.591200 0.020300 -0.806300
vn -0.578000 0.706000 -0.409200
vn -0.627800 0.019300 0.778100
vn -0.344300 -0.936600 0.064900
vn -0.282800 0.956800 0.067600
vn -0.540600 0.807200 0.236900
vn 0.580400 0.770700 0.262800
vn -0.850600 0.026900 0.525200
vn 0.627400 -0.021500 0.778300
vn -0.662800 0.020500 0.748500
vn -0.591900 -0.771000 0.234700
vn 0.529100 -0.807500 0.260600
vn 0.647200 0.415400 -0.639200
vn 0.338100 -0.026100 -0.940700
vn -0.175100 0.222200 -0.959100
vn -0.196700 -0.877900 -0.436600
vn -0.706200 -0.571200 -0.418300
vn -0.616600 0.052000 -0.785500
vn 0.351400 -0.879100 -0.321800
vn -0.922300 -0.372600 0.102300
vn -0.905600 0.372800 -0.202300
vn -0.682700 0.715600 -0.147500
vn -0.682700 0.117200 -0.721200
vn -0.887500 -0.279600 -0.366300
vn -0.787300 -0.177300 0.590400
vn -0.730600 0.423200 0.535800
vn -0.964800 0.191400 0.180100
vn -0.685200 -0.523900 0.505900
vn -0.669400 -0.735800 -0.102300
vn -0.270800 -0.002600 0.962600
vn -0.178400 0.128700 0.975500
vn 0.964200 -0.172300 -0.201600
vn 0.556100 -0.482300 -0.676800
vn -0.024500 -0.853500 0.520500
vn 0.068100 -0.493600 0.867000
vn 0.336800 -0.358700 0.870600
vn 0.702700 -0.695500 0.149400
vn -0.156200 -0.984100 -0.083900
vn 0.524900 -0.692900 0.494300
vn 0.676900 -0.719600 0.154700
vn 0.269700 -0.962200 -0.037400
vn -0.077300 -0.439200 -0.895000
vn 0.504600 -0.735700 -0.451700
vn -0.028600 0.745500 -0.665900
vn -0.910700 -0.205500 -0.358300
vn -0.571800 -0.279400 0.771300
vn -0.853600 -0.379200 0.357100
vn -0.121200 0.151700 0.981000
vn 0.008600 -0.484500 0.874800
vn 0.240300 0.883200 0.402800
vn -0.376800 0.900200 0.218100
vn 0.361500 0.731400 -0.578200
vn -0.280700 0.780000 -0.559200
vn -0.757600 -0.499400 -0.420200
vn -0.471200 0.080100 -0.878400
vn -0.043900 0.354600 -0.934000
vn 0.853600 0.379200 -0.357100
vn 0.757600 0.499400 0.420200
vn 0.280700 -0.780000 0.559200
vn 0.376800 -0.900200 -0.218100
vn 0.536500 0.149500 -0.830500
vn 0.681800 -0.139800 -0.718000
vn -0.361400 0.228800 -0.903900
vn 0.663200 -0.320600 -0.676300
vn 0.648900 -0.756600 -0.080400
vn -0.783800 -0.462300 -0.414500
vn 0.241800 -0.668300 0.703500
vn -0.801400 -0.299700 0.517600
vn 0.416800 -0.886600 -0.200600
vn -0.276200 0.858500 -0.432000
vn -0.826000 -0.507300 -0.245600
vn -0.636100 0.761500 -0.124500
vn 0.680300 -0.705400 -0.199000
vn 0.716200 0.454900 -0.529200
vn 0.929600 -0.353800 -0.103300
vn 0.049300 -0.563000 -0.824900
vn 0.883800 -0.021700 0.467300
vn 0.646100 -0.519600 -0.559000
vn 0.909800 -0.405400 -0.088400
vn -0.191000 0.574100 -0.796200
vn 0.716200 0.690700 -0.099600
vn 0.395100 0.466700 -0.791300
vn 0.270800 0.617300 -0.738600
vn 0.527700 0.777600 0.341700
vn 0.802600 -0.230200 0.550200
vn -0.539700 0.765400 -0.350400
vn -0.616900 0.787000 -0.010200
vn -0.639400 -0.765400 -0.072400
vn -0.731700 -0.661900 0.163100
vn -0.668000 -0.741800 -0.058800
vn -0.678400 0.726000 -0.112500
vn -0.660300 0.750900 0.009600
vn -0.836900 -0.531900 0.129200
vn -0.747600 -0.631500 -0.205600
vn -0.663300 0.605100 -0.440200
vn -0.769600 -0.619600 0.154100
vn -0.547400 0.789900 0.276200
vn -0.646400 -0.689700 0.326300
vn 0.328500 0.681600 0.653700
vn 0.854500 -0.497600 0.149100
vn 0.468600 0.504600 0.725100
vn 0.593400 -0.803600 0.045800
vn 0.813900 0.123700 0.567600
vn -0.651500 0.134500 0.746600
vn 0.471200 -0.080100 0.878400
vn -0.663200 0.320700 0.676300
s off
f 766/1/1 767/2/1 771/3/1
f 767/4/2 768/5/2 772/6/2
f 817/7/3 775/8/3 773/9/3
f 773/10/4 769/11/4 766/12/4
f 827/13/5 768/14/5 767/15/5
f 770/16/6 771/17/6 772/18/6
f 773/19/7 775/20/7 769/21/7
f 768/22/8 774/23/8 772/24/8
f 782/25/9 788/26/9 785/27/9
f 781/28/10 818/29/10 819/30/10
f 781/31/11 787/32/11 788/33/11
f 778/34/12 783/35/12 781/36/12
f 781/36/12 782/37/12 779/38/12
f 789/39/13 787/40/13 781/41/13
f 784/42/14 789/43/14 783/44/14
f 795/45/15 796/46/15 788/47/15
f 791/48/16 792/49/16 780/50/16
f 786/51/17 793/52/17 785/53/17
f 786/54/18 794/55/18 797/56/18
f 797/57/19 795/45/19 787/58/19
f 784/59/20 786/51/20 789/60/20
f 788/61/21 796/62/21 794/55/21
f 788/63/22 786/51/22 785/53/22
f 785/27/23 791/64/23 777/65/23
f 791/66/24 785/67/24 793/68/24
f 780/50/25 792/49/25 790/69/25
f 799/70/26 801/71/26 800/72/26
f 800/72/27 802/73/27 799/70/27
f 811/74/28 813/75/28 801/71/28
f 809/76/29 810/77/29 796/78/29
f 806/79/30 807/80/30 802/73/30
f 802/73/28 807/80/28 805/81/28
f 798/82/31 805/83/31 807/84/31
f 804/85/32 807/86/32 806/87/32
f 798/88/33 804/89/33 797/90/33
f 799/91/34 805/83/34 798/82/34
f 797/90/29 804/89/29 803/92/29
f 803/93/35 806/87/35 800/94/35
f 813/95/36 811/96/36 808/97/36
f 812/98/37 813/99/37 810/100/37
f 794/101/38 808/97/38 811/96/38
f 801/71/30 813/75/30 812/102/30
f 796/78/39 810/77/39 808/103/39
f 812/98/40 809/104/40 795/105/40
f 818/29/41 814/106/41 775/8/41
f 815/107/41 819/30/41 816/108/41
f 822/109/42 823/110/42 819/111/42
f 820/112/41 823/113/41 822/114/41
f 819/115/43 823/116/43 820/117/43
f 816/108/44 820/112/44 821/118/44
f 821/119/45 822/120/45 818/121/45
f 776/122/46 790/123/46 784/42/46
f 793/124/47 784/125/47 790/126/47
f 784/59/48 793/52/48 786/51/48
f 827/13/49 828/127/49 825/128/49
f 777/129/49 828/127/49 829/130/49
f 777/131/50 780/132/50 776/133/50
f 814/134/45 777/135/45 824/136/45
f 776/137/43 783/138/43 815/139/43
f 824/140/49 829/130/49 826/141/49
f 826/141/51 830/142/51 831/143/51
f 830/142/52 833/144/52 832/145/52
f 831/146/53 834/147/53 827/148/53
f 834/149/54 832/145/54 833/144/54
f 835/150/55 830/151/55 826/152/55
f 835/153/56 839/154/56 838/155/56
f 836/156/57 838/157/57 839/158/57
f 836/159/58 837/160/58 829/161/58
f 838/162/59 836/163/59 828/164/59
f 829/165/60 837/166/60 839/167/60
f 770/168/1 766/1/1 771/3/1
f 771/169/61 767/4/61 772/6/61
f 773/9/3 772/170/3 816/108/3
f 816/108/3 817/7/3 773/9/3
f 772/170/3 774/171/3 816/108/3
f 770/172/62 773/10/62 766/12/62
f 767/15/5 766/173/5 827/13/5
f 826/141/5 827/13/5 766/173/5
f 766/173/5 769/174/5 826/141/5
f 773/175/6 770/16/6 772/18/6
f 777/65/63 782/25/63 785/27/63
f 819/30/64 815/107/64 778/176/64
f 781/28/64 779/177/64 818/29/64
f 819/30/64 778/176/64 781/28/64
f 779/177/64 814/106/64 818/29/64
f 782/178/11 781/31/11 788/33/11
f 783/179/13 789/39/13 781/41/13
f 776/122/65 784/42/65 783/44/65
f 787/58/15 795/45/15 788/47/15
f 777/180/66 791/48/66 780/50/66
f 789/181/18 786/54/18 797/56/18
f 789/182/19 797/57/19 787/58/19
f 786/54/21 788/61/21 794/55/21
f 792/183/24 791/66/24 793/68/24
f 776/184/66 780/50/66 790/69/66
f 799/70/28 811/74/28 801/71/28
f 795/185/67 809/76/67 796/78/67
f 800/72/68 806/79/68 802/73/68
f 799/70/28 802/73/28 805/81/28
f 804/186/69 798/82/69 807/84/69
f 803/93/70 804/85/70 806/87/70
f 794/187/39 798/88/39 797/90/39
f 794/101/71 799/91/71 798/82/71
f 795/185/29 797/90/29 803/92/29
f 795/105/35 803/93/35 800/94/35
f 810/188/72 813/95/72 808/97/72
f 809/104/73 812/98/73 810/100/73
f 799/91/38 794/101/38 811/96/38
f 800/72/68 801/71/68 812/102/68
f 794/187/39 796/78/39 808/103/39
f 800/94/40 812/98/40 795/105/40
f 817/7/41 818/29/41 775/8/41
f 774/171/41 815/107/41 816/108/41
f 818/189/42 822/109/42 819/111/42
f 821/118/41 820/112/41 822/114/41
f 816/190/43 819/115/43 820/117/43
f 817/7/44 816/108/44 821/118/44
f 817/191/45 821/119/45 818/121/45
f 792/192/47 793/124/47 790/126/47
f 768/14/49 827/13/49 825/128/49
f 829/130/49 824/140/49 777/129/49
f 777/129/49 776/193/49 828/127/49
f 825/128/49 828/127/49 776/193/49
f 769/194/45 775/195/45 824/136/45
f 814/134/45 779/196/45 782/197/45
f 782/197/45 777/135/45 814/134/45
f 824/136/45 775/195/45 814/134/45
f 774/198/43 768/199/43 825/200/43
f 825/200/43 776/137/43 815/139/43
f 783/138/43 778/201/43 815/139/43
f 815/139/43 774/198/43 825/200/43
f 769/174/49 824/140/49 826/141/49
f 827/13/51 826/141/51 831/143/51
f 831/143/52 830/142/52 832/145/52
f 828/164/43 827/148/43 834/147/43
f 831/146/74 832/202/74 834/147/74
f 835/153/54 834/149/54 833/144/54
f 826/152/45 829/165/45 835/150/45
f 835/150/75 833/203/75 830/151/75
f 834/149/56 835/153/56 838/155/56
f 837/204/57 836/156/57 839/158/57
f 828/205/58 836/159/58 829/161/58
f 834/147/59 838/162/59 828/164/59
f 835/150/60 829/165/60 839/167/60
s 1
f 198/206/76 225/207/77 226/208/78
f 217/209/79 216/210/80 213/211/81
f 215/212/82 213/211/81 219/213/83
f 242/214/84 215/212/82 220/215/85
f 220/216/85 223/217/86 36/218/87
f 219/219/83 222/220/88 223/217/86
f 222/220/88 225/207/77 224/221/89
f 36/218/87 223/217/86 224/221/89
f 730/222/90 227/223/91 229/224/92
f 731/225/93 229/224/92 230/226/94
f 734/227/95 230/228/94 231/229/96
f 735/230/97 231/229/96 226/208/78
f 226/208/78 231/229/96 233/231/98
f 230/232/94 234/233/99 233/231/98
f 229/234/92 235/235/100 234/236/99
f 227/237/91 236/238/101 235/235/100
f 228/239/102 237/240/103 236/238/101
f 218/241/104 238/242/105 237/240/103
f 237/240/103 238/242/105 240/243/106
f 237/240/103 239/244/107 241/245/108
f 236/238/101 241/245/108 243/246/109
f 234/247/99 235/248/100 243/249/109
f 233/231/98 234/247/99 244/250/110
f 232/251/111 233/231/98 245/231/112
f 228/239/102 247/252/113 218/241/104
f 247/252/113 227/237/91 730/253/90
f 250/254/114 738/255/115 732/256/116
f 247/252/113 228/239/102 227/237/91
f 224/221/89 225/207/77 198/206/76
f 250/254/114 248/257/117 738/255/115
f 248/257/117 251/258/118 247/259/113
f 252/260/119 249/261/120 216/262/80
f 252/263/119 253/264/121 254/265/122
f 249/266/120 257/267/123 256/268/124
f 253/264/121 251/269/118 258/270/125
f 249/266/120 252/263/119 255/271/126
f 248/272/117 259/273/127 258/274/125
f 250/275/114 256/268/124 259/273/127
f 257/276/123 255/277/126 254/278/122
f 254/278/122 258/279/125 259/280/127
f 1/281/128 5/282/129 6/283/130
f 9/284/131 15/285/132 32/286/133
f 7/287/134 29/288/135 21/289/136
f 260/290/137 39/291/138 7/287/134
f 20/292/139 38/293/140 741/294/141
f 6/283/130 5/282/129 17/295/142
f 3/296/143 38/297/140 20/298/139
f 3/296/143 17/295/142 24/299/144
f 4/300/145 13/301/146 8/302/147
f 34/303/148 18/304/149 13/301/146
f 16/305/150 394/306/151 393/307/152
f 393/307/152 391/308/153 34/303/148
f 5/282/129 373/309/154 387/310/155
f 6/283/130 20/298/139 37/311/156
f 389/312/157 417/313/158 29/288/135
f 7/287/134 39/291/138 400/314/159
f 8/302/147 13/301/146 102/315/160
f 8/302/147 21/289/136 29/288/135
f 37/316/156 20/292/139 21/289/136
f 98/317/161 108/318/162 37/316/156
f 9/284/131 99/311/163 103/319/164
f 37/311/156 108/320/162 99/311/163
f 100/321/165 104/322/166 18/304/149
f 35/323/167 106/324/168 100/321/165
f 19/325/169 105/326/170 101/327/171
f 101/327/171 106/328/168 35/329/167
f 13/301/146 18/304/149 104/322/166
f 14/330/172 28/331/173 405/332/174
f 397/333/175 406/334/176 40/335/177
f 14/336/172 41/337/178 45/338/179
f 40/339/177 46/340/180 41/341/178
f 15/285/132 19/325/169 33/342/181
f 15/285/132 103/319/164 105/326/170
f 29/288/135 417/313/158 394/306/151
f 387/310/155 399/343/182 24/299/144
f 261/344/183 27/345/184 25/346/185
f 40/335/177 39/291/138 260/290/137
f 24/299/144 28/331/173 26/347/186
f 23/348/187 26/347/186 27/349/184
f 399/343/182 405/332/174 28/331/173
f 39/291/138 40/335/177 406/334/176
f 25/346/185 27/350/184 44/351/188
f 25/346/185 42/352/189 46/353/180
f 43/354/190 44/355/188 27/356/184
f 26/347/186 28/331/173 45/357/179
f 31/358/191 41/341/178 46/340/180
f 42/352/189 44/351/188 47/359/192
f 42/352/189 47/359/192 51/360/193
f 43/354/190 48/361/194 49/362/195
f 43/354/190 45/357/179 50/363/196
f 58/364/197 62/365/198 56/366/199
f 274/367/200 63/368/201 58/369/197
f 278/370/202 61/371/203 59/372/204
f 59/372/204 63/368/201 57/373/205
f 60/374/206 61/375/203 55/376/207
f 56/366/199 62/365/198 60/374/206
f 79/377/208 81/378/209 62/365/198
f 58/369/197 63/368/201 78/379/210
f 61/371/203 77/380/211 76/381/212
f 76/381/212 78/379/210 63/368/201
f 60/374/206 80/382/213 77/383/211
f 62/365/198 81/378/209 80/382/213
f 68/384/214 81/378/209 79/377/208
f 64/385/215 82/386/216 85/387/217
f 64/388/215 69/389/218 75/390/219
f 79/391/208 78/379/210 69/389/218
f 64/385/215 70/392/220 86/393/221
f 67/394/222 73/395/223 71/396/224
f 65/397/225 76/381/212 77/380/211
f 71/396/224 75/390/219 69/389/218
f 65/397/225 69/389/218 78/379/210
f 66/398/226 67/399/222 77/383/211
f 83/400/227 84/401/228 67/394/222
f 80/382/213 81/378/209 68/384/214
f 68/384/214 85/387/217 83/402/227
f 84/401/228 88/403/229 73/395/223
f 70/390/220 73/395/223 72/404/230
f 70/390/220 75/390/219 71/396/224
f 74/405/231 89/406/232 86/407/221
f 72/404/230 73/395/223 88/403/229
f 87/408/233 89/406/232 74/405/231
f 90/409/234 93/410/235 85/387/217
f 86/393/221 94/411/236 90/409/234
f 83/400/227 91/412/237 92/413/238
f 85/387/217 93/410/235 91/414/237
f 92/413/238 96/415/239 88/403/229
f 89/406/232 97/416/240 94/417/236
f 87/408/233 88/403/229 96/415/239
f 95/418/241 97/416/240 89/406/232
f 90/409/234 94/411/236 97/419/240
f 95/420/241 96/421/239 92/422/238
f 91/414/237 93/410/235 97/419/240
f 98/317/161 102/315/160 196/423/242
f 98/317/161 202/424/243 191/424/244
f 99/311/163 200/425/245 195/426/246
f 108/320/162 191/427/244 200/425/245
f 199/428/247 194/429/248 104/322/166
f 106/430/168 192/431/249 199/428/247
f 105/326/170 193/432/250 197/433/251
f 197/433/251 192/434/249 106/328/168
f 102/315/160 104/322/166 194/429/248
f 103/319/164 195/426/246 193/432/250
f 209/435/252 203/436/253 116/437/254
f 109/438/255 120/439/256 208/440/257
f 110/441/258 115/442/259 207/443/260
f 211/444/261 208/440/257 120/439/256
f 111/445/262 123/446/263 135/447/264
f 211/448/261 207/443/260 123/446/263
f 131/449/265 142/450/266 130/451/267
f 111/452/262 130/453/267 208/440/257
f 112/454/268 132/455/269 136/456/270
f 124/457/271 203/436/253 209/435/252
f 130/453/267 142/458/266 132/455/269
f 112/454/268 209/435/252 208/440/257
f 212/459/272 206/460/273 117/461/274
f 119/462/275 204/463/276 212/459/272
f 118/464/277 210/465/278 205/466/279
f 114/467/280 205/468/279 204/468/276
f 115/442/259 117/461/274 206/460/273
f 116/437/254 203/436/253 210/469/278
f 121/470/281 133/471/282 137/472/283
f 121/470/281 125/473/284 206/460/273
f 129/474/285 164/475/286 150/475/287
f 121/470/281 212/459/272 204/463/276
f 150/475/287 165/476/288 133/471/282
f 126/477/289 163/478/290 149/479/291
f 122/480/292 205/481/279 210/469/278
f 122/480/292 149/479/291 164/482/286
f 129/483/285 204/484/276 205/481/279
f 125/473/284 137/472/283 135/447/264
f 207/443/260 206/460/273 125/473/284
f 124/457/271 136/456/270 138/485/293
f 126/477/289 210/469/278 203/436/253
f 138/485/293 166/486/294 163/478/290
f 127/487/295 146/488/296 136/456/270
f 127/487/295 132/455/269 142/458/266
f 183/489/297 182/490/298 146/488/296
f 152/491/299 181/492/300 183/489/297
f 131/449/265 135/447/264 145/493/301
f 128/494/302 152/495/299 142/450/266
f 145/493/301 186/496/303 187/497/304
f 187/497/304 181/498/300 152/495/299
f 143/499/305 147/500/306 137/472/283
f 165/476/288 167/501/307 143/499/305
f 134/502/308 150/475/287 164/475/286
f 134/502/308 173/503/309 165/476/288
f 134/502/308 172/502/310 176/503/311
f 135/447/264 137/472/283 147/500/306
f 136/456/270 146/488/296 148/504/312
f 138/485/293 148/504/312 169/505/313
f 155/506/314 160/507/315 162/508/316
f 139/508/317 187/497/304 186/496/303
f 139/509/317 162/509/316 181/510/300
f 140/511/318 162/512/316 160/513/315
f 140/511/318 156/513/319 182/490/298
f 140/511/318 183/489/297 181/492/300
f 149/479/291 163/478/290 171/514/320
f 172/515/310 164/482/286 149/479/291
f 171/514/320 175/514/321 174/514/322
f 141/502/323 174/503/322 176/503/311
f 185/516/324 188/517/325 147/500/306
f 167/501/307 170/518/326 151/519/327
f 151/519/327 184/520/328 185/516/324
f 144/521/329 168/522/330 169/505/313
f 148/504/312 190/523/331 189/524/332
f 144/525/329 151/526/327 170/527/326
f 189/524/332 184/524/328 151/528/327
f 147/500/306 188/517/325 186/496/303
f 146/488/296 182/490/298 190/523/331
f 153/529/333 161/530/334 159/531/335
f 153/529/333 157/532/336 188/517/325
f 153/529/333 185/516/324 184/520/328
f 158/533/337 159/534/335 161/535/334
f 154/535/338 189/524/332 190/523/331
f 154/535/338 161/535/334 184/524/328
f 157/532/336 159/531/335 160/507/315
f 155/506/314 186/496/303 188/517/325
f 156/536/319 160/536/315 159/537/335
f 158/533/337 190/523/331 182/490/298
f 166/486/294 175/514/321 171/514/320
f 165/476/288 173/503/309 177/538/339
f 166/486/294 169/505/313 179/539/340
f 177/538/339 180/538/341 170/518/326
f 168/522/330 178/540/342 179/539/340
f 170/522/326 180/540/341 178/540/342
f 176/541/311 180/542/341 177/542/339
f 175/543/321 179/544/340 178/545/342
f 174/541/322 178/542/342 180/542/341
f 391/308/153 246/546/343 245/231/112
f 18/304/149 34/303/148 245/231/112
f 35/547/167 10/548/344 244/549/110
f 241/245/108 33/342/181 19/325/169
f 239/244/107 32/286/133 33/342/181
f 392/550/345 32/286/133 239/244/107
f 392/550/345 373/309/154 5/282/129
f 1/281/128 32/286/133 392/550/345
f 2/551/346 741/294/141 261/344/183
f 38/297/140 3/296/143 23/348/187
f 280/552/347 281/553/348 55/554/207
f 279/555/349 277/556/350 275/557/351
f 48/558/194 50/559/196 264/560/352
f 274/561/200 276/562/353 277/563/350
f 264/560/352 50/559/196 266/564/354
f 52/564/355 275/565/351 276/566/353
f 56/559/199 273/560/356 275/565/351
f 54/558/357 262/567/358 273/560/356
f 55/554/207 281/553/348 262/567/358
f 53/568/359 279/569/349 280/552/347
f 268/563/360 51/570/193 47/568/192
f 271/571/361 49/554/195 272/553/362
f 49/554/195 48/558/194 263/567/363
f 277/563/350 279/569/349 53/568/359
f 267/572/364 269/556/365 264/573/352
f 298/574/366 283/575/367 285/576/368
f 299/577/369 294/578/370 300/579/371
f 287/576/372 289/575/373 295/580/374
f 295/580/374 289/575/373 291/581/375
f 293/582/376 291/583/375 287/584/372
f 293/581/376 283/575/367 298/574/366
f 296/585/377 301/586/378 302/587/379
f 284/582/380 290/588/381 292/589/382
f 286/590/383 294/578/370 295/580/374
f 288/591/384 295/580/374 296/585/377
f 297/592/385 300/579/371 284/590/380
f 302/587/379 301/586/378 307/593/386
f 292/594/382 302/587/379 297/592/385
f 298/595/366 304/596/387 307/597/386
f 304/598/387 305/599/388 306/600/389
f 307/593/386 304/598/387 303/592/390
f 297/601/385 302/602/379 308/603/391
f 298/595/366 299/604/369 305/603/388
f 299/577/369 300/579/371 306/600/389
f 297/601/385 303/596/390 306/605/389
f 335/606/392 336/607/393 338/608/394
f 311/609/395 312/610/396 314/611/397
f 338/612/394 334/613/398 330/614/399
f 314/611/397 316/615/400 315/616/401
f 332/617/402 334/618/398 333/619/403
f 315/616/401 316/615/400 318/620/404
f 329/621/405 331/622/406 110/441/258
f 330/616/399 332/617/402 331/620/406
f 318/620/404 320/619/407 319/618/408
f 337/623/409 338/624/394 340/625/410
f 327/611/411 328/626/412 330/616/399
f 320/619/407 322/627/413 321/628/414
f 340/625/410 309/609/415 310/610/416
f 309/609/415 328/626/412 327/611/411
f 321/628/414 322/627/413 324/629/417
f 326/630/418 312/610/396 311/609/395
f 323/624/419 324/623/417 326/630/418
f 333/619/403 334/618/398 336/607/393
f 319/613/408 321/631/414 325/555/420
f 357/632/421 342/633/422 344/634/423
f 358/635/424 346/634/425 353/636/426
f 353/636/426 346/634/425 348/633/427
f 354/580/428 348/633/427 350/637/429
f 342/638/422 348/639/427 346/631/425
f 360/640/430 352/637/431 342/633/422
f 355/641/432 360/640/430 361/642/433
f 343/643/434 349/644/435 351/645/436
f 353/636/426 354/580/428 347/591/437
f 354/580/428 355/641/432 349/646/435
f 341/591/438 356/592/439 359/647/440
f 361/642/433 360/640/430 366/648/441
f 351/646/436 361/642/433 356/592/439
f 357/649/421 363/650/442 366/597/441
f 363/632/442 364/599/443 365/600/444
f 367/651/445 366/648/441 363/632/442
f 356/652/439 361/653/433 367/605/445
f 357/649/421 358/604/424 364/603/443
f 359/647/440 365/600/444 364/599/443
f 356/652/439 362/596/446 365/603/444
f 316/654/400 314/655/397 194/429/248
f 195/426/246 322/656/413 320/657/407
f 320/658/407 318/659/404 197/433/251
f 192/431/249 318/660/404 316/661/400
f 200/425/245 324/662/417 322/656/413
f 191/427/244 326/426/418 324/662/417
f 202/424/243 312/663/396 326/664/418
f 196/423/242 314/655/397 312/663/396
f 113/665/447 117/461/274 333/666/403
f 115/442/259 331/622/406 333/666/403
f 310/667/416 327/668/411 109/438/255
f 116/437/254 118/669/277 310/667/416
f 114/670/280 337/671/409 339/672/448
f 119/462/275 113/665/447 335/673/392
f 266/674/354 45/338/179 41/337/178
f 47/675/192 44/676/188 271/677/361
f 44/676/188 49/678/195 271/677/361
f 269/569/365 47/568/192 271/571/361
f 31/561/191 51/570/193 268/563/360
f 265/565/449 266/564/354 31/679/191
f 217/209/79 214/680/450 221/681/451
f 214/680/450 217/209/79 215/212/82
f 221/682/451 252/260/119 216/262/80
f 251/258/118 201/683/452 247/259/113
f 201/684/452 218/241/104 247/252/113
f 588/685/453 590/686/454 591/687/455
f 589/688/456 593/689/457 592/690/458
f 242/214/84 107/691/459 593/689/457
f 391/308/153 412/692/460 612/693/461
f 595/694/462 594/695/463 592/696/458
f 596/697/464 597/698/465 594/695/463
f 12/699/466 596/697/464 595/694/462
f 213/700/81 733/701/467 736/702/468
f 198/206/76 226/208/78 597/698/465
f 226/208/78 602/703/469 751/704/470
f 603/693/471 604/705/472 601/706/473
f 604/707/472 605/708/474 600/709/475
f 605/708/474 606/710/476 598/711/477
f 606/710/476 607/712/478 599/713/479
f 607/712/478 238/242/105 218/241/104
f 607/712/478 608/714/480 240/243/106
f 609/715/481 608/714/480 607/712/478
f 610/716/482 609/715/481 606/710/476
f 604/717/472 611/718/483 610/716/482
f 603/693/471 612/693/461 611/719/483
f 232/251/111 246/546/343 612/693/461
f 226/208/78 232/251/111 603/693/471
f 613/720/484 598/711/477 599/713/479
f 198/206/76 597/698/465 596/697/464
f 732/256/116 738/255/115 739/721/485
f 614/722/486 613/723/484 616/724/487
f 617/725/488 590/726/454 615/727/489
f 251/258/118 253/728/121 616/724/487
f 221/682/451 617/725/488 252/260/119
f 616/724/487 201/683/452 251/258/118
f 368/729/490 377/730/491 374/731/492
f 410/732/493 382/733/494 377/730/491
f 390/734/495 407/735/496 375/736/497
f 375/736/497 416/737/498 395/738/499
f 369/739/500 415/740/501 388/741/502
f 384/742/503 372/743/504 374/731/492
f 370/744/505 374/731/492 388/745/502
f 370/744/505 396/746/506 398/747/507
f 395/748/499 620/749/508 618/750/509
f 371/751/510 383/752/511 376/753/512
f 380/754/513 385/755/514 412/692/460
f 393/307/152 394/306/151 383/752/511
f 412/692/460 391/308/153 393/307/152
f 372/743/504 384/742/503 387/310/155
f 374/731/492 377/730/491 414/756/515
f 407/735/496 417/313/158 389/312/157
f 375/736/497 389/312/157 400/314/159
f 376/753/512 476/757/516 480/758/517
f 376/753/512 383/752/511 407/735/496
f 390/734/495 388/741/502 414/759/515
f 414/759/515 485/760/518 476/757/516
f 377/730/491 382/733/494 481/761/519
f 477/756/520 485/762/518 414/756/515
f 385/755/514 482/763/521 478/764/522
f 478/764/522 484/765/523 413/766/524
f 479/767/525 483/768/526 386/769/527
f 413/770/524 484/771/523 479/767/525
f 380/754/513 480/758/517 482/763/521
f 381/772/528 397/773/175 405/332/174
f 418/774/529 406/334/176 397/333/175
f 381/775/528 404/776/530 423/777/531
f 419/778/532 424/779/533 418/774/529
f 382/733/494 410/732/493 411/780/534
f 382/733/494 386/769/527 483/768/526
f 394/306/151 417/313/158 407/735/496
f 398/747/507 399/343/182 387/310/155
f 401/781/535 403/782/536 408/783/537
f 416/737/498 418/774/529 401/781/535
f 402/784/538 404/785/530 398/747/507
f 396/786/506 408/787/537 403/788/536
f 404/785/530 405/332/174 399/343/182
f 406/334/176 418/774/529 416/737/498
f 401/781/535 420/789/539 422/790/540
f 401/781/535 418/774/529 424/779/533
f 403/791/536 422/792/540 421/793/541
f 402/784/538 421/793/541 423/794/531
f 409/795/542 429/796/543 424/779/533
f 420/789/539 425/797/544 422/790/540
f 420/789/539 424/779/533 429/796/543
f 421/793/541 422/792/540 427/798/545
f 421/793/541 426/799/546 428/800/547
f 434/366/548 440/365/549 436/364/550
f 441/368/551 435/373/552 634/367/553
f 439/371/554 433/801/555 638/370/556
f 435/373/552 441/368/551 437/372/557
f 433/376/555 439/375/554 438/374/558
f 438/374/558 440/365/549 434/366/548
f 440/365/549 459/378/559 457/377/560
f 436/369/550 457/391/560 456/379/561
f 454/381/562 455/380/563 439/371/554
f 441/368/551 456/379/561 454/381/562
f 438/374/558 439/375/554 455/383/563
f 458/382/564 459/378/559 440/365/549
f 457/377/560 459/378/559 446/384/565
f 442/385/566 446/384/565 463/387/567
f 442/388/566 448/390/568 453/390/569
f 447/389/570 456/379/561 457/391/560
f 442/385/566 460/386/571 464/393/572
f 449/396/573 451/395/574 445/394/575
f 443/397/576 445/394/575 455/380/563
f 447/389/570 453/390/569 449/396/573
f 443/397/576 454/381/562 456/379/561
f 444/398/577 458/382/564 455/383/563
f 445/394/575 462/401/578 461/400/579
f 446/384/565 459/378/559 458/382/564
f 461/402/579 463/387/567 446/384/565
f 451/395/574 466/403/580 462/401/578
f 448/390/568 452/405/581 450/404/582
f 448/390/568 451/395/574 449/396/573
f 464/407/572 467/406/583 452/405/581
f 450/404/582 465/408/584 466/403/580
f 452/405/581 467/406/583 465/408/584
f 463/387/567 471/410/585 468/409/586
f 468/409/586 472/411/587 464/393/572
f 461/400/579 462/401/578 470/413/588
f 469/414/589 471/410/585 463/387/567
f 466/403/580 474/415/590 470/413/588
f 472/417/587 475/416/591 467/406/583
f 465/408/584 473/418/592 474/415/590
f 467/406/583 475/416/591 473/418/592
f 468/409/586 471/410/585 475/419/591
f 470/422/588 474/421/590 473/420/592
f 469/414/589 473/420/592 475/419/591
f 476/757/516 577/802/593 573/803/594
f 476/757/516 485/760/518 568/802/595
f 477/756/520 481/761/519 572/804/596
f 576/805/597 568/806/595 485/762/518
f 482/763/521 571/807/598 575/808/599
f 575/808/599 569/809/600 484/765/523
f 574/810/601 570/811/602 483/768/526
f 484/771/523 569/812/600 574/810/601
f 480/758/517 573/803/594 571/807/598
f 481/761/519 483/768/526 570/811/602
f 493/437/603 578/436/604 584/435/605
f 486/438/606 584/435/605 583/440/607
f 487/441/608 586/448/609 582/443/610
f 497/439/611 583/440/607 586/444/609
f 488/445/612 508/449/613 512/447/614
f 500/446/615 582/443/610 586/448/609
f 507/451/616 519/450/617 508/449/613
f 488/452/612 586/444/609 583/440/607
f 489/454/618 501/457/619 513/456/620
f 584/435/605 578/436/604 501/457/619
f 509/455/621 519/458/617 507/453/616
f 489/454/618 507/453/616 583/440/607
f 494/461/622 581/460/623 587/459/624
f 587/459/624 579/463/625 496/462/626
f 580/813/627 585/814/628 495/815/629
f 491/816/630 496/817/626 579/818/625
f 492/442/631 582/443/610 581/460/623
f 493/437/603 495/669/629 585/469/628
f 498/470/632 502/473/633 514/472/634
f 498/470/632 587/459/624 581/460/623
f 527/475/635 541/475/636 506/474/637
f 498/470/632 506/474/637 579/463/625
f 510/471/638 542/476/639 527/475/635
f 526/479/640 540/478/641 503/477/642
f 499/480/643 503/477/642 585/469/628
f 499/480/643 506/483/637 541/482/636
f 580/463/627 579/463/625 506/474/637
f 512/447/614 514/472/634 502/473/633
f 502/473/633 581/460/623 582/443/610
f 501/457/619 503/477/642 515/485/644
f 578/436/604 585/469/628 503/477/642
f 540/478/641 543/486/645 515/485/644
f 504/487/646 509/455/621 513/456/620
f 504/487/646 529/491/647 519/458/617
f 523/488/648 559/490/649 560/489/650
f 560/489/650 558/492/651 529/491/647
f 522/493/652 512/447/614 508/449/613
f 505/494/653 508/449/613 519/450/617
f 564/497/654 563/496/655 522/493/652
f 529/495/647 558/498/651 564/497/654
f 514/472/634 524/500/656 520/499/657
f 520/499/657 544/501/658 542/476/639
f 511/502/659 549/502/660 541/475/636
f 511/502/659 527/475/635 542/476/639
f 511/502/659 550/503/661 553/503/662
f 512/447/614 522/493/652 524/500/656
f 513/456/620 515/485/644 525/504/663
f 515/485/644 543/486/645 546/505/664
f 539/819/665 537/820/666 532/821/667
f 516/508/668 532/506/667 563/496/655
f 516/822/668 564/823/654 558/824/651
f 517/825/669 533/826/670 537/826/666
f 517/511/669 560/489/650 559/490/649
f 517/511/669 539/512/665 558/492/651
f 548/514/671 540/478/641 526/479/640
f 526/479/640 541/482/636 549/515/660
f 551/514/672 552/514/673 548/514/671
f 518/515/674 549/515/660 553/514/662
f 524/500/656 565/517/675 562/516/676
f 528/519/677 547/518/678 544/501/658
f 562/516/676 561/520/679 528/519/677
f 521/521/680 525/504/663 546/505/664
f 566/524/681 567/523/682 525/504/663
f 521/827/680 545/828/683 547/828/678
f 528/528/677 561/524/679 566/524/681
f 563/496/655 565/517/675 524/500/656
f 523/488/648 525/504/663 567/523/682
f 530/829/684 534/830/685 536/831/686
f 530/529/684 562/516/676 565/517/675
f 530/529/684 538/530/687 561/520/679
f 538/832/687 536/833/686 535/834/688
f 531/535/689 535/533/688 567/523/682
f 531/535/689 566/524/681 561/524/679
f 537/820/666 536/831/686 534/830/685
f 532/506/667 534/532/685 565/517/675
f 533/826/670 535/834/688 536/833/686
f 559/490/649 567/523/682 535/533/688
f 548/514/671 552/514/673 543/486/645
f 542/476/639 544/501/658 554/538/690
f 543/486/645 552/514/673 556/539/691
f 547/518/678 557/538/692 554/538/690
f 545/522/683 546/505/664 556/539/691
f 555/540/693 557/540/692 547/522/678
f 554/835/690 557/835/692 553/836/662
f 555/837/693 556/838/691 552/839/673
f 551/836/672 553/836/662 557/835/692
f 36/218/87 595/694/462 593/840/457
f 612/693/461 385/755/514 378/841/694
f 611/842/483 413/843/524 610/716/482
f 386/769/527 609/715/481 379/844/695
f 608/714/480 609/715/481 411/780/534
f 201/684/452 613/720/484 218/241/104
f 372/743/504 373/309/154 392/550/345
f 368/729/490 392/550/345 410/732/493
f 618/750/509 620/749/508 621/845/696
f 619/846/697 621/845/696 396/847/506
f 415/848/501 619/846/697 370/849/505
f 618/750/509 619/846/697 415/848/501
f 408/850/537 621/845/696 620/749/508
f 396/847/506 621/845/696 408/850/537
f 433/851/555 641/852/698 640/552/699
f 639/853/700 640/854/699 622/855/701
f 624/569/702 428/568/547 426/571/546
f 634/561/553 435/570/552 637/563/703
f 625/563/704 626/570/705 428/568/547
f 634/856/553 636/857/706 635/565/707
f 434/559/548 430/564/708 635/565/707
f 434/559/548 633/560/709 622/567/701
f 433/851/555 432/558/710 622/567/701
f 431/568/711 638/571/556 640/552/699
f 628/565/712 629/560/713 425/559/544
f 632/852/714 427/851/545 631/558/715
f 623/552/716 426/571/546 427/851/545
f 431/568/711 639/569/700 637/563/703
f 629/858/713 627/556/717 624/557/702
f 659/579/718 645/590/719 643/591/720
f 654/578/721 647/590/722 659/579/718
f 655/580/723 649/591/724 647/590/722
f 656/585/725 651/594/726 649/591/724
f 647/859/722 651/860/726 643/861/720
f 658/592/727 643/591/720 653/594/728
f 661/587/729 651/594/726 656/585/725
f 652/859/730 646/862/731 644/584/732
f 646/863/731 648/633/733 655/580/723
f 648/633/733 650/864/734 656/585/725
f 642/633/735 644/863/732 660/577/736
f 662/586/737 668/865/738 667/866/739
f 652/864/730 642/633/735 657/574/740
f 667/867/739 664/596/741 658/595/727
f 663/574/742 666/599/743 665/600/744
f 663/574/742 664/592/741 667/866/739
f 657/652/740 663/596/742 668/597/738
f 658/595/727 664/596/741 665/868/744
f 665/600/744 666/599/743 660/577/736
f 666/603/743 663/596/742 657/652/740
f 697/623/745 698/624/746 696/625/747
f 671/618/748 673/617/749 674/620/750
f 696/869/747 698/870/746 669/871/751
f 675/616/752 676/615/753 674/620/750
f 693/610/754 694/609/755 692/626/756
f 675/616/752 677/626/757 678/611/758
f 691/622/759 689/621/760 487/441/608
f 691/611/759 692/626/756 690/616/761
f 679/609/762 680/610/763 678/611/758
f 699/606/764 700/607/765 698/608/746
f 687/620/766 689/615/760 690/616/761
f 679/609/762 681/625/767 682/630/768
f 670/619/769 669/618/751 700/607/765
f 687/620/766 688/617/770 669/618/751
f 683/624/771 684/623/772 682/630/768
f 685/607/773 671/618/748 672/619/774
f 683/608/771 685/607/773 686/606/775
f 693/610/754 695/630/776 696/625/747
f 681/872/767 677/873/757 685/874/773
f 717/574/777 718/875/778 704/637/779
f 713/641/780 718/875/778 719/642/781
f 713/641/780 714/580/782 708/633/783
f 714/580/782 715/636/784 710/634/785
f 708/859/783 710/582/785 702/862/786
f 717/574/777 702/633/786 712/634/787
f 720/635/788 710/634/785 715/636/784
f 709/876/789 707/639/790 703/860/791
f 707/591/790 714/580/782 713/641/780
f 709/877/789 715/636/784 714/580/782
f 701/591/792 703/646/791 719/642/781
f 721/647/793 727/600/794 726/599/795
f 711/877/796 701/591/792 716/592/797
f 726/597/795 723/650/798 717/878/777
f 725/651/799 724/879/800 723/574/798
f 722/592/801 723/574/798 726/599/795
f 716/601/797 722/596/801 727/605/794
f 717/878/777 723/650/798 724/603/800
f 724/879/800 725/651/799 719/642/781
f 725/880/799 722/596/801 716/601/797
f 571/807/598 674/881/750 676/882/753
f 572/804/596 570/811/602 680/883/763
f 678/884/758 680/883/763 574/810/601
f 676/882/753 678/885/758 569/809/600
f 576/805/597 572/804/596 682/886/768
f 684/887/772 686/804/775 568/806/595
f 577/802/593 568/802/595 686/888/775
f 573/803/594 672/889/774 674/881/750
f 693/666/754 494/461/622 490/665/802
f 693/666/754 691/622/759 492/442/631
f 497/439/611 687/668/766 486/438/606
f 495/669/629 493/437/603 670/667/769
f 491/670/630 495/669/629 699/672/764
f 695/673/776 496/462/626 697/890/745
f 423/777/531 428/891/547 626/892/705
f 425/893/544 631/894/715 422/895/540
f 422/895/540 631/894/715 427/896/545
f 629/560/713 630/567/803 631/558/715
f 627/857/717 628/565/712 429/564/543
f 627/562/717 409/561/542 626/570/705
f 591/687/455 590/686/454 221/681/451
f 589/688/456 591/687/455 214/680/450
f 221/682/451 590/726/454 617/725/488
f 616/724/487 613/723/484 201/683/452
f 599/713/479 218/241/104 613/720/484
f 608/714/480 410/732/493 392/550/345
f 588/685/453 592/690/458 756/897/804
f 248/257/117 247/259/113 738/255/115
f 730/898/90 739/721/485 738/255/115
f 740/899/805 735/900/97 225/901/77
f 225/901/77 222/902/88 737/903/806
f 734/904/95 735/900/97 740/899/805
f 219/905/83 736/702/468 737/903/806
f 216/906/80 732/256/116 733/701/467
f 216/262/80 249/261/120 732/256/116
f 22/907/807 260/908/137 745/909/808
f 30/907/809 261/908/183 749/909/810
f 744/910/811 745/909/808 746/911/812
f 22/907/807 744/910/811 743/912/813
f 742/913/814 2/914/346 743/912/813
f 260/908/137 742/913/814 746/911/812
f 750/911/815 748/912/816 747/910/817
f 261/908/183 741/913/141 750/911/815
f 30/907/809 747/910/817 748/912/816
f 38/914/140 748/912/816 750/911/815
f 755/915/818 594/695/463 597/698/465
f 756/916/804 592/696/458 594/695/463
f 588/685/453 757/917/819 590/686/454
f 754/918/820 751/704/470 602/703/469
f 753/919/821 754/920/820 601/921/473
f 752/922/822 753/919/821 600/923/475
f 752/924/822 598/711/477 613/720/484
f 756/925/804 764/926/823 765/927/824
f 753/928/821 752/929/822 760/930/825
f 762/931/826 763/932/827 597/933/465
f 761/934/828 764/926/823 763/932/827
f 760/930/825 765/927/824 764/926/823
f 615/727/489 590/726/454 758/935/829
f 752/929/822 613/936/484 759/937/830
f 757/938/819 765/927/824 758/935/829
f 755/939/818 597/933/465 763/932/827
f 754/940/820 753/928/821 761/934/828
f 755/939/818 763/932/827 764/926/823
f 613/723/484 614/722/486 759/937/830
f 758/935/829 759/937/830 614/722/486
f 616/724/487 617/725/488 615/727/489
f 760/930/825 759/937/830 758/935/829
f 249/261/120 250/254/114 732/256/116
f 751/941/470 754/940/820 762/931/826
f 730/898/90 731/942/93 739/721/485
f 736/702/468 739/721/485 740/899/805
f 733/701/467 739/721/485 736/702/468
f 731/942/93 734/904/95 740/899/805
f 215/212/82 217/209/79 213/211/81
f 220/215/85 215/212/82 219/213/83
f 107/691/459 242/214/84 220/215/85
f 107/943/459 220/216/85 36/218/87
f 220/216/85 219/219/83 223/217/86
f 223/217/86 222/220/88 224/221/89
f 12/699/466 36/218/87 224/221/89
f 731/225/93 730/222/90 229/224/92
f 734/944/95 731/225/93 230/226/94
f 735/230/97 734/227/95 231/229/96
f 225/207/77 735/230/97 226/208/78
f 232/251/111 226/208/78 233/231/98
f 231/229/96 230/232/94 233/231/98
f 230/945/94 229/234/92 234/236/99
f 229/234/92 227/237/91 235/235/100
f 227/237/91 228/239/102 236/238/101
f 228/239/102 218/241/104 237/240/103
f 239/244/107 237/240/103 240/243/106
f 236/238/101 237/240/103 241/245/108
f 235/235/100 236/238/101 243/246/109
f 244/250/110 234/247/99 243/249/109
f 245/231/112 233/231/98 244/250/110
f 246/546/343 232/251/111 245/231/112
f 12/699/466 224/221/89 198/206/76
f 255/271/126 252/263/119 254/265/122
f 250/275/114 249/266/120 256/268/124
f 254/265/122 253/264/121 258/270/125
f 257/267/123 249/266/120 255/271/126
f 251/946/118 248/272/117 258/274/125
f 248/272/117 250/275/114 259/273/127
f 256/947/124 257/276/123 254/278/122
f 256/947/124 254/278/122 259/280/127
f 9/284/131 1/281/128 6/283/130
f 1/281/128 9/284/131 32/286/133
f 21/289/136 2/551/346 742/948/814
f 742/948/814 7/287/134 21/289/136
f 742/948/814 260/290/137 7/287/134
f 741/294/141 2/551/346 20/292/139
f 21/289/136 20/292/139 2/551/346
f 3/296/143 6/283/130 17/295/142
f 6/283/130 3/296/143 20/298/139
f 23/348/187 3/296/143 24/299/144
f 16/305/150 4/300/145 8/302/147
f 4/300/145 34/303/148 13/301/146
f 4/300/145 16/305/150 393/307/152
f 4/300/145 393/307/152 34/303/148
f 17/295/142 5/282/129 387/310/155
f 9/284/131 6/283/130 37/311/156
f 7/287/134 389/312/157 29/288/135
f 389/312/157 7/287/134 400/314/159
f 98/317/161 8/302/147 102/315/160
f 16/305/150 8/302/147 29/288/135
f 8/302/147 37/316/156 21/289/136
f 8/302/147 98/317/161 37/316/156
f 15/285/132 9/284/131 103/319/164
f 9/284/131 37/311/156 99/311/163
f 10/949/344 100/321/165 18/304/149
f 10/950/344 35/323/167 100/321/165
f 11/951/831 19/325/169 101/327/171
f 11/951/831 101/327/171 35/329/167
f 102/315/160 13/301/146 104/322/166
f 397/773/175 14/330/172 405/332/174
f 14/952/172 397/333/175 40/335/177
f 28/953/173 14/336/172 45/338/179
f 14/954/172 40/339/177 41/341/178
f 32/286/133 15/285/132 33/342/181
f 19/325/169 15/285/132 105/326/170
f 16/305/150 29/288/135 394/306/151
f 17/295/142 387/310/155 24/299/144
f 25/346/185 22/955/807 261/344/183
f 261/344/183 30/956/809 27/345/184
f 260/290/137 22/955/807 25/346/185
f 25/346/185 40/335/177 260/290/137
f 23/348/187 24/299/144 26/347/186
f 30/957/809 23/348/187 27/349/184
f 24/299/144 399/343/182 28/331/173
f 400/314/159 39/291/138 406/334/176
f 42/352/189 25/346/185 44/351/188
f 40/335/177 25/346/185 46/353/180
f 26/347/186 43/354/190 27/356/184
f 43/354/190 26/347/186 45/357/179
f 51/958/193 31/358/191 46/340/180
f 46/353/180 42/352/189 51/360/193
f 44/959/188 43/354/190 49/362/195
f 48/361/194 43/354/190 50/363/196
f 52/960/355 58/364/197 56/366/199
f 58/369/197 52/961/355 274/367/200
f 274/367/200 57/373/205 63/368/201
f 59/372/204 53/962/359 278/370/202
f 278/370/202 55/801/207 61/371/203
f 53/962/359 59/372/204 57/373/205
f 54/963/357 60/374/206 55/376/207
f 54/963/357 56/366/199 60/374/206
f 58/364/197 79/377/208 62/365/198
f 79/391/208 58/369/197 78/379/210
f 59/372/204 61/371/203 76/381/212
f 59/372/204 76/381/212 63/368/201
f 61/375/203 60/374/206 77/383/211
f 60/374/206 62/365/198 80/382/213
f 64/385/215 68/384/214 79/377/208
f 68/384/214 64/385/215 85/387/217
f 70/390/220 64/388/215 75/390/219
f 64/388/215 79/391/208 69/389/218
f 82/386/216 64/385/215 86/393/221
f 65/397/225 67/394/222 71/396/224
f 67/394/222 65/397/225 77/380/211
f 65/397/225 71/396/224 69/389/218
f 76/381/212 65/397/225 78/379/210
f 80/382/213 66/398/226 77/383/211
f 66/964/226 83/400/227 67/394/222
f 66/398/226 80/382/213 68/384/214
f 66/398/226 68/384/214 83/402/227
f 67/394/222 84/401/228 73/395/223
f 74/405/231 70/390/220 72/404/230
f 73/395/223 70/390/220 71/396/224
f 70/390/220 74/405/231 86/407/221
f 87/408/233 72/404/230 88/403/229
f 72/404/230 87/408/233 74/405/231
f 82/386/216 90/409/234 85/387/217
f 82/386/216 86/393/221 90/409/234
f 84/401/228 83/400/227 92/413/238
f 83/402/227 85/387/217 91/414/237
f 84/401/228 92/413/238 88/403/229
f 86/407/221 89/406/232 94/417/236
f 95/418/241 87/408/233 96/415/239
f 87/408/233 95/418/241 89/406/232
f 93/410/235 90/409/234 97/419/240
f 91/414/237 95/420/241 92/422/238
f 95/420/241 91/414/237 97/419/240
f 202/424/243 98/317/161 196/423/242
f 108/318/162 98/317/161 191/424/244
f 103/319/164 99/311/163 195/426/246
f 99/311/163 108/320/162 200/425/245
f 100/321/165 199/428/247 104/322/166
f 100/321/165 106/430/168 199/428/247
f 101/327/171 105/326/170 197/433/251
f 101/327/171 197/433/251 106/328/168
f 196/423/242 102/315/160 194/429/248
f 105/326/170 103/319/164 193/432/250
f 109/438/255 209/435/252 116/437/254
f 209/435/252 109/438/255 208/440/257
f 211/448/261 110/441/258 207/443/260
f 110/965/258 211/444/261 120/439/256
f 131/449/265 111/445/262 135/447/264
f 111/445/262 211/448/261 123/446/263
f 111/445/262 131/449/265 130/451/267
f 211/444/261 111/452/262 208/440/257
f 124/457/271 112/454/268 136/456/270
f 112/454/268 124/457/271 209/435/252
f 112/454/268 130/453/267 132/455/269
f 130/453/267 112/454/268 208/440/257
f 113/665/447 212/459/272 117/461/274
f 113/665/447 119/462/275 212/459/272
f 114/966/280 118/464/277 205/466/279
f 119/967/275 114/467/280 204/468/276
f 207/443/260 115/442/259 206/460/273
f 118/669/277 116/437/254 210/469/278
f 125/473/284 121/470/281 137/472/283
f 212/459/272 121/470/281 206/460/273
f 121/470/281 129/474/285 150/475/287
f 129/474/285 121/470/281 204/463/276
f 121/470/281 150/475/287 133/471/282
f 122/480/292 126/477/289 149/479/291
f 126/477/289 122/480/292 210/469/278
f 129/483/285 122/480/292 164/482/286
f 122/480/292 129/483/285 205/481/279
f 123/446/263 125/473/284 135/447/264
f 123/446/263 207/443/260 125/473/284
f 126/477/289 124/457/271 138/485/293
f 124/457/271 126/477/289 203/436/253
f 126/477/289 138/485/293 163/478/290
f 132/455/269 127/487/295 136/456/270
f 152/491/299 127/487/295 142/458/266
f 127/487/295 183/489/297 146/488/296
f 127/487/295 152/491/299 183/489/297
f 128/494/302 131/449/265 145/493/301
f 131/449/265 128/494/302 142/450/266
f 128/494/302 145/493/301 187/497/304
f 128/494/302 187/497/304 152/495/299
f 133/471/282 143/499/305 137/472/283
f 133/471/282 165/476/288 143/499/305
f 172/502/310 134/502/308 164/475/286
f 150/475/287 134/502/308 165/476/288
f 173/503/309 134/502/308 176/503/311
f 145/493/301 135/447/264 147/500/306
f 138/485/293 136/456/270 148/504/312
f 166/486/294 138/485/293 169/505/313
f 139/508/317 155/506/314 162/508/316
f 155/506/314 139/508/317 186/496/303
f 187/968/304 139/509/317 181/510/300
f 156/513/319 140/511/318 160/513/315
f 183/489/297 140/511/318 182/490/298
f 162/512/316 140/511/318 181/492/300
f 141/515/323 149/479/291 171/514/320
f 141/515/323 172/515/310 149/479/291
f 141/515/323 171/514/320 174/514/322
f 172/502/310 141/502/323 176/503/311
f 143/499/305 185/516/324 147/500/306
f 143/499/305 167/501/307 151/519/327
f 143/499/305 151/519/327 185/516/324
f 148/504/312 144/521/329 169/505/313
f 144/521/329 148/504/312 189/524/332
f 168/527/330 144/525/329 170/527/326
f 144/521/329 189/524/332 151/528/327
f 145/493/301 147/500/306 186/496/303
f 148/504/312 146/488/296 190/523/331
f 157/532/336 153/529/333 159/531/335
f 185/516/324 153/529/333 188/517/325
f 161/530/334 153/529/333 184/520/328
f 154/535/338 158/533/337 161/535/334
f 158/533/337 154/535/338 190/523/331
f 189/524/332 154/535/338 184/524/328
f 155/506/314 157/532/336 160/507/315
f 157/532/336 155/506/314 188/517/325
f 158/969/337 156/536/319 159/537/335
f 156/513/319 158/533/337 182/490/298
f 163/478/290 166/486/294 171/514/320
f 167/501/307 165/476/288 177/538/339
f 175/514/321 166/486/294 179/539/340
f 167/501/307 177/538/339 170/518/326
f 169/505/313 168/522/330 179/539/340
f 168/522/330 170/522/326 178/540/342
f 173/541/309 176/541/311 177/542/339
f 174/543/322 175/543/321 178/545/342
f 176/541/311 174/541/322 180/542/341
f 34/303/148 391/308/153 245/231/112
f 245/231/112 244/250/110 10/949/344
f 10/949/344 18/304/149 245/231/112
f 244/549/110 243/970/109 35/547/167
f 11/951/831 35/547/167 243/970/109
f 19/325/169 11/951/831 241/245/108
f 243/246/109 241/245/108 11/951/831
f 241/245/108 239/244/107 33/342/181
f 240/243/106 392/550/345 239/244/107
f 1/281/128 392/550/345 5/282/129
f 22/955/807 2/551/346 261/344/183
f 30/971/809 38/297/140 23/348/187
f 278/571/202 280/552/347 55/554/207
f 275/557/351 273/972/356 262/613/358
f 262/613/358 281/631/348 280/614/347
f 280/614/347 279/555/349 275/557/351
f 277/556/350 276/588/353 275/557/351
f 275/557/351 262/613/358 280/614/347
f 263/567/363 48/558/194 264/560/352
f 57/570/205 274/561/200 277/563/350
f 265/565/449 264/560/352 266/564/354
f 274/679/200 52/564/355 276/566/353
f 52/564/355 56/559/199 275/565/351
f 56/559/199 54/558/357 273/560/356
f 54/558/357 55/554/207 262/567/358
f 278/571/202 53/568/359 280/552/347
f 269/569/365 268/563/360 47/568/192
f 270/552/832 271/571/361 272/553/362
f 272/553/362 49/554/195 263/567/363
f 57/570/205 277/563/350 53/568/359
f 272/557/362 263/973/363 264/573/352
f 264/573/352 265/974/449 267/572/364
f 267/572/364 268/975/360 269/556/365
f 269/556/365 270/976/832 272/557/362
f 272/557/362 264/573/352 269/556/365
f 299/577/369 298/574/366 285/576/368
f 286/590/383 284/590/380 300/579/371
f 299/577/369 285/576/368 287/576/372
f 286/590/383 300/579/371 294/578/370
f 287/576/372 294/578/370 299/577/369
f 294/578/370 287/576/372 295/580/374
f 296/585/377 295/580/374 291/581/375
f 287/584/372 285/977/368 283/859/367
f 283/859/367 293/582/376 287/584/372
f 291/583/375 289/862/373 287/584/372
f 301/586/378 293/581/376 298/574/366
f 292/594/382 290/594/381 302/587/379
f 296/585/377 291/581/375 301/586/378
f 293/581/376 301/586/378 291/581/375
f 302/587/379 290/594/381 296/585/377
f 292/589/382 282/859/833 284/582/380
f 284/582/380 286/614/383 288/862/384
f 288/862/384 290/588/381 284/582/380
f 288/591/384 286/590/383 295/580/374
f 290/594/381 288/591/384 296/585/377
f 282/591/833 297/592/385 284/590/380
f 308/978/391 302/587/379 307/593/386
f 282/591/833 292/594/382 297/592/385
f 301/979/378 298/595/366 307/597/386
f 303/592/390 304/598/387 306/600/389
f 308/978/391 307/593/386 303/592/390
f 303/596/390 297/601/385 308/603/391
f 304/596/387 298/595/366 305/603/388
f 305/599/388 299/577/369 306/600/389
f 300/980/371 297/601/385 306/605/389
f 337/629/409 335/606/392 338/608/394
f 313/626/834 311/609/395 314/611/397
f 330/614/399 328/555/412 309/556/415
f 309/556/415 340/588/410 338/612/394
f 338/612/394 336/972/393 334/613/398
f 334/613/398 332/981/402 330/614/399
f 330/614/399 309/556/415 338/612/394
f 313/626/834 314/611/397 315/616/401
f 331/620/406 332/617/402 333/619/403
f 317/617/835 315/616/401 318/620/404
f 115/442/259 110/441/258 331/622/406
f 120/982/256 329/621/405 110/441/258
f 329/615/405 330/616/399 331/620/406
f 317/617/835 318/620/404 319/618/408
f 339/630/448 337/623/409 340/625/410
f 329/615/405 327/611/411 330/616/399
f 319/618/408 320/619/407 321/628/414
f 339/630/448 340/625/410 310/610/416
f 310/610/416 309/609/415 327/611/411
f 323/608/419 321/628/414 324/629/417
f 325/625/420 326/630/418 311/609/395
f 325/625/420 323/624/419 326/630/418
f 335/606/392 333/619/403 336/607/393
f 325/555/420 311/983/395 317/984/835
f 313/976/834 315/557/401 317/984/835
f 317/984/835 319/613/408 325/555/420
f 321/631/414 323/985/419 325/555/420
f 311/983/395 313/976/834 317/984/835
f 358/635/424 357/632/421 344/634/423
f 345/877/836 343/877/434 359/647/440
f 359/647/440 358/635/424 353/636/426
f 344/634/423 346/634/425 358/635/424
f 353/636/426 345/877/836 359/647/440
f 354/580/428 353/636/426 348/633/427
f 355/641/432 354/580/428 350/637/429
f 346/631/425 344/860/423 342/638/422
f 342/638/422 352/861/431 350/876/429
f 350/876/429 348/639/427 342/638/422
f 357/632/421 360/640/430 342/633/422
f 351/646/436 349/646/435 361/642/433
f 355/641/432 350/637/429 360/640/430
f 352/637/431 360/640/430 350/637/429
f 361/642/433 349/646/435 355/641/432
f 351/645/436 341/862/438 343/643/434
f 343/643/434 345/986/836 347/639/437
f 347/639/437 349/644/435 343/643/434
f 345/877/836 353/636/426 347/591/437
f 347/591/437 354/580/428 349/646/435
f 343/877/434 341/591/438 359/647/440
f 367/651/445 361/642/433 366/648/441
f 341/591/438 351/646/436 356/592/439
f 360/653/430 357/649/421 366/597/441
f 362/592/446 363/632/442 365/600/444
f 362/592/446 367/651/445 363/632/442
f 362/596/446 356/652/439 367/605/445
f 363/650/442 357/649/421 364/603/443
f 358/635/424 359/647/440 364/599/443
f 359/602/440 356/652/439 365/603/444
f 199/428/247 316/654/400 194/429/248
f 193/432/250 195/426/246 320/657/407
f 192/434/249 197/433/251 318/659/404
f 193/432/250 320/658/407 197/433/251
f 199/428/247 192/431/249 316/661/400
f 195/426/246 200/425/245 322/656/413
f 200/425/245 191/427/244 324/662/417
f 191/424/244 202/424/243 326/664/418
f 196/423/242 194/429/248 314/655/397
f 312/663/396 202/424/243 196/423/242
f 335/673/392 113/665/447 333/666/403
f 117/461/274 115/442/259 333/666/403
f 120/439/256 109/438/255 327/668/411
f 327/668/411 329/987/405 120/439/256
f 339/672/448 310/667/416 118/669/277
f 109/438/255 116/437/254 310/667/416
f 118/669/277 114/670/280 339/672/448
f 335/673/392 337/890/409 119/462/275
f 114/988/280 119/462/275 337/890/409
f 41/337/178 31/989/191 266/674/354
f 266/674/354 50/990/196 45/338/179
f 270/552/832 269/569/365 271/571/361
f 267/562/364 31/561/191 268/563/360
f 267/566/364 265/565/449 31/679/191
f 216/210/80 217/209/79 221/681/451
f 242/214/84 214/680/450 215/212/82
f 589/688/456 588/685/453 591/687/455
f 588/685/453 589/688/456 592/690/458
f 589/688/456 242/214/84 593/689/457
f 246/546/343 391/308/153 612/693/461
f 593/840/457 595/694/462 592/696/458
f 595/694/462 596/697/464 594/695/463
f 36/218/87 12/699/466 595/694/462
f 219/905/83 213/700/81 736/702/468
f 597/698/465 226/208/78 751/704/470
f 602/703/469 603/693/471 601/706/473
f 601/991/473 604/707/472 600/709/475
f 600/992/475 605/708/474 598/711/477
f 598/711/477 606/710/476 599/713/479
f 599/713/479 607/712/478 218/241/104
f 238/242/105 607/712/478 240/243/106
f 606/710/476 609/715/481 607/712/478
f 605/708/474 610/716/482 606/710/476
f 605/708/474 604/717/472 610/716/482
f 604/993/472 603/693/471 611/719/483
f 603/693/471 232/251/111 612/693/461
f 602/703/469 226/208/78 603/693/471
f 12/699/466 198/206/76 596/697/464
f 733/701/467 732/256/116 739/721/485
f 617/725/488 616/724/487 253/728/121
f 253/728/121 252/260/119 617/725/488
f 372/743/504 368/729/490 374/731/492
f 368/729/490 410/732/493 377/730/491
f 369/739/500 390/734/495 375/736/497
f 369/739/500 375/736/497 395/738/499
f 390/734/495 369/739/500 388/741/502
f 370/744/505 384/742/503 374/731/492
f 415/994/501 370/744/505 388/745/502
f 384/742/503 370/744/505 398/747/507
f 369/995/500 395/748/499 618/750/509
f 380/754/513 371/751/510 376/753/512
f 371/751/510 380/754/513 412/692/460
f 371/751/510 393/307/152 383/752/511
f 371/751/510 412/692/460 393/307/152
f 373/309/154 372/743/504 387/310/155
f 388/745/502 374/731/492 414/756/515
f 375/736/497 407/735/496 389/312/157
f 416/737/498 375/736/497 400/314/159
f 380/754/513 376/753/512 480/758/517
f 390/734/495 376/753/512 407/735/496
f 376/753/512 390/734/495 414/759/515
f 376/753/512 414/759/515 476/757/516
f 477/756/520 377/730/491 481/761/519
f 377/730/491 477/756/520 414/756/515
f 378/841/694 385/755/514 478/764/522
f 378/996/694 478/764/522 413/766/524
f 379/844/695 479/767/525 386/769/527
f 379/844/695 413/770/524 479/767/525
f 385/755/514 380/754/513 482/763/521
f 404/785/530 381/772/528 405/332/174
f 381/997/528 418/774/529 397/333/175
f 419/998/532 381/775/528 423/777/531
f 381/997/528 419/778/532 418/774/529
f 386/769/527 382/733/494 411/780/534
f 481/761/519 382/733/494 483/768/526
f 383/752/511 394/306/151 407/735/496
f 384/742/503 398/747/507 387/310/155
f 395/738/499 401/781/535 408/783/537
f 395/738/499 416/737/498 401/781/535
f 396/746/506 402/784/538 398/747/507
f 402/784/538 396/786/506 403/788/536
f 398/747/507 404/785/530 399/343/182
f 400/314/159 406/334/176 416/737/498
f 403/999/536 401/781/535 422/790/540
f 420/789/539 401/781/535 424/779/533
f 402/784/538 403/791/536 421/793/541
f 404/785/530 402/784/538 423/794/531
f 419/778/532 409/795/542 424/779/533
f 425/797/544 420/789/539 429/796/543
f 426/799/546 421/793/541 427/798/545
f 423/794/531 421/793/541 428/800/547
f 430/960/708 434/366/548 436/364/550
f 634/367/553 430/961/708 436/369/550
f 436/369/550 441/368/551 634/367/553
f 638/370/556 431/962/711 437/372/557
f 437/372/557 439/371/554 638/370/556
f 431/962/711 435/373/552 437/372/557
f 432/963/710 433/376/555 438/374/558
f 432/963/710 438/374/558 434/366/548
f 436/364/550 440/365/549 457/377/560
f 441/368/551 436/369/550 456/379/561
f 437/372/557 454/381/562 439/371/554
f 437/372/557 441/368/551 454/381/562
f 458/382/564 438/374/558 455/383/563
f 438/374/558 458/382/564 440/365/549
f 442/385/566 457/377/560 446/384/565
f 460/386/571 442/385/566 463/387/567
f 447/389/570 442/388/566 453/390/569
f 442/388/566 447/389/570 457/391/560
f 448/392/568 442/385/566 464/393/572
f 443/397/576 449/396/573 445/394/575
f 454/381/562 443/397/576 455/380/563
f 443/397/576 447/389/570 449/396/573
f 447/389/570 443/397/576 456/379/561
f 445/399/575 444/398/577 455/383/563
f 444/964/577 445/394/575 461/400/579
f 444/398/577 446/384/565 458/382/564
f 444/398/577 461/402/579 446/384/565
f 445/394/575 451/395/574 462/401/578
f 451/395/574 448/390/568 450/404/582
f 453/390/569 448/390/568 449/396/573
f 448/390/568 464/407/572 452/405/581
f 451/395/574 450/404/582 466/403/580
f 450/404/582 452/405/581 465/408/584
f 460/386/571 463/387/567 468/409/586
f 460/386/571 468/409/586 464/393/572
f 469/412/589 461/400/579 470/413/588
f 461/402/579 469/414/589 463/387/567
f 462/401/578 466/403/580 470/413/588
f 464/407/572 472/417/587 467/406/583
f 466/403/580 465/408/584 474/415/590
f 465/408/584 467/406/583 473/418/592
f 472/411/587 468/409/586 475/419/591
f 469/414/589 470/422/588 473/420/592
f 471/410/585 469/414/589 475/419/591
f 480/758/517 476/757/516 573/803/594
f 577/802/593 476/757/516 568/802/595
f 576/805/597 477/756/520 572/804/596
f 477/756/520 576/805/597 485/762/518
f 478/764/522 482/763/521 575/808/599
f 478/764/522 575/808/599 484/765/523
f 479/767/525 574/810/601 483/768/526
f 479/767/525 484/771/523 574/810/601
f 482/763/521 480/758/517 571/807/598
f 572/804/596 481/761/519 570/811/602
f 486/438/606 493/437/603 584/435/605
f 497/439/611 486/438/606 583/440/607
f 492/442/631 487/441/608 582/443/610
f 487/965/608 497/439/611 586/444/609
f 500/446/615 488/445/612 512/447/614
f 488/445/612 500/446/615 586/448/609
f 488/445/612 507/451/616 508/449/613
f 507/453/616 488/452/612 583/440/607
f 509/455/621 489/454/618 513/456/620
f 489/454/618 584/435/605 501/457/619
f 489/454/618 509/455/621 507/453/616
f 584/435/605 489/454/618 583/440/607
f 490/665/802 494/461/622 587/459/624
f 490/665/802 587/459/624 496/462/626
f 491/1000/630 580/813/627 495/815/629
f 580/818/627 491/816/630 579/818/625
f 494/461/622 492/442/631 581/460/623
f 578/436/604 493/437/603 585/469/628
f 510/471/638 498/470/632 514/472/634
f 502/473/633 498/470/632 581/460/623
f 498/470/632 527/475/635 506/474/637
f 587/459/624 498/470/632 579/463/625
f 498/470/632 510/471/638 527/475/635
f 499/480/643 526/479/640 503/477/642
f 580/481/627 499/480/643 585/469/628
f 526/479/640 499/480/643 541/482/636
f 499/1001/643 580/463/627 506/474/637
f 500/446/615 512/447/614 502/473/633
f 500/446/615 502/473/633 582/443/610
f 513/456/620 501/457/619 515/485/644
f 501/457/619 578/436/604 503/477/642
f 503/477/642 540/478/641 515/485/644
f 523/488/648 504/487/646 513/456/620
f 509/455/621 504/487/646 519/458/617
f 504/487/646 523/488/648 560/489/650
f 504/487/646 560/489/650 529/491/647
f 505/494/653 522/493/652 508/449/613
f 529/495/647 505/494/653 519/450/617
f 505/494/653 564/497/654 522/493/652
f 505/494/653 529/495/647 564/497/654
f 510/471/638 514/472/634 520/499/657
f 510/471/638 520/499/657 542/476/639
f 527/475/635 511/502/659 541/475/636
f 550/503/661 511/502/659 542/476/639
f 549/502/660 511/502/659 553/503/662
f 514/472/634 512/447/614 524/500/656
f 523/488/648 513/456/620 525/504/663
f 525/504/663 515/485/644 546/505/664
f 516/819/668 539/819/665 532/821/667
f 564/497/654 516/508/668 563/496/655
f 539/822/665 516/822/668 558/824/651
f 539/1002/665 517/825/669 537/826/666
f 533/513/670 517/511/669 559/490/649
f 560/489/650 517/511/669 558/492/651
f 518/515/674 548/514/671 526/479/640
f 518/515/674 526/479/640 549/515/660
f 518/515/674 551/514/672 548/514/671
f 551/514/672 518/515/674 553/514/662
f 520/499/657 524/500/656 562/516/676
f 520/499/657 528/519/677 544/501/658
f 520/499/657 562/516/676 528/519/677
f 545/522/683 521/521/680 546/505/664
f 521/521/680 566/524/681 525/504/663
f 528/1003/677 521/827/680 547/828/678
f 521/521/680 528/528/677 566/524/681
f 522/493/652 563/496/655 524/500/656
f 559/490/649 523/488/648 567/523/682
f 538/1004/687 530/829/684 536/831/686
f 534/532/685 530/529/684 565/517/675
f 562/516/676 530/529/684 561/520/679
f 531/832/689 538/832/687 535/834/688
f 566/524/681 531/535/689 567/523/682
f 538/535/687 531/535/689 561/524/679
f 532/821/667 537/820/666 534/830/685
f 563/496/655 532/506/667 565/517/675
f 537/826/666 533/826/670 536/833/686
f 533/513/670 559/490/649 535/533/688
f 540/478/641 548/514/671 543/486/645
f 550/503/661 542/476/639 554/538/690
f 546/505/664 543/486/645 556/539/691
f 544/501/658 547/518/678 554/538/690
f 555/540/693 545/522/683 556/539/691
f 545/522/683 555/540/693 547/522/678
f 550/836/661 554/835/690 553/836/662
f 551/839/672 555/837/693 552/839/673
f 555/835/693 551/836/672 557/835/692
f 107/943/459 36/218/87 593/840/457
f 378/841/694 611/719/483 612/693/461
f 612/693/461 412/692/460 385/755/514
f 379/844/695 610/716/482 413/843/524
f 611/842/483 378/1005/694 413/843/524
f 610/716/482 379/844/695 609/715/481
f 386/769/527 411/780/534 609/715/481
f 410/732/493 608/714/480 411/780/534
f 368/729/490 372/743/504 392/550/345
f 619/846/697 618/750/509 621/845/696
f 370/849/505 619/846/697 396/847/506
f 369/995/500 618/750/509 415/848/501
f 395/748/499 408/850/537 620/749/508
f 638/571/556 433/851/555 640/552/699
f 622/855/701 633/1006/709 635/1007/707
f 635/1007/707 636/1008/706 622/855/701
f 637/1009/703 639/853/700 622/855/701
f 640/854/699 641/1010/698 622/855/701
f 622/855/701 636/1008/706 637/1009/703
f 623/552/716 624/569/702 426/571/546
f 636/562/706 634/561/553 637/563/703
f 624/569/702 625/563/704 428/568/547
f 430/564/708 634/856/553 635/565/707
f 633/560/709 434/559/548 635/565/707
f 432/558/710 434/559/548 622/567/701
f 641/852/698 433/851/555 622/567/701
f 639/569/700 431/568/711 640/552/699
f 429/564/543 628/565/712 425/559/544
f 630/567/803 632/852/714 631/558/715
f 632/852/714 623/552/716 427/851/545
f 435/570/552 431/568/711 637/563/703
f 624/557/702 623/972/716 629/858/713
f 632/613/714 630/974/803 629/858/713
f 629/858/713 628/555/712 627/556/717
f 627/556/717 625/588/704 624/557/702
f 623/972/716 632/613/714 629/858/713
f 658/592/727 659/579/718 643/591/720
f 660/577/736 644/863/732 646/863/731
f 646/863/731 654/578/721 660/577/736
f 647/590/722 645/590/719 659/579/718
f 659/579/718 660/577/736 654/578/721
f 654/578/721 655/580/723 647/590/722
f 655/580/723 656/585/725 649/591/724
f 643/861/720 645/876/719 647/859/722
f 647/859/722 649/631/724 651/860/726
f 651/860/726 653/862/728 643/861/720
f 661/587/729 658/592/727 653/594/728
f 656/585/725 650/864/734 662/586/737
f 662/586/737 661/587/729 656/585/725
f 650/864/734 652/864/730 662/586/737
f 653/594/728 651/594/726 661/587/729
f 644/584/732 642/977/735 652/859/730
f 652/859/730 650/582/734 648/583/733
f 648/583/733 646/862/731 652/859/730
f 654/578/721 646/863/731 655/580/723
f 655/580/723 648/633/733 656/585/725
f 657/574/740 642/633/735 660/577/736
f 661/587/729 662/586/737 667/866/739
f 662/586/737 652/864/730 657/574/740
f 661/602/729 667/867/739 658/595/727
f 664/592/741 663/574/742 665/600/744
f 668/865/738 663/574/742 667/866/739
f 662/653/737 657/652/740 668/597/738
f 659/653/718 658/595/727 665/868/744
f 659/579/718 665/600/744 660/577/736
f 660/604/736 666/603/743 657/652/740
f 695/630/776 697/623/745 696/625/747
f 672/619/774 671/618/748 674/620/750
f 669/871/751 688/1011/770 690/1012/761
f 690/1012/761 692/1013/756 669/871/751
f 694/1014/755 696/869/747 669/871/751
f 698/870/746 700/1015/765 669/871/751
f 669/871/751 692/1013/756 694/1014/755
f 673/617/749 675/616/752 674/620/750
f 691/611/759 693/610/754 692/626/756
f 676/615/753 675/616/752 678/611/758
f 497/982/611 487/441/608 689/621/760
f 492/442/631 691/622/759 487/441/608
f 689/615/760 691/611/759 690/616/761
f 677/626/757 679/609/762 678/611/758
f 697/629/745 699/606/764 698/608/746
f 688/617/770 687/620/766 690/616/761
f 680/610/763 679/609/762 682/630/768
f 699/606/764 670/619/769 700/607/765
f 670/619/769 687/620/766 669/618/751
f 681/625/767 683/624/771 682/630/768
f 686/606/775 685/607/773 672/619/774
f 684/629/772 683/608/771 686/606/775
f 694/609/755 693/610/754 696/625/747
f 673/1016/749 671/1017/748 685/874/773
f 685/874/773 683/1018/771 681/872/767
f 681/872/767 679/1019/762 677/873/757
f 677/873/757 675/1020/752 673/1016/749
f 673/1016/749 685/874/773 677/873/757
f 702/633/786 717/574/777 704/637/779
f 719/642/781 703/646/791 705/646/837
f 713/641/780 706/637/838 718/875/778
f 719/642/781 705/646/837 713/641/780
f 704/637/779 718/875/778 706/637/838
f 706/637/838 713/641/780 708/633/783
f 708/633/783 714/580/782 710/634/785
f 702/862/786 704/584/779 706/977/838
f 706/977/838 708/859/783 702/862/786
f 710/582/785 712/583/787 702/862/786
f 720/635/788 717/574/777 712/634/787
f 715/636/784 709/877/789 721/647/793
f 721/647/793 720/635/788 715/636/784
f 709/877/789 711/877/796 721/647/793
f 712/634/787 710/634/785 720/635/788
f 703/860/791 701/862/792 711/861/796
f 711/861/796 709/876/789 703/860/791
f 707/639/790 705/631/837 703/860/791
f 705/646/837 707/591/790 713/641/780
f 707/591/790 709/877/789 714/580/782
f 716/592/797 701/591/792 719/642/781
f 720/635/788 721/647/793 726/599/795
f 721/647/793 711/877/796 716/592/797
f 720/653/788 726/597/795 717/878/777
f 722/592/801 725/651/799 723/574/798
f 727/600/794 722/592/801 726/599/795
f 721/979/793 716/601/797 727/605/794
f 718/604/778 717/878/777 724/603/800
f 718/875/778 724/879/800 719/642/781
f 719/602/781 725/880/799 716/601/797
f 575/808/599 571/807/598 676/882/753
f 682/886/768 572/804/596 680/883/763
f 570/811/602 574/810/601 680/883/763
f 569/812/600 678/884/758 574/810/601
f 575/808/599 676/882/753 569/809/600
f 684/887/772 576/805/597 682/886/768
f 576/805/597 684/887/772 568/806/595
f 672/889/774 577/802/593 686/888/775
f 573/803/594 577/802/593 672/889/774
f 674/881/750 571/807/598 573/803/594
f 695/673/776 693/666/754 490/665/802
f 494/461/622 693/666/754 492/442/631
f 670/667/769 486/438/606 687/668/766
f 497/439/611 689/987/760 687/668/766
f 486/438/606 670/667/769 493/437/603
f 699/672/764 495/669/629 670/667/769
f 697/671/745 491/670/630 699/672/764
f 491/988/630 697/890/745 496/462/626
f 695/673/776 490/665/802 496/462/626
f 626/892/705 409/1021/542 419/998/532
f 419/998/532 423/777/531 626/892/705
f 425/559/544 629/560/713 631/558/715
f 409/856/542 627/857/717 429/564/543
f 625/563/704 627/562/717 626/570/705
f 214/680/450 591/687/455 221/681/451
f 242/214/84 589/688/456 214/680/450
f 240/243/106 608/714/480 392/550/345
f 757/917/819 588/685/453 756/897/804
f 247/1022/113 730/898/90 738/255/115
f 737/903/806 740/899/805 225/901/77
f 222/902/88 219/905/83 737/903/806
f 213/700/81 216/906/80 733/701/467
f 744/910/811 22/907/807 745/909/808
f 747/910/817 30/907/809 749/909/810
f 743/912/813 744/910/811 746/911/812
f 2/914/346 22/907/807 743/912/813
f 746/911/812 742/913/814 743/912/813
f 745/909/808 260/908/137 746/911/812
f 749/909/810 750/911/815 747/910/817
f 749/909/810 261/908/183 750/911/815
f 38/914/140 30/907/809 748/912/816
f 741/913/141 38/914/140 750/911/815
f 755/915/818 756/916/804 594/695/463
f 601/1023/473 754/918/820 602/703/469
f 600/923/475 753/919/821 601/921/473
f 598/1024/477 752/922/822 600/923/475
f 757/938/819 756/925/804 765/927/824
f 761/934/828 753/928/821 760/930/825
f 751/941/470 762/931/826 597/933/465
f 762/931/826 761/934/828 763/932/827
f 761/934/828 760/930/825 764/926/823
f 760/930/825 752/929/822 759/937/830
f 590/1025/454 757/938/819 758/935/829
f 762/931/826 754/940/820 761/934/828
f 756/925/804 755/939/818 764/926/823
f 615/727/489 758/935/829 614/722/486
f 614/722/486 616/724/487 615/727/489
f 765/927/824 760/930/825 758/935/829
f 737/903/806 736/702/468 740/899/805
f 739/721/485 731/942/93 740/899/805
l 729 594
l 592 728
