# Blender v2.76 (sub 0) OBJ File: 'npc_cyborgwarrior.blend'
# www.blender.org
v -0.321211 1.664965 -0.151455
v -0.173090 1.685762 -0.154062
v -0.320627 1.606603 -0.146252
v -0.209314 1.610559 -0.144141
v -0.327490 1.557436 -0.110741
v -0.278297 1.546415 -0.113441
v -0.338199 1.538349 -0.054356
v -0.291746 1.521310 -0.033135
v -0.349708 1.557000 -0.003173
v -0.257633 1.542303 0.061875
v -0.360577 1.602192 0.024468
v -0.248938 1.595348 0.094138
v -0.365093 1.658983 0.018449
v -0.283489 1.663915 0.074224
v -0.360922 1.707734 -0.018567
v -0.320590 1.723233 0.003783
v -0.346322 1.728613 -0.074487
v -0.298523 1.751157 -0.072718
v -0.329972 1.710970 -0.123966
v -0.212359 1.739929 -0.126716
v -0.200277 1.607639 -0.157694
v -0.157868 1.694795 -0.165646
v -0.278986 1.531424 -0.121390
v -0.293463 1.502986 -0.025080
v -0.238016 1.522763 0.099986
v -0.223235 1.589473 0.126416
v -0.269318 1.670159 0.098298
v -0.309064 1.738079 0.027457
v -0.287399 1.767638 -0.061487
v -0.197460 1.753497 -0.134164
v -0.111117 1.511456 -0.158010
v 0.005067 1.753225 -0.127044
v -0.298336 1.480729 -0.108419
v -0.306157 1.461410 -0.038058
v -0.251939 1.442375 0.072054
v -0.070184 1.594689 0.196399
v -0.068522 1.673404 0.197461
v -0.189912 1.749991 0.092488
v -0.172610 1.778098 -0.011711
v -0.096160 1.771665 -0.089163
v -0.050817 1.759512 -0.103387
v -0.212185 1.441636 0.089413
v -0.074901 1.682469 0.162398
v -0.055670 1.595008 0.181987
v -0.005620 1.464949 0.161315
v 0.022842 1.683948 0.172824
v -0.005612 1.530824 -0.158004
v 0.024824 1.596203 0.188541
v -0.263752 1.479060 -0.076945
v -0.267380 1.466821 -0.029082
v -0.103968 1.502495 -0.132767
v -0.006222 1.523632 -0.141503
v -0.273483 1.405156 -0.030322
v -0.196588 1.391741 0.080093
v -0.006620 1.417045 0.152454
v -0.136309 1.409418 -0.168041
v -0.273937 1.413642 -0.088318
v -0.005163 1.412919 -0.189369
v 0.338262 1.681411 -0.047276
v 0.197428 1.696400 -0.094752
v 0.338910 1.622526 -0.053001
v 0.226638 1.621896 -0.097299
v 0.338250 1.572617 -0.023120
v 0.291619 1.559456 -0.045196
v 0.334511 1.552870 0.033536
v 0.286905 1.532893 0.031738
v 0.329175 1.571144 0.090638
v 0.238092 1.551821 0.103823
v 0.325037 1.616149 0.129245
v 0.205163 1.603878 0.153181
v 0.322929 1.673096 0.135255
v 0.225412 1.673157 0.162039
v 0.325136 1.722390 0.108059
v 0.274930 1.735016 0.120917
v 0.330143 1.744146 0.052613
v 0.280962 1.764301 0.045574
v 0.334627 1.727285 -0.006554
v 0.223586 1.751331 -0.041173
v 0.217866 1.619770 -0.122489
v 0.184941 1.706718 -0.115962
v 0.294816 1.545741 -0.059356
v 0.289489 1.515065 0.031640
v 0.216719 1.533500 0.132800
v 0.174354 1.598048 0.174869
v 0.205808 1.678881 0.177172
v 0.255948 1.748671 0.136592
v 0.265174 1.781044 0.052669
v 0.212335 1.765766 -0.052080
v 0.103296 1.516073 -0.155047
v 0.299031 1.492560 -0.066973
v 0.297532 1.473348 0.000329
v 0.235683 1.449795 0.089194
v 0.020327 1.595362 0.204852
v 0.010968 1.673436 0.205743
v 0.125753 1.755954 0.139031
v 0.131528 1.784588 0.044792
v 0.096304 1.778292 -0.054648
v -0.144970 1.821950 0.071008
v 0.206085 1.447330 0.101931
v 0.001110 1.305489 -0.199130
v 0.123059 1.304529 -0.200101
v 0.211626 1.346806 -0.083992
v 0.098619 1.352464 -0.165175
v 0.144305 1.336410 0.083199
v 0.212088 1.342600 -0.022983
v -0.004957 1.351420 -0.169882
v -0.221235 1.345755 -0.083547
v -0.108510 1.352442 -0.165265
v 0.256874 1.488058 -0.058845
v 0.257530 1.475550 -0.010231
v 0.094448 1.506307 -0.130938
v -0.005124 1.334330 0.129591
v 0.265148 1.410331 -0.021817
v 0.185176 1.394603 0.084777
v -0.154188 1.336166 0.083545
v 0.126636 1.411783 -0.167884
v 0.267142 1.419178 -0.080394
v -0.221956 1.341554 -0.021400
v 0.176781 1.269690 0.119649
v 0.000820 1.244697 0.148073
v 0.253475 1.279194 -0.116154
v 0.253672 1.273735 0.008482
v -0.120834 1.305679 -0.200490
v -0.251442 1.280514 -0.115933
v -0.251708 1.275297 0.009190
v -0.174914 1.270972 0.119748
v -0.000379 1.043814 0.095940
v 0.000004 1.118320 -0.162000
v -0.023299 1.119129 -0.161128
v 0.050200 1.001910 0.014879
v 0.039437 1.044579 0.093127
v 0.023309 1.118890 -0.161128
v 0.050811 1.003987 -0.089934
v -0.051980 1.004516 -0.089934
v -0.051391 1.002432 0.014879
v -0.040189 1.044988 0.093127
v -0.328437 1.751937 -0.148152
v -0.343974 1.647443 -0.172809
v -0.419832 1.599207 -0.094825
v -0.424446 1.637663 -0.072526
v -0.387008 1.669588 -0.176039
v -0.403559 1.667161 -0.026560
v -0.376411 1.705635 -0.013595
v -0.302517 1.765478 -0.039331
v -0.345278 1.750668 -0.034531
v -0.280854 1.666022 0.008080
v -0.491878 1.383340 -0.240637
v -0.338882 1.583140 -0.019216
v -0.461442 1.390943 -0.155860
v -0.308504 1.582811 -0.055248
v -0.288296 1.603957 -0.132254
v -0.239015 1.743826 -0.070639
v -0.257752 1.695893 -0.091283
v -0.425462 1.610691 -0.207024
v -0.429110 1.571859 -0.107572
v -0.354877 1.588810 -0.241392
v -0.306043 1.503866 -0.086112
v -0.378184 1.524923 -0.050549
v -0.289965 1.531359 -0.172502
v -0.429470 1.427644 -0.119406
v -0.458425 1.491550 -0.142556
v -0.464058 1.477591 -0.228256
v -0.374202 1.413463 -0.145261
v -0.412040 1.460297 -0.258670
v -0.339688 1.458457 -0.203070
v -0.350485 1.650925 -0.174125
v -0.347384 1.723601 -0.211352
v -0.402046 1.386792 -0.178150
v -0.432474 1.379019 -0.262914
v -0.416865 1.348750 -0.215119
v -0.505612 1.386078 -0.150445
v -0.476691 1.351436 -0.193293
v -0.421536 1.417472 -0.139288
v -0.414057 1.278924 -0.108358
v -0.418168 1.465677 -0.134199
v -0.505899 1.236210 -0.117666
v -0.520378 1.458671 -0.149241
v -0.537999 1.219882 -0.205249
v -0.555356 1.440879 -0.244680
v -0.478090 1.246352 -0.283072
v -0.486884 1.430724 -0.321689
v -0.386469 1.280208 -0.271559
v -0.386514 1.436559 -0.305631
v -0.354666 1.296385 -0.184784
v -0.351613 1.454312 -0.210404
v -0.534743 1.371260 -0.229929
v -0.480652 1.387401 -0.300586
v -0.394261 1.367020 -0.280832
v -0.365001 1.381904 -0.200995
v -0.575974 1.559294 -0.203411
v -0.507381 1.438731 -0.270371
v -0.467067 1.459238 -0.160376
v -0.418796 1.248523 -0.117664
v -0.494994 1.206881 -0.125010
v -0.521567 1.193365 -0.197513
v -0.472352 1.221281 -0.263790
v -0.395372 1.254022 -0.255519
v -0.368519 1.267681 -0.182251
v -0.416113 1.075778 -0.097150
v -0.484220 1.071486 -0.108610
v -0.507725 1.059530 -0.172743
v -0.462955 1.051950 -0.224960
v -0.395061 1.056269 -0.213246
v -0.371669 1.068168 -0.149423
v -0.419627 1.696218 -0.079386
v -0.392551 1.734713 -0.066562
v 0.319809 1.707643 -0.034396
v 0.331348 1.607528 0.005755
v 0.395461 1.612172 0.105908
v 0.400080 1.656544 0.103230
v 0.375772 1.624356 -0.004048
v 0.376348 1.706632 0.121864
v 0.350424 1.745510 0.107659
v 0.283491 1.779888 0.044082
v 0.324511 1.770693 0.061508
v 0.250849 1.724209 0.135968
v 0.454990 1.358097 0.125151
v 0.306178 1.640810 0.167033
v 0.414829 1.402631 0.193523
v 0.279791 1.620011 0.133982
v 0.269133 1.593974 0.056561
v 0.222411 1.743860 0.022806
v 0.240207 1.692775 0.034985
v 0.413546 1.558545 0.008188
v 0.403860 1.582227 0.111730
v 0.344732 1.521344 -0.015711
v 0.275701 1.537372 0.152558
v 0.344873 1.575372 0.178706
v 0.270066 1.511089 0.064234
v 0.394652 1.456640 0.186023
v 0.431910 1.496745 0.131903
v 0.443194 1.439389 0.071940
v 0.341364 1.429824 0.166378
v 0.389534 1.411749 0.052330
v 0.315893 1.434873 0.089153
v 0.338165 1.609717 0.003520
v 0.343499 1.648798 -0.068045
v 0.358023 1.387426 0.168971
v 0.398416 1.342245 0.100794
v 0.374192 1.336558 0.156540
v 0.446415 1.385958 0.222312
v 0.431903 1.350413 0.181148
v 0.362275 1.416456 0.208181
v 0.352972 1.318820 0.277801
v 0.359718 1.461751 0.190932
v 0.436546 1.282562 0.297823
v 0.462786 1.452029 0.193072
v 0.475511 1.234365 0.236453
v 0.508743 1.395022 0.120361
v 0.435534 1.224359 0.158209
v 0.450001 1.349761 0.048091
v 0.346132 1.253082 0.141092
v 0.348603 1.358940 0.047595
v 0.307578 1.300632 0.201820
v 0.302748 1.415821 0.120145
v 0.484525 1.338536 0.161814
v 0.440268 1.319949 0.085106
v 0.351457 1.307806 0.101369
v 0.313172 1.355387 0.162063
v 0.527186 1.520070 0.107204
v 0.464244 1.380247 0.092651
v 0.411277 1.445949 0.176452
v 0.357475 1.290213 0.283135
v 0.426744 1.255122 0.302521
v 0.458516 1.215553 0.251918
v 0.422391 1.209809 0.180634
v 0.351792 1.238173 0.165869
v 0.319378 1.278343 0.217023
v 0.347999 1.132519 0.372910
v 0.397977 1.125826 0.372115
v 0.420925 1.098048 0.336423
v 0.391196 1.074657 0.299333
v 0.358707 1.084314 0.308757
v 0.334083 1.112389 0.344028
v 0.399645 1.701037 0.064253
v 0.373808 1.739853 0.049929
v -0.413811 1.004937 -0.084744
v -0.481822 1.000626 -0.096390
v -0.505257 0.988706 -0.160332
v -0.460680 0.981096 -0.212627
v -0.392668 0.985407 -0.200981
v -0.369234 0.997328 -0.137039
v -0.404267 0.918864 -0.051325
v -0.491267 0.913349 -0.066223
v -0.521245 0.898100 -0.148017
v -0.464222 0.888366 -0.214913
v -0.377222 0.893881 -0.200015
v -0.347244 0.909130 -0.118221
v -0.403644 0.900308 -0.048094
v -0.490644 0.894794 -0.062992
v -0.520622 0.879545 -0.144786
v -0.463599 0.869811 -0.211682
v -0.376599 0.875326 -0.196784
v -0.346621 0.890574 -0.114990
v -0.433621 0.885060 -0.129888
v -0.432823 0.898489 -0.053066
v -0.461477 0.896673 -0.057973
v -0.432866 0.891714 -0.091592
v -0.447838 0.890765 -0.094155
v -0.500724 0.889707 -0.090414
v -0.510597 0.884684 -0.117353
v -0.466887 0.887384 -0.109901
v -0.472046 0.884760 -0.123978
v -0.501524 0.876302 -0.167240
v -0.482743 0.873097 -0.189272
v -0.467642 0.880692 -0.148191
v -0.457829 0.879016 -0.159703
v -0.434421 0.871681 -0.206718
v -0.405768 0.873497 -0.201812
v -0.434375 0.878329 -0.168171
v -0.419403 0.879278 -0.165607
v -0.366520 0.880463 -0.169370
v -0.356647 0.885486 -0.142432
v -0.400354 0.882660 -0.149861
v -0.395195 0.885284 -0.135785
v -0.365721 0.893867 -0.092544
v -0.384501 0.897073 -0.070512
v -0.399599 0.889352 -0.111572
v -0.409412 0.891027 -0.100059
v -0.436543 0.724841 -0.053522
v -0.434727 0.749997 -0.073439
v -0.473590 0.718265 -0.084144
v -0.459898 0.745530 -0.094245
v -0.465024 0.710353 -0.131235
v -0.454078 0.740154 -0.126240
v -0.419412 0.709017 -0.147703
v -0.423087 0.739246 -0.137429
v -0.382365 0.715592 -0.117080
v -0.397916 0.743714 -0.116623
v -0.390930 0.723504 -0.069990
v -0.403736 0.749090 -0.084628
v 0.296768 1.098028 0.424800
v 0.366491 1.077335 0.416145
v 0.340753 1.056368 0.371154
v 0.402196 1.025297 0.348405
v 0.330958 1.088455 0.422075
v 0.384571 1.015732 0.325397
v 0.282660 1.075075 0.385799
v 0.300079 1.058439 0.444663
v 0.285132 1.058095 0.434123
v 0.267690 1.074472 0.447685
v 0.290389 1.069688 0.464374
v 0.319498 1.042274 0.451131
v 0.348544 1.042644 0.467504
v 0.375598 1.020578 0.443078
v 0.397870 0.991345 0.405417
v 0.402317 0.968978 0.371138
v 0.368025 0.972285 0.359349
v 0.329792 1.019768 0.418837
v 0.355592 0.986024 0.375162
v 0.317961 1.138239 0.316815
v 0.344580 1.104431 0.274578
v 0.406688 1.093283 0.272510
v 0.438531 1.119836 0.321101
v 0.410986 1.153852 0.364227
v 0.350013 1.163395 0.362161
v 0.394758 0.960348 0.377573
v 0.366722 0.963664 0.367168
v 0.385184 0.975948 0.399748
v 0.357976 0.971913 0.379517
v 0.363746 1.004802 0.435292
v 0.377743 0.986420 0.411303
v 0.345303 0.989149 0.400595
v 0.337183 1.000426 0.415059
v 0.320410 1.026658 0.452355
v 0.344638 1.030494 0.469178
v 0.356935 1.014816 0.450048
v 0.323683 1.016731 0.437438
v 0.379351 0.928925 0.392869
v 0.356801 0.931656 0.386462
v 0.369594 0.944729 0.414558
v 0.348217 0.941337 0.398491
v 0.344120 0.972306 0.448786
v 0.356710 0.953748 0.423773
v 0.331390 0.960774 0.415883
v 0.324091 0.971621 0.430740
v 0.311253 0.996164 0.470897
v 0.329917 0.998348 0.485549
v 0.341061 0.982865 0.465033
v 0.314261 0.986745 0.456231
v 0.352574 0.888988 0.412746
v 0.338281 0.901741 0.403095
v 0.342902 0.903988 0.435212
v 0.331606 0.911733 0.415789
v 0.316277 0.930591 0.465390
v 0.329195 0.912056 0.440475
v 0.311535 0.930201 0.428393
v 0.304131 0.940914 0.443214
v 0.291427 0.963082 0.482464
v 0.303632 0.954367 0.501454
v 0.316357 0.938899 0.481745
v 0.295573 0.955685 0.467012
v 0.299077 0.851926 0.444721
v 0.265680 0.877293 0.456942
v 0.263476 0.894859 0.492899
v 0.279039 1.022118 0.453580
v 0.265500 1.024642 0.440145
v 0.249777 1.041807 0.457889
v 0.271600 1.035775 0.474910
v 0.238191 0.988607 0.477709
v 0.124942 1.500002 0.168423
v -0.154425 1.495497 0.146128
v 0.001266 1.657397 -0.159071
v -0.125986 1.520690 0.137154
v -0.006752 1.526186 0.169532
v 0.106434 1.524114 0.155869
v -0.118807 1.098258 -0.165236
v -0.146073 0.751084 -0.018257
v -0.295692 1.092903 -0.183723
v -0.232827 1.093579 -0.183964
v -0.291349 0.749940 -0.029871
v -0.243635 0.749940 -0.029871
v -0.312537 0.737631 0.052752
v -0.291349 0.787351 0.119879
v -0.243635 0.787351 0.119879
v -0.297638 1.162472 0.094473
v -0.234976 1.157605 0.078875
v -0.290314 1.250418 0.029241
v -0.270008 1.251271 0.028937
v -0.286711 1.266469 -0.079261
v -0.232827 1.267441 -0.079607
v -0.288938 1.201224 -0.167473
v -0.232827 1.202123 -0.167794
v -0.116328 0.737368 0.052818
v -0.146073 0.782899 0.109092
v -0.172843 1.153600 0.056289
v -0.146073 1.217718 0.008797
v -0.146073 1.229475 -0.070122
v -0.146073 1.181984 -0.134240
v -0.075017 1.128332 -0.044854
v -0.114601 0.582487 -0.029869
v -0.246353 0.701178 -0.096226
v -0.259213 0.547991 -0.009071
v -0.313787 0.597155 -0.036557
v -0.176709 0.541915 -0.006301
v -0.163847 0.695102 -0.093455
v -0.095302 0.542435 -0.105758
v -0.261851 0.642065 -0.217586
v -0.278429 0.519287 -0.088978
v -0.335599 0.564122 -0.120899
v -0.176349 0.491819 -0.078324
v -0.138535 0.659902 -0.235973
v -0.143910 0.393655 -0.450630
v -0.240216 0.462831 -0.476278
v -0.249355 0.386518 -0.388432
v -0.283324 0.404002 -0.466535
v -0.195284 0.367942 -0.376837
v -0.174458 0.465473 -0.483006
v -0.125697 0.322709 -0.560945
v -0.240600 0.384235 -0.604860
v -0.217901 0.212464 -0.478020
v -0.271808 0.341959 -0.579360
v -0.155838 0.390758 -0.606748
v -0.250482 0.485482 -0.448642
v -0.313389 0.413449 -0.388700
v -0.148745 0.488954 -0.454469
v -0.123168 0.410982 -0.394876
v -0.273066 0.369353 -0.368689
v -0.190578 0.351248 -0.357183
v -0.134156 0.236723 -0.395805
v -0.258997 0.269360 -0.376424
v -0.301505 0.240699 -0.435358
v -0.189279 0.262713 -0.372057
v -0.127908 0.183436 -0.447124
v -0.296453 0.191477 -0.460340
v -0.130992 0.095976 -0.298122
v -0.276764 0.093485 -0.291800
v -0.328821 0.131776 -0.375736
v -0.212084 0.089417 -0.279547
v -0.126940 0.072975 -0.321538
v -0.274882 0.065656 -0.316828
v -0.328887 0.123311 -0.383387
v -0.208695 0.058565 -0.307164
v -0.253365 0.589773 0.057229
v -0.179108 0.584305 0.059722
v -0.109273 0.645939 -0.065970
v -0.123208 0.620820 0.038510
v -0.118414 0.677930 0.006018
v -0.167532 0.722179 -0.018720
v -0.308459 0.660607 -0.072657
v -0.241790 0.727647 -0.021214
v -0.297688 0.691132 -0.000001
v -0.302483 0.634022 0.032490
v -0.303675 0.627347 0.103255
v -0.122500 0.629265 0.099503
v -0.306109 0.629540 0.036560
v -0.124934 0.631459 0.032808
v -0.308318 0.688413 0.005134
v -0.127143 0.690331 0.001382
v -0.308092 0.745091 0.040403
v -0.126917 0.747010 0.036650
v -0.305658 0.742898 0.107097
v -0.124483 0.744816 0.103345
v -0.303450 0.684025 0.138523
v -0.122275 0.685944 0.134771
v -0.247349 0.627943 0.102088
v -0.179829 0.628658 0.100690
v -0.182263 0.630852 0.033996
v -0.249785 0.630137 0.035394
v -0.179604 0.685337 0.135958
v -0.247124 0.684622 0.137357
v -0.284090 0.555784 0.141201
v -0.137707 0.557334 0.138169
v -0.181072 0.533928 0.017714
v -0.248587 0.533213 0.019113
v -0.175651 0.644973 0.225523
v -0.243166 0.644258 0.226922
v -0.087552 0.611841 -0.184483
v -0.118360 0.459455 -0.434560
v -0.329821 0.618263 -0.169910
v -0.303239 0.465832 -0.431299
v 0.118587 1.129160 -0.167471
v 0.145853 0.755812 -0.115095
v 0.295423 1.128758 -0.186714
v 0.232607 1.129474 -0.186772
v 0.291129 0.757704 -0.126611
v 0.243416 0.757704 -0.126611
v 0.312318 0.724484 -0.049966
v 0.291129 0.755190 0.027721
v 0.243416 0.755190 0.027721
v 0.297370 1.124155 0.100012
v 0.234756 1.123480 0.083686
v 0.290046 1.225959 0.059693
v 0.269788 1.226862 0.059620
v 0.286442 1.269475 -0.040988
v 0.232607 1.270504 -0.041071
v 0.288669 1.229213 -0.143053
v 0.232607 1.230165 -0.143130
v 0.116108 0.724212 -0.049970
v 0.145853 0.753674 0.016150
v 0.172623 1.125441 0.060831
v 0.145853 1.199645 0.031501
v 0.145853 1.231377 -0.041709
v 0.145853 1.202047 -0.115913
v 0.074797 1.127139 -0.043407
v 0.121774 0.530979 -0.042979
v 0.253526 0.566324 -0.174287
v 0.266387 0.521790 -0.003761
v 0.320960 0.536430 -0.058151
v 0.183882 0.519531 0.002523
v 0.171020 0.564066 -0.168002
v 0.102475 0.448682 -0.067279
v 0.269025 0.438163 -0.216681
v 0.285602 0.444537 -0.038991
v 0.342772 0.452981 -0.093377
v 0.183523 0.432991 -0.011886
v 0.145709 0.437449 -0.242288
v 0.151083 0.098464 -0.201659
v 0.247389 0.126015 -0.269805
v 0.256529 0.139153 -0.154439
v 0.290497 0.093507 -0.219992
v 0.202458 0.135337 -0.132484
v 0.181632 0.122847 -0.276284
v 0.132870 -0.029900 -0.221151
v 0.247773 -0.022810 -0.297004
v 0.225074 -0.037293 -0.086130
v 0.278981 -0.032194 -0.247345
v 0.163012 -0.019824 -0.303206
v 0.257655 0.163415 -0.265864
v 0.320562 0.157150 -0.174437
v 0.155919 0.161397 -0.272680
v 0.130341 0.150945 -0.176788
v 0.280240 0.140023 -0.127169
v 0.197751 0.135669 -0.106157
v 0.141329 0.037469 -0.043717
v 0.266170 0.073667 -0.054199
v 0.308678 0.013463 -0.074676
v 0.196453 0.072137 -0.047713
v 0.135082 -0.036829 -0.046045
v 0.303626 -0.039195 -0.061584
v 0.138166 -0.007221 0.124012
v 0.283938 -0.005035 0.130446
v 0.335994 -0.030082 0.041653
v 0.219258 -0.000217 0.142424
v 0.134113 -0.039907 0.121016
v 0.282056 -0.042445 0.129341
v 0.336060 -0.041486 0.041288
v 0.215868 -0.041609 0.141299
v 0.253145 0.598429 0.012606
v 0.178888 0.596396 0.018262
v 0.116446 0.549426 -0.113613
v 0.122988 0.606699 -0.022692
v 0.118194 0.623302 -0.086265
v 0.167312 0.636479 -0.135217
v 0.315632 0.554877 -0.128784
v 0.241570 0.638511 -0.140873
v 0.297469 0.628208 -0.099920
v 0.302263 0.611605 -0.036347
v 0.303456 0.657613 0.017833
v 0.122281 0.656266 0.013840
v 0.305890 0.611391 -0.030296
v 0.124715 0.610043 -0.034289
v 0.308098 0.629988 -0.094388
v 0.126923 0.628640 -0.098381
v 0.307872 0.694807 -0.110350
v 0.126697 0.693459 -0.114343
v 0.305438 0.741030 -0.062221
v 0.124263 0.739682 -0.066214
v 0.303230 0.722433 0.001871
v 0.122055 0.721085 -0.002122
v 0.247130 0.657195 0.016592
v 0.179610 0.656692 0.015103
v 0.182044 0.610470 -0.033026
v 0.249565 0.610972 -0.031538
v 0.179384 0.721511 -0.000859
v 0.246904 0.722014 0.000629
v 0.283870 0.634826 0.095562
v 0.137487 0.633737 0.092336
v 0.180852 0.531151 0.025007
v 0.248367 0.531653 0.026495
v 0.175431 0.757464 0.090566
v 0.242946 0.757966 0.092054
v 0.094725 0.440766 -0.171932
v 0.125533 0.154429 -0.239199
v 0.336995 0.455684 -0.166357
v 0.310412 0.159852 -0.245581
v -0.000595 1.002171 0.014879
v -0.000584 1.004252 -0.089934
v -0.014533 1.595689 0.185942
v 0.102826 1.828015 0.093309
v -0.102880 1.848365 -0.048452
v -0.080313 1.806321 0.177684
v 0.078589 1.857113 -0.038075
v 0.039835 1.811508 0.183872
v -0.010750 1.858682 -0.079513
v 0.099563 1.820851 0.137481
v 0.106810 1.836469 0.050550
v -0.145727 1.829044 0.020360
v -0.179890 1.767344 0.028207
v 0.129977 1.777092 0.078619
v 0.078094 1.823553 0.158971
v 0.099390 1.739851 0.151127
v -0.151824 1.727456 0.118938
v -0.116682 1.813864 0.149775
v -0.145663 1.813836 0.118427
v -0.054904 1.853399 -0.063575
v 0.039799 1.769562 -0.096464
v 0.030142 1.857990 -0.060378
v -0.141680 1.809831 0.163040
v -0.154130 1.808980 0.140292
v 0.102363 1.818068 0.158000
v 0.093605 1.820058 0.174789
v -0.162021 1.821204 0.063238
v -0.161589 1.827167 0.025768
v 0.110385 1.828877 0.090370
v 0.112971 1.834532 0.059054
v -0.113349 1.855126 -0.096607
v -0.078048 1.858770 -0.107760
v -0.010159 1.863218 -0.103859
v 0.030580 1.862913 -0.089741
v -0.108460 1.815481 0.170920
v -0.083054 1.882600 -0.009715
v -0.049065 1.886286 -0.023239
v 0.068632 1.869774 0.125026
v 0.071168 1.874969 0.090251
v 0.067929 1.826093 0.177773
v -0.127277 1.870657 0.046459
v -0.126082 1.866031 0.081530
v -0.013767 1.889630 -0.035860
v 0.022699 1.888270 -0.008610
v 0.073686 1.879770 0.056141
v 0.047243 1.888297 -0.000145
v -0.125361 1.861042 0.116437
v -0.142486 1.854635 0.150215
v -0.134097 1.854901 0.175192
v 0.085824 1.864604 0.182086
v 0.097589 1.863330 0.161870
v -0.154102 1.867170 0.044483
v -0.153600 1.862475 0.078445
v 0.096809 1.870155 0.097794
v 0.099076 1.875540 0.066663
v -0.115134 1.890921 -0.086424
v -0.081377 1.894021 -0.098003
v -0.013683 1.896206 -0.086681
v 0.022991 1.896605 -0.073182
v -0.127652 1.891582 0.179997
v -0.091342 1.916491 -0.013709
v -0.049254 1.920551 -0.030060
v 0.089623 1.907309 0.141295
v 0.081766 1.911922 0.097229
v 0.075332 1.904619 0.166758
v -0.073792 1.878289 0.205099
v -0.137973 1.903834 0.062143
v -0.137035 1.899942 0.094098
v -0.015584 1.923917 -0.046370
v 0.018167 1.922769 -0.008972
v 0.083557 1.915681 0.068086
v 0.045240 1.923077 0.001523
v -0.133191 1.893983 0.149103
v -0.114074 1.922422 -0.078946
v -0.084859 1.925615 -0.089211
v -0.129618 1.933730 0.171781
v -0.041091 1.938654 0.200779
v -0.095751 1.954686 -0.015961
v -0.061231 1.959215 -0.041494
v -0.001524 1.940389 0.200892
v -0.138084 1.943898 0.063507
v -0.017425 1.958667 -0.051485
v -0.133697 1.934788 0.156473
v -0.109220 1.957744 -0.056238
v -0.080410 1.960131 -0.066976
v -0.123972 1.979675 0.174664
v -0.039268 1.981717 0.204695
v -0.093327 1.996478 -0.006641
v -0.061124 2.000489 -0.031129
v -0.008350 1.983220 0.204761
v -0.137594 1.987828 0.066803
v -0.019794 2.003377 -0.040368
v -0.132138 1.980910 0.155899
v -0.095093 2.041413 0.167720
v -0.040966 2.042650 0.188140
v -0.088104 2.054272 0.011557
v -0.012657 2.044151 0.188140
v -0.118001 2.047858 0.071259
v -0.022778 2.059691 -0.011748
v -0.113904 2.042515 0.141435
v -0.064386 2.080572 0.105779
v -0.038431 2.080562 0.123128
v -0.051269 2.085943 0.046936
v -0.018944 2.081595 0.123128
v -0.066537 2.083020 0.073716
v -0.024299 2.088397 0.034183
v 0.044354 1.845516 0.203690
v -0.084235 1.839903 0.199106
v 0.035559 1.882417 0.207210
v -0.083749 1.935432 0.196517
v -0.081318 1.980589 0.197763
v 0.088366 1.945880 0.146773
v 0.072233 1.944201 0.158729
v 0.092758 1.954346 0.066666
v 0.059736 1.961519 -0.016336
v 0.087273 1.993509 0.143713
v 0.065902 1.989818 0.172880
v 0.091039 2.000025 0.066878
v 0.053605 2.004242 -0.006811
v 0.070324 2.051319 0.141359
v 0.051403 2.048215 0.167644
v 0.073617 2.057077 0.071131
v 0.037142 2.059954 0.011386
v 0.016465 2.083770 0.105692
v 0.017720 2.086398 0.073630
v 0.002475 2.087721 0.046777
v 0.040396 1.939263 0.198583
v 0.034953 1.986603 0.195288
v -0.313092 1.006168 -0.014355
v -0.298900 1.008235 -0.108618
v -0.300482 1.045427 0.069394
v 0.300233 1.017164 0.045542
v 0.298712 1.025942 -0.135955
v 0.312975 0.998077 -0.045528
v -0.320230 1.158409 0.071675
v -0.314077 1.232284 0.016880
v -0.311050 1.245767 -0.074262
v -0.312921 1.190961 -0.148360
v -0.318594 1.099971 -0.162009
v 0.319967 1.126007 0.076937
v 0.313815 1.211522 0.043069
v 0.310788 1.248076 -0.041502
v 0.312659 1.214256 -0.127237
v 0.318332 1.129873 -0.163913
v -0.322332 1.060073 0.050615
v -0.321013 1.028832 -0.098915
v -0.322965 1.016609 -0.017038
v 0.322085 1.036114 0.031184
v 0.320816 1.043489 -0.121273
v 0.322847 1.009066 -0.045421
v -0.321211 1.664965 -0.151455
v -0.320627 1.606603 -0.146252
v -0.209314 1.610559 -0.144141
v -0.327490 1.557436 -0.110741
v -0.327490 1.557436 -0.110741
v -0.278297 1.546415 -0.113441
v -0.278297 1.546415 -0.113441
v -0.338199 1.538349 -0.054356
v -0.291746 1.521310 -0.033135
v -0.349708 1.557000 -0.003173
v -0.360577 1.602192 0.024468
v -0.365093 1.658983 0.018449
v -0.360922 1.707734 -0.018567
v -0.346322 1.728613 -0.074487
v -0.346322 1.728613 -0.074487
v -0.298523 1.751157 -0.072718
v -0.329972 1.710970 -0.123966
v -0.200277 1.607639 -0.157694
v -0.157868 1.694795 -0.165646
v -0.278986 1.531424 -0.121390
v -0.309064 1.738079 0.027457
v -0.309064 1.738079 0.027457
v -0.287399 1.767638 -0.061487
v -0.287399 1.767638 -0.061487
v -0.197460 1.753497 -0.134164
v -0.298336 1.480729 -0.108419
v -0.298336 1.480729 -0.108419
v -0.111117 1.511456 -0.158010
v -0.306157 1.461410 -0.038058
v -0.251939 1.442375 0.072054
v -0.251939 1.442375 0.072054
v -0.154425 1.495497 0.146128
v -0.068522 1.673404 0.197461
v -0.068522 1.673404 0.197461
v -0.070184 1.594689 0.196399
v -0.070184 1.594689 0.196399
v 0.129977 1.777092 0.078619
v 0.129977 1.777092 0.078619
v 0.102826 1.828015 0.093309
v -0.116682 1.813864 0.149775
v -0.116682 1.813864 0.149775
v -0.116682 1.813864 0.149775
v -0.080313 1.806321 0.177684
v -0.096160 1.771665 -0.089163
v -0.096160 1.771665 -0.089163
v -0.096160 1.771665 -0.089163
v -0.172610 1.778098 -0.011711
v -0.172610 1.778098 -0.011711
v -0.050817 1.759512 -0.103387
v -0.050817 1.759512 -0.103387
v -0.055670 1.595008 0.181987
v -0.055670 1.595008 0.181987
v -0.074901 1.682469 0.162398
v -0.074901 1.682469 0.162398
v -0.212185 1.441636 0.089413
v -0.212185 1.441636 0.089413
v -0.212185 1.441636 0.089413
v 0.099390 1.739851 0.151127
v 0.099390 1.739851 0.151127
v 0.099390 1.739851 0.151127
v 0.125753 1.755954 0.139031
v 0.125753 1.755954 0.139031
v 0.125753 1.755954 0.139031
v -0.267380 1.466821 -0.029082
v -0.125986 1.520690 0.137154
v -0.005612 1.530824 -0.158004
v -0.115134 1.890921 -0.086424
v -0.113349 1.855126 -0.096607
v 0.024824 1.596203 0.188541
v 0.022842 1.683948 0.172824
v 0.022842 1.683948 0.172824
v -0.103968 1.502495 -0.132767
v -0.263752 1.479060 -0.076945
v -0.263752 1.479060 -0.076945
v 0.103296 1.516073 -0.155047
v -0.006222 1.523632 -0.141503
v -0.273937 1.413642 -0.088318
v -0.273937 1.413642 -0.088318
v -0.273937 1.413642 -0.088318
v -0.196588 1.391741 0.080093
v -0.154188 1.336166 0.083545
v -0.154188 1.336166 0.083545
v 0.338262 1.681411 -0.047276
v 0.338910 1.622526 -0.053001
v 0.226638 1.621896 -0.097299
v 0.197428 1.696400 -0.094752
v 0.338250 1.572617 -0.023120
v 0.338250 1.572617 -0.023120
v 0.291619 1.559456 -0.045196
v 0.291619 1.559456 -0.045196
v 0.334511 1.552870 0.033536
v 0.286905 1.532893 0.031738
v 0.329175 1.571144 0.090638
v 0.325037 1.616149 0.129245
v 0.322929 1.673096 0.135255
v 0.325136 1.722390 0.108059
v 0.330143 1.744146 0.052613
v 0.330143 1.744146 0.052613
v 0.280962 1.764301 0.045574
v 0.334627 1.727285 -0.006554
v 0.217866 1.619770 -0.122489
v 0.184941 1.706718 -0.115962
v 0.294816 1.545741 -0.059356
v 0.255948 1.748671 0.136592
v 0.255948 1.748671 0.136592
v 0.265174 1.781044 0.052669
v 0.265174 1.781044 0.052669
v 0.212335 1.765766 -0.052080
v 0.299031 1.492560 -0.066973
v 0.299031 1.492560 -0.066973
v 0.297532 1.473348 0.000329
v 0.235683 1.449795 0.089194
v 0.235683 1.449795 0.089194
v 0.124942 1.500002 0.168423
v 0.124942 1.500002 0.168423
v 0.010968 1.673436 0.205743
v 0.010968 1.673436 0.205743
v 0.020327 1.595362 0.204852
v 0.039799 1.769562 -0.096464
v 0.030142 1.857990 -0.060378
v 0.030142 1.857990 -0.060378
v 0.096304 1.778292 -0.054648
v 0.131528 1.784588 0.044792
v 0.206085 1.447330 0.101931
v 0.206085 1.447330 0.101931
v 0.206085 1.447330 0.101931
v 0.257530 1.475550 -0.010231
v 0.106434 1.524114 0.155869
v 0.106434 1.524114 0.155869
v -0.120834 1.305679 -0.200490
v 0.001110 1.305489 -0.199130
v 0.253672 1.273735 0.008482
v 0.176781 1.269690 0.119649
v 0.176781 1.269690 0.119649
v 0.123059 1.304529 -0.200101
v 0.253475 1.279194 -0.116154
v 0.253475 1.279194 -0.116154
v 0.253475 1.279194 -0.116154
v 0.144305 1.336410 0.083199
v 0.144305 1.336410 0.083199
v 0.185176 1.394603 0.084777
v -0.221235 1.345755 -0.083547
v -0.221235 1.345755 -0.083547
v -0.221235 1.345755 -0.083547
v 0.267142 1.419178 -0.080394
v 0.267142 1.419178 -0.080394
v 0.267142 1.419178 -0.080394
v 0.211626 1.346806 -0.083992
v 0.211626 1.346806 -0.083992
v 0.211626 1.346806 -0.083992
v 0.098619 1.352464 -0.165175
v -0.004957 1.351420 -0.169882
v 0.212088 1.342600 -0.022983
v 0.094448 1.506307 -0.130938
v 0.256874 1.488058 -0.058845
v 0.256874 1.488058 -0.058845
v -0.108510 1.352442 -0.165265
v -0.221956 1.341554 -0.021400
v -0.251442 1.280514 -0.115933
v -0.251442 1.280514 -0.115933
v -0.251442 1.280514 -0.115933
v -0.251708 1.275297 0.009190
v -0.174914 1.270972 0.119748
v -0.174914 1.270972 0.119748
v 0.050200 1.001910 0.014879
v 0.039437 1.044579 0.093127
v 0.039437 1.044579 0.093127
v 0.050811 1.003987 -0.089934
v 0.050811 1.003987 -0.089934
v -0.000379 1.043814 0.095940
v -0.051980 1.004516 -0.089934
v -0.051980 1.004516 -0.089934
v -0.051391 1.002432 0.014879
v -0.040189 1.044988 0.093127
v -0.040189 1.044988 0.093127
v -0.429470 1.427644 -0.119406
v -0.429470 1.427644 -0.119406
v -0.429470 1.427644 -0.119406
v -0.378184 1.524923 -0.050549
v -0.289965 1.531359 -0.172502
v -0.288296 1.603957 -0.132254
v -0.419627 1.696218 -0.079386
v -0.424446 1.637663 -0.072526
v -0.424446 1.637663 -0.072526
v -0.419832 1.599207 -0.094825
v -0.392551 1.734713 -0.066562
v 0.375772 1.624356 -0.004048
v 0.319809 1.707643 -0.034396
v -0.345278 1.750668 -0.034531
v -0.345278 1.750668 -0.034531
v -0.302517 1.765478 -0.039331
v 0.222411 1.743860 0.022806
v 0.222411 1.743860 0.022806
v 0.222411 1.743860 0.022806
v 0.250849 1.724209 0.135968
v -0.239015 1.743826 -0.070639
v -0.239015 1.743826 -0.070639
v -0.239015 1.743826 -0.070639
v -0.280854 1.666022 0.008080
v -0.338882 1.583140 -0.019216
v -0.306043 1.503866 -0.086112
v -0.491878 1.383340 -0.240637
v -0.464058 1.477591 -0.228256
v -0.464058 1.477591 -0.228256
v -0.464058 1.477591 -0.228256
v -0.412040 1.460297 -0.258670
v -0.412040 1.460297 -0.258670
v -0.412040 1.460297 -0.258670
v -0.432474 1.379019 -0.262914
v -0.328437 1.751937 -0.148152
v -0.257752 1.695893 -0.091283
v -0.429110 1.571859 -0.107572
v -0.458425 1.491550 -0.142556
v -0.458425 1.491550 -0.142556
v -0.387008 1.669588 -0.176039
v -0.425462 1.610691 -0.207024
v -0.425462 1.610691 -0.207024
v -0.425462 1.610691 -0.207024
v -0.374202 1.413463 -0.145261
v -0.374202 1.413463 -0.145261
v -0.374202 1.413463 -0.145261
v -0.339688 1.458457 -0.203070
v -0.339688 1.458457 -0.203070
v -0.354877 1.588810 -0.241392
v -0.354877 1.588810 -0.241392
v -0.350485 1.650925 -0.174125
v -0.350485 1.650925 -0.174125
v -0.347384 1.723601 -0.211352
v -0.347384 1.723601 -0.211352
v -0.402046 1.386792 -0.178150
v -0.461442 1.390943 -0.155860
v -0.416865 1.348750 -0.215119
v -0.416865 1.348750 -0.215119
v -0.476691 1.351436 -0.193293
v -0.476691 1.351436 -0.193293
v -0.555356 1.440879 -0.244680
v -0.555356 1.440879 -0.244680
v -0.555356 1.440879 -0.244680
v -0.534743 1.371260 -0.229929
v -0.486884 1.430724 -0.321689
v -0.486884 1.430724 -0.321689
v -0.480652 1.387401 -0.300586
v -0.520378 1.458671 -0.149241
v -0.520378 1.458671 -0.149241
v -0.520378 1.458671 -0.149241
v -0.418168 1.465677 -0.134199
v -0.418168 1.465677 -0.134199
v -0.421536 1.417472 -0.139288
v -0.505612 1.386078 -0.150445
v -0.505899 1.236210 -0.117666
v -0.575974 1.559294 -0.203411
v -0.575974 1.559294 -0.203411
v -0.575974 1.559294 -0.203411
v -0.537999 1.219882 -0.205249
v -0.414057 1.278924 -0.108358
v -0.478090 1.246352 -0.283072
v -0.351613 1.454312 -0.210404
v -0.351613 1.454312 -0.210404
v -0.365001 1.381904 -0.200995
v -0.386514 1.436559 -0.305631
v -0.386514 1.436559 -0.305631
v -0.394261 1.367020 -0.280832
v -0.386469 1.280208 -0.271559
v -0.354666 1.296385 -0.184784
v -0.507381 1.438731 -0.270371
v -0.507381 1.438731 -0.270371
v -0.467067 1.459238 -0.160376
v -0.467067 1.459238 -0.160376
v -0.368519 1.267681 -0.182251
v -0.395372 1.254022 -0.255519
v -0.521567 1.193365 -0.197513
v -0.494994 1.206881 -0.125010
v -0.472352 1.221281 -0.263790
v -0.418796 1.248523 -0.117664
v -0.371669 1.068168 -0.149423
v -0.395061 1.056269 -0.213246
v -0.462955 1.051950 -0.224960
v -0.507725 1.059530 -0.172743
v -0.484220 1.071486 -0.108610
v -0.416113 1.075778 -0.097150
v -0.403559 1.667161 -0.026560
v -0.376411 1.705635 -0.013595
v 0.394652 1.456640 0.186023
v 0.394652 1.456640 0.186023
v 0.394652 1.456640 0.186023
v 0.344873 1.575372 0.178706
v 0.270066 1.511089 0.064234
v 0.269133 1.593974 0.056561
v 0.399645 1.701037 0.064253
v 0.400080 1.656544 0.103230
v 0.400080 1.656544 0.103230
v 0.395461 1.612172 0.105908
v 0.373808 1.739853 0.049929
v 0.324511 1.770693 0.061508
v 0.324511 1.770693 0.061508
v 0.283491 1.779888 0.044082
v 0.306178 1.640810 0.167033
v 0.275701 1.537372 0.152558
v 0.454990 1.358097 0.125151
v 0.443194 1.439389 0.071940
v 0.443194 1.439389 0.071940
v 0.443194 1.439389 0.071940
v 0.389534 1.411749 0.052330
v 0.389534 1.411749 0.052330
v 0.389534 1.411749 0.052330
v 0.398416 1.342245 0.100794
v 0.240207 1.692775 0.034985
v 0.403860 1.582227 0.111730
v 0.431910 1.496745 0.131903
v 0.431910 1.496745 0.131903
v 0.413546 1.558545 0.008188
v 0.413546 1.558545 0.008188
v 0.413546 1.558545 0.008188
v 0.341364 1.429824 0.166378
v 0.341364 1.429824 0.166378
v 0.341364 1.429824 0.166378
v 0.315893 1.434873 0.089153
v 0.315893 1.434873 0.089153
v 0.344732 1.521344 -0.015711
v 0.344732 1.521344 -0.015711
v 0.338165 1.609717 0.003520
v 0.338165 1.609717 0.003520
v 0.343499 1.648798 -0.068045
v 0.343499 1.648798 -0.068045
v 0.358023 1.387426 0.168971
v 0.414829 1.402631 0.193523
v 0.374192 1.336558 0.156540
v 0.374192 1.336558 0.156540
v 0.431903 1.350413 0.181148
v 0.431903 1.350413 0.181148
v 0.508743 1.395022 0.120361
v 0.508743 1.395022 0.120361
v 0.508743 1.395022 0.120361
v 0.484525 1.338536 0.161814
v 0.450001 1.349761 0.048091
v 0.450001 1.349761 0.048091
v 0.440268 1.319949 0.085106
v 0.462786 1.452029 0.193072
v 0.462786 1.452029 0.193072
v 0.462786 1.452029 0.193072
v 0.359718 1.461751 0.190932
v 0.359718 1.461751 0.190932
v 0.362275 1.416456 0.208181
v 0.446415 1.385958 0.222312
v 0.436546 1.282562 0.297823
v 0.527186 1.520070 0.107204
v 0.527186 1.520070 0.107204
v 0.527186 1.520070 0.107204
v 0.475511 1.234365 0.236453
v 0.352972 1.318820 0.277801
v 0.435534 1.224359 0.158209
v 0.302748 1.415821 0.120145
v 0.302748 1.415821 0.120145
v 0.313172 1.355387 0.162063
v 0.348603 1.358940 0.047595
v 0.348603 1.358940 0.047595
v 0.351457 1.307806 0.101369
v 0.346132 1.253082 0.141092
v 0.307578 1.300632 0.201820
v 0.464244 1.380247 0.092651
v 0.464244 1.380247 0.092651
v 0.411277 1.445949 0.176452
v 0.411277 1.445949 0.176452
v 0.319378 1.278343 0.217023
v 0.351792 1.238173 0.165869
v 0.458516 1.215553 0.251918
v 0.426744 1.255122 0.302521
v 0.422391 1.209809 0.180634
v 0.357475 1.290213 0.283135
v 0.334083 1.112389 0.344028
v 0.334083 1.112389 0.344028
v 0.334083 1.112389 0.344028
v 0.347999 1.132519 0.372910
v 0.347999 1.132519 0.372910
v 0.317961 1.138239 0.316815
v 0.344580 1.104431 0.274578
v 0.406688 1.093283 0.272510
v 0.391196 1.074657 0.299333
v 0.438531 1.119836 0.321101
v 0.410986 1.153852 0.364227
v 0.397977 1.125826 0.372115
v 0.350013 1.163395 0.362161
v 0.376348 1.706632 0.121864
v 0.350424 1.745510 0.107659
v -0.413811 1.004937 -0.084744
v -0.369234 0.997328 -0.137039
v -0.392668 0.985407 -0.200981
v -0.460680 0.981096 -0.212627
v -0.505257 0.988706 -0.160332
v -0.481822 1.000626 -0.096390
v -0.347244 0.909130 -0.118221
v -0.377222 0.893881 -0.200015
v -0.464222 0.888366 -0.214913
v -0.521245 0.898100 -0.148017
v -0.491267 0.913349 -0.066223
v -0.404267 0.918864 -0.051325
v -0.461477 0.896673 -0.057973
v -0.461477 0.896673 -0.057973
v -0.490644 0.894794 -0.062992
v -0.490644 0.894794 -0.062992
v -0.510597 0.884684 -0.117353
v -0.510597 0.884684 -0.117353
v -0.520622 0.879545 -0.144786
v -0.520622 0.879545 -0.144786
v -0.482743 0.873097 -0.189272
v -0.482743 0.873097 -0.189272
v -0.463599 0.869811 -0.211682
v -0.463599 0.869811 -0.211682
v -0.405768 0.873497 -0.201812
v -0.405768 0.873497 -0.201812
v -0.376599 0.875326 -0.196784
v -0.376599 0.875326 -0.196784
v -0.356647 0.885486 -0.142432
v -0.356647 0.885486 -0.142432
v -0.346621 0.890574 -0.114990
v -0.346621 0.890574 -0.114990
v -0.384501 0.897073 -0.070512
v -0.384501 0.897073 -0.070512
v -0.403644 0.900308 -0.048094
v -0.403644 0.900308 -0.048094
v -0.432823 0.898489 -0.053066
v -0.432823 0.898489 -0.053066
v -0.432866 0.891714 -0.091592
v -0.432866 0.891714 -0.091592
v -0.447838 0.890765 -0.094155
v -0.447838 0.890765 -0.094155
v -0.500724 0.889707 -0.090414
v -0.500724 0.889707 -0.090414
v -0.466887 0.887384 -0.109901
v -0.466887 0.887384 -0.109901
v -0.472046 0.884760 -0.123978
v -0.472046 0.884760 -0.123978
v -0.501524 0.876302 -0.167240
v -0.501524 0.876302 -0.167240
v -0.467642 0.880692 -0.148191
v -0.467642 0.880692 -0.148191
v -0.457829 0.879016 -0.159703
v -0.457829 0.879016 -0.159703
v -0.434421 0.871681 -0.206718
v -0.434421 0.871681 -0.206718
v -0.434375 0.878329 -0.168171
v -0.434375 0.878329 -0.168171
v -0.419403 0.879278 -0.165607
v -0.419403 0.879278 -0.165607
v -0.366520 0.880463 -0.169370
v -0.366520 0.880463 -0.169370
v -0.400354 0.882660 -0.149861
v -0.400354 0.882660 -0.149861
v -0.395195 0.885284 -0.135785
v -0.395195 0.885284 -0.135785
v -0.365721 0.893867 -0.092544
v -0.365721 0.893867 -0.092544
v -0.399599 0.889352 -0.111572
v -0.399599 0.889352 -0.111572
v -0.409412 0.891027 -0.100059
v -0.409412 0.891027 -0.100059
v -0.436543 0.724841 -0.053522
v -0.436543 0.724841 -0.053522
v -0.434727 0.749997 -0.073439
v -0.434727 0.749997 -0.073439
v -0.473590 0.718265 -0.084144
v -0.473590 0.718265 -0.084144
v -0.459898 0.745530 -0.094245
v -0.459898 0.745530 -0.094245
v -0.465024 0.710353 -0.131235
v -0.465024 0.710353 -0.131235
v -0.454078 0.740154 -0.126240
v -0.454078 0.740154 -0.126240
v -0.419412 0.709017 -0.147703
v -0.419412 0.709017 -0.147703
v -0.423087 0.739246 -0.137429
v -0.423087 0.739246 -0.137429
v -0.382365 0.715592 -0.117080
v -0.382365 0.715592 -0.117080
v -0.397916 0.743714 -0.116623
v -0.397916 0.743714 -0.116623
v -0.390930 0.723504 -0.069990
v -0.390930 0.723504 -0.069990
v -0.403736 0.749090 -0.084628
v -0.403736 0.749090 -0.084628
v 0.296768 1.098028 0.424800
v 0.340753 1.056368 0.371154
v 0.340753 1.056368 0.371154
v 0.340753 1.056368 0.371154
v 0.420925 1.098048 0.336423
v 0.402196 1.025297 0.348405
v 0.300079 1.058439 0.444663
v 0.300079 1.058439 0.444663
v 0.285132 1.058095 0.434123
v 0.290389 1.069688 0.464374
v 0.330958 1.088455 0.422075
v 0.330958 1.088455 0.422075
v 0.330958 1.088455 0.422075
v 0.375598 1.020578 0.443078
v 0.375598 1.020578 0.443078
v 0.375598 1.020578 0.443078
v 0.375598 1.020578 0.443078
v 0.397870 0.991345 0.405417
v 0.397870 0.991345 0.405417
v 0.397870 0.991345 0.405417
v 0.397870 0.991345 0.405417
v 0.402317 0.968978 0.371138
v 0.402317 0.968978 0.371138
v 0.402317 0.968978 0.371138
v 0.348544 1.042644 0.467504
v 0.348544 1.042644 0.467504
v 0.384571 1.015732 0.325397
v 0.384571 1.015732 0.325397
v 0.368025 0.972285 0.359349
v 0.319498 1.042274 0.451131
v 0.282660 1.075075 0.385799
v 0.282660 1.075075 0.385799
v 0.267690 1.074472 0.447685
v 0.267690 1.074472 0.447685
v 0.329792 1.019768 0.418837
v 0.329792 1.019768 0.418837
v 0.355592 0.986024 0.375162
v 0.355592 0.986024 0.375162
v 0.357976 0.971913 0.379517
v 0.385184 0.975948 0.399748
v 0.366722 0.963664 0.367168
v 0.394758 0.960348 0.377573
v 0.363746 1.004802 0.435292
v 0.363746 1.004802 0.435292
v 0.363746 1.004802 0.435292
v 0.377743 0.986420 0.411303
v 0.377743 0.986420 0.411303
v 0.377743 0.986420 0.411303
v 0.337183 1.000426 0.415059
v 0.337183 1.000426 0.415059
v 0.345303 0.989149 0.400595
v 0.345303 0.989149 0.400595
v 0.323683 1.016731 0.437438
v 0.323683 1.016731 0.437438
v 0.356935 1.014816 0.450048
v 0.356935 1.014816 0.450048
v 0.344638 1.030494 0.469178
v 0.320410 1.026658 0.452355
v 0.356710 0.953748 0.423773
v 0.331390 0.960774 0.415883
v 0.314261 0.986745 0.456231
v 0.311253 0.996164 0.470897
v 0.369594 0.944729 0.414558
v 0.379351 0.928925 0.392869
v 0.344120 0.972306 0.448786
v 0.341061 0.982865 0.465033
v 0.356801 0.931656 0.386462
v 0.348217 0.941337 0.398491
v 0.324091 0.971621 0.430740
v 0.329917 0.998348 0.485549
v 0.316277 0.930591 0.465390
v 0.329195 0.912056 0.440475
v 0.316357 0.938899 0.481745
v 0.295573 0.955685 0.467012
v 0.342902 0.903988 0.435212
v 0.352574 0.888988 0.412746
v 0.291427 0.963082 0.482464
v 0.303632 0.954367 0.501454
v 0.311535 0.930201 0.428393
v 0.304131 0.940914 0.443214
v 0.338281 0.901741 0.403095
v 0.331606 0.911733 0.415789
v 0.265680 0.877293 0.456942
v 0.265680 0.877293 0.456942
v 0.265680 0.877293 0.456942
v 0.299077 0.851926 0.444721
v 0.299077 0.851926 0.444721
v 0.299077 0.851926 0.444721
v 0.263476 0.894859 0.492899
v 0.263476 0.894859 0.492899
v 0.263476 0.894859 0.492899
v 0.249777 1.041807 0.457889
v 0.271600 1.035775 0.474910
v 0.279039 1.022118 0.453580
v 0.265500 1.024642 0.440145
v 0.238191 0.988607 0.477709
v 0.238191 0.988607 0.477709
v 0.238191 0.988607 0.477709
v -0.146073 1.217718 0.008797
v -0.270008 1.251271 0.028937
v -0.295692 1.092903 -0.183723
v -0.295692 1.092903 -0.183723
v -0.291349 0.749940 -0.029871
v -0.291349 0.749940 -0.029871
v -0.118807 1.098258 -0.165236
v -0.118807 1.098258 -0.165236
v -0.243635 0.749940 -0.029871
v -0.312537 0.737631 0.052752
v -0.312537 0.737631 0.052752
v -0.232827 1.267441 -0.079607
v -0.291349 0.787351 0.119879
v -0.291349 0.787351 0.119879
v -0.243635 0.787351 0.119879
v -0.146073 0.782899 0.109092
v -0.297638 1.162472 0.094473
v -0.290314 1.250418 0.029241
v -0.116328 0.737368 0.052818
v -0.116328 0.737368 0.052818
v -0.116328 0.737368 0.052818
v -0.146073 0.751084 -0.018257
v -0.146073 0.751084 -0.018257
v -0.288938 1.201224 -0.167473
v -0.075017 1.128332 -0.044854
v -0.176709 0.541915 -0.006301
v -0.176349 0.491819 -0.078324
v -0.114601 0.582487 -0.029869
v -0.095302 0.542435 -0.105758
v -0.163847 0.695102 -0.093455
v -0.138535 0.659902 -0.235973
v -0.313787 0.597155 -0.036557
v -0.335599 0.564122 -0.120899
v -0.143910 0.393655 -0.450630
v -0.143910 0.393655 -0.450630
v -0.143910 0.393655 -0.450630
v -0.134156 0.236723 -0.395805
v -0.174458 0.465473 -0.483006
v -0.174458 0.465473 -0.483006
v -0.249355 0.386518 -0.388432
v -0.249355 0.386518 -0.388432
v -0.249355 0.386518 -0.388432
v -0.283324 0.404002 -0.466535
v -0.195284 0.367942 -0.376837
v -0.195284 0.367942 -0.376837
v -0.313389 0.413449 -0.388700
v -0.313389 0.413449 -0.388700
v -0.313389 0.413449 -0.388700
v -0.313389 0.413449 -0.388700
v -0.313389 0.413449 -0.388700
v -0.148745 0.488954 -0.454469
v -0.123168 0.410982 -0.394876
v -0.123168 0.410982 -0.394876
v -0.240600 0.384235 -0.604860
v -0.240600 0.384235 -0.604860
v -0.271808 0.341959 -0.579360
v -0.155838 0.390758 -0.606748
v -0.155838 0.390758 -0.606748
v -0.125697 0.322709 -0.560945
v -0.240216 0.462831 -0.476278
v -0.240216 0.462831 -0.476278
v -0.127908 0.183436 -0.447124
v -0.190578 0.351248 -0.357183
v -0.190578 0.351248 -0.357183
v -0.303239 0.465832 -0.431299
v -0.303239 0.465832 -0.431299
v -0.273066 0.369353 -0.368689
v -0.258997 0.269360 -0.376424
v -0.276764 0.093485 -0.291800
v -0.276764 0.093485 -0.291800
v -0.276764 0.093485 -0.291800
v -0.296453 0.191477 -0.460340
v -0.328821 0.131776 -0.375736
v -0.328821 0.131776 -0.375736
v -0.130992 0.095976 -0.298122
v -0.130992 0.095976 -0.298122
v -0.212084 0.089417 -0.279547
v -0.274882 0.065656 -0.316828
v -0.274882 0.065656 -0.316828
v -0.328887 0.123311 -0.383387
v -0.328887 0.123311 -0.383387
v -0.126940 0.072975 -0.321538
v -0.126940 0.072975 -0.321538
v -0.208695 0.058565 -0.307164
v -0.241790 0.727647 -0.021214
v -0.241790 0.727647 -0.021214
v -0.167532 0.722179 -0.018720
v -0.167532 0.722179 -0.018720
v -0.118414 0.677930 0.006018
v -0.118414 0.677930 0.006018
v -0.109273 0.645939 -0.065970
v -0.123208 0.620820 0.038510
v -0.123208 0.620820 0.038510
v -0.179108 0.584305 0.059722
v -0.179108 0.584305 0.059722
v -0.253365 0.589773 0.057229
v -0.253365 0.589773 0.057229
v -0.297688 0.691132 -0.000001
v -0.297688 0.691132 -0.000001
v -0.308459 0.660607 -0.072657
v -0.302483 0.634022 0.032490
v -0.302483 0.634022 0.032490
v -0.303675 0.627347 0.103255
v -0.303675 0.627347 0.103255
v -0.306109 0.629540 0.036560
v -0.306109 0.629540 0.036560
v -0.124934 0.631459 0.032808
v -0.124934 0.631459 0.032808
v -0.122500 0.629265 0.099503
v -0.122500 0.629265 0.099503
v -0.179829 0.628658 0.100690
v -0.179829 0.628658 0.100690
v -0.249785 0.630137 0.035394
v -0.249785 0.630137 0.035394
v -0.308318 0.688413 0.005134
v -0.308318 0.688413 0.005134
v -0.127143 0.690331 0.001382
v -0.127143 0.690331 0.001382
v -0.308092 0.745091 0.040403
v -0.308092 0.745091 0.040403
v -0.126917 0.747010 0.036650
v -0.126917 0.747010 0.036650
v -0.305658 0.742898 0.107097
v -0.305658 0.742898 0.107097
v -0.124483 0.744816 0.103345
v -0.124483 0.744816 0.103345
v -0.303450 0.684025 0.138523
v -0.303450 0.684025 0.138523
v -0.122275 0.685944 0.134771
v -0.122275 0.685944 0.134771
v -0.247124 0.684622 0.137357
v -0.247124 0.684622 0.137357
v -0.247349 0.627943 0.102088
v -0.247349 0.627943 0.102088
v -0.182263 0.630852 0.033996
v -0.182263 0.630852 0.033996
v -0.179604 0.685337 0.135958
v -0.179604 0.685337 0.135958
v -0.248587 0.533213 0.019113
v -0.248587 0.533213 0.019113
v -0.181072 0.533928 0.017714
v -0.181072 0.533928 0.017714
v -0.243166 0.644258 0.226922
v -0.243166 0.644258 0.226922
v -0.175651 0.644973 0.225523
v -0.175651 0.644973 0.225523
v -0.284090 0.555784 0.141201
v -0.137707 0.557334 0.138169
v -0.087552 0.611841 -0.184483
v -0.329821 0.618263 -0.169910
v 0.145853 1.199645 0.031501
v 0.269788 1.226862 0.059620
v 0.295423 1.128758 -0.186714
v 0.295423 1.128758 -0.186714
v 0.291129 0.757704 -0.126611
v 0.291129 0.757704 -0.126611
v 0.118587 1.129160 -0.167471
v 0.118587 1.129160 -0.167471
v 0.243416 0.757704 -0.126611
v 0.312318 0.724484 -0.049966
v 0.312318 0.724484 -0.049966
v 0.232607 1.270504 -0.041071
v 0.291129 0.755190 0.027721
v 0.291129 0.755190 0.027721
v 0.243416 0.755190 0.027721
v 0.145853 0.753674 0.016150
v 0.297370 1.124155 0.100012
v 0.290046 1.225959 0.059693
v 0.116108 0.724212 -0.049970
v 0.116108 0.724212 -0.049970
v 0.116108 0.724212 -0.049970
v 0.145853 0.755812 -0.115095
v 0.145853 0.755812 -0.115095
v 0.288669 1.229213 -0.143053
v 0.074797 1.127139 -0.043407
v 0.183882 0.519531 0.002523
v 0.183523 0.432991 -0.011886
v 0.121774 0.530979 -0.042979
v 0.102475 0.448682 -0.067279
v 0.171020 0.564066 -0.168002
v 0.145709 0.437449 -0.242288
v 0.320960 0.536430 -0.058151
v 0.342772 0.452981 -0.093377
v 0.151083 0.098464 -0.201659
v 0.151083 0.098464 -0.201659
v 0.151083 0.098464 -0.201659
v 0.141329 0.037469 -0.043717
v 0.181632 0.122847 -0.276284
v 0.181632 0.122847 -0.276284
v 0.256529 0.139153 -0.154439
v 0.256529 0.139153 -0.154439
v 0.256529 0.139153 -0.154439
v 0.290497 0.093507 -0.219992
v 0.202458 0.135337 -0.132484
v 0.202458 0.135337 -0.132484
v 0.320562 0.157150 -0.174437
v 0.320562 0.157150 -0.174437
v 0.320562 0.157150 -0.174437
v 0.320562 0.157150 -0.174437
v 0.320562 0.157150 -0.174437
v 0.155919 0.161397 -0.272680
v 0.130341 0.150945 -0.176788
v 0.130341 0.150945 -0.176788
v 0.247773 -0.022810 -0.297004
v 0.247773 -0.022810 -0.297004
v 0.278981 -0.032194 -0.247345
v 0.163012 -0.019824 -0.303206
v 0.163012 -0.019824 -0.303206
v 0.132870 -0.029900 -0.221151
v 0.247389 0.126015 -0.269805
v 0.247389 0.126015 -0.269805
v 0.135082 -0.036829 -0.046045
v 0.197751 0.135669 -0.106157
v 0.197751 0.135669 -0.106157
v 0.310412 0.159852 -0.245581
v 0.310412 0.159852 -0.245581
v 0.280240 0.140023 -0.127169
v 0.266170 0.073667 -0.054199
v 0.283938 -0.005035 0.130446
v 0.283938 -0.005035 0.130446
v 0.283938 -0.005035 0.130446
v 0.303626 -0.039195 -0.061584
v 0.335994 -0.030082 0.041653
v 0.335994 -0.030082 0.041653
v 0.138166 -0.007221 0.124012
v 0.138166 -0.007221 0.124012
v 0.219258 -0.000217 0.142424
v 0.282056 -0.042445 0.129341
v 0.282056 -0.042445 0.129341
v 0.336060 -0.041486 0.041288
v 0.336060 -0.041486 0.041288
v 0.134113 -0.039907 0.121016
v 0.134113 -0.039907 0.121016
v 0.215868 -0.041609 0.141299
v 0.241570 0.638511 -0.140873
v 0.241570 0.638511 -0.140873
v 0.167312 0.636479 -0.135217
v 0.167312 0.636479 -0.135217
v 0.118194 0.623302 -0.086265
v 0.118194 0.623302 -0.086265
v 0.116446 0.549426 -0.113613
v 0.122988 0.606699 -0.022692
v 0.122988 0.606699 -0.022692
v 0.178888 0.596396 0.018262
v 0.178888 0.596396 0.018262
v 0.253145 0.598429 0.012606
v 0.253145 0.598429 0.012606
v 0.297469 0.628208 -0.099920
v 0.297469 0.628208 -0.099920
v 0.315632 0.554877 -0.128784
v 0.302263 0.611605 -0.036347
v 0.302263 0.611605 -0.036347
v 0.303456 0.657613 0.017833
v 0.303456 0.657613 0.017833
v 0.305890 0.611391 -0.030296
v 0.305890 0.611391 -0.030296
v 0.124715 0.610043 -0.034289
v 0.124715 0.610043 -0.034289
v 0.122281 0.656266 0.013840
v 0.122281 0.656266 0.013840
v 0.179610 0.656692 0.015103
v 0.179610 0.656692 0.015103
v 0.249565 0.610972 -0.031538
v 0.249565 0.610972 -0.031538
v 0.308098 0.629988 -0.094388
v 0.308098 0.629988 -0.094388
v 0.126923 0.628640 -0.098381
v 0.126923 0.628640 -0.098381
v 0.307872 0.694807 -0.110350
v 0.307872 0.694807 -0.110350
v 0.126697 0.693459 -0.114343
v 0.126697 0.693459 -0.114343
v 0.305438 0.741030 -0.062221
v 0.305438 0.741030 -0.062221
v 0.124263 0.739682 -0.066214
v 0.124263 0.739682 -0.066214
v 0.303230 0.722433 0.001871
v 0.303230 0.722433 0.001871
v 0.122055 0.721085 -0.002122
v 0.122055 0.721085 -0.002122
v 0.246904 0.722014 0.000629
v 0.246904 0.722014 0.000629
v 0.247130 0.657195 0.016592
v 0.247130 0.657195 0.016592
v 0.182044 0.610470 -0.033026
v 0.182044 0.610470 -0.033026
v 0.179384 0.721511 -0.000859
v 0.179384 0.721511 -0.000859
v 0.248367 0.531653 0.026495
v 0.248367 0.531653 0.026495
v 0.180852 0.531151 0.025007
v 0.180852 0.531151 0.025007
v 0.242946 0.757966 0.092054
v 0.242946 0.757966 0.092054
v 0.175431 0.757464 0.090566
v 0.175431 0.757464 0.090566
v 0.283870 0.634826 0.095562
v 0.137487 0.633737 0.092336
v 0.094725 0.440766 -0.171932
v 0.336995 0.455684 -0.166357
v 0.078094 1.823553 0.158971
v 0.078094 1.823553 0.158971
v 0.078094 1.823553 0.158971
v -0.151824 1.727456 0.118938
v -0.151824 1.727456 0.118938
v -0.179890 1.767344 0.028207
v -0.179890 1.767344 0.028207
v -0.144970 1.821950 0.071008
v -0.102880 1.848365 -0.048452
v -0.083054 1.882600 -0.009715
v -0.083054 1.882600 -0.009715
v -0.189912 1.749991 0.092488
v -0.189912 1.749991 0.092488
v -0.189912 1.749991 0.092488
v 0.078589 1.857113 -0.038075
v 0.005067 1.753225 -0.127044
v -0.010750 1.858682 -0.079513
v -0.154102 1.867170 0.044483
v -0.161589 1.827167 0.025768
v -0.054904 1.853399 -0.063575
v -0.162021 1.821204 0.063238
v -0.153600 1.862475 0.078445
v -0.141680 1.809831 0.163040
v -0.141680 1.809831 0.163040
v 0.093605 1.820058 0.174789
v 0.093605 1.820058 0.174789
v -0.154130 1.808980 0.140292
v -0.078048 1.858770 -0.107760
v -0.010159 1.863218 -0.103859
v 0.030580 1.862913 -0.089741
v 0.110385 1.828877 0.090370
v 0.102363 1.818068 0.158000
v -0.091342 1.916491 -0.013709
v 0.071168 1.874969 0.090251
v 0.071168 1.874969 0.090251
v -0.127277 1.870657 0.046459
v -0.127277 1.870657 0.046459
v -0.137973 1.903834 0.062143
v 0.047243 1.888297 -0.000145
v 0.047243 1.888297 -0.000145
v 0.073686 1.879770 0.056141
v 0.073686 1.879770 0.056141
v -0.126082 1.866031 0.081530
v -0.126082 1.866031 0.081530
v 0.022699 1.888270 -0.008610
v 0.022699 1.888270 -0.008610
v -0.049065 1.886286 -0.023239
v -0.049065 1.886286 -0.023239
v -0.013767 1.889630 -0.035860
v -0.013767 1.889630 -0.035860
v -0.108460 1.815481 0.170920
v -0.134097 1.854901 0.175192
v -0.013683 1.896206 -0.086681
v 0.022991 1.896605 -0.073182
v 0.099076 1.875540 0.066663
v 0.096809 1.870155 0.097794
v 0.097589 1.863330 0.161870
v -0.081377 1.894021 -0.098003
v -0.015584 1.923917 -0.046370
v -0.015584 1.923917 -0.046370
v -0.015584 1.923917 -0.046370
v 0.018167 1.922769 -0.008972
v 0.018167 1.922769 -0.008972
v 0.089623 1.907309 0.141295
v 0.083557 1.915681 0.068086
v 0.081766 1.911922 0.097229
v -0.114074 1.922422 -0.078946
v -0.084859 1.925615 -0.089211
v -0.049254 1.920551 -0.030060
v -0.137035 1.899942 0.094098
v -0.127652 1.891582 0.179997
v -0.095751 1.954686 -0.015961
v -0.109220 1.957744 -0.056238
v -0.061231 1.959215 -0.041494
v -0.129618 1.933730 0.171781
v -0.080410 1.960131 -0.066976
v -0.093327 1.996478 -0.006641
v -0.061124 2.000489 -0.031129
v -0.040966 2.042650 0.188140
v -0.012657 2.044151 0.188140
v 0.088366 1.945880 0.146773
v 0.059736 1.961519 -0.016336
v 0.073617 2.057077 0.071131
v 0.051403 2.048215 0.167644
v 0.070324 2.051319 0.141359
v -0.017425 1.958667 -0.051485
v -0.313092 1.006168 -0.014355
v -0.298900 1.008235 -0.108618
v 0.312975 0.998077 -0.045528
v 0.298712 1.025942 -0.135955
v -0.320230 1.158409 0.071675
v -0.314077 1.232284 0.016880
v -0.311050 1.245767 -0.074262
v -0.312921 1.190961 -0.148360
v -0.318594 1.099971 -0.162009
v 0.319967 1.126007 0.076937
v 0.313815 1.211522 0.043069
v 0.310788 1.248076 -0.041502
v 0.312659 1.214256 -0.127237
v 0.318332 1.129873 -0.163913
v -0.322332 1.060073 0.050615
v -0.322965 1.016609 -0.017038
v -0.321013 1.028832 -0.098915
v 0.322085 1.036114 0.031184
v 0.322847 1.009066 -0.045421
v 0.320816 1.043489 -0.121273
vt 0.354702 0.633340
vt 0.301315 0.628918
vt 0.316454 0.600376
vt 0.359260 0.609629
vt 0.351990 0.579013
vt 0.207027 0.655103
vt 0.207607 0.634938
vt 0.167941 0.643474
vt 0.128431 0.659769
vt 0.160812 0.680856
vt 0.105261 0.683524
vt 0.147290 0.703999
vt 0.101224 0.716077
vt 0.137218 0.728847
vt 0.111819 0.753263
vt 0.117418 0.790343
vt 0.136545 0.782093
vt 0.164398 0.635351
vt 0.311718 0.659082
vt 0.342625 0.686204
vt 0.355054 0.657274
vt 0.780973 0.307448
vt 0.799970 0.292819
vt 0.843437 0.307534
vt 0.304255 0.660949
vt 0.337366 0.693654
vt 0.302885 0.706504
vt 0.291345 0.628836
vt 0.308129 0.596393
vt 0.209180 0.626450
vt 0.349134 0.571363
vt 0.100800 0.751379
vt 0.107614 0.790635
vt 0.091333 0.713884
vt 0.092244 0.677843
vt 0.112345 0.651847
vt 0.052437 0.664642
vt 0.081976 0.637942
vt 0.092211 0.678327
vt 0.197185 0.603232
vt 0.271000 0.671314
vt 0.247917 0.661347
vt 0.052486 0.664632
vt 0.048531 0.681923
vt 0.164741 0.610834
vt 0.120898 0.612780
vt 0.224833 0.651379
vt 0.224625 0.600665
vt 0.064734 0.741028
vt 0.066314 0.791934
vt 0.347058 0.548802
vt 0.274669 0.551772
vt 0.307993 0.596947
vt 0.067437 0.632007
vt 0.041219 0.660682
vt 0.040205 0.689216
vt 0.274656 0.551746
vt 0.275099 0.540832
vt 0.336364 0.537495
vt 0.276058 0.540493
vt 0.275627 0.551109
vt 0.226755 0.549059
vt 0.067591 0.628663
vt 0.111266 0.601101
vt 0.027733 0.596120
vt 0.118087 0.799353
vt 0.142740 0.837715
vt 0.122283 0.844522
vt 0.226575 0.505270
vt 0.226492 0.485057
vt 0.276077 0.483898
vt 0.107543 0.569324
vt 0.027797 0.574766
vt 0.163073 0.595039
vt 0.158971 0.564227
vt 0.108680 0.570752
vt 0.186978 0.588567
vt 0.181011 0.558252
vt 0.226728 0.542442
vt 0.283006 0.504252
vt 0.354897 0.633746
vt 0.359525 0.610005
vt 0.316762 0.600679
vt 0.369765 0.587552
vt 0.352269 0.579327
vt 0.206357 0.656628
vt 0.180013 0.663531
vt 0.167827 0.643814
vt 0.160187 0.681025
vt 0.128152 0.659828
vt 0.146654 0.703977
vt 0.104928 0.683476
vt 0.136578 0.728679
vt 0.100841 0.715911
vt 0.132004 0.754625
vt 0.111323 0.752856
vt 0.135705 0.781445
vt 0.116737 0.789536
vt 0.112138 0.652769
vt 0.164972 0.636123
vt 0.301610 0.629114
vt 0.311815 0.659227
vt 0.355106 0.657700
vt 0.342442 0.686566
vt 0.779961 0.306531
vt 0.798960 0.291905
vt 0.842425 0.306625
vt 0.303935 0.661294
vt 0.270715 0.671586
vt 0.302349 0.707014
vt 0.291177 0.629333
vt 0.210243 0.627408
vt 0.207589 0.636763
vt 0.349007 0.571928
vt 0.336913 0.693943
vt 0.106963 0.790355
vt 0.100387 0.751556
vt 0.091132 0.714337
vt 0.164827 0.611159
vt 0.197522 0.603641
vt 0.120882 0.612937
vt 0.065991 0.790888
vt 0.064697 0.740570
vt 0.112526 0.603678
vt 0.163210 0.595290
vt 0.027908 0.537864
vt 0.096514 0.538701
vt 0.095475 0.504015
vt 0.278494 0.461489
vt 0.226416 0.466516
vt 0.327216 0.446027
vt 0.277587 0.459661
vt 0.244489 0.394320
vt 0.136617 0.498365
vt 0.083033 0.401749
vt 0.118615 0.377313
vt 0.147756 0.529782
vt 0.283778 0.504902
vt 0.097384 0.539140
vt 0.147970 0.529815
vt 0.171458 0.525298
vt 0.159169 0.564369
vt 0.171740 0.525341
vt 0.096601 0.538702
vt 0.275118 0.482653
vt 0.322154 0.481199
vt 0.283035 0.504244
vt 0.337153 0.509650
vt 0.181293 0.558402
vt 0.187255 0.588853
vt 0.336455 0.537500
vt 0.027639 0.627304
vt 0.226959 0.598696
vt 0.107609 0.569392
vt 0.327269 0.445957
vt 0.277602 0.459615
vt 0.097294 0.539139
vt 0.136403 0.498417
vt 0.028021 0.500155
vt 0.176544 0.488446
vt 0.096341 0.503262
vt 0.060942 0.428447
vt 0.082544 0.405899
vt 0.069984 0.393905
vt 0.911795 0.175116
vt 0.911795 0.202842
vt 0.823072 0.202842
vt 0.226132 0.397488
vt 0.246282 0.397972
vt 0.028253 0.422741
vt 0.061035 0.428194
vt 0.060669 0.425063
vt 0.082873 0.402048
vt 0.060573 0.425324
vt 0.246257 0.397885
vt 0.118361 0.377646
vt 0.257786 0.343634
vt 0.244463 0.394231
vt 0.242672 0.347487
vt 0.259244 0.348796
vt 0.600482 0.697428
vt 0.596481 0.694304
vt 0.594897 0.651001
vt 0.572228 0.752959
vt 0.537058 0.746546
vt 0.529969 0.771179
vt 0.457032 0.691461
vt 0.448419 0.706754
vt 0.415111 0.691413
vt 0.519458 0.655147
vt 0.515797 0.605918
vt 0.545539 0.621851
vt 0.550221 0.688448
vt 0.550029 0.653602
vt 0.416721 0.738752
vt 0.461063 0.755093
vt 0.459969 0.736917
vt 0.513748 0.686775
vt 0.495856 0.687879
vt 0.490981 0.659571
vt 0.503165 0.733192
vt 0.541517 0.731091
vt 0.450069 0.722861
vt 0.448567 0.707163
vt 0.456247 0.674030
vt 0.410620 0.657018
vt 0.725997 0.752400
vt 0.754254 0.802227
vt 0.722354 0.811432
vt 0.922325 0.383962
vt 0.898668 0.327746
vt 0.945762 0.327654
vt 0.503251 0.732234
vt 0.467830 0.721446
vt 0.466791 0.705778
vt 0.460113 0.736380
vt 0.600137 0.697392
vt 0.596165 0.694230
vt 0.550888 0.689214
vt 0.514101 0.687818
vt 0.572474 0.751339
vt 0.541251 0.730403
vt 0.569342 0.598436
vt 0.593391 0.584880
vt 0.456347 0.660847
vt 0.458951 0.624603
vt 0.496194 0.688751
vt 0.536940 0.745894
vt 0.433608 0.602145
vt 0.488164 0.607424
vt 0.762231 0.829897
vt 0.734776 0.834343
vt 0.612282 0.720362
vt 0.629614 0.726893
vt 0.636047 0.680392
vt 0.625888 0.633690
vt 0.638315 0.692461
vt 0.740507 0.880372
vt 0.713432 0.893748
vt 0.697745 0.862279
vt 0.723029 0.856490
vt 0.722108 0.842367
vt 0.697745 0.830678
vt 0.474193 0.527683
vt 0.479231 0.545182
vt 0.440748 0.550173
vt 0.536425 0.537023
vt 0.499730 0.544597
vt 0.501500 0.487931
vt 0.701688 0.775026
vt 0.697810 0.801296
vt 0.419865 0.592151
vt 0.460692 0.552624
vt 0.573622 0.537603
vt 0.537723 0.503686
vt 0.402713 0.548515
vt 0.405687 0.520928
vt 0.439858 0.521645
vt 0.408987 0.466434
vt 0.962324 0.313005
vt 0.942688 0.349001
vt 0.366286 0.541408
vt 0.372160 0.525012
vt 0.376444 0.474950
vt 0.901732 0.277977
vt 0.942503 0.277897
vt 0.611338 0.544091
vt 0.616543 0.562907
vt 0.575957 0.568031
vt 0.882049 0.313162
vt 0.534901 0.568031
vt 0.494713 0.563249
vt 0.471575 0.474876
vt 0.605540 0.484954
vt 0.571376 0.502718
vt 0.538391 0.492026
vt 0.382632 0.549222
vt 0.570066 0.490193
vt 0.538992 0.409523
vt 0.409947 0.456107
vt 0.438206 0.455256
vt 0.380516 0.464321
vt 0.508340 0.477340
vt 0.439214 0.466571
vt 0.468378 0.462960
vt 0.653929 0.536894
vt 0.648272 0.510508
vt 0.677155 0.501956
vt 0.389032 0.406526
vt 0.433974 0.408214
vt 0.457344 0.406065
vt 0.512449 0.410538
vt 0.600254 0.473768
vt 0.564626 0.408543
vt 0.412350 0.409190
vt 0.450078 0.722431
vt 0.594990 0.650906
vt 0.415409 0.691470
vt 0.457337 0.691959
vt 0.546843 0.622573
vt 0.516939 0.606987
vt 0.520113 0.656239
vt 0.551031 0.654331
vt 0.491585 0.660382
vt 0.530087 0.770585
vt 0.042194 0.656440
vt 0.456728 0.674542
vt 0.456968 0.661327
vt 0.411307 0.656998
vt 0.725827 0.751866
vt 0.701569 0.774545
vt 0.722316 0.810904
vt 0.921486 0.385810
vt 0.897354 0.328467
vt 0.945393 0.328373
vt 0.466955 0.706371
vt 0.467838 0.722053
vt 0.416909 0.738651
vt 0.594416 0.584787
vt 0.569930 0.598113
vt 0.489305 0.608218
vt 0.459934 0.625093
vt 0.434835 0.602390
vt 0.734789 0.833788
vt 0.762234 0.829280
vt 0.611723 0.720443
vt 0.630262 0.727151
vt 0.636186 0.680692
vt 0.638330 0.692765
vt 0.626452 0.633890
vt 0.740624 0.879804
vt 0.723092 0.855961
vt 0.697820 0.861807
vt 0.697750 0.830205
vt 0.722139 0.841840
vt 0.372210 0.524439
vt 0.405136 0.520778
vt 0.402104 0.548724
vt 0.501318 0.487414
vt 0.499657 0.544350
vt 0.536555 0.537152
vt 0.697750 0.800823
vt 0.418469 0.590854
vt 0.381501 0.550065
vt 0.573421 0.502426
vt 0.537719 0.503511
vt 0.440408 0.549835
vt 0.438317 0.521403
vt 0.880403 0.313590
vt 0.900480 0.277700
vt 0.472171 0.526864
vt 0.478717 0.544095
vt 0.471677 0.474123
vt 0.942069 0.277618
vt 0.610517 0.544244
vt 0.573232 0.537874
vt 0.575052 0.567595
vt 0.962287 0.313430
vt 0.942257 0.350147
vt 0.495370 0.563726
vt 0.535524 0.568669
vt 0.377387 0.475982
vt 0.570124 0.490898
vt 0.538720 0.492048
vt 0.459184 0.552965
vt 0.750549 0.584094
vt 0.719523 0.584094
vt 0.717507 0.563248
vt 0.605351 0.484598
vt 0.601013 0.473735
vt 0.508783 0.477844
vt 0.380291 0.465100
vt 0.725530 0.617741
vt 0.802135 0.584094
vt 0.773865 0.584094
vt 0.772873 0.563006
vt 0.857861 0.563006
vt 0.852896 0.584094
vt 0.828797 0.584094
vt 0.695866 0.584094
vt 0.689643 0.563733
vt 0.749236 0.563006
vt 0.831156 0.563006
vt 0.671872 0.453080
vt 0.721100 0.456103
vt 0.733025 0.536894
vt 0.706747 0.532622
vt 0.709571 0.500718
vt 0.707354 0.532366
vt 0.683057 0.532314
vt 0.678799 0.501871
vt 0.682633 0.532530
vt 0.653859 0.536256
vt 0.649700 0.510371
vt 0.709487 0.501078
vt 0.738371 0.509517
vt 0.738137 0.455726
vt 0.754267 0.461905
vt 0.617566 0.469091
vt 0.720204 0.456218
vt 0.768484 0.475610
vt 0.617167 0.468642
vt 0.738680 0.509453
vt 0.672644 0.452471
vt 0.689267 0.445906
vt 0.706303 0.447703
vt 0.689576 0.445857
vt 0.705525 0.448004
vt 0.635410 0.455356
vt 0.654188 0.450232
vt 0.737819 0.456302
vt 0.755184 0.462370
vt 0.634494 0.455777
vt 0.653554 0.450456
vt 0.850216 0.448423
vt 0.901907 0.478267
vt 0.873074 0.472415
vt 0.857196 0.443285
vt 0.882422 0.456223
vt 0.873074 0.484119
vt 0.909847 0.422054
vt 0.942824 0.407397
vt 0.938237 0.415342
vt 0.946619 0.443285
vt 0.921393 0.456222
vt 0.954559 0.499498
vt 0.930741 0.484119
vt 0.974567 0.478267
vt 0.953599 0.508111
vt 0.857196 0.513250
vt 0.882422 0.500312
vt 0.865578 0.541192
vt 0.624472 0.383080
vt 0.860991 0.407397
vt 0.865578 0.415343
vt 0.911256 0.506164
vt 0.921393 0.500312
vt 0.938237 0.541192
vt 0.849256 0.499498
vt 0.820074 0.478267
vt 0.829248 0.478267
vt 0.625971 0.383796
vt 0.893968 0.422054
vt 0.892559 0.450370
vt 0.849256 0.457037
vt 0.930741 0.472415
vt 0.893968 0.534480
vt 0.860991 0.549137
vt 0.699988 0.384070
vt 0.892559 0.506164
vt 0.911256 0.450370
vt 0.946619 0.513250
vt 0.942824 0.549137
vt 0.909847 0.534480
vt 0.954559 0.457037
vt 0.983741 0.478267
vt 0.769114 0.398654
vt 0.699704 0.383965
vt 0.768905 0.399547
vt 0.901907 0.418579
vt 0.901907 0.537956
vt 0.953599 0.448423
vt 0.850216 0.508111
vt 0.882762 0.644255
vt 0.885959 0.662220
vt 0.872942 0.664472
vt 0.750201 0.646680
vt 0.760460 0.654955
vt 0.754026 0.662518
vt 0.873014 0.624838
vt 0.856219 0.622907
vt 0.704084 0.598736
vt 0.693344 0.591451
vt 0.772268 0.618575
vt 0.788001 0.620003
vt 0.837247 0.622170
vt 0.825907 0.646680
vt 0.801641 0.646680
vt 0.869655 0.646616
vt 0.771233 0.646680
vt 0.681615 0.617595
vt 0.683826 0.609549
vt 0.690043 0.626196
vt 0.675394 0.625385
vt 0.679845 0.600032
vt 0.782632 0.646680
vt 0.693461 0.646680
vt 0.685252 0.646680
vt 0.714809 0.646680
vt 0.435351 0.409015
vt 0.591585 0.407103
vt 0.564702 0.409019
vt 0.539480 0.409110
vt 0.512124 0.410158
vt 0.390408 0.407304
vt 0.713961 0.667691
vt 0.710495 0.664392
vt 0.726323 0.655257
vt 0.718828 0.664434
vt 0.795856 0.657673
vt 0.793644 0.673793
vt 0.780924 0.672179
vt 0.770108 0.654557
vt 0.777953 0.657038
vt 0.695160 0.653463
vt 0.701968 0.652489
vt 0.699004 0.674829
vt 0.735383 0.656100
vt 0.820621 0.660197
vt 0.805266 0.659074
vt 0.748225 0.664920
vt 0.745199 0.664943
vt 0.742021 0.677028
vt 0.734380 0.676043
vt 0.845405 0.646680
vt 0.843430 0.659218
vt 0.830753 0.659769
vt 0.686943 0.657696
vt 0.791767 0.697365
vt 0.779073 0.695321
vt 0.706936 0.676559
vt 0.703428 0.697290
vt 0.696853 0.691438
vt 0.804046 0.676107
vt 0.819531 0.677155
vt 0.817902 0.701446
vt 0.769771 0.673529
vt 0.764164 0.674665
vt 0.728424 0.675723
vt 0.693713 0.673453
vt 0.844007 0.676086
vt 0.776759 0.671937
vt 0.687101 0.671749
vt 0.692236 0.690597
vt 0.733379 0.692173
vt 0.769566 0.690977
vt 0.831138 0.676420
vt 0.843593 0.700489
vt 0.721072 0.676187
vt 0.728367 0.692068
vt 0.756179 0.675701
vt 0.764647 0.692038
vt 0.775920 0.693654
vt 0.739797 0.696666
vt 0.766569 0.723046
vt 0.729915 0.720657
vt 0.721846 0.696018
vt 0.757530 0.697453
vt 0.802388 0.700397
vt 0.808181 0.734234
vt 0.784464 0.728897
vt 0.692610 0.720655
vt 0.685955 0.693023
vt 0.830688 0.700826
vt 0.833587 0.733264
vt 0.661313 0.616708
vt 0.663081 0.609400
vt 0.656609 0.626391
vt 0.662372 0.598033
vt 0.883845 0.689162
vt 0.631468 0.612384
vt 0.173913 0.819635
vt 0.167004 0.791132
vt 0.176845 0.814390
vt 0.054724 0.724434
vt 0.047471 0.706791
vt 0.042184 0.656454
vt 0.027556 0.655032
vt 0.112523 0.603555
vt 0.247774 0.661469
vt 0.067395 0.632063
vt 0.200960 0.299630
vt 0.220015 0.257810
vt 0.177061 0.250523
vt 0.017554 0.261173
vt 0.055204 0.251969
vt 0.057184 0.104646
vt 0.070466 0.291590
vt 0.101084 0.272260
vt 0.201764 0.104238
vt 0.160110 0.104835
vt 0.101632 0.330542
vt 0.128853 0.292478
vt 0.231427 0.103551
vt 0.238249 0.260839
vt 0.155557 0.332314
vt 0.157546 0.273920
vt 0.195572 0.357871
vt 0.093591 0.242831
vt 0.098005 0.106013
vt 0.036215 0.310408
vt 0.065262 0.354501
vt 0.382766 0.304510
vt 0.360972 0.261341
vt 0.131176 0.243886
vt 0.129028 0.105010
vt 0.078615 0.017877
vt 0.081073 0.058058
vt 0.127328 0.014898
vt 0.175205 0.056250
vt 0.176119 0.016006
vt 0.455922 0.327878
vt 0.489869 0.328027
vt 0.490922 0.292125
vt 0.618005 0.322649
vt 0.647730 0.259501
vt 0.652280 0.318738
vt 0.565192 0.289494
vt 0.558484 0.327228
vt 0.590420 0.328351
vt 0.695399 0.264802
vt 0.534366 0.293503
vt 0.525210 0.328259
vt 0.450676 0.291436
vt 0.494282 0.178368
vt 0.629079 0.153362
vt 0.649319 0.156060
vt 0.593771 0.281629
vt 0.576098 0.160366
vt 0.548078 0.168291
vt 0.691014 0.154633
vt 0.525069 0.174815
vt 0.459491 0.165538
vt 0.494933 0.169416
vt 0.422030 0.130268
vt 0.425654 0.100148
vt 0.391757 0.085606
vt 0.538315 0.065177
vt 0.540226 0.022773
vt 0.512860 0.021463
vt 0.657916 0.140663
vt 0.592154 0.054180
vt 0.595425 0.030277
vt 0.485466 0.023318
vt 0.467917 0.024162
vt 0.464213 0.069460
vt 0.489917 0.071452
vt 0.457625 0.098422
vt 0.511012 0.068105
vt 0.518519 0.162318
vt 0.439279 0.087411
vt 0.411654 0.040644
vt 0.404030 0.065390
vt 0.408559 0.022745
vt 0.803981 0.893631
vt 0.803981 0.833736
vt 0.825217 0.842953
vt 0.755960 0.053659
vt 0.844707 0.038947
vt 0.846985 0.066021
vt 0.768781 0.022999
vt 0.811356 0.013874
vt 0.768625 0.091377
vt 0.343257 0.051029
vt 0.331335 0.071058
vt 0.647980 0.048667
vt 0.648754 0.038017
vt 0.377104 0.024795
vt 0.354293 0.038916
vt 0.376755 0.021506
vt 0.694693 0.025979
vt 0.699163 0.085706
vt 0.333308 0.044895
vt 0.347927 0.029849
vt 0.555728 0.362008
vt 0.585047 0.363489
vt 0.780979 0.314876
vt 0.826404 0.293943
vt 0.845220 0.315364
vt 0.653494 0.353331
vt 0.423429 0.329708
vt 0.429557 0.364960
vt 0.459127 0.362873
vt 0.490720 0.362404
vt 0.524065 0.362348
vt 0.720453 0.323004
vt 0.715512 0.356870
vt 0.685562 0.353460
vt 0.687579 0.319579
vt 0.884069 0.202842
vt 0.884069 0.175116
vt 0.850798 0.175116
vt 0.911795 0.247203
vt 0.823072 0.247203
vt 0.892845 0.042755
vt 0.919271 0.042755
vt 0.892845 0.089734
vt 0.884069 0.247203
vt 0.890456 0.043552
vt 0.921659 0.043552
vt 0.921659 0.088938
vt 0.369461 0.587207
vt 0.823072 0.175116
vt 0.850798 0.269384
vt 0.884069 0.269384
vt 0.850798 0.202842
vt 0.967747 0.159271
vt 0.986698 0.204755
vt 0.948795 0.204755
vt 0.493411 0.296284
vt 0.493411 0.351696
vt 0.518985 0.351696
vt 0.493411 0.245135
vt 0.518985 0.296284
vt 0.952558 0.204744
vt 0.986770 0.204744
vt 0.971565 0.257963
vt 0.967747 0.257819
vt 0.884069 0.130754
vt 0.850798 0.130754
vt 0.971565 0.159128
vt 0.615149 0.268828
vt 0.434669 0.158913
vt 0.411151 0.276155
vt 0.527079 0.085968
vt 0.715019 0.154569
vt 0.728186 0.277602
vt 0.686720 0.140864
vt 0.580842 0.130234
vt 0.440955 0.123308
vt 0.547222 0.083310
vt 0.199905 0.299461
vt 0.156572 0.273614
vt 0.176160 0.250278
vt 0.016621 0.260425
vt 0.028291 0.102496
vt 0.056744 0.104024
vt 0.054299 0.251340
vt 0.092715 0.242323
vt 0.100115 0.271775
vt 0.159670 0.104538
vt 0.201325 0.104072
vt 0.127821 0.292081
vt 0.100479 0.330059
vt 0.230990 0.103479
vt 0.237317 0.260788
vt 0.219091 0.257701
vt 0.222507 0.309819
vt 0.154399 0.332002
vt 0.194333 0.357685
vt 0.097561 0.105520
vt 0.035126 0.309719
vt 0.064034 0.353903
vt 0.069436 0.291009
vt 0.290583 0.155141
vt 0.287793 0.261480
vt 0.267592 0.305576
vt 0.130297 0.243497
vt 0.128588 0.104615
vt 0.078449 0.017324
vt 0.127172 0.014498
vt 0.080780 0.057512
vt 0.175958 0.015760
vt 0.174918 0.056001
vt 0.456826 0.327708
vt 0.452015 0.290742
vt 0.492375 0.291703
vt 0.619380 0.324819
vt 0.653698 0.320657
vt 0.648390 0.261294
vt 0.566507 0.289499
vt 0.590826 0.328695
vt 0.559258 0.326559
vt 0.696070 0.265913
vt 0.535733 0.293177
vt 0.526569 0.327630
vt 0.491327 0.327770
vt 0.462082 0.164658
vt 0.496778 0.177843
vt 0.648551 0.157904
vt 0.628294 0.155486
vt 0.595128 0.282116
vt 0.550670 0.168303
vt 0.690174 0.155908
vt 0.527604 0.174592
vt 0.497518 0.168893
vt 0.419414 0.129285
vt 0.373917 0.098742
vt 0.389456 0.084469
vt 0.536011 0.065003
vt 0.508714 0.067752
vt 0.510861 0.021166
vt 0.656926 0.142408
vt 0.538192 0.022651
vt 0.593292 0.030503
vt 0.589870 0.054363
vt 0.461949 0.068805
vt 0.465941 0.023573
vt 0.483479 0.022843
vt 0.487616 0.070960
vt 0.455181 0.097698
vt 0.521179 0.162030
vt 0.436923 0.086579
vt 0.401848 0.064351
vt 0.409625 0.039678
vt 0.423229 0.099216
vt 0.406648 0.021775
vt 0.803981 0.772560
vt 0.833540 0.789911
vt 0.825217 0.823238
vt 0.329184 0.069546
vt 0.341224 0.049612
vt 0.646522 0.038580
vt 0.645680 0.049215
vt 0.352328 0.037582
vt 0.375209 0.023620
vt 0.374881 0.020332
vt 0.319788 0.066127
vt 0.331324 0.043420
vt 0.346026 0.028482
vt 0.584076 0.364356
vt 0.554718 0.361412
vt 0.779612 0.344831
vt 0.779612 0.314739
vt 0.843853 0.344343
vt 0.621983 0.359268
vt 0.652688 0.355388
vt 0.458225 0.362878
vt 0.428733 0.363851
vt 0.489645 0.362345
vt 0.523019 0.361707
vt 0.689121 0.320785
vt 0.684746 0.354696
vt 0.714916 0.357956
vt 0.116921 0.382261
vt 0.117168 0.381938
vt 0.919271 0.089734
vt 0.850798 0.247203
vt 0.890456 0.088938
vt 0.180577 0.662895
vt 0.518985 0.245135
vt 0.937352 0.231353
vt 0.937424 0.231287
vt 0.615919 0.271019
vt 0.424029 0.328752
vt 0.722004 0.323649
vt 0.412556 0.274886
vt 0.437303 0.157771
vt 0.524651 0.085702
vt 0.729012 0.278205
vt 0.714148 0.155513
vt 0.685696 0.142215
vt 0.479421 0.095142
vt 0.438367 0.122453
vt 0.544792 0.083177
vt 0.699400 0.086158
vt 0.756112 0.053961
vt 0.694772 0.026442
vt 0.768876 0.091645
vt 0.768852 0.023268
vt 0.835971 0.098218
vt 0.847169 0.066083
vt 0.844819 0.039016
vt 0.811403 0.014030
vt 0.242632 0.347361
vt 0.226132 0.397402
vt 0.070119 0.393580
vt 0.238601 0.752426
vt 0.289094 0.727905
vt 0.271500 0.787511
vt 0.152428 0.546441
vt 0.163429 0.545665
vt 0.149077 0.576054
vt 0.494955 0.824755
vt 0.522472 0.834392
vt 0.490321 0.869325
vt 0.244881 0.797886
vt 0.247571 0.824464
vt 0.226083 0.820280
vt 0.176522 0.778396
vt 0.183883 0.810141
vt 0.345350 0.727683
vt 0.359246 0.785745
vt 0.054656 0.724789
vt 0.383956 0.792265
vt 0.376930 0.799453
vt 0.402847 0.766432
vt 0.108025 0.848985
vt 0.210304 0.764809
vt 0.208977 0.800517
vt 0.189320 0.807739
vt 0.466476 0.812867
vt 0.475552 0.855448
vt 0.428549 0.784712
vt 0.456757 0.801012
vt 0.441247 0.825912
vt 0.089778 0.833691
vt 0.088101 0.875547
vt 0.069418 0.877999
vt 0.222695 0.796499
vt 0.181098 0.830704
vt 0.158954 0.852971
vt 0.127485 0.858653
vt 0.255216 0.793079
vt 0.084958 0.859294
vt 0.087420 0.797828
vt 0.514262 0.843675
vt 0.529916 0.844456
vt 0.509338 0.878485
vt 0.502717 0.874803
vt 0.456132 0.837788
vt 0.453974 0.832899
vt 0.446187 0.827929
vt 0.423114 0.815529
vt 0.412170 0.810207
vt 0.389404 0.805408
vt 0.186532 0.828516
vt 0.131714 0.871190
vt 0.120769 0.875693
vt 0.467304 0.884450
vt 0.464107 0.900136
vt 0.454449 0.894798
vt 0.175892 0.845439
vt 0.182337 0.856861
vt 0.159763 0.867137
vt 0.240769 0.856676
vt 0.250643 0.836858
vt 0.275224 0.833538
vt 0.500048 0.872750
vt 0.500255 0.888133
vt 0.195026 0.831444
vt 0.492293 0.887340
vt 0.446501 0.846908
vt 0.430944 0.850955
vt 0.421124 0.848313
vt 0.262449 0.793827
vt 0.065918 0.890002
vt 0.064302 0.876381
vt 0.072921 0.878092
vt 0.461687 0.880823
vt 0.204839 0.830308
vt 0.441279 0.844418
vt 0.404708 0.828817
vt 0.451817 0.868700
vt 0.383726 0.824464
vt 0.113915 0.863577
vt 0.088498 0.884124
vt 0.073166 0.892265
vt 0.404983 0.862258
vt 0.431722 0.872580
vt 0.159414 0.885534
vt 0.140436 0.886766
vt 0.098559 0.894740
vt 0.192361 0.853078
vt 0.132701 0.754986
vt 0.492548 0.881770
vt 0.487030 0.897606
vt 0.441742 0.879221
vt 0.225148 0.847364
vt 0.359861 0.800022
vt 0.355784 0.833538
vt 0.303956 0.855813
vt 0.330076 0.855813
vt 0.326852 0.895200
vt 0.185366 0.874923
vt 0.127724 0.893415
vt 0.307499 0.895200
vt 0.272396 0.895200
vt 0.160074 0.911637
vt 0.137944 0.925025
vt 0.228808 0.867745
vt 0.248083 0.899470
vt 0.189383 0.906795
vt 0.271961 0.800022
vt 0.117235 0.906140
vt 0.126342 0.934030
vt 0.398596 0.886457
vt 0.232916 0.907172
vt 0.251955 0.946736
vt 0.257111 0.936543
vt 0.286298 0.979038
vt 0.198782 0.937375
vt 0.154995 0.955149
vt 0.175524 0.941202
vt 0.190529 0.968417
vt 0.203444 0.965862
vt 0.227693 0.998377
vt 0.327167 0.931565
vt 0.306884 0.931794
vt 0.325875 0.964243
vt 0.306884 0.966704
vt 0.434395 0.899216
vt 0.448437 0.909146
vt 0.441616 0.926136
vt 0.251878 0.946756
vt 0.353996 0.855813
vt 0.387416 0.841663
vt 0.223931 0.970011
vt 0.271558 0.855813
vt 0.388992 0.855932
vt 0.391690 0.911609
vt 0.433007 0.945210
vt 0.408908 0.959123
vt 0.406495 0.952774
vt 0.457131 0.896260
vt 0.468550 0.905967
vt 0.466489 0.919704
vt 0.427172 0.919932
vt 0.429636 0.947894
vt 0.416779 0.945781
vt 0.351953 0.895200
vt 0.372039 0.934165
vt 0.380172 0.892088
vt 0.374722 0.934788
vt 0.354926 0.968841
vt 0.426923 0.935492
vt 0.413471 0.956649
vt 0.406963 0.956813
vt 0.372039 0.917501
vt 0.354926 0.952177
vt 0.325366 0.947578
vt 0.388548 0.948189
vt 0.414067 0.933379
vt 0.395694 0.963008
vt 0.340285 0.950160
vt 0.330334 0.948079
vt 0.330537 0.896401
vt 0.434640 0.922261
vt 0.455723 0.936744
vt 0.435719 0.957612
vt 0.105509 0.919032
vt 0.441461 0.905270
vt 0.354277 0.155018
vt 0.324202 0.249375
vt 0.291932 0.155745
vt 0.322954 0.142475
vt 0.324062 0.246961
vt 0.287607 0.265070
vt 0.266942 0.305861
vt 0.223595 0.309917
vt 0.321425 0.141458
vt 0.352913 0.153582
vt 0.361191 0.262017
vt 0.383388 0.302681
vt 0.285573 0.346092
vt 0.325530 0.363097
vt 0.366282 0.345658
vt 0.361259 0.680893
vt 0.850739 0.330072
vt 0.843390 0.352594
vt 0.824440 0.367271
vt 0.799892 0.367219
vt 0.780926 0.352550
vt 0.773603 0.329991
vt 0.824517 0.292818
vt 0.346951 0.548775
vt 0.283750 0.504910
vt 0.337071 0.509670
vt 0.361140 0.681379
vt 0.849725 0.329163
vt 0.842373 0.351684
vt 0.823421 0.366359
vt 0.798874 0.366304
vt 0.779909 0.351634
vt 0.772589 0.329074
vt 0.823507 0.291906
vt 0.257814 0.343766
vt 0.176862 0.488400
vt 0.275138 0.482627
vt 0.275122 0.540864
vt 0.111269 0.601220
vt 0.096222 0.503333
vt 0.095590 0.503946
vt 0.028252 0.423011
vt 0.461388 0.754536
vt 0.901826 0.349081
vt 0.591004 0.407535
vt 0.754195 0.801627
vt 0.713577 0.893241
vt 0.367950 0.540980
vt 0.900576 0.350229
vt 0.615763 0.563284
vt 0.802530 0.563006
vt 0.732849 0.536690
vt 0.771408 0.468912
vt 0.768712 0.475497
vt 0.722496 0.450120
vt 0.722103 0.449870
vt 0.671824 0.446051
vt 0.671237 0.446756
vt 0.615259 0.461349
vt 0.772017 0.469079
vt 0.615085 0.461185
vt 0.783108 0.655650
vt 0.040218 0.689149
vt 0.028725 0.103208
vt 0.376296 0.099992
vt 0.833540 0.876280
vt 0.835702 0.098126
vt 0.321909 0.067697
vt 0.845220 0.345456
vt 0.780979 0.344969
vt 0.826404 0.366592
vt 0.799795 0.366390
vt 0.799795 0.293740
vt 0.622763 0.357107
vt 0.878164 0.066245
vt 0.933952 0.066245
vt 0.879110 0.066245
vt 0.933006 0.066245
vt 0.937424 0.182013
vt 0.937352 0.185737
vt 0.578771 0.160682
vt 0.803981 0.832455
vt 0.825037 0.293115
vt 0.843853 0.314251
vt 0.798428 0.293317
vt 0.825037 0.365765
vt 0.798428 0.365967
vt 0.082699 0.405609
vt 0.259217 0.348666
vt 0.179088 0.573935
vt 0.174429 0.544888
vt 0.065702 0.826925
vt 0.081985 0.895109
vt 0.074720 0.904227
vt 0.069759 0.834635
vt 0.057522 0.862895
vt 0.085351 0.909148
vt 0.472268 0.890977
vt 0.187417 0.969126
vt 0.227751 0.989965
vt 0.179381 0.980967
vt 0.419948 0.931617
vt 0.447473 0.890922
vt 0.325366 0.914900
vt 0.385836 0.935787
vt 0.346611 0.922614
vt 0.345329 0.941822
vt 0.422660 0.944018
vt 0.089717 0.902387
vt 0.367454 0.344045
vt 0.326937 0.362026
vt 0.284382 0.346613
vn -0.053300 0.181400 -0.982000
vn -0.478900 0.171900 -0.860800
vn 0.013600 -0.217100 -0.976000
vn -0.014700 -0.313800 -0.949300
vn -0.047200 -0.503400 -0.862700
vn -0.208900 -0.919900 -0.331900
vn -0.223700 -0.918900 -0.324700
vn -0.339000 -0.938500 0.065800
vn -0.794900 -0.285100 0.535600
vn -0.477800 -0.745500 0.464600
vn -0.724600 -0.191900 0.661900
vn -0.564000 -0.234000 0.791900
vn -0.740800 0.018000 0.671500
vn -0.561100 0.313100 0.766300
vn -0.724400 0.586400 0.362400
vn -0.667700 0.740400 0.077700
vn -0.432200 0.878700 0.202500
vn -0.993800 0.108100 0.024700
vn -0.962600 0.168000 0.212300
vn -0.395500 0.342300 -0.852300
vn -0.297600 0.775200 -0.557200
vn -0.227100 0.695500 -0.681700
vn -0.958900 -0.099800 -0.265700
vn -0.950500 -0.128300 -0.283000
vn -0.965500 -0.069900 -0.250600
vn 0.076500 0.882700 -0.463600
vn -0.119000 0.990700 0.066200
vn -0.130700 0.991200 0.017600
vn -0.641300 0.106200 -0.759900
vn -0.736400 0.351900 -0.577700
vn -0.854100 0.273800 -0.442200
vn -0.918100 0.279400 -0.281000
vn -0.723600 0.386600 -0.571700
vn -0.546100 0.119000 -0.829200
vn -0.358100 0.637000 -0.682500
vn -0.795600 0.605700 0.007500
vn -0.815400 0.578400 -0.021100
vn -0.665700 0.126000 0.735500
vn -0.889300 -0.018500 0.456900
vn -0.584500 -0.085900 0.806800
vn -0.739200 -0.133800 0.660000
vn 0.191600 -0.041100 0.980600
vn 0.330900 -0.240600 0.912500
vn 0.366600 -0.166700 0.915300
vn -0.941600 0.334900 -0.034400
vn -0.001700 0.825400 -0.564500
vn -0.201700 0.640700 -0.740800
vn 0.080300 0.300000 -0.950500
vn -0.414500 -0.037800 0.909300
vn -0.426200 0.129200 0.895300
vn -0.952400 0.227500 0.202800
vn -0.820200 -0.036700 0.570800
vn 0.115500 0.451200 -0.884900
vn 0.092800 0.145100 -0.985000
vn -0.309400 0.843200 0.439600
vn -0.375800 0.675300 0.634500
vn 0.554700 -0.009200 -0.832000
vn 0.201100 0.007300 -0.979500
vn 0.315400 0.019500 -0.948700
vn 0.674000 -0.711400 0.199000
vn 0.482300 -0.739600 0.469400
vn 0.508700 -0.738200 0.442900
vn 0.831800 0.026900 0.554300
vn 0.974100 0.185200 -0.129300
vn 0.986100 0.165200 -0.018100
vn 0.097000 -0.934200 -0.343200
vn 0.093500 -0.929200 -0.357400
vn 0.144100 -0.965900 -0.215100
vn 0.021600 -0.917200 -0.397900
vn -0.275600 -0.243600 0.929900
vn -0.306600 -0.247900 0.919000
vn -0.030700 -0.196300 0.980000
vn -0.965800 -0.182400 0.184300
vn -0.957100 -0.044400 0.286300
vn -0.971200 -0.141700 0.191200
vn -0.000500 0.083300 -0.996500
vn 0.000500 -0.302000 -0.953300
vn -0.297300 -0.230400 -0.926500
vn -0.317800 -0.238300 0.917700
vn -0.004700 -0.218800 0.975700
vn -0.975000 0.043900 0.217800
vn -0.935700 -0.260500 0.237800
vn -0.801800 -0.407900 0.436800
vn -0.992200 0.123800 -0.010900
vn -0.988400 0.148700 0.029500
vn -0.235800 0.412300 -0.880000
vn 0.000200 0.396800 -0.917900
vn -0.441900 0.298000 -0.846100
vn -0.365300 0.061300 -0.928900
vn 0.360200 0.382400 -0.850900
vn 0.398500 -0.171800 -0.900900
vn 0.349400 0.007600 -0.936900
vn 0.482700 -0.454600 -0.748600
vn 0.396600 -0.399700 -0.826400
vn 0.381000 -0.880800 -0.281100
vn 0.386600 -0.922200 0.009500
vn 0.347800 -0.932200 0.099500
vn 0.273400 -0.779800 0.563200
vn 0.629900 -0.355800 0.690400
vn 0.245400 -0.387600 0.888500
vn 0.489000 -0.258900 0.832900
vn 0.280900 0.176100 0.943400
vn 0.457200 -0.055800 0.887600
vn 0.337000 0.705700 0.623100
vn 0.535300 0.543400 0.646600
vn 0.310100 0.876600 0.367900
vn 0.561000 0.755400 0.338500
vn 0.645300 -0.184100 0.741400
vn 0.927100 -0.001400 0.374900
vn 0.331600 0.379600 -0.863700
vn 0.644800 0.477200 -0.597000
vn 0.354700 0.794700 -0.492400
vn 0.425800 0.827300 -0.366400
vn 0.996500 0.030100 0.077700
vn 0.996100 0.037000 0.080500
vn 0.996500 0.017900 0.081100
vn 0.081300 0.923600 -0.374500
vn 0.297900 0.750200 -0.590200
vn 0.059500 0.995700 0.070900
vn 0.843400 0.423800 -0.330200
vn 0.883500 0.228200 -0.409100
vn 0.878700 0.238300 -0.413500
vn 0.961600 0.265600 -0.068100
vn 0.938700 0.328400 -0.104800
vn 0.822300 0.465900 -0.326700
vn 0.822100 0.216700 -0.526500
vn 0.576700 0.669800 -0.467700
vn 0.746900 0.595800 0.295100
vn 0.712800 0.624400 0.319200
vn 0.634200 0.004100 0.773200
vn 0.337700 0.109700 0.934800
vn 0.969800 0.004100 0.243700
vn 0.993100 0.089800 0.075600
vn -0.467400 -0.157000 0.870000
vn 0.713100 -0.214000 0.667600
vn 0.081200 0.730700 0.677800
vn 0.034600 0.813700 0.580200
vn 0.162400 0.152300 0.974900
vn -0.023800 -0.966500 -0.255600
vn -0.030100 -0.966000 -0.256800
vn 0.009900 -0.968400 -0.249300
vn 0.031700 -0.003100 0.999500
vn -0.308500 0.118400 0.943800
vn -0.212000 0.188400 0.958900
vn 0.215100 0.636200 -0.741000
vn 0.292000 0.644100 -0.707000
vn 0.003100 0.556200 -0.831000
vn -0.252800 0.614500 -0.747300
vn -0.002000 0.536900 -0.843600
vn -0.440900 -0.398000 -0.804400
vn -0.274800 -0.333900 -0.901600
vn -0.194800 -0.379700 -0.904300
vn 0.795400 -0.576500 0.187000
vn 0.789400 -0.586700 0.180700
vn 0.801200 -0.598300 -0.011500
vn -0.769400 -0.588600 0.248100
vn 0.379200 0.081800 -0.921700
vn 0.299400 -0.224500 -0.927300
vn 0.789700 -0.444000 0.423300
vn 0.730900 -0.525100 0.435900
vn 0.768300 -0.596400 0.232400
vn -0.784300 -0.614700 -0.083800
vn -0.777100 -0.626000 -0.064200
vn 0.926300 -0.278400 0.253900
vn 0.789300 -0.611600 -0.054500
vn 0.235900 0.069400 0.969300
vn -0.485000 -0.391100 -0.782200
vn 0.508200 -0.350700 -0.786600
vn 0.517600 -0.337800 -0.786100
vn 0.852800 0.521600 0.024400
vn 0.789000 0.575100 0.216000
vn 0.760700 0.581600 0.288100
vn 0.960400 -0.003500 0.278600
vn 0.990000 0.130800 0.053400
vn 0.992000 0.121300 0.033100
vn -0.516300 0.570500 -0.638700
vn -0.273000 0.617000 -0.738000
vn 0.459200 0.370200 -0.807500
vn 0.487300 0.326100 -0.810100
vn -0.025500 -0.923900 -0.381800
vn -0.030700 -0.922600 -0.384500
vn 0.183800 -0.303900 0.934800
vn -0.064500 -0.219600 0.973400
vn 0.177900 0.455500 -0.872200
vn -0.077200 -0.067000 -0.994800
vn 0.013200 -0.009100 -0.999800
vn 0.259300 -0.308100 0.915300
vn 0.258400 0.422900 -0.868600
vn 0.497800 0.620600 -0.605700
vn 0.510400 0.606100 -0.610000
vn -0.699500 0.513500 0.497000
vn -0.850700 0.480500 0.213200
vn -0.810500 0.497100 0.309600
vn 0.026600 -0.009700 0.999600
vn -0.909800 0.414600 0.016100
vn -0.910200 0.413800 0.015300
vn 0.658000 0.589200 0.468900
vn 0.659100 0.581400 0.477000
vn -0.041700 -0.885200 0.463300
vn -0.005000 -0.974100 0.226200
vn -0.005000 -0.972200 0.234000
vn 0.023200 -0.239000 -0.970700
vn 0.000500 -0.200400 -0.979700
vn -0.001900 -0.372000 -0.928200
vn -0.114900 -0.241500 0.963600
vn -0.001300 -0.251200 0.967900
vn 0.112800 -0.242800 0.963500
vn 0.721900 -0.497100 0.481200
vn 0.735900 -0.534500 0.415600
vn -0.800300 -0.568900 0.189400
vn -0.794600 -0.579600 0.180600
vn -0.740100 -0.527800 0.416700
vn 0.273400 -0.336100 -0.901200
vn 0.191300 -0.381500 -0.904400
vn -0.809000 -0.587100 -0.026200
vn -0.806700 -0.590800 -0.011400
vn 0.437100 -0.401700 -0.804700
vn 0.180000 -0.486600 -0.854900
vn -0.002700 -0.527900 -0.849300
vn -0.184900 -0.484700 -0.854900
vn 0.300100 0.345100 -0.889300
vn 0.581700 0.362300 -0.728200
vn 0.727700 0.125600 -0.674300
vn 0.469500 0.589800 -0.657000
vn -0.159600 0.688400 -0.707500
vn 0.130900 0.758800 -0.638000
vn -0.944300 0.056600 -0.324000
vn -0.838500 0.380700 -0.389800
vn -0.864500 0.453500 -0.216500
vn 0.939100 -0.328100 0.102400
vn 0.796700 -0.604200 0.005400
vn 0.810300 -0.586000 -0.005600
vn 0.727100 0.253400 -0.638100
vn 0.753400 0.066900 -0.654100
vn 0.376300 0.765600 -0.521700
vn 0.798500 -0.421000 0.430300
vn 0.592300 -0.627600 0.505100
vn 0.315400 -0.552800 0.771300
vn -0.919000 -0.264900 0.292100
vn -0.940600 -0.283000 0.187200
vn -0.944600 -0.267100 0.190600
vn 0.610400 0.526300 -0.591900
vn 0.896800 0.101900 -0.430600
vn -0.963700 0.250900 -0.090400
vn -0.918900 0.387300 0.074400
vn 0.961400 -0.216200 0.169900
vn -0.886900 0.308200 0.343900
vn -0.898100 0.214600 0.383900
vn -0.914700 0.195400 0.353800
vn 0.703500 0.606200 -0.370800
vn -0.019200 0.203700 0.978800
vn -0.169800 0.125200 0.977500
vn -0.465400 -0.286800 0.837300
vn -0.034900 0.428100 0.903000
vn -0.294900 0.860000 0.416300
vn -0.557800 0.782700 0.276100
vn -0.071100 0.719500 0.690800
vn -0.182600 -0.218800 -0.958500
vn -0.478100 -0.114500 -0.870800
vn -0.479100 -0.374800 -0.793700
vn -0.985500 -0.089000 0.144200
vn -0.863800 -0.112000 0.491200
vn 0.575100 0.104700 -0.811300
vn 0.655900 0.081900 -0.750400
vn -0.372200 0.243400 -0.895700
vn -0.402700 0.249500 -0.880700
vn -0.409400 0.262500 -0.873800
vn -0.717500 0.002000 0.696500
vn -0.757000 -0.028100 0.652800
vn -0.741200 -0.060800 0.668500
vn -0.679900 -0.239100 0.693300
vn 0.657000 0.066600 -0.750900
vn -0.718100 -0.191000 0.669100
vn 0.326000 -0.830400 -0.451700
vn -0.919900 -0.372900 0.121200
vn -0.339900 -0.398800 -0.851700
vn -0.368800 -0.428500 -0.824800
vn -0.961000 0.275800 0.018300
vn -0.956100 0.289300 0.045800
vn 0.624800 -0.152300 -0.765700
vn 0.256200 -0.510400 0.820900
vn 0.150900 -0.693600 0.704400
vn 0.193100 0.281400 -0.939900
vn 0.220400 0.337500 -0.915100
vn 0.998500 -0.051600 -0.017500
vn -0.540100 0.401800 0.739500
vn -0.365300 0.235800 -0.900500
vn -0.370500 0.221600 -0.902000
vn 0.162700 -0.710300 0.684800
vn 0.168200 -0.747100 0.643100
vn 0.879500 -0.335600 -0.337400
vn 0.852600 -0.450500 -0.264700
vn 0.913700 -0.191400 -0.358300
vn -0.535700 -0.168600 0.827400
vn -0.660500 -0.445500 0.604400
vn -0.210900 -0.855500 -0.472900
vn -0.228200 -0.846800 -0.480400
vn 0.174800 -0.778200 0.603200
vn 0.204800 -0.717500 0.665800
vn -0.160600 0.035300 0.986400
vn -0.138600 -0.094400 0.985800
vn -0.123800 -0.057600 0.990600
vn 0.941600 -0.042000 -0.334100
vn 0.753300 0.091700 0.651300
vn 0.756800 0.014000 0.653500
vn 0.803800 -0.083700 0.588900
vn -0.877800 0.388500 0.280300
vn -0.941500 0.047100 0.333800
vn 0.166900 0.537300 0.826700
vn 0.940500 -0.085800 -0.328700
vn 0.933200 -0.186500 -0.307200
vn -0.898300 -0.232700 0.372600
vn -0.933300 -0.062600 0.353700
vn -0.918800 -0.150700 0.364800
vn -0.033600 0.985300 -0.167200
vn -0.048500 0.983700 -0.172900
vn -0.040200 0.984400 -0.171200
vn -0.709700 -0.355700 -0.608100
vn -0.713800 -0.387000 -0.583700
vn -0.746300 -0.262600 -0.611600
vn -0.754500 -0.198200 -0.625600
vn -0.719400 -0.266600 -0.641400
vn -0.038600 0.985200 -0.167000
vn -0.032900 0.984400 -0.172800
vn -0.032000 0.984800 -0.170500
vn 0.171500 -0.283700 -0.943400
vn 0.167200 -0.412200 -0.895600
vn 0.142600 -0.367400 -0.919100
vn -0.036300 0.984000 -0.174300
vn 0.729000 -0.069100 0.681000
vn 0.738500 -0.121600 0.663100
vn 0.929800 -0.211100 -0.301400
vn -0.120700 0.037900 0.991900
vn -0.165700 0.101200 0.981000
vn 0.259700 -0.360500 -0.895900
vn 0.161100 -0.209500 -0.964400
vn 0.918400 -0.273600 -0.285600
vn -0.452500 0.222200 -0.863600
vn 0.940700 -0.048400 -0.335700
vn -0.896500 -0.238900 0.373100
vn -0.665500 -0.365900 -0.650600
vn -0.620100 -0.460200 -0.635300
vn 0.220300 -0.278300 -0.934900
vn 0.270800 -0.443600 -0.854300
vn 0.796900 -0.077800 0.599000
vn 0.796100 -0.176400 0.578900
vn -0.061900 -0.058900 0.996300
vn -0.081400 -0.031700 0.996200
vn -0.025500 -0.157700 0.987100
vn 0.764900 0.111600 0.634400
vn 0.757200 0.227300 0.612400
vn 0.757300 0.227500 0.612100
vn -0.683600 -0.338000 -0.646800
vn -0.758900 -0.163500 -0.630300
vn -0.173300 0.133700 0.975700
vn -0.170200 0.136000 0.976000
vn 0.766000 0.112300 0.632900
vn 0.247200 -0.357400 -0.900600
vn 0.180000 -0.185700 -0.965900
vn -0.938700 -0.003100 0.344600
vn -0.713200 0.499700 0.491600
vn -0.712200 0.500700 0.491900
vn -0.568400 0.635700 0.522200
vn -0.857300 0.294000 0.422500
vn -0.930300 0.117300 0.347500
vn -0.856600 0.295300 0.423000
vn -0.639800 -0.277900 -0.716500
vn 0.908900 0.259900 -0.326100
vn 0.974800 -0.128100 -0.182400
vn -0.851900 -0.473000 0.224600
vn -0.841000 -0.481900 0.245900
vn -0.965300 -0.210800 0.154300
vn -0.669600 -0.326200 -0.667200
vn -0.639000 -0.153200 -0.753800
vn -0.377800 0.053300 0.924300
vn -0.434400 -0.012300 0.900600
vn -0.390800 0.884200 -0.255800
vn -0.058400 0.992200 -0.109600
vn 0.239000 0.955000 -0.175800
vn -0.143900 -0.082200 0.986100
vn 0.982800 0.158500 -0.094100
vn 0.955400 0.294600 0.022000
vn 0.929600 0.365800 -0.044400
vn -0.958500 -0.250800 0.135800
vn 0.884500 0.353700 0.304200
vn 0.892200 0.327700 0.310600
vn 0.890200 0.304200 0.339000
vn -0.636800 0.357700 -0.683000
vn 0.434400 0.330700 0.837800
vn 0.356300 0.238000 0.903500
vn 0.073600 0.655100 0.751900
vn -0.033700 0.862400 0.505000
vn -0.538000 0.804000 -0.253100
vn -0.316100 0.948000 -0.036300
vn -0.567100 -0.360000 -0.740800
vn 0.480600 -0.371800 -0.794200
vn 0.475300 -0.381800 -0.792700
vn 0.464200 -0.328200 -0.822700
vn 0.641100 0.399800 0.655000
vn 0.655100 0.316900 0.685800
vn 0.664000 0.338000 0.667000
vn -0.569100 -0.372900 -0.732800
vn 0.686400 0.345600 0.639900
vn 0.633400 0.218900 0.742200
vn -0.285100 -0.958000 0.031400
vn 0.874400 -0.257700 0.411000
vn 0.418700 -0.803300 -0.423500
vn 0.403300 -0.802000 -0.440600
vn 0.964800 0.262400 -0.012100
vn 0.973800 0.225100 -0.032100
vn -0.501100 -0.595000 -0.628400
vn -0.533700 -0.574500 -0.620500
vn -0.337600 -0.058900 0.939400
vn -0.330300 -0.036700 0.943100
vn -0.075400 -0.298100 -0.951500
vn -0.101700 -0.238000 -0.965900
vn -0.993400 -0.051600 -0.102200
vn 0.483300 0.752700 0.447000
vn 0.464700 -0.332500 -0.820600
vn 0.463600 -0.329000 -0.822700
vn -0.343400 -0.201500 0.917300
vn -0.334000 -0.181000 0.925000
vn -0.891300 -0.298200 -0.341400
vn -0.892500 -0.322900 -0.314800
vn -0.886200 -0.350700 -0.302600
vn 0.564400 -0.022600 0.825100
vn 0.255400 -0.966800 -0.008100
vn 0.232700 -0.972500 0.001900
vn -0.306600 -0.316800 0.897500
vn -0.305700 -0.314600 0.898600
vn 0.032000 0.455800 0.889500
vn 0.035500 0.507100 0.861100
vn 0.000200 0.390300 0.920700
vn -0.894300 -0.184700 -0.407500
vn -0.869200 0.140500 0.474100
vn -0.828000 0.262000 0.495700
vn -0.826300 0.316600 0.465900
vn 0.896100 0.199000 0.396700
vn -0.253200 0.841600 0.476900
vn -0.889600 -0.360300 -0.280700
vn -0.888900 -0.361400 -0.281400
vn -0.895200 -0.281900 -0.345100
vn 0.839200 -0.016600 0.543500
vn 0.821200 -0.061400 0.567200
vn 0.839600 -0.016400 0.543000
vn 0.857600 0.036400 0.513000
vn 0.856100 0.035800 0.515500
vn 0.877300 0.111200 0.466800
vn 0.079300 0.810700 -0.580000
vn 0.078100 0.808700 -0.582900
vn 0.086200 0.808300 -0.582400
vn 0.806000 -0.491200 -0.330100
vn 0.771100 -0.579400 -0.263900
vn 0.770800 -0.564600 -0.294900
vn 0.776500 -0.535400 -0.332200
vn 0.820000 -0.443000 -0.362300
vn 0.079200 0.807300 -0.584700
vn 0.084200 0.810800 -0.579200
vn -0.052400 -0.694200 -0.717800
vn -0.051200 -0.645800 -0.761800
vn -0.039500 -0.739400 -0.672000
vn 0.082700 0.806500 -0.585500
vn 0.088700 0.814700 -0.573000
vn -0.817700 0.163900 0.551700
vn -0.809900 0.214200 0.546100
vn -0.890800 -0.352500 -0.286700
vn -0.891000 -0.351800 -0.286700
vn -0.013200 0.451600 0.892100
vn -0.069600 0.375400 0.924200
vn -0.103900 -0.708700 -0.697700
vn -0.882000 -0.405700 -0.239600
vn -0.881100 -0.408300 -0.238600
vn 0.560700 -0.168000 -0.810800
vn -0.685900 -0.603300 -0.406800
vn -0.854800 -0.468000 -0.224200
vn -0.874800 -0.429200 -0.224700
vn 0.835400 -0.031000 0.548800
vn 0.832400 -0.034100 0.553100
vn 0.725300 -0.615600 -0.308100
vn 0.754700 -0.569000 -0.326500
vn 0.682900 -0.677900 -0.272100
vn -0.119500 -0.714600 -0.689300
vn -0.139100 -0.696500 -0.703900
vn -0.153000 -0.779200 -0.607800
vn -0.864200 0.063300 0.499100
vn -0.867800 0.159700 0.470500
vn -0.102400 0.291800 0.951000
vn -0.046300 0.404300 0.913400
vn -0.896500 -0.211600 -0.389300
vn 0.788300 -0.559100 -0.256700
vn 0.793800 -0.521900 -0.312300
vn 0.793600 -0.559000 -0.240100
vn 0.042900 0.421000 0.906000
vn 0.132300 0.522200 0.842500
vn 0.053800 0.430500 0.901000
vn -0.868300 0.098300 0.486200
vn -0.929100 0.174100 0.326200
vn -0.871600 0.223600 0.436200
vn -0.299700 -0.633100 -0.713600
vn -0.184300 -0.712700 -0.676800
vn 0.840000 -0.009200 0.542500
vn 0.798900 -0.101700 0.592800
vn 0.799700 -0.130500 0.586000
vn 0.687100 0.695400 0.210200
vn 0.548700 0.823900 0.141500
vn 0.686200 0.696500 0.209700
vn 0.824700 0.487700 0.286100
vn 0.824100 0.489100 0.285700
vn 0.894100 0.300000 0.332400
vn 0.932900 0.065200 -0.354100
vn 0.933700 0.059300 -0.352900
vn 0.933500 0.059200 -0.353500
vn 0.178200 -0.186800 -0.966100
vn 0.172900 -0.069800 -0.982500
vn -0.939200 0.119400 0.321900
vn -0.760900 -0.165100 -0.627500
vn -0.762900 -0.042800 -0.645000
vn -0.178800 0.254000 0.950500
vn -0.178200 0.254600 0.950500
vn 0.173300 -0.075700 -0.981900
vn 0.178100 -0.213500 -0.960500
vn 0.177900 -0.213500 -0.960600
vn -0.763400 -0.043300 -0.644400
vn -0.763400 -0.048300 -0.644100
vn -0.179100 0.249200 0.951800
vn -0.178400 0.249200 0.951800
vn 0.757600 0.221800 0.613900
vn 0.758000 0.221700 0.613400
vn 0.172700 -0.070000 -0.982500
vn -0.939600 0.114100 0.322700
vn -0.937300 -0.023200 0.347700
vn -0.937200 -0.023100 0.347900
vn 0.940700 -0.078100 -0.330100
vn 0.940600 -0.078200 -0.330300
vn -0.760900 -0.186000 -0.621600
vn -0.761000 -0.186000 -0.621500
vn -0.174700 0.112200 0.978200
vn -0.174500 0.112200 0.978200
vn 0.764200 0.084700 0.639300
vn 0.764400 0.084700 0.639100
vn 0.033300 -0.984500 0.172200
vn 0.033100 -0.984600 0.171400
vn 0.031400 -0.984600 0.171900
vn 0.031900 -0.984400 0.173100
vn 0.034600 -0.984700 0.170800
vn 0.033200 -0.984900 0.169800
vn 0.496600 0.117800 0.859900
vn 0.448700 0.103500 0.887600
vn 0.454200 0.105100 0.884700
vn -0.170400 -0.221500 -0.960100
vn -0.164800 -0.219700 -0.961500
vn -0.217100 -0.236400 -0.947100
vn 0.767200 -0.132100 -0.627600
vn 0.770900 -0.129500 -0.623600
vn 0.735200 -0.154400 -0.660000
vn 0.032700 -0.984800 0.170600
vn 0.034700 -0.984600 0.171000
vn 0.173600 0.127200 0.976600
vn 0.167800 0.129000 0.977300
vn 0.221300 0.111900 0.968700
vn 0.758900 -0.026100 0.650700
vn 0.999900 -0.013800 0.007200
vn 0.997700 -0.021500 0.063800
vn 0.998100 -0.020700 0.057400
vn -0.177600 0.198600 0.963800
vn 0.504800 -0.178700 -0.844500
vn 0.551100 -0.189100 -0.812700
vn 0.546000 -0.188000 -0.816400
vn -0.748100 -0.293600 -0.595000
vn -0.936000 -0.136500 -0.324300
vn -0.934200 -0.135600 -0.330000
vn -0.950200 -0.144200 -0.276200
vn -0.764000 0.037800 0.644000
vn -0.767800 0.038800 0.639400
vn -0.731000 0.030000 0.681700
vn 0.762000 0.171100 0.624600
vn -0.493500 -0.212000 -0.843500
vn -0.444400 -0.231700 -0.865300
vn -0.450000 -0.229500 -0.863000
vn -0.922400 -0.132700 0.362800
vn -0.940800 0.063100 0.333000
vn 0.938400 0.008100 -0.345400
vn -0.996700 -0.080500 0.009200
vn -0.993400 -0.106700 -0.041400
vn -0.994000 -0.103800 -0.035700
vn 0.939200 0.042200 0.340700
vn 0.937200 0.044900 0.345800
vn 0.954400 0.019700 0.297900
vn 0.175200 -0.127300 -0.976200
vn -0.501600 0.084400 0.860900
vn -0.546800 0.060900 0.835000
vn -0.541800 0.063500 0.838100
vn -0.764300 -0.099800 -0.637000
vn -0.168800 0.001000 0.985600
vn 0.933100 -0.187000 -0.307100
vn 0.179600 -0.320800 -0.929900
vn 0.032500 -0.984500 0.172100
vn 0.031800 -0.984900 0.170300
vn 0.033600 -0.984700 0.170800
vn 0.034200 -0.984400 0.172600
vn 0.032200 -0.984700 0.171300
vn 0.033400 -0.984900 0.169800
vn 0.033900 -0.984600 0.171600
vn 0.032600 -0.984300 0.173100
vn 0.031500 -0.984600 0.172100
vn 0.031000 -0.984700 0.171200
vn 0.034400 -0.984400 0.172400
vn 0.032200 -0.985000 0.169600
vn 0.032900 -0.984300 0.173100
vn 0.034200 -0.984900 0.169800
vn 0.035000 -0.984500 0.171600
vn 0.031700 -0.984800 0.170400
vn 0.033900 -0.984300 0.173200
vn -0.356000 0.651100 0.670300
vn -0.472000 0.443100 0.762100
vn -0.471400 0.443700 0.762100
vn -0.599700 0.154500 0.785100
vn -0.592100 0.347700 0.727000
vn -0.586300 0.329700 0.740000
vn 0.165900 0.762200 0.625700
vn 0.287600 0.698200 0.655500
vn -0.669000 0.720900 -0.180900
vn -0.678000 0.713900 -0.174900
vn -0.682600 0.710400 -0.170900
vn -0.754200 -0.291800 -0.588200
vn -0.350400 -0.441600 -0.825900
vn 0.818600 -0.263400 -0.510500
vn 0.635300 0.463600 0.617500
vn 0.857500 0.326300 0.397700
vn 0.954600 0.208400 0.212700
vn -0.250900 0.684000 0.685000
vn -0.846600 -0.189000 -0.497500
vn -0.854500 -0.209100 -0.475600
vn -0.275200 -0.936400 -0.217400
vn 0.002300 -0.999500 0.029400
vn -0.585500 -0.695800 -0.416000
vn 0.768200 -0.441700 0.463300
vn 0.779000 -0.296700 0.552300
vn 0.772800 -0.349800 0.529600
vn -0.447900 -0.850400 -0.275900
vn -0.722000 -0.228100 -0.653100
vn 0.815200 -0.270100 -0.512200
vn 0.816400 -0.214600 -0.536100
vn -0.413400 0.556200 0.720900
vn -0.494700 0.345900 0.797200
vn -0.455100 0.394000 0.798500
vn -0.967300 0.028300 -0.251900
vn -0.946700 -0.085600 -0.310400
vn 0.934800 0.079200 0.346300
vn 0.994000 0.042900 0.101000
vn 0.841400 -0.003800 0.540400
vn -0.145700 -0.678300 -0.720200
vn -0.849200 0.216000 0.481700
vn 0.032300 0.404600 0.913900
vn 0.806500 -0.544300 -0.231000
vn -0.878700 -0.427900 -0.211300
vn 0.051800 -0.978300 -0.200300
vn 0.176400 -0.936800 -0.302100
vn 0.141000 -0.951400 -0.273600
vn -0.515500 -0.278600 0.810300
vn -0.529400 -0.353000 0.771400
vn -0.482700 -0.145800 0.863500
vn 0.740400 -0.422300 0.523000
vn 0.821600 -0.220900 0.525500
vn 0.822000 -0.219400 0.525500
vn -0.855200 -0.176100 -0.487400
vn -0.853700 -0.180200 -0.488500
vn 0.727300 -0.424700 0.539000
vn 0.569000 -0.652900 0.499800
vn 0.187100 -0.662300 -0.725500
vn 0.183500 -0.667900 -0.721200
vn 0.194600 -0.621300 -0.759000
vn -0.975600 0.011200 -0.219400
vn -0.957600 0.043000 -0.284900
vn -0.905100 0.247300 -0.345900
vn -0.901700 -0.130800 -0.412000
vn 0.365300 -0.621600 0.692900
vn 0.370900 -0.619900 0.691500
vn 0.359100 -0.623400 0.694500
vn -0.013900 -0.999700 0.019500
vn 0.204400 -0.972100 -0.114600
vn 0.118700 -0.991000 -0.061900
vn 0.193200 -0.499900 -0.844200
vn 0.150700 -0.444100 -0.883200
vn 0.164900 -0.469900 -0.867100
vn 0.658200 -0.247500 0.711000
vn 0.786600 -0.121600 0.605300
vn 0.648900 -0.250500 0.718400
vn -0.957600 0.005200 -0.287800
vn -0.575100 0.307600 0.758000
vn -0.530000 0.363500 0.766000
vn 0.743900 -0.361800 0.561800
vn 0.751200 -0.347600 0.561100
vn 0.215500 -0.475100 -0.853100
vn 0.226700 -0.468700 -0.853800
vn 0.226800 -0.462300 -0.857200
vn 0.764900 -0.255700 0.591200
vn 0.773900 -0.255800 0.579400
vn 0.646400 -0.414200 0.640800
vn 0.763400 -0.240500 0.599500
vn 0.238400 -0.540300 -0.807000
vn 0.227900 -0.482200 -0.845900
vn -0.805600 0.021300 -0.592100
vn -0.811500 0.031500 -0.583500
vn -0.812600 0.202100 -0.546700
vn -0.810800 0.194900 -0.551800
vn -0.549000 0.554500 0.625400
vn -0.538300 0.598800 0.593000
vn -0.553700 0.579700 0.597800
vn -0.552600 0.578000 0.600500
vn -0.551400 0.588200 0.591600
vn 0.792500 -0.179200 0.582900
vn 0.167800 -0.517000 -0.839400
vn 0.181900 -0.540900 -0.821200
vn -0.552300 0.559600 0.617800
vn -0.616900 0.483900 0.620700
vn -0.755700 0.290700 -0.586900
vn -0.809800 0.151700 -0.566700
vn 0.791000 -0.186000 0.582800
vn 0.668400 -0.322800 0.670100
vn -0.552900 0.588500 0.589800
vn -0.585500 0.562300 0.583900
vn -0.542200 0.594000 0.594200
vn -0.547600 0.616100 0.566200
vn -0.857700 0.334600 -0.390300
vn -0.857300 0.334700 -0.391200
vn 0.037600 -0.575900 -0.816600
vn 0.067600 -0.564800 -0.822400
vn 0.098200 -0.483500 -0.869800
vn 0.109300 -0.476700 -0.872200
vn -0.032200 -0.625800 -0.779300
vn 0.058700 -0.513000 -0.856300
vn -0.596300 0.551500 0.583300
vn -0.633100 0.508600 0.583500
vn -0.556700 0.607800 0.566100
vn -0.575000 0.587900 0.568900
vn -0.755200 0.290700 -0.587400
vn -0.737100 0.316600 -0.597100
vn -0.817900 0.156900 -0.553500
vn -0.810800 0.170000 -0.560100
vn 0.647200 -0.411500 0.641700
vn 0.482500 -0.564200 0.669900
vn 0.190800 -0.648500 -0.736900
vn 0.667300 -0.453900 0.590400
vn 0.650700 0.504000 0.567800
vn 0.217900 -0.477300 -0.851300
vn -0.633700 0.463000 0.619700
vn -0.690600 0.377300 0.617000
vn 0.658000 -0.324500 0.679500
vn 0.534300 -0.462200 0.707700
vn -0.875300 0.300700 -0.378800
vn 0.538300 -0.456000 -0.708700
vn 0.475900 -0.642800 -0.600300
vn 0.466200 -0.644100 -0.606400
vn 0.757200 -0.384800 0.527800
vn -0.701600 0.088300 -0.707100
vn -0.688600 0.060900 -0.722500
vn -0.494200 0.395900 0.773900
vn 0.351300 -0.790000 -0.502400
vn 0.754000 -0.401400 0.519900
vn 0.700800 -0.464200 0.541600
vn -0.776900 -0.064100 -0.626300
vn -0.694700 0.700900 -0.161200
vn -0.532600 0.605400 -0.591400
vn -0.686300 0.492300 -0.535400
vn -0.327900 0.542600 -0.773300
vn -0.569300 0.818800 0.074000
vn -0.152300 0.740800 0.654200
vn -0.186600 0.760200 0.622300
vn -0.101700 -0.121300 -0.987400
vn -0.010700 -0.097400 0.995200
vn -0.084300 -0.025600 0.996100
vn -0.292700 -0.526500 0.798200
vn 0.638700 -0.759200 0.125200
vn 0.335200 -0.495300 0.801400
vn 0.386500 -0.432700 0.814400
vn -0.661900 -0.707500 -0.247300
vn -0.229700 -0.175600 -0.957300
vn 0.405500 0.528500 -0.745800
vn 0.878700 -0.439300 0.186800
vn 0.916500 -0.386000 0.105100
vn 0.235200 0.459500 0.856400
vn 0.513800 0.457800 0.725500
vn 0.913100 -0.397000 0.092900
vn -0.858800 -0.434700 -0.271100
vn -0.888900 -0.372800 -0.266100
vn -0.931900 -0.088900 -0.351500
vn -0.698200 -0.669500 -0.253500
vn -0.698400 -0.668800 -0.254900
vn 0.152100 0.558400 0.815500
vn 0.295100 0.313900 0.902400
vn 0.496500 0.275400 0.823100
vn -0.002300 -0.142500 -0.989800
vn 0.109200 -0.106200 -0.988300
vn 0.056100 -0.410000 -0.910300
vn 0.193900 0.506200 -0.840300
vn 0.562400 0.512800 -0.648600
vn 0.070500 0.126700 0.989400
vn 0.622100 0.096200 0.777000
vn 0.176600 0.790900 -0.585800
vn 0.611800 0.767400 -0.191700
vn 0.026700 0.106000 0.994000
vn 0.236900 0.306700 0.921800
vn 0.184900 0.966400 0.178600
vn 0.088100 0.979400 0.181400
vn 0.558400 0.815200 0.153600
vn -0.331000 0.914900 -0.231100
vn 0.164600 -0.395500 -0.903600
vn 0.122300 -0.407000 -0.905200
vn -0.007100 0.147800 -0.989000
vn -0.757200 0.166500 0.631600
vn -0.714600 0.179600 0.676100
vn -0.735300 -0.369300 0.568300
vn 0.935100 0.209700 -0.285700
vn 0.527800 0.352100 0.772900
vn 0.746400 0.147400 0.648900
vn 0.930600 0.077100 -0.357800
vn 0.890300 0.019500 0.454800
vn 0.890300 -0.196600 -0.410500
vn 0.899000 -0.196900 -0.391200
vn 0.000000 -0.989100 -0.147300
vn 0.004800 -0.987600 -0.156700
vn -0.000800 -0.989000 -0.148000
vn -0.000800 -0.803200 0.595800
vn 0.004800 -0.797900 0.602700
vn 0.000000 -0.803600 0.595200
vn 0.017500 -0.785400 0.618700
vn 0.035700 -0.978400 -0.203700
vn 0.017500 -0.984100 -0.176600
vn 0.594000 -0.657900 0.462900
vn 0.601600 -0.658100 0.452600
vn 0.584600 -0.700500 0.409300
vn 0.705300 0.695700 -0.135700
vn 0.779100 0.573100 -0.253900
vn 0.699000 0.703200 -0.130000
vn -0.990700 0.128100 0.044800
vn -0.978600 0.157500 0.132400
vn -0.978100 0.166600 0.124500
vn 0.017000 0.935500 -0.352800
vn -0.175000 0.881600 -0.438400
vn -0.359800 0.829600 -0.426900
vn -0.710500 -0.575500 0.404800
vn -0.691600 -0.628700 0.355600
vn -0.523700 -0.753100 0.398200
vn -0.432300 -0.763100 0.480400
vn -0.229700 -0.856700 0.461800
vn 0.594200 -0.695300 0.404300
vn 0.690600 -0.677300 0.253300
vn 0.893400 0.070100 -0.443600
vn 0.720900 0.332200 -0.608200
vn -0.994400 0.105600 -0.008800
vn -0.986800 0.074300 -0.143700
vn -0.988300 0.067000 -0.137000
vn -0.061800 0.791300 -0.608300
vn -0.284700 0.733100 -0.617600
vn -0.756900 -0.583500 0.294300
vn -0.530000 -0.751500 0.392700
vn -0.255900 -0.854700 0.451600
vn 0.502400 -0.863100 -0.050800
vn 0.062400 -0.742900 -0.666500
vn 0.130600 -0.809000 -0.573100
vn 0.709300 0.165300 0.685200
vn 0.806500 0.072700 0.586800
vn 0.282300 0.327000 0.901900
vn 0.968200 0.249900 -0.000700
vn 0.973600 0.228100 0.005600
vn 0.929700 0.359800 -0.077700
vn 0.655200 0.032800 -0.754700
vn 0.995300 0.063400 0.073400
vn 0.996200 0.055900 0.066800
vn -0.827700 0.460000 -0.321400
vn -0.929700 0.268500 -0.252200
vn -0.912600 0.378100 -0.155400
vn -0.785600 0.520200 -0.334800
vn -0.779200 0.510900 -0.363000
vn -0.075700 0.817500 -0.570900
vn -0.076900 0.848300 -0.523800
vn -0.079800 0.848800 -0.522600
vn -0.133600 -0.674200 -0.726300
vn -0.164200 -0.638300 -0.752100
vn -0.237800 -0.573300 -0.784100
vn -0.874300 0.165900 0.456200
vn -0.981700 0.170000 0.085100
vn -0.056000 0.252100 0.966100
vn -0.134800 0.091300 0.986600
vn -0.962200 0.044500 -0.268600
vn 0.031400 -0.591400 -0.805700
vn 0.021500 -0.580000 -0.814300
vn 0.032200 -0.540100 -0.841000
vn -0.017500 -0.999400 -0.030500
vn -0.015700 -0.999700 -0.019700
vn -0.015800 -0.999700 -0.019200
vn -0.017000 -0.999600 -0.023000
vn -0.015600 -0.999700 -0.019300
vn -0.017400 -0.999500 -0.026600
vn 0.001700 0.470700 0.882300
vn 0.239300 0.462200 0.853800
vn 0.993500 0.087800 0.072100
vn 0.992300 0.096300 0.077100
vn -0.819900 0.249200 0.515400
vn -0.739900 0.378300 0.556200
vn -0.108700 0.471300 0.875200
vn -0.953600 0.205900 -0.219600
vn -0.954400 0.172900 -0.243100
vn -0.030400 -0.995400 -0.091200
vn -0.026500 -0.996600 -0.078000
vn 0.235900 -0.661900 0.711500
vn 0.010100 -0.665900 0.746000
vn 0.033200 -0.669500 0.742100
vn -0.852900 -0.353200 0.384500
vn -0.852400 -0.346900 0.391100
vn -0.853900 -0.376400 0.359300
vn -0.178400 -0.665500 0.724800
vn -0.986900 0.134000 0.090000
vn 0.007200 0.494000 0.869400
vn 0.710500 0.672100 -0.208500
vn 0.984200 0.017600 0.176200
vn 0.986000 0.028300 0.164300
vn 0.991500 -0.009300 0.130000
vn 0.601900 -0.661900 0.446800
vn -0.079600 -0.829200 0.553100
vn -0.079900 -0.840100 0.536500
vn -0.715300 -0.561000 0.416600
vn -0.574500 0.776600 -0.258400
vn -0.592600 0.770200 -0.235700
vn -0.266000 0.897200 -0.352500
vn 0.080400 0.938400 -0.336000
vn 0.009900 -0.999400 -0.033200
vn -0.013200 -0.471200 -0.881900
vn -0.017000 -0.271500 -0.962300
vn -0.017000 -0.272400 -0.962000
vn 0.009900 0.721500 -0.692400
vn 0.999200 0.018300 -0.035900
vn 0.023200 -0.528200 0.848800
vn 0.008900 0.650000 0.759900
vn 0.013200 0.471200 0.881900
vn -0.999200 -0.018300 0.035900
vn -0.170200 -0.561200 -0.810000
vn -0.001100 0.911600 0.410900
vn 0.956600 0.283100 -0.069000
vn 0.886000 0.399300 -0.235700
vn 0.956600 0.245700 -0.156500
vn 0.019000 -0.883000 0.469000
vn 0.014200 -0.982500 0.185800
vn 0.022200 -0.700900 0.712900
vn 0.019100 -0.881000 0.472700
vn -0.973000 0.213200 -0.088300
vn -0.912500 0.369900 -0.174600
vn -0.968600 0.248500 0.000000
vn 0.952600 0.193200 -0.234800
vn -0.022200 0.165300 -0.986000
vn -0.972700 0.159800 -0.167900
vn 0.770300 0.606700 -0.196400
vn 0.994400 -0.015300 0.104800
vn 0.971300 -0.201800 -0.125900
vn 0.997000 -0.068600 0.035900
vn 0.824500 -0.190000 -0.532900
vn -0.460200 0.701900 -0.543500
vn -0.514500 0.786900 -0.340600
vn -0.163300 0.770400 -0.616200
vn -0.526700 -0.472500 -0.706500
vn -0.387200 -0.921200 -0.037800
vn 0.523900 -0.849000 0.068900
vn -0.152100 0.329000 0.932000
vn -0.527800 0.140700 0.837600
vn -0.496500 0.053600 0.866300
vn 0.002300 0.117800 -0.993000
vn 0.000000 -0.159900 -0.987100
vn -0.056100 -0.161100 -0.985300
vn -0.109200 0.152500 -0.982200
vn -0.134500 0.605300 -0.784500
vn -0.562400 0.662900 -0.494200
vn -0.622100 -0.107600 0.775500
vn -0.070500 -0.133000 0.988600
vn -0.611800 0.790900 0.012900
vn -0.176600 0.915400 -0.361800
vn -0.026700 -0.154100 0.987700
vn -0.237100 0.058300 0.969700
vn -0.295200 0.070300 0.952800
vn 0.013100 0.369000 0.929300
vn -0.184900 0.887500 0.422000
vn -0.558400 0.747900 0.358800
vn 0.332000 0.943200 0.012800
vn -0.088100 0.899400 0.428100
vn -0.122300 -0.159500 -0.979600
vn -0.164600 -0.148800 -0.975000
vn 0.007100 0.398100 -0.917300
vn 0.452300 0.752200 -0.479100
vn -0.193900 0.706000 -0.681100
vn 0.971100 -0.015300 0.238000
vn 0.937200 -0.217300 0.272900
vn 0.756900 -0.001300 0.653500
vn -0.935100 0.276300 -0.222000
vn -0.746400 -0.025100 0.665000
vn -0.930600 0.166800 -0.325800
vn -0.890300 -0.098500 0.444400
vn -0.890300 -0.084000 -0.447400
vn -0.899000 -0.089200 -0.428800
vn 0.000000 -0.917500 -0.397700
vn 0.000800 -0.917200 -0.398300
vn -0.004800 -0.913700 -0.406300
vn 0.000800 -0.929700 0.368200
vn 0.000000 -0.930000 0.367600
vn -0.004800 -0.926500 0.376300
vn -0.035700 -0.906800 0.420100
vn -0.017500 -0.918500 0.395000
vn -0.017500 -0.905100 -0.424700
vn -0.035700 -0.892600 -0.449400
vn -0.595100 -0.154100 0.788700
vn -0.595300 -0.196800 0.779000
vn -0.584600 -0.196400 0.787200
vn -0.710500 0.355800 -0.607100
vn -0.703500 0.371400 -0.605900
vn -0.778100 0.220200 -0.588200
vn 0.990700 0.122100 -0.060400
vn 0.969100 0.245600 -0.021200
vn 0.968400 0.249400 -0.007900
vn 0.355900 0.277900 -0.892200
vn 0.175300 0.301600 -0.937200
vn -0.018800 0.397500 -0.917400
vn 0.524100 -0.241900 0.816600
vn 0.691400 -0.187200 0.697700
vn 0.708600 -0.084000 0.700600
vn 0.439700 -0.167300 0.882400
vn 0.079600 -0.179700 0.980500
vn 0.229700 -0.267900 0.935600
vn -0.722000 -0.297300 0.624700
vn -0.697000 -0.293400 0.654300
vn -0.709100 -0.181600 -0.681300
vn -0.890700 -0.271500 -0.364500
vn 0.994400 0.067000 -0.081100
vn 0.989600 -0.050800 -0.134700
vn 0.238200 0.091100 -0.966900
vn 0.064000 0.120600 -0.990600
vn 0.537700 -0.243200 0.807300
vn 0.766900 -0.194800 0.611400
vn 0.256000 -0.274400 0.926900
vn -0.500200 -0.632600 0.591300
vn -0.129200 -0.985700 0.107600
vn -0.052300 -0.998600 -0.003700
vn -0.701600 0.638700 0.316000
vn -0.503600 0.828900 0.243400
vn -0.274300 0.875000 0.399000
vn -0.968100 0.166300 -0.187400
vn -0.929400 0.181900 -0.321000
vn -0.929900 0.181000 -0.320100
vn -0.655200 -0.517200 -0.550600
vn -0.973500 0.155900 -0.167000
vn -0.996200 0.085900 0.009200
vn -0.995300 0.096700 0.005700
vn 0.910300 0.137600 -0.390400
vn 0.931900 -0.013200 -0.362400
vn 0.830900 0.060900 -0.553000
vn 0.783800 0.100300 -0.612800
vn 0.778500 0.078000 -0.622800
vn 0.080700 0.176200 -0.981000
vn 0.078000 0.175000 -0.981400
vn 0.076800 0.148200 -0.986000
vn 0.118400 -0.990800 -0.064800
vn 0.220200 -0.962100 -0.160800
vn 0.147000 -0.984400 -0.096400
vn 0.868200 0.466800 0.168000
vn 0.812100 0.554600 0.181200
vn 0.976700 0.209000 -0.049500
vn 0.119100 0.824800 0.552800
vn 0.046100 0.871500 0.488200
vn 0.964800 -0.141500 -0.221700
vn -0.025300 -0.991000 -0.131000
vn -0.038300 -0.987900 -0.150400
vn -0.229400 0.910900 0.343000
vn -0.002000 0.934500 0.355800
vn -0.992300 0.123300 -0.003500
vn -0.993500 0.113500 -0.001700
vn 0.702300 0.676700 0.220800
vn 0.733200 0.656600 0.176600
vn 0.108300 0.930500 0.349900
vn 0.954500 -0.025700 -0.297000
vn 0.953700 0.015100 -0.300300
vn -0.235900 -0.045000 0.970700
vn -0.241500 -0.058800 0.968600
vn -0.033200 -0.031000 0.999000
vn 0.853900 -0.054900 0.517500
vn 0.852400 -0.011800 0.522700
vn 0.852900 -0.020800 0.521700
vn -0.010100 -0.025800 0.999600
vn 0.178400 -0.039200 0.983200
vn 0.969700 0.243900 -0.009400
vn -0.007200 0.967400 0.253200
vn -0.715900 0.257200 -0.649100
vn -0.990800 0.092700 0.098900
vn -0.997200 -0.003900 0.074200
vn -0.602800 -0.197500 0.773100
vn 0.079800 -0.195000 0.977500
vn 0.709400 -0.027800 0.704300
vn 0.273900 0.385200 -0.881200
vn 0.585700 0.418300 -0.694200
vn -0.080400 0.407700 -0.909500
vn -0.009900 -0.721500 0.692400
vn 0.017000 -0.878500 -0.477400
vn 0.013200 -0.960400 -0.278200
vn 0.017000 -0.879000 -0.476500
vn -0.023200 0.528200 -0.848800
vn -0.005100 -0.999800 -0.019800
vn -0.999200 -0.012800 -0.038100
vn -0.023200 0.239000 0.970700
vn -0.013300 0.960400 0.278200
vn -0.008900 0.997800 0.065000
vn -0.008900 0.997600 0.068300
vn 0.999200 0.012800 0.038100
vn -0.302400 -0.948000 -0.099200
vn 0.001100 0.930600 -0.365900
vn -0.956600 0.059500 -0.285200
vn -0.886000 0.110000 -0.450500
vn -0.956600 0.148200 -0.250900
vn -0.019000 -0.280600 0.959600
vn -0.019100 -0.276600 0.960800
vn -0.014200 -0.552800 0.833200
vn -0.022200 0.021100 0.999500
vn 0.973000 0.085500 -0.214300
vn 0.999200 0.012900 0.038200
vn 0.968600 0.173400 -0.177900
vn -0.999200 -0.012900 -0.038100
vn -0.952600 -0.033300 -0.302200
vn 0.022200 -0.590500 -0.806700
vn 0.912500 0.133200 -0.386800
vn 0.972700 -0.008700 -0.231700
vn -0.769800 0.284600 -0.571300
vn -0.991700 0.097100 0.084300
vn -0.994400 0.064400 0.084100
vn 0.571300 0.380300 -0.727300
vn -0.996900 -0.023000 0.074600
vn -0.971000 -0.230500 0.063400
vn -0.823400 -0.523200 -0.219600
vn 0.512200 0.311600 -0.800300
vn 0.389100 0.116800 -0.913700
vn 0.144400 0.100100 -0.984400
vn 0.501200 -0.859000 -0.104100
vn 0.386900 -0.650500 0.653500
vn -0.525100 -0.524900 0.669800
vn 0.019700 -0.671800 -0.740500
vn 0.019300 -0.706300 -0.707600
vn 0.034200 -0.715800 -0.697400
vn 0.016200 -0.750700 -0.660400
vn 0.012900 -0.745400 -0.666500
vn 0.021800 -0.743000 -0.668900
vn 0.033400 -0.746700 -0.664300
vn 0.032500 -0.885600 0.463300
vn -0.004500 -0.889500 0.457000
vn -0.560200 -0.104100 0.821700
vn -0.233200 -0.021000 0.972200
vn -0.271100 -0.316700 0.908900
vn 0.181900 -0.952000 -0.246200
vn 0.185300 -0.952000 -0.243600
vn 0.045600 -0.955100 -0.292700
vn 0.037700 -0.951300 -0.305900
vn 0.455900 0.318700 -0.831000
vn -0.892900 0.015400 0.449900
vn -0.943200 0.103100 0.315700
vn -0.977600 0.210300 -0.005100
vn -0.955500 0.290100 -0.053500
vn -0.973700 0.225900 0.030200
vn -0.968800 0.247800 0.001500
vn 0.004800 0.002000 1.000000
vn 0.237500 -0.315700 0.918600
vn 0.430200 0.889900 0.151800
vn 0.490000 -0.788600 0.371400
vn 0.360400 -0.642600 0.676100
vn 0.403800 -0.080800 0.911300
vn 0.532100 0.056200 0.844800
vn -0.319300 -0.133900 -0.938100
vn -0.310900 0.052500 -0.949000
vn -0.310700 0.031100 -0.950000
vn -0.835400 0.549600 0.005500
vn -0.876900 0.467300 -0.112600
vn -0.877100 0.476900 0.056600
vn 0.930000 0.354200 -0.098300
vn 0.901200 0.273300 -0.336500
vn 0.670100 0.676200 -0.306100
vn 0.910200 0.394300 0.126700
vn 0.886900 0.413300 0.206600
vn 0.864600 0.477100 0.157500
vn -0.331900 0.589100 -0.736700
vn -0.337100 0.548500 -0.765200
vn -0.721900 0.537800 -0.435400
vn -0.324400 -0.290000 0.900400
vn -0.374100 -0.358400 0.855300
vn -0.360700 -0.421500 0.832000
vn -0.861700 0.450300 -0.233700
vn -0.042600 0.490300 -0.870500
vn -0.922600 -0.080900 0.377100
vn -0.950200 -0.052900 0.307000
vn 0.472900 -0.460400 0.751200
vn -0.844500 -0.070900 0.530800
vn -0.638900 -0.211800 0.739600
vn -0.685300 -0.202600 0.699500
vn 0.883900 0.244100 -0.398800
vn 0.874700 0.221000 -0.431300
vn 0.876100 0.211500 -0.433200
vn -0.009900 0.999400 0.033200
vn 0.353200 0.310000 -0.882700
vn 0.986600 0.159200 0.035200
vn 0.994900 0.096000 0.030900
vn 0.988900 0.143200 0.038800
vn 0.795700 0.479500 -0.370100
vn 0.912100 0.370200 -0.175900
vn 0.942200 0.308300 0.131100
vn 0.939800 0.319400 0.120900
vn 0.276700 -0.071400 0.958300
vn 0.368400 -0.070900 0.926900
vn 0.367700 -0.060900 0.927900
vn 0.927100 0.371200 -0.051000
vn 0.964900 0.243300 -0.098700
vn 0.849800 -0.028400 0.526200
vn 0.883100 0.007500 0.469200
vn 0.549300 -0.093800 0.830300
vn -0.718800 -0.243900 0.651000
vn -0.953500 0.296100 0.056700
vn -0.964200 0.261400 0.044600
vn -0.337100 0.232600 -0.912300
vn -0.343400 0.386700 -0.855800
vn -0.340400 0.383700 -0.858400
vn 0.340900 0.052500 -0.938600
vn 0.422800 -0.293100 -0.857500
vn 0.654600 -0.249400 -0.713600
vn -0.829400 -0.076200 -0.553400
vn -0.970900 0.119500 -0.207600
vn -0.826500 -0.136500 -0.546000
vn -0.453100 0.055100 0.889700
vn -0.407400 0.068900 0.910600
vn -0.208500 -0.006300 0.978000
vn 0.318000 0.283000 -0.904900
vn 0.257100 0.638400 -0.725400
vn -0.068700 -0.295000 0.953000
vn -0.120900 -0.264200 0.956800
vn 0.983100 0.180200 0.033300
vn 0.937500 0.324000 0.126500
vn 0.816200 0.559700 0.143100
vn 0.967700 0.115800 -0.223600
vn -0.071000 -0.644300 0.761400
vn 0.165100 -0.986200 0.011200
vn -0.279800 -0.587300 0.759500
vn -0.997000 -0.074700 -0.018200
vn -0.993100 -0.108600 -0.044300
vn -0.994500 -0.098900 -0.034200
vn 0.477400 0.819600 -0.316800
vn -0.985200 0.118000 -0.123900
vn -0.264900 -0.122500 0.956400
vn 0.847200 0.227500 0.480000
vn -0.697100 0.576400 -0.426300
vn -0.699200 0.644600 -0.309200
vn 0.406900 0.279300 -0.869700
vn 0.443300 0.335600 -0.831200
vn -0.071900 -0.670900 0.738000
vn 0.671600 0.140500 0.727500
vn 0.219300 0.845100 -0.487500
vn 0.164700 0.861500 -0.480200
vn -0.329300 0.226600 -0.916600
vn 0.837900 0.134800 -0.528800
vn -0.280300 0.763400 -0.581900
vn -0.287600 0.766100 -0.574700
vn 0.880400 0.191300 -0.433800
vn 0.935800 -0.154900 -0.316600
vn -0.299700 -0.112100 0.947400
vn -0.297200 -0.094200 0.950100
vn -0.933000 -0.122500 0.338100
vn -0.948200 -0.053400 0.313100
vn -0.946000 -0.064700 0.317600
vn -0.357200 -0.240600 -0.902500
vn -0.315000 -0.187000 -0.930500
vn -0.329800 -0.248600 -0.910700
vn 0.843900 0.220200 -0.489100
vn 0.880300 0.053400 -0.471400
vn -0.999100 -0.002300 0.042700
vn 0.875600 -0.032500 -0.481800
vn 0.906900 0.072100 -0.415100
vn -0.522600 0.733600 0.434300
vn -0.973000 0.098000 0.209000
vn 0.299600 0.696500 -0.652000
vn 0.323300 0.854900 -0.405700
vn 0.003100 0.475000 -0.880000
vn 0.010600 0.430100 -0.902700
vn -0.057300 -0.363200 0.929900
vn 0.940500 0.318200 0.118800
vn 0.975300 -0.055000 -0.213700
vn 0.959400 -0.280400 0.028100
vn 0.996000 -0.089100 -0.008700
vn -0.997900 0.033100 0.055700
vn 0.988400 0.149800 0.023800
vn 0.991200 0.130400 0.021300
vn 0.402500 0.187400 -0.896000
vn 0.259100 -0.277300 0.925200
vn 0.262900 0.066300 0.962500
vn -0.053700 0.010700 0.998500
vn 0.041300 0.035200 0.998500
vn 0.095400 0.095900 0.990800
vn -0.970500 0.019000 -0.240300
vn -0.969900 0.026000 0.242100
vn -0.348200 0.646600 -0.678700
vn -0.315600 0.632500 -0.707300
vn 0.822500 0.159400 -0.545900
vn -0.083000 0.085200 0.992900
vn -0.319100 0.138600 0.937500
vn -0.742300 0.364200 -0.562400
vn -0.364200 0.472600 -0.802500
vn -0.984800 0.012300 0.173300
vn -0.725400 0.201100 0.658200
vn -0.948600 -0.015400 0.316000
vn -0.961900 0.169000 -0.214700
vn -0.253200 -0.312500 0.915500
vn -0.226500 -0.026100 -0.973600
vn 0.082800 0.349300 -0.933300
vn 0.999500 -0.028300 -0.013900
vn -0.945400 0.198900 0.258100
vn -0.747900 0.596300 0.291700
vn -0.476600 0.613700 0.629400
vn -0.313100 0.930800 0.188300
vn -0.810700 0.570600 -0.130900
vn 0.004500 0.662100 -0.749400
vn -0.607600 0.586700 -0.535400
vn -0.265600 0.945100 -0.190400
vn -0.358300 0.933600 -0.004700
vn 0.011600 0.950100 0.311800
vn 0.114500 0.289000 0.950400
vn -0.149500 0.294500 0.943900
vn -0.347100 -0.915200 0.204900
vn 0.023900 0.867300 0.497200
vn -0.118400 0.941100 0.316600
vn 0.972100 -0.105100 -0.209400
vn 0.779800 -0.275200 -0.562300
vn 0.669200 0.306100 -0.677100
vn 0.796300 0.105800 -0.595500
vn 0.792900 0.146500 -0.591500
vn 0.436900 0.090600 0.894900
vn 0.803000 0.215900 0.555400
vn 0.753200 0.263000 0.602900
vn -0.311000 0.039800 0.949600
vn -0.119100 0.859700 0.496700
vn 0.736100 0.029400 0.676200
vn 0.596200 -0.012300 0.802700
vn 0.926100 0.137600 0.351200
vn -0.033100 0.949100 -0.313300
vn 0.202600 0.959900 -0.193600
vn 0.740100 -0.059400 -0.669800
vn 0.594700 -0.295700 -0.747600
vn 0.966000 0.167500 -0.196900
vn 0.499200 0.645100 -0.578400
vn 0.925100 0.321200 -0.202200
vn 0.360100 0.170000 0.917300
vn 0.582300 0.280300 0.763100
vn 0.716400 0.104700 0.689800
vn 0.900100 0.276400 0.336900
vn 0.208000 0.887700 0.410700
vn 0.380000 0.893500 0.239000
vn 0.219800 0.955400 0.197400
vn 0.264700 0.964100 -0.020200
vn 0.463200 0.885200 -0.043200
vn -0.054300 0.066600 -0.996300
vn 0.398100 0.249600 -0.882700
vn -0.400400 -0.180800 0.898300
vn -0.971200 0.046900 0.233500
vn -0.938600 -0.140600 0.314900
vn -0.999400 -0.034500 -0.002400
vn 0.467900 0.732000 0.495200
vn 0.677500 0.537400 0.502100
vn 0.660200 0.751000 0.007500
vn -0.970700 -0.067600 -0.230700
vn -1.000000 -0.001900 0.000500
vn 0.999400 -0.033000 -0.010200
vn -0.714900 -0.597500 -0.363200
vn -0.716000 -0.602300 -0.352900
vn -0.705600 -0.172200 -0.687400
vn -0.989800 -0.067200 -0.125700
vn -0.991400 -0.063800 -0.114300
vn 0.734100 -0.495700 0.464000
vn -0.466900 0.835400 0.290000
vn -0.676300 0.650000 0.346500
vn -0.736900 -0.661500 0.138800
vn -0.451400 0.603000 -0.657600
vn -0.704900 -0.165600 -0.689700
vn 1.000000 -0.002400 -0.000000
vn 0.970500 -0.006200 -0.240700
vn 0.989400 -0.032900 -0.141400
vn 0.990900 -0.032500 -0.130100
vn 0.998700 0.047700 -0.014000
vn 0.998800 0.048600 0.002600
vn 0.998500 0.051300 -0.018200
vn -0.669400 0.408200 -0.620700
vn -0.658500 0.729000 -0.187000
vn -0.736900 -0.663100 0.131000
vn 0.704800 0.020400 -0.709100
vn 0.670600 0.553500 -0.493900
vn 0.743500 -0.667900 -0.032300
vn 0.743500 -0.667500 -0.039200
vn 0.714500 -0.001300 0.699600
vn 0.716200 -0.477800 -0.508700
vn 0.717100 -0.482500 -0.502900
vn 0.705400 0.013000 -0.708600
vn -0.998600 0.048200 -0.020200
vn -0.998800 0.047600 -0.009900
vn -0.998500 0.044900 -0.030900
vn -0.374600 0.827200 -0.418700
vn -0.966600 -0.032300 -0.254000
vn -0.976200 -0.034000 -0.214200
vn -0.982600 0.003100 -0.185600
vn -0.978200 -0.025600 -0.206100
vn -0.970400 -0.063300 -0.233000
vn -0.970800 -0.100300 -0.217800
vn -0.954800 -0.090700 -0.283200
vn 0.711300 0.154600 -0.685700
vn 0.704600 -0.024400 0.709100
vn 0.143500 -0.967300 -0.208900
vn 0.026400 -0.916700 -0.398500
vn -0.878600 -0.337700 0.337500
vn -0.483500 0.222400 -0.846600
vn 0.381500 -0.880700 -0.280700
vn 0.934500 0.133600 0.329800
vn 0.396800 0.890200 -0.223600
vn 0.996300 0.002600 0.086000
vn 0.996500 0.000100 0.083500
vn 0.996400 -0.021300 0.081600
vn 0.996600 -0.002000 0.082400
vn 0.996700 0.014300 0.079700
vn 0.996900 0.029200 0.072800
vn 0.996400 0.033100 0.077300
vn 0.017200 0.988100 0.152700
vn 0.021200 -0.966800 -0.254500
vn 0.803700 -0.594400 -0.027300
vn -0.726200 -0.526600 0.441900
vn 0.793300 -0.605300 -0.064400
vn -0.465300 -0.416100 -0.781200
vn 0.854600 0.518800 0.021400
vn 0.856000 -0.431800 0.284000
vn -0.523400 0.560800 -0.641500
vn 0.222200 -0.369900 0.902100
vn -0.700200 0.503600 0.506000
vn 0.123900 0.226200 0.966200
vn -0.725100 -0.489300 0.484500
vn 0.932500 -0.356000 0.060200
vn -0.951100 0.297900 0.081400
vn -0.734400 -0.089000 0.672800
vn 0.598800 -0.160900 -0.784500
vn 0.899500 -0.206000 -0.385200
vn 0.208200 -0.722100 0.659600
vn 0.788400 0.010600 0.615100
vn -0.881700 -0.284600 0.376200
vn -0.044000 0.986100 -0.160400
vn 0.882700 0.340300 0.324100
vn -0.885300 -0.336700 -0.320600
vn 0.014200 0.356500 0.934100
vn -0.860200 0.215100 0.462400
vn -0.895700 -0.282000 -0.343900
vn 0.877700 0.110800 0.466100
vn 0.094700 0.807200 -0.582600
vn -0.066400 -0.768500 -0.636400
vn 0.175600 -0.163100 -0.970800
vn 0.172600 -0.075700 -0.982100
vn 0.177500 -0.163000 -0.970500
vn -0.763800 -0.048200 -0.643600
vn -0.939400 0.114200 0.323300
vn -0.939900 0.027700 0.340300
vn -0.940500 0.027300 0.338500
vn 0.939900 -0.027700 -0.340300
vn 0.940500 -0.027400 -0.338500
vn -0.764300 -0.135400 -0.630500
vn -0.763000 -0.135700 -0.631900
vn -0.175600 0.163200 0.970800
vn -0.177500 0.163000 0.970500
vn 0.764300 0.135400 0.630500
vn 0.763000 0.135600 0.631900
vn 0.035000 -0.984500 0.171900
vn 0.501600 0.119300 0.856800
vn -0.223000 -0.238200 -0.945200
vn 0.731000 -0.157200 -0.664000
vn 0.031100 -0.984800 0.170900
vn 0.227300 0.110000 0.967600
vn 0.999900 -0.013000 0.001200
vn 0.499800 -0.177600 -0.847700
vn -0.951800 -0.145100 -0.270100
vn -0.726700 0.029000 0.686300
vn -0.498600 -0.209900 -0.841000
vn -0.996900 -0.077700 0.014600
vn 0.956100 0.016900 0.292400
vn -0.496700 0.086900 0.863500
vn 0.033600 -0.984300 0.173300
vn 0.032500 -0.985000 0.169500
vn 0.031600 -0.984400 0.172900
vn 0.034500 -0.984800 0.170000
vn -0.586900 0.194100 0.786000
vn -0.668600 0.721300 -0.180600
vn 0.770400 -0.462000 0.439300
vn 0.003800 -0.987100 -0.159900
vn -0.464800 -0.085700 0.881200
vn 0.820500 -0.236300 0.520500
vn 0.207200 -0.620800 -0.756100
vn -0.909100 0.239900 -0.340600
vn -0.907300 -0.148800 -0.393300
vn 0.356100 -0.624300 0.695200
vn -0.109000 -0.991000 0.077600
vn 0.221300 -0.544400 -0.809100
vn 0.424900 -0.385600 0.819000
vn 0.745300 -0.242800 0.620900
vn 0.262300 -0.570300 -0.778400
vn 0.524500 -0.439100 -0.729400
vn -0.579600 0.813300 0.050600
vn -0.361800 -0.463600 0.808800
vn -0.678100 -0.673600 -0.294000
vn -0.228400 -0.158600 -0.960500
vn -0.928100 -0.085800 -0.362200
vn 0.000000 -0.409300 -0.912400
vn 0.134500 0.382200 -0.914200
vn -0.013000 0.596400 0.802600
vn 0.035700 -0.767600 0.639900
vn 0.714500 -0.660300 0.231300
vn 0.518500 0.418300 0.745700
vn 0.929600 0.360400 -0.077700
vn -0.170600 0.114300 0.978700
vn 0.023800 -0.550900 -0.834200
vn -0.016200 -0.999700 -0.018500
vn -0.708800 0.362700 0.605000
vn 0.241500 -0.671000 0.700900
vn -0.853900 -0.378700 0.356900
vn -0.179200 -0.664500 0.725400
vn 0.008900 0.647500 0.762000
vn 0.999200 0.018300 -0.035800
vn -0.999200 -0.018400 0.035900
vn -0.602400 -0.161800 0.781500
vn 0.988400 -0.050500 -0.142900
vn -0.798700 0.508200 0.322300
vn 0.156200 0.833700 0.529600
vn 0.853900 -0.058200 0.517000
vn 0.179200 -0.038000 0.983100
vn 0.013300 -0.960400 -0.278200
vn -0.013200 0.960400 0.278200
vn 0.999200 0.012800 0.038200
vn -0.612700 -0.032600 0.789600
vn 0.103000 -0.963100 -0.248500
vn 0.089900 -0.964800 -0.246900
vn 0.406200 0.274500 -0.871500
vn -0.952900 0.287600 -0.096300
vn -0.328600 -0.131400 -0.935300
vn -0.846500 0.532200 0.011700
vn -0.665300 0.303700 -0.681900
vn 0.462500 -0.095000 0.881500
vn 0.325300 0.064000 -0.943400
vn -0.733100 -0.253600 -0.631000
vn -0.997800 -0.065300 -0.010100
vn -0.998400 -0.055600 -0.008800
vn -0.990700 -0.127100 -0.047700
vn 0.750300 0.607600 -0.260400
vn -0.922900 0.378000 0.073100
vn -0.227900 -0.973600 0.008300
vn 0.918500 0.062300 -0.390500
vn -0.944300 -0.057600 0.323800
vn -0.408100 -0.215700 -0.887100
vn 0.387100 0.863600 -0.322800
vn -0.953800 -0.299500 -0.023100
vn -0.883300 0.014600 -0.468600
vn 0.997900 0.049100 0.041400
vn 0.998800 0.048000 0.010200
vn 0.998600 0.051700 -0.007100
vn 0.997300 0.050600 -0.053300
vn 0.998900 0.045400 -0.006100
vn -0.999000 0.041900 -0.017500
vn -0.998700 0.042400 -0.026000
vn -0.998800 0.049000 -0.002600
vn -0.997900 0.058100 0.027300
vn -0.997300 0.035100 -0.064500
s 1
f 767/1/1 2/2/2 769/3/3
f 768/4/4 769/3/3 772/5/5
f 771/6/6 773/7/7 775/8/8
f 775/8/8 10/9/9 776/10/10
f 10/9/9 12/11/11 777/12/12
f 777/12/12 12/11/11 14/13/13
f 778/14/14 14/13/13 16/15/15
f 16/15/15 782/16/16 780/17/17
f 10/9/9 8/8/18 24/18/19
f 20/19/20 2/2/2 767/1/1
f 18/20/21 20/19/20 783/21/22
f 13/22/23 15/23/24 19/24/25
f 791/25/26 790/26/27 813/27/28
f 2/2/2 785/28/29 784/29/30
f 8/8/18 6/7/31 786/30/32
f 4/3/33 784/29/30 786/31/32
f 2/2/2 20/19/20 30/25/34
f 20/19/20 18/20/21 29/26/35
f 16/15/15 788/32/36 789/33/37
f 14/13/13 27/34/38 787/32/39
f 12/11/11 26/35/40 27/34/38
f 12/11/11 10/9/9 25/36/41
f 884/37/42 880/38/43 84/39/44
f 24/18/19 786/30/32 793/40/45
f 810/41/46 815/42/47 22/28/48
f 26/35/40 801/43/49 799/44/50
f 24/18/19 795/45/51 796/46/52
f 22/28/48 1660/47/53 403/48/54
f 28/32/55 1656/49/56 813/50/28
f 875/51/57 89/52/58 79/53/59
f 404/54/60 817/55/61 802/43/62
f 818/55/63 819/56/64 800/44/65
f 794/57/66 838/58/67 839/59/68
f 838/60/67 794/61/66 832/62/69
f 831/63/70 823/64/71 45/65/72
f 811/66/73 1653/67/74 834/68/75
f 58/69/76 918/70/77 923/71/78
f 823/64/71 54/72/79 55/73/80
f 830/74/81 53/75/82 846/76/83
f 840/77/84 844/78/85 53/75/82
f 51/60/86 52/79/87 58/69/76
f 49/59/88 51/58/86 56/80/89
f 849/81/90 850/82/91 851/83/92
f 850/82/91 853/84/93 855/85/94
f 854/86/95 857/87/96 858/88/97
f 859/89/98 68/90/99 858/88/97
f 860/91/100 70/92/101 68/90/99
f 860/91/100 861/93/102 72/94/103
f 861/93/102 862/95/104 74/96/105
f 863/97/106 865/98/107 74/96/105
f 68/90/99 83/99/108 82/100/109
f 849/81/90 852/101/110 78/102/111
f 866/103/112 78/102/111 76/104/113
f 67/105/114 65/106/115 61/107/116
f 874/108/117 888/109/118 889/110/119
f 867/53/120 868/111/121 60/101/122
f 82/100/109 81/112/123 64/113/124
f 81/114/123 867/53/120 62/83/125
f 60/101/122 868/111/121 88/108/126
f 78/102/111 88/108/126 87/115/127
f 872/116/128 871/117/129 74/96/105
f 870/117/130 85/118/131 72/94/103
f 85/118/131 84/39/44 70/92/101
f 82/100/109 877/119/132 876/120/133
f 26/35/40 25/36/41 798/38/134
f 878/121/135 877/119/132 82/100/109
f 889/122/119 828/123/136 86/117/137
f 84/39/44 85/118/131 882/44/138
f 879/121/139 890/124/140 893/125/141
f 112/126/142 848/127/143 929/128/144
f 103/71/145 901/129/146 897/130/147
f 108/71/148 106/70/149 897/130/147
f 926/131/150 123/132/151 129/133/152
f 898/134/153 931/135/154 935/136/155
f 846/76/83 53/75/82 924/137/156
f 58/69/76 116/138/157 917/71/158
f 907/76/159 905/139/160 919/140/161
f 53/75/82 845/78/162 908/141/163
f 113/142/164 919/140/161 914/143/165
f 55/73/80 112/126/142 906/144/166
f 56/80/89 923/145/78 909/146/167
f 116/147/157 912/148/168 915/146/169
f 916/143/170 105/140/171 122/134/172
f 907/76/159 113/142/164 110/125/173
f 113/142/164 913/149/174 109/150/175
f 910/146/176 108/145/148 896/132/177
f 921/151/178 117/148/179 116/147/157
f 832/62/69 841/61/180 111/60/181
f 894/63/182 405/152/183 45/65/72
f 80/111/184 79/53/59 403/48/54
f 31/61/185 403/153/54 47/62/186
f 55/73/80 54/72/79 848/127/143
f 45/65/72 55/73/80 114/154/187
f 920/60/188 116/138/157 58/69/76
f 102/146/189 902/155/190 901/156/146
f 115/157/191 118/137/192 928/158/193
f 906/144/166 112/126/142 120/159/194
f 107/141/195 925/160/196 928/158/193
f 104/139/197 899/161/198 122/134/172
f 940/162/199 939/163/200 617/164/201
f 1612/165/202 1615/166/202 1614/167/202
f 100/130/203 128/168/204 129/169/152
f 120/159/194 929/128/144 941/162/205
f 120/159/194 936/170/206 933/171/207
f 898/134/153 119/161/208 932/172/209
f 125/158/210 135/173/211 136/174/212
f 100/130/203 101/129/213 132/175/214
f 125/158/210 124/160/215 134/176/216
f 121/155/217 934/177/218 132/178/214
f 618/179/219 938/180/220 129/169/152
f 992/181/221 138/182/222 991/183/223
f 954/184/224 959/185/225 1062/186/226
f 949/187/227 948/188/228 981/189/229
f 157/190/230 987/191/231 989/192/232
f 947/193/233 946/194/234 991/183/223
f 954/195/224 1062/196/226 1060/197/235
f 150/198/236 966/199/237 158/200/238
f 961/201/239 958/185/240 1073/202/241
f 954/195/224 1059/203/242 1055/204/243
f 951/205/244 981/189/229 982/206/245
f 151/193/246 150/198/236 157/190/230
f 943/207/247 969/208/248 147/209/249
f 1019/210/250 192/211/250 1032/212/250
f 965/213/251 1048/214/252 1047/215/253
f 956/216/254 1048/214/252 965/213/251
f 214/186/255 222/185/256 216/201/257
f 1087/217/258 208/218/259 207/184/260
f 1073/202/241 221/219/261 220/220/262
f 138/182/222 976/221/263 977/222/264
f 990/183/265 972/223/266 971/224/267
f 945/200/268 978/225/269 979/226/270
f 961/201/239 220/220/262 1063/227/271
f 977/222/264 976/221/263 963/228/272
f 139/205/273 978/225/269 945/200/268
f 986/191/274 973/223/274 988/192/274
f 980/226/275 970/229/275 160/230/275
f 972/231/266 169/232/276 968/209/277
f 982/206/245 162/229/278 161/226/279
f 991/183/223 946/194/234 165/192/280
f 967/190/281 158/200/238 944/230/282
f 141/233/283 992/181/221 984/234/284
f 993/181/285 156/183/285 994/235/285
f 154/234/286 166/181/286 995/235/286
f 990/183/265 983/236/287 167/237/288
f 985/238/289 944/239/282 997/240/290
f 163/238/291 996/241/292 975/232/293
f 148/199/294 1047/215/253 950/187/295
f 169/232/276 998/242/296 1000/243/297
f 168/241/298 997/240/290 1001/243/299
f 1014/244/300 1012/245/301 1009/246/302
f 975/232/293 996/241/292 170/242/303
f 1025/247/304 173/248/305 174/249/306
f 149/250/307 147/209/249 172/251/308
f 1017/252/309 1010/246/309 1034/253/309
f 188/254/310 189/247/310 1030/255/311
f 177/246/312 1002/256/312 1005/257/313
f 1015/258/313 1005/257/313 1020/259/314
f 1007/260/315 1003/261/316 1031/212/317
f 1004/256/318 1006/262/319 1008/263/320
f 186/257/321 1008/263/320 1022/264/322
f 1033/211/323 1024/265/324 1026/266/325
f 187/267/326 181/268/327 1027/269/328
f 1013/270/329 1024/265/324 1033/211/323
f 1023/271/330 175/272/331 173/248/305
f 183/269/332 185/271/332 189/247/310
f 1021/273/333 1014/244/300 171/258/334
f 180/274/335 187/267/326 1028/254/336
f 182/275/311 1030/255/311 1035/276/337
f 179/256/338 190/252/338 191/277/338
f 197/278/337 1035/276/337 1041/279/339
f 1020/259/314 1037/280/340 194/281/340
f 178/259/341 1022/264/322 1039/282/342
f 180/274/335 1029/275/343 1036/278/344
f 174/249/306 193/283/345 198/276/346
f 1016/284/347 1038/281/348 1040/285/349
f 199/286/350 277/287/351 282/288/352
f 195/280/353 1039/282/342 1043/289/354
f 1038/281/348 1045/290/355 1046/291/356
f 193/283/345 199/292/350 204/279/357
f 196/293/358 1036/278/344 1042/294/359
f 194/281/340 1037/280/340 1044/295/360
f 952/296/361 143/214/362 955/216/363
f 142/215/364 143/214/362 952/296/361
f 140/187/365 142/215/364 205/188/366
f 1087/217/258 1086/297/367 208/218/259
f 953/298/368 1055/204/243 1056/299/369
f 1084/300/370 1082/301/371 227/302/372
f 1086/297/367 1053/303/373 1054/219/374
f 220/220/262 1064/302/375 228/304/376
f 137/221/377 144/305/378 962/228/379
f 44/306/380 831/63/70 405/152/183
f 1058/307/381 225/308/382 1077/309/383
f 221/219/261 229/303/384 227/302/372
f 1050/310/385 219/311/386 217/312/387
f 1114/313/388 1127/314/388 262/315/388
f 216/201/257 218/227/389 1149/316/390
f 216/201/257 1150/317/391 1061/197/392
f 137/318/377 206/296/393 145/216/394
f 948/188/228 206/296/393 137/318/377
f 208/218/259 1054/219/374 223/202/395
f 1068/319/396 1069/320/397 1085/297/398
f 1052/304/399 1049/321/400 1075/322/401
f 976/221/263 138/182/222 992/181/221
f 223/202/395 960/185/402 207/184/260
f 1052/304/399 1074/308/403 209/307/404
f 1081/301/405 1083/300/405 1070/320/405
f 1076/322/406 230/321/406 1067/323/406
f 1065/312/407 239/324/408 1069/325/397
f 231/322/409 232/323/410 1077/309/383
f 1086/297/367 234/320/411 235/300/412
f 1064/302/375 1080/301/413 1051/321/414
f 211/326/415 1079/327/416 1087/217/258
f 1088/217/417 1089/328/417 226/297/417
f 224/327/418 1090/328/418 236/217/418
f 1085/297/398 237/329/419 1078/330/420
f 1080/331/413 238/332/421 1092/333/422
f 1072/324/423 1091/332/424 233/331/425
f 218/227/389 209/307/404 1057/299/426
f 1095/334/427 1093/335/428 239/324/408
f 238/332/421 1094/335/429 1096/334/430
f 1109/336/431 241/337/432 1104/338/433
f 1072/324/423 240/335/434 1091/332/424
f 244/339/435 243/340/436 1120/341/437
f 219/311/386 242/342/438 217/312/387
f 1112/343/439 1129/344/439 1105/338/439
f 252/345/440 1125/346/441 259/341/442
f 1097/347/443 1113/343/444 247/338/445
f 246/259/446 1115/284/447 1100/348/448
f 1102/349/449 1121/350/450 1126/314/451
f 1103/351/452 1101/352/453 1099/347/454
f 1117/353/455 1103/351/452 256/348/456
f 1121/350/450 1119/354/457 1128/315/458
f 257/355/459 1123/356/460 1122/357/461
f 1108/358/462 1106/359/463 1128/315/458
f 243/340/436 245/360/464 1118/361/465
f 259/341/442 255/361/466 253/357/467
f 1116/362/468 1111/259/469 241/337/432
f 1124/345/470 1123/356/460 257/355/459
f 252/345/440 267/363/471 1130/364/472
f 249/347/473 261/365/473 260/343/473
f 273/366/474 1136/367/475 1141/368/476
f 246/259/446 264/280/477 1132/281/478
f 248/284/479 265/281/480 1134/285/481
f 250/369/482 266/370/483 1131/363/484
f 268/364/485 263/371/486 244/339/435
f 1135/372/487 1133/280/488 1111/259/469
f 1136/367/475 273/366/474 1248/373/489
f 271/374/490 1144/375/491 1143/376/492
f 356/377/493 1139/378/494 1147/379/495
f 1137/367/496 1140/380/497 1148/381/498
f 272/375/499 273/366/474 1142/382/500
f 355/383/501 270/379/502 1251/374/503
f 276/203/504 215/197/505 213/317/506
f 212/316/507 275/204/508 276/203/504
f 210/299/509 275/204/508 212/316/507
f 1152/288/510 1157/384/511 287/385/512
f 202/386/513 1042/387/359 1153/388/514
f 200/389/360 1044/390/360 1155/391/515
f 1041/392/339 1152/288/510 281/388/510
f 201/390/516 1043/393/354 1154/394/517
f 1045/389/355 1156/395/518 1151/396/519
f 1158/385/520 1175/397/521 1205/398/522
f 279/391/523 1154/394/517 1159/399/524
f 1156/395/518 1161/400/525 1162/401/526
f 277/287/351 283/402/527 288/384/528
f 280/403/529 1153/388/514 1158/385/520
f 278/395/515 1155/391/515 1160/404/530
f 1160/404/530 1167/405/531 1193/406/532
f 1157/384/511 1179/407/533 1211/408/534
f 1159/399/524 1171/409/535 1199/410/536
f 1161/400/525 1163/411/537 1187/412/538
f 283/402/527 1183/413/539 1217/414/540
f 289/415/541 295/416/542 1221/417/543
f 289/415/541 1188/418/544 1189/419/545
f 1221/417/543 295/416/542 1219/420/546
f 1194/421/547 1227/422/548 1229/423/549
f 1168/424/550 1198/425/551 1230/423/552
f 1172/426/553 1204/427/554 1233/428/555
f 292/429/556 295/416/542 307/427/557
f 1180/430/558 1216/431/559 1241/432/560
f 1217/414/540 1183/413/539 1244/433/561
f 296/418/562 1223/434/563 1225/435/564
f 1209/436/565 1207/437/565 1238/438/565
f 1218/439/566 1243/440/567 1245/441/568
f 1199/410/536 1171/409/535 1232/442/569
f 1164/443/570 1192/444/571 1226/435/572
f 317/445/573 1222/417/574 1246/441/575
f 1203/427/576 1201/446/576 1234/428/576
f 1212/447/577 1240/448/578 1242/432/579
f 1193/406/532 1167/405/531 322/449/580
f 1215/431/581 1213/450/581 329/432/581
f 1197/425/582 1195/451/582 323/423/582
f 1206/452/583 1235/453/584 1237/438/585
f 1176/454/586 1210/436/587 327/438/588
f 1191/444/589 1190/419/589 321/435/589
f 1200/455/590 324/456/591 325/428/592
f 319/417/593 318/420/593 331/441/593
f 1187/412/538 1163/411/537 320/457/594
f 1211/408/534 1179/407/533 328/458/595
f 1205/398/522 1175/397/521 326/459/596
f 290/460/597 295/416/542 299/444/598
f 293/461/599 295/416/542 311/436/600
f 291/462/601 295/416/542 303/425/602
f 294/463/603 295/416/542 315/431/604
f 295/416/542 310/437/605 311/436/600
f 290/460/597 300/421/606 302/451/607
f 291/462/601 304/455/608 306/446/609
f 292/429/556 308/452/610 310/437/605
f 293/461/599 312/447/611 314/450/612
f 294/463/603 316/439/613 1219/420/546
f 295/416/542 314/450/612 315/431/604
f 295/416/542 306/446/609 307/427/557
f 295/416/542 302/451/607 303/425/602
f 299/444/598 295/416/542 1189/419/545
f 1280/464/614 398/465/615 1339/466/616
f 1284/467/617 360/468/618 359/469/619
f 1139/378/494 1247/470/620 1259/471/621
f 1138/367/622 338/472/623 332/473/624
f 273/366/474 272/375/499 1273/474/625
f 1278/472/626 274/367/626 1249/373/626
f 1144/375/491 271/374/490 1252/475/627
f 333/476/628 1260/477/629 1264/478/630
f 1247/470/620 1280/464/614 1256/479/631
f 1273/474/625 348/480/632 1283/467/633
f 334/373/634 1253/481/635 1255/482/636
f 1257/483/637 342/484/638 1254/481/639
f 1277/472/640 1255/482/636 1279/485/641
f 1251/374/503 270/379/502 333/476/628
f 1274/474/642 1252/475/627 1270/486/643
f 1258/483/644 1276/487/645 1271/488/646
f 336/483/647 1248/373/489 1281/489/648
f 335/475/649 1264/478/630 1269/486/650
f 1248/373/489 1273/474/625 1283/467/633
f 355/295/501 1145/490/651 1132/281/478
f 266/370/483 353/491/652 1142/492/500
f 351/493/653 1148/494/498 263/371/486
f 356/495/493 1146/295/654 1133/280/488
f 265/281/480 354/490/655 1143/291/492
f 267/363/471 352/492/656 1141/493/476
f 1282/489/657 1262/496/658 1302/497/659
f 349/489/660 1296/498/661 1290/499/662
f 1286/500/663 1309/501/664 369/502/665
f 348/480/632 358/503/666 1285/468/667
f 347/486/668 1267/478/669 1286/500/663
f 1275/480/670 1268/486/671 1288/504/672
f 365/505/673 1299/506/674 1307/507/675
f 1281/489/648 1283/467/633 1297/508/676
f 345/477/677 1289/509/678 1292/510/679
f 350/467/680 346/511/681 1293/512/682
f 1294/512/683 374/513/684 375/514/685
f 1272/515/686 366/516/687 1301/517/688
f 343/487/689 1281/489/648 1299/506/674
f 1276/487/645 1304/505/690 1303/518/691
f 1309/501/664 1321/519/692 381/520/693
f 379/521/694 391/522/695 392/523/696
f 1305/524/697 1311/525/698 1317/526/699
f 1291/509/700 1311/525/698 1305/524/697
f 367/497/701 379/521/694 380/507/702
f 358/503/666 370/527/703 1314/528/704
f 1297/508/676 1306/514/705 1315/529/706
f 1303/518/691 1304/505/690 1308/530/707
f 359/469/619 360/468/618 372/528/708
f 361/499/709 364/498/710 376/529/711
f 1301/517/688 366/516/687 378/531/712
f 1288/504/672 1310/532/713 1313/527/714
f 1316/533/715 1308/530/707 1323/534/716
f 1315/529/706 1306/514/705 1325/535/717
f 1314/528/704 370/527/703 382/536/718
f 1312/537/719 378/531/712 390/538/720
f 373/539/721 376/529/711 388/540/722
f 371/541/723 372/528/708 384/542/724
f 1307/507/675 1320/523/725 389/534/726
f 1310/532/713 1322/543/727 1327/536/728
f 374/513/684 386/544/729 387/535/730
f 1327/536/728 1322/543/727 1333/545/731
f 387/535/730 386/544/729 1330/546/732
f 385/547/733 388/540/722 1329/546/734
f 383/548/735 384/542/724 1332/545/736
f 1326/540/737 1325/535/717 394/546/738
f 1328/542/739 382/536/718 393/545/740
f 1318/549/741 1317/526/699 1331/550/742
f 1275/480/670 337/474/743 1268/486/671
f 381/520/693 1321/519/692 1334/551/744
f 333/476/628 1259/471/621 344/515/745
f 392/523/696 391/522/695 1336/552/746
f 1324/553/747 1323/534/716 1335/552/748
f 1319/554/749 390/538/720 1337/555/750
f 389/534/726 1320/523/725 395/552/751
f 1281/489/648 1248/373/489 1283/467/633
f 339/481/752 1340/556/753 1341/557/754
f 1254/481/639 342/484/638 399/558/755
f 1255/482/636 397/557/756 1338/559/757
f 1339/466/616 398/465/615 1343/560/758
f 1341/557/754 1340/556/753 1342/561/759
f 396/556/760 399/558/755 400/561/761
f 1338/559/757 397/557/756 1344/561/762
f 332/473/624 338/472/623 341/485/763
f 1259/471/621 1247/470/620 1256/479/631
f 1139/378/494 1259/471/621 333/476/628
f 801/43/49 26/35/40 798/38/134
f 628/562/764 814/563/765 1663/564/766
f 25/36/41 796/46/52 798/38/134
f 883/44/767 827/565/768 824/566/769
f 25/36/41 24/18/19 796/46/52
f 83/99/108 878/121/135 82/100/109
f 70/92/101 84/39/44 83/99/108
f 878/121/135 83/99/108 880/38/43
f 880/38/43 83/99/108 84/39/44
f 31/57/185 21/29/770 403/48/54
f 48/567/771 619/568/772 405/152/183
f 821/569/773 404/54/60 402/38/774
f 99/124/775 92/121/776 881/38/777
f 23/31/778 21/29/770 31/57/185
f 885/570/779 888/109/118 80/111/184
f 89/61/58 47/62/186 403/153/54
f 79/53/59 89/52/58 403/48/54
f 146/213/780 966/199/237 150/198/236
f 150/198/236 151/193/246 153/222/781
f 957/305/782 965/213/251 964/228/783
f 146/213/780 153/222/781 152/228/784
f 835/55/785 93/37/786 94/44/787
f 406/571/788 401/38/789 93/37/786
f 1346/572/790 417/573/791 426/574/792
f 1347/575/793 410/576/794 1353/577/795
f 410/576/794 423/578/796 429/579/797
f 1359/580/798 1360/581/799 426/574/792
f 1356/582/800 428/583/801 429/579/797
f 1358/584/802 1359/580/798 417/573/791
f 1361/585/803 417/573/791 1346/572/790
f 421/586/804 419/572/805 427/587/806
f 419/572/805 421/586/804 420/588/807
f 410/576/794 1352/589/808 1366/590/809
f 422/591/810 423/578/796 410/576/794
f 420/592/807 1356/582/800 423/578/796
f 416/593/811 1735/593/812 1745/594/813
f 429/579/797 428/583/801 1369/595/814
f 1345/587/815 426/574/792 430/595/816
f 428/583/801 427/587/806 1369/595/814
f 407/589/817 429/579/797 1369/595/814
f 1360/581/799 1363/596/818 430/595/816
f 1364/596/819 1367/590/820 1369/595/814
f 1367/590/820 407/589/817 1369/595/814
f 426/574/792 1360/581/799 430/595/816
f 1350/597/821 412/598/822 1354/599/823
f 1355/599/824 415/600/825 1357/601/826
f 415/600/825 1355/599/824 1365/596/827
f 412/598/822 408/590/828 424/596/829
f 1372/602/830 1370/603/831 1371/604/832
f 1435/605/833 442/606/834 436/607/835
f 1377/608/836 1376/609/837 1444/610/838
f 1374/607/839 1375/606/840 438/611/841
f 434/609/842 440/608/843 439/612/844
f 433/613/845 439/612/844 441/604/846
f 1373/614/847 1371/604/832 1408/615/848
f 509/616/849 1395/617/850 442/606/834
f 1494/618/851 1409/619/852 1391/620/853
f 1375/606/840 456/617/854 454/621/855
f 439/612/844 440/608/843 1392/620/856
f 439/612/844 1411/622/857 459/615/858
f 1397/623/859 1407/615/860 1389/624/861
f 1378/625/862 1388/626/863 463/627/864
f 1379/628/865 449/629/866 1402/630/867
f 448/631/868 1395/617/850 509/616/849
f 460/632/869 1406/633/870 449/629/866
f 1398/634/871 1400/635/872 1387/636/873
f 1404/637/874 1387/636/873 1390/638/875
f 1382/639/876 1401/630/877 1399/634/878
f 454/621/855 456/617/854 1382/631/876
f 1385/640/879 458/622/880 1393/620/881
f 1384/641/882 1387/636/873 462/642/883
f 1385/640/879 1389/624/861 1407/615/860
f 461/643/884 463/627/864 447/626/885
f 1400/635/872 1416/644/886 462/642/883
f 1403/645/887 452/646/888 450/647/889
f 556/648/890 1572/649/891 1578/650/892
f 556/648/890 1566/651/893 1574/652/894
f 1556/653/895 556/648/890 1578/650/892
f 463/627/864 1421/654/896 1419/655/897
f 1420/656/898 1427/657/899 1406/633/870
f 1412/643/900 462/642/883 1417/658/901
f 1414/659/902 1421/654/896 463/627/864
f 1416/644/886 1425/660/903 1418/658/904
f 556/648/890 557/661/905 1566/651/893
f 1553/662/906 556/648/890 1556/653/895
f 1553/662/906 557/661/905 556/648/890
f 466/655/907 469/654/908 1428/663/909
f 468/658/910 1424/660/911 1422/664/912
f 1423/664/913 1428/663/909 469/654/908
f 1376/609/837 1445/665/914 1442/666/914
f 1429/667/915 1446/668/915 1440/669/915
f 1435/605/833 436/607/835 1432/670/916
f 431/602/917 476/671/918 478/672/919
f 1370/603/831 1372/602/830 477/673/920
f 435/603/921 475/674/922 1441/675/922
f 433/613/845 474/675/923 483/665/923
f 480/676/924 482/677/925 1430/678/925
f 1374/607/839 432/679/926 481/678/927
f 1455/680/928 1479/681/928 1451/165/928
f 1461/165/929 1480/681/930 1457/682/931
f 768/4/4 767/1/1 769/3/3
f 1616/166/932 1619/683/932 597/684/932
f 491/685/933 1470/686/933 487/687/933
f 1481/688/934 497/680/934 485/166/934
f 1482/688/935 495/683/936 493/683/936
f 1467/689/937 1463/690/937 1449/691/937
f 770/692/938 768/4/4 772/5/5
f 778/14/14 777/12/12 14/13/13
f 1448/167/928 486/693/928 1458/682/928
f 1487/694/939 1489/695/939 1482/688/935
f 494/684/934 484/167/934 1478/696/934
f 1490/697/940 1492/698/941 1456/699/942
f 1491/700/943 1483/701/944 1485/702/944
f 1488/703/945 1491/700/943 503/704/946
f 496/705/947 502/706/948 507/707/949
f 1456/699/942 1492/698/941 1486/708/950
f 1480/681/930 504/709/951 1484/710/951
f 505/711/952 502/706/948 496/705/947
f 1493/712/953 442/606/834 1435/605/833
f 431/602/917 437/614/954 476/671/918
f 432/679/926 438/611/841 480/676/924
f 1494/618/851 1377/608/836 1444/610/838
f 457/623/955 509/713/849 508/714/956
f 437/614/954 508/714/956 476/671/918
f 443/628/957 448/639/868 509/715/849
f 438/611/841 454/621/855 1410/716/958
f 438/611/841 510/717/959 480/676/924
f 454/621/855 1405/718/960 1410/716/958
f 511/619/961 444/719/961 455/620/961
f 446/636/962 1386/641/962 1394/638/962
f 1380/625/963 1397/720/859 1389/626/861
f 457/721/955 443/628/957 509/715/849
f 1496/722/964 1495/723/965 531/724/966
f 1497/725/967 1499/726/968 1503/727/969
f 515/728/970 1501/729/971 534/730/972
f 531/724/966 1510/731/973 1509/732/974
f 534/730/972 533/733/975 1506/734/976
f 1508/735/977 1511/736/978 522/737/979
f 1511/736/978 1512/738/980 1496/722/964
f 526/739/981 533/733/975 532/723/982
f 525/740/983 526/739/981 524/722/984
f 1516/741/985 1502/729/986 515/728/970
f 527/742/987 1497/725/967 515/728/970
f 525/743/983 1518/742/988 528/744/989
f 519/745/990 748/746/991 521/747/992
f 534/730/972 1519/748/993 533/733/975
f 1495/723/965 535/748/994 531/724/966
f 533/733/975 1519/748/993 532/723/982
f 512/729/995 1519/748/993 534/730/972
f 1510/731/973 535/748/994 1513/749/996
f 1514/749/997 1519/748/993 1517/741/998
f 1517/741/998 1519/748/993 512/729/995
f 531/724/966 535/748/994 1510/731/973
f 1500/750/999 1504/751/1000 517/752/1001
f 1505/751/1002 1507/753/1003 520/754/1004
f 520/754/1004 530/731/1005 1515/749/1006
f 529/749/1007 513/741/1008 517/752/1001
f 1522/755/1009 1523/756/1010 1521/757/1011
f 1585/758/1012 541/759/1013 547/760/1014
f 1527/761/1015 1594/762/1016 1526/763/1017
f 543/764/1018 1525/760/1019 1524/759/1020
f 544/765/1021 545/761/1022 539/763/1023
f 538/766/1024 540/767/1025 546/757/1026
f 1523/756/1010 1546/768/1027 1558/769/1028
f 547/760/1014 1545/770/1029 614/771/1030
f 1644/772/1031 1527/761/1015 1541/773/1032
f 559/774/1033 561/770/1034 1525/760/1019
f 544/765/1021 1561/775/1035 1542/773/1036
f 544/765/1021 546/757/1026 564/769/1037
f 1547/768/1038 1539/776/1039 1557/769/1040
f 1528/777/1041 1531/778/1042 568/779/1043
f 1529/780/1044 1533/781/1045 1552/782/1046
f 553/783/1047 614/771/1030 1545/770/1029
f 554/784/1048 569/785/1049 565/786/1050
f 1537/787/1051 1550/788/1052 1548/789/1053
f 1554/790/1054 1540/791/1055 1537/787/1051
f 1549/789/1056 1551/782/1057 1532/781/1058
f 1532/783/1058 561/770/1034 559/774/1033
f 1535/792/1059 1543/773/1060 563/775/1061
f 1534/793/1062 1562/794/1063 567/795/1064
f 1535/792/1059 563/775/1061 1557/769/1040
f 552/796/1065 568/779/1043 566/794/1066
f 567/795/1064 570/797/1067 1550/788/1052
f 1553/798/906 558/799/1068 555/800/1069
f 1569/801/1070 1571/802/1071 568/779/1043
f 569/785/1049 1577/803/1072 1570/804/1073
f 1562/794/1063 1563/805/1074 1567/806/1075
f 568/779/1043 1571/802/1071 1564/805/1076
f 1568/806/1077 1575/807/1078 570/797/1067
f 571/801/1079 575/808/1080 578/809/1081
f 1573/810/1082 577/807/1083 573/806/1084
f 574/802/1085 578/809/1081 576/810/1086
f 1592/811/1087 1595/812/1087 1526/763/1017
f 1579/813/1088 1581/814/1088 1590/815/1088
f 1585/758/1012 1583/816/1089 1582/817/1089
f 536/755/1090 1587/818/1091 583/819/1091
f 1589/820/1092 582/818/1092 1522/755/1009
f 1591/821/1093 580/820/1093 540/767/1025
f 588/812/1094 579/821/1094 538/766/1024
f 537/822/1095 1580/823/1096 587/824/1096
f 1524/759/1020 584/817/1097 586/823/1097
f 1605/680/1098 1603/166/1098 1601/165/1098
f 1630/681/1099 1611/165/1100 1607/682/1101
f 1464/167/1102 1465/166/1102 1462/165/1102
f 617/164/201 937/825/1103 133/826/1103
f 1604/827/1104 1620/686/1104 592/687/1104
f 1631/688/1105 1624/683/1105 590/166/1105
f 598/683/1106 1632/688/1107 1625/828/1108
f 1599/691/1109 1617/689/1109 1597/829/1109
f 774/830/1110 771/6/6 775/8/8
f 776/10/10 10/9/9 777/12/12
f 1598/167/1098 1627/696/1098 1608/682/1098
f 1632/688/1107 1639/695/1111 1637/694/1111
f 599/684/1105 1626/828/1105 1628/696/1105
f 1606/699/1112 1642/698/1113 1640/697/1114
f 1641/700/1115 608/704/1116 1635/702/1117
f 1638/703/1118 611/831/1118 608/704/1116
f 601/705/1119 606/832/1120 612/707/1121
f 1606/699/1112 603/833/1122 1636/708/1123
f 1630/681/1099 1607/682/1101 1634/710/1124
f 601/705/1119 607/706/1125 610/711/1126
f 1643/834/1127 1585/758/1012 547/760/1014
f 536/755/1090 581/835/1128 542/756/1129
f 537/822/1095 585/836/1130 543/764/1018
f 1644/772/1031 1594/762/1016 1527/761/1015
f 613/837/1131 614/838/1030 562/768/1132
f 542/756/1129 581/835/1128 613/837/1131
f 548/780/1133 614/839/1030 553/781/1047
f 543/764/1018 615/840/1134 1560/841/1135
f 543/764/1018 585/836/1130 615/840/1134
f 559/774/1033 1560/841/1135 1555/842/1136
f 616/843/1137 560/791/1137 549/790/1137
f 551/787/1138 1544/791/1138 1536/793/1138
f 1530/777/1139 1539/796/1039 1547/844/1038
f 562/845/1132 614/839/1030 548/780/1133
f 1403/846/887 451/847/1140 452/848/888
f 1403/846/887 464/849/1141 451/847/1140
f 451/847/1140 465/850/1142 452/848/888
f 464/849/1141 470/851/1143 473/852/1144
f 451/847/1140 471/853/1145 472/854/1146
f 451/847/1140 473/852/1144 471/853/1145
f 333/476/628 344/515/745 1260/477/629
f 774/830/1110 775/8/8 776/10/10
f 618/855/219 128/856/204 132/175/214
f 131/171/1147 127/170/1148 617/857/201
f 1648/858/1149 820/859/1150 809/860/1151
f 839/77/68 50/74/1152 34/45/1153
f 841/52/180 90/51/1154 922/151/1155
f 44/861/380 619/862/772 820/863/1150
f 85/118/131 86/117/137 828/565/136
f 888/864/118 885/865/779 886/866/1156
f 1667/867/1157 1696/868/1158 664/869/1159
f 27/34/38 799/44/50 1656/49/56
f 1651/870/1160 1665/871/1161 644/564/1162
f 46/872/1163 624/873/1164 809/860/1151
f 37/44/1165 43/56/1165 1658/874/1165
f 624/873/1164 1645/875/1166 656/876/1167
f 825/877/1168 1646/875/1169 624/873/1164
f 40/66/1170 647/68/1171 1672/878/1172
f 1657/879/1173 635/880/1174 1652/881/1175
f 96/882/1176 97/864/1177 623/883/1178
f 829/884/1179 803/885/1180 805/886/1181
f 815/887/47 1664/888/1182 1661/889/1183
f 814/563/765 628/562/764 621/67/1184
f 98/881/1185 643/871/1186 629/870/1187
f 635/880/1174 1657/879/1173 640/890/1188
f 628/562/764 1663/564/766 1662/891/1189
f 1653/67/74 1654/892/1190 833/893/1191
f 1668/867/1192 1649/858/1192 807/894/1192
f 1671/890/1193 38/879/1194 633/858/1195
f 636/895/1196 41/896/1197 648/878/1198
f 492/684/1199 1469/683/1199 1466/166/1199
f 885/897/779 1660/898/53 1673/899/1200
f 887/866/1201 637/865/1202 650/900/1203
f 627/901/1204 646/902/1205 96/882/1176
f 646/902/1205 1675/903/1206 804/885/1207
f 620/886/1208 630/885/1209 645/903/1210
f 626/904/1211 641/905/1212 829/884/1179
f 1676/905/1213 1669/906/1214 826/877/1215
f 1647/875/1216 632/877/1216 1670/906/1216
f 1665/871/1161 1666/907/1217 668/891/1218
f 672/893/1219 1711/908/1220 1712/909/1221
f 1689/910/1222 1707/911/1223 688/912/1224
f 1680/913/1225 1682/914/1226 1677/915/1227
f 692/916/1228 1715/917/1229 682/918/1230
f 1674/919/1231 1673/899/1200 1697/920/1232
f 98/881/1185 1688/921/1233 669/907/1234
f 635/880/1174 640/890/1188 664/869/1159
f 887/866/1201 650/900/1203 675/922/1235
f 1675/903/1206 646/902/1205 1699/923/1236
f 805/886/1181 1678/924/1237 654/925/1238
f 639/867/1239 808/894/1240 1695/926/1241
f 674/927/1242 649/928/1243 625/929/1244
f 627/901/1204 623/883/1178 1683/930/1245
f 1652/881/1175 635/880/1174 663/931/1246
f 620/886/1208 645/903/1210 670/932/1247
f 1669/906/1214 1676/905/1213 1701/933/1248
f 628/562/764 657/913/1249 652/892/1250
f 627/901/1204 1686/934/1251 671/923/1252
f 642/906/1253 666/935/1254 656/876/1167
f 638/866/1255 660/910/1256 1683/930/1245
f 647/68/1171 672/893/1219 1702/936/1257
f 626/904/1211 654/925/1238 667/933/1258
f 1664/895/1182 1691/937/1259 1693/938/1260
f 636/895/1196 648/878/1198 673/936/1261
f 667/933/1258 654/925/1238 1708/939/1262
f 1679/924/1263 670/932/1247 680/940/1264
f 677/915/1265 694/941/1266 700/942/1267
f 659/938/1268 653/937/1269 1713/943/1270
f 673/936/1261 691/909/1271 678/943/1272
f 1666/907/1217 1714/944/1273 1682/914/1226
f 833/893/1191 1654/892/1190 677/915/1265
f 661/934/1274 662/930/1275 688/912/1224
f 779/945/1276 16/15/15 780/17/17
f 664/869/1159 1696/868/1158 676/917/1277
f 1698/946/1278 1697/920/1232 1703/947/1279
f 1681/913/1280 1662/891/1189 683/914/1281
f 669/907/1234 1688/921/1233 684/944/1282
f 1700/932/1283 1699/923/1236 1709/948/1284
f 654/925/1238 655/924/1285 1710/940/1286
f 663/931/1246 664/869/1159 689/949/1287
f 1690/910/1288 675/922/1235 686/911/1289
f 663/931/1246 689/949/1287 1714/944/1273
f 671/923/1252 1686/934/1251 687/948/1290
f 723/950/1291 666/935/1254 725/951/1292
f 693/952/1293 696/953/1294 706/954/1295
f 1677/915/1227 1682/914/1226 697/955/1296
f 689/949/1287 676/917/1277 1719/916/1297
f 1711/908/1220 1717/942/1298 1720/956/1299
f 678/943/1272 691/909/1271 701/956/1300
f 693/952/1293 703/957/1301 727/958/1302
f 1717/942/1298 1721/959/1303 1722/960/1304
f 699/961/1305 1719/916/1297 702/962/1306
f 700/942/1267 694/941/1266 704/959/1307
f 697/955/1296 707/963/1308 1721/959/1303
f 1695/926/1241 809/860/1151 724/964/1309
f 695/965/1310 1722/960/1304 708/966/1311
f 728/967/1312 1708/939/1262 1710/940/1286
f 709/968/1313 707/963/1308 697/955/1296
f 716/969/1314 710/970/1315 717/971/1316
f 1721/959/1303 707/963/1308 714/972/1317
f 697/955/1296 1682/914/1226 1714/944/1273
f 715/973/1318 712/974/1319 719/975/1320
f 719/975/1320 721/976/1321 720/977/1322
f 706/954/1295 1724/978/1323 1723/979/1324
f 709/968/1313 702/962/1306 710/970/1315
f 634/894/1325 622/860/1325 651/926/1325
f 713/978/1326 720/980/1322 718/981/1327
f 730/982/1328 1726/983/1329 735/984/1330
f 712/974/1319 714/972/1317 721/976/1321
f 716/985/1314 714/972/1317 707/963/1308
f 1722/960/1304 1721/959/1303 712/974/1319
f 1718/965/1331 701/956/1300 705/960/1332
f 656/876/1167 666/935/1254 723/950/1291
f 809/860/1151 624/873/1164 723/950/1291
f 696/953/1294 725/951/1292 743/986/1333
f 682/918/1230 725/951/1292 696/953/1294
f 1701/933/1248 679/939/1334 681/987/1335
f 725/951/1292 666/935/1254 681/987/1335
f 714/972/1317 716/985/1314 717/988/1316
f 726/989/1336 727/958/1302 702/962/1306
f 693/952/1293 726/989/1336 682/918/1230
f 726/989/1336 692/916/1228 682/918/1230
f 727/958/1302 703/957/1301 1723/979/1324
f 710/970/1315 711/979/1337 718/981/1327
f 702/962/1306 727/958/1302 710/970/1315
f 688/912/1224 1726/983/1329 730/982/1328
f 681/987/1335 729/990/1338 743/986/1333
f 729/990/1338 1725/967/1339 732/991/1340
f 715/992/1318 722/993/1341 742/994/1342
f 1707/995/1223 685/996/1343 698/997/1344
f 730/982/1328 734/998/1345 732/991/1340
f 735/984/1330 739/999/1346 1727/1000/1347
f 744/1001/1348 1728/1002/1349 1724/978/1323
f 733/1003/1350 732/991/1340 1729/1004/1351
f 737/1002/1352 736/1004/1353 740/1005/1354
f 739/1006/1346 742/1007/1342 741/1008/1355
f 737/1009/1352 740/1010/1354 720/1011/1322
f 734/998/1345 1727/1000/1347 1729/1012/1351
f 738/1013/1356 741/1008/1355 740/1014/1354
f 742/1015/1342 722/1016/1341 720/1017/1322
f 735/1018/1330 708/1019/1311 715/1020/1318
f 744/1001/1348 733/1003/1350 1728/1002/1349
f 696/953/1294 743/986/1333 744/1001/1348
f 681/987/1335 743/986/1333 725/951/1292
f 1713/943/1270 695/965/1310 1730/1021/1357
f 731/1022/1358 1730/997/1357 708/1019/1311
f 679/939/1334 1725/967/1339 729/990/1338
f 724/964/1309 682/918/1230 665/868/1359
f 1715/917/1229 665/868/1359 682/918/1230
f 724/964/1309 723/950/1291 725/951/1292
f 414/1023/1360 747/594/1361 745/1024/1362
f 523/738/1363 757/738/1364 1742/740/1365
f 411/1025/1366 413/1026/1367 745/1024/1362
f 1733/1027/1368 748/746/991 519/745/990
f 746/1028/1369 1747/1028/1370 1739/1029/1371
f 1732/1028/1372 409/1029/1373 411/1025/1366
f 416/593/811 747/594/1361 414/1023/1360
f 521/747/992 748/746/991 1748/746/1374
f 418/1030/1375 1736/1030/1376 1735/585/812
f 1731/1024/1377 747/594/1361 1745/594/813
f 1368/591/1378 1348/575/1379 1739/575/1371
f 1518/742/988 525/743/983 1742/743/1365
f 1733/1027/1368 518/1031/1380 516/1032/1381
f 1734/1033/1382 516/1032/1381 1498/1034/1383
f 764/746/1384 1750/1033/1385 1741/1035/1386
f 1368/591/1378 1738/591/1387 1737/592/1388
f 1731/1024/1377 1746/1024/1389 1747/1028/1370
f 514/725/1390 1518/742/988 1743/742/1391
f 750/1027/1392 766/1027/1393 1748/746/1374
f 521/736/992 756/736/1394 757/738/1364
f 750/1027/1392 749/1033/1395 765/1033/1396
f 420/588/807 1737/588/1388 1736/1030/1376
f 749/1033/1395 514/1034/1390 760/1034/1397
f 753/1036/1398 762/1028/1399 752/1037/1400
f 733/1003/1350 744/1001/1348 743/986/1333
f 779/945/1276 778/14/14 16/15/15
f 25/36/41 10/9/9 24/18/19
f 783/21/22 20/19/20 767/1/1
f 781/1038/1401 18/20/21 783/21/22
f 19/24/25 1/1039/1402 3/1040/1403
f 3/1040/1403 5/1041/1404 7/1042/1405
f 7/1042/1405 9/1043/1406 3/1040/1403
f 11/1044/1407 13/22/23 9/1043/1406
f 15/23/24 17/1045/1408 19/24/25
f 19/24/25 3/1040/1403 9/1043/1406
f 9/1043/1406 13/22/23 19/24/25
f 810/41/46 791/25/26 813/27/28
f 4/3/33 2/2/2 784/29/30
f 24/18/19 8/8/18 786/30/32
f 6/5/31 4/3/33 786/31/32
f 785/28/29 2/2/2 30/25/34
f 30/25/34 20/19/20 29/26/35
f 782/16/16 16/15/15 789/33/37
f 16/15/15 14/13/13 787/32/39
f 14/13/13 12/11/11 27/34/38
f 26/35/40 12/11/11 25/36/41
f 795/45/51 24/18/19 793/40/45
f 1660/47/53 22/28/48 815/42/47
f 791/25/26 810/41/46 22/28/48
f 27/34/38 26/35/40 799/44/50
f 21/29/770 22/28/48 403/48/54
f 790/33/27 28/32/55 813/50/28
f 869/114/1409 875/51/57 79/53/59
f 402/38/774 404/54/60 802/43/62
f 36/43/1410 818/55/63 800/44/65
f 792/1046/1411 794/57/66 839/59/68
f 842/79/1412 838/60/67 832/62/69
f 405/152/183 831/63/70 45/65/72
f 56/1047/89 58/69/76 923/71/78
f 45/65/72 823/64/71 55/73/80
f 822/569/1413 830/74/81 846/76/83
f 830/74/81 840/77/84 53/75/82
f 56/1047/89 51/60/86 58/69/76
f 843/1048/1414 49/59/88 56/80/89
f 852/101/110 849/81/90 851/83/92
f 851/83/92 850/82/91 855/85/94
f 856/113/1415 854/86/95 858/88/97
f 857/87/96 859/89/98 858/88/97
f 859/89/98 860/91/100 68/90/99
f 70/92/101 860/91/100 72/94/103
f 72/94/103 861/93/102 74/96/105
f 862/95/104 863/97/106 74/96/105
f 66/88/1416 68/90/99 82/100/109
f 866/103/112 849/81/90 78/102/111
f 864/1049/1417 866/103/112 76/104/113
f 61/107/116 59/1050/1418 77/1051/1419
f 77/1051/1419 75/1052/1420 73/1053/1421
f 73/1053/1421 71/1054/1422 77/1051/1419
f 69/1055/1423 67/105/114 71/1054/1422
f 65/106/115 63/1056/1424 61/107/116
f 61/107/116 77/1051/1419 71/1054/1422
f 71/1054/1422 67/105/114 61/107/116
f 873/115/1425 874/108/117 889/110/119
f 62/83/125 867/53/120 60/101/122
f 66/88/1416 82/100/109 64/113/124
f 64/85/124 81/114/123 62/83/125
f 78/102/111 60/101/122 88/108/126
f 76/104/113 78/102/111 87/115/127
f 865/98/107 872/116/128 74/96/105
f 74/96/105 870/117/130 72/94/103
f 72/94/103 85/118/131 70/92/101
f 81/112/123 82/100/109 876/120/133
f 873/116/1425 889/122/119 86/117/137
f 884/37/42 84/39/44 882/44/138
f 922/150/1155 90/120/1154 91/119/1426
f 91/119/1426 879/121/139 893/125/141
f 893/125/141 922/150/1155 91/119/1426
f 120/159/194 112/126/142 929/128/144
f 106/70/149 103/71/145 897/130/147
f 896/129/177 108/71/148 897/130/147
f 938/1057/220 926/131/150 129/133/152
f 903/1058/1427 898/134/153 935/136/155
f 847/157/1428 846/76/83 924/137/156
f 918/70/77 58/69/76 917/71/158
f 113/142/164 907/76/159 919/140/161
f 924/137/156 53/75/82 908/141/163
f 911/149/1429 113/142/164 914/143/165
f 114/154/187 55/73/80 906/144/166
f 57/1048/1430 56/80/89 909/146/167
f 917/1059/158 116/147/157 915/146/169
f 904/1058/1431 916/143/170 122/134/172
f 892/124/1432 907/76/159 110/125/173
f 110/125/173 113/142/164 109/150/175
f 927/131/1433 910/146/176 896/132/177
f 920/1060/188 921/151/178 116/147/157
f 842/79/1412 832/62/69 111/60/181
f 891/1061/1434 894/63/182 45/65/72
f 1660/47/53 80/111/184 403/48/54
f 112/126/142 55/73/80 848/127/143
f 891/1061/1434 45/65/72 114/154/187
f 52/79/87 920/60/188 58/69/76
f 103/1059/145 102/146/189 901/156/146
f 930/1062/1435 115/157/191 928/158/193
f 900/1063/1436 906/144/166 120/159/194
f 118/137/192 107/141/195 928/158/193
f 105/140/171 104/139/197 122/134/172
f 127/1064/1148 940/162/199 617/164/201
f 593/693/202 1612/165/202 1614/167/202
f 123/129/151 100/130/203 129/169/152
f 936/1064/206 120/159/194 941/162/205
f 900/1063/1436 120/159/194 933/171/207
f 931/135/154 898/134/153 932/172/209
f 126/1062/1437 125/158/210 136/174/212
f 128/856/204 100/130/203 132/175/214
f 135/173/211 125/158/210 134/176/216
f 101/156/213 121/155/217 132/178/214
f 128/168/204 618/179/219 129/169/152
f 951/205/244 949/187/227 981/189/229
f 159/194/1438 157/190/230 989/192/232
f 138/182/222 947/193/233 991/183/223
f 1059/203/242 954/195/224 1060/197/235
f 967/190/281 150/198/236 158/200/238
f 953/298/368 954/195/224 1055/204/243
f 155/225/1439 951/205/244 982/206/245
f 159/194/1438 151/193/246 157/190/230
f 149/250/307 943/207/247 147/209/249
f 148/199/294 965/213/251 1047/215/253
f 957/1065/782 956/216/254 965/213/251
f 211/326/415 1087/217/258 207/184/260
f 961/201/239 1073/202/241 220/220/262
f 947/193/233 138/182/222 977/222/264
f 983/236/287 990/183/265 971/224/267
f 942/230/1440 945/200/268 979/226/270
f 148/199/294 139/205/273 945/200/268
f 971/208/267 972/231/266 968/209/277
f 155/225/1439 982/206/245 161/226/279
f 164/223/1441 991/183/223 165/192/280
f 985/191/289 967/190/281 944/230/282
f 168/241/298 985/238/289 997/240/290
f 974/231/1442 163/238/291 975/232/293
f 139/205/273 148/199/294 950/187/295
f 968/209/277 169/232/276 1000/243/297
f 999/242/1443 168/241/298 1001/243/299
f 171/258/334 1014/244/300 1009/246/302
f 184/255/1444 1025/247/304 174/249/306
f 182/275/311 188/254/310 1030/255/311
f 1005/257/313 1015/258/313 177/246/312
f 177/246/312 1018/252/1445 1002/256/312
f 176/284/314 1015/258/313 1020/259/314
f 1026/266/325 1007/260/315 1031/212/317
f 186/257/321 1004/256/318 1008/263/320
f 178/259/341 186/257/321 1022/264/322
f 1031/212/317 1033/211/323 1026/266/325
f 1028/254/336 187/267/326 1027/269/328
f 1011/1066/1446 1013/270/329 1033/211/323
f 1025/247/304 1023/271/330 173/248/305
f 188/254/310 183/269/332 189/247/310
f 1016/284/347 1021/273/333 171/258/334
f 1029/275/343 180/274/335 1028/254/336
f 197/278/337 182/275/311 1035/276/337
f 203/294/339 197/278/337 1041/279/339
f 176/284/314 1020/259/314 194/281/340
f 195/280/353 178/259/341 1039/282/342
f 196/293/358 180/274/335 1036/278/344
f 184/255/1444 174/249/306 198/276/346
f 1021/273/333 1016/284/347 1040/285/349
f 204/392/357 199/286/350 282/288/352
f 201/295/516 195/280/353 1043/289/354
f 1040/285/349 1038/281/348 1046/291/356
f 198/276/346 193/283/345 204/279/357
f 202/1067/513 196/293/358 1042/294/359
f 200/290/360 194/281/340 1044/295/360
f 205/188/366 142/215/364 952/296/361
f 1058/307/381 953/298/368 1056/299/369
f 229/303/384 1084/300/370 227/302/372
f 208/218/259 1086/297/367 1054/219/374
f 1063/227/271 220/220/262 228/304/376
f 619/568/772 44/306/380 405/152/183
f 953/298/368 1058/307/381 1077/309/383
f 220/220/262 221/219/261 227/302/372
f 1066/1068/1447 1050/310/385 217/312/387
f 1150/317/391 216/201/257 1149/316/390
f 214/196/255 216/201/257 1061/197/392
f 144/1065/378 137/318/377 145/216/394
f 981/189/229 948/188/228 137/318/377
f 207/184/260 208/218/259 223/202/395
f 1078/330/420 1068/319/396 1085/297/398
f 1074/308/403 1052/304/399 1075/322/401
f 141/233/283 976/221/263 992/181/221
f 218/227/389 1052/304/399 209/307/404
f 1068/1068/396 1065/312/407 1069/325/397
f 225/308/382 231/322/409 1077/309/383
f 1053/303/373 1086/297/367 235/300/412
f 228/304/376 1064/302/375 1051/321/414
f 1051/1069/414 1080/331/413 1092/333/422
f 1071/325/1448 1072/324/423 233/331/425
f 1149/316/390 218/227/389 1057/299/426
f 1065/312/407 1095/334/427 239/324/408
f 1092/333/422 238/332/421 1096/334/430
f 1107/1070/1449 1109/336/431 1104/338/433
f 254/346/1450 244/339/435 1120/341/437
f 258/356/1451 252/345/440 259/341/442
f 247/338/445 1110/337/1452 1100/348/448
f 1100/348/448 1097/347/443 247/338/445
f 1110/337/1452 246/259/446 1100/348/448
f 1098/1071/1453 1102/349/449 1126/314/451
f 256/348/456 1103/351/452 1099/347/454
f 248/284/479 1117/353/455 256/348/456
f 1126/314/451 1121/350/450 1128/315/458
f 251/1072/1454 257/355/459 1122/357/461
f 1119/354/457 1108/358/462 1128/315/458
f 1120/341/437 243/340/436 1118/361/465
f 258/356/1451 259/341/442 253/357/467
f 1109/336/431 1116/362/468 241/337/432
f 250/369/482 1124/345/470 257/355/459
f 1125/346/441 252/345/440 1130/364/472
f 352/382/656 273/366/474 1141/368/476
f 1115/284/447 246/259/446 1132/281/478
f 1117/353/455 248/284/479 1134/285/481
f 1124/345/470 250/369/482 1131/363/484
f 254/346/1450 268/364/485 244/339/435
f 1116/362/468 1135/372/487 1111/259/469
f 354/1073/655 271/374/490 1143/376/492
f 1146/383/654 356/377/493 1147/379/495
f 351/368/653 1137/367/496 1148/381/498
f 353/376/652 272/375/499 1142/382/500
f 1145/1073/651 355/383/501 1251/374/503
f 213/317/506 212/316/507 276/203/504
f 281/388/510 1152/288/510 287/385/512
f 280/403/529 202/386/513 1153/388/514
f 278/395/515 200/389/360 1155/391/515
f 203/387/339 1041/392/339 281/388/510
f 279/391/523 201/390/516 1154/394/517
f 1046/1074/356 1045/389/355 1151/396/519
f 1174/1075/1455 286/1076/1456 1205/398/522
f 1158/385/520 1177/1077/1457 1175/397/521
f 1205/398/522 286/1076/1456 1158/385/520
f 285/404/1458 279/391/523 1159/399/524
f 1151/396/519 1156/395/518 1162/401/526
f 282/288/352 277/287/351 288/384/528
f 286/1076/1456 280/403/529 1158/385/520
f 284/400/1459 278/395/515 1160/404/530
f 1166/1078/1460 284/400/1459 1193/406/532
f 1160/404/530 1169/1079/1461 1167/405/531
f 1193/406/532 284/400/1459 1160/404/530
f 1178/1077/1462 287/385/512 1211/408/534
f 1157/384/511 1181/1080/1463 1179/407/533
f 1211/408/534 287/385/512 1157/384/511
f 1170/1079/1464 285/404/1458 1199/410/536
f 1159/399/524 1173/1081/1465 1171/409/535
f 1199/410/536 285/404/1458 1159/399/524
f 1186/1082/1466 1162/401/526 1187/412/538
f 1161/400/525 1165/1078/1467 1163/411/537
f 1187/412/538 1162/401/526 1161/400/525
f 1182/1080/1468 288/384/528 1217/414/540
f 283/402/527 1185/1083/1469 1183/413/539
f 1217/414/540 288/384/528 283/402/527
f 1184/445/1470 289/415/541 1221/417/543
f 295/416/542 289/415/541 1189/419/545
f 1196/451/1471 1194/421/547 1229/423/549
f 1228/422/1472 1168/424/550 1230/423/552
f 1231/456/1473 1172/426/553 1233/428/555
f 305/426/1474 292/429/556 307/427/557
f 1239/448/1475 1180/430/558 1241/432/560
f 298/419/1476 296/418/562 1225/435/564
f 1220/420/1477 1218/439/566 1245/441/568
f 1224/434/1478 1164/443/570 1226/435/572
f 330/440/1479 317/445/573 1246/441/575
f 1214/450/1480 1212/447/577 1242/432/579
f 1208/437/1481 1206/452/583 1237/438/585
f 1236/453/1482 1176/454/586 327/438/588
f 1202/446/1483 1200/455/590 325/428/592
f 297/443/1484 290/460/597 299/444/598
f 309/454/1485 293/461/599 311/436/600
f 301/424/1486 291/462/601 303/425/602
f 313/430/1487 294/463/603 315/431/604
f 295/416/542 290/460/597 302/451/607
f 295/416/542 291/462/601 306/446/609
f 295/416/542 292/429/556 310/437/605
f 295/416/542 293/461/599 314/450/612
f 295/416/542 294/463/603 1219/420/546
f 1256/479/631 1280/464/614 1339/466/616
f 1265/511/1488 1284/467/617 359/469/619
f 269/380/1489 1138/367/622 332/473/624
f 1248/373/489 273/366/474 1273/474/625
f 1274/474/642 1144/375/491 1252/475/627
f 335/475/649 333/476/628 1264/478/630
f 1277/472/640 334/373/634 1255/482/636
f 1250/373/1490 1257/483/637 1254/481/639
f 335/475/649 1251/374/503 333/476/628
f 343/487/689 336/483/647 1281/489/648
f 264/280/477 355/295/501 1132/281/478
f 1131/363/484 266/370/483 1142/492/500
f 268/364/485 351/493/653 263/371/486
f 1135/372/487 356/495/493 1133/280/488
f 1134/285/481 265/281/480 1143/291/492
f 1130/364/472 267/363/471 1141/493/476
f 1300/506/1491 1282/489/657 1302/497/659
f 1263/496/1492 349/489/660 1290/499/662
f 357/1084/1493 1286/500/663 369/502/665
f 1283/467/633 348/480/632 1285/468/667
f 357/1084/1493 347/486/668 1286/500/663
f 1287/503/1494 1275/480/670 1288/504/672
f 377/530/1495 365/505/673 1307/507/675
f 1295/498/1496 1281/489/648 1297/508/676
f 1266/478/1497 345/477/677 1292/510/679
f 1298/508/1498 350/467/680 1293/512/682
f 363/508/1499 1294/512/683 375/514/685
f 1261/477/1500 1272/515/686 1301/517/688
f 365/505/673 343/487/689 1299/506/674
f 1271/488/646 1276/487/645 1303/518/691
f 369/502/665 1309/501/664 381/520/693
f 380/507/702 379/521/694 392/523/696
f 1318/549/741 1305/524/697 1317/526/699
f 362/510/1501 1291/509/700 1305/524/697
f 368/506/1502 367/497/701 380/507/702
f 1285/468/667 358/503/666 1314/528/704
f 1295/498/1496 1297/508/676 1315/529/706
f 1316/533/715 1303/518/691 1308/530/707
f 371/541/723 359/469/619 372/528/708
f 373/539/721 361/499/709 376/529/711
f 1312/537/719 1301/517/688 378/531/712
f 1287/503/1494 1288/504/672 1313/527/714
f 1324/553/747 1316/533/715 1323/534/716
f 1326/540/737 1315/529/706 1325/535/717
f 1328/542/739 1314/528/704 382/536/718
f 1319/554/749 1312/537/719 390/538/720
f 385/547/733 373/539/721 388/540/722
f 383/548/735 371/541/723 384/542/724
f 377/530/1495 1307/507/675 389/534/726
f 1313/527/714 1310/532/713 1327/536/728
f 375/514/685 374/513/684 387/535/730
f 340/482/1503 339/481/752 1341/557/754
f 396/556/760 1254/481/639 399/558/755
f 1279/485/641 1255/482/636 1338/559/757
f 1147/379/495 1139/378/494 333/476/628
f 837/1085/1504 883/44/767 824/566/769
f 68/90/99 70/92/101 83/99/108
f 894/63/182 48/567/771 405/152/183
f 797/46/1505 821/569/773 402/38/774
f 895/571/1506 99/124/775 881/38/777
f 33/1046/1507 23/31/778 31/57/185
f 874/108/117 80/111/184 888/109/118
f 1660/47/53 885/570/779 80/111/184
f 146/213/780 150/198/236 153/222/781
f 836/1085/1508 835/55/785 94/44/787
f 835/55/785 406/571/788 93/37/786
f 1345/587/815 1346/572/790 426/574/792
f 1349/1086/1509 1347/575/793 1353/577/795
f 1351/589/1510 410/576/794 429/579/797
f 417/573/791 1359/580/798 426/574/792
f 423/578/796 1356/582/800 429/579/797
f 1361/585/803 1358/584/802 417/573/791
f 1362/1030/1511 1361/585/803 1346/572/790
f 428/583/801 421/586/804 427/587/806
f 418/1030/1375 419/572/805 420/588/807
f 1353/577/795 410/576/794 1366/590/809
f 1347/575/793 422/591/810 410/576/794
f 1368/591/1378 420/592/807 423/578/796
f 747/594/1361 416/593/811 1745/594/813
f 425/581/1512 415/600/825 1365/596/827
f 1354/599/823 412/598/822 424/596/829
f 1373/614/847 1372/602/830 1371/604/832
f 432/679/926 1374/607/839 438/611/841
f 433/613/845 434/609/842 439/612/844
f 435/603/921 433/613/845 441/604/846
f 1396/623/1513 1373/614/847 1408/615/848
f 1493/712/953 509/616/849 442/606/834
f 1377/608/836 1494/618/851 1391/620/853
f 438/611/841 1375/606/840 454/621/855
f 1411/622/857 439/612/844 1392/620/856
f 441/604/846 439/612/844 459/615/858
f 1381/1087/1514 1378/625/862 463/627/864
f 1383/639/1515 1379/628/865 1402/630/867
f 1379/628/865 460/632/869 449/629/866
f 1404/637/874 1398/634/871 1387/636/873
f 1405/637/960 1382/639/876 1399/634/878
f 1405/718/960 454/621/855 1382/631/876
f 1412/643/900 1384/641/882 462/642/883
f 458/622/880 1385/640/879 1407/615/860
f 445/641/1516 461/643/884 447/626/885
f 1387/636/873 1400/635/872 462/642/883
f 453/1088/1517 1403/645/887 450/647/889
f 1572/649/891 556/648/890 1574/652/894
f 1576/1089/1518 1556/653/895 1578/650/892
f 1381/1087/1514 463/627/864 1419/655/897
f 460/632/869 1420/656/898 1406/633/870
f 1413/659/1519 1412/643/900 1417/658/901
f 461/643/884 1414/659/902 463/627/864
f 462/642/883 1416/644/886 1418/658/904
f 1426/1090/1520 466/655/907 1428/663/909
f 1415/659/1521 468/658/910 1422/664/912
f 467/659/1522 1423/664/913 469/654/908
f 1444/610/838 1376/609/837 1442/666/914
f 1440/669/915 1438/1091/915 1431/1092/915
f 1436/1093/915 1434/1094/915 1438/1091/915
f 1431/1092/915 1429/667/915 1440/669/915
f 1443/1095/915 1446/668/915 1429/667/915
f 1438/1091/915 1434/1094/915 1431/1092/915
f 1433/1096/916 1435/605/833 1432/670/916
f 1437/673/919 431/602/917 478/672/919
f 1439/674/920 1370/603/831 477/673/920
f 433/613/845 435/603/921 1441/675/922
f 434/609/842 433/613/845 483/665/923
f 432/679/926 480/676/924 1430/678/925
f 479/670/927 1374/607/839 481/678/927
f 1453/166/928 1455/680/928 1451/165/928
f 1457/682/931 1450/693/929 1459/693/929
f 1459/693/929 1461/165/929 1457/682/931
f 1452/165/929 1480/681/930 1461/165/929
f 595/167/932 1616/166/932 597/684/932
f 1454/827/933 487/687/933 1470/686/933
f 489/1097/933 491/685/933 487/687/933
f 1470/686/933 1473/1098/933 1454/827/933
f 1474/683/934 1481/688/934 485/166/934
f 493/683/936 1468/684/936 1475/828/1523
f 1475/828/1523 1482/688/935 493/683/936
f 1468/684/936 1471/684/936 1475/828/1523
f 1449/691/937 1447/829/937 1467/689/937
f 1472/1099/937 1467/689/937 1447/829/937
f 1463/690/937 1460/1100/937 1449/691/937
f 1477/696/928 1448/167/928 1458/682/928
f 1475/828/1523 1487/694/939 1482/688/935
f 1476/828/934 494/684/934 1478/696/934
f 500/1101/1524 1490/697/940 1456/699/942
f 503/704/946 1491/700/943 1485/702/944
f 506/831/945 1488/703/945 503/704/946
f 501/832/937 496/705/947 507/707/949
f 498/833/933 1456/699/942 1486/708/950
f 1457/682/931 1480/681/930 1484/710/951
f 499/1102/1525 505/711/952 496/705/947
f 437/614/954 457/623/955 508/714/956
f 510/717/959 438/611/841 1410/716/958
f 522/737/979 1496/722/964 531/724/966
f 515/728/970 1497/725/967 1503/727/969
f 528/744/989 515/728/970 534/730/972
f 522/737/979 531/724/966 1509/732/974
f 528/744/989 534/730/972 1506/734/976
f 1509/732/974 1508/735/977 522/737/979
f 522/737/979 1511/736/978 1496/722/964
f 524/722/984 526/739/981 532/723/982
f 523/738/1363 525/740/983 524/722/984
f 1503/727/969 1516/741/985 515/728/970
f 528/744/989 527/742/987 515/728/970
f 1506/734/976 525/743/983 528/744/989
f 1505/751/1002 520/754/1004 1515/749/1006
f 1504/751/1000 529/749/1007 517/752/1001
f 1520/767/1526 1522/755/1009 1521/757/1011
f 537/822/1095 543/764/1018 1524/759/1020
f 538/766/1024 544/765/1021 539/763/1023
f 544/765/1021 538/766/1024 546/757/1026
f 1521/757/1011 1523/756/1010 1558/769/1028
f 1643/834/1127 547/760/1014 614/771/1030
f 1559/1103/1527 1644/772/1031 1541/773/1032
f 543/764/1018 559/774/1033 1525/760/1019
f 545/761/1022 544/765/1021 1542/773/1036
f 1561/775/1035 544/765/1021 564/769/1037
f 1538/796/1528 1528/777/1041 568/779/1043
f 554/784/1048 1529/780/1044 1552/782/1046
f 1529/780/1044 554/784/1048 565/786/1050
f 1554/790/1054 1537/787/1051 1548/789/1053
f 1555/790/1136 1549/789/1056 1532/781/1058
f 1555/842/1136 1532/783/1058 559/774/1033
f 1537/787/1051 1534/793/1062 567/795/1064
f 1539/776/1039 1535/792/1059 1557/769/1040
f 550/793/1529 552/796/1065 566/794/1066
f 1537/787/1051 567/795/1064 1550/788/1052
f 557/1104/905 1553/798/906 555/800/1069
f 1531/778/1042 1569/801/1070 568/779/1043
f 565/786/1050 569/785/1049 1570/804/1073
f 567/795/1064 1562/794/1063 1567/806/1075
f 566/794/1066 568/779/1043 1564/805/1076
f 567/795/1064 1568/806/1077 570/797/1067
f 574/802/1085 571/801/1079 578/809/1081
f 1565/805/1530 1573/810/1082 573/806/1084
f 572/805/1531 574/802/1085 576/810/1086
f 1594/762/1016 1592/811/1087 1526/763/1017
f 1586/1105/1088 1588/1106/1088 1584/1107/1088
f 1590/815/1088 1596/1108/1088 1579/813/1088
f 1593/1109/1088 1579/813/1088 1596/1108/1088
f 1581/814/1088 1584/1107/1088 1588/1106/1088
f 1588/1106/1088 1590/815/1088 1581/814/1088
f 541/759/1013 1585/758/1012 1582/817/1089
f 581/835/1128 536/755/1090 583/819/1091
f 1520/767/1526 1589/820/1092 1522/755/1009
f 538/766/1024 1591/821/1093 540/767/1025
f 539/763/1023 588/812/1094 538/766/1024
f 585/836/1130 537/822/1095 587/824/1096
f 537/822/1095 1524/759/1020 586/823/1097
f 1629/681/1098 1605/680/1098 1601/165/1098
f 1609/693/1100 1600/693/1100 1607/682/1101
f 1630/681/1099 1602/165/1532 1611/165/1100
f 1609/693/1100 1607/682/1101 1611/165/1100
f 488/693/1102 1464/167/1102 1462/165/1102
f 133/826/1103 130/1110/200 617/164/201
f 617/164/201 939/163/200 937/825/1103
f 594/1097/1104 592/687/1104 596/685/1104
f 1604/827/1104 1623/1098/1104 1620/686/1104
f 1620/686/1104 596/685/1104 592/687/1104
f 602/680/1105 1631/688/1105 590/166/1105
f 1621/684/1533 1618/684/1533 1625/828/1108
f 598/683/1106 600/683/1533 1632/688/1107
f 1625/828/1108 1618/684/1533 598/683/1106
f 1622/1099/1109 1597/829/1109 1617/689/1109
f 1599/691/1109 1610/1100/1109 1613/690/1109
f 1613/690/1109 1617/689/1109 1599/691/1109
f 591/693/1098 1598/167/1098 1608/682/1098
f 1625/828/1108 1632/688/1107 1637/694/1111
f 589/167/1105 599/684/1105 1628/696/1105
f 605/1101/1104 1606/699/1112 1640/697/1114
f 1633/701/1117 1641/700/1115 1635/702/1117
f 1641/700/1115 1638/703/1118 608/704/1116
f 607/706/1125 601/705/1119 612/707/1121
f 1642/698/1113 1606/699/1112 1636/708/1123
f 609/709/1124 1630/681/1099 1634/710/1124
f 604/1102/1534 601/705/1119 610/711/1126
f 542/756/1129 613/837/1131 562/768/1132
f 559/774/1033 543/764/1018 1560/841/1135
f 451/847/1140 464/849/1141 473/852/1144
f 465/850/1142 451/847/1140 472/854/1146
f 934/1111/218 618/855/219 132/175/214
f 130/1110/200 131/171/1147 617/857/201
f 806/894/1535 1648/858/1149 809/860/1151
f 35/46/1536 34/45/1153 50/74/1152
f 792/40/1411 839/77/68 34/45/1153
f 50/74/1152 42/569/1537 35/46/1536
f 111/1060/181 841/52/180 922/151/1155
f 46/1112/1163 820/863/1150 619/862/772
f 619/862/772 48/1113/771 46/1112/1163
f 882/44/138 85/118/131 828/565/136
f 1659/883/1538 888/864/118 886/866/1156
f 1671/890/1193 1667/867/1157 664/869/1159
f 28/32/55 27/34/38 1656/49/56
f 39/563/1539 1651/870/1160 644/564/1162
f 820/859/1150 46/872/1163 809/860/1151
f 46/872/1163 825/877/1168 624/873/1164
f 816/896/1540 40/66/1170 1672/878/1172
f 1650/870/1541 1657/879/1173 1652/881/1175
f 627/901/1204 96/882/1176 623/883/1178
f 626/904/1211 829/884/1179 805/886/1181
f 1660/1114/53 815/887/47 1661/889/1183
f 812/66/1542 814/563/765 621/67/1184
f 1681/913/1280 628/562/764 1662/891/1189
f 834/68/75 1653/67/74 833/893/1191
f 1667/867/1157 1671/890/1193 633/858/1195
f 490/167/1199 492/684/1199 1466/166/1199
f 1674/919/1231 885/897/779 1673/899/1200
f 96/882/1176 646/902/1205 804/885/1207
f 95/884/1543 1676/905/1213 826/877/1215
f 644/564/1162 1665/871/1161 668/891/1218
f 1702/936/1257 672/893/1219 1712/909/1221
f 1684/930/1544 1689/910/1222 688/912/1224
f 1655/892/1545 1680/913/1225 1677/915/1227
f 1698/946/1278 1674/919/1231 1697/920/1232
f 643/871/1186 98/881/1185 669/907/1234
f 663/931/1246 635/880/1174 664/869/1159
f 1690/910/1288 887/866/1201 675/922/1235
f 1700/932/1283 1675/903/1206 1699/923/1236
f 626/904/1211 805/886/1181 654/925/1238
f 665/868/1359 639/867/1239 1695/926/1241
f 625/929/1244 1694/1115/1546 674/927/1242
f 1705/1116/1547 674/927/1242 1694/1115/1546
f 649/928/1243 32/1117/1548 625/929/1244
f 1685/934/1549 627/901/1204 1683/930/1245
f 1687/921/1550 1652/881/1175 663/931/1246
f 1679/924/1263 620/886/1208 670/932/1247
f 666/935/1254 1669/906/1214 1701/933/1248
f 621/67/1184 628/562/764 652/892/1250
f 646/902/1205 627/901/1204 671/923/1252
f 631/875/1551 642/906/1253 656/876/1167
f 623/883/1178 638/866/1255 1683/930/1245
f 1672/878/1172 647/68/1171 1702/936/1257
f 641/905/1212 626/904/1211 667/933/1258
f 1661/1118/1183 1664/895/1182 1693/938/1260
f 1692/937/1552 636/895/1196 673/936/1261
f 690/908/1553 677/915/1265 700/942/1267
f 1704/1119/1554 659/938/1268 1713/943/1270
f 1692/937/1552 673/936/1261 678/943/1272
f 668/891/1218 1666/907/1217 1682/914/1226
f 690/908/1553 833/893/1191 677/915/1265
f 1709/948/1284 661/934/1274 688/912/1224
f 689/949/1287 664/869/1159 676/917/1277
f 1706/1120/1555 1698/946/1278 1703/947/1279
f 1710/940/1286 1700/932/1283 1709/948/1284
f 1708/939/1262 654/925/1238 1710/940/1286
f 658/921/1556 663/931/1246 1714/944/1273
f 703/957/1301 693/952/1293 706/954/1295
f 1716/941/1557 1677/915/1227 697/955/1296
f 699/961/1305 689/949/1287 1719/916/1297
f 1712/909/1221 1711/908/1220 1720/956/1299
f 1718/965/1331 678/943/1272 701/956/1300
f 726/989/1336 693/952/1293 727/958/1302
f 1720/956/1299 1717/942/1298 1722/960/1304
f 709/968/1313 699/961/1305 702/962/1306
f 1716/941/1557 697/955/1296 1721/959/1303
f 665/868/1359 1695/926/1241 724/964/1309
f 1730/1021/1357 695/965/1310 708/966/1311
f 1710/940/1286 1709/948/1284 730/982/1328
f 730/982/1328 728/967/1312 1710/940/1286
f 699/961/1305 709/968/1313 697/955/1296
f 712/974/1319 1721/959/1303 714/972/1317
f 1714/944/1273 689/949/1287 699/961/1305
f 699/961/1305 697/955/1296 1714/944/1273
f 722/1121/1341 715/973/1318 719/975/1320
f 718/1122/1327 720/977/1322 721/976/1321
f 722/1123/1341 719/975/1320 720/977/1322
f 721/976/1321 717/988/1316 718/1122/1327
f 703/957/1301 706/954/1295 1723/979/1324
f 716/969/1314 709/968/1313 710/970/1315
f 711/979/1337 713/978/1326 718/981/1327
f 734/998/1345 730/982/1328 735/984/1330
f 719/975/1320 712/974/1319 721/976/1321
f 709/968/1313 716/985/1314 707/963/1308
f 712/974/1319 715/973/1318 1722/960/1304
f 708/966/1311 1722/960/1304 715/973/1318
f 624/873/1164 656/876/1167 723/950/1291
f 724/964/1309 809/860/1151 723/950/1291
f 693/952/1293 682/918/1230 696/953/1294
f 666/935/1254 1701/933/1248 681/987/1335
f 721/976/1321 714/972/1317 717/988/1316
f 692/916/1228 726/989/1336 702/962/1306
f 710/970/1315 727/958/1302 1723/979/1324
f 717/971/1316 710/970/1315 718/981/1327
f 1709/948/1284 688/912/1224 730/982/1328
f 733/1003/1350 729/990/1338 732/991/1340
f 739/1124/1346 715/992/1318 742/994/1342
f 698/997/1344 1726/1022/1329 1707/995/1223
f 688/1125/1224 1707/995/1223 1726/1022/1329
f 728/967/1312 730/982/1328 732/991/1340
f 734/998/1345 735/984/1330 1727/1000/1347
f 706/954/1295 744/1001/1348 1724/978/1323
f 1728/1002/1349 733/1003/1350 1729/1004/1351
f 738/1013/1356 739/1006/1346 741/1008/1355
f 713/1126/1326 737/1009/1352 720/1011/1322
f 732/991/1340 734/998/1345 1729/1012/1351
f 736/1127/1353 738/1013/1356 740/1014/1354
f 720/1017/1322 740/1128/1354 741/1129/1355
f 741/1129/1355 742/1015/1342 720/1017/1322
f 739/1130/1346 735/1018/1330 715/1020/1318
f 706/954/1295 696/953/1294 744/1001/1348
f 1704/1131/1554 1713/943/1270 1730/1021/1357
f 735/1018/1330 731/1022/1358 708/1019/1311
f 681/987/1335 679/939/1334 729/990/1338
f 682/918/1230 724/964/1309 725/951/1292
f 413/1026/1367 414/1023/1360 745/1024/1362
f 525/740/983 523/738/1363 1742/740/1365
f 1732/1028/1372 411/1025/1366 745/1024/1362
f 518/1031/1380 1733/1027/1368 519/745/990
f 1348/1029/1379 746/1028/1369 1739/1029/1371
f 756/747/1394 521/747/992 1748/746/1374
f 416/585/811 418/1030/1375 1735/585/812
f 1746/1024/1389 1731/1024/1377 1745/594/813
f 1738/591/1387 1368/591/1378 1739/575/1371
f 1743/742/1391 1518/742/988 1742/743/1365
f 1734/1033/1382 1733/1027/1368 516/1032/1381
f 1744/1034/1558 759/1132/1559 1750/1033/1385
f 758/1133/1560 1741/1035/1386 1750/1033/1385
f 1740/747/1561 764/746/1384 1741/1035/1386
f 1749/1027/1562 1750/1033/1385 764/746/1384
f 759/1132/1559 758/1133/1560 1750/1033/1385
f 420/592/807 1368/591/1378 1737/592/1388
f 746/1028/1369 1731/1024/1377 1747/1028/1370
f 760/725/1397 514/725/1390 1743/742/1391
f 748/746/991 750/1027/1392 1748/746/1374
f 523/738/1363 521/736/992 757/738/1364
f 766/1027/1393 750/1027/1392 765/1033/1396
f 418/1030/1375 420/588/807 1736/1030/1376
f 765/1033/1396 749/1033/1395 760/1034/1397
f 763/1024/1563 761/594/1564 762/1028/1399
f 752/1037/1400 762/1028/1399 761/594/1564
f 753/1036/1398 754/1134/1565 762/1028/1399
f 755/1029/1566 762/1028/1399 754/1134/1565
f 751/593/1567 752/1037/1400 761/594/1564
f 729/990/1338 733/1003/1350 743/986/1333
