v 0.000000 0.275644 0.224528
v 0.053775 0.270347 0.224528
v 0.105484 0.254661 0.224528
v 0.153139 0.229189 0.224528
v 0.194909 0.194909 0.224528
v 0.229189 0.153139 0.224528
v 0.254661 0.105484 0.224528
v 0.270347 0.053775 0.224528
v 0.275644 0.000000 0.224528
v 0.270347 -0.053775 0.224528
v 0.254661 -0.105484 0.224528
v 0.229189 -0.153139 0.224528
v 0.194909 -0.194909 0.224528
v 0.153139 -0.229189 0.224528
v 0.105484 -0.254661 0.224528
v 0.053775 -0.270347 0.224528
v -0.000000 -0.275643 0.224528
v -0.053775 -0.270347 0.224528
v -0.105484 -0.254661 0.224528
v -0.153139 -0.229189 0.224528
v -0.194910 -0.194909 0.224528
v -0.229189 -0.153139 0.224528
v -0.254662 -0.105484 0.224528
v -0.270347 -0.053775 0.224528
v -0.275643 0.000000 0.224528
v -0.270347 0.053776 0.224528
v -0.254661 0.105485 0.224528
v -0.229189 0.153140 0.224528
v -0.194909 0.194910 0.224528
v -0.153139 0.229189 0.224528
v -0.105484 0.254662 0.224528
v -0.053775 0.270347 0.224528
v 0.000000 0.026724 0.595906
v 0.005214 0.026211 0.595906
v 0.010227 0.024690 0.595906
v 0.014847 0.022220 0.595906
v 0.018897 0.018897 0.595906
v 0.022220 0.014847 0.595906
v 0.024690 0.010227 0.595906
v 0.026211 0.005214 0.595906
v 0.026724 0.000000 0.595906
v 0.026211 -0.005214 0.595906
v 0.024690 -0.010227 0.595906
v 0.022220 -0.014847 0.595906
v 0.018897 -0.018897 0.595906
v 0.014847 -0.022220 0.595906
v 0.010227 -0.024690 0.595906
v 0.005214 -0.026211 0.595906
v 0.000000 -0.026724 0.595906
v -0.005214 -0.026211 0.595906
v -0.010227 -0.024690 0.595906
v -0.014847 -0.022220 0.595906
v -0.018897 -0.018897 0.595906
v -0.022220 -0.014847 0.595906
v -0.024690 -0.010227 0.595906
v -0.026211 -0.005214 0.595906
v -0.026724 0.000000 0.595906
v -0.026211 0.005214 0.595906
v -0.024690 0.010227 0.595906
v -0.022220 0.014847 0.595906
v -0.018897 0.018897 0.595906
v -0.014847 0.022220 0.595906
v -0.010227 0.024690 0.595906
v -0.005214 0.026211 0.595906
v 0.000029 -0.578253 1.587264
v 0.044428 -0.577822 1.605650
v 0.062819 -0.576781 1.650037
v 0.058039 -0.576218 1.674059
v -0.024000 -0.575421 1.708031
v -0.044370 -0.575740 1.694424
v -0.057981 -0.576218 1.674059
v -0.044370 -0.577822 1.605650
v -0.024000 -0.578141 1.592042
v 0.006654 -0.724438 1.637500
v 0.000029 -0.724469 1.636183
v 0.012271 -0.724350 1.641252
v 0.016024 -0.724219 1.646867
v 0.017342 -0.724063 1.653491
v 0.016024 -0.723908 1.660114
v 0.012271 -0.723776 1.665729
v 0.006654 -0.723688 1.669481
v 0.000029 -0.723657 1.670799
v -0.006596 -0.723688 1.669481
v -0.012213 -0.723776 1.665729
v -0.015966 -0.723908 1.660114
v -0.017284 -0.724063 1.653491
v -0.015966 -0.724219 1.646867
v -0.012213 -0.724351 1.641252
v -0.006596 -0.724438 1.637500
v 0.062429 0.313851 0.000827
v 0.062429 0.313851 0.160827
v 0.122459 0.295642 0.000827
v 0.122459 0.295642 0.160827
v 0.177783 0.266070 0.000827
v 0.177783 0.266070 0.160827
v 0.226274 0.226274 0.000827
v 0.226274 0.226274 0.160827
v 0.266070 0.177783 0.000827
v 0.266070 0.177783 0.160827
v 0.295642 0.122459 0.000827
v 0.295642 0.122459 0.160827
v 0.313851 0.062429 0.000827
v 0.313851 0.062429 0.160827
v 0.313852 -0.062429 0.000827
v 0.313852 -0.062429 0.160827
v 0.295642 -0.122459 0.000827
v 0.295642 -0.122459 0.160827
v 0.266070 -0.177783 0.000827
v 0.266070 -0.177783 0.160827
v 0.226274 -0.226274 0.000827
v 0.226274 -0.226274 0.160827
v 0.177783 -0.266070 0.000827
v 0.177783 -0.266070 0.160827
v 0.122459 -0.295642 0.000827
v 0.122459 -0.295642 0.160827
v 0.062429 -0.313851 0.000827
v 0.062429 -0.313851 0.160827
v -0.062429 -0.313851 0.000827
v -0.062429 -0.313851 0.160827
v -0.122459 -0.295642 0.000827
v -0.122459 -0.295642 0.160827
v -0.177783 -0.266070 0.000827
v -0.177783 -0.266070 0.160827
v -0.226274 -0.226274 0.000827
v -0.226274 -0.226274 0.160827
v -0.266071 -0.177782 0.000827
v -0.266071 -0.177782 0.160827
v -0.295642 -0.122458 0.000827
v -0.295642 -0.122458 0.160827
v -0.313852 -0.062429 0.000827
v -0.313852 -0.062429 0.160827
v -0.313851 0.062429 0.000827
v -0.313851 0.062429 0.160827
v -0.295641 0.122459 0.000827
v -0.295641 0.122459 0.160827
v -0.266070 0.177783 0.000827
v -0.266070 0.177783 0.160827
v -0.226274 0.226275 0.000827
v -0.226274 0.226275 0.160827
v -0.177782 0.266071 0.000827
v -0.177782 0.266071 0.160827
v -0.122458 0.295642 0.000827
v -0.122458 0.295642 0.160827
v -0.062428 0.313852 0.000827
v -0.062428 0.313852 0.160827
v 0.000000 0.275644 0.167363
v 0.053775 0.270347 0.167363
v 0.105484 0.254661 0.167363
v 0.153139 0.229189 0.167363
v 0.194909 0.194909 0.167363
v 0.229189 0.153139 0.167363
v 0.254661 0.105484 0.167363
v 0.270347 0.053775 0.167363
v 0.275644 0.000000 0.167363
v 0.270347 -0.053775 0.167363
v 0.254661 -0.105484 0.167363
v 0.229189 -0.153139 0.167363
v 0.194909 -0.194909 0.167363
v 0.153139 -0.229189 0.167363
v 0.105484 -0.254661 0.167363
v 0.053775 -0.270347 0.167363
v -0.000000 -0.275643 0.167363
v -0.053775 -0.270347 0.167363
v -0.105484 -0.254661 0.167363
v -0.153139 -0.229189 0.167363
v -0.194910 -0.194909 0.167363
v -0.229189 -0.153139 0.167363
v -0.254662 -0.105484 0.167363
v -0.270347 -0.053775 0.167363
v -0.275643 0.000000 0.167363
v -0.270347 0.053776 0.167363
v -0.254661 0.105485 0.167363
v -0.229189 0.153140 0.167363
v -0.194909 0.194910 0.167363
v -0.153139 0.229189 0.167363
v -0.105484 0.254662 0.167363
v -0.053775 0.270347 0.167363
v -0.000000 0.320000 0.168690
v 0.062429 0.313851 0.168690
v 0.313851 0.062429 0.168690
v 0.320000 0.000000 0.168690
v 0.313852 -0.062429 0.168690
v 0.062429 -0.313851 0.168690
v -0.000000 -0.320000 0.168690
v -0.062429 -0.313851 0.168690
v -0.313852 -0.062429 0.168690
v -0.320000 0.000000 0.168690
v -0.313851 0.062429 0.168690
v -0.062428 0.313852 0.168690
v 0.000000 0.275644 0.213833
v 0.053775 0.270347 0.213833
v 0.270347 0.053775 0.213833
v 0.275644 0.000000 0.213833
v 0.270347 -0.053775 0.213833
v 0.053775 -0.270347 0.213833
v -0.000000 -0.275643 0.213833
v -0.053775 -0.270347 0.213833
v -0.270347 -0.053775 0.213833
v -0.275643 0.000000 0.213833
v -0.270347 0.053776 0.213833
v -0.053775 0.270347 0.213833
v 0.048438 0.633871 0.000827
v 0.633871 0.042447 0.000827
v 0.633871 -0.043056 0.001074
v 0.048438 -0.633871 0.000827
v -0.048438 -0.633871 0.000827
v -0.633871 -0.042447 0.000827
v -0.633871 0.042447 0.000827
v -0.048438 0.633871 0.000827
v 0.000000 0.633871 0.018914
v 0.048438 0.633871 0.018914
v 0.633871 0.042447 0.018914
v 0.633871 0.000000 0.018914
v 0.633871 -0.042447 0.018914
v 0.048438 -0.633871 0.018914
v -0.000000 -0.633871 0.018914
v -0.048438 -0.633871 0.018914
v -0.633871 -0.042447 0.018914
v -0.633871 0.000000 0.018914
v -0.633871 0.042447 0.018914
v -0.048438 0.633871 0.018914
v 0.000000 0.275644 0.224528
v 0.053775 0.270347 0.224528
v 0.105484 0.254661 0.224528
v 0.153139 0.229189 0.224528
v 0.194909 0.194909 0.224528
v 0.229189 0.153139 0.224528
v 0.254661 0.105484 0.224528
v 0.270347 0.053775 0.224528
v 0.275644 0.000000 0.224528
v 0.270347 -0.053775 0.224528
v 0.254661 -0.105484 0.224528
v 0.229189 -0.153139 0.224528
v 0.194909 -0.194909 0.224528
v 0.153139 -0.229189 0.224528
v 0.105484 -0.254661 0.224528
v 0.053775 -0.270347 0.224528
v -0.000000 -0.275643 0.224528
v -0.053775 -0.270347 0.224528
v -0.105484 -0.254661 0.224528
v -0.153139 -0.229189 0.224528
v -0.194910 -0.194909 0.224528
v -0.229189 -0.153139 0.224528
v -0.254662 -0.105484 0.224528
v -0.270347 -0.053775 0.224528
v -0.275643 0.000000 0.224528
v -0.270347 0.053776 0.224528
v -0.254661 0.105485 0.224528
v -0.229189 0.153140 0.224528
v -0.194909 0.194910 0.224528
v -0.153139 0.229189 0.224528
v -0.105484 0.254662 0.224528
v -0.053775 0.270347 0.224528
v -0.053999 0.245156 0.284135
v 0.053999 0.245156 0.284135
v -0.053999 0.208507 0.238996
v 0.053999 0.208507 0.238996
v -0.053999 0.163756 0.201874
v 0.053999 0.163756 0.201874
v -0.053999 0.112623 0.174195
v 0.053999 0.112623 0.174195
v -0.053999 0.057073 0.157024
v 0.053999 0.057073 0.157024
v -0.053999 -0.000760 0.151021
v 0.053999 -0.000760 0.151021
v -0.053999 -0.058653 0.156415
v 0.053999 -0.058653 0.156415
v -0.053999 -0.114381 0.173000
v 0.053999 -0.114381 0.173000
v -0.053999 -0.165803 0.200138
v 0.053999 -0.165803 0.200138
v -0.053999 -0.210943 0.236787
v 0.053999 -0.210943 0.236787
v -0.053999 -0.248065 0.281538
v 0.053999 -0.248065 0.281538
v -0.053999 -0.275743 0.332671
v 0.053999 -0.275743 0.332671
v -0.053999 -0.292914 0.388221
v 0.053999 -0.292914 0.388221
v -0.053999 -0.298918 0.446054
v 0.053999 -0.298918 0.446054
v -0.053999 -0.293524 0.503947
v 0.053999 -0.293524 0.503947
v -0.053999 -0.276939 0.559676
v 0.053999 -0.276939 0.559676
v -0.053999 -0.249801 0.611098
v 0.053999 -0.249801 0.611098
v -0.053999 -0.213152 0.656237
v 0.053999 -0.213152 0.656237
v -0.053999 -0.168401 0.693359
v 0.053999 -0.168401 0.693359
v -0.053999 -0.117268 0.721038
v 0.053999 -0.117268 0.721038
v -0.053999 -0.061717 0.738209
v 0.053999 -0.061717 0.738209
v -0.053999 -0.003884 0.744213
v 0.053999 -0.003884 0.744213
v -0.053999 0.054009 0.738818
v 0.053999 0.054009 0.738818
v -0.053999 0.109737 0.722233
v 0.053999 0.109737 0.722233
v -0.053999 0.161159 0.695095
v 0.053999 0.161159 0.695095
v -0.053999 0.206298 0.658446
v 0.053999 0.206298 0.658446
v -0.053999 0.243421 0.613695
v 0.053999 0.243421 0.613695
v -0.053999 0.271099 0.562562
v 0.053999 0.271099 0.562562
v -0.053999 0.288270 0.507011
v 0.053999 0.288270 0.507011
v -0.053999 0.294274 0.449178
v 0.053999 0.294274 0.449178
v -0.053999 0.288879 0.391285
v 0.053999 0.288879 0.391285
v -0.053999 0.272294 0.335557
v 0.053999 0.272294 0.335557
v 0.026673 0.432947 0.369973
v -0.001887 0.435288 0.364797
v -0.001887 0.096597 0.238707
v -0.001887 0.425091 0.387334
v 0.017206 0.095032 0.242167
v 0.017206 0.423526 0.390795
v 0.033392 0.090573 0.252021
v 0.033392 0.419067 0.400648
v 0.044208 0.083901 0.266768
v 0.044208 0.412395 0.415395
v 0.048005 0.076031 0.284163
v 0.048005 0.404525 0.432790
v 0.044208 0.068160 0.301558
v 0.044208 0.396654 0.450186
v 0.033392 0.061488 0.316305
v 0.033392 0.389982 0.464933
v 0.017206 0.057030 0.326159
v 0.017206 0.385523 0.474786
v -0.001887 0.055464 0.329619
v -0.001887 0.383958 0.478246
v -0.020980 0.057030 0.326159
v -0.020980 0.385523 0.474786
v -0.037166 0.061488 0.316305
v -0.037166 0.389982 0.464933
v -0.047981 0.068160 0.301558
v -0.047981 0.396654 0.450186
v -0.051779 0.076031 0.284163
v -0.051779 0.404525 0.432790
v -0.047981 0.083901 0.266768
v -0.047981 0.412395 0.415395
v -0.037166 0.090573 0.252021
v -0.037166 0.419067 0.400648
v -0.020980 0.095032 0.242167
v -0.020980 0.423526 0.390795
v 0.050884 0.426278 0.384712
v 0.067062 0.416297 0.406770
v 0.072743 0.404525 0.432790
v 0.067062 0.392752 0.458810
v 0.050884 0.382771 0.480869
v 0.026673 0.376102 0.495608
v -0.001887 0.373761 0.500784
v -0.030446 0.376102 0.495608
v -0.054658 0.382771 0.480869
v -0.070835 0.392752 0.458810
v -0.076516 0.404525 0.432790
v -0.070835 0.416297 0.406770
v -0.054658 0.426278 0.384712
v -0.030446 0.432947 0.369973
v 0.026672 0.762856 0.519241
v -0.001887 0.765198 0.514065
v 0.050884 0.756187 0.533980
v 0.067062 0.746207 0.556039
v 0.072742 0.734434 0.582058
v 0.067062 0.722661 0.608079
v 0.050884 0.712681 0.630137
v 0.026672 0.706012 0.644876
v -0.001887 0.703670 0.650052
v -0.030446 0.706012 0.644876
v -0.054658 0.712681 0.630137
v -0.070835 0.722661 0.608079
v -0.076516 0.734434 0.582058
v -0.070835 0.746207 0.556039
v -0.054658 0.756188 0.533980
v -0.030446 0.762856 0.519241
v 0.033507 1.085792 0.647244
v -0.001887 1.088694 0.640830
v 0.063512 1.077527 0.665511
v 0.083560 1.065159 0.692848
v 0.090601 1.050569 0.725094
v 0.083560 1.035979 0.757341
v 0.063512 1.023610 0.784678
v 0.033507 1.015346 0.802944
v -0.001887 1.012443 0.809358
v -0.037280 1.015346 0.802944
v -0.067286 1.023610 0.784678
v -0.087334 1.035979 0.757341
v -0.094375 1.050569 0.725094
v -0.087334 1.065159 0.692848
v -0.067286 1.077528 0.665511
v -0.037280 1.085792 0.647244
v 0.028411 0.267438 0.735776
v -0.000148 0.269780 0.730600
v -0.000148 -0.068911 0.604510
v -0.000148 0.259583 0.753138
v 0.018945 -0.070476 0.607970
v 0.018945 0.258017 0.756598
v 0.035131 -0.074935 0.617824
v 0.035131 0.253559 0.766452
v 0.045946 -0.081607 0.632571
v 0.045946 0.246887 0.781199
v 0.049744 -0.089477 0.649966
v 0.049744 0.239016 0.798594
v 0.045946 -0.097348 0.667361
v 0.045946 0.231146 0.815989
v 0.035131 -0.104020 0.682108
v 0.035131 0.224474 0.830736
v 0.018945 -0.108478 0.691962
v 0.018945 0.220015 0.840590
v -0.000148 -0.110044 0.695422
v -0.000148 0.218450 0.844050
v -0.019241 -0.108478 0.691962
v -0.019241 0.220015 0.840590
v -0.035427 -0.104020 0.682108
v -0.035427 0.224474 0.830736
v -0.046243 -0.097348 0.667361
v -0.046243 0.231146 0.815989
v -0.050040 -0.089477 0.649966
v -0.050040 0.239016 0.798594
v -0.046243 -0.081607 0.632571
v -0.046243 0.246887 0.781199
v -0.035427 -0.074935 0.617824
v -0.035427 0.253559 0.766452
v -0.019241 -0.070476 0.607970
v -0.019241 0.258017 0.756598
v 0.052623 0.260770 0.750515
v 0.068800 0.250789 0.772574
v 0.074481 0.239016 0.798594
v 0.068800 0.227244 0.824614
v 0.052623 0.217263 0.846672
v 0.028411 0.210594 0.861412
v -0.000148 0.208253 0.866587
v -0.028708 0.210594 0.861412
v -0.052919 0.217263 0.846672
v -0.069097 0.227244 0.824614
v -0.074777 0.239016 0.798594
v -0.069097 0.250789 0.772574
v -0.052919 0.260770 0.750515
v -0.028708 0.267438 0.735776
v 0.028411 0.597348 0.885044
v -0.000148 0.599690 0.879868
v 0.052623 0.590679 0.899783
v 0.068800 0.580699 0.921842
v 0.074481 0.568926 0.947862
v 0.068800 0.557153 0.973882
v 0.052623 0.547173 0.995941
v 0.028411 0.540504 1.010680
v -0.000148 0.538162 1.015855
v -0.028708 0.540504 1.010680
v -0.052919 0.547173 0.995941
v -0.069097 0.557153 0.973882
v -0.074778 0.568926 0.947862
v -0.069097 0.580699 0.921842
v -0.052919 0.590680 0.899783
v -0.028708 0.597348 0.885044
v 0.035245 0.920284 1.013048
v -0.000148 0.923186 1.006634
v 0.065250 0.912019 1.031314
v 0.085299 0.899651 1.058651
v 0.092339 0.885061 1.090898
v 0.085299 0.870471 1.123144
v 0.065250 0.858102 1.150481
v 0.035245 0.849837 1.168747
v -0.000148 0.846935 1.175161
v -0.035542 0.849837 1.168747
v -0.065547 0.858102 1.150481
v -0.085596 0.870471 1.123144
v -0.092636 0.885061 1.090897
v -0.085596 0.899651 1.058651
v -0.065547 0.912019 1.031314
v -0.035542 0.920284 1.013048
v -0.098253 0.839348 1.190075
v -0.098253 1.092046 0.627796
v 0.098253 1.092046 0.627796
v 0.098253 0.839348 1.190075
v -0.137093 1.200910 0.901716
v 0.137093 1.200910 0.901716
v -0.137093 1.170729 0.854925
v 0.137093 1.170729 0.854925
v -0.137093 1.124939 0.823246
v 0.137093 1.124939 0.823246
v -0.137093 1.070512 0.811501
v 0.137093 1.070512 0.811501
v -0.137093 1.015733 0.821479
v 0.137093 1.015733 0.821479
v -0.137093 0.968942 0.851660
v 0.137093 0.968942 0.851660
v -0.137093 0.937263 0.897450
v 0.137093 0.937263 0.897450
v -0.137093 0.925518 0.951877
v 0.137093 0.925518 0.951877
v -0.137093 0.935496 1.006656
v 0.137093 0.935496 1.006656
v -0.137093 0.965677 1.053447
v 0.137093 0.965677 1.053447
v -0.137093 1.011467 1.085126
v 0.137093 1.011467 1.085126
v -0.137093 1.065894 1.096871
v 0.137093 1.065894 1.096871
v -0.137093 1.120673 1.086893
v 0.137093 1.120673 1.086893
v -0.137093 1.167464 1.056712
v 0.137093 1.167464 1.056712
v -0.137093 1.199143 1.010922
v 0.137093 1.199143 1.010922
v -0.137093 1.210888 0.956495
v 0.137093 1.210888 0.956495
v -0.137093 1.167588 0.914890
v 0.137093 1.167588 0.914890
v -0.137093 1.144985 0.879848
v 0.137093 1.144985 0.879848
v -0.137093 1.110693 0.856123
v 0.137093 1.110693 0.856123
v -0.137093 1.069932 0.847328
v 0.137093 1.069932 0.847328
v -0.137093 1.028908 0.854800
v 0.137093 1.028908 0.854800
v -0.137093 0.993865 0.877403
v 0.137093 0.993865 0.877403
v -0.137093 0.970141 0.911696
v 0.137093 0.970141 0.911696
v -0.137093 0.961345 0.952457
v 0.137093 0.961345 0.952457
v -0.137093 0.968817 0.993481
v 0.137093 0.968817 0.993481
v -0.137093 0.991420 1.028523
v 0.137093 0.991420 1.028523
v -0.137093 1.025713 1.052248
v 0.137093 1.025713 1.052248
v -0.137093 1.066474 1.061044
v 0.137093 1.066474 1.061044
v -0.137093 1.107498 1.053571
v 0.137093 1.107498 1.053571
v -0.137093 1.142540 1.030968
v 0.137093 1.142540 1.030968
v -0.137093 1.166265 0.996676
v 0.137093 1.166265 0.996676
v -0.137093 1.175061 0.955915
v 0.137093 1.175061 0.955915
v -0.239290 1.118961 0.934117
v 0.239290 1.118961 0.934117
v -0.239290 1.107417 0.916221
v 0.239290 1.107417 0.916221
v -0.239290 1.089903 0.904104
v 0.239290 1.089903 0.904104
v -0.239290 1.069086 0.899612
v 0.239290 1.069086 0.899612
v -0.239290 1.048134 0.903428
v 0.239290 1.048134 0.903428
v -0.239290 1.030238 0.914972
v 0.239290 1.030238 0.914972
v -0.239290 1.018121 0.932485
v 0.239290 1.018121 0.932485
v -0.239290 1.013629 0.953303
v 0.239290 1.013629 0.953303
v -0.239290 1.017445 0.974254
v 0.239290 1.017445 0.974254
v -0.239290 1.028989 0.992151
v 0.239290 1.028989 0.992151
v -0.239290 1.046503 1.004268
v 0.239290 1.046503 1.004268
v -0.239290 1.067320 1.008760
v 0.239290 1.067320 1.008760
v -0.239290 1.088272 1.004944
v 0.239290 1.088272 1.004944
v -0.239290 1.106168 0.993400
v 0.239290 1.106168 0.993400
v -0.239290 1.118285 0.975886
v 0.239290 1.118285 0.975886
v -0.239290 1.122777 0.955069
v 0.239290 1.122777 0.955069
v 0.345868 1.036156 0.894673
v 0.345868 1.154671 0.950880
v 0.379953 0.701462 1.513192
v 0.379953 0.887497 1.601421
v 0.663615 0.837338 1.577633
v 0.663615 0.751620 1.536980
v 0.352198 0.980098 1.012425
v 0.352198 1.098960 1.068796
v 0.522030 1.065819 1.053079
v 0.522030 1.013239 1.028142
v 0.239117 1.056574 0.906430
v 0.239117 1.114021 0.933676
v 0.239117 1.021012 0.970387
v 0.239117 1.086998 1.001681
v -0.239538 1.086998 1.001681
v -0.239538 1.021012 0.970387
v -0.239538 1.114021 0.933676
v -0.239538 1.056574 0.906430
v -0.522451 1.013239 1.028142
v -0.522451 1.065819 1.053079
v -0.352618 1.098960 1.068796
v -0.352618 0.980098 1.012425
v -0.664036 0.751620 1.536980
v -0.664036 0.837338 1.577633
v -0.380374 0.887497 1.601421
v -0.380374 0.701462 1.513192
v -0.346289 1.154671 0.950880
v -0.346289 1.036156 0.894673
v -0.116075 0.768085 1.898851
v -0.214479 0.766543 1.833118
v -0.280230 0.764236 1.734742
v -0.303319 0.761515 1.618698
v -0.280230 0.758793 1.502655
v -0.214479 0.756486 1.404279
v -0.116075 0.754944 1.338546
v 0.465842 0.840014 1.445410
v -0.107239 0.812493 1.897810
v -0.198152 0.848598 1.831194
v -0.258899 0.871446 1.732227
v -0.280230 0.877558 1.615977
v -0.258899 0.866003 1.500141
v -0.198152 0.838541 1.402354
v -0.107239 0.799352 1.337504
v 0.465842 0.900547 1.487289
v -0.082077 0.850140 1.896927
v -0.151659 0.918161 1.829563
v -0.198152 0.962334 1.730096
v -0.214479 0.975934 1.613670
v -0.198152 0.956891 1.498009
v -0.151659 0.908104 1.400723
v -0.082077 0.836999 1.336621
v -0.000000 0.754403 1.315463
v 0.465842 0.940446 1.549146
v -0.044420 0.875295 1.896337
v -0.082077 0.964641 1.828472
v -0.107239 1.023064 1.728671
v -0.116075 1.041667 1.612128
v -0.107239 1.017621 1.496585
v -0.082077 0.954584 1.399633
v -0.044420 0.862154 1.336031
v -0.000000 0.768626 1.921933
v -0.000000 0.884128 1.896130
v 0.000000 0.980963 1.828090
v 0.000000 1.044389 1.728171
v 0.000000 1.064750 1.611587
v -0.000000 1.038946 1.496085
v 0.000000 0.970906 1.399250
v -0.000000 0.870987 1.335824
v 0.413110 0.954320 1.621574
v 0.044420 0.875295 1.896337
v 0.082077 0.964641 1.828472
v 0.107239 1.023064 1.728671
v 0.116075 1.041667 1.612128
v 0.107239 1.017621 1.496585
v 0.082077 0.954584 1.399633
v 0.044420 0.862154 1.336031
v 0.413110 0.938737 1.693787
v 0.082077 0.850140 1.896927
v 0.151659 0.918161 1.829563
v 0.198152 0.962334 1.730096
v 0.214479 0.975934 1.613670
v 0.198152 0.956891 1.498009
v 0.151659 0.908104 1.400723
v 0.082077 0.836999 1.336621
v 0.413110 0.896706 1.754540
v 0.107239 0.812493 1.897810
v 0.198152 0.848598 1.831194
v 0.258899 0.871446 1.732227
v 0.280230 0.877558 1.615977
v 0.258899 0.866003 1.500141
v 0.198152 0.838541 1.402354
v 0.107239 0.799352 1.337504
v 0.413110 0.834625 1.794583
v 0.116075 0.768085 1.898851
v 0.214479 0.766543 1.833118
v 0.280230 0.764236 1.734742
v 0.303319 0.761515 1.618698
v 0.280230 0.758793 1.502655
v 0.214479 0.756486 1.404279
v 0.116075 0.754944 1.338546
v 0.413110 0.761946 1.807822
v 0.107239 0.723677 1.899893
v 0.198152 0.684488 1.835043
v 0.258898 0.657026 1.737256
v 0.280230 0.645471 1.621420
v 0.258898 0.651583 1.505170
v 0.198152 0.674431 1.406203
v 0.107239 0.710537 1.339587
v 0.413110 0.689733 1.792239
v 0.082077 0.686030 1.900776
v 0.151659 0.614926 1.836674
v 0.198152 0.566138 1.739388
v 0.214478 0.547095 1.623727
v 0.198152 0.560695 1.507301
v 0.151659 0.604868 1.407834
v 0.082077 0.672889 1.340470
v 0.413110 0.628980 1.750208
v 0.044420 0.660875 1.901366
v 0.082077 0.568445 1.837764
v 0.107239 0.505409 1.740812
v 0.116075 0.481362 1.625269
v 0.107239 0.499966 1.508725
v 0.082077 0.558388 1.408924
v 0.044420 0.647735 1.341060
v 0.413110 0.588937 1.688127
v -0.000000 0.652042 1.901573
v -0.000000 0.552124 1.838147
v -0.000000 0.484084 1.741312
v -0.000000 0.458279 1.625810
v -0.000000 0.478640 1.509226
v -0.000000 0.542066 1.409307
v -0.000000 0.638901 1.341267
v 0.413110 0.575699 1.615448
v -0.044420 0.660875 1.901366
v -0.082078 0.568446 1.837764
v -0.107239 0.505409 1.740812
v -0.116075 0.481362 1.625269
v -0.107239 0.499966 1.508725
v -0.082078 0.558388 1.408924
v -0.044420 0.647735 1.341060
v 0.413110 0.591281 1.543236
v -0.082077 0.686030 1.900776
v -0.151659 0.614926 1.836674
v -0.198153 0.566138 1.739388
v -0.214479 0.547095 1.623727
v -0.198153 0.560695 1.507301
v -0.151659 0.604868 1.407834
v -0.082078 0.672890 1.340470
v 0.413110 0.633312 1.482483
v -0.107239 0.723677 1.899893
v -0.198152 0.684489 1.835043
v -0.258899 0.657027 1.737256
v -0.280230 0.645472 1.621420
v -0.258899 0.651583 1.505170
v -0.198153 0.674431 1.406203
v -0.107239 0.710537 1.339587
v 0.413110 0.695393 1.442439
v 0.413110 0.768072 1.429201
v 0.257508 0.874392 1.575263
v 0.413110 0.870977 1.465790
v 0.257508 0.849515 1.536696
v 0.413110 0.901038 1.486814
v 0.257508 0.811773 1.510585
v 0.413110 0.941082 1.548895
v 0.257508 0.766912 1.500904
v 0.465842 0.768061 1.429884
v 0.257508 0.721761 1.509128
v 0.465842 0.695644 1.443074
v 0.257508 0.683194 1.534005
v 0.465842 0.633787 1.482973
v 0.257508 0.657083 1.571747
v 0.465842 0.591908 1.543507
v 0.257508 0.647402 1.616608
v 0.465842 0.576382 1.615459
v 0.257508 0.655626 1.661759
v 0.465842 0.589572 1.687876
v 0.257508 0.680503 1.700326
v 0.465842 0.629471 1.749733
v 0.257508 0.718245 1.726438
v 0.465842 0.690005 1.791612
v 0.257508 0.763106 1.736118
v 0.465842 0.761957 1.807139
v 0.257508 0.808257 1.727894
v 0.465842 0.834374 1.793948
v 0.257508 0.846824 1.703017
v 0.465842 0.896231 1.754049
v 0.257508 0.872936 1.665275
v 0.465842 0.938110 1.693515
v 0.257508 0.882616 1.620414
v 0.465842 0.953637 1.621563
v 0.388353 0.882616 1.620414
v 0.671505 0.870105 1.576958
v 0.388353 0.872936 1.665275
v 0.671505 0.846204 1.539903
v 0.388353 0.846824 1.703017
v 0.671505 0.809941 1.514814
v 0.388353 0.808257 1.727894
v 0.671505 0.766838 1.505513
v 0.388353 0.763106 1.736118
v 0.671505 0.723456 1.513415
v 0.388353 0.718245 1.726438
v 0.671505 0.686400 1.537317
v 0.388353 0.680503 1.700326
v 0.671505 0.661312 1.573580
v 0.388353 0.655626 1.661759
v 0.671505 0.652011 1.616683
v 0.388353 0.647402 1.616608
v 0.671505 0.659913 1.660065
v 0.388353 0.657083 1.571747
v 0.671505 0.683815 1.697120
v 0.388353 0.683194 1.534005
v 0.671505 0.720078 1.722208
v 0.388353 0.721761 1.509128
v 0.671505 0.763181 1.731510
v 0.388353 0.766912 1.500904
v 0.671505 0.806563 1.723607
v 0.388353 0.811773 1.510585
v 0.671505 0.843618 1.699706
v 0.388353 0.849515 1.536696
v 0.671505 0.868706 1.663443
v 0.388353 0.874392 1.575263
v 0.671505 0.878007 1.620340
v 0.388353 0.918864 1.557680
v 0.388353 0.883873 1.503433
v 0.388353 0.857997 1.485407
v 0.388353 0.767686 1.453089
v 0.388353 0.704178 1.464657
v 0.388353 0.649931 1.499648
v 0.388353 0.613203 1.552734
v 0.388353 0.599587 1.615835
v 0.388353 0.611155 1.679343
v 0.388353 0.646146 1.733590
v 0.388353 0.699232 1.770317
v 0.388353 0.762333 1.783933
v 0.388353 0.825841 1.772366
v 0.388353 0.880088 1.737375
v 0.388353 0.916815 1.684288
v 0.388353 0.930431 1.621188
v 0.368078 0.820676 1.298938
v 0.368078 0.977972 1.373538
v 0.603038 0.935094 1.353202
v 0.603038 0.863554 1.319273
v 0.379953 0.835952 1.576976
v 0.368078 0.934390 1.352868
v 0.368078 0.864970 1.319945
v 0.379953 0.753849 1.538037
v 0.315819 0.835565 1.577793
v 0.349445 0.934002 1.353685
v 0.349445 0.864583 1.320762
v 0.315819 0.753462 1.538854
v -0.466262 0.840014 1.445410
v -0.466262 0.900547 1.487289
v -0.466262 0.940446 1.549146
v -0.413530 0.954320 1.621574
v -0.413530 0.938737 1.693787
v -0.413530 0.896706 1.754540
v -0.413530 0.834625 1.794583
v -0.413530 0.761946 1.807822
v -0.413530 0.689733 1.792239
v -0.413530 0.628980 1.750208
v -0.413530 0.588937 1.688127
v -0.413530 0.575699 1.615448
v -0.413530 0.591281 1.543236
v -0.413530 0.633312 1.482483
v -0.413530 0.695393 1.442439
v -0.413530 0.768072 1.429201
v -0.257929 0.874392 1.575263
v -0.413530 0.870976 1.465789
v -0.257929 0.849515 1.536696
v -0.413530 0.901038 1.486814
v -0.257929 0.811773 1.510585
v -0.413530 0.941082 1.548895
v -0.257929 0.766912 1.500905
v -0.466262 0.768061 1.429884
v -0.257929 0.721761 1.509129
v -0.466262 0.695644 1.443074
v -0.257929 0.683194 1.534005
v -0.466262 0.633787 1.482973
v -0.257929 0.657083 1.571747
v -0.466262 0.591908 1.543507
v -0.257929 0.647402 1.616608
v -0.466262 0.576382 1.615459
v -0.257929 0.655626 1.661759
v -0.466262 0.589572 1.687876
v -0.257929 0.680503 1.700326
v -0.466262 0.629471 1.749733
v -0.257929 0.718245 1.726438
v -0.466262 0.690005 1.791612
v -0.257929 0.763106 1.736118
v -0.466262 0.761957 1.807139
v -0.257929 0.808257 1.727894
v -0.466262 0.834374 1.793949
v -0.257929 0.846824 1.703017
v -0.466262 0.896231 1.754049
v -0.257929 0.872936 1.665275
v -0.466262 0.938110 1.693515
v -0.257929 0.882616 1.620414
v -0.466262 0.953637 1.621563
v -0.388773 0.882616 1.620414
v -0.671926 0.870105 1.576958
v -0.388773 0.872936 1.665276
v -0.671926 0.846204 1.539903
v -0.388773 0.846824 1.703017
v -0.671926 0.809941 1.514814
v -0.388773 0.808257 1.727894
v -0.671926 0.766838 1.505513
v -0.388773 0.763106 1.736118
v -0.671926 0.723456 1.513415
v -0.388773 0.718245 1.726438
v -0.671926 0.686400 1.537317
v -0.388773 0.680503 1.700326
v -0.671926 0.661312 1.573580
v -0.388773 0.655626 1.661759
v -0.671926 0.652011 1.616683
v -0.388773 0.647402 1.616608
v -0.671926 0.659913 1.660065
v -0.388773 0.657083 1.571747
v -0.671926 0.683815 1.697121
v -0.388773 0.683194 1.534005
v -0.671926 0.720078 1.722208
v -0.388773 0.721761 1.509129
v -0.671926 0.763181 1.731510
v -0.388773 0.766912 1.500905
v -0.671926 0.806563 1.723608
v -0.388773 0.811773 1.510585
v -0.671926 0.843618 1.699706
v -0.388773 0.849515 1.536696
v -0.671926 0.868706 1.663443
v -0.388773 0.874392 1.575263
v -0.671926 0.878007 1.620340
v -0.388773 0.918864 1.557680
v -0.388773 0.883873 1.503433
v -0.388773 0.857996 1.485407
v -0.388773 0.767686 1.453090
v -0.388773 0.704178 1.464657
v -0.388773 0.649931 1.499648
v -0.388773 0.613203 1.552734
v -0.388773 0.599587 1.615835
v -0.388773 0.611155 1.679343
v -0.388773 0.646146 1.733590
v -0.388773 0.699232 1.770317
v -0.388773 0.762333 1.783933
v -0.388773 0.825841 1.772366
v -0.388773 0.880088 1.737375
v -0.388773 0.916815 1.684288
v -0.388773 0.930431 1.621188
v -0.368498 0.820676 1.298938
v -0.368498 0.977972 1.373538
v -0.603459 0.935094 1.353202
v -0.603459 0.863554 1.319274
v -0.380374 0.835952 1.576976
v -0.368498 0.934390 1.352868
v -0.368498 0.864970 1.319945
v -0.380374 0.753849 1.538037
v -0.316240 0.835565 1.577793
v -0.349866 0.934002 1.353685
v -0.349866 0.864583 1.320762
v -0.316240 0.753462 1.538854
v 0.035950 -0.312890 1.557103
v 0.000029 -0.313058 1.549960
v 0.000029 0.115908 1.502879
v 0.000029 0.534567 1.454080
v 0.050113 0.116141 1.512838
v 0.065026 0.534870 1.467005
v 0.092573 0.116807 1.541201
v 0.120129 0.535734 1.503813
v 0.120943 0.117802 1.583648
v 0.156947 0.537025 1.558899
v 0.130906 0.118976 1.633719
v 0.169875 0.538549 1.623879
v 0.120943 0.120151 1.683790
v 0.156947 0.540073 1.688859
v 0.092573 0.121146 1.726237
v 0.120129 0.541365 1.743946
v 0.050113 0.121811 1.754600
v 0.065026 0.542229 1.780753
v 0.000029 0.122045 1.764560
v 0.000029 0.542532 1.793679
v -0.050055 0.121811 1.754600
v -0.064968 0.542229 1.780753
v -0.092515 0.121146 1.726237
v -0.120070 0.541365 1.743946
v -0.120885 0.120151 1.683790
v -0.156889 0.540073 1.688859
v -0.130848 0.118976 1.633719
v -0.169817 0.538549 1.623879
v -0.120885 0.117802 1.583648
v -0.156889 0.537026 1.558900
v -0.092515 0.116807 1.541201
v -0.120070 0.535734 1.503813
v -0.050055 0.116141 1.512838
v -0.064968 0.534870 1.467005
v 0.066402 -0.312413 1.577445
v 0.086750 -0.311699 1.607889
v 0.093895 -0.310857 1.643800
v 0.086750 -0.310015 1.679711
v 0.066402 -0.309301 1.710155
v 0.035950 -0.308824 1.730497
v 0.000029 -0.308656 1.737640
v -0.035892 -0.308824 1.730497
v -0.066344 -0.309301 1.710155
v -0.086692 -0.310015 1.679711
v -0.093837 -0.310857 1.643800
v -0.086692 -0.311699 1.607889
v -0.066344 -0.312413 1.577445
v -0.035892 -0.312890 1.557103
v 0.027134 -0.312391 1.578381
v 0.000029 -0.312518 1.572991
v 0.050112 -0.312031 1.593730
v 0.065466 -0.311493 1.616702
v 0.070858 -0.310857 1.643800
v 0.065466 -0.310222 1.670898
v 0.050112 -0.309683 1.693870
v 0.027134 -0.309323 1.709219
v 0.000029 -0.309197 1.714609
v -0.027076 -0.309323 1.709219
v -0.050055 -0.309683 1.693870
v -0.065408 -0.310222 1.670898
v -0.070800 -0.310857 1.643800
v -0.065408 -0.311493 1.616702
v -0.050055 -0.312031 1.593730
v -0.027076 -0.312391 1.578381
v 0.027134 -0.546097 1.583862
v 0.000029 -0.546224 1.578472
v 0.050112 -0.545737 1.599211
v 0.065466 -0.545199 1.622183
v 0.070858 -0.544563 1.649281
v 0.065466 -0.543928 1.676379
v 0.050112 -0.543389 1.699351
v 0.027134 -0.543029 1.714700
v 0.000029 -0.542903 1.720090
v -0.027076 -0.543029 1.714700
v -0.050055 -0.543389 1.699351
v -0.065408 -0.543928 1.676379
v -0.070800 -0.544563 1.649281
v -0.065408 -0.545199 1.622183
v -0.050055 -0.545737 1.599211
v -0.027076 -0.546097 1.583862
v 0.024057 -0.578141 1.592042
v 0.058039 -0.577345 1.626015
v 0.044428 -0.575740 1.694424
v 0.024057 -0.575421 1.708031
v 0.000029 -0.575309 1.712809
v -0.062761 -0.576781 1.650037
v -0.057981 -0.577345 1.626015
v -0.136250 0.653398 1.822800
v -0.126151 0.178573 1.834100
v -0.111446 0.653282 1.817868
v -0.102264 0.156685 1.829666
v -0.090418 0.652953 1.803821
v -0.083551 0.131439 1.816168
v -0.076368 0.652460 1.782799
v -0.072862 0.106679 1.795662
v -0.071434 0.651878 1.758002
v -0.071822 0.086173 1.771269
v -0.076368 0.651297 1.733204
v -0.080592 0.073044 1.746703
v -0.090418 0.650804 1.712182
v -0.097834 0.069291 1.725704
v -0.111446 0.650474 1.698136
v -0.120926 0.075484 1.711469
v -0.136250 0.650359 1.693203
v -0.146350 0.090681 1.706165
v -0.161054 0.650474 1.698136
v -0.170237 0.112569 1.710599
v -0.182082 0.650804 1.712182
v -0.188949 0.137815 1.724097
v -0.196133 0.651297 1.733204
v -0.199639 0.162575 1.744603
v -0.201067 0.651878 1.758002
v -0.200678 0.183081 1.768996
v -0.196133 0.652460 1.782799
v -0.191909 0.196210 1.793562
v -0.182082 0.652953 1.803821
v -0.174666 0.199963 1.814561
v -0.161054 0.653282 1.817868
v -0.151575 0.193770 1.828796
v 0.137793 0.653398 1.822800
v 0.127693 0.178573 1.834100
v 0.112989 0.653282 1.817868
v 0.103807 0.156685 1.829666
v 0.091961 0.652953 1.803821
v 0.085094 0.131439 1.816168
v 0.077911 0.652460 1.782799
v 0.074404 0.106679 1.795662
v 0.072977 0.651878 1.758002
v 0.073365 0.086173 1.771269
v 0.077911 0.651297 1.733204
v 0.082134 0.073044 1.746703
v 0.091961 0.650804 1.712182
v 0.099377 0.069291 1.725704
v 0.112989 0.650474 1.698136
v 0.122468 0.075484 1.711469
v 0.137793 0.650358 1.693203
v 0.147893 0.090681 1.706165
v 0.162597 0.650474 1.698136
v 0.171779 0.112569 1.710599
v 0.183625 0.650804 1.712182
v 0.190492 0.137815 1.724097
v 0.197675 0.651297 1.733204
v 0.201182 0.162575 1.744603
v 0.202609 0.651878 1.758002
v 0.202221 0.183081 1.768996
v 0.197675 0.652460 1.782799
v 0.193452 0.196210 1.793562
v 0.183625 0.652953 1.803821
v 0.176209 0.199963 1.814561
v 0.162597 0.653282 1.817868
v 0.153118 0.193770 1.828796
v -0.136250 0.643888 1.417320
v -0.126151 0.169055 1.428292
v -0.111446 0.644004 1.422253
v -0.102264 0.147400 1.433748
v -0.090418 0.644334 1.436300
v -0.083551 0.122814 1.448415
v -0.076368 0.644827 1.457322
v -0.072862 0.099043 1.470059
v -0.071434 0.645408 1.482119
v -0.071822 0.079703 1.495386
v -0.076368 0.645990 1.506916
v -0.080592 0.067740 1.520541
v -0.090418 0.646483 1.527938
v -0.097834 0.064975 1.541692
v -0.111446 0.646812 1.541985
v -0.120926 0.071829 1.555621
v -0.136250 0.646928 1.546917
v -0.146350 0.087258 1.560208
v -0.161054 0.646812 1.541985
v -0.170237 0.108914 1.554752
v -0.182082 0.646483 1.527938
v -0.188949 0.133499 1.540085
v -0.196133 0.645990 1.506916
v -0.199639 0.157271 1.518441
v -0.201067 0.645408 1.482119
v -0.200678 0.176610 1.493114
v -0.196133 0.644827 1.457322
v -0.191909 0.188573 1.467959
v -0.182082 0.644334 1.436300
v -0.174666 0.191338 1.446808
v -0.161054 0.644004 1.422253
v -0.151575 0.184484 1.432878
v 0.137793 0.643888 1.417320
v 0.127693 0.169055 1.428292
v 0.112989 0.644004 1.422253
v 0.103807 0.147400 1.433748
v 0.091961 0.644334 1.436300
v 0.085094 0.122814 1.448415
v 0.077911 0.644826 1.457322
v 0.074404 0.099043 1.470059
v 0.072977 0.645408 1.482119
v 0.073365 0.079703 1.495386
v 0.077911 0.645990 1.506916
v 0.082134 0.067740 1.520541
v 0.091961 0.646483 1.527938
v 0.099377 0.064975 1.541692
v 0.112989 0.646812 1.541985
v 0.122468 0.071829 1.555621
v 0.137793 0.646928 1.546917
v 0.147893 0.087258 1.560208
v 0.162597 0.646812 1.541985
v 0.171779 0.108914 1.554752
v 0.183625 0.646483 1.527938
v 0.190492 0.133499 1.540085
v 0.197675 0.645990 1.506916
v 0.201182 0.157271 1.518441
v 0.202609 0.645408 1.482119
v 0.202221 0.176610 1.493114
v 0.197675 0.644826 1.457322
v 0.193452 0.188573 1.467959
v 0.183625 0.644334 1.436300
v 0.176209 0.191338 1.446808
v 0.162597 0.644004 1.422253
v 0.153118 0.184484 1.432878
v 0.671505 0.830571 1.555037
v 0.671505 0.849871 1.584958
v 0.671505 0.801290 1.534779
v 0.671505 0.766486 1.527269
v 0.671505 0.731456 1.533649
v 0.671505 0.701535 1.552949
v 0.671505 0.681277 1.582230
v 0.671505 0.673767 1.617035
v 0.671505 0.680147 1.652064
v 0.671505 0.699447 1.681986
v 0.671505 0.728728 1.702243
v 0.671505 0.763533 1.709754
v 0.671505 0.798562 1.703374
v 0.671505 0.828484 1.684074
v 0.671505 0.848741 1.654792
v 0.671505 0.856252 1.619988
v -0.671926 0.830571 1.555037
v -0.671926 0.849871 1.584958
v -0.671926 0.801290 1.534779
v -0.671926 0.766486 1.527269
v -0.671926 0.731456 1.533649
v -0.671926 0.701535 1.552949
v -0.671926 0.681277 1.582230
v -0.671926 0.673767 1.617035
v -0.671926 0.680147 1.652065
v -0.671926 0.699447 1.681986
v -0.671926 0.728728 1.702243
v -0.671926 0.763533 1.709754
v -0.671926 0.798562 1.703374
v -0.671926 0.828484 1.684074
v -0.671926 0.848741 1.654792
v -0.671926 0.856252 1.619988
v 0.665722 0.830571 1.555037
v 0.665722 0.849871 1.584958
v 0.665722 0.801290 1.534779
v 0.665722 0.766486 1.527269
v 0.665722 0.731456 1.533649
v 0.665722 0.701535 1.552949
v 0.665722 0.681277 1.582230
v 0.665722 0.673767 1.617035
v 0.665722 0.680147 1.652064
v 0.665722 0.699447 1.681986
v 0.665722 0.728728 1.702243
v 0.665722 0.763533 1.709754
v 0.665722 0.798562 1.703374
v 0.665722 0.828484 1.684074
v 0.665722 0.848741 1.654792
v 0.665722 0.856252 1.619988
v -0.666143 0.830571 1.555037
v -0.666143 0.849871 1.584958
v -0.666143 0.801290 1.534779
v -0.666143 0.766486 1.527269
v -0.666143 0.731456 1.533649
v -0.666143 0.701535 1.552949
v -0.666143 0.681277 1.582230
v -0.666143 0.673767 1.617035
v -0.666143 0.680147 1.652065
v -0.666143 0.699447 1.681986
v -0.666143 0.728728 1.702243
v -0.666143 0.763533 1.709754
v -0.666143 0.798562 1.703374
v -0.666143 0.828484 1.684074
v -0.666143 0.848741 1.654792
v -0.666143 0.856252 1.619988
v 0.665722 0.816600 1.568563
v 0.665722 0.831788 1.592108
v 0.665722 0.793559 1.552622
v 0.665722 0.766171 1.546712
v 0.665722 0.738606 1.551733
v 0.665722 0.715061 1.566920
v 0.665722 0.699120 1.589962
v 0.665722 0.693210 1.617350
v 0.665722 0.698231 1.644914
v 0.665722 0.713418 1.668460
v 0.665722 0.736459 1.684400
v 0.665722 0.763848 1.690311
v 0.665722 0.791412 1.685290
v 0.665722 0.814958 1.670103
v 0.665722 0.830899 1.647061
v 0.665722 0.836809 1.619673
v -0.666143 0.816600 1.568563
v -0.666143 0.831788 1.592108
v -0.666143 0.793559 1.552622
v -0.666143 0.766171 1.546712
v -0.666143 0.738606 1.551733
v -0.666143 0.715061 1.566920
v -0.666143 0.699120 1.589962
v -0.666143 0.693210 1.617350
v -0.666143 0.698231 1.644915
v -0.666143 0.713418 1.668460
v -0.666143 0.736459 1.684401
v -0.666143 0.763848 1.690311
v -0.666143 0.791412 1.685290
v -0.666143 0.814958 1.670103
v -0.666143 0.830899 1.647061
v -0.666143 0.836809 1.619673
v 0.671642 0.810355 1.574610
v 0.671642 0.823704 1.595305
v 0.671642 0.790103 1.560598
v 0.671642 0.766030 1.555404
v 0.671642 0.741802 1.559817
v 0.671642 0.721108 1.573166
v 0.671642 0.707096 1.593418
v 0.671642 0.701902 1.617490
v 0.671642 0.706315 1.641718
v 0.671642 0.719664 1.662413
v 0.671642 0.739916 1.676424
v 0.671642 0.763988 1.681619
v 0.671642 0.788216 1.677206
v 0.671642 0.808911 1.663857
v 0.671642 0.822922 1.643605
v 0.671642 0.828117 1.619533
v -0.672062 0.810355 1.574610
v -0.672062 0.823704 1.595305
v -0.672062 0.790103 1.560598
v -0.672062 0.766030 1.555404
v -0.672062 0.741802 1.559817
v -0.672062 0.721108 1.573166
v -0.672062 0.707096 1.593418
v -0.672062 0.701902 1.617490
v -0.672062 0.706315 1.641718
v -0.672062 0.719664 1.662413
v -0.672062 0.739916 1.676424
v -0.672062 0.763988 1.681619
v -0.672062 0.788216 1.677206
v -0.672062 0.808911 1.663857
v -0.672062 0.822922 1.643605
v -0.672062 0.828117 1.619533
v -0.107541 0.144243 1.820634
v -0.127719 0.162732 1.824380
v -0.091733 0.122917 1.809232
v -0.082703 0.102001 1.791910
v -0.081825 0.084679 1.771304
v -0.089233 0.073588 1.750552
v -0.103799 0.070418 1.732813
v -0.123305 0.075649 1.720788
v -0.144782 0.088487 1.716308
v -0.164960 0.106976 1.720054
v -0.180767 0.128302 1.731456
v -0.189797 0.149219 1.748778
v -0.190675 0.166541 1.769384
v -0.183267 0.177631 1.790136
v -0.168702 0.180802 1.807874
v -0.149196 0.175570 1.819899
v 0.109083 0.144243 1.820634
v 0.129261 0.162732 1.824380
v 0.093276 0.122917 1.809232
v 0.084246 0.102001 1.791910
v 0.083368 0.084679 1.771304
v 0.090776 0.073588 1.750552
v 0.105341 0.070418 1.732813
v 0.124848 0.075649 1.720788
v 0.146325 0.088487 1.716308
v 0.166503 0.106976 1.720054
v 0.182310 0.128303 1.731456
v 0.191340 0.149219 1.748778
v 0.192218 0.166541 1.769384
v 0.184810 0.177631 1.790136
v 0.170244 0.180802 1.807874
v 0.150738 0.175570 1.819899
v -0.107541 0.135395 1.443353
v -0.127719 0.153688 1.438744
v -0.091733 0.114626 1.455743
v -0.082703 0.094546 1.474026
v -0.081825 0.078209 1.495422
v -0.089233 0.068103 1.516670
v -0.103799 0.065768 1.534538
v -0.123305 0.071557 1.546304
v -0.144782 0.084591 1.550179
v -0.164960 0.102884 1.545570
v -0.180767 0.123652 1.533180
v -0.189797 0.143734 1.514896
v -0.190675 0.160070 1.493502
v -0.183268 0.170176 1.472252
v -0.168702 0.172511 1.454385
v -0.149196 0.166722 1.442618
v 0.109083 0.135395 1.443353
v 0.129261 0.153688 1.438744
v 0.093276 0.114626 1.455743
v 0.084246 0.094546 1.474026
v 0.083368 0.078209 1.495422
v 0.090776 0.068103 1.516670
v 0.105341 0.065768 1.534538
v 0.124848 0.071557 1.546304
v 0.146325 0.084591 1.550179
v 0.166503 0.102884 1.545570
v 0.182310 0.123652 1.533180
v 0.191340 0.143734 1.514896
v 0.192218 0.160070 1.493502
v 0.184810 0.170176 1.472252
v 0.170244 0.172511 1.454385
v 0.150738 0.166722 1.442618
v -0.062329 0.233816 0.291627
v -0.062329 0.198846 0.248556
v 0.062329 0.198846 0.248556
v 0.062329 0.233816 0.291627
v -0.062329 0.156146 0.213135
v 0.062329 0.156146 0.213135
v -0.062329 0.107356 0.186725
v 0.062329 0.107356 0.186725
v -0.062329 0.054351 0.170340
v 0.062329 0.054351 0.170340
v -0.062329 -0.000832 0.164612
v 0.062329 -0.000832 0.164612
v -0.062329 -0.056072 0.169759
v 0.062329 -0.056072 0.169759
v -0.062329 -0.109246 0.185584
v 0.062329 -0.109246 0.185584
v -0.062329 -0.158312 0.211478
v 0.062329 -0.158312 0.211478
v -0.062329 -0.201383 0.246448
v 0.062329 -0.201383 0.246448
v -0.062329 -0.236804 0.289148
v 0.062329 -0.236804 0.289148
v -0.062329 -0.263214 0.337938
v 0.062329 -0.263214 0.337938
v -0.062329 -0.279598 0.390943
v 0.062329 -0.279598 0.390943
v -0.062329 -0.285327 0.446126
v 0.062329 -0.285327 0.446126
v -0.062329 -0.280180 0.501366
v 0.062329 -0.280180 0.501366
v -0.062329 -0.264355 0.554541
v 0.062329 -0.264355 0.554541
v -0.062329 -0.238460 0.603606
v 0.062329 -0.238460 0.603606
v -0.062329 -0.203491 0.646677
v 0.062329 -0.203491 0.646677
v -0.062329 -0.160790 0.682099
v 0.062329 -0.160790 0.682099
v -0.062329 -0.112000 0.708509
v 0.062329 -0.112000 0.708509
v -0.062329 -0.058995 0.724893
v 0.062329 -0.058995 0.724893
v -0.062329 -0.003813 0.730621
v 0.062329 -0.003813 0.730621
v -0.062329 0.051428 0.725474
v 0.062329 0.051428 0.725474
v -0.062329 0.104602 0.709649
v 0.062329 0.104602 0.709649
v -0.062329 0.153668 0.683754
v 0.062329 0.153668 0.683754
v -0.062329 0.196739 0.648785
v 0.062329 0.196739 0.648785
v -0.062329 0.232160 0.606085
v 0.062329 0.232160 0.606085
v -0.062329 0.258570 0.557295
v 0.062329 0.258570 0.557295
v -0.062329 0.274954 0.504290
v 0.062329 0.274954 0.504290
v -0.062329 0.280683 0.449107
v 0.062329 0.280683 0.449107
v -0.062329 0.275535 0.393867
v 0.062329 0.275535 0.393867
v -0.062329 0.259710 0.340692
v 0.062329 0.259710 0.340692
v -0.082615 1.055199 1.212844
v -0.082109 1.065060 1.207173
v -0.082109 1.249309 0.796716
v -0.082606 1.247256 0.785306
v 0.082606 1.247256 0.785306
v 0.082109 1.249309 0.796716
v 0.082109 1.065060 1.207173
v 0.082615 1.055199 1.212844
v 0.491453 1.116093 0.940234
v 0.482620 1.120677 0.934758
v 0.482620 1.070150 0.910795
v 0.491453 1.068810 0.917810
v -0.491873 1.068810 0.917810
v -0.483041 1.070150 0.910795
v -0.483041 1.120677 0.934758
v -0.491873 1.116093 0.940234
v -0.006596 -0.724438 1.637500
v 0.000029 -0.724469 1.636183
v -0.012213 -0.724351 1.641252
v -0.015966 -0.724219 1.646867
v -0.017284 -0.724063 1.653491
v -0.015966 -0.723908 1.660114
v -0.012213 -0.723776 1.665729
v -0.006596 -0.723688 1.669481
v 0.000029 -0.723657 1.670799
v 0.006654 -0.723688 1.669481
v 0.012271 -0.723776 1.665729
v 0.016024 -0.723908 1.660114
v 0.017342 -0.724063 1.653491
v 0.016024 -0.724219 1.646867
v 0.012271 -0.724350 1.641252
v 0.006654 -0.724438 1.637500
v -0.633871 -0.042447 0.018914
v -0.633871 -0.042447 0.018914
v -0.313852 -0.062429 0.168690
v 0.062429 0.313851 0.160827
v 0.062429 0.313851 0.160827
v 0.062429 0.313851 0.000827
v 0.062429 0.313851 0.000827
v 0.122459 0.295642 0.000827
v 0.122459 0.295642 0.160827
v 0.177783 0.266070 0.000827
v 0.177783 0.266070 0.160827
v 0.226274 0.226274 0.000827
v 0.226274 0.226274 0.160827
v 0.266070 0.177783 0.000827
v 0.266070 0.177783 0.160827
v 0.295642 0.122459 0.000827
v 0.295642 0.122459 0.160827
v 0.313851 0.062429 0.000827
v 0.313851 0.062429 0.000827
v 0.313851 0.062429 0.160827
v 0.313851 0.062429 0.160827
v 0.062429 -0.313851 0.000827
v 0.062429 -0.313851 0.000827
v 0.048438 -0.633871 0.000827
v 0.048438 -0.633871 0.000827
v -0.048438 0.633871 0.018914
v -0.048438 0.633871 0.018914
v -0.062428 0.313852 0.168690
v 0.313852 -0.062429 0.160827
v 0.313852 -0.062429 0.160827
v 0.313852 -0.062429 0.000827
v 0.313852 -0.062429 0.000827
v 0.295642 -0.122459 0.000827
v 0.295642 -0.122459 0.160827
v 0.266070 -0.177783 0.000827
v 0.266070 -0.177783 0.160827
v 0.226274 -0.226274 0.000827
v 0.226274 -0.226274 0.160827
v 0.177783 -0.266070 0.000827
v 0.177783 -0.266070 0.160827
v 0.122459 -0.295642 0.000827
v 0.122459 -0.295642 0.160827
v 0.062429 -0.313851 0.160827
v 0.062429 -0.313851 0.160827
v 0.313851 0.062429 0.168690
v 0.633871 0.042447 0.018914
v 0.633871 0.042447 0.018914
v -0.313852 -0.062429 0.000827
v -0.313852 -0.062429 0.000827
v -0.633871 -0.042447 0.000827
v -0.633871 -0.042447 0.000827
v -0.062429 -0.313851 0.160827
v -0.062429 -0.313851 0.160827
v -0.062429 -0.313851 0.000827
v -0.062429 -0.313851 0.000827
v -0.122459 -0.295642 0.000827
v -0.122459 -0.295642 0.160827
v -0.177783 -0.266070 0.000827
v -0.177783 -0.266070 0.160827
v -0.226274 -0.226274 0.000827
v -0.226274 -0.226274 0.160827
v -0.266071 -0.177782 0.000827
v -0.266071 -0.177782 0.160827
v -0.295642 -0.122458 0.000827
v -0.295642 -0.122458 0.160827
v -0.313852 -0.062429 0.160827
v -0.313852 -0.062429 0.160827
v -0.062428 0.313852 0.000827
v -0.062428 0.313852 0.000827
v -0.048438 0.633871 0.000827
v -0.048438 0.633871 0.000827
v -0.313851 0.062429 0.160827
v -0.313851 0.062429 0.160827
v -0.313851 0.062429 0.000827
v -0.313851 0.062429 0.000827
v -0.295641 0.122459 0.000827
v -0.295641 0.122459 0.160827
v -0.266070 0.177783 0.000827
v -0.266070 0.177783 0.160827
v -0.226274 0.226275 0.000827
v -0.226274 0.226275 0.160827
v -0.177782 0.266071 0.000827
v -0.177782 0.266071 0.160827
v -0.122458 0.295642 0.000827
v -0.122458 0.295642 0.160827
v -0.062428 0.313852 0.160827
v -0.062428 0.313852 0.160827
v 0.105484 0.254661 0.167363
v 0.053775 0.270347 0.167363
v 0.053775 0.270347 0.167363
v 0.153139 0.229189 0.167363
v 0.194909 0.194909 0.167363
v 0.229189 0.153139 0.167363
v 0.254661 0.105484 0.167363
v 0.270347 0.053775 0.167363
v 0.270347 0.053775 0.167363
v 0.254661 -0.105484 0.167363
v 0.270347 -0.053775 0.167363
v 0.270347 -0.053775 0.167363
v 0.229189 -0.153139 0.167363
v 0.194909 -0.194909 0.167363
v 0.153139 -0.229189 0.167363
v 0.105484 -0.254661 0.167363
v 0.053775 -0.270347 0.167363
v 0.053775 -0.270347 0.167363
v -0.105484 -0.254661 0.167363
v -0.053775 -0.270347 0.167363
v -0.053775 -0.270347 0.167363
v -0.153139 -0.229189 0.167363
v -0.194910 -0.194909 0.167363
v -0.229189 -0.153139 0.167363
v -0.254662 -0.105484 0.167363
v -0.270347 -0.053775 0.167363
v -0.270347 -0.053775 0.167363
v -0.254661 0.105485 0.167363
v -0.270347 0.053776 0.167363
v -0.270347 0.053776 0.167363
v -0.229189 0.153140 0.167363
v -0.194909 0.194910 0.167363
v -0.153139 0.229189 0.167363
v -0.105484 0.254662 0.167363
v -0.053775 0.270347 0.167363
v -0.053775 0.270347 0.167363
v 0.062429 0.313851 0.168690
v 0.048438 0.633871 0.018914
v 0.048438 0.633871 0.018914
v -0.053775 -0.270347 0.213833
v -0.062429 -0.313851 0.168690
v -0.053775 0.270347 0.213833
v 0.270347 -0.053775 0.213833
v 0.313852 -0.062429 0.168690
v -0.270347 -0.053775 0.213833
v -0.313851 0.062429 0.168690
v -0.270347 0.053776 0.213833
v 0.053775 -0.270347 0.213833
v 0.062429 -0.313851 0.168690
v 0.270347 0.053775 0.213833
v 0.053775 0.270347 0.213833
v 0.048438 -0.633871 0.018914
v 0.048438 -0.633871 0.018914
v 0.633871 0.042447 0.000827
v 0.633871 0.042447 0.000827
v 0.633871 -0.043056 0.001074
v 0.633871 -0.043056 0.001074
v -0.048438 -0.633871 0.000827
v -0.048438 -0.633871 0.000827
v -0.633871 0.042447 0.000827
v -0.633871 0.042447 0.000827
v 0.048438 0.633871 0.000827
v 0.048438 0.633871 0.000827
v -0.048438 -0.633871 0.018914
v -0.048438 -0.633871 0.018914
v 0.633871 -0.042447 0.018914
v 0.633871 -0.042447 0.018914
v 0.000000 0.633871 0.018914
v 0.633871 0.000000 0.018914
v -0.000000 -0.633871 0.018914
v -0.633871 0.000000 0.018914
v -0.633871 0.042447 0.018914
v -0.633871 0.042447 0.018914
v 0.053775 0.270347 0.224528
v 0.000000 0.275644 0.224528
v 0.105484 0.254661 0.224528
v 0.153139 0.229189 0.224528
v 0.194909 0.194909 0.224528
v 0.229189 0.153139 0.224528
v 0.254661 0.105484 0.224528
v 0.270347 0.053775 0.224528
v 0.275644 0.000000 0.224528
v 0.270347 -0.053775 0.224528
v 0.254661 -0.105484 0.224528
v 0.229189 -0.153139 0.224528
v 0.194909 -0.194909 0.224528
v 0.153139 -0.229189 0.224528
v 0.105484 -0.254661 0.224528
v 0.053775 -0.270347 0.224528
v -0.000000 -0.275643 0.224528
v -0.053775 -0.270347 0.224528
v -0.105484 -0.254661 0.224528
v -0.153139 -0.229189 0.224528
v -0.194910 -0.194909 0.224528
v -0.229189 -0.153139 0.224528
v -0.254662 -0.105484 0.224528
v -0.270347 -0.053775 0.224528
v -0.275643 0.000000 0.224528
v -0.270347 0.053776 0.224528
v -0.254661 0.105485 0.224528
v -0.229189 0.153140 0.224528
v -0.194909 0.194910 0.224528
v -0.153139 0.229189 0.224528
v -0.105484 0.254662 0.224528
v -0.053775 0.270347 0.224528
v -0.053999 0.245156 0.284135
v -0.053999 0.208507 0.238996
v 0.053999 0.208507 0.238996
v 0.053999 0.245156 0.284135
v -0.053999 0.163756 0.201874
v 0.053999 0.163756 0.201874
v -0.053999 0.112623 0.174195
v 0.053999 0.112623 0.174195
v -0.053999 0.057073 0.157024
v 0.053999 0.057073 0.157024
v -0.053999 -0.000760 0.151021
v 0.053999 -0.000760 0.151021
v -0.053999 -0.058653 0.156415
v 0.053999 -0.058653 0.156415
v -0.053999 -0.114381 0.173000
v 0.053999 -0.114381 0.173000
v -0.053999 -0.165803 0.200138
v 0.053999 -0.165803 0.200138
v -0.053999 -0.210943 0.236787
v 0.053999 -0.210943 0.236787
v -0.053999 -0.248065 0.281538
v 0.053999 -0.248065 0.281538
v -0.053999 -0.275743 0.332671
v 0.053999 -0.275743 0.332671
v -0.053999 -0.292914 0.388221
v 0.053999 -0.292914 0.388221
v -0.053999 -0.298918 0.446054
v 0.053999 -0.298918 0.446054
v -0.053999 -0.293524 0.503947
v 0.053999 -0.293524 0.503947
v -0.053999 -0.276939 0.559676
v 0.053999 -0.276939 0.559676
v -0.053999 -0.249801 0.611098
v 0.053999 -0.249801 0.611098
v -0.053999 -0.213152 0.656237
v 0.053999 -0.213152 0.656237
v -0.053999 -0.168401 0.693359
v 0.053999 -0.168401 0.693359
v -0.053999 -0.117268 0.721038
v 0.053999 -0.117268 0.721038
v -0.053999 -0.061717 0.738209
v 0.053999 -0.061717 0.738209
v -0.053999 -0.003884 0.744213
v 0.053999 -0.003884 0.744213
v -0.053999 0.054009 0.738818
v 0.053999 0.054009 0.738818
v -0.053999 0.109737 0.722233
v 0.053999 0.109737 0.722233
v -0.053999 0.161159 0.695095
v 0.053999 0.161159 0.695095
v -0.053999 0.206298 0.658446
v 0.053999 0.206298 0.658446
v -0.053999 0.243421 0.613695
v 0.053999 0.243421 0.613695
v -0.053999 0.271099 0.562562
v 0.053999 0.271099 0.562562
v -0.053999 0.288270 0.507011
v 0.053999 0.288270 0.507011
v -0.053999 0.294274 0.449178
v 0.053999 0.294274 0.449178
v -0.053999 0.288879 0.391285
v 0.053999 0.288879 0.391285
v -0.053999 0.272294 0.335557
v 0.053999 0.272294 0.335557
v -0.001887 0.435288 0.364797
v -0.030446 0.432947 0.369973
v -0.054658 0.426278 0.384712
v 0.017206 0.423526 0.390795
v -0.001887 0.425091 0.387334
v -0.070835 0.416297 0.406770
v 0.033392 0.419067 0.400648
v -0.076516 0.404525 0.432790
v 0.044208 0.412395 0.415395
v -0.070835 0.392752 0.458810
v 0.048005 0.404525 0.432790
v -0.054658 0.382771 0.480869
v 0.044208 0.396654 0.450186
v -0.030446 0.376102 0.495608
v 0.033392 0.389982 0.464933
v -0.001887 0.373761 0.500784
v 0.017206 0.385523 0.474786
v 0.026673 0.376102 0.495608
v -0.001887 0.383958 0.478246
v 0.050884 0.382771 0.480869
v -0.020980 0.385523 0.474786
v 0.067062 0.392752 0.458810
v -0.037166 0.389982 0.464933
v 0.072743 0.404525 0.432790
v -0.047981 0.396654 0.450186
v 0.067062 0.416297 0.406770
v -0.051779 0.404525 0.432790
v 0.050884 0.426278 0.384712
v -0.047981 0.412395 0.415395
v 0.026673 0.432947 0.369973
v -0.037166 0.419067 0.400648
v -0.020980 0.423526 0.390795
v -0.000148 0.269780 0.730600
v -0.028708 0.267438 0.735776
v -0.052919 0.260770 0.750515
v 0.018945 0.258017 0.756598
v -0.000148 0.259583 0.753138
v -0.069097 0.250789 0.772574
v 0.035131 0.253559 0.766452
v -0.074777 0.239016 0.798594
v 0.045946 0.246887 0.781199
v -0.069097 0.227244 0.824614
v 0.049744 0.239016 0.798594
v -0.052919 0.217263 0.846672
v 0.045946 0.231146 0.815989
v -0.028708 0.210594 0.861412
v 0.035131 0.224474 0.830736
v -0.000148 0.208253 0.866587
v 0.018945 0.220015 0.840590
v 0.028411 0.210594 0.861412
v -0.000148 0.218450 0.844050
v 0.052623 0.217263 0.846672
v -0.019241 0.220015 0.840590
v 0.068800 0.227244 0.824614
v -0.035427 0.224474 0.830736
v 0.074481 0.239016 0.798594
v -0.046243 0.231146 0.815989
v 0.068800 0.250789 0.772574
v -0.050040 0.239016 0.798594
v 0.052623 0.260770 0.750515
v -0.046243 0.246887 0.781199
v 0.028411 0.267438 0.735776
v -0.035427 0.253559 0.766452
v -0.019241 0.258017 0.756598
v -0.098253 1.092046 0.627796
v -0.098253 1.092046 0.627796
v -0.098253 0.839348 1.190075
v -0.098253 0.839348 1.190075
v 0.098253 1.092046 0.627796
v 0.098253 1.092046 0.627796
v 0.098253 0.839348 1.190075
v 0.098253 0.839348 1.190075
v -0.137093 1.200910 0.901716
v -0.137093 1.170729 0.854925
v 0.137093 1.170729 0.854925
v 0.137093 1.200910 0.901716
v -0.137093 1.124939 0.823246
v 0.137093 1.124939 0.823246
v -0.137093 1.070512 0.811501
v 0.137093 1.070512 0.811501
v -0.137093 1.015733 0.821479
v 0.137093 1.015733 0.821479
v -0.137093 0.968942 0.851660
v 0.137093 0.968942 0.851660
v -0.137093 0.937263 0.897450
v 0.137093 0.937263 0.897450
v -0.137093 0.925518 0.951877
v 0.137093 0.925518 0.951877
v -0.137093 0.935496 1.006656
v 0.137093 0.935496 1.006656
v -0.137093 0.965677 1.053447
v 0.137093 0.965677 1.053447
v -0.137093 1.011467 1.085126
v 0.137093 1.011467 1.085126
v -0.137093 1.065894 1.096871
v 0.137093 1.065894 1.096871
v -0.137093 1.120673 1.086893
v 0.137093 1.120673 1.086893
v -0.137093 1.167464 1.056712
v 0.137093 1.167464 1.056712
v -0.137093 1.199143 1.010922
v 0.137093 1.199143 1.010922
v -0.137093 1.210888 0.956495
v 0.137093 1.210888 0.956495
v -0.137093 1.167588 0.914890
v -0.137093 1.144985 0.879848
v 0.137093 1.144985 0.879848
v 0.137093 1.167588 0.914890
v -0.137093 1.110693 0.856123
v 0.137093 1.110693 0.856123
v -0.137093 1.069932 0.847328
v 0.137093 1.069932 0.847328
v -0.137093 1.028908 0.854800
v 0.137093 1.028908 0.854800
v -0.137093 0.993865 0.877403
v 0.137093 0.993865 0.877403
v -0.137093 0.970141 0.911696
v 0.137093 0.970141 0.911696
v -0.137093 0.961345 0.952457
v 0.137093 0.961345 0.952457
v -0.137093 0.968817 0.993481
v 0.137093 0.968817 0.993481
v -0.137093 0.991420 1.028523
v 0.137093 0.991420 1.028523
v -0.137093 1.025713 1.052248
v 0.137093 1.025713 1.052248
v -0.137093 1.066474 1.061044
v 0.137093 1.066474 1.061044
v -0.137093 1.107498 1.053571
v 0.137093 1.107498 1.053571
v -0.137093 1.142540 1.030968
v 0.137093 1.142540 1.030968
v -0.137093 1.166265 0.996676
v 0.137093 1.166265 0.996676
v -0.137093 1.175061 0.955915
v 0.137093 1.175061 0.955915
v -0.239290 1.118961 0.934117
v -0.239290 1.107417 0.916221
v 0.239290 1.107417 0.916221
v 0.239290 1.118961 0.934117
v -0.239290 1.089903 0.904104
v 0.239290 1.089903 0.904104
v -0.239290 1.069086 0.899612
v 0.239290 1.069086 0.899612
v -0.239290 1.048134 0.903428
v 0.239290 1.048134 0.903428
v -0.239290 1.030238 0.914972
v 0.239290 1.030238 0.914972
v -0.239290 1.018121 0.932485
v 0.239290 1.018121 0.932485
v -0.239290 1.013629 0.953303
v 0.239290 1.013629 0.953303
v -0.239290 1.017445 0.974254
v 0.239290 1.017445 0.974254
v -0.239290 1.028989 0.992151
v 0.239290 1.028989 0.992151
v -0.239290 1.046503 1.004268
v 0.239290 1.046503 1.004268
v -0.239290 1.067320 1.008760
v 0.239290 1.067320 1.008760
v -0.239290 1.088272 1.004944
v 0.239290 1.088272 1.004944
v -0.239290 1.106168 0.993400
v 0.239290 1.106168 0.993400
v -0.239290 1.118285 0.975886
v 0.239290 1.118285 0.975886
v -0.239290 1.122777 0.955069
v 0.239290 1.122777 0.955069
v 0.368078 0.820676 1.298938
v 0.379953 0.701462 1.513192
v 0.379953 0.701462 1.513192
v 0.379953 0.835952 1.576976
v 0.379953 0.835952 1.576976
v 0.379953 0.887497 1.601421
v 0.379953 0.887497 1.601421
v 0.352198 1.098960 1.068796
v 0.352198 1.098960 1.068796
v 0.352198 1.098960 1.068796
v 0.345868 1.154671 0.950880
v 0.345868 1.154671 0.950880
v 0.663615 0.837338 1.577633
v 0.663615 0.837338 1.577633
v 0.663615 0.751620 1.536980
v 0.663615 0.751620 1.536980
v 0.368078 0.977972 1.373538
v 0.603038 0.935094 1.353202
v 0.522030 1.065819 1.053079
v 0.603038 0.863554 1.319273
v 0.522030 1.013239 1.028142
v 0.239117 1.086998 1.001681
v 0.239117 1.086998 1.001681
v 0.239117 1.114021 0.933676
v 0.239117 1.114021 0.933676
v 0.239117 1.056574 0.906430
v 0.239117 1.056574 0.906430
v 0.239117 1.021012 0.970387
v 0.239117 1.021012 0.970387
v 0.352198 0.980098 1.012425
v 0.352198 0.980098 1.012425
v 0.345868 1.036156 0.894673
v -0.239538 1.056574 0.906430
v -0.239538 1.056574 0.906430
v -0.239538 1.021012 0.970387
v -0.239538 1.021012 0.970387
v -0.239538 1.086998 1.001681
v -0.239538 1.086998 1.001681
v -0.239538 1.114021 0.933676
v -0.239538 1.114021 0.933676
v -0.346289 1.154671 0.950880
v -0.346289 1.154671 0.950880
v -0.352618 0.980098 1.012425
v -0.352618 0.980098 1.012425
v -0.346289 1.036156 0.894673
v -0.352618 1.098960 1.068796
v -0.352618 1.098960 1.068796
v -0.352618 1.098960 1.068796
v -0.603459 0.863554 1.319274
v -0.522451 1.013239 1.028142
v -0.603459 0.935094 1.353202
v -0.522451 1.065819 1.053079
v -0.380374 0.835952 1.576976
v -0.380374 0.835952 1.576976
v -0.380374 0.887497 1.601421
v -0.380374 0.887497 1.601421
v -0.368498 0.977972 1.373538
v -0.368498 0.820676 1.298938
v -0.380374 0.701462 1.513192
v -0.380374 0.701462 1.513192
v -0.664036 0.751620 1.536980
v -0.664036 0.751620 1.536980
v -0.664036 0.837338 1.577633
v -0.664036 0.837338 1.577633
v 0.413110 0.941082 1.548895
v 0.413110 0.954320 1.621574
v 0.413110 0.938737 1.693787
v 0.413110 0.896706 1.754540
v 0.413110 0.834625 1.794583
v 0.413110 0.761946 1.807822
v 0.413110 0.689733 1.792239
v 0.413110 0.628980 1.750208
v 0.413110 0.588937 1.688127
v 0.413110 0.575699 1.615448
v 0.413110 0.591281 1.543236
v 0.413110 0.633312 1.482483
v 0.413110 0.695393 1.442439
v 0.413110 0.768072 1.429201
v 0.413110 0.870977 1.465790
v 0.413110 0.901038 1.486814
v 0.388353 0.918864 1.557680
v 0.388353 0.930431 1.621188
v 0.388353 0.882616 1.620414
v 0.388353 0.872936 1.665275
v 0.671505 0.846204 1.539903
v 0.671505 0.870105 1.576958
v 0.388353 0.763106 1.736118
v 0.388353 0.718245 1.726438
v 0.671505 0.809941 1.514814
v 0.388353 0.680503 1.700326
v 0.388353 0.655626 1.661759
v 0.671505 0.766838 1.505513
v 0.388353 0.647402 1.616608
v 0.388353 0.657083 1.571747
v 0.671505 0.723456 1.513415
v 0.388353 0.683194 1.534005
v 0.388353 0.721761 1.509128
v 0.671505 0.686400 1.537317
v 0.388353 0.766912 1.500904
v 0.388353 0.811773 1.510585
v 0.671505 0.661312 1.573580
v 0.388353 0.849515 1.536696
v 0.388353 0.874392 1.575263
v 0.671505 0.652011 1.616683
v 0.388353 0.846824 1.703017
v 0.671505 0.659913 1.660065
v 0.388353 0.808257 1.727894
v 0.671505 0.683815 1.697120
v 0.671505 0.720078 1.722208
v 0.671505 0.763181 1.731510
v 0.671505 0.806563 1.723607
v 0.671505 0.843618 1.699706
v 0.671505 0.868706 1.663443
v 0.671505 0.878007 1.620340
v 0.388353 0.857997 1.485407
v 0.388353 0.883873 1.503433
v 0.388353 0.704178 1.464657
v 0.388353 0.767686 1.453089
v 0.388353 0.613203 1.552734
v 0.388353 0.649931 1.499648
v 0.388353 0.611155 1.679343
v 0.388353 0.599587 1.615835
v 0.388353 0.699232 1.770317
v 0.388353 0.646146 1.733590
v 0.388353 0.825841 1.772366
v 0.388353 0.762333 1.783933
v 0.388353 0.916815 1.684288
v 0.388353 0.880088 1.737375
v 0.368078 0.934390 1.352868
v 0.368078 0.934390 1.352868
v 0.368078 0.864970 1.319945
v 0.368078 0.864970 1.319945
v 0.379953 0.753849 1.538037
v 0.379953 0.753849 1.538037
v 0.315819 0.753462 1.538854
v 0.315819 0.753462 1.538854
v 0.315819 0.835565 1.577793
v 0.315819 0.835565 1.577793
v 0.349445 0.934002 1.353685
v 0.349445 0.934002 1.353685
v 0.349445 0.864583 1.320762
v 0.349445 0.864583 1.320762
v -0.413530 0.941082 1.548895
v -0.413530 0.954320 1.621574
v -0.413530 0.938737 1.693787
v -0.413530 0.896706 1.754540
v -0.413530 0.834625 1.794583
v -0.413530 0.761946 1.807822
v -0.413530 0.689733 1.792239
v -0.413530 0.628980 1.750208
v -0.413530 0.588937 1.688127
v -0.413530 0.575699 1.615448
v -0.413530 0.591281 1.543236
v -0.413530 0.633312 1.482483
v -0.413530 0.695393 1.442439
v -0.413530 0.768072 1.429201
v -0.413530 0.870976 1.465789
v -0.413530 0.901038 1.486814
v -0.388773 0.918864 1.557680
v -0.388773 0.930431 1.621188
v -0.388773 0.882616 1.620414
v -0.388773 0.872936 1.665276
v -0.671926 0.846204 1.539903
v -0.671926 0.870105 1.576958
v -0.388773 0.763106 1.736118
v -0.388773 0.718245 1.726438
v -0.671926 0.809941 1.514814
v -0.388773 0.680503 1.700326
v -0.388773 0.655626 1.661759
v -0.671926 0.766838 1.505513
v -0.388773 0.647402 1.616608
v -0.388773 0.657083 1.571747
v -0.671926 0.723456 1.513415
v -0.388773 0.683194 1.534005
v -0.388773 0.721761 1.509129
v -0.671926 0.686400 1.537317
v -0.388773 0.766912 1.500905
v -0.388773 0.811773 1.510585
v -0.671926 0.661312 1.573580
v -0.388773 0.849515 1.536696
v -0.388773 0.874392 1.575263
v -0.671926 0.652011 1.616683
v -0.388773 0.846824 1.703017
v -0.671926 0.659913 1.660065
v -0.388773 0.808257 1.727894
v -0.671926 0.683815 1.697121
v -0.671926 0.720078 1.722208
v -0.671926 0.763181 1.731510
v -0.671926 0.806563 1.723608
v -0.671926 0.843618 1.699706
v -0.671926 0.868706 1.663443
v -0.671926 0.878007 1.620340
v -0.388773 0.857996 1.485407
v -0.388773 0.883873 1.503433
v -0.388773 0.704178 1.464657
v -0.388773 0.767686 1.453090
v -0.388773 0.613203 1.552734
v -0.388773 0.649931 1.499648
v -0.388773 0.611155 1.679343
v -0.388773 0.599587 1.615835
v -0.388773 0.699232 1.770317
v -0.388773 0.646146 1.733590
v -0.388773 0.825841 1.772366
v -0.388773 0.762333 1.783933
v -0.388773 0.916815 1.684288
v -0.388773 0.880088 1.737375
v -0.368498 0.934390 1.352868
v -0.368498 0.934390 1.352868
v -0.368498 0.864970 1.319945
v -0.368498 0.864970 1.319945
v -0.380374 0.753849 1.538037
v -0.380374 0.753849 1.538037
v -0.316240 0.753462 1.538854
v -0.316240 0.753462 1.538854
v -0.316240 0.835565 1.577793
v -0.316240 0.835565 1.577793
v -0.349866 0.934002 1.353685
v -0.349866 0.934002 1.353685
v -0.349866 0.864583 1.320762
v -0.349866 0.864583 1.320762
v -0.035892 -0.312890 1.557103
v 0.000029 -0.313058 1.549960
v -0.066344 -0.312413 1.577445
v -0.086692 -0.311699 1.607889
v -0.093837 -0.310857 1.643800
v -0.086692 -0.310015 1.679711
v -0.066344 -0.309301 1.710155
v -0.035892 -0.308824 1.730497
v 0.000029 -0.308656 1.737640
v 0.035950 -0.308824 1.730497
v 0.066402 -0.309301 1.710155
v 0.086750 -0.310015 1.679711
v 0.093895 -0.310857 1.643800
v 0.086750 -0.311699 1.607889
v 0.066402 -0.312413 1.577445
v 0.035950 -0.312890 1.557103
v -0.027076 -0.312391 1.578381
v 0.000029 -0.312518 1.572991
v -0.050055 -0.312031 1.593730
v -0.065408 -0.311493 1.616702
v -0.070800 -0.310857 1.643800
v -0.065408 -0.310222 1.670898
v -0.050055 -0.309683 1.693870
v -0.027076 -0.309323 1.709219
v 0.000029 -0.309197 1.714609
v 0.027134 -0.309323 1.709219
v 0.050112 -0.309683 1.693870
v 0.065466 -0.310222 1.670898
v 0.070858 -0.310857 1.643800
v 0.065466 -0.311493 1.616702
v 0.050112 -0.312031 1.593730
v 0.027134 -0.312391 1.578381
v -0.027076 -0.546097 1.583862
v 0.000029 -0.546224 1.578472
v -0.050055 -0.545737 1.599211
v -0.065408 -0.545199 1.622183
v -0.070800 -0.544563 1.649281
v -0.065408 -0.543928 1.676379
v -0.050055 -0.543389 1.699351
v -0.027076 -0.543029 1.714700
v 0.000029 -0.542903 1.720090
v 0.027134 -0.543029 1.714700
v 0.050112 -0.543389 1.699351
v 0.065466 -0.543928 1.676379
v 0.070858 -0.544563 1.649281
v 0.065466 -0.545199 1.622183
v 0.050112 -0.545737 1.599211
v 0.027134 -0.546097 1.583862
v -0.102264 0.156685 1.829666
v -0.126151 0.178573 1.834100
v -0.083551 0.131439 1.816168
v -0.072862 0.106679 1.795662
v -0.071822 0.086173 1.771269
v -0.080592 0.073044 1.746703
v -0.097834 0.069291 1.725704
v -0.120926 0.075484 1.711469
v -0.146350 0.090681 1.706165
v -0.170237 0.112569 1.710599
v -0.188949 0.137815 1.724097
v -0.199639 0.162575 1.744603
v -0.199639 0.162575 1.744603
v -0.196133 0.651297 1.733204
v -0.200678 0.183081 1.768996
v -0.201067 0.651878 1.758002
v 0.103807 0.156685 1.829666
v 0.127693 0.178573 1.834100
v 0.085094 0.131439 1.816168
v 0.074404 0.106679 1.795662
v 0.073365 0.086173 1.771269
v 0.082134 0.073044 1.746703
v 0.099377 0.069291 1.725704
v 0.122468 0.075484 1.711469
v 0.147893 0.090681 1.706165
v 0.171779 0.112569 1.710599
v 0.190492 0.137815 1.724097
v 0.201182 0.162575 1.744603
v 0.201182 0.162575 1.744603
v 0.197675 0.651297 1.733204
v 0.202221 0.183081 1.768996
v 0.202609 0.651878 1.758002
v -0.102264 0.147400 1.433748
v -0.126151 0.169055 1.428292
v -0.083551 0.122814 1.448415
v -0.072862 0.099043 1.470059
v -0.071822 0.079703 1.495386
v -0.080592 0.067740 1.520541
v -0.097834 0.064975 1.541692
v -0.120926 0.071829 1.555621
v -0.146350 0.087258 1.560208
v -0.170237 0.108914 1.554752
v -0.188949 0.133499 1.540085
v -0.199639 0.157271 1.518441
v -0.199639 0.157271 1.518441
v -0.196133 0.645990 1.506916
v -0.200678 0.176610 1.493114
v -0.201067 0.645408 1.482119
v 0.103807 0.147400 1.433748
v 0.127693 0.169055 1.428292
v 0.085094 0.122814 1.448415
v 0.074404 0.099043 1.470059
v 0.073365 0.079703 1.495386
v 0.082134 0.067740 1.520541
v 0.099377 0.064975 1.541692
v 0.122468 0.071829 1.555621
v 0.147893 0.087258 1.560208
v 0.171779 0.108914 1.554752
v 0.190492 0.133499 1.540085
v 0.201182 0.157271 1.518441
v 0.201182 0.157271 1.518441
v 0.197675 0.645990 1.506916
v 0.202221 0.176610 1.493114
v 0.202609 0.645408 1.482119
v 0.671505 0.830571 1.555037
v 0.671505 0.849871 1.584958
v 0.671505 0.801290 1.534779
v 0.671505 0.766486 1.527269
v 0.671505 0.731456 1.533649
v 0.671505 0.701535 1.552949
v 0.671505 0.681277 1.582230
v 0.671505 0.673767 1.617035
v 0.671505 0.680147 1.652064
v 0.671505 0.699447 1.681986
v 0.671505 0.728728 1.702243
v 0.671505 0.763533 1.709754
v 0.671505 0.798562 1.703374
v 0.671505 0.828484 1.684074
v 0.671505 0.848741 1.654792
v 0.671505 0.856252 1.619988
v -0.671926 0.830571 1.555037
v -0.671926 0.849871 1.584958
v -0.671926 0.801290 1.534779
v -0.671926 0.766486 1.527269
v -0.671926 0.731456 1.533649
v -0.671926 0.701535 1.552949
v -0.671926 0.681277 1.582230
v -0.671926 0.673767 1.617035
v -0.671926 0.680147 1.652065
v -0.671926 0.699447 1.681986
v -0.671926 0.728728 1.702243
v -0.671926 0.763533 1.709754
v -0.671926 0.798562 1.703374
v -0.671926 0.828484 1.684074
v -0.671926 0.848741 1.654792
v -0.671926 0.856252 1.619988
v 0.665722 0.830571 1.555037
v 0.665722 0.849871 1.584958
v 0.665722 0.801290 1.534779
v 0.665722 0.766486 1.527269
v 0.665722 0.731456 1.533649
v 0.665722 0.701535 1.552949
v 0.665722 0.681277 1.582230
v 0.665722 0.673767 1.617035
v 0.665722 0.680147 1.652064
v 0.665722 0.699447 1.681986
v 0.665722 0.728728 1.702243
v 0.665722 0.763533 1.709754
v 0.665722 0.798562 1.703374
v 0.665722 0.828484 1.684074
v 0.665722 0.848741 1.654792
v 0.665722 0.856252 1.619988
v -0.666143 0.830571 1.555037
v -0.666143 0.849871 1.584958
v -0.666143 0.801290 1.534779
v -0.666143 0.766486 1.527269
v -0.666143 0.731456 1.533649
v -0.666143 0.701535 1.552949
v -0.666143 0.681277 1.582230
v -0.666143 0.673767 1.617035
v -0.666143 0.680147 1.652065
v -0.666143 0.699447 1.681986
v -0.666143 0.728728 1.702243
v -0.666143 0.763533 1.709754
v -0.666143 0.798562 1.703374
v -0.666143 0.828484 1.684074
v -0.666143 0.848741 1.654792
v -0.666143 0.856252 1.619988
v 0.665722 0.816600 1.568563
v 0.665722 0.831788 1.592108
v 0.665722 0.793559 1.552622
v 0.665722 0.766171 1.546712
v 0.665722 0.738606 1.551733
v 0.665722 0.715061 1.566920
v 0.665722 0.699120 1.589962
v 0.665722 0.693210 1.617350
v 0.665722 0.698231 1.644914
v 0.665722 0.713418 1.668460
v 0.665722 0.736459 1.684400
v 0.665722 0.763848 1.690311
v 0.665722 0.791412 1.685290
v 0.665722 0.814958 1.670103
v 0.665722 0.830899 1.647061
v 0.665722 0.836809 1.619673
v -0.666143 0.816600 1.568563
v -0.666143 0.831788 1.592108
v -0.666143 0.793559 1.552622
v -0.666143 0.766171 1.546712
v -0.666143 0.738606 1.551733
v -0.666143 0.715061 1.566920
v -0.666143 0.699120 1.589962
v -0.666143 0.693210 1.617350
v -0.666143 0.698231 1.644915
v -0.666143 0.713418 1.668460
v -0.666143 0.736459 1.684401
v -0.666143 0.763848 1.690311
v -0.666143 0.791412 1.685290
v -0.666143 0.814958 1.670103
v -0.666143 0.830899 1.647061
v -0.666143 0.836809 1.619673
v 0.671642 0.810355 1.574610
v 0.671642 0.823704 1.595305
v 0.671642 0.790103 1.560598
v 0.671642 0.766030 1.555404
v 0.671642 0.741802 1.559817
v 0.671642 0.721108 1.573166
v 0.671642 0.707096 1.593418
v 0.671642 0.701902 1.617490
v 0.671642 0.706315 1.641718
v 0.671642 0.719664 1.662413
v 0.671642 0.739916 1.676424
v 0.671642 0.763988 1.681619
v 0.671642 0.788216 1.677206
v 0.671642 0.808911 1.663857
v 0.671642 0.822922 1.643605
v 0.671642 0.828117 1.619533
v -0.672062 0.810355 1.574610
v -0.672062 0.823704 1.595305
v -0.672062 0.790103 1.560598
v -0.672062 0.766030 1.555404
v -0.672062 0.741802 1.559817
v -0.672062 0.721108 1.573166
v -0.672062 0.707096 1.593418
v -0.672062 0.701902 1.617490
v -0.672062 0.706315 1.641718
v -0.672062 0.719664 1.662413
v -0.672062 0.739916 1.676424
v -0.672062 0.763988 1.681619
v -0.672062 0.788216 1.677206
v -0.672062 0.808911 1.663857
v -0.672062 0.822922 1.643605
v -0.672062 0.828117 1.619533
v -0.082703 0.102001 1.791910
v -0.081825 0.084679 1.771304
v -0.089233 0.073588 1.750552
v -0.103799 0.070418 1.732813
v -0.123305 0.075649 1.720788
v -0.144782 0.088487 1.716308
v -0.164960 0.106976 1.720054
v 0.084246 0.102001 1.791910
v 0.083368 0.084679 1.771304
v 0.090776 0.073588 1.750552
v 0.105341 0.070418 1.732813
v 0.124848 0.075649 1.720788
v 0.146325 0.088487 1.716308
v 0.166503 0.106976 1.720054
v -0.082703 0.094546 1.474026
v -0.081825 0.078209 1.495422
v -0.089233 0.068103 1.516670
v -0.103799 0.065768 1.534538
v -0.123305 0.071557 1.546304
v -0.144782 0.084591 1.550179
v -0.164960 0.102884 1.545570
v 0.084246 0.094546 1.474026
v 0.083368 0.078209 1.495422
v 0.090776 0.068103 1.516670
v 0.105341 0.065768 1.534538
v 0.124848 0.071557 1.546304
v 0.146325 0.084591 1.550179
v 0.166503 0.102884 1.545570
v -0.062329 0.233816 0.291627
v -0.062329 0.198846 0.248556
v 0.062329 0.198846 0.248556
v 0.062329 0.233816 0.291627
v -0.062329 0.156146 0.213135
v 0.062329 0.156146 0.213135
v -0.062329 0.107356 0.186725
v 0.062329 0.107356 0.186725
v -0.062329 0.054351 0.170340
v 0.062329 0.054351 0.170340
v -0.062329 -0.000832 0.164612
v 0.062329 -0.000832 0.164612
v -0.062329 -0.056072 0.169759
v 0.062329 -0.056072 0.169759
v -0.062329 -0.109246 0.185584
v 0.062329 -0.109246 0.185584
v -0.062329 -0.158312 0.211478
v 0.062329 -0.158312 0.211478
v -0.062329 -0.201383 0.246448
v 0.062329 -0.201383 0.246448
v -0.062329 -0.236804 0.289148
v 0.062329 -0.236804 0.289148
v -0.062329 -0.263214 0.337938
v 0.062329 -0.263214 0.337938
v -0.062329 -0.279598 0.390943
v 0.062329 -0.279598 0.390943
v -0.062329 -0.285327 0.446126
v 0.062329 -0.285327 0.446126
v -0.062329 -0.280180 0.501366
v 0.062329 -0.280180 0.501366
v -0.062329 -0.264355 0.554541
v 0.062329 -0.264355 0.554541
v -0.062329 -0.238460 0.603606
v 0.062329 -0.238460 0.603606
v -0.062329 -0.203491 0.646677
v 0.062329 -0.203491 0.646677
v -0.062329 -0.160790 0.682099
v 0.062329 -0.160790 0.682099
v -0.062329 -0.112000 0.708509
v 0.062329 -0.112000 0.708509
v -0.062329 -0.058995 0.724893
v 0.062329 -0.058995 0.724893
v -0.062329 -0.003813 0.730621
v 0.062329 -0.003813 0.730621
v -0.062329 0.051428 0.725474
v 0.062329 0.051428 0.725474
v -0.062329 0.104602 0.709649
v 0.062329 0.104602 0.709649
v -0.062329 0.153668 0.683754
v 0.062329 0.153668 0.683754
v -0.062329 0.196739 0.648785
v 0.062329 0.196739 0.648785
v -0.062329 0.232160 0.606085
v 0.062329 0.232160 0.606085
v -0.062329 0.258570 0.557295
v 0.062329 0.258570 0.557295
v -0.062329 0.274954 0.504290
v 0.062329 0.274954 0.504290
v -0.062329 0.280683 0.449107
v 0.062329 0.280683 0.449107
v -0.062329 0.275535 0.393867
v 0.062329 0.275535 0.393867
v -0.062329 0.259710 0.340692
v 0.062329 0.259710 0.340692
v -0.082606 1.247256 0.785306
v -0.082606 1.247256 0.785306
v -0.082109 1.249309 0.796716
v -0.082109 1.249309 0.796716
v 0.082109 1.249309 0.796716
v 0.082109 1.249309 0.796716
v 0.082606 1.247256 0.785306
v 0.082606 1.247256 0.785306
v 0.082615 1.055199 1.212844
v 0.082615 1.055199 1.212844
v 0.082109 1.065060 1.207173
v 0.082109 1.065060 1.207173
v -0.082109 1.065060 1.207173
v -0.082109 1.065060 1.207173
v -0.082615 1.055199 1.212844
v -0.082615 1.055199 1.212844
v 0.482620 1.120677 0.934758
v 0.482620 1.120677 0.934758
v 0.491453 1.116093 0.940234
v 0.491453 1.116093 0.940234
v -0.491873 1.116093 0.940234
v -0.491873 1.116093 0.940234
v -0.483041 1.120677 0.934758
v -0.483041 1.120677 0.934758
v 0.491453 1.068810 0.917810
v 0.491453 1.068810 0.917810
v 0.482620 1.070150 0.910795
v 0.482620 1.070150 0.910795
v -0.483041 1.070150 0.910795
v -0.483041 1.070150 0.910795
v -0.491873 1.068810 0.917810
v -0.491873 1.068810 0.917810
vt 0.269454 0.220182
vt 0.248006 0.218070
vt 0.267375 0.120694
vt 0.191713 0.032499
vt 0.261917 0.102702
vt 0.260592 0.104318
vt 0.377284 0.088791
vt 0.279909 0.108160
vt 0.279302 0.106161
vt 0.208374 0.201653
vt 0.263533 0.119102
vt 0.265375 0.120087
vt 0.227381 0.008666
vt 0.265375 0.100392
vt 0.263533 0.101377
vt 0.377284 0.131688
vt 0.279909 0.112319
vt 0.280114 0.110240
vt 0.178041 0.171320
vt 0.260592 0.116162
vt 0.261917 0.117777
vt 0.269454 0.000297
vt 0.269454 0.099580
vt 0.267375 0.099785
vt 0.360868 0.171320
vt 0.278317 0.116162
vt 0.279302 0.114319
vt 0.167881 0.152313
vt 0.161625 0.131688
vt 0.259000 0.112319
vt 0.330535 0.201653
vt 0.275376 0.119102
vt 0.276992 0.117777
vt 0.311528 0.008666
vt 0.273534 0.100392
vt 0.271534 0.099785
vt 0.161625 0.088791
vt 0.259000 0.108160
vt 0.258795 0.110240
vt 0.290903 0.218070
vt 0.271534 0.120694
vt 0.273534 0.120087
vt 0.347196 0.032499
vt 0.276992 0.102702
vt 0.275376 0.101377
vt 0.178041 0.049159
vt 0.259607 0.106161
vt 0.360868 0.049159
vt 0.371028 0.068166
vt 0.227381 0.211813
vt 0.208374 0.018826
vt 0.379397 0.110240
vt 0.191714 0.187981
vt 0.248006 0.002410
vt 0.371028 0.152313
vt 0.259607 0.114319
vt 0.347196 0.187981
vt 0.290903 0.002410
vt 0.159512 0.110240
vt 0.311528 0.211813
vt 0.330535 0.018826
vt 0.167881 0.068167
vt 0.269454 0.120899
vt 0.278317 0.104318
vt 0.013308 0.958120
vt 0.044907 0.945031
vt 0.047729 0.949255
vt 0.038865 0.896421
vt 0.051954 0.928019
vt 0.047729 0.930842
vt 0.038865 0.983677
vt 0.023545 0.973440
vt 0.056936 0.892826
vt 0.056936 0.927028
vt 0.104159 0.940049
vt 0.100564 0.958120
vt 0.068966 0.945031
vt 0.066143 0.949255
vt 0.440150 0.331688
vt 0.440101 0.279922
vt 0.447101 0.279915
vt 0.397474 0.360091
vt 0.391263 0.360091
vt 0.391263 0.275385
vt 0.381177 0.360091
vt 0.381177 0.275385
vt 0.367603 0.360091
vt 0.367603 0.275385
vt 0.351063 0.360091
vt 0.351063 0.275385
vt 0.332193 0.360091
vt 0.332193 0.275385
vt 0.311718 0.360091
vt 0.311718 0.275385
vt 0.499142 0.662658
vt 0.489266 0.674692
vt 0.489989 0.656542
vt 0.415514 0.331218
vt 0.415514 0.279452
vt 0.423503 0.279452
vt 0.107342 0.360091
vt 0.083071 0.360091
vt 0.083071 0.275385
vt 0.060702 0.360091
vt 0.060702 0.275385
vt 0.041096 0.360091
vt 0.041096 0.275385
vt 0.025006 0.360091
vt 0.025006 0.275385
vt 0.013049 0.360091
vt 0.013049 0.275385
vt 0.005687 0.360091
vt 0.005687 0.275385
vt 0.364709 0.618539
vt 0.353702 0.618539
vt 0.366024 0.605194
vt 0.111559 0.360091
vt 0.118968 0.360091
vt 0.118968 0.275385
vt 0.130998 0.360091
vt 0.130998 0.275385
vt 0.147189 0.360091
vt 0.147189 0.275385
vt 0.166917 0.360091
vt 0.166917 0.275385
vt 0.189425 0.360091
vt 0.189425 0.275385
vt 0.213847 0.360091
vt 0.213847 0.275385
vt 0.870615 0.093777
vt 0.872775 0.131695
vt 0.882831 0.131750
vt 0.219158 0.360091
vt 0.240158 0.360091
vt 0.240158 0.275385
vt 0.259511 0.360091
vt 0.259511 0.275385
vt 0.276475 0.360091
vt 0.276475 0.275385
vt 0.290396 0.360091
vt 0.290396 0.275385
vt 0.300740 0.360091
vt 0.300740 0.275385
vt 0.376961 0.674692
vt 0.367085 0.662658
vt 0.376237 0.656542
vt 0.443774 0.363351
vt 0.443491 0.415116
vt 0.436491 0.415078
vt 0.307111 0.360091
vt 0.307111 0.275385
vt 0.931198 0.550093
vt 0.887500 0.526735
vt 0.873116 0.574151
vt 0.596830 0.229133
vt 0.596830 0.264222
vt 0.592945 0.264222
vt 0.352522 0.536066
vt 0.352522 0.570251
vt 0.384525 0.537042
vt 0.496310 0.644716
vt 0.417621 0.696425
vt 0.402724 0.691906
vt 0.406936 0.681736
vt 0.388994 0.552511
vt 0.395110 0.561663
vt 0.384744 0.570170
vt 0.821775 0.498709
vt 0.788521 0.493713
vt 0.788521 0.499723
vt 0.359746 0.588150
vt 0.369916 0.592362
vt 0.489266 0.562386
vt 0.499142 0.574420
vt 0.489989 0.580536
vt 0.359747 0.648929
vt 0.355227 0.634032
vt 0.366024 0.631884
vt 0.477232 0.684567
vt 0.471117 0.675415
vt 0.481482 0.666908
vt 0.448606 0.540653
vt 0.463503 0.545172
vt 0.459290 0.555342
vt 0.384744 0.666908
vt 0.395110 0.675415
vt 0.417621 0.540653
vt 0.419768 0.551449
vt 0.406936 0.555342
vt 0.506480 0.648929
vt 0.500203 0.631884
vt 0.376961 0.562387
vt 0.376237 0.580536
vt 0.510999 0.603047
vt 0.500203 0.605194
vt 0.496310 0.592362
vt 0.061919 0.952078
vt 0.056936 0.953069
vt 0.448606 0.696425
vt 0.446458 0.685629
vt 0.459290 0.681736
vt 0.481482 0.570170
vt 0.471117 0.561663
vt 0.369916 0.644716
vt 0.384525 0.531258
vt 0.388995 0.684567
vt 0.402724 0.545172
vt 0.415514 0.362949
vt 0.415514 0.414715
vt 0.407526 0.414715
vt 0.367085 0.574420
vt 0.506480 0.588149
vt 0.592014 0.529432
vt 0.625268 0.524435
vt 0.625268 0.530446
vt 0.463503 0.691906
vt 0.477232 0.552511
vt 0.433113 0.539127
vt 0.433113 0.550135
vt 0.512525 0.618539
vt 0.501517 0.618539
vt 0.419768 0.685629
vt 0.433113 0.686943
vt 0.355227 0.603047
vt 0.446458 0.551449
vt 0.433113 0.697951
vt 0.510999 0.634031
vt 0.592057 0.529502
vt 0.592057 0.565023
vt 0.625311 0.530516
vt 0.392448 0.373574
vt 0.361810 0.368970
vt 0.361810 0.374508
vt 0.391953 0.374565
vt 0.391953 0.407292
vt 0.361314 0.375499
vt 0.917570 0.529697
vt 0.912030 0.526735
vt 0.906017 0.524912
vt 0.331417 0.229586
vt 0.372408 0.229586
vt 0.331417 0.264110
vt 0.425811 0.361935
vt 0.423503 0.414715
vt 0.821704 0.498763
vt 0.821704 0.534284
vt 0.788450 0.499777
vt 0.007882 0.007863
vt 0.059508 0.007863
vt 0.007882 0.010223
vt 0.433100 0.279929
vt 0.397474 0.275385
vt 0.450492 0.415154
vt 0.059508 0.010223
vt 0.007882 0.017213
vt 0.007882 0.028564
vt 0.059508 0.028564
vt 0.965246 0.680126
vt 0.997382 0.680126
vt 0.965246 0.695043
vt 0.061919 0.928019
vt 0.066143 0.930842
vt 0.997382 0.695043
vt 0.965246 0.709960
vt 0.997382 0.709960
vt 0.965246 0.724303
vt 0.997382 0.724303
vt 0.965246 0.737523
vt 0.566530 0.229586
vt 0.578487 0.229586
vt 0.566530 0.264110
vt 0.965202 0.855849
vt 0.997548 0.855849
vt 0.965202 0.865420
vt 0.392448 0.406301
vt 0.452816 0.229586
vt 0.489142 0.229586
vt 0.452816 0.264110
vt 0.872505 0.229133
vt 0.907461 0.229133
vt 0.872505 0.264222
vt 0.007882 0.062455
vt 0.059508 0.062455
vt 0.007882 0.043841
vt 0.744350 0.223104
vt 0.741241 0.167868
vt 0.716734 0.223098
vt 0.361314 0.369962
vt 0.255674 0.229586
vt 0.292001 0.229586
vt 0.255674 0.264110
vt 0.454075 0.362393
vt 0.788450 0.493766
vt 0.717758 0.229133
vt 0.755687 0.229133
vt 0.717758 0.264222
vt 0.405218 0.332232
vt 0.407526 0.279452
vt 0.652164 0.229133
vt 0.682803 0.229133
vt 0.652164 0.264222
vt 0.429855 0.332712
vt 0.938100 0.229133
vt 0.938100 0.264222
vt 0.907461 0.264222
vt 0.292001 0.264110
vt 0.627020 0.229133
vt 0.627020 0.264222
vt 0.608335 0.264222
vt 0.981928 0.229133
vt 0.981928 0.264222
vt 0.963244 0.264222
vt 0.413400 0.229586
vt 0.413400 0.264110
vt 0.372408 0.264110
vt 0.682803 0.264222
vt 0.997319 0.229133
vt 0.997319 0.264222
vt 0.993434 0.264222
vt 0.489142 0.264110
vt 0.755687 0.264222
vt 0.547113 0.229586
vt 0.547113 0.264110
vt 0.520982 0.264110
vt 0.178287 0.229586
vt 0.178287 0.264110
vt 0.166330 0.264110
vt 0.834577 0.229133
vt 0.834577 0.264222
vt 0.795132 0.264222
vt 0.578487 0.264110
vt 0.223834 0.229586
vt 0.223834 0.264110
vt 0.197704 0.264110
vt 0.608335 0.229133
vt 0.963244 0.229133
vt 0.993434 0.229133
vt 0.520982 0.229586
vt 0.166330 0.229586
vt 0.162293 0.264110
vt 0.795132 0.229133
vt 0.197704 0.229586
vt 0.582524 0.229586
vt 0.582524 0.264110
vt 0.059508 0.130698
vt 0.059508 0.106734
vt 0.007882 0.106734
vt 0.059508 0.083691
vt 0.007882 0.083691
vt 0.059508 0.043841
vt 0.059508 0.017213
vt 0.965246 0.652563
vt 0.997382 0.652563
vt 0.997382 0.665782
vt 0.997382 0.737523
vt 0.997382 0.749110
vt 0.965246 0.749110
vt 0.997382 0.758619
vt 0.965246 0.758619
vt 0.997548 0.758669
vt 0.997548 0.771975
vt 0.965202 0.771975
vt 0.997548 0.786413
vt 0.997548 0.801428
vt 0.965202 0.801428
vt 0.997548 0.816442
vt 0.997548 0.830880
vt 0.965202 0.830880
vt 0.997548 0.844186
vt 0.965202 0.844186
vt 0.997548 0.865420
vt 0.059508 0.198941
vt 0.059508 0.177705
vt 0.007882 0.177705
vt 0.059508 0.154662
vt 0.007882 0.130698
vt 0.007882 0.154662
vt 0.178438 0.370090
vt 0.167055 0.370061
vt 0.166690 0.514389
vt 0.451240 0.212856
vt 0.449146 0.212858
vt 0.449003 0.014083
vt 0.188088 0.370114
vt 0.194536 0.370130
vt 0.194171 0.514459
vt 0.443184 0.212862
vt 0.443040 0.014088
vt 0.146021 0.370008
vt 0.155672 0.370032
vt 0.155306 0.514361
vt 0.831298 0.096958
vt 0.828638 0.073942
vt 0.817170 0.091105
vt 0.434260 0.212868
vt 0.139573 0.369991
vt 0.139208 0.514320
vt 0.145656 0.514336
vt 0.434117 0.014094
vt 0.423734 0.212876
vt 0.187723 0.514443
vt 0.178073 0.514418
vt 0.413208 0.212884
vt 0.413065 0.014109
vt 0.929375 0.544081
vt 0.926413 0.538540
vt 0.404285 0.212890
vt 0.404141 0.014116
vt 0.219158 0.275385
vt 0.398322 0.212894
vt 0.398179 0.014120
vt 0.396228 0.212896
vt 0.784487 0.527148
vt 0.784487 0.622630
vt 0.791943 0.622572
vt 0.396085 0.014121
vt 0.767824 0.527702
vt 0.775321 0.527645
vt 0.775321 0.622628
vt 0.929375 0.568610
vt 0.931198 0.562598
vt 0.922427 0.579008
vt 0.791943 0.527090
vt 0.799399 0.622630
vt 0.132282 0.652605
vt 0.140273 0.652626
vt 0.333171 0.519172
vt 0.343223 0.523339
vt 0.336108 0.533995
vt 0.423591 0.014102
vt 0.877102 0.533683
vt 0.870154 0.544081
vt 0.069957 0.940049
vt 0.767824 0.622686
vt 0.760327 0.622628
vt 0.152232 0.652656
vt 0.166339 0.652692
vt 0.791943 0.713885
vt 0.801183 0.713957
vt 0.180447 0.652727
vt 0.192406 0.652758
vt 0.782703 0.713957
vt 0.767824 0.713884
vt 0.200397 0.652778
vt 0.777114 0.713813
vt 0.078864 0.369684
vt 0.067481 0.369656
vt 0.067116 0.513984
vt 0.343241 0.602564
vt 0.336126 0.613220
vt 0.328433 0.605521
vt 0.132442 0.213016
vt 0.130348 0.213017
vt 0.130205 0.014243
vt 0.088515 0.369709
vt 0.094963 0.369725
vt 0.094597 0.514054
vt 0.124386 0.213022
vt 0.124242 0.014247
vt 0.056098 0.369627
vt 0.055733 0.513955
vt 0.046082 0.513931
vt 0.809045 0.719760
vt 0.809045 0.688505
vt 0.809045 0.689432
vt 0.115462 0.213028
vt 0.046448 0.369602
vt 0.040000 0.369586
vt 0.039634 0.513915
vt 0.043916 0.940049
vt 0.104936 0.213036
vt 0.104793 0.014261
vt 0.088149 0.514038
vt 0.094410 0.213043
vt 0.094267 0.014269
vt 0.078499 0.514013
vt 0.085487 0.213050
vt 0.085343 0.014276
vt 0.450447 0.332692
vt 0.079524 0.213054
vt 0.079381 0.014280
vt 0.881959 0.529697
vt 0.077430 0.213056
vt 0.077287 0.014281
vt 0.636539 0.535185
vt 0.629504 0.535239
vt 0.629504 0.624361
vt 0.664416 0.535663
vt 0.664416 0.625090
vt 0.657358 0.625144
vt 0.636539 0.624307
vt 0.643573 0.624361
vt 0.913480 0.726877
vt 0.892306 0.730558
vt 0.937993 0.845263
vt 0.032708 0.652200
vt 0.040699 0.652221
vt 0.115319 0.014254
vt 0.885405 0.093857
vt 0.292644 0.581590
vt 0.282593 0.577424
vt 0.289708 0.566767
vt 0.657358 0.535717
vt 0.650300 0.625090
vt 0.052658 0.652251
vt 0.066766 0.652287
vt 0.636539 0.709539
vt 0.645256 0.709605
vt 0.080873 0.652322
vt 0.092832 0.652353
vt 0.627821 0.709605
vt 0.657358 0.711006
vt 0.648611 0.710939
vt 0.100823 0.652373
vt 0.666105 0.710939
vt 0.576865 0.143548
vt 0.528733 0.143548
vt 0.528733 0.214164
vt 0.708020 0.220784
vt 0.583169 0.170422
vt 0.729239 0.170381
vt 0.710124 0.159017
vt 0.731232 0.108567
vt 0.585161 0.108930
vt 0.462235 0.119340
vt 0.519832 0.119340
vt 0.519832 0.216028
vt 0.717021 0.049665
vt 0.714088 0.008324
vt 0.750910 0.008324
vt 0.747678 0.609892
vt 0.747678 0.606927
vt 0.672842 0.606927
vt 0.747678 0.598484
vt 0.672842 0.598484
vt 0.747678 0.585847
vt 0.747678 0.570942
vt 0.672842 0.570942
vt 0.747678 0.556037
vt 0.672842 0.556037
vt 0.747678 0.543400
vt 0.672842 0.543400
vt 0.747678 0.534957
vt 0.672842 0.534957
vt 0.747678 0.531992
vt 0.672842 0.531992
vt 0.748608 0.687782
vt 0.748608 0.702578
vt 0.674322 0.702578
vt 0.748512 0.613946
vt 0.748512 0.622423
vt 0.673377 0.622423
vt 0.748512 0.635110
vt 0.673377 0.635110
vt 0.748512 0.650075
vt 0.673377 0.650075
vt 0.748512 0.665039
vt 0.673377 0.665039
vt 0.748512 0.677726
vt 0.748406 0.643873
vt 0.748406 0.628969
vt 0.673576 0.628969
vt 0.748512 0.686203
vt 0.673377 0.686203
vt 0.536581 0.058931
vt 0.568410 0.047415
vt 0.568410 0.041900
vt 0.536581 0.004643
vt 0.568410 0.019689
vt 0.568410 0.018395
vt 0.850316 0.093528
vt 0.851973 0.131434
vt 0.863448 0.131434
vt 0.745791 0.161671
vt 0.745771 0.111651
vt 0.742944 0.111652
vt 0.023545 0.906657
vt 0.692871 0.496332
vt 0.684326 0.509121
vt 0.677327 0.502122
vt 0.775050 0.496332
vt 0.759505 0.502122
vt 0.766505 0.509121
vt 0.537452 0.106146
vt 0.595567 0.080375
vt 0.537452 0.077090
vt 0.821775 0.534230
vt 0.620031 0.466161
vt 0.629176 0.469949
vt 0.617031 0.481247
vt 0.912030 0.585956
vt 0.917570 0.582994
vt 0.865105 0.072196
vt 0.863448 0.034290
vt 0.851973 0.034290
vt 0.716746 0.223213
vt 0.741254 0.167982
vt 0.744363 0.223219
vt 0.715376 0.223098
vt 0.710755 0.453372
vt 0.702210 0.466161
vt 0.711355 0.469949
vt 0.218309 0.425411
vt 0.218309 0.374939
vt 0.268781 0.374939
vt 0.290065 0.386463
vt 0.309457 0.433279
vt 0.356274 0.413887
vt 0.536290 0.011085
vt 0.568694 0.022809
vt 0.568694 0.028423
vt 0.536581 0.002109
vt 0.536581 0.035395
vt 0.536581 0.048132
vt 0.536290 0.003739
vt 0.568694 0.019057
vt 0.536290 0.035046
vt 0.536290 0.048013
vt 0.568694 0.041668
vt 0.568410 0.023374
vt 0.536290 0.001160
vt 0.568694 0.017740
vt 0.536290 0.059007
vt 0.568694 0.047283
vt 0.536581 0.022657
vt 0.536581 0.011858
vt 0.536290 0.066352
vt 0.568694 0.051034
vt 0.568410 0.028889
vt 0.536290 0.068931
vt 0.568694 0.052352
vt 0.536290 0.022078
vt 0.568410 0.035395
vt 0.568694 0.035046
vt 0.568410 0.051100
vt 0.536581 0.066146
vt 0.568410 0.052394
vt 0.536581 0.068680
vt 0.588248 0.440674
vt 0.588248 0.496666
vt 0.540090 0.480628
vt 0.242916 0.684283
vt 0.214816 0.676557
vt 0.214816 0.665073
vt 0.555082 0.743296
vt 0.499106 0.687908
vt 0.495316 0.690899
vt 0.548266 0.885867
vt 0.447425 0.885175
vt 0.482192 0.744679
vt 0.603614 0.719760
vt 0.603614 0.720824
vt 0.603614 0.689432
vt 0.548266 0.883329
vt 0.482192 0.743830
vt 0.557798 0.687359
vt 0.557798 0.689271
vt 0.930466 0.743830
vt 0.857577 0.743296
vt 0.864392 0.883329
vt 0.893512 0.587779
vt 0.854860 0.687359
vt 0.864392 0.885867
vt 0.857577 0.745213
vt 0.930466 0.744679
vt 0.904602 0.682126
vt 0.904105 0.679621
vt 0.885184 0.682910
vt 0.530093 0.136734
vt 0.580113 0.114553
vt 0.530093 0.111726
vt 0.533534 0.480469
vt 0.485377 0.496507
vt 0.485377 0.440515
vt 0.297383 0.495241
vt 0.282574 0.498199
vt 0.289689 0.487543
vt 0.720783 0.161681
vt 0.913552 0.688722
vt 0.917343 0.691661
vt 0.809045 0.720824
vt 0.854860 0.689271
vt 0.133531 0.449323
vt 0.102188 0.449323
vt 0.102188 0.440182
vt 0.766933 0.721345
vt 0.813378 0.752378
vt 0.805673 0.752378
vt 0.844412 0.798824
vt 0.834344 0.798824
vt 0.855310 0.853609
vt 0.844412 0.853609
vt 0.844412 0.908395
vt 0.834344 0.908395
vt 0.813378 0.954840
vt 0.805673 0.954840
vt 0.766933 0.985874
vt 0.762763 0.985874
vt 0.143938 0.178713
vt 0.143938 0.167788
vt 0.155350 0.167956
vt 0.067217 0.270623
vt 0.067217 0.254021
vt 0.089946 0.254021
vt 0.762763 0.721345
vt 0.783728 0.752378
vt 0.805673 0.798824
vt 0.813378 0.853609
vt 0.805673 0.908395
vt 0.783728 0.954840
vt 0.750887 0.985874
vt 0.012145 0.270623
vt 0.012343 0.254021
vt 0.025219 0.254021
vt 0.750887 0.752378
vt 0.733113 0.721345
vt 0.762763 0.798824
vt 0.766933 0.853609
vt 0.762763 0.908395
vt 0.750887 0.954840
vt 0.733113 0.985874
vt 0.143938 0.249985
vt 0.155350 0.249856
vt 0.155350 0.260742
vt 0.712147 0.752378
vt 0.712147 0.721345
vt 0.712147 0.798824
vt 0.712147 0.853609
vt 0.712147 0.908395
vt 0.712147 0.954840
vt 0.712147 0.985874
vt 0.706266 0.092408
vt 0.658174 0.092408
vt 0.658174 0.089118
vt 0.133531 0.486137
vt 0.102188 0.486137
vt 0.102188 0.480029
vt 0.673408 0.752378
vt 0.691182 0.721345
vt 0.661532 0.798824
vt 0.657362 0.853609
vt 0.661532 0.908395
vt 0.673408 0.954840
vt 0.691182 0.985874
vt 0.143938 0.214349
vt 0.143938 0.195063
vt 0.155350 0.195133
vt 0.640566 0.752378
vt 0.618622 0.798824
vt 0.610916 0.853609
vt 0.618622 0.908395
vt 0.640566 0.954840
vt 0.673408 0.985874
vt 0.122288 0.270623
vt 0.109367 0.270623
vt 0.109215 0.254021
vt 0.706266 0.009236
vt 0.658174 0.009236
vt 0.658174 0.005945
vt 0.618622 0.752378
vt 0.661532 0.721345
vt 0.589951 0.798824
vt 0.579883 0.853609
vt 0.589951 0.908395
vt 0.618622 0.954840
vt 0.661532 0.985874
vt 0.044405 0.270623
vt 0.044487 0.254021
vt 0.610916 0.752378
vt 0.657362 0.721345
vt 0.579883 0.798824
vt 0.568985 0.853609
vt 0.579883 0.908395
vt 0.610916 0.954840
vt 0.657362 0.985874
vt 0.007607 0.270623
vt 0.007822 0.254021
vt 0.925552 0.291533
vt 0.961752 0.315721
vt 0.955746 0.315721
vt 0.985940 0.351921
vt 0.978093 0.351921
vt 0.994434 0.394621
vt 0.985940 0.394621
vt 0.985940 0.437322
vt 0.978093 0.437322
vt 0.961752 0.473522
vt 0.955746 0.473522
vt 0.925552 0.497710
vt 0.922302 0.497710
vt 0.868331 0.562598
vt 0.870155 0.568611
vt 0.922302 0.291533
vt 0.938643 0.315721
vt 0.955746 0.351921
vt 0.961752 0.394621
vt 0.955746 0.437322
vt 0.938643 0.473522
vt 0.913046 0.497710
vt 0.133531 0.460106
vt 0.102188 0.460106
vt 0.913046 0.291533
vt 0.913046 0.315721
vt 0.922302 0.351921
vt 0.925552 0.394621
vt 0.922302 0.437322
vt 0.913046 0.473522
vt 0.899192 0.497710
vt 0.842879 0.055415
vt 0.845802 0.062473
vt 0.866048 0.058446
vt 0.908860 0.068539
vt 0.903458 0.073942
vt 0.914926 0.091105
vt 0.882852 0.315721
vt 0.882852 0.291533
vt 0.882852 0.351921
vt 0.882852 0.394621
vt 0.882852 0.437322
vt 0.882852 0.473522
vt 0.882852 0.497710
vt 0.143938 0.233635
vt 0.155350 0.233566
vt 0.921985 0.134521
vt 0.914926 0.131597
vt 0.903458 0.148761
vt 0.852658 0.315721
vt 0.866511 0.291533
vt 0.843401 0.351921
vt 0.840151 0.394621
vt 0.843401 0.437322
vt 0.852658 0.473522
vt 0.866511 0.497710
vt 0.921985 0.088182
vt 0.918954 0.111351
vt 0.810112 0.088182
vt 0.805503 0.111351
vt 0.813143 0.111351
vt 0.827060 0.315721
vt 0.809957 0.351921
vt 0.803951 0.394621
vt 0.809957 0.437322
vt 0.827060 0.473522
vt 0.852658 0.497710
vt 0.889218 0.055415
vt 0.886294 0.062473
vt 0.823236 0.068539
vt 0.809957 0.315721
vt 0.843401 0.291533
vt 0.787610 0.351921
vt 0.779763 0.394621
vt 0.787610 0.437322
vt 0.809957 0.473522
vt 0.843401 0.497710
vt 0.842879 0.167288
vt 0.866048 0.171897
vt 0.866048 0.164257
vt 0.810112 0.134521
vt 0.817170 0.131597
vt 0.823236 0.154163
vt 0.828638 0.148761
vt 0.926594 0.111351
vt 0.866048 0.050806
vt 0.889218 0.167288
vt 0.886294 0.160230
vt 0.908860 0.154163
vt 0.845802 0.160230
vt 0.712147 0.710447
vt 0.712147 0.996771
vt 0.750887 0.721345
vt 0.673408 0.721345
vt 0.882852 0.283039
vt 0.882852 0.506204
vt 0.899192 0.291533
vt 0.852658 0.291533
vt 0.840151 0.291533
vt 0.803951 0.315721
vt 0.779763 0.351921
vt 0.771269 0.394621
vt 0.779763 0.437322
vt 0.803951 0.473522
vt 0.840151 0.497710
vt 0.122090 0.254021
vt 0.126611 0.254021
vt 0.706266 0.065721
vt 0.658174 0.065721
vt 0.658174 0.079746
vt 0.155350 0.214349
vt 0.706266 0.032633
vt 0.658174 0.032633
vt 0.658174 0.049177
vt 0.147127 0.161943
vt 0.147127 0.158107
vt 0.158538 0.158289
vt 0.143938 0.260910
vt 0.155350 0.264564
vt 0.025066 0.270623
vt 0.090028 0.270623
vt 0.155350 0.178842
vt 0.133531 0.470888
vt 0.102188 0.470888
vt 0.051954 0.952078
vt 0.543256 0.514464
vt 0.543256 0.502041
vt 0.585004 0.512898
vt 0.903661 0.111351
vt 0.900798 0.125745
vt 0.543256 0.493740
vt 0.585004 0.507925
vt 0.413398 0.501266
vt 0.470753 0.493193
vt 0.470753 0.481132
vt 0.965246 0.665782
vt 0.543256 0.490825
vt 0.585004 0.506179
vt 0.415407 0.510970
vt 0.472762 0.496054
vt 0.472762 0.485829
vt 0.405218 0.361935
vt 0.471867 0.467707
vt 0.452379 0.525062
vt 0.454778 0.525062
vt 0.415407 0.522374
vt 0.472762 0.502886
vt 0.460463 0.467707
vt 0.445547 0.525062
vt 0.415407 0.526379
vt 0.472762 0.505285
vt 0.443395 0.467707
vt 0.435322 0.525062
vt 0.543256 0.567413
vt 0.543256 0.564498
vt 0.585003 0.550313
vt 0.423261 0.467707
vt 0.423261 0.525062
vt 0.922427 0.533683
vt 0.543256 0.556197
vt 0.585003 0.545340
vt 0.543256 0.543773
vt 0.585004 0.537898
vt 0.543256 0.529119
vt 0.585004 0.529119
vt 0.965202 0.786413
vt 0.585004 0.520340
vt 0.658174 0.018607
vt 0.706266 0.079746
vt 0.133531 0.480029
vt 0.133531 0.440182
vt 0.102188 0.434074
vt 0.706266 0.005945
vt 0.706266 0.018607
vt 0.706266 0.049177
vt 0.706266 0.089118
vt 0.877102 0.579008
vt 0.881959 0.582994
vt 0.119273 0.741818
vt 0.268903 0.756012
vt 0.119707 0.706646
vt 0.543169 0.991046
vt 0.421426 0.990237
vt 0.543169 0.988045
vt 0.447425 0.884021
vt 0.495316 0.691661
vt 0.499106 0.688723
vt 0.555082 0.745213
vt 0.625311 0.524506
vt 0.543169 0.988890
vt 0.421426 0.988855
vt 0.580113 0.111726
vt 0.474232 0.659836
vt 0.464179 0.649782
vt 0.486790 0.641041
vt 0.570695 0.989278
vt 0.556263 0.884432
vt 0.906017 0.587779
vt 0.887500 0.585956
vt 0.893512 0.524912
vt 0.007326 0.702079
vt 0.006813 0.743677
vt 0.118859 0.741813
vt 0.350513 0.979953
vt 0.350513 0.910186
vt 0.367442 0.910158
vt 0.543169 0.990215
vt 0.548266 0.885164
vt 0.556263 0.885551
vt 0.570695 0.990603
vt 0.133885 0.382363
vt 0.133885 0.391504
vt 0.102541 0.391504
vt 0.025989 0.215416
vt 0.026140 0.231878
vt 0.013373 0.231878
vt 0.089946 0.249869
vt 0.067217 0.249869
vt 0.067217 0.233267
vt 0.025219 0.249869
vt 0.012343 0.249869
vt 0.012145 0.233267
vt 0.122196 0.231878
vt 0.109429 0.231878
vt 0.109580 0.215416
vt 0.655706 0.089151
vt 0.655706 0.092442
vt 0.607615 0.092442
vt 0.133885 0.422210
vt 0.133885 0.428318
vt 0.102541 0.428318
vt 0.067784 0.215416
vt 0.067784 0.231878
vt 0.045246 0.231878
vt 0.122288 0.233267
vt 0.122090 0.249869
vt 0.109215 0.249869
vt 0.655706 0.005978
vt 0.655706 0.009269
vt 0.607615 0.009269
vt 0.044487 0.249869
vt 0.007822 0.249869
vt 0.133885 0.402287
vt 0.102541 0.402287
vt 0.866048 0.013882
vt 0.828748 0.021302
vt 0.823362 0.008298
vt 0.956098 0.074051
vt 0.934969 0.042430
vt 0.944922 0.032477
vt 0.090322 0.231878
vt 0.090404 0.215416
vt 0.934969 0.180272
vt 0.956098 0.148651
vt 0.969102 0.154038
vt 0.963517 0.111351
vt 0.969102 0.068665
vt 0.762994 0.068665
vt 0.775998 0.074051
vt 0.768579 0.111351
vt 0.903348 0.021302
vt 0.908735 0.008298
vt 0.797127 0.042430
vt 0.828748 0.201401
vt 0.866048 0.208821
vt 0.866048 0.222896
vt 0.775998 0.148651
vt 0.762994 0.154038
vt 0.797127 0.180272
vt 0.787174 0.032477
vt 0.903348 0.201401
vt 0.944922 0.190225
vt 0.787174 0.190225
vt 0.126611 0.249869
vt 0.655706 0.079779
vt 0.655706 0.065754
vt 0.607615 0.065754
vt 0.655706 0.049210
vt 0.655706 0.032666
vt 0.607615 0.032666
vt 0.006835 0.221493
vt 0.006951 0.231114
vt 0.004331 0.231114
vt 0.126679 0.231878
vt 0.122393 0.215416
vt 0.025066 0.233267
vt 0.109367 0.233267
vt 0.045165 0.215416
vt 0.133885 0.413069
vt 0.102541 0.413069
vt 0.007882 0.198941
vt 0.107342 0.275385
vt 0.533118 0.514926
vt 0.491370 0.520802
vt 0.491370 0.513359
vt 0.930069 0.137870
vt 0.935344 0.111351
vt 0.491370 0.508387
vt 0.533118 0.494202
vt 0.355428 0.474024
vt 0.355428 0.486085
vt 0.412783 0.494157
vt 0.491370 0.506640
vt 0.355428 0.496309
vt 0.412783 0.511225
vt 0.391646 0.521561
vt 0.394046 0.521561
vt 0.374557 0.464206
vt 0.355428 0.503142
vt 0.412783 0.522630
vt 0.400877 0.521561
vt 0.385962 0.464206
vt 0.355428 0.505541
vt 0.412783 0.526635
vt 0.411102 0.521561
vt 0.403030 0.464206
vt 0.533118 0.567874
vt 0.491370 0.552521
vt 0.491370 0.550774
vt 0.423163 0.521561
vt 0.423163 0.464206
vt 0.466271 0.083445
vt 0.523321 0.086670
vt 0.466271 0.111969
vt 0.491370 0.545802
vt 0.533118 0.556658
vt 0.491370 0.538359
vt 0.162293 0.229586
vt 0.533118 0.544235
vt 0.491370 0.529580
vt 0.533118 0.529580
vt 0.655706 0.018640
vt 0.607615 0.079779
vt 0.102541 0.422210
vt 0.133885 0.376255
vt 0.102541 0.382363
vt 0.607615 0.005978
vt 0.607615 0.018640
vt 0.607615 0.049210
vt 0.607615 0.089151
vt 0.802027 0.084833
vt 0.869489 0.991046
vt 0.965233 0.885175
vt 0.873116 0.538540
vt 0.965233 0.884021
vt 0.869489 0.988045
vt 0.235306 0.641123
vt 0.235306 0.613641
vt 0.263974 0.621524
vt 0.869489 0.988890
vt 0.869489 0.990215
vt 0.991232 0.990237
vt 0.882799 0.072527
vt 0.880396 0.034623
vt 0.870340 0.034632
vt 0.242916 0.657347
vt 0.264850 0.662157
vt 0.264850 0.675213
vt 0.856396 0.884432
vt 0.841964 0.989278
vt 0.111559 0.275385
vt 0.433483 0.362281
vt 0.913552 0.687908
vt 0.119293 0.706641
vt 0.387479 0.979643
vt 0.370400 0.979614
vt 0.370400 0.909229
vt 0.841964 0.990603
vt 0.856396 0.885551
vt 0.190750 0.777339
vt 0.190750 0.773111
vt 0.008266 0.788820
vt 0.457339 0.731948
vt 0.457433 0.705797
vt 0.288551 0.711193
vt 0.190750 0.879979
vt 0.008265 0.865466
vt 0.008265 0.856830
vt 0.372478 0.764480
vt 0.372478 0.778757
vt 0.209741 0.789442
vt 0.190750 0.807402
vt 0.190750 0.789381
vt 0.008266 0.800488
vt 0.279832 0.790349
vt 0.441603 0.779728
vt 0.441603 0.800967
vt 0.008265 0.813413
vt 0.441603 0.826021
vt 0.279832 0.826021
vt 0.190750 0.867937
vt 0.441603 0.851074
vt 0.008265 0.843905
vt 0.441603 0.872314
vt 0.279832 0.861692
vt 0.008265 0.828659
vt 0.372478 0.871896
vt 0.372478 0.886172
vt 0.209741 0.872212
vt 0.008266 0.791852
vt 0.456983 0.705663
vt 0.456889 0.731815
vt 0.288029 0.731211
vt 0.008265 0.868498
vt 0.456796 0.757966
vt 0.287957 0.751362
vt 0.212928 0.631870
vt 0.212928 0.618549
vt 0.190750 0.849916
vt 0.209741 0.861211
vt 0.439828 0.871841
vt 0.439828 0.850601
vt 0.278057 0.844853
vt 0.190750 0.828659
vt 0.439828 0.825548
vt 0.278057 0.825548
vt 0.190750 0.884207
vt 0.439828 0.800494
vt 0.592014 0.564953
vt 0.439828 0.779255
vt 0.278057 0.789876
vt 0.288407 0.751496
vt 0.457246 0.758099
vt 0.392884 0.602145
vt 0.392307 0.577910
vt 0.402360 0.587963
vt 0.302527 0.962667
vt 0.111570 0.962667
vt 0.111570 0.979332
vt 0.302527 0.923350
vt 0.111570 0.923350
vt 0.111570 0.943008
vt 0.302527 0.906685
vt 0.111570 0.906685
vt 0.111570 0.895550
vt 0.302527 0.895550
vt 0.302527 0.943008
vt 0.302527 0.979332
vt 0.302527 0.994377
vt 0.111570 0.994377
vt 0.111570 0.990467
vt 0.111570 0.891640
vt 0.302527 0.891640
vt 0.302527 0.990467
vt 0.508258 0.074302
vt 0.506629 0.070370
vt 0.517415 0.063163
vt 0.456401 0.039653
vt 0.459256 0.025301
vt 0.463188 0.026929
vt 0.493905 0.077157
vt 0.493905 0.072901
vt 0.642355 0.351079
vt 0.636502 0.349749
vt 0.769993 0.349708
vt 0.629805 0.345964
vt 0.769993 0.345933
vt 0.623282 0.340299
vt 0.769993 0.340282
vt 0.617927 0.333616
vt 0.769993 0.333616
vt 0.614554 0.326933
vt 0.769993 0.326950
vt 0.613678 0.321268
vt 0.769993 0.321299
vt 0.615432 0.317483
vt 0.769993 0.317524
vt 0.619548 0.316153
vt 0.464643 0.397391
vt 0.612629 0.397347
vt 0.608584 0.398694
vt 0.466391 0.398735
vt 0.603346 0.402530
vt 0.467874 0.402562
vt 0.597714 0.408271
vt 0.468864 0.408289
vt 0.592545 0.415044
vt 0.469212 0.415044
vt 0.588626 0.421817
vt 0.468864 0.421799
vt 0.586553 0.427558
vt 0.460279 0.319831
vt 0.467066 0.323668
vt 0.586641 0.431394
vt 0.588879 0.432742
vt 0.464643 0.432697
vt 0.466391 0.431353
vt 0.769993 0.310861
vt 0.636502 0.310902
vt 0.642355 0.312231
vt 0.769993 0.307085
vt 0.629805 0.307117
vt 0.769993 0.301435
vt 0.623282 0.301451
vt 0.769993 0.294769
vt 0.617927 0.294769
vt 0.769993 0.288103
vt 0.614554 0.288086
vt 0.769993 0.282452
vt 0.613678 0.282421
vt 0.769993 0.278676
vt 0.615432 0.278636
vt 0.769993 0.277350
vt 0.619548 0.277306
vt 0.606818 0.318529
vt 0.606818 0.319873
vt 0.606818 0.323699
vt 0.606818 0.329426
vt 0.473677 0.329409
vt 0.606818 0.336182
vt 0.479105 0.336182
vt 0.606818 0.342937
vt 0.482522 0.342954
vt 0.606818 0.348664
vt 0.483410 0.348696
vt 0.617927 0.412835
vt 0.623282 0.406153
vt 0.606818 0.353835
vt 0.477461 0.353880
vt 0.481633 0.352532
vt 0.606818 0.352491
vt 0.769993 0.357892
vt 0.636502 0.357851
vt 0.642355 0.356522
vt 0.769993 0.361668
vt 0.629805 0.361637
vt 0.769993 0.367319
vt 0.623282 0.367302
vt 0.769993 0.373985
vt 0.617927 0.373985
vt 0.769993 0.380650
vt 0.614554 0.380667
vt 0.769993 0.386301
vt 0.613678 0.386332
vt 0.769993 0.390077
vt 0.615432 0.390118
vt 0.769993 0.391403
vt 0.619548 0.391447
vt 0.463921 0.393818
vt 0.465687 0.392461
vt 0.609266 0.392502
vt 0.467183 0.388597
vt 0.603978 0.388629
vt 0.468183 0.382814
vt 0.598291 0.382831
vt 0.468534 0.375993
vt 0.593071 0.375993
vt 0.468183 0.369171
vt 0.589113 0.369154
vt 0.467183 0.363388
vt 0.587020 0.363357
vt 0.463921 0.358168
vt 0.589369 0.358122
vt 0.587110 0.359483
vt 0.465687 0.359524
vt 0.642355 0.395373
vt 0.636502 0.396702
vt 0.769993 0.396743
vt 0.629805 0.400487
vt 0.769993 0.400519
vt 0.769993 0.406169
vt 0.769993 0.412835
vt 0.614554 0.419518
vt 0.769993 0.419501
vt 0.613678 0.425183
vt 0.769993 0.425152
vt 0.615432 0.428968
vt 0.769993 0.428928
vt 0.619548 0.430298
vt 0.606818 0.311880
vt 0.454347 0.311924
vt 0.460279 0.310577
vt 0.606818 0.310536
vt 0.467066 0.306741
vt 0.606818 0.306709
vt 0.473677 0.300999
vt 0.606818 0.300982
vt 0.479105 0.294227
vt 0.606818 0.294227
vt 0.482522 0.287454
vt 0.606818 0.287471
vt 0.483410 0.281713
vt 0.481633 0.277876
vt 0.477461 0.276529
vt 0.606818 0.276574
vt 0.606818 0.277918
vt 0.009714 0.940049
vt 0.013308 0.921978
vt 0.044907 0.935066
vt 0.090328 0.906657
vt 0.100564 0.921978
vt 0.090328 0.973440
vt 0.075008 0.983677
vt 0.056936 0.987271
vt 0.075008 0.896421
vt 0.068966 0.935066
vt 0.479553 0.074302
vt 0.467386 0.066173
vt 0.470396 0.063163
vt 0.460658 0.039653
vt 0.463188 0.052376
vt 0.493905 0.002149
vt 0.508258 0.005003
vt 0.506629 0.008936
vt 0.467386 0.013133
vt 0.470396 0.016143
vt 0.528555 0.025301
vt 0.524622 0.026929
vt 0.517415 0.016143
vt 0.493905 0.006405
vt 0.481182 0.008936
vt 0.528555 0.054005
vt 0.524622 0.052376
vt 0.527153 0.039653
vt 0.481182 0.070370
vt 0.459256 0.054005
vt 0.520425 0.013133
vt 0.479553 0.005003
vt 0.531410 0.039653
vt 0.520425 0.066173
vt 0.854841 0.074756
vt 0.909207 0.129122
vt 0.886688 0.151641
vt 0.592945 0.229133
vt 0.965202 0.816442
vt 0.868331 0.550093
vt 0.744363 0.167868
vt 0.477606 0.849842
vt 0.494498 0.747365
vt 0.512802 0.749782
vt 0.585003 0.552059
vt 0.965202 0.758669
vt 0.425811 0.332232
vt 0.207480 0.481227
vt 0.217407 0.457262
vt 0.265336 0.457262
vt 0.206938 0.556687
vt 0.243069 0.592818
vt 0.279200 0.556687
vt 0.297143 0.667505
vt 0.308511 0.681405
vt 0.293447 0.668270
vt 0.339189 0.676138
vt 0.339356 0.680144
vt 0.327352 0.690610
vt 0.294518 0.664270
vt 0.294279 0.660183
vt 0.306358 0.649292
vt 0.322900 0.671082
vt 0.310439 0.656274
vt 0.326871 0.670202
vt 0.613351 0.393863
vt 0.454347 0.318484
vt 0.821940 0.627262
vt 0.866605 0.519433
vt 0.974433 0.564097
vt 0.817244 0.579579
vt 0.882086 0.676622
vt 0.914287 0.514737
vt 0.576865 0.142446
vt 0.528733 0.142446
vt 0.528733 0.215266
vt 0.576865 0.215266
vt 0.747953 0.101765
vt 0.716153 0.101765
vt 0.713143 0.060561
vt 0.926413 0.574151
vt 0.213353 0.676154
vt 0.213353 0.665475
vt 0.451097 0.014082
vt 0.866048 0.148964
vt 0.892645 0.137948
vt 0.900798 0.096958
vt 0.892645 0.084755
vt 0.880442 0.146101
vt 0.880442 0.076602
vt 0.851654 0.146101
vt 0.866048 0.073738
vt 0.839452 0.137948
vt 0.851654 0.076602
vt 0.831298 0.125745
vt 0.839452 0.084755
vt 0.828435 0.111351
vt 0.799399 0.527148
vt 0.328415 0.526297
vt 0.760327 0.527645
vt 0.758533 0.713813
vt 0.304520 0.569706
vt 0.297401 0.574466
vt 0.290974 0.589994
vt 0.312917 0.568034
vt 0.300356 0.559647
vt 0.280094 0.589994
vt 0.292644 0.598397
vt 0.321314 0.569706
vt 0.312917 0.557147
vt 0.282593 0.602564
vt 0.297401 0.605521
vt 0.328433 0.574466
vt 0.325477 0.559647
vt 0.289708 0.613220
vt 0.304520 0.610282
vt 0.333190 0.581590
vt 0.336126 0.566767
vt 0.300356 0.620341
vt 0.312917 0.611953
vt 0.334860 0.589994
vt 0.343241 0.577424
vt 0.312917 0.622841
vt 0.321314 0.610282
vt 0.333190 0.598397
vt 0.345740 0.589994
vt 0.325477 0.620341
vt 0.132298 0.014242
vt 0.643573 0.535239
vt 0.885561 0.685436
vt 0.956324 0.933791
vt 0.909184 0.850271
vt 0.921805 0.939792
vt 0.650300 0.535663
vt 0.576865 0.214164
vt 0.710286 0.219231
vt 0.601411 0.220861
vt 0.599227 0.219281
vt 0.601328 0.157754
vt 0.603515 0.159329
vt 0.712386 0.157459
vt 0.462235 0.216028
vt 0.747978 0.049665
vt 0.672842 0.609892
vt 0.672842 0.585847
vt 0.674322 0.687782
vt 0.673377 0.613946
vt 0.673377 0.677726
vt 0.673576 0.643873
vt 0.865105 0.093528
vt 0.719554 0.161681
vt 0.683726 0.492544
vt 0.753716 0.517667
vt 0.778051 0.481247
vt 0.765905 0.492544
vt 0.775050 0.466161
vt 0.766505 0.453372
vt 0.765905 0.469949
vt 0.753716 0.444827
vt 0.738630 0.441826
vt 0.749928 0.453972
vt 0.723544 0.444827
vt 0.717754 0.460371
vt 0.709108 0.481247
vt 0.727332 0.453972
vt 0.711355 0.492544
vt 0.699209 0.481247
vt 0.738630 0.451724
vt 0.717754 0.502122
vt 0.702210 0.496332
vt 0.759505 0.460371
vt 0.727332 0.508522
vt 0.710755 0.509121
vt 0.738630 0.510769
vt 0.723544 0.517667
vt 0.768152 0.481247
vt 0.749928 0.508522
vt 0.738630 0.520667
vt 0.537452 0.107573
vt 0.595567 0.077090
vt 0.620031 0.496332
vt 0.626929 0.481247
vt 0.628577 0.453372
vt 0.641366 0.444827
vt 0.656451 0.441826
vt 0.645153 0.453972
vt 0.671537 0.444827
vt 0.684326 0.453372
vt 0.667749 0.453972
vt 0.692871 0.466161
vt 0.695872 0.481247
vt 0.683726 0.469949
vt 0.685973 0.481247
vt 0.667749 0.508522
vt 0.656451 0.510769
vt 0.671537 0.517667
vt 0.677327 0.460371
vt 0.645153 0.508522
vt 0.656451 0.520667
vt 0.635576 0.502122
vt 0.641366 0.517667
vt 0.656451 0.451724
vt 0.629176 0.492544
vt 0.628577 0.509121
vt 0.635576 0.460371
vt 0.850316 0.072196
vt 0.744376 0.167983
vt 0.715389 0.223212
vt 0.276517 0.386518
vt 0.279234 0.400175
vt 0.276517 0.413833
vt 0.268781 0.425411
vt 0.257203 0.433147
vt 0.243545 0.435864
vt 0.229888 0.433147
vt 0.210573 0.413833
vt 0.207856 0.400175
vt 0.210573 0.386518
vt 0.229888 0.367203
vt 0.243545 0.364486
vt 0.257203 0.367203
vt 0.359001 0.400175
vt 0.356274 0.386463
vt 0.348506 0.374838
vt 0.336882 0.367071
vt 0.323169 0.364343
vt 0.309457 0.367071
vt 0.297832 0.374838
vt 0.287337 0.400175
vt 0.290065 0.413887
vt 0.297832 0.425512
vt 0.323169 0.436007
vt 0.336882 0.433279
vt 0.348506 0.425512
vt 0.540090 0.449544
vt 0.603614 0.688505
vt 0.530093 0.137963
vt 0.533534 0.449385
vt 0.321296 0.531057
vt 0.334842 0.510769
vt 0.312899 0.532728
vt 0.325459 0.541116
vt 0.345721 0.510769
vt 0.333171 0.502365
vt 0.304501 0.531057
vt 0.312899 0.543616
vt 0.343223 0.498199
vt 0.328415 0.495241
vt 0.297383 0.526297
vt 0.300338 0.541116
vt 0.336108 0.487543
vt 0.321296 0.490481
vt 0.292626 0.519172
vt 0.289689 0.533995
vt 0.325459 0.480422
vt 0.312899 0.488810
vt 0.290956 0.510769
vt 0.282574 0.523339
vt 0.312899 0.477922
vt 0.304501 0.490481
vt 0.292626 0.502365
vt 0.280076 0.510769
vt 0.300338 0.480422
vt 0.126826 0.270623
vt 0.158538 0.162111
vt 0.143938 0.264746
vt 0.413398 0.481132
vt 0.415407 0.493901
vt 0.475872 0.467707
vt 0.133531 0.434074
vt 0.007227 0.743682
vt 0.119001 0.763899
vt 0.008068 0.675541
vt 0.007740 0.702084
vt 0.119984 0.684204
vt 0.006904 0.769798
vt 0.269646 0.695789
vt 0.491199 0.618873
vt 0.473654 0.635601
vt 0.455438 0.672393
vt 0.433269 0.676803
vt 0.433269 0.662585
vt 0.449997 0.659258
vt 0.476982 0.618873
vt 0.548266 0.884044
vt 0.367442 0.979925
vt 0.013176 0.215416
vt 0.090028 0.233267
vt 0.044405 0.233267
vt 0.007607 0.233267
vt 0.866048 -0.000193
vt 0.977593 0.111351
vt 0.754504 0.111351
vt 0.823362 0.214405
vt 0.908735 0.214405
vt 0.126826 0.233267
vt 0.004206 0.221493
vt 0.126892 0.215416
vt 0.533118 0.502503
vt 0.412783 0.474024
vt 0.533118 0.491287
vt 0.370552 0.464206
vt 0.533118 0.564959
vt 0.466271 0.113370
vt 0.523321 0.083445
vt 0.102541 0.376255
vt 0.915048 0.160351
vt 0.930069 0.084833
vt 0.892567 0.175372
vt 0.915048 0.062352
vt 0.866048 0.180647
vt 0.892567 0.047331
vt 0.839530 0.175372
vt 0.866048 0.042056
vt 0.817049 0.160351
vt 0.839530 0.047331
vt 0.802027 0.137870
vt 0.817049 0.062352
vt 0.796753 0.111351
vt 0.991232 0.988854
vt 0.263974 0.633240
vt 0.868009 0.072541
vt 0.864392 0.884044
vt 0.917343 0.690899
vt 0.387479 0.909257
vt 0.864392 0.885164
vt 0.288479 0.731345
vt 0.209741 0.778441
vt 0.279832 0.806715
vt 0.279832 0.845326
vt 0.288101 0.711060
vt 0.278057 0.861219
vt 0.278057 0.806242
vt 0.411100 0.565352
vt 0.433269 0.560942
vt 0.416541 0.578488
vt 0.455438 0.565352
vt 0.474232 0.577910
vt 0.449997 0.578488
vt 0.486790 0.596704
vt 0.473654 0.602145
vt 0.416541 0.659258
vt 0.402360 0.649782
vt 0.411100 0.672393
vt 0.464179 0.587963
vt 0.392884 0.635601
vt 0.392307 0.659836
vt 0.433269 0.575160
vt 0.389557 0.618873
vt 0.379749 0.641041
vt 0.375339 0.618873
vt 0.379749 0.596704
vt 0.769993 0.351034
vt 0.769993 0.316198
vt 0.467874 0.427526
vt 0.769993 0.312187
vt 0.769993 0.356566
vt 0.769993 0.395417
vt 0.769993 0.430254
vt 0.606818 0.281744
vt 0.878883 0.154009
vt 0.870765 0.154809
vt 0.862647 0.154009
vt 0.854841 0.151641
vt 0.847648 0.147796
vt 0.841342 0.142621
vt 0.836168 0.136316
vt 0.832322 0.129122
vt 0.829955 0.121316
vt 0.832322 0.097275
vt 0.829155 0.113199
vt 0.829954 0.105081
vt 0.836167 0.090081
vt 0.841342 0.083776
vt 0.847648 0.078601
vt 0.862647 0.072388
vt 0.870765 0.071589
vt 0.878883 0.072388
vt 0.886688 0.074756
vt 0.893882 0.078601
vt 0.900187 0.083776
vt 0.905362 0.090081
vt 0.909207 0.097275
vt 0.911575 0.105081
vt 0.912375 0.113199
vt 0.911575 0.121316
vt 0.905362 0.136316
vt 0.900187 0.142621
vt 0.893882 0.147796
vt 0.502510 0.853132
vt 0.494814 0.930416
vt 0.464974 0.926475
vt 0.500550 0.708640
vt 0.517010 0.710814
vt 0.272683 0.468257
vt 0.275263 0.481227
vt 0.272683 0.494197
vt 0.265336 0.505192
vt 0.254341 0.512539
vt 0.241371 0.515118
vt 0.228402 0.512539
vt 0.217407 0.505192
vt 0.210060 0.494197
vt 0.210060 0.468257
vt 0.228402 0.449915
vt 0.241371 0.447335
vt 0.254341 0.449915
vt 0.276449 0.542861
vt 0.268617 0.531139
vt 0.256896 0.523307
vt 0.243069 0.520557
vt 0.229242 0.523307
vt 0.217521 0.531139
vt 0.209689 0.542861
vt 0.209689 0.570514
vt 0.217521 0.582235
vt 0.229242 0.590068
vt 0.256896 0.590068
vt 0.268617 0.582235
vt 0.276449 0.570514
vt 0.306858 0.684666
vt 0.303963 0.686845
vt 0.290552 0.670449
vt 0.300268 0.687610
vt 0.296334 0.686845
vt 0.288738 0.677558
vt 0.292762 0.684666
vt 0.290094 0.681405
vt 0.288899 0.673711
vt 0.301076 0.668270
vt 0.308672 0.677558
vt 0.304648 0.670449
vt 0.307316 0.673711
vt 0.323504 0.689813
vt 0.320490 0.687545
vt 0.318768 0.684149
vt 0.334453 0.670474
vt 0.318601 0.680144
vt 0.320013 0.676138
vt 0.326510 0.670474
vt 0.322791 0.672743
vt 0.330605 0.669677
vt 0.337467 0.672743
vt 0.337943 0.684149
vt 0.331447 0.689813
vt 0.335166 0.687545
vt 0.310300 0.650040
vt 0.313417 0.652306
vt 0.315232 0.655744
vt 0.299450 0.669974
vt 0.315471 0.659831
vt 0.314097 0.663944
vt 0.307560 0.669838
vt 0.311319 0.667459
vt 0.303392 0.670722
vt 0.296334 0.667708
vt 0.295653 0.656070
vt 0.302190 0.650175
vt 0.298431 0.652555
vt 0.312172 0.652734
vt 0.315259 0.650342
vt 0.329958 0.667810
vt 0.319230 0.649462
vt 0.323480 0.650227
vt 0.331807 0.660122
vt 0.327363 0.652522
vt 0.330287 0.655997
vt 0.331691 0.664270
vt 0.318650 0.670317
vt 0.310323 0.660422
vt 0.314767 0.668022
vt 0.311843 0.664548
vt 0.979130 0.579579
vt 0.980715 0.595680
vt 0.979130 0.611780
vt 0.974433 0.627262
vt 0.966807 0.641530
vt 0.956543 0.654036
vt 0.944037 0.664299
vt 0.929769 0.671926
vt 0.914287 0.676622
vt 0.898187 0.678208
vt 0.866605 0.671926
vt 0.852336 0.664300
vt 0.839830 0.654036
vt 0.829567 0.641530
vt 0.817244 0.611780
vt 0.821940 0.564097
vt 0.815658 0.595680
vt 0.829567 0.549829
vt 0.839830 0.537323
vt 0.852336 0.527060
vt 0.882086 0.514737
vt 0.929769 0.519433
vt 0.898187 0.513151
vt 0.944037 0.527060
vt 0.956543 0.537323
vt 0.966807 0.549829
vt 0.750963 0.060561
vn 0.000000 0.830700 0.556700
vn -0.162100 0.814700 0.556700
vn -0.587400 -0.587400 0.556700
vn -0.690700 -0.461500 0.556700
vn 0.814700 -0.162100 0.556700
vn 0.814700 -0.162000 0.556700
vn 0.767400 -0.317900 0.556700
vn -0.461500 0.690700 0.556700
vn -0.317900 0.767400 0.556700
vn -0.317900 -0.767400 0.556700
vn -0.461500 -0.690700 0.556700
vn 0.814700 0.162100 0.556700
vn 0.830700 0.000000 0.556700
vn -0.690700 0.461500 0.556700
vn -0.587400 0.587400 0.556700
vn 0.000000 -0.830700 0.556700
vn -0.162000 -0.814700 0.556700
vn 0.690700 0.461500 0.556700
vn 0.767400 0.317900 0.556700
vn -0.767400 0.317900 0.556700
vn -0.814700 0.162100 0.556700
vn 0.461500 0.690700 0.556700
vn 0.587400 0.587400 0.556700
vn 0.317900 -0.767400 0.556700
vn 0.162100 -0.814700 0.556700
vn -0.814700 -0.162100 0.556700
vn -0.814700 -0.162000 0.556700
vn -0.830700 0.000000 0.556700
vn 0.162100 0.814700 0.556700
vn 0.317900 0.767400 0.556700
vn 0.587400 -0.587400 0.556700
vn 0.461500 -0.690700 0.556700
vn -0.767400 -0.317900 0.556700
vn 0.690700 -0.461500 0.556700
vn -0.162100 -0.814700 0.556700
vn -0.890100 -0.259000 0.374900
vn -0.882700 -0.286300 0.372400
vn -0.675600 -0.279000 0.682400
vn -0.368700 -0.288500 -0.883600
vn -0.365600 -0.315600 -0.875600
vn -0.675600 -0.310700 -0.668500
vn -0.368700 -0.246700 0.896200
vn -0.681300 -0.251700 0.687400
vn 0.000000 -0.290200 -0.956900
vn 0.000000 -0.317300 -0.948300
vn 0.963500 -0.267600 0.006300
vn 0.890100 -0.259000 0.374900
vn 0.882700 -0.286300 0.372400
vn 0.000000 -0.999700 0.023400
vn 0.571500 0.000000 0.820600
vn 0.430600 0.000000 0.902500
vn 0.430100 0.004600 0.902700
vn 0.290300 0.956900 0.000000
vn 0.382700 0.923900 0.000000
vn 0.555600 0.831400 0.000000
vn 0.707100 0.707100 0.000000
vn 0.831400 0.555600 0.000000
vn 0.923900 0.382700 0.000000
vn 0.956900 0.290300 0.000000
vn 0.121200 0.081000 0.989300
vn 0.103100 0.103100 0.989300
vn 0.000000 -0.571200 0.820800
vn 0.000000 -0.430600 0.902500
vn 0.004600 -0.430100 0.902800
vn 0.956900 -0.290300 0.000000
vn 0.923900 -0.382700 0.000000
vn 0.831400 -0.555600 0.000000
vn 0.707100 -0.707100 0.000000
vn 0.555600 -0.831400 0.000000
vn 0.382700 -0.923900 0.000000
vn 0.290300 -0.956900 0.000000
vn -0.713300 0.000000 0.700900
vn -0.571500 0.000000 0.820600
vn -0.711500 -0.070100 0.699100
vn -0.290300 -0.956900 0.000000
vn -0.382700 -0.923900 0.000000
vn -0.555600 -0.831400 0.000000
vn -0.707100 -0.707100 0.000000
vn -0.831400 -0.555600 0.000000
vn -0.923900 -0.382700 0.000000
vn -0.956900 -0.290300 0.000000
vn 0.000000 0.000000 -1.000000
vn -0.956900 0.290300 0.000000
vn -0.923900 0.382700 0.000000
vn -0.831400 0.555600 0.000000
vn -0.707100 0.707100 0.000000
vn -0.555600 0.831400 0.000000
vn -0.382700 0.923900 0.000000
vn -0.103100 0.103100 0.989300
vn -0.121200 0.081000 0.989300
vn -0.430600 0.000000 0.902500
vn -0.430100 -0.004600 0.902700
vn -0.290300 0.956900 0.000000
vn 0.000200 0.000000 -1.000000
vn -0.195100 0.980800 0.000000
vn 0.000000 1.000000 0.000000
vn -0.980800 -0.195100 0.000000
vn -0.993000 -0.118500 0.000000
vn 0.134700 0.055800 0.989300
vn -0.042500 0.140100 0.989200
vn -0.055800 0.134700 0.989300
vn -0.081000 -0.121200 0.989300
vn -0.103100 -0.103100 0.989300
vn 0.195100 0.980800 0.000000
vn 0.018100 0.999800 0.000000
vn 0.112500 0.993600 0.000000
vn -0.134700 -0.055800 0.989300
vn -0.140100 -0.042500 0.989200
vn 0.103100 -0.103100 0.989300
vn 0.121200 -0.081000 0.989300
vn -0.134700 0.055800 0.989300
vn -0.140100 0.042500 0.989200
vn 0.081000 0.121200 0.989300
vn 0.042500 -0.140100 0.989200
vn 0.055800 -0.134700 0.989300
vn -0.081000 0.121200 0.989300
vn -0.042500 -0.140100 0.989200
vn -0.055800 -0.134700 0.989300
vn 0.140100 0.042500 0.989200
vn -0.121200 -0.081000 0.989300
vn 0.140100 -0.042500 0.989200
vn 0.134700 -0.055800 0.989300
vn 0.042500 0.140100 0.989200
vn 0.055800 0.134700 0.989300
vn 0.081000 -0.121200 0.989300
vn 0.980800 -0.195100 0.000000
vn 0.999500 -0.031000 0.000000
vn 0.993000 -0.118500 0.000000
vn 0.000000 0.571200 0.820800
vn 0.000000 0.430600 0.902500
vn -0.004600 0.430100 0.902800
vn -0.195100 -0.980800 0.000000
vn -0.018100 -0.999800 0.000000
vn -0.112500 -0.993600 0.000000
vn 0.000000 -0.713300 0.700900
vn -0.070100 -0.711500 0.699100
vn 0.581400 -0.057300 0.811500
vn 0.713300 0.000000 0.700900
vn -0.057100 0.580300 0.812400
vn -0.070100 0.711500 0.699100
vn 0.000000 0.713300 0.700900
vn -0.581400 -0.057300 0.811500
vn 0.057100 -0.580300 0.812400
vn 0.070100 -0.711500 0.699100
vn 0.070100 0.711500 0.699100
vn 0.581400 0.057300 0.811500
vn 0.711500 0.070100 0.699100
vn -0.711500 0.070100 0.699100
vn -0.112500 0.993600 0.000000
vn -0.980800 0.195100 0.000000
vn -0.999500 0.031000 0.000000
vn -0.993000 0.118500 0.000000
vn 0.057100 0.580300 0.812400
vn 0.980800 0.195100 0.000000
vn 0.993000 0.118500 0.000000
vn 1.000000 0.000000 0.000000
vn 0.004600 0.430100 0.902800
vn 0.195100 -0.980800 0.000000
vn 0.112500 -0.993600 0.000000
vn 0.000000 -0.551200 -0.834400
vn 0.000000 -0.703400 -0.710800
vn -1.000000 0.000000 0.000000
vn 0.000000 -0.828500 -0.559900
vn 0.000000 -0.921800 -0.387500
vn 0.000000 -0.925900 0.377800
vn 0.000000 -0.834400 0.551200
vn 0.000000 -0.710800 0.703400
vn 0.000000 -0.559900 0.828500
vn 0.000000 -0.387500 0.921800
vn 0.000000 0.979700 0.200200
vn 0.000000 1.000000 0.005200
vn -0.057100 -0.580300 0.812400
vn 0.000000 0.387500 -0.921800
vn 0.000000 0.200200 -0.979700
vn -0.999000 -0.043700 0.000000
vn 0.999500 0.031000 0.000000
vn -0.581400 0.057300 0.811500
vn -0.430100 0.004600 0.902700
vn 0.018100 -0.999800 0.000000
vn -0.004600 -0.430100 0.902800
vn 0.430100 -0.004600 0.902700
vn 0.000000 -1.000000 0.000000
vn 0.000000 0.834400 -0.551200
vn 0.000000 0.710800 -0.703400
vn 0.000000 0.559900 -0.828500
vn 0.000000 0.005200 -1.000000
vn 0.000000 -0.189900 -0.981800
vn 0.000000 -0.377800 -0.925900
vn 0.000000 -0.979700 -0.200200
vn 0.000000 -1.000000 -0.005200
vn 0.000000 -0.981800 0.189900
vn 0.000000 -0.200200 0.979700
vn 0.000000 -0.005200 1.000000
vn 0.000000 0.189900 0.981800
vn 0.000000 0.377800 0.925900
vn 0.000000 0.551200 0.834400
vn 0.000000 0.703400 0.710800
vn 0.000000 0.828500 0.559900
vn 0.000000 0.921800 0.387500
vn 0.000000 0.981800 -0.189900
vn -0.852600 -0.367500 -0.371400
vn -0.852600 -0.432900 -0.292600
vn 0.000000 0.925900 -0.377800
vn 0.852600 0.481700 0.202500
vn 0.852600 0.432900 0.292600
vn -0.923900 0.157700 -0.348600
vn -0.999700 -0.023500 -0.010600
vn 0.000000 0.412200 -0.911100
vn 0.382700 0.380800 -0.841700
vn 0.707100 0.291500 -0.644200
vn 0.382500 0.357200 -0.852100
vn 0.707100 -0.291500 0.644200
vn 0.923900 -0.157700 0.348600
vn 0.923600 -0.181200 0.337900
vn 0.923900 0.157800 -0.348600
vn -0.382700 -0.380800 0.841700
vn -0.382500 -0.404200 0.830800
vn -0.706900 -0.314900 0.633400
vn 0.706900 0.267900 -0.654600
vn 0.923600 0.134200 -0.359100
vn 0.923900 -0.157800 0.348600
vn -0.923600 0.134200 -0.359200
vn -0.706900 0.267900 -0.654600
vn 0.706900 -0.314900 0.633400
vn 0.382500 -0.404200 0.830800
vn 0.382700 -0.380800 0.841700
vn -0.923900 -0.157800 0.348600
vn -0.707100 -0.291500 0.644200
vn 0.000000 -0.412200 0.911100
vn -0.382700 0.380800 -0.841700
vn -0.382500 0.357200 -0.852100
vn 0.000000 0.388600 -0.921400
vn 0.999700 -0.023500 -0.010600
vn 0.000200 -0.000200 -1.000000
vn -0.923900 -0.157700 0.348600
vn -0.382200 -0.427200 0.819400
vn -0.706200 -0.337900 0.622200
vn 0.000000 -0.911100 -0.412200
vn -0.923900 0.157800 -0.348600
vn -0.923600 -0.181200 0.337900
vn -0.707100 0.291500 -0.644200
vn 0.000000 -0.435600 0.900100
vn -0.922600 -0.204400 0.327000
vn -0.998700 -0.046800 -0.021200
vn 0.000000 0.364800 -0.931100
vn 0.382200 0.333500 -0.861800
vn -0.922600 0.110700 -0.369400
vn 0.706200 0.244300 -0.664500
vn 0.922600 0.110700 -0.369400
vn -0.382200 0.333500 -0.861800
vn 0.998700 -0.046800 -0.021200
vn 0.922600 -0.204400 0.327000
vn 0.706200 -0.337900 0.622200
vn 0.000000 -0.458500 0.888700
vn -0.706200 0.244300 -0.664500
vn 0.382200 -0.427200 0.819400
vn -0.923600 0.134200 -0.359100
vn -0.970700 0.103000 -0.217100
vn 0.000000 0.912300 0.409500
vn 0.997100 0.069000 0.031000
vn -0.997100 0.069000 0.031000
vn 0.000000 -0.912100 -0.409900
vn 0.000000 0.712300 -0.701900
vn 0.000000 0.929900 -0.367700
vn 0.000000 0.718400 -0.695500
vn 0.000000 0.397600 -0.917500
vn 0.000000 0.016200 -0.999800
vn 0.000000 -0.367700 -0.929900
vn 0.000000 -0.695500 -0.718400
vn 0.000000 -0.917500 -0.397600
vn 0.000000 -0.999800 -0.016200
vn 0.000000 -0.929900 0.367700
vn 0.000000 -0.718400 0.695500
vn 0.000000 -0.397600 0.917500
vn 0.000000 -0.016200 0.999800
vn 0.000000 0.367700 0.929900
vn 0.000000 0.695500 0.718400
vn 0.000000 0.917500 0.397600
vn 0.000000 0.999800 0.016100
vn 0.000000 0.999800 0.016200
vn -0.999500 -0.031000 0.000000
vn -0.455500 0.353900 -0.816800
vn -0.455500 0.639600 -0.619200
vn -0.455500 0.619200 0.639600
vn -0.455500 0.327300 0.827800
vn -0.062300 0.998000 0.000000
vn -0.681300 -0.283600 -0.674800
vn -0.999000 0.043700 0.000000
vn 0.999000 -0.043700 0.000000
vn 0.455500 -0.816800 -0.353900
vn 0.455500 -0.890100 -0.014400
vn -0.455500 -0.014400 0.890100
vn -0.455500 0.827800 -0.327300
vn 0.455500 -0.619200 -0.639600
vn 0.455500 0.827800 -0.327300
vn 0.455500 0.890100 0.014400
vn -0.455500 -0.353900 0.816800
vn 0.455500 -0.327300 -0.827800
vn 0.455500 0.816800 0.353900
vn -0.455500 -0.639600 0.619200
vn 0.455500 0.014400 -0.890100
vn 0.455500 0.619200 0.639600
vn -0.455500 -0.827800 0.327300
vn 0.455500 0.353900 -0.816800
vn 0.455500 0.327300 0.827800
vn 0.455500 0.639600 -0.619200
vn -0.455500 -0.890100 -0.014400
vn -0.455500 -0.827900 0.327300
vn 0.455500 -0.014400 0.890100
vn -0.455500 -0.816800 -0.353900
vn 0.455500 -0.353900 0.816800
vn -0.455500 -0.619200 -0.639600
vn -0.455500 0.890100 0.014400
vn 0.455500 -0.639600 0.619200
vn -0.455500 -0.327300 -0.827800
vn -0.455500 0.816800 0.353900
vn 0.455500 -0.827800 0.327300
vn -0.455500 0.014400 -0.890100
vn -0.440700 -0.384700 0.811100
vn -0.008300 0.428500 -0.903500
vn 0.000000 0.428500 -0.903500
vn 0.127800 -0.877400 -0.462400
vn 0.243900 -0.859700 -0.448800
vn 0.223700 -0.853400 -0.470800
vn 0.199400 0.915200 0.350200
vn 0.195500 0.916700 0.348500
vn 0.207600 0.913600 0.349500
vn 0.199400 -0.850300 -0.487000
vn 0.207600 -0.848700 -0.486300
vn 0.035000 -0.895500 -0.443600
vn -0.191300 -0.875000 -0.444700
vn -0.353100 0.850200 0.390500
vn -0.382000 0.858800 0.341300
vn -0.359700 0.852400 0.379600
vn -0.207600 -0.848700 -0.486300
vn -0.127800 -0.877400 -0.462400
vn -0.199400 -0.850300 -0.487000
vn -0.035000 -0.895500 -0.443600
vn 0.215500 -0.853400 -0.474500
vn 0.191300 -0.875000 -0.444700
vn -0.199400 0.915200 0.350200
vn -0.225900 0.903300 0.364700
vn -0.207600 0.913600 0.349500
vn -0.616300 0.337400 -0.711500
vn -0.018100 0.999800 0.000000
vn 0.062300 0.998000 0.000000
vn 0.440700 -0.384700 0.811100
vn -0.062300 -0.998000 0.000000
vn -0.243900 0.891500 0.381700
vn -0.223700 0.904500 0.362900
vn 0.359700 0.852400 0.379600
vn 0.382000 0.858800 0.341300
vn 0.353100 0.850200 0.390500
vn -0.403100 -0.021500 -0.914900
vn -0.718800 -0.016300 -0.694900
vn -0.664100 0.258700 -0.701400
vn -0.927300 -0.008800 -0.374200
vn -0.856700 0.346000 -0.382600
vn -0.923900 0.382500 -0.008900
vn -0.927300 0.008800 0.374200
vn -0.856700 0.363500 0.365900
vn -0.718800 0.016300 0.694900
vn -0.664100 0.291300 0.688500
vn -0.403100 0.021500 0.914900
vn -0.372400 0.175700 0.911300
vn -0.041400 0.501800 -0.863900
vn 0.012900 0.720100 -0.693700
vn 0.178600 0.707200 -0.684000
vn 0.012900 0.367700 0.929900
vn 0.178000 0.361800 0.915100
vn 0.178000 0.684400 0.707000
vn -0.372400 0.132800 -0.918500
vn -0.508300 0.491900 -0.706900
vn -0.655700 0.646700 -0.389600
vn -0.707100 0.706900 -0.016600
vn -0.655700 0.664300 0.358900
vn -0.508300 0.524500 0.683000
vn -0.285000 0.306400 0.908200
vn 0.012900 -0.718400 0.695500
vn 0.178000 -0.707000 0.684400
vn 0.178000 -0.391200 0.902900
vn -0.275100 0.647600 -0.710500
vn -0.154200 0.350800 -0.923600
vn -0.354800 0.847700 -0.394300
vn -0.382700 0.923600 -0.021600
vn -0.354800 0.865200 0.354200
vn -0.275100 0.680200 0.679400
vn -0.154200 0.393700 0.906200
vn 0.012900 -0.917500 -0.397500
vn 0.178000 -0.902900 -0.391200
vn 0.178000 -0.983900 -0.015900
vn 0.000000 0.702400 -0.711800
vn 0.000000 0.381500 -0.924300
vn 0.000000 0.918200 -0.396000
vn 0.000000 0.999700 -0.023400
vn 0.000000 0.935800 0.352500
vn 0.000000 0.734900 0.678100
vn 0.000000 0.424400 0.905500
vn 0.275100 0.647600 -0.710500
vn 0.154200 0.350800 -0.923600
vn 0.354800 0.847700 -0.394300
vn 0.382700 0.923600 -0.021600
vn 0.354800 0.865200 0.354200
vn 0.275100 0.680200 0.679400
vn 0.154200 0.393700 0.906200
vn 0.012900 -0.367600 -0.929900
vn -0.023600 0.041600 -0.998800
vn 0.178000 0.015900 -0.983900
vn 0.508300 0.491900 -0.706900
vn 0.655700 0.646700 -0.389600
vn 0.707100 0.706900 -0.016600
vn 0.655700 0.664300 0.358900
vn 0.508300 0.524500 0.683000
vn 0.285000 0.306400 0.908200
vn 0.012900 0.999800 0.016200
vn 0.012900 0.917500 0.397500
vn 0.178000 0.902900 0.391200
vn 0.664100 0.258700 -0.701400
vn 0.372400 0.132800 -0.918500
vn 0.856700 0.346000 -0.382600
vn 0.923900 0.382500 -0.009000
vn 0.856700 0.363500 0.365900
vn 0.664100 0.291300 0.688500
vn 0.372400 0.175700 0.911300
vn 0.012900 -0.016200 0.999800
vn 0.178000 -0.015900 0.983900
vn 0.718800 -0.016300 -0.694900
vn 0.403100 -0.021500 -0.914900
vn 0.927300 -0.008800 -0.374200
vn 0.927300 0.008800 0.374200
vn 0.718800 0.016300 0.694900
vn 0.403100 0.021500 0.914900
vn 0.012900 -0.929900 0.367600
vn 0.178000 -0.915100 0.361800
vn 0.664100 -0.291300 -0.688500
vn 0.856700 -0.363500 -0.365900
vn 0.923900 -0.382500 0.008900
vn 0.856700 -0.346000 0.382600
vn 0.664100 -0.258700 0.701400
vn 0.372400 -0.132800 0.918500
vn 0.372400 -0.175700 -0.911300
vn 0.508300 -0.524500 -0.683000
vn 0.655700 -0.664300 -0.358900
vn 0.707100 -0.706900 0.016600
vn 0.655700 -0.646700 0.389600
vn 0.508300 -0.491900 0.706900
vn 0.285000 -0.263500 0.921600
vn 0.285000 -0.306400 -0.908200
vn 0.275100 -0.680200 -0.679400
vn 0.354800 -0.865200 -0.354200
vn 0.382700 -0.923600 0.021600
vn 0.354800 -0.847700 0.394300
vn 0.275100 -0.647600 0.710500
vn 0.154200 -0.350800 0.923600
vn -0.694400 -0.500500 -0.517000
vn -0.694400 -0.264600 -0.669100
vn -0.686600 0.336600 -0.644400
vn -0.686000 0.328300 -0.649300
vn -0.694700 0.518000 -0.499100
vn 0.000000 -0.734900 -0.678100
vn 0.000000 -0.424400 -0.905500
vn 0.000000 -0.935800 -0.352500
vn 0.000000 -0.918200 0.396000
vn 0.000000 -0.702400 0.711800
vn 0.000000 -0.381500 0.924300
vn 0.012900 -0.695500 -0.718400
vn 0.178000 -0.684400 -0.707000
vn -0.694400 0.719500 0.011600
vn -0.694400 0.660200 0.286100
vn -0.275100 -0.680200 -0.679400
vn -0.154200 -0.393700 -0.906200
vn -0.354800 -0.865200 -0.354200
vn -0.382700 -0.923600 0.021600
vn -0.354800 -0.847700 0.394300
vn -0.275100 -0.647600 0.710500
vn -0.154200 -0.350800 0.923600
vn -0.694400 0.518100 -0.499300
vn -0.694400 0.669100 -0.264600
vn -0.694400 -0.719500 -0.011600
vn -0.694400 -0.669100 0.264600
vn -0.508300 -0.524500 -0.683000
vn -0.655700 -0.664300 -0.358900
vn -0.707100 -0.706900 0.016600
vn -0.655700 -0.646700 0.389600
vn -0.508300 -0.491900 0.706900
vn -0.285000 -0.263500 0.921600
vn -0.694100 0.054000 -0.717800
vn -0.693400 0.065300 -0.717600
vn -0.694400 -0.660200 -0.286100
vn -0.664100 -0.291300 -0.688500
vn -0.372400 -0.175700 -0.911300
vn -0.856700 -0.363500 -0.365900
vn -0.923900 -0.382500 0.008900
vn -0.856700 -0.346000 0.382600
vn -0.664100 -0.258700 0.701400
vn -0.372400 -0.132800 0.918500
vn -0.694400 -0.011600 0.719500
vn -0.694400 0.264600 0.669100
vn -0.694400 -0.517000 0.500500
vn -0.694400 -0.286100 0.660200
vn -0.694400 0.500500 0.517000
vn 0.000000 -0.023400 -0.999700
vn 0.000000 0.023400 0.999700
vn -0.285000 0.263500 -0.921600
vn 0.285000 0.263500 -0.921600
vn 0.154200 -0.393700 -0.906200
vn -0.285000 -0.306400 -0.908200
vn 0.178000 0.983900 0.015900
vn 0.178000 0.915100 -0.361800
vn 0.178000 -0.361800 -0.915100
vn 0.012900 0.929900 -0.367600
vn 0.012900 -0.999800 -0.016200
vn 0.012900 -0.397500 0.917500
vn 0.012900 0.695500 0.718400
vn 0.134300 0.388400 -0.911600
vn -0.365700 -0.274200 0.889400
vn 0.345200 -0.861100 -0.373100
vn 0.345200 -0.652800 -0.674300
vn 0.345200 0.938400 0.015200
vn 0.345200 0.872800 -0.345100
vn 0.345200 -0.345100 -0.872800
vn 0.345200 0.861200 0.373100
vn 0.345200 0.015200 -0.938400
vn 0.345200 0.652800 0.674300
vn 0.345200 0.373100 -0.861100
vn 0.345200 0.345100 0.872800
vn 0.345200 0.674300 -0.652800
vn 0.345200 -0.015200 0.938400
vn 0.345200 -0.373100 0.861100
vn 0.345200 -0.674300 0.652800
vn 0.345200 -0.872800 0.345100
vn 0.345200 -0.938400 -0.015200
vn -0.998800 -0.020800 0.043800
vn 0.194400 0.916200 0.350400
vn 0.191400 0.917700 0.348000
vn 0.194400 -0.851000 -0.487700
vn 0.195500 -0.849900 -0.489300
vn 0.223700 0.904500 0.362900
vn 0.243900 0.891500 0.381700
vn 0.225900 0.903300 0.364700
vn 0.000000 -0.428500 0.903500
vn 0.004700 -0.428500 0.903500
vn 0.062200 -0.998000 0.001200
vn 0.060300 -0.997600 0.034100
vn 0.060800 -0.997800 0.025700
vn -0.000400 -0.891000 -0.454000
vn -0.001200 -0.891000 -0.453900
vn -0.990700 0.058300 -0.123000
vn -0.048500 0.428000 -0.902500
vn -0.000400 0.915600 0.402100
vn -0.001400 0.915500 0.402200
vn -0.001200 0.915500 0.402200
vn 0.014100 -0.428400 0.903400
vn 0.041400 0.501800 -0.863900
vn -0.134300 0.388400 -0.911600
vn -0.178600 0.707200 -0.684000
vn -0.178000 0.684400 0.707000
vn -0.178000 0.361800 0.915100
vn -0.012900 0.367600 0.929900
vn -0.178000 -0.391200 0.902900
vn -0.178000 -0.707000 0.684400
vn -0.012900 -0.718400 0.695500
vn -0.178000 -0.983900 -0.015900
vn -0.178000 -0.902900 -0.391200
vn -0.012900 -0.917500 -0.397500
vn -0.012900 -0.367600 -0.929900
vn -0.178000 -0.361800 -0.915100
vn -0.178000 0.015900 -0.983900
vn -0.012900 0.999800 0.016200
vn -0.178000 0.983900 0.015900
vn -0.178000 0.902900 0.391200
vn -0.178000 -0.015900 0.983900
vn -0.178000 -0.915100 0.361800
vn 0.694400 -0.264600 -0.669100
vn 0.694400 -0.500500 -0.517000
vn 0.694700 0.518000 -0.499100
vn 0.686000 0.328300 -0.649300
vn 0.686600 0.336600 -0.644400
vn -0.178000 -0.684400 -0.707000
vn -0.012900 -0.695500 -0.718400
vn 0.694400 0.660200 0.286100
vn 0.694400 0.719500 0.011600
vn 0.694400 0.669100 -0.264600
vn 0.694400 0.518100 -0.499300
vn 0.694400 -0.719500 -0.011600
vn 0.694400 -0.669100 0.264600
vn 0.693400 0.065300 -0.717600
vn 0.694100 0.054000 -0.717800
vn 0.694400 -0.660200 -0.286100
vn 0.694400 -0.011600 0.719500
vn 0.694400 0.264600 0.669100
vn 0.694400 -0.517000 0.500500
vn 0.694400 -0.286100 0.660200
vn 0.694400 0.500500 0.517000
vn -0.178000 0.915100 -0.361800
vn -0.012900 0.720100 -0.693700
vn -0.012900 -0.999800 -0.016200
vn -0.012900 -0.397500 0.917500
vn -0.012900 0.917500 0.397500
vn 0.023600 0.041600 -0.998800
vn -0.345200 -0.938400 -0.015200
vn -0.345200 -0.861200 -0.373100
vn -0.345200 -0.652800 -0.674300
vn -0.345200 0.872800 -0.345100
vn -0.345200 0.938400 0.015200
vn -0.345200 -0.345100 -0.872800
vn -0.345200 0.861200 0.373100
vn -0.345200 0.015200 -0.938400
vn -0.345200 0.652800 0.674300
vn -0.345200 0.373100 -0.861100
vn -0.345200 0.345100 0.872800
vn -0.345200 0.674300 -0.652800
vn -0.345200 -0.015200 0.938400
vn 0.999000 0.043700 0.000000
vn -0.345200 -0.373100 0.861100
vn -0.345200 -0.674300 0.652800
vn -0.345200 -0.872800 0.345100
vn 0.998800 -0.020800 0.043800
vn -0.194400 0.916200 0.350400
vn -0.195500 0.916700 0.348500
vn -0.195500 -0.849900 -0.489300
vn -0.194400 -0.851000 -0.487700
vn 0.008300 0.428500 -0.903500
vn 0.008900 0.428500 -0.903500
vn -0.004700 -0.428500 0.903500
vn -0.000200 -0.002900 -1.000000
vn 0.000000 -0.002200 -1.000000
vn -0.008900 0.428500 -0.903500
vn -0.017500 0.428400 -0.903400
vn 0.001200 -0.891000 -0.453900
vn 0.000400 -0.891000 -0.454000
vn 0.711500 -0.070100 0.699100
vn -0.243900 -0.859700 -0.448800
vn 0.990700 0.058300 -0.123000
vn 0.048500 0.428000 -0.902500
vn 0.000400 0.915600 0.402100
vn 0.001200 0.915500 0.402200
vn -0.014100 -0.428400 0.903400
vn -0.381100 -0.110700 -0.917800
vn 0.000000 -0.112500 -0.993700
vn 0.000000 -0.109100 -0.994000
vn 0.000000 -0.115800 -0.993300
vn 0.381000 -0.114000 -0.917500
vn 0.381100 -0.110700 -0.917800
vn 0.381100 -0.067500 0.922000
vn 0.381300 -0.064100 0.922200
vn 0.704500 -0.069200 0.706300
vn 0.704100 -0.108900 -0.701700
vn 0.704300 -0.105600 -0.702000
vn -0.920200 -0.098100 -0.378900
vn -0.704300 -0.105600 -0.702000
vn -0.704500 -0.102200 -0.702300
vn 0.919900 -0.101400 -0.378800
vn 0.920200 -0.098100 -0.378900
vn 0.920500 -0.094700 -0.379100
vn 0.704500 -0.102200 -0.702300
vn 0.995700 -0.092400 0.002200
vn 0.996000 -0.089100 0.002100
vn -0.704300 -0.072600 0.706200
vn -0.704500 -0.069200 0.706300
vn -0.381300 -0.064100 0.922200
vn 0.919900 -0.083500 0.383100
vn 0.704300 -0.072600 0.706200
vn 0.920500 -0.076800 0.383200
vn 0.704100 -0.075900 0.706000
vn -0.920500 -0.094700 -0.379100
vn -0.996300 -0.085700 0.002000
vn 0.381000 -0.070800 0.921800
vn 0.381300 -0.107300 -0.918200
vn 0.000000 -0.069100 0.997600
vn 0.000000 -0.065800 0.997800
vn -0.381100 -0.067500 0.922000
vn 0.000000 -0.062400 0.998000
vn -0.381000 -0.070800 0.921800
vn 0.017500 0.428400 -0.903400
vn 0.920200 -0.080200 0.383100
vn 0.996300 -0.085700 0.002000
vn -0.704100 -0.075900 0.706000
vn -0.919900 -0.083500 0.383100
vn -0.920200 -0.080200 0.383100
vn -0.996000 -0.089100 0.002100
vn -0.920500 -0.076800 0.383200
vn -0.995700 -0.092400 0.002200
vn -0.919900 -0.101400 -0.378800
vn -0.381300 -0.107300 -0.918200
vn -0.704100 -0.108900 -0.701700
vn -0.381000 -0.114000 -0.917500
vn -0.923900 0.008900 0.382500
vn -0.923900 0.009000 0.382500
vn -0.707100 0.016600 0.706900
vn -0.923900 -0.009000 -0.382600
vn -0.923900 -0.008900 -0.382500
vn 0.707100 -0.016600 -0.706900
vn 0.382700 -0.021600 -0.923600
vn -0.382700 -0.021600 -0.923600
vn -0.707100 -0.016600 -0.706900
vn 0.923900 -0.009000 -0.382600
vn 0.707100 0.016600 0.706900
vn 0.923900 0.008900 0.382500
vn 0.382700 0.021600 0.923600
vn -0.382700 0.021600 0.923600
vn 0.382600 0.021600 0.923600
vn 0.371300 -0.220900 0.901800
vn 0.368700 -0.246700 0.896200
vn 0.681300 -0.251700 0.687400
vn -0.970200 -0.242000 0.005600
vn -0.896400 -0.250600 -0.365500
vn -0.890100 -0.276300 -0.362300
vn 0.000000 -0.219200 0.975700
vn 0.000000 -0.245000 0.969500
vn 0.086000 0.025100 0.996000
vn 0.514500 0.027400 0.857100
vn 0.380900 0.029300 0.924100
vn 0.840800 0.019300 0.541000
vn 0.706900 0.027500 0.706700
vn 0.988600 0.004600 0.150300
vn 0.924400 0.017700 0.380900
vn 0.976300 -0.010000 -0.216100
vn 1.000000 0.002700 -0.002300
vn 0.855500 -0.020800 -0.517400
vn 0.923200 -0.012500 -0.384000
vn 0.661100 -0.025800 -0.749800
vn 0.706400 -0.024200 -0.707400
vn 0.403800 -0.026700 -0.914400
vn 0.384400 -0.027900 -0.922800
vn 0.077200 -0.024300 -0.996700
vn 0.002200 -0.023300 -0.999700
vn -0.303600 -0.016700 -0.952600
vn -0.381500 -0.015900 -0.924200
vn -0.677400 -0.006300 -0.735600
vn -0.707400 -0.009500 -0.706700
vn -0.885100 0.000900 -0.465300
vn -0.981700 -0.005000 -0.190100
vn -0.998800 0.006000 -0.047600
vn -0.998700 0.005800 -0.051200
vn -0.979700 -0.004000 0.200400
vn -0.840600 -0.328800 0.430400
vn -0.828200 -0.191300 0.526700
vn -0.923300 -0.002300 0.384100
vn -0.651500 -0.184200 0.735900
vn 0.749400 -0.661600 0.026900
vn 0.808400 -0.563200 0.170800
vn 0.690800 -0.646800 0.323200
vn -0.419400 -0.189500 0.887800
vn -0.002600 0.023800 0.999700
vn -0.384200 0.015200 0.923100
vn -0.380900 0.029300 0.924100
vn -0.514400 0.027400 0.857100
vn -0.086000 0.025100 0.996000
vn -0.706900 0.027500 0.706700
vn -0.840800 0.019300 0.541000
vn -0.924400 0.017700 0.380900
vn -0.988600 0.004600 0.150300
vn -1.000000 0.002700 -0.002300
vn -0.976300 -0.010000 -0.216100
vn -0.923200 -0.012500 -0.384000
vn -0.855500 -0.020800 -0.517400
vn -0.706400 -0.024200 -0.707400
vn -0.661100 -0.025800 -0.749800
vn -0.384400 -0.027900 -0.922800
vn -0.403800 -0.026700 -0.914400
vn -0.002200 -0.023300 -0.999700
vn -0.077200 -0.024300 -0.996700
vn 0.381500 -0.015900 -0.924200
vn 0.303600 -0.016700 -0.952600
vn 0.707400 -0.009500 -0.706700
vn 0.677400 -0.006300 -0.735600
vn 0.831400 -0.007000 -0.555500
vn 0.885100 0.000900 -0.465300
vn 0.981700 -0.005000 -0.190100
vn 0.980800 -0.005400 -0.195000
vn 0.998700 0.005800 -0.051200
vn 0.979700 -0.004000 0.200400
vn 0.923300 -0.002300 0.384100
vn 0.828200 -0.191300 0.526700
vn 0.708100 0.005100 0.706100
vn 0.651500 -0.184200 0.735900
vn -0.124700 -0.846900 -0.516900
vn -0.048200 -0.718100 -0.694200
vn -0.073500 -0.745400 -0.662500
vn 0.002600 0.023800 0.999700
vn 0.419400 -0.189500 0.887800
vn 0.384200 0.015200 0.923100
vn 0.380900 -0.014000 -0.924500
vn 0.514500 -0.012800 -0.857400
vn 0.086000 -0.021600 -0.996000
vn 0.706900 -0.005600 -0.707200
vn 0.840800 -0.006100 -0.541300
vn 0.924400 -0.000100 -0.381400
vn 0.988600 -0.002400 -0.150300
vn 1.000000 0.002800 0.002100
vn 0.976300 0.000100 0.216300
vn 0.923200 0.005500 0.384200
vn 0.855500 0.003400 0.517800
vn 0.706400 0.008900 0.707700
vn 0.661100 0.009300 0.750200
vn 0.384400 0.015400 0.923000
vn 0.403800 0.016200 0.914700
vn 0.002200 0.023600 0.999700
vn 0.077200 0.022500 0.996700
vn -0.381500 0.027400 0.923900
vn -0.303600 0.027900 0.952400
vn -0.707400 0.023600 0.706400
vn -0.677400 0.028100 0.735100
vn -0.831400 0.019000 0.555300
vn -0.885100 0.022700 0.464800
vn -0.981700 0.003900 0.190100
vn -0.980800 0.003800 0.195000
vn -0.998700 0.008100 0.050800
vn -0.979700 -0.013400 -0.199900
vn -0.923300 -0.020300 -0.383600
vn -0.828200 -0.215800 -0.517100
vn -0.708100 -0.028000 -0.705600
vn -0.651500 -0.218500 -0.726500
vn -0.808400 -0.570600 -0.144200
vn -0.807900 -0.510100 -0.295000
vn -0.694200 -0.615500 -0.373000
vn -0.002600 -0.023100 -0.999700
vn -0.419400 -0.230900 -0.877900
vn -0.384200 -0.028100 -0.922800
vn -0.086000 -0.021600 -0.996000
vn -0.514500 -0.012800 -0.857400
vn -0.380900 -0.014000 -0.924500
vn -0.840800 -0.006100 -0.541300
vn -0.706900 -0.005600 -0.707200
vn -0.988600 -0.002400 -0.150300
vn -0.924400 -0.000100 -0.381400
vn -0.976300 0.000100 0.216300
vn -1.000000 0.002800 0.002100
vn -0.855500 0.003400 0.517800
vn -0.923200 0.005500 0.384200
vn -0.661100 0.009300 0.750200
vn -0.706400 0.008900 0.707700
vn -0.403800 0.016200 0.914700
vn -0.384400 0.015400 0.923000
vn -0.077200 0.022500 0.996700
vn -0.002200 0.023600 0.999700
vn 0.303600 0.027900 0.952400
vn 0.381500 0.027400 0.923900
vn 0.677400 0.028100 0.735100
vn 0.707400 0.023600 0.706400
vn 0.885100 0.022700 0.464800
vn 0.981700 0.003900 0.190100
vn 0.998800 0.008300 0.047300
vn 0.998700 0.008100 0.050800
vn 0.979700 -0.013400 -0.199900
vn 0.840600 -0.348600 -0.414500
vn 0.828200 -0.215800 -0.517100
vn 0.923300 -0.020300 -0.383600
vn 0.651500 -0.218500 -0.726500
vn -0.378700 -0.922000 -0.080300
vn -0.358200 -0.930600 -0.074900
vn -0.575800 -0.812900 -0.086800
vn 0.419400 -0.230900 -0.877900
vn 0.002600 -0.023100 -0.999700
vn 0.384200 -0.028100 -0.922800
vn 0.000000 -0.272500 0.962200
vn -0.963500 -0.267600 0.006300
vn -0.882700 -0.303400 -0.358700
vn 0.681300 -0.283600 -0.674800
vn 0.675600 -0.310700 -0.668500
vn 0.365600 -0.315600 -0.875600
vn 0.890100 -0.276300 -0.362300
vn 0.955500 -0.294900 0.006900
vn 0.675600 -0.279000 0.682400
vn -0.955500 -0.294900 0.006900
vn 0.368700 -0.288500 -0.883600
vn 0.882700 -0.303400 -0.358600
vn 0.365700 -0.274100 0.889400
vn -0.371300 -0.220900 0.901800
vn -0.686100 -0.225900 0.691500
vn 0.000000 -0.264700 -0.964300
vn 0.371300 -0.263000 -0.890500
vn -0.686100 -0.258000 -0.680200
vn 0.896400 -0.250600 -0.365500
vn 0.896400 -0.233300 0.376900
vn -0.896400 -0.233300 0.376900
vn 0.686100 -0.258000 -0.680200
vn -0.371300 -0.263000 -0.890500
vn 0.970200 -0.242000 0.005600
vn 0.686100 -0.225900 0.691500
vn 0.000000 0.000000 1.000000
vn 0.970700 0.103000 -0.217100
vn 0.000000 -0.999700 0.023500
vn 0.000000 -0.695600 -0.718400
vn 0.000000 -0.917600 -0.397600
vn 0.826600 0.516400 0.223800
vn 0.826600 0.562800 0.009100
vn -0.826500 0.206900 0.523400
vn -0.826600 -0.009100 0.562700
vn 0.826600 0.404300 -0.391500
vn 0.826600 0.223800 -0.516400
vn -0.826600 0.391500 0.404400
vn 0.826600 0.523400 -0.206900
vn 0.826600 0.009100 -0.562700
vn -0.826600 0.516400 0.223800
vn -0.826600 0.404400 -0.391500
vn -0.826600 0.523400 -0.206900
vn 0.826600 -0.206900 -0.523400
vn -0.826600 0.562800 0.009100
vn -0.826600 0.223800 -0.516400
vn 0.826600 -0.391500 -0.404400
vn -0.826600 0.009100 -0.562800
vn 0.826600 -0.516400 -0.223800
vn -0.826600 -0.206900 -0.523400
vn 0.826600 -0.562700 -0.009100
vn -0.826600 -0.391500 -0.404400
vn 0.826600 -0.523400 0.206900
vn -0.826600 -0.516400 -0.223800
vn 0.826600 -0.404400 0.391500
vn -0.826600 -0.562800 -0.009100
vn 0.826600 -0.223800 0.516400
vn 0.826500 -0.404400 0.391500
vn -0.826600 -0.523400 0.206900
vn 0.826600 -0.009100 0.562700
vn -0.826600 -0.404400 0.391500
vn 0.826600 0.206900 0.523400
vn -0.826600 -0.223800 0.516400
vn 0.826500 0.206900 0.523400
vn 0.826600 0.391500 0.404300
vn -0.512000 -0.668100 0.539800
vn 0.694200 -0.597300 0.401500
vn 0.673700 -0.562000 0.479800
vn 0.424100 -0.566500 0.706500
vn -0.673700 -0.583800 -0.452900
vn -0.424100 -0.599000 -0.679200
vn 0.512000 -0.692700 -0.507900
vn 0.673700 -0.583800 -0.452900
vn 0.633000 -0.565400 -0.528900
vn 0.048200 -0.718100 -0.694200
vn 0.073500 -0.745400 -0.662500
vn -0.266200 -0.689700 -0.673300
vn -0.608000 -0.790200 -0.076900
vn -0.722300 -0.691500 -0.005900
vn -0.840600 -0.348600 -0.414500
vn 0.088000 -0.576500 0.812300
vn 0.266200 -0.657400 0.704900
vn 0.344100 -0.604300 0.718600
vn -0.078000 -0.961300 -0.264300
vn -0.127400 -0.864300 -0.486500
vn -0.238400 -0.502200 0.831200
vn -0.380800 -0.455900 0.804400
vn -0.424100 -0.566500 0.706500
vn 0.807900 -0.495700 0.318600
vn 0.573800 -0.561500 -0.596100
vn 0.124700 -0.846900 -0.516900
vn 0.127400 -0.864300 -0.486500
vn -0.749400 -0.661600 0.026800
vn -0.690800 -0.646800 0.323200
vn -0.633000 -0.565300 -0.528900
vn -0.048200 -0.684700 0.727100
vn -0.073500 -0.713600 0.696700
vn 0.114000 -0.993300 -0.015000
vn -0.071400 -0.965600 -0.250000
vn 0.840600 -0.328800 0.430400
vn -0.088000 -0.576500 0.812300
vn -0.344100 -0.604300 0.718600
vn 0.078000 -0.961300 -0.264300
vn 0.071400 -0.965600 -0.250000
vn -0.808400 -0.563200 0.170800
vn -0.694200 -0.597300 0.401500
vn -0.573800 -0.561500 -0.596100
vn -0.124700 -0.821700 0.556000
vn -0.127400 -0.840500 0.526500
vn 0.111500 -0.993600 -0.017100
vn 0.358200 -0.926100 0.118500
vn 0.633000 -0.539900 0.554800
vn 0.380800 -0.493100 -0.782200
vn 0.501900 -0.573400 -0.647500
vn 0.048200 -0.684700 0.727100
vn -0.266200 -0.657400 0.704900
vn -0.114000 -0.993300 -0.015000
vn -0.111500 -0.993600 -0.017100
vn -0.807900 -0.495700 0.318600
vn -0.673700 -0.562000 0.479800
vn -0.501900 -0.573400 -0.647500
vn -0.078000 -0.947800 0.309000
vn -0.071400 -0.952800 0.295000
vn 0.378700 -0.917200 0.123500
vn 0.575800 -0.807900 0.124900
vn 0.573800 -0.533000 0.621800
vn 0.124700 -0.821700 0.556000
vn 0.073500 -0.713600 0.696700
vn -0.378700 -0.917200 0.123500
vn -0.358200 -0.926100 0.118500
vn -0.633000 -0.539900 0.554800
vn -0.380800 -0.493100 -0.782200
vn 0.114000 -0.991500 0.061500
vn 0.111500 -0.991700 0.063600
vn 0.608000 -0.785700 0.113900
vn 0.722300 -0.690500 0.038300
vn 0.501900 -0.542500 0.673600
vn 0.078000 -0.947800 0.309000
vn 0.127400 -0.840500 0.526500
vn 0.238400 -0.540600 -0.806700
vn 0.424100 -0.599000 -0.679200
vn -0.608000 -0.785700 0.113900
vn -0.575800 -0.807900 0.124900
vn -0.573800 -0.533000 0.621800
vn 0.378700 -0.922000 -0.080300
vn 0.358200 -0.930600 -0.074900
vn 0.749400 -0.662100 0.004200
vn 0.690800 -0.661200 -0.292500
vn 0.380800 -0.455900 0.804400
vn -0.114000 -0.991500 0.061500
vn 0.071400 -0.952800 0.295000
vn -0.749400 -0.662100 0.004200
vn -0.722300 -0.690500 0.038300
vn 0.088000 -0.614000 -0.784400
vn 0.344100 -0.637300 -0.689500
vn -0.238400 -0.540600 -0.806700
vn -0.344100 -0.637300 -0.689500
vn 0.608000 -0.790200 -0.076900
vn 0.575800 -0.812900 -0.086800
vn 0.808400 -0.570600 -0.144200
vn 0.694200 -0.615500 -0.373000
vn -0.111500 -0.991700 0.063600
vn -0.690800 -0.661200 -0.292500
vn -0.501900 -0.542500 0.673600
vn 0.266200 -0.689700 -0.673300
vn 0.722300 -0.691500 -0.005900
vn 0.807900 -0.510100 -0.295000
vn -0.088000 -0.614000 -0.784400
vn 0.238400 -0.502200 0.831200
vn -0.852600 -0.202500 0.481700
vn -0.852600 -0.292600 0.432900
vn 0.852600 -0.367500 -0.371400
vn 0.852600 -0.432900 -0.292600
vn -0.852600 0.511900 0.104600
vn -0.852600 0.481700 0.202500
vn 0.852600 -0.202500 0.481700
vn 0.852600 -0.292600 0.432900
vn -0.852600 0.371400 -0.367500
vn -0.852600 0.292600 -0.432900
vn 0.852600 0.511900 0.104600
vn -0.852600 -0.481700 -0.202500
vn 0.852600 0.371400 -0.367500
vn 0.852600 0.292600 -0.432900
vn -0.852600 -0.104600 0.511900
vn 0.852600 -0.481700 -0.202500
vn -0.852600 0.522500 0.002700
vn 0.852600 -0.104600 0.511900
vn -0.852600 0.202500 -0.481700
vn 0.852600 0.522500 0.002700
vn -0.852600 -0.511900 -0.104600
vn 0.852600 0.202500 -0.481700
vn -0.852600 -0.002700 0.522500
vn 0.852600 -0.511900 -0.104600
vn -0.852600 0.513000 -0.099200
vn 0.852600 -0.002700 0.522500
vn -0.852600 0.104600 -0.511900
vn 0.852600 0.513000 -0.099200
vn -0.852600 -0.522500 -0.002700
vn 0.852600 0.104600 -0.511900
vn -0.852600 0.099200 0.513000
vn 0.852600 -0.522500 -0.002700
vn -0.852600 0.483800 -0.197400
vn 0.852600 0.099200 0.513000
vn -0.852600 0.002700 -0.522500
vn 0.852600 0.483800 -0.197400
vn -0.852600 -0.513000 0.099200
vn 0.852600 0.002700 -0.522500
vn -0.852600 0.197400 0.483800
vn 0.852600 -0.513000 0.099200
vn -0.852600 0.436000 -0.288000
vn 0.852600 0.197400 0.483800
vn -0.852600 -0.099200 -0.513000
vn 0.852600 0.436000 -0.288000
vn -0.852600 -0.483800 0.197400
vn 0.852600 -0.099200 -0.513000
vn -0.852600 0.288000 0.436000
vn 0.852600 -0.483800 0.197400
vn 0.852600 0.288000 0.436000
vn -0.852600 -0.197400 -0.483800
vn -0.852600 -0.436000 0.288000
vn 0.852600 -0.197400 -0.483800
vn -0.852600 0.367500 0.371400
vn 0.852600 -0.436000 0.288000
vn 0.852600 0.367500 0.371400
vn -0.852600 -0.288000 -0.436000
vn -0.852600 -0.371400 0.367500
vn 0.852600 -0.288000 -0.436000
vn -0.852600 0.432900 0.292600
vn 0.852600 -0.371400 0.367500
vn 0.000000 0.984200 -0.177100
vn 0.000000 0.498500 0.866900
vn 0.000000 -0.104900 0.994500
vn 0.616300 0.337400 -0.711500
vn 0.997100 0.069100 0.031000
vn 0.997100 0.069000 0.030900
vn -0.997100 0.069000 0.030900
vn -0.997100 0.069100 0.031000
vn -0.215500 -0.853400 -0.474500
vn -0.336800 0.844200 0.416900
vn -0.265200 0.877200 0.400200
vn 0.336700 0.844200 0.416900
vn 0.191400 -0.850200 -0.490400
vn 0.265200 0.877200 0.400200
vn -0.001400 -0.891000 -0.453900
vn -0.012900 0.695500 0.718400
vn -0.012900 -0.016100 0.999800
vn -0.012900 -0.929900 0.367600
vn -0.012900 0.929900 -0.367600
vn -0.191400 0.917700 0.348000
vn -0.191400 -0.850200 -0.490400
vn 0.001400 -0.891000 -0.453900
vn -0.223700 -0.853400 -0.470800
vn 0.001400 0.915500 0.402200
vn -0.831400 -0.007000 -0.555500
vn -0.980800 -0.005400 -0.195000
vn -0.708100 0.005100 0.706100
vn 0.998800 0.006000 -0.047600
vn -0.998800 0.008300 0.047300
vn 0.831400 0.019000 0.555300
vn 0.980800 0.003800 0.195000
vn 0.708100 -0.028000 -0.705600
vn 0.512000 -0.668100 0.539800
vn -0.512000 -0.692700 -0.507900
s 1
f 1/1/1 32/2/2 64/3/2
f 21/4/3 53/5/3 54/6/4
f 10/7/5 42/8/6 43/9/7
f 30/10/8 62/11/8 63/12/9
f 19/13/10 51/14/10 52/15/11
f 8/16/12 40/17/12 41/18/13
f 28/19/14 60/20/14 61/21/15
f 17/22/16 49/23/16 50/24/17
f 6/25/18 38/26/18 39/27/19
f 27/28/20 26/29/21 58/30/21
f 4/31/22 36/32/22 37/33/23
f 15/34/24 47/35/24 48/36/25
f 24/37/26 56/38/27 57/39/28
f 2/40/29 34/41/29 35/42/30
f 13/43/31 45/44/31 46/45/32
f 22/46/4 54/6/4 55/47/33
f 12/48/34 11/49/7 43/9/7
f 32/2/2 31/50/9 63/12/9
f 20/51/11 52/15/11 53/5/3
f 9/52/13 41/18/13 42/8/6
f 30/10/8 29/53/15 61/21/15
f 19/13/10 18/54/35 50/24/17
f 7/55/19 39/27/19 40/17/12
f 28/19/14 27/28/20 59/56/20
f 5/57/23 37/33/23 38/26/18
f 17/22/16 16/58/25 48/36/25
f 25/59/28 57/39/28 58/30/21
f 4/31/22 3/60/30 35/42/30
f 14/61/32 46/45/32 47/35/24
f 23/62/33 55/47/33 56/38/27
f 1/1/1 33/63/1 34/41/29
f 12/48/34 44/64/34 45/44/31
f 71/65/36 85/66/37 1429/67/38
f 73/68/39 1423/69/40 1425/70/41
f 69/71/42 70/72/43 1429/67/38
f 73/68/39 65/73/44 1424/74/45
f 67/75/46 68/76/47 1434/77/48
f 1433/78/49 84/67/49 88/70/49
f 181/79/50 1594/80/51 1484/81/52
f 1442/82/53 1447/83/54 1446/84/54
f 1447/83/54 1449/85/55 1448/86/55
f 1449/85/55 1451/87/56 96/88/56
f 1451/87/56 1453/89/57 1452/90/57
f 1453/89/57 1455/91/58 1454/92/58
f 1455/91/58 1458/93/59 1457/94/59
f 99/95/60 97/96/61 1531/97/60
f 184/98/62 1595/99/63 1577/100/64
f 1467/101/65 1472/102/66 106/103/66
f 1472/102/66 1474/104/67 108/105/67
f 1474/104/67 1476/106/68 1475/107/68
f 1476/106/68 1478/108/69 1477/109/69
f 1478/108/69 1480/110/70 1479/111/70
f 1480/110/70 1481/112/71 1461/113/71
f 199/114/72 187/115/73 1570/116/74
f 1477/109/69 1478/108/69 1479/111/70
f 1491/117/75 1495/118/76 1494/119/76
f 1495/118/76 1497/120/77 122/121/77
f 1497/120/77 1499/122/78 124/123/78
f 1499/122/78 1501/124/79 126/125/79
f 1501/124/79 1503/126/80 128/127/80
f 1503/126/80 1504/128/81 1487/129/81
f 1486/130/82 1488/131/82 1585/132/82
f 5/57/23 4/31/22 37/33/23
f 1510/133/83 1515/134/84 1514/135/84
f 1515/134/84 1517/136/85 136/137/85
f 1517/136/85 1519/138/86 1518/139/86
f 1519/138/86 1521/140/87 1520/141/87
f 1521/140/87 1523/142/88 142/143/88
f 139/144/89 137/145/90 1556/146/90
f 187/147/73 1596/148/91 1439/149/92
f 1523/142/88 1524/150/93 1507/151/93
f 1469/152/94 120/153/82 1516/154/82
f 1561/155/95 1630/156/95 1600/157/96
f 177/158/97 201/159/97 189/160/98
f 99/95/60 1531/97/60 1532/161/99
f 145/162/100 143/163/101 176/164/101
f 123/165/102 1547/166/102 1548/167/103
f 1555/168/104 1511/169/105 188/170/106
f 129/171/107 1550/172/107 1551/116/108
f 111/173/109 109/174/110 1538/175/110
f 135/176/111 133/177/112 171/178/112
f 95/179/113 1529/180/113 1530/181/61
f 117/182/114 115/183/115 1541/184/115
f 139/144/89 174/185/89 1558/186/116
f 119/187/117 1546/188/117 1544/189/118
f 101/190/99 1532/161/99 1533/191/119
f 125/192/103 1548/167/103 1549/193/120
f 1468/194/121 1537/195/121 1535/196/122
f 1432/197/49 1431/198/49 84/67/49
f 1443/199/123 1528/200/123 1526/201/124
f 111/173/109 1539/202/109 1540/203/125
f 137/145/90 135/176/111 172/204/111
f 97/96/61 1530/181/61 1531/97/60
f 147/158/126 91/205/127 179/160/128
f 143/163/101 141/206/116 1558/186/116
f 123/165/102 121/207/118 1544/189/118
f 178/208/129 1593/209/130 1464/210/131
f 127/211/120 1549/193/120 1550/172/107
f 107/212/122 1535/196/122 1538/175/110
f 155/213/132 105/214/133 1569/215/134
f 93/216/124 1526/201/124 1529/180/113
f 113/217/125 1540/203/125 1541/184/115
f 184/218/62 196/219/135 1565/188/136
f 182/194/137 181/220/50 193/221/138
f 1466/162/139 1567/222/140 190/223/141
f 187/115/73 1441/224/142 1570/116/74
f 1574/182/143 1573/225/144 196/219/135
f 178/226/129 190/223/141 1576/200/145
f 1483/227/146 1575/191/147 193/221/138
f 187/115/73 199/114/72 1572/178/148
f 153/228/95 192/229/95 180/230/149
f 163/231/150 1490/232/151 1566/233/152
f 1562/199/153 178/226/129 1576/200/145
f 161/234/154 195/235/154 183/236/155
f 112/237/82 114/238/82 1460/239/82
f 1547/166/102 123/165/102 1544/189/118
f 1536/240/126 154/241/156 1608/242/126
f 178/208/129 1562/243/153 1563/244/157
f 169/245/158 198/246/158 186/247/159
f 1518/139/86 1519/138/86 1520/141/87
f 1647/248/160 1648/249/160 1649/250/161
f 213/80/156 1591/251/156 1581/251/156
f 178/226/129 1466/162/139 190/223/141
f 1444/252/53 1442/82/53 1446/84/54
f 181/220/50 1483/227/146 193/221/138
f 1489/149/162 219/148/162 208/253/162
f 1649/250/161 1650/254/161 1651/255/163
f 1653/256/164 1651/255/163 1654/257/164
f 1661/258/165 1662/259/165 1663/260/166
f 75/74/49 1438/261/49 1437/262/49
f 1663/260/166 1664/263/166 1665/264/167
f 70/72/43 71/65/36 1429/67/38
f 1665/264/167 1666/265/167 1667/266/168
f 1667/266/168 1668/267/168 1669/268/169
f 148/269/54 1527/270/104 1601/271/54
f 1687/272/170 1688/273/170 1689/274/171
f 197/275/150 163/231/150 1566/233/152
f 152/276/58 151/277/57 1605/278/58
f 168/279/80 167/280/79 1621/281/80
f 185/187/172 184/218/62 1565/188/136
f 1637/282/173 1638/283/173 1639/284/174
f 1493/285/175 1589/286/175 1490/287/151
f 1482/288/176 161/234/154 183/236/155
f 157/289/67 156/290/66 1610/291/67
f 115/183/115 113/217/125 1541/184/115
f 187/147/73 1571/292/177 220/253/178
f 1505/293/179 169/245/158 186/247/159
f 1553/294/84 1554/295/150 1625/296/84
f 184/98/62 185/297/172 217/298/180
f 1557/299/86 173/300/85 1627/301/86
f 1571/177/177 187/115/73 1572/178/148
f 181/79/50 182/302/137 1592/251/181
f 166/303/78 1619/304/78 1620/305/79
f 1536/240/126 1608/242/126 1609/306/66
f 175/307/87 1628/308/87 1629/309/88
f 164/310/76 1617/311/76 1618/312/77
f 1534/313/154 1606/314/154 1607/315/156
f 173/300/85 1626/316/85 1627/301/86
f 162/317/182 1615/318/182 1616/319/132
f 151/277/57 1604/320/57 1605/278/58
f 1554/295/150 1624/321/150 1625/296/84
f 149/322/55 1602/323/55 1603/324/56
f 160/325/70 1613/326/70 1614/327/158
f 1552/328/97 1622/329/97 1623/330/162
f 1527/270/104 1599/331/104 1601/271/54
f 158/332/68 1611/333/68 1612/334/69
f 167/280/79 1620/305/79 1621/281/80
f 156/290/66 1609/306/66 1610/291/67
f 1559/335/88 1629/309/88 1630/156/95
f 165/336/77 1618/312/77 1619/304/78
f 154/241/156 1607/315/156 1608/242/126
f 1557/299/86 1627/301/86 1628/308/87
f 1545/337/132 1616/319/132 1617/311/76
f 152/276/58 1605/278/58 1606/314/154
f 1553/294/84 1625/296/84 1626/316/85
f 150/338/56 1603/324/56 1604/320/57
f 1543/339/158 1614/327/158 1615/340/182
f 170/341/162 1623/330/162 1624/321/150
f 148/269/54 1601/271/54 1602/323/55
f 159/342/69 1612/334/69 1613/326/70
f 168/279/80 1621/281/80 1622/329/97
f 146/343/96 1600/344/96 1599/331/104
f 157/289/67 1610/291/67 1611/333/68
f 1634/345/183 1633/346/184 1632/347/184
f 1633/346/184 1636/348/185 1635/349/185
f 1636/348/185 1638/283/173 1637/282/173
f 1638/283/173 1640/350/174 1639/284/174
f 1640/350/174 1642/257/186 1641/256/186
f 1642/257/186 1644/351/187 1643/255/187
f 1644/351/187 1646/254/188 1645/250/188
f 1646/254/188 1648/249/160 1647/248/160
f 1648/249/160 1650/254/161 1649/250/161
f 1650/254/161 1652/351/163 1651/255/163
f 1651/255/163 1652/351/163 1654/257/164
f 1654/257/164 1656/350/189 1655/284/189
f 1656/350/189 1658/283/190 1657/282/190
f 1657/352/190 1658/353/190 1660/354/191
f 1660/354/191 1662/259/165 1661/258/165
f 1662/259/165 1664/263/166 1663/260/166
f 1664/263/166 1666/265/167 1665/264/167
f 1666/265/167 1668/267/168 1667/266/168
f 1668/267/168 1670/355/169 1669/268/169
f 1670/355/169 1672/356/192 1671/357/192
f 1672/356/192 1674/358/193 1673/359/193
f 1674/360/193 1676/361/194 1675/362/194
f 1675/362/194 1676/361/194 1678/363/195
f 1678/363/195 1680/364/196 1679/365/196
f 1679/365/196 1680/364/196 1682/366/197
f 1682/366/197 1684/367/198 1683/368/198
f 1684/367/198 1686/369/199 1685/370/199
f 1686/369/199 1688/273/170 1687/272/170
f 1688/273/170 1690/371/171 1689/274/171
f 1690/372/171 1692/373/200 1691/374/200
f 272/250/201 274/255/202 2371/255/202
f 1694/375/203 1634/345/183 1631/376/183
f 1692/373/200 1694/375/203 1693/377/203
f 309/369/204 307/367/205 2404/367/205
f 1700/378/206 1702/379/162 378/380/207
f 142/143/88 1523/142/88 1507/151/93
f 1699/381/208 1698/382/209 322/383/209
f 1722/384/210 1724/385/209 366/386/211
f 84/67/49 1428/66/49 88/70/49
f 1698/382/209 1701/387/210 324/388/210
f 1714/389/212 1716/390/213 371/391/214
f 784/392/162 1981/393/162 807/394/162
f 324/388/210 1701/387/210 1703/395/215
f 359/396/216 375/397/217 376/398/218
f 36/32/22 4/31/22 35/42/30
f 326/399/215 1703/395/215 1705/400/156
f 1722/384/210 368/401/219 369/402/220
f 1452/90/57 1453/89/57 1454/92/58
f 1705/400/156 1707/403/221 330/404/221
f 1700/378/206 379/402/222 380/401/223
f 1469/152/94 1471/405/82 1473/406/82
f 1707/403/221 1709/407/212 332/408/212
f 1714/389/212 372/398/224 373/397/225
f 1513/409/83 1510/133/83 1514/135/84
f 332/408/212 1709/407/212 1711/410/226
f 1704/390/227 1706/389/228 376/398/218
f 136/137/85 1517/136/85 1518/139/86
f 334/411/226 1711/410/226 1713/412/229
f 1696/413/230 381/414/231 367/415/232
f 1446/84/54 1447/83/54 1448/86/55
f 336/416/229 1713/412/229 1715/410/216
f 1720/378/215 369/402/220 370/380/233
f 29/53/15 28/19/14 61/21/15
f 1715/410/216 1717/407/228 340/408/228
f 1710/417/229 1712/418/226 373/419/225
f 100/420/82 1456/421/234 1450/422/82
f 340/408/228 1717/407/228 1719/403/235
f 1695/423/208 367/415/232 366/424/211
f 25/59/28 24/37/26 57/39/28
f 342/404/227 1719/403/235 1721/400/162
f 375/397/217 391/425/236 392/426/237
f 339/427/238 1708/428/238 360/429/238
f 344/430/162 1721/400/162 1723/395/239
f 1475/107/68 1476/106/68 1477/109/69
f 1704/390/227 377/391/240 378/380/207
f 1723/395/239 1725/387/241 348/388/241
f 1498/431/82 1502/432/82 1516/154/82
f 350/383/230 1726/382/230 1699/381/208
f 1725/387/241 1726/382/230 350/383/230
f 1697/384/241 380/401/223 381/386/231
f 1435/433/49 79/77/49 1437/262/49
f 1710/417/229 374/434/242 375/435/217
f 1718/379/156 370/380/233 371/391/214
f 377/391/240 393/436/243 394/437/244
f 367/415/232 383/438/245 382/439/246
f 380/401/223 379/402/222 395/440/247
f 368/401/219 384/441/248 385/440/249
f 367/415/232 381/414/231 397/442/250
f 370/380/233 386/437/251 387/436/252
f 373/397/225 372/398/224 388/426/253
f 375/435/217 374/434/242 390/443/254
f 377/391/240 376/398/218 392/426/237
f 379/402/222 378/380/207 394/437/244
f 368/401/219 366/386/211 382/444/246
f 380/401/223 396/441/255 397/444/250
f 369/402/220 385/440/249 386/437/251
f 371/391/214 387/436/252 388/426/253
f 373/419/225 389/445/256 390/443/254
f 443/446/206 1734/447/162 458/448/207
f 1740/449/238 440/450/238 421/451/238
f 1731/452/208 1730/453/209 402/454/209
f 432/455/210 398/456/209 446/457/211
f 62/11/8 30/10/8 61/21/15
f 1730/453/209 1733/458/210 404/459/210
f 435/460/213 451/461/214 452/462/224
f 1897/463/156 1895/464/156 1902/465/156
f 404/459/210 1733/458/210 1735/466/215
f 1738/467/228 439/468/216 455/469/217
f 1428/66/49 1427/470/49 88/70/49
f 1735/466/215 1737/471/156 408/472/156
f 433/446/215 432/455/210 448/473/219
f 51/14/10 19/13/10 50/24/17
f 1737/471/156 1739/474/221 410/475/221
f 443/446/206 459/476/257 460/473/223
f 64/3/2 32/2/2 63/12/9
f 1739/474/221 1741/477/212 412/478/212
f 436/467/212 452/462/224 453/469/225
f 1483/479/146 181/79/50 1484/81/52
f 1741/477/212 1743/480/226 414/481/226
f 441/460/227 1738/467/228 456/462/218
f 120/153/82 1496/482/82 1498/431/82
f 1743/480/226 1745/483/229 416/484/229
f 1727/485/208 1728/486/230 461/487/231
f 8/16/12 7/55/19 40/17/12
f 416/484/229 1745/483/229 1747/480/216
f 433/446/215 449/476/220 450/448/233
f 21/4/3 20/51/11 53/5/3
f 1747/480/216 1749/477/228 420/478/228
f 437/488/226 453/489/225 454/490/242
f 88/70/49 75/74/49 1437/262/49
f 420/478/228 1749/477/228 1751/474/227
f 1727/485/208 447/491/232 446/492/211
f 597/493/258 596/494/258 1913/495/258
f 1751/474/227 1753/471/162 424/472/162
f 455/469/217 471/496/236 472/497/237
f 10/7/5 9/52/13 42/8/6
f 1753/471/162 1755/466/239 426/498/206
f 1512/499/82 1486/130/82 1585/132/82
f 441/460/227 457/461/240 458/448/207
f 1755/466/239 1757/458/241 428/459/241
f 95/179/113 93/216/124 1529/180/113
f 430/454/230 1758/453/230 1731/452/208
f 428/459/241 1757/458/241 1758/453/230
f 444/455/241 460/473/223 461/457/231
f 403/500/238 1756/501/238 1754/502/238
f 438/503/229 454/490/242 455/504/217
f 435/460/213 1750/447/156 450/448/233
f 457/461/240 473/505/243 474/506/244
f 447/491/232 463/507/245 462/508/246
f 460/473/223 459/476/257 475/509/247
f 448/473/219 464/510/248 465/509/249
f 447/491/232 461/487/231 477/511/250
f 451/461/214 450/448/233 466/506/251
f 452/462/224 468/497/253 469/496/256
f 454/490/242 470/512/254 471/513/236
f 457/461/240 456/462/218 472/497/237
f 459/476/257 458/448/207 474/506/244
f 448/473/219 446/457/211 462/514/246
f 460/473/223 476/510/255 477/514/250
f 449/476/220 465/509/249 466/506/251
f 451/461/214 467/505/252 468/497/253
f 453/489/225 469/515/256 470/512/254
f 2419/516/259 2418/517/259 2427/518/259
f 1412/519/260 1765/520/260 1764/521/260
f 2417/522/261 1759/523/261 1761/524/261
f 1760/525/262 1763/526/262 1766/527/262
f 2422/528/263 480/529/263 479/530/263
f 1770/531/264 1769/532/265 1768/533/265
f 1769/532/265 1772/534/266 1771/535/266
f 1771/535/266 1772/534/266 1774/536/267
f 1774/536/267 1776/537/268 1775/538/268
f 1776/537/268 1778/539/269 1777/540/269
f 1778/539/269 1780/541/270 1779/542/270
f 1780/541/270 1782/543/271 496/544/271
f 1782/543/271 1784/545/272 1783/546/272
f 1784/547/272 1786/548/273 1785/549/273
f 1786/550/273 1788/551/274 1787/552/274
f 1788/551/274 1790/553/275 1789/554/275
f 1790/553/275 1792/555/276 1791/556/276
f 1792/555/276 1794/557/277 1793/558/277
f 1793/558/277 1794/557/277 1796/559/278
f 106/103/66 1472/102/66 108/105/67
f 1798/560/279 1770/561/264 1767/562/264
f 1796/559/278 1798/563/279 512/564/280
f 1525/205/281 177/158/97 189/160/98
f 1803/565/282 1835/566/282 548/567/283
f 1825/568/284 1857/569/284 1855/570/285
f 1506/571/82 1508/572/82 1587/573/82
f 132/574/286 1586/575/286 1598/576/286
f 1542/225/114 117/182/114 1541/184/115
f 101/190/99 99/95/60 1532/161/99
f 165/336/77 164/310/76 1618/312/77
f 72/577/287 73/68/39 1425/70/41
f 513/578/156 511/579/156 1828/580/156
f 1797/581/162 1827/582/162 510/583/162
f 1525/584/281 1465/585/288 144/586/288
f 200/587/104 1555/168/104 188/170/106
f 131/224/108 129/171/107 1551/116/108
f 497/588/156 1814/589/156 499/590/156
f 92/591/82 94/592/82 1450/422/82
f 1460/593/82 1462/594/82 1583/595/82
f 127/211/120 125/192/103 1549/193/120
f 164/310/76 1545/337/132 1617/311/76
f 174/185/89 139/144/89 1556/146/90
f 1597/253/162 208/253/162 219/148/162
f 1482/596/176 1578/597/289 116/598/289
f 1539/202/109 111/173/109 1538/175/110
f 1566/599/152 1490/287/151 1589/286/175
f 175/307/87 1557/299/86 1628/308/87
f 1581/251/156 1579/81/156 213/80/156
f 1543/339/158 160/325/70 1614/327/158
f 125/192/103 123/165/102 1548/167/103
f 1639/284/174 1640/350/174 1641/256/186
f 1671/357/192 1672/356/192 1673/359/193
f 1560/222/100 145/162/100 176/164/101
f 150/338/56 149/322/55 1603/324/56
f 494/600/162 1781/601/162 1813/602/162
f 1852/603/156 559/604/156 551/605/156
f 560/606/162 568/607/162 1861/608/162
f 527/609/290 1844/610/290 1846/611/291
f 538/612/285 1855/570/285 1853/569/292
f 1799/613/293 1800/614/283 548/567/283
f 1810/615/294 557/616/294 1844/610/290
f 1802/617/295 1830/618/296 577/619/296
f 536/568/292 1853/569/292 566/620/297
f 1810/615/294 523/621/298 1840/622/298
f 1830/618/296 543/623/299 1860/624/299
f 1817/625/300 1819/626/297 566/620/297
f 521/615/301 1838/616/301 1840/622/298
f 541/627/302 1858/628/302 1860/624/299
f 1815/613/303 1817/625/300 564/629/300
f 519/609/304 1836/610/304 1838/616/301
f 539/630/305 1856/631/305 1858/628/302
f 1801/632/306 549/611/306 1836/610/304
f 528/614/307 1815/613/303 562/633/308
f 537/627/309 1854/628/309 1856/631/305
f 1801/632/306 1802/617/295 547/634/295
f 528/614/307 1845/567/307 1843/566/310
f 1820/623/311 567/624/311 1854/628/309
f 526/565/310 1843/566/310 1841/635/312
f 1799/613/293 546/633/293 576/629/313
f 1820/623/311 1818/618/314 565/619/314
f 524/636/312 1841/635/312 554/637/315
f 542/626/316 1829/625/313 576/629/313
f 1818/618/314 531/617/317 1848/634/317
f 1805/636/318 1807/638/315 554/637/315
f 542/626/316 1859/620/316 1857/569/284
f 1803/565/282 1805/636/318 552/635/318
f 529/632/291 1846/611/291 1848/634/317
f 1893/639/319 1872/640/319 1885/641/319
f 1433/78/49 1432/197/49 84/67/49
f 1874/642/320 2432/643/321 2442/644/321
f 108/105/67 1474/104/67 1475/107/68
f 1892/645/322 2441/646/323 2439/647/324
f 60/20/14 28/19/14 59/56/20
f 15/34/24 14/61/32 47/35/24
f 1879/648/325 1880/649/326 1881/650/327
f 1890/651/162 1884/652/162 1886/653/162
f 1863/654/328 1892/645/322 587/655/329
f 1459/227/119 101/190/99 1533/191/119
f 1894/656/330 1892/645/322 1891/651/331
f 1454/92/58 1455/91/58 1457/94/59
f 1873/657/332 1887/653/333 591/652/334
f 96/88/56 1451/87/56 1452/90/57
f 1912/658/335 1905/659/336 1920/660/337
f 1506/661/82 92/591/82 1469/152/94
f 1907/662/338 1896/464/339 1898/463/340
f 1919/663/341 1909/664/342 1914/665/343
f 2435/666/344 2437/667/344 2443/668/344
f 103/669/345 212/670/346 102/671/346
f 1423/69/40 73/68/39 1424/74/45
f 6/25/18 5/57/23 38/26/18
f 1900/672/347 1908/673/347 1906/674/347
f 325/675/238 318/676/238 352/677/238
f 1505/678/179 218/576/348 130/574/348
f 2438/679/349 1422/680/350 1909/664/342
f 1899/681/351 1901/465/352 1903/682/353
f 1955/683/271 750/684/271 748/685/270
f 612/686/354 611/687/355 619/688/356
f 611/687/355 610/689/357 618/690/358
f 609/691/162 617/692/359 618/690/358
f 608/693/360 616/694/361 617/692/359
f 607/695/362 615/696/363 616/694/361
f 606/697/364 614/698/365 615/696/363
f 1941/699/366 1942/700/367 621/701/368
f 1931/702/369 761/703/370 763/704/371
f 620/705/372 619/688/356 627/706/373
f 619/688/356 618/690/358 626/707/374
f 617/692/359 625/708/375 626/707/374
f 616/694/361 624/709/376 625/708/375
f 616/694/361 615/696/363 623/710/377
f 615/696/363 614/698/365 622/711/378
f 694/712/379 755/713/380 757/714/381
f 627/706/373 636/715/382 637/716/383
f 627/706/373 626/707/374 635/717/384
f 626/707/374 625/708/375 634/718/385
f 624/709/376 633/719/386 634/718/385
f 623/710/377 632/720/387 633/719/386
f 622/711/378 631/721/388 632/720/387
f 718/722/389 749/723/390 751/724/391
f 636/715/382 644/725/392 645/726/393
f 635/717/384 643/727/394 644/725/392
f 634/718/385 642/728/395 643/727/394
f 633/719/386 641/729/396 642/728/395
f 632/720/387 640/730/397 641/729/396
f 632/720/387 631/721/388 639/731/398
f 1969/732/276 760/733/276 758/734/275
f 1949/735/275 758/736/275 756/737/274
f 644/725/392 652/738/399 653/739/400
f 644/725/392 643/727/394 651/740/401
f 642/728/395 650/741/402 651/740/401
f 642/728/395 641/729/396 649/742/403
f 640/730/397 648/743/404 649/742/403
f 640/730/397 639/731/398 647/744/405
f 734/745/406 1940/746/407 743/747/408
f 653/739/400 652/738/399 660/748/409
f 651/740/401 659/749/410 660/748/409
f 650/741/402 658/750/411 659/749/410
f 649/742/403 657/751/412 658/750/411
f 648/743/404 656/752/413 657/751/412
f 647/744/405 655/753/414 656/752/413
f 646/754/415 1929/755/416 765/756/417
f 1958/757/269 746/758/269 744/759/268
f 660/748/409 668/760/418 669/761/419
f 659/749/410 667/762/420 668/760/418
f 658/750/411 666/763/421 667/762/420
f 657/751/412 665/764/422 666/763/421
f 657/751/412 656/752/413 664/765/423
f 655/753/414 663/766/424 664/765/423
f 678/767/425 759/768/426 761/703/370
f 668/760/418 676/769/427 677/770/428
f 667/762/420 675/771/429 676/769/427
f 666/763/421 674/772/156 675/771/429
f 665/764/422 673/773/430 674/772/156
f 664/765/423 672/774/431 673/773/430
f 664/765/423 663/766/424 671/775/432
f 694/712/379 1935/776/433 753/777/434
f 677/778/428 676/779/427 684/780/435
f 675/781/429 683/782/436 684/780/435
f 674/783/156 682/784/437 683/782/436
f 673/785/430 681/786/438 682/784/437
f 673/785/430 672/787/431 680/788/439
f 671/789/432 679/790/440 680/788/439
f 1512/791/82 134/792/82 1502/432/82
f 685/793/441 684/780/435 692/794/442
f 683/782/436 691/795/443 692/794/442
f 682/784/437 690/796/444 691/795/443
f 682/784/437 681/786/438 689/797/445
f 680/788/439 688/798/446 689/797/445
f 679/790/440 687/799/447 688/798/446
f 1953/800/272 752/801/272 750/684/271
f 693/802/448 692/794/442 700/803/449
f 692/794/442 691/795/443 699/804/450
f 690/796/444 698/805/451 699/804/450
f 690/796/444 689/797/445 697/806/452
f 688/798/446 696/807/453 697/806/452
f 687/799/447 695/808/454 696/807/453
f 1938/809/455 805/810/455 1979/811/456
f 737/812/457 1977/813/458 1978/814/459
f 700/803/449 708/815/460 709/816/461
f 699/804/450 707/817/462 708/815/460
f 698/805/451 706/818/49 707/817/462
f 697/806/452 705/819/463 706/818/49
f 697/806/452 696/807/453 704/820/464
f 695/808/454 703/821/465 704/820/464
f 726/822/466 747/823/467 749/723/390
f 1928/824/468 815/825/468 1989/826/469
f 708/815/460 716/827/470 717/828/471
f 707/817/462 715/829/472 716/827/470
f 706/818/49 714/830/473 715/829/472
f 705/819/463 713/831/474 714/830/473
f 704/820/464 712/832/475 713/831/474
f 704/820/464 703/821/465 711/833/476
f 739/834/477 1978/814/459 1943/835/478
f 1936/836/479 702/837/480 1983/838/480
f 717/828/471 716/827/470 724/839/481
f 716/827/470 715/829/472 723/840/482
f 715/829/472 714/830/473 722/841/483
f 713/831/474 721/842/484 722/841/483
f 712/832/475 720/843/485 721/842/484
f 711/833/476 719/844/486 720/843/485
f 735/845/487 803/846/488 1977/813/458
f 1938/809/455 1937/847/489 806/393/489
f 724/839/481 732/848/490 733/849/491
f 724/839/481 723/840/482 731/850/492
f 722/841/483 730/851/493 731/850/492
f 721/842/484 729/852/494 730/851/493
f 720/843/485 728/853/495 729/852/494
f 719/844/486 727/854/496 728/853/495
f 1932/855/497 670/856/498 1987/857/498
f 1934/858/499 809/859/499 1983/838/480
f 1934/858/499 1933/860/500 1985/861/500
f 1928/824/468 1927/862/478 1943/835/478
f 735/845/487 1939/863/456 1979/811/456
f 1937/847/489 1936/836/479 1984/394/479
f 662/864/501 1990/865/501 1987/857/498
f 654/866/469 1989/826/469 1990/865/501
f 1933/860/500 1932/855/497 811/867/497
f 629/868/502 612/686/354 620/705/372
f 606/697/364 638/869/503 614/698/365
f 629/868/502 620/705/372 628/870/504
f 614/698/365 638/869/503 622/711/378
f 629/868/502 628/870/504 637/716/383
f 622/711/378 638/869/503 631/721/388
f 629/868/502 637/716/383 645/726/393
f 631/721/388 638/869/503 639/731/398
f 629/868/502 645/726/393 653/739/400
f 639/731/398 638/869/503 647/744/405
f 629/868/502 653/739/400 661/871/505
f 647/744/405 638/869/503 655/753/414
f 629/868/502 661/871/505 669/761/419
f 655/753/414 638/869/503 663/766/424
f 629/868/502 669/761/419 677/770/428
f 663/766/424 638/869/503 671/775/432
f 629/872/502 677/778/428 685/793/441
f 671/789/432 638/873/503 679/790/440
f 629/872/502 685/793/441 693/802/448
f 679/790/440 638/873/503 687/799/447
f 629/872/502 693/802/448 701/874/506
f 687/799/447 638/873/503 695/808/454
f 629/872/502 701/874/506 709/816/461
f 695/808/454 638/873/503 703/821/465
f 629/872/502 709/816/461 717/828/471
f 703/821/465 638/873/503 711/833/476
f 629/872/502 717/828/471 725/875/507
f 711/833/476 638/873/503 719/844/486
f 629/872/502 725/875/507 733/849/491
f 719/844/486 638/873/503 727/854/496
f 629/872/502 733/849/491 612/876/354
f 732/848/490 611/877/355 612/876/354
f 731/850/492 610/878/357 611/877/355
f 731/850/492 730/851/493 609/879/162
f 729/852/494 608/880/360 609/879/162
f 729/852/494 728/853/495 607/881/362
f 728/853/495 727/854/496 606/882/364
f 727/854/496 638/873/503 606/882/364
f 646/754/415 767/883/508 630/884/509
f 768/885/280 766/886/280 764/887/278
f 734/745/406 745/888/510 747/823/467
f 1964/889/265 738/890/265 736/891/264
f 1942/892/367 741/893/511 630/894/509
f 710/895/512 751/724/391 753/896/434
f 686/897/513 757/714/381 759/768/426
f 1929/755/416 1930/898/514 763/704/371
f 1940/746/407 1941/699/366 613/899/515
f 1952/900/273 754/901/273 752/801/272
f 14/61/32 13/43/31 46/45/32
f 1430/902/516 69/71/42 1429/67/38
f 751/903/391 749/904/390 1963/905/517
f 800/835/162 798/906/162 1945/907/162
f 747/908/467 1960/909/518 1963/905/517
f 767/910/508 1976/911/519 1948/912/520
f 1659/913/191 1660/354/191 1661/258/165
f 747/908/467 745/914/510 1957/915/521
f 765/916/417 1975/917/522 1976/918/519
f 1466/919/139 178/208/129 1464/210/131
f 743/920/408 1954/921/523 1957/922/521
f 763/923/371 1974/924/524 1975/917/522
f 1516/154/82 1506/661/82 1469/152/94
f 743/920/408 613/925/515 1951/926/525
f 761/927/370 1973/928/526 1974/924/524
f 621/929/368 1947/930/527 1951/926/525
f 172/204/111 135/176/111 171/178/112
f 761/931/370 759/932/426 1972/933/528
f 630/934/509 1948/935/520 1947/930/527
f 1469/152/94 110/936/82 112/237/82
f 757/937/381 1971/938/529 1972/933/528
f 1469/152/94 112/237/82 120/153/82
f 757/937/381 755/939/380 787/940/530
f 1554/295/150 170/341/162 1624/321/150
f 109/174/110 107/212/122 1538/175/110
f 755/939/380 753/941/434 1968/942/531
f 1677/943/195 1675/362/194 1678/363/195
f 753/941/434 751/903/391 1966/944/532
f 1961/757/267 742/758/267 740/945/266
f 1946/946/278 764/887/278 762/734/277
f 1950/947/274 756/737/274 754/901/273
f 1956/948/270 748/685/270 746/949/269
f 1959/950/268 744/759/268 742/758/267
f 1962/951/266 740/945/266 738/890/265
f 768/885/280 1965/952/264 736/891/264
f 1967/953/277 762/734/277 760/733/276
f 1516/154/82 138/954/82 140/955/82
f 1645/250/188 1646/254/188 1647/248/160
f 1643/255/187 1644/351/187 1645/250/188
f 1641/256/186 1642/257/186 1643/255/187
f 1992/956/533 585/957/533 1993/958/533
f 1869/959/534 1875/960/535 1880/649/326
f 93/216/124 1443/199/123 1526/201/124
f 1864/961/536 1863/654/328 819/962/537
f 88/70/49 89/69/49 75/74/49
f 2433/963/538 2431/964/539 1871/965/540
f 103/966/345 153/228/95 180/230/149
f 1876/960/541 1995/967/542 1878/968/541
f 104/671/543 1582/969/544 214/670/545
f 1494/119/76 1495/118/76 122/121/77
f 13/43/31 12/48/34 45/44/31
f 974/970/49 2109/971/49 973/972/49
f 823/967/546 1998/973/546 2004/974/547
f 1556/146/90 137/145/90 172/204/111
f 1506/661/82 1445/975/82 92/591/82
f 1473/406/82 110/936/82 1469/152/94
f 1516/154/82 1522/976/82 1506/661/82
f 191/159/126 147/158/126 179/160/128
f 2208/924/156 2209/917/156 795/924/156
f 140/955/82 1522/976/82 1516/154/82
f 26/29/21 25/59/28 58/30/21
f 1545/337/132 162/317/182 1616/319/132
f 1653/256/164 1654/257/164 1655/284/189
f 1460/239/82 1492/977/82 112/237/82
f 1997/978/548 1999/979/548 2001/980/548
f 821/981/549 1994/982/549 826/983/549
f 820/984/550 1991/985/551 2002/986/552
f 1995/967/542 1867/984/542 2000/987/553
f 856/988/270 858/989/271 2033/990/271
f 845/991/554 828/992/555 829/993/556
f 871/994/557 869/995/558 2009/996/559
f 865/997/560 863/998/561 2012/999/562
f 859/1000/563 857/1001/564 2015/1002/565
f 866/1003/275 868/1004/276 2047/1005/276
f 864/1006/274 866/1007/275 2027/1008/275
f 842/1009/566 853/1010/567 851/1011/568
f 831/1012/569 875/1013/570 873/1014/571
f 852/1015/268 854/1016/269 2036/1017/269
f 2009/996/559 869/995/558 867/1018/572
f 2012/999/562 863/998/561 861/1019/573
f 1479/111/70 1480/110/70 1461/113/71
f 858/989/271 860/1020/272 2031/1021/272
f 2057/1022/574 2060/1023/575 841/1024/575
f 2056/1025/576 2055/1026/577 2019/1027/578
f 857/1001/564 855/1028/579 2016/1029/580
f 2067/1030/581 923/1031/582 2006/1032/582
f 2021/1033/583 2056/1025/576 847/1034/584
f 2014/1035/585 2062/1036/585 2061/1037/586
f 2055/1026/577 2058/1038/587 843/1039/588
f 841/1024/575 2060/1023/575 2059/1040/589
f 2066/1041/590 2065/1042/591 834/1043/591
f 2061/1037/586 2064/1044/592 837/1045/592
f 837/1045/592 2064/1044/592 2063/1046/593
f 2006/1032/582 923/1031/582 2021/1033/583
f 843/1039/588 2058/1038/587 2057/1022/574
f 840/1047/589 2059/1040/589 2062/1036/585
f 834/1043/591 2065/1042/591 2068/1048/594
f 2068/1048/594 2067/1030/581 832/1049/581
f 2011/1050/593 2063/1046/593 2066/1041/590
f 830/1051/595 875/1013/570 831/1012/569
f 872/1052/278 874/1053/280 876/1054/280
f 855/1028/579 853/1010/567 842/1009/566
f 844/1055/264 846/1056/265 2042/1057/265
f 2020/1058/596 829/1059/556 830/1060/595
f 861/1061/573 859/1000/563 839/1062/597
f 867/1018/572 865/997/560 836/1063/598
f 2007/1064/599 873/1014/571 871/994/557
f 2018/1065/600 851/1011/568 828/992/555
f 860/1020/272 862/1066/273 2030/1067/273
f 1689/1068/171 1690/372/171 1691/374/200
f 1470/1069/65 1467/101/65 106/103/66
f 859/1070/563 2044/1071/601 2041/1072/602
f 2023/1073/156 906/1074/156 908/1033/156
f 2041/1072/602 2038/1075/603 855/1076/579
f 2026/1077/604 2054/1078/605 875/1079/570
f 160/325/70 159/342/69 1613/326/70
f 855/1076/579 2038/1075/603 2035/1080/606
f 2054/1078/605 2053/1081/607 873/1082/571
f 122/121/77 1497/120/77 124/123/78
f 2035/1083/606 2032/1084/608 851/1085/568
f 2053/1081/607 2052/1086/609 871/1087/557
f 1431/198/49 83/902/49 84/67/49
f 2032/1084/608 2029/1088/610 828/1089/555
f 2052/1086/609 2051/1090/611 869/1091/558
f 2029/1088/610 2025/1092/612 829/1093/556
f 1593/209/130 178/208/129 1563/244/157
f 869/1094/558 2051/1095/611 2050/1096/613
f 2025/1092/612 2026/1097/604 830/1098/595
f 90/1099/614 211/1100/614 91/1101/127
f 2050/1096/613 2049/1102/615 865/1103/560
f 121/207/118 119/187/117 1544/189/118
f 865/1103/560 2049/1102/615 2048/1104/616
f 22/46/4 21/4/3 54/6/4
f 162/1105/182 1543/339/158 1615/340/182
f 863/1106/561 2048/1104/616 2046/1107/617
f 1631/376/183 1634/345/183 1632/347/184
f 861/1108/573 2046/1107/617 2044/1071/601
f 848/1109/266 850/1016/267 2039/1017/267
f 870/1003/277 872/1052/278 2024/1110/278
f 862/1066/273 864/1006/274 2028/1111/274
f 854/1112/269 856/988/270 2034/1113/270
f 850/1016/267 852/1015/268 2037/1114/268
f 846/1056/265 848/1109/266 2040/1115/266
f 874/1053/280 844/1055/264 2043/1116/264
f 868/1004/276 870/1003/277 2045/1117/277
f 916/1037/156 915/1036/156 892/1118/156
f 1552/328/97 168/279/80 1622/329/97
f 1534/313/154 152/276/58 1606/314/154
f 1594/80/51 181/79/50 1592/251/181
f 1910/957/618 2069/956/618 2071/958/618
f 1918/1119/619 1919/663/341 926/1120/620
f 1498/431/82 1500/1121/82 1502/432/82
f 927/1122/621 1920/660/337 1921/1123/622
f 59/56/20 27/28/20 58/30/21
f 604/1124/623 605/1125/624 2444/1126/321
f 2073/1127/625 1916/1128/625 601/1129/541
f 1559/335/88 175/307/87 1629/309/88
f 2229/926/156 1183/930/156 2261/926/156
f 1456/1130/234 1580/1131/626 204/1132/627
f 578/1133/628 1889/1134/629 589/1135/629
f 2082/1136/630 2076/1137/631 931/1127/631
f 118/1138/75 1491/117/75 1494/119/76
f 1441/1139/142 187/147/73 1439/149/92
f 129/171/107 127/211/120 1550/172/107
f 1502/432/82 134/792/82 1516/154/82
f 194/195/632 182/194/137 193/221/138
f 905/1081/162 2225/1081/162 903/1086/162
f 1420/1140/633 1907/662/338 1905/659/336
f 24/37/26 23/62/33 56/38/27
f 154/241/156 1534/313/154 1607/315/156
f 1561/155/95 1559/335/88 1630/156/95
f 176/164/101 143/163/101 1558/186/116
f 935/978/634 2081/1141/634 2080/980/634
f 2070/1142/635 933/1143/635 934/1144/635
f 928/1128/636 2078/1145/636 2079/1146/637
f 2075/1137/638 2077/1145/638 1916/1128/625
f 1527/270/104 146/343/96 1599/331/104
f 968/1147/639 938/1148/640 2084/1149/641
f 939/1150/642 941/1151/643 940/1152/644
f 16/58/25 15/34/24 48/36/25
f 952/1153/645 2092/1154/646 2093/1155/647
f 941/1156/643 943/1157/648 942/1158/649
f 1450/422/82 1456/421/234 1469/152/94
f 964/1159/650 966/1160/651 2085/1161/652
f 942/1162/649 943/1163/648 945/1164/653
f 7/55/19 6/25/18 39/27/19
f 944/1159/654 2096/1165/655 2097/1161/656
f 945/1164/653 947/1166/657 946/1167/658
f 1632/347/184 1633/346/184 1635/349/185
f 958/1168/659 2089/1155/660 2090/1154/661
f 946/1167/658 947/1166/657 949/1169/662
f 149/322/55 148/269/54 1602/323/55
f 950/1168/663 2093/1155/647 2094/1170/664
f 949/1169/662 951/1171/665 950/1172/663
f 170/341/162 1552/328/97 1623/330/162
f 964/1159/650 2086/1165/666 2087/1173/667
f 951/1174/665 953/1175/668 952/1176/645
f 113/217/125 111/173/109 1540/203/125
f 942/1160/649 2097/1161/656 2098/1177/669
f 953/1178/668 955/1179/670 954/1180/671
f 126/125/79 1501/124/79 128/127/80
f 956/1153/672 2090/1154/661 2091/1181/673
f 955/1179/670 957/1182/674 956/1183/672
f 594/1184/675 595/1185/675 605/1125/624
f 948/1186/676 2094/1170/664 2095/1173/677
f 957/1175/674 959/1174/678 958/1187/659
f 159/342/69 158/332/68 1612/334/69
f 940/1147/644 2098/1177/669 2084/1149/641
f 959/1188/678 961/1189/679 960/1190/680
f 3/60/30 2/40/29 35/42/30
f 962/1191/681 2087/1173/667 2088/1170/682
f 961/1189/679 963/1192/683 962/1193/681
f 1489/149/162 1440/149/162 219/148/162
f 954/1194/671 2091/1181/673 2092/1154/646
f 962/1193/681 963/1192/683 965/1195/684
f 1568/1196/132 155/213/132 1569/215/134
f 966/1160/651 968/1147/639 2083/1177/685
f 965/1195/684 967/1197/686 966/1198/651
f 968/1199/639 969/1200/687 939/1150/642
f 966/1158/651 967/1157/686 969/1156/687
f 166/303/78 165/336/77 1619/304/78
f 960/1186/680 2088/1170/682 2089/1155/660
f 944/1159/654 946/1191/658 2095/1173/677
f 2102/1201/49 982/1202/49 2101/1203/49
f 995/1204/688 2120/1205/689 2121/1206/690
f 997/1207/691 1013/1208/692 2119/1209/162
f 986/1210/693 2129/1211/693 2130/1212/694
f 999/1213/695 2115/1212/695 2117/1211/696
f 988/1214/156 2127/1209/156 2128/1208/697
f 990/1215/698 2125/1206/698 2126/1205/699
f 992/1216/503 2123/1217/503 2124/1218/700
f 994/1215/690 2121/1206/690 2122/1218/701
f 996/1214/162 2119/1209/162 2120/1205/689
f 984/1213/694 2130/1212/694 2116/1219/502
f 997/1207/691 998/1210/696 2117/1211/696
f 987/1207/697 2128/1208/697 2129/1211/693
f 985/1220/502 2116/1219/502 2115/1212/695
f 989/1204/699 2126/1205/699 2127/1209/156
f 991/1221/702 2124/1218/700 2125/1206/698
f 993/1221/701 2122/1218/701 2123/1217/503
f 1007/1222/703 1019/1223/704 1018/1224/705
f 1012/1225/706 2118/1226/707 1022/1227/708
f 1008/1228/709 1020/1229/710 1019/1223/704
f 2132/1230/711 2131/1231/712 1025/1232/713
f 2131/1231/712 2133/1233/714 1027/1234/715
f 2133/1233/714 2134/1235/716 1029/1236/717
f 2134/1235/716 2135/1237/718 1031/1238/719
f 2135/1237/718 2136/1239/720 1033/1240/721
f 2136/1239/720 2137/1241/722 1035/1242/723
f 1035/1242/723 2137/1241/722 2138/1243/724
f 1037/1244/725 2138/1243/724 2139/1245/726
f 1039/1246/727 2139/1247/726 2140/1248/728
f 1041/1249/729 2140/1248/728 2141/1250/730
f 1043/1251/731 2141/1250/730 2142/1252/732
f 1045/1253/733 2143/1252/734 2145/1254/735
f 1047/1255/736 1048/1254/737 1050/1256/738
f 1049/1257/739 1050/1256/738 1052/1258/740
f 2156/1259/741 2157/1260/742 1305/1260/743
f 1054/1261/744 2132/1262/711 1023/1263/745
f 1052/1258/740 1054/1261/744 1053/1264/746
f 1057/1265/747 2147/1266/748 2148/1267/749
f 1059/1268/750 2149/1269/751 2147/1266/748
f 1061/1270/752 2150/1271/753 2149/1269/751
f 1063/1272/754 2151/1273/755 2150/1271/753
f 1065/1274/756 2152/1275/757 2151/1273/755
f 1067/1276/758 2153/1277/759 2152/1275/757
f 1067/1276/758 1069/1278/760 1070/1279/761
f 1069/1278/760 1071/1280/762 1072/1281/763
f 1071/1282/762 1073/1283/764 1074/1259/765
f 1073/1283/764 1075/1284/766 1076/1260/767
f 1075/1284/766 2160/1285/768 2159/1286/769
f 1077/1285/770 2162/1287/771 1080/1288/772
f 1079/1287/773 1081/1289/774 1082/1290/775
f 1081/1289/774 1083/1291/776 1084/1292/777
f 2183/1293/778 1126/1294/779 1330/1294/780
f 1055/1295/781 2148/1296/749 1086/1297/782
f 1085/1298/783 1086/1297/782 1084/1292/777
f 1089/1299/784 2163/1300/785 2164/1301/786
f 1091/1302/787 2165/1303/788 2163/1300/785
f 1093/1304/789 2166/1305/790 2165/1303/788
f 1095/1306/791 2167/1307/792 2166/1305/790
f 1097/1308/793 2168/1309/794 2167/1307/792
f 1099/1310/795 2169/1311/796 2168/1309/794
f 1099/1310/795 1101/1312/797 1102/1313/798
f 1101/1312/797 1103/1314/799 1104/1315/800
f 1103/1316/799 1105/1317/801 1106/1318/802
f 1105/1317/801 1107/1319/803 1108/1320/804
f 1107/1319/803 2176/1321/805 2175/1322/806
f 1109/1321/807 2178/1323/808 1112/1324/809
f 1111/1323/810 1113/1325/811 1114/1326/812
f 1113/1325/811 1115/1327/813 1116/1328/814
f 2173/1320/815 2174/1322/816 1322/1322/817
f 1087/1329/818 2164/1330/786 1118/1331/819
f 1117/1332/820 1118/1331/819 1116/1328/814
f 2180/1333/821 2179/1334/822 1121/1335/823
f 2179/1334/822 2181/1336/824 1123/1337/825
f 2181/1336/824 2182/1294/826 1125/1338/827
f 2182/1294/826 1128/1293/828 1127/1339/829
f 1128/1293/828 2184/1340/830 1129/1341/831
f 2184/1340/830 2185/1342/832 1131/1343/833
f 1131/1343/833 2185/1342/832 2186/1344/834
f 1133/1345/835 2186/1344/834 2187/1346/836
f 1135/1347/837 2187/1348/836 2188/1349/838
f 1137/1350/839 2188/1349/838 2189/1351/840
f 1139/1352/841 2189/1351/840 2190/1353/842
f 1141/1354/843 2191/1353/844 2193/1355/845
f 1143/1356/846 1144/1355/847 1146/1357/848
f 1145/1358/849 1146/1357/848 1148/1359/850
f 1038/1243/851 2327/1243/852 2328/1245/853
f 1150/1360/854 2180/1361/821 1119/1362/855
f 1148/1359/850 1150/1360/854 1149/1363/856
f 69/71/42 1430/902/516 82/198/857
f 1021/1364/858 1022/1365/708 87/1366/859
f 66/1367/860 76/262/861 74/261/862
f 1017/1368/863 67/75/46 78/433/864
f 1018/1369/705 80/78/865 1434/77/48
f 1019/1370/704 1020/1371/710 82/198/857
f 1021/1364/858 86/470/866 85/66/37
f 65/73/44 1016/1372/867 74/261/862
f 1022/1365/708 72/577/287 1425/70/41
f 66/1367/860 1017/1368/863 77/1373/868
f 1018/1369/705 1019/1370/704 81/197/869
f 1009/1374/870 1010/1375/871 70/1376/43
f 1012/1225/706 1021/1377/858 71/1378/36
f 1001/1379/872 1000/1380/873 1016/1381/867
f 2118/1226/707 1014/1382/874 72/1383/287
f 1003/1384/875 1017/1385/863 66/1386/860
f 1001/1379/872 65/1387/44 73/1388/39
f 1005/1389/876 68/1390/47 67/1391/46
f 1008/1228/709 1009/1374/870 69/1392/42
f 1010/1375/871 1011/1393/877 71/1378/36
f 1000/1380/873 1002/1394/878 66/1386/860
f 1015/1395/879 73/1388/39 72/1383/287
f 1004/1396/880 67/1391/46 1017/1385/863
f 1006/1397/881 1018/1224/705 68/1390/47
f 240/1398/882 228/1399/882 224/1400/882
f 1159/942/264 2235/942/264 2236/940/265
f 2217/1072/278 2249/1072/278 2248/1075/277
f 146/1401/96 1561/155/95 1600/157/96
f 2/40/29 1/1/1 34/41/29
f 18/54/35 17/22/16 50/24/17
f 1681/1402/197 1682/366/197 1683/368/198
f 881/1088/162 883/1084/162 2213/1088/162
f 184/218/62 1574/182/143 196/219/135
f 120/153/82 1498/431/82 1516/154/82
f 773/926/156 771/930/156 2197/926/156
f 1685/370/199 1686/369/199 1687/272/170
f 1502/432/82 1486/1403/82 1512/791/82
f 1493/285/175 1584/1404/175 1589/286/175
f 158/332/68 157/289/67 1611/333/68
f 769/912/156 799/911/156 2210/911/156
f 216/99/182 1590/298/182 206/298/182
f 2251/1107/162 1239/1107/162 1206/1071/162
f 2203/942/156 1970/940/156 785/942/156
f 2219/1107/162 891/1071/162 893/1107/162
f 1659/913/191 1657/352/190 1660/354/191
f 1681/1402/197 1679/365/196 1682/366/197
f 107/212/122 1468/194/121 1535/196/122
f 1882/1405/883 1883/1406/883 586/1407/883
f 1448/86/55 1449/85/55 96/88/56
f 1683/368/198 1684/367/198 1685/370/199
f 1655/284/189 1656/350/189 1657/282/190
f 23/62/33 22/46/4 55/47/33
f 1693/377/203 1694/375/203 1631/376/183
f 1669/268/169 1670/355/169 1671/357/192
f 97/96/61 95/179/113 1530/181/61
f 88/70/49 1437/262/49 1433/78/49
f 44/64/34 12/48/34 43/9/7
f 112/237/82 1492/977/82 120/153/82
f 1437/262/49 1436/1373/884 1435/433/49
f 1174/1071/280 2250/1071/280 2249/1072/278
f 2205/938/266 2204/940/265 2236/940/265
f 1175/1107/264 1207/1107/264 2250/1071/280
f 2205/938/266 2237/938/266 2238/933/267
f 1176/1104/265 2252/1104/265 1207/1107/264
f 1162/933/267 2238/933/267 2239/1408/268
f 1177/1102/266 2253/1102/266 2252/1104/265
f 1163/928/268 2239/928/268 2240/924/885
f 1178/1096/267 2254/1096/267 2253/1102/266
f 1165/917/886 1164/924/269 2240/924/885
f 1152/935/272 2228/935/272 2227/930/273
f 1179/1095/268 2255/1095/268 2254/1096/267
f 1165/917/886 1197/917/886 2242/918/271
f 1151/930/273 2227/930/273 1185/926/274
f 1180/1086/269 2256/1086/269 2255/1090/268
f 1166/911/271 2242/911/271 2228/912/272
f 1153/926/274 1185/926/274 2230/921/275
f 1181/1081/886 2257/1081/886 2256/1086/269
f 1167/1092/273 2243/1092/273 2244/1097/272
f 1154/921/275 2230/921/275 2231/922/276
f 1181/1081/886 2226/1078/271 2258/1078/271
f 1169/1088/274 2245/1088/274 2243/1092/273
f 1155/915/276 2231/915/276 2232/909/277
f 1168/1077/272 2244/1077/272 2258/1078/271
f 1170/1084/275 2246/1084/275 2245/1088/274
f 1156/909/277 2232/909/277 2233/905/278
f 1171/1083/276 2247/1083/276 2246/1084/275
f 1157/905/278 2233/905/278 2234/944/280
f 1172/1075/277 2248/1075/277 2247/1080/276
f 1158/944/280 2234/944/280 2235/942/264
f 2273/917/887 1261/917/887 2306/918/888
f 1243/1095/889 2319/1095/889 1274/1096/890
f 1673/1409/193 1674/360/193 1675/362/194
f 1196/924/156 2272/924/156 2241/917/156
f 1677/943/195 1678/363/195 1679/365/196
f 11/49/7 10/7/5 43/9/7
f 1574/1410/143 184/98/62 1577/100/64
f 78/433/864 67/75/46 1434/77/48
f 33/63/1 1/1/1 64/3/2
f 1635/349/185 1636/348/185 1637/282/173
f 1213/1081/162 2289/1081/162 1212/1086/162
f 1184/912/156 1198/911/156 1230/911/156
f 141/206/116 139/144/89 1558/186/116
f 20/51/11 19/13/10 52/15/11
f 1233/1088/162 1199/1092/162 1201/1088/162
f 1596/148/91 187/147/73 220/253/178
f 31/50/9 30/10/8 63/12/9
f 151/277/57 150/338/56 1604/320/57
f 1427/470/49 1426/1366/49 88/70/49
f 9/52/13 8/16/12 41/18/13
f 1595/99/63 184/98/62 217/298/180
f 156/290/66 1536/240/126 1609/306/66
f 167/280/79 166/303/78 1620/305/79
f 2369/250/201 272/250/201 2371/255/202
f 92/591/82 1450/422/82 1469/152/94
f 1520/141/87 1521/140/87 142/143/88
f 173/300/85 1553/294/84 1626/316/85
f 2406/369/204 309/369/204 2404/367/205
f 1691/374/200 1692/373/200 1693/377/203
f 1192/940/156 1191/942/156 2267/942/156
f 379/402/222 1700/378/206 378/380/207
f 1485/81/156 213/80/156 1579/81/156
f 1255/1411/156 2297/1412/156 1249/1413/156
f 2315/1414/162 1275/1415/162 1264/1416/162
f 2259/930/891 1247/930/891 2293/926/892
f 1243/1090/889 2288/1086/893 1276/1086/893
f 2260/912/894 2274/911/888 2306/911/888
f 2262/921/895 1217/926/892 2293/926/892
f 1245/1081/896 2321/1081/896 1276/1086/893
f 1231/1092/897 2307/1092/897 2308/1097/898
f 2262/921/895 1250/921/895 2295/922/899
f 1246/1078/900 2322/1078/900 2321/1081/896
f 1231/1092/897 2277/1088/901 1265/1088/901
f 2264/909/902 1219/915/899 2295/915/899
f 1232/1077/898 2308/1077/898 2322/1078/900
f 1234/1084/903 2310/1084/903 1265/1088/901
f 2265/905/904 2264/909/902 1252/909/902
f 1234/1084/903 2279/1083/905 1267/1083/905
f 2266/944/906 2265/905/904 1253/905/904
f 1236/1075/907 2312/1075/907 1267/1080/905
f 2266/944/906 1254/944/906 2299/942/908
f 1236/1075/907 2281/1072/909 1269/1072/909
f 1223/942/908 2299/942/908 2300/940/910
f 2281/1072/909 2282/1071/911 1270/1071/911
f 2269/938/912 1224/940/913 2300/940/910
f 2282/1071/911 2283/1107/914 1271/1107/914
f 2269/938/912 1257/938/912 2302/933/915
f 2283/1107/914 2284/1104/916 1272/1104/916
f 2271/1408/917 1226/933/915 2302/933/915
f 1241/1102/918 2317/1102/918 1272/1104/916
f 2271/928/917 1259/928/919 2304/924/920
f 1241/1102/918 2286/1096/890 1274/1096/890
f 2273/917/887 1228/924/920 2304/924/920
f 2259/930/891 2260/935/894 1248/935/894
f 1287/1417/921 2323/1418/921 2329/1419/921
f 1306/1420/922 1307/1421/923 1296/1422/924
f 1322/1423/817 1323/1424/925 1312/1425/926
f 1335/1426/927 2344/1427/927 2350/1428/927
f 1144/1355/847 1339/1355/928 1340/1357/929
f 1094/1305/930 2337/1305/931 1313/1303/932
f 1040/1247/933 2328/1247/853 1288/1248/934
f 2174/1322/816 2177/1324/935 1323/1324/925
f 1060/1269/936 1297/1269/937 1295/1266/938
f 1130/1340/939 2183/1293/778 2345/1293/940
f 1026/1231/941 1024/1230/942 1280/1230/943
f 2157/1260/742 2158/1286/944 1306/1286/922
f 1146/1357/848 1340/1357/929 1341/1359/945
f 1096/1307/946 2338/1307/947 2337/1305/931
f 1042/1248/948 1288/1248/934 1289/1250/949
f 2177/1324/935 1114/1326/812 1324/1326/950
f 1062/1271/951 2330/1271/952 1297/1269/937
f 1132/1342/953 1130/1340/939 1332/1340/954
f 2158/1286/944 2161/1288/955 1307/1288/923
f 1150/1360/854 1148/1359/850 1341/1359/945
f 1028/1233/956 1026/1231/941 1279/1231/957
f 1098/1309/958 2339/1309/959 2338/1307/947
f 1044/1250/960 1289/1250/949 1290/1252/961
f 1114/1326/812 1116/1328/814 1325/1328/962
f 1064/1273/963 2331/1273/964 2330/1271/952
f 1132/1342/953 1333/1342/965 2348/1344/966
f 2161/1288/955 1082/1290/775 1308/1290/967
f 1120/1361/968 1150/1360/854 1342/1360/969
f 1030/1235/970 1028/1233/956 1281/1233/971
f 1100/1311/972 2340/1311/973 2339/1309/959
f 1046/1252/974 1290/1252/961 1291/1254/975
f 1118/1331/819 1326/1331/976 1325/1328/962
f 1066/1275/977 2332/1275/978 2331/1273/964
f 1134/1344/979 2348/1344/966 2349/1346/980
f 1082/1290/775 1084/1292/777 1309/1292/981
f 1032/1237/982 1030/1235/970 1282/1235/983
f 1100/1311/972 2170/1313/984 1318/1313/985
f 1048/1254/737 1291/1254/975 1292/1256/986
f 1088/1330/987 1312/1330/926 1326/1331/976
f 1068/1277/988 2333/1277/989 2332/1275/978
f 1136/1348/990 2349/1348/980 1336/1349/991
f 1086/1297/782 1310/1297/992 1309/1292/981
f 1034/1239/993 1032/1237/982 1283/1237/994
f 1122/1334/995 1120/1333/968 1328/1333/996
f 2170/1313/984 2171/1315/997 1319/1315/998
f 1050/1256/738 1292/1256/986 1293/1258/999
f 1068/1277/988 2154/1279/1000 1302/1279/1001
f 1138/1349/1002 1336/1349/991 1337/1351/1003
f 1056/1296/1004 1296/1296/924 1310/1297/992
f 1036/1241/1005 1034/1239/993 1284/1239/1006
f 2171/1429/997 2172/1318/1007 1320/1318/1008
f 1054/1261/744 1052/1258/740 1293/1258/999
f 1124/1336/1009 1122/1334/995 1327/1334/1010
f 1090/1300/1011 1311/1300/1012 1312/1301/926
f 2154/1279/1000 2155/1281/1013 1303/1281/1014
f 1140/1351/1015 1337/1351/1003 1338/1353/1016
f 1036/1241/1005 1285/1241/1017 2327/1243/852
f 2172/1318/1007 2173/1320/815 1321/1320/1018
f 1024/1262/942 1054/1261/744 1294/1261/1019
f 1126/1294/779 1124/1336/1009 1329/1336/1020
f 2155/1430/1013 2156/1259/741 1304/1259/1021
f 1142/1353/1022 1338/1353/1016 1339/1355/928
f 1092/1303/1023 1313/1303/932 1311/1300/1012
f 1058/1266/1024 1295/1266/938 1296/1267/924
f 2388/1431/156 1364/1432/156 1348/1433/156
f 2381/1434/162 1389/1435/162 1357/1436/162
f 292/268/1025 2389/268/1025 2387/266/1026
f 273/254/1027 2370/254/1027 2372/351/1028
f 310/272/1029 2407/272/1029 2405/370/1030
f 293/355/1031 291/267/1032 1380/267/1032
f 256/347/1033 258/349/1034 1347/349/1034
f 309/369/204 2406/369/204 2408/273/1035
f 274/255/202 276/256/1036 1365/256/1036
f 257/346/1037 1345/346/1037 2356/348/1038
f 292/268/1025 294/357/1039 1383/357/1039
f 275/351/1028 2372/351/1028 2374/257/1040
f 312/274/1041 2409/274/1041 2407/272/1029
f 293/355/1031 1382/355/1031 2392/356/1042
f 258/349/1034 260/282/1043 1349/282/1043
f 311/273/1035 2408/273/1035 2410/371/1044
f 276/256/1036 278/284/1045 1367/284/1045
f 259/348/1038 2356/348/1038 2358/283/1046
f 296/359/1047 2393/359/1047 1383/357/1039
f 277/257/1040 2374/257/1040 2376/350/1048
f 312/1068/1041 314/374/1049 1403/374/1049
f 297/358/1050 295/356/1042 2392/356/1042
f 260/282/1043 262/284/1051 1351/284/1051
f 313/372/1044 2410/372/1044 2412/373/1052
f 280/282/1053 2377/282/1053 1367/284/1045
f 261/283/1046 2358/283/1046 2360/350/1054
f 298/362/1055 2395/362/1055 2393/1409/1047
f 281/283/1056 279/350/1048 2376/350/1048
f 316/377/1057 2413/377/1057 1403/374/1049
f 299/361/1058 297/360/1050 1386/360/1050
f 262/284/1051 264/256/1059 1353/256/1059
f 317/375/1060 315/373/1052 2412/373/1052
f 282/913/1061 2379/913/1061 2377/352/1053
f 263/350/1054 2360/350/1054 2362/257/1062
f 300/943/1063 2397/943/1063 2395/362/1055
f 283/354/1064 281/353/1056 1370/353/1056
f 254/376/1065 1343/376/1065 2413/377/1057
f 301/363/1066 299/361/1058 1388/361/1058
f 266/255/1067 2363/255/1067 1353/256/1059
f 255/345/1068 317/375/1060 1406/375/1060
f 282/913/1061 284/258/1069 1373/258/1069
f 265/257/1062 2362/257/1062 2364/351/1070
f 300/943/1063 302/365/1071 1391/365/1071
f 283/354/1064 1372/354/1064 2382/259/1072
f 301/363/1066 1390/363/1066 2400/364/1073
f 268/250/1074 2365/250/1074 2363/255/1067
f 284/258/1069 286/260/1075 1375/260/1075
f 269/254/1076 267/351/1070 2364/351/1070
f 302/365/1071 304/1402/1077 1393/1402/1077
f 287/263/1078 285/259/1072 2382/259/1072
f 303/364/1073 2400/364/1073 2402/366/1079
f 268/250/1074 270/248/1080 1359/248/1080
f 288/264/1081 2385/264/1081 1375/260/1075
f 269/254/1076 1358/254/1076 2368/249/1082
f 306/368/1083 2403/368/1083 1393/1402/1077
f 289/265/1084 287/263/1078 1376/263/1078
f 307/367/205 305/366/1079 2402/366/1079
f 272/250/201 2369/250/201 1359/248/1080
f 290/266/1026 2387/266/1026 2385/264/1081
f 271/249/1082 2368/249/1082 2370/254/1027
f 254/376/1065 256/347/1033 1344/347/1033
f 308/370/1030 2405/370/1030 2403/368/1083
f 291/267/1032 289/265/1084 1378/265/1084
f 257/346/1037 255/345/1068 1346/345/1068
f 2420/516/1085 2421/1437/1085 2416/1438/1085
f 2428/518/1086 2429/1439/1086 2424/1440/1086
f 1414/1441/1087 2430/1442/1087 478/1443/1087
f 210/209/96 1564/244/96 1588/244/96
f 49/23/16 17/22/16 48/36/25
f 1450/422/82 98/1444/82 100/420/82
f 128/127/80 1503/126/80 1487/129/81
f 1416/643/1088 2434/1445/1088 2440/1446/1088
f 1514/135/84 1515/134/84 136/137/85
f 124/123/78 1499/122/78 126/125/79
f 1437/262/49 79/77/49 1433/78/49
f 320/1447/208 1699/381/208 322/383/209
f 368/401/219 1722/384/210 366/386/211
f 322/383/209 1698/382/209 324/388/210
f 372/398/224 1714/389/212 371/391/214
f 812/857/162 813/865/162 774/1448/162
f 814/826/162 1944/825/162 770/1449/162
f 796/1450/162 798/906/162 800/835/162
f 1944/825/162 1945/907/162 770/1449/162
f 794/1451/162 796/1450/162 801/814/162
f 814/826/162 770/1449/162 772/1452/162
f 796/1450/162 800/835/162 801/814/162
f 814/826/162 772/1452/162 813/865/162
f 792/1453/162 794/1451/162 802/813/162
f 813/865/162 772/1452/162 774/1448/162
f 794/1451/162 801/814/162 802/813/162
f 812/857/162 774/1448/162 776/1454/162
f 790/1455/162 792/1453/162 1980/846/162
f 812/857/162 776/1454/162 1988/867/162
f 792/1453/162 802/813/162 1980/846/162
f 1988/867/162 776/1454/162 778/1456/162
f 788/1457/162 790/1455/162 804/811/162
f 1988/867/162 778/1456/162 810/861/162
f 790/1455/162 1980/846/162 804/811/162
f 810/861/162 778/1456/162 780/1458/162
f 786/1459/162 788/1457/162 1982/810/162
f 810/861/162 780/1458/162 1986/859/162
f 788/1457/162 804/811/162 1982/810/162
f 1986/859/162 780/1458/162 782/1460/162
f 784/392/162 786/1459/162 1981/393/162
f 1986/859/162 782/1460/162 808/838/162
f 807/394/162 808/838/162 784/392/162
f 1982/810/162 1981/393/162 786/1459/162
f 808/838/162 782/1460/162 784/392/162
f 326/399/215 324/388/210 1703/395/215
f 1706/389/228 359/396/216 376/398/218
f 328/430/156 326/399/215 1705/400/156
f 1720/378/215 1722/384/210 369/402/220
f 328/430/156 1705/400/156 330/404/221
f 1697/384/241 1700/378/206 380/401/223
f 330/404/221 1707/403/221 332/408/212
f 1712/396/226 1714/389/212 373/397/225
f 334/411/226 332/408/212 1711/410/226
f 377/391/240 1704/390/227 376/398/218
f 336/416/229 334/411/226 1713/412/229
f 1695/423/208 1696/413/230 367/415/232
f 338/411/216 336/416/229 1715/410/216
f 1718/379/156 1720/378/215 370/380/233
f 338/411/216 1715/410/216 340/408/228
f 374/434/242 1710/417/229 373/419/225
f 342/404/227 340/408/228 1719/403/235
f 1724/1461/209 1695/423/208 366/424/211
f 344/430/162 342/404/227 1721/400/162
f 376/398/218 375/397/217 392/426/237
f 341/1462/238 339/427/238 360/429/238
f 346/399/206 344/430/162 1723/395/239
f 1702/379/162 1704/390/227 378/380/207
f 346/399/206 1723/395/239 348/388/241
f 320/1447/208 350/383/230 1699/381/208
f 348/388/241 1725/387/241 350/383/230
f 1696/385/230 1697/384/241 381/386/231
f 359/1463/216 1710/417/229 375/435/217
f 1716/390/213 1718/379/156 371/391/214
f 378/380/207 377/391/240 394/437/244
f 366/424/211 367/415/232 382/439/246
f 396/441/255 380/401/223 395/440/247
f 369/402/220 368/401/219 385/440/249
f 383/438/245 367/415/232 397/442/250
f 371/391/214 370/380/233 387/436/252
f 389/425/256 373/397/225 388/426/253
f 391/1464/236 375/435/217 390/443/254
f 393/436/243 377/391/240 392/426/237
f 395/440/247 379/402/222 394/437/244
f 384/441/248 368/401/219 382/444/246
f 381/386/231 380/401/223 397/444/250
f 370/380/233 369/402/220 386/437/251
f 372/398/224 371/391/214 388/426/253
f 374/434/242 373/419/225 390/443/254
f 459/476/257 443/446/206 458/448/207
f 407/1465/238 405/1466/238 1754/502/238
f 1756/501/238 403/500/238 401/1467/238
f 409/1468/238 407/1465/238 1752/1469/238
f 1756/501/238 401/1467/238 399/1470/238
f 407/1465/238 1754/502/238 1752/1469/238
f 399/1470/238 401/1467/238 431/1471/238
f 411/1472/238 409/1468/238 434/1473/238
f 399/1470/238 431/1471/238 445/1474/238
f 409/1468/238 1752/1469/238 434/1473/238
f 445/1474/238 431/1471/238 429/1475/238
f 413/1476/238 411/1472/238 1748/1477/238
f 445/1474/238 429/1475/238 1729/1478/238
f 411/1472/238 434/1473/238 1748/1477/238
f 1729/1478/238 429/1475/238 427/1479/238
f 415/1480/238 413/1476/238 1746/1481/238
f 1729/1478/238 427/1479/238 1732/1482/238
f 413/1476/238 1748/1477/238 1746/1481/238
f 1732/1482/238 427/1479/238 425/1483/238
f 417/1484/238 415/1480/238 1744/1485/238
f 1732/1482/238 425/1483/238 442/1486/238
f 415/1480/238 1746/1481/238 1744/1485/238
f 442/1486/238 425/1483/238 423/1487/238
f 419/1488/238 417/1484/238 1742/1489/238
f 442/1486/238 423/1487/238 1736/1490/238
f 417/1484/238 1744/1485/238 1742/1489/238
f 1736/1490/238 423/1487/238 421/451/238
f 421/451/238 419/1488/238 1740/449/238
f 1742/1489/238 1740/449/238 419/1488/238
f 440/450/238 1736/1490/238 421/451/238
f 400/1491/208 1731/452/208 402/454/209
f 448/473/219 432/455/210 446/457/211
f 402/454/209 1730/453/209 404/459/210
f 436/467/212 435/460/213 452/462/224
f 592/681/156 1897/463/156 1902/465/156
f 406/498/215 404/459/210 1735/466/215
f 456/462/218 1738/467/228 455/469/217
f 406/498/215 1735/466/215 408/472/156
f 449/476/220 433/446/215 448/473/219
f 408/472/156 1737/471/156 410/475/221
f 444/455/241 443/446/206 460/473/223
f 410/475/221 1739/474/221 412/478/212
f 437/468/226 436/467/212 453/469/225
f 412/478/212 1741/477/212 414/481/226
f 457/461/240 441/460/227 456/462/218
f 414/481/226 1743/480/226 416/484/229
f 447/491/232 1727/485/208 461/487/231
f 418/481/216 416/484/229 1747/480/216
f 1750/447/156 433/446/215 450/448/233
f 418/481/216 1747/480/216 420/478/228
f 438/503/229 437/488/226 454/490/242
f 422/475/227 420/478/228 1751/474/227
f 398/1492/209 1727/485/208 446/492/211
f 597/493/258 2436/666/258 2446/1493/258
f 1926/1494/258 1913/495/258 1911/1495/258
f 1911/1495/258 1924/1496/258 1926/1494/258
f 597/493/258 2446/1493/258 596/494/258
f 596/494/258 1911/1495/258 1913/495/258
f 422/475/227 1751/474/227 424/472/162
f 456/462/218 455/469/217 472/497/237
f 424/472/162 1753/471/162 426/498/206
f 1734/447/162 441/460/227 458/448/207
f 426/498/206 1755/466/239 428/459/241
f 400/1491/208 430/454/230 1731/452/208
f 430/454/230 428/459/241 1758/453/230
f 1728/456/230 444/455/241 461/457/231
f 405/1466/238 403/500/238 1754/502/238
f 439/1497/216 438/503/229 455/504/217
f 451/461/214 435/460/213 450/448/233
f 458/448/207 457/461/240 474/506/244
f 446/492/211 447/491/232 462/508/246
f 476/510/255 460/473/223 475/509/247
f 449/476/220 448/473/219 465/509/249
f 463/507/245 447/491/232 477/511/250
f 467/505/252 451/461/214 466/506/251
f 453/469/225 452/462/224 469/496/256
f 455/504/217 454/490/242 471/513/236
f 473/505/243 457/461/240 472/497/237
f 475/509/247 459/476/257 474/506/244
f 464/510/248 448/473/219 462/514/246
f 461/457/231 460/473/223 477/514/250
f 450/448/233 449/476/220 466/506/251
f 452/462/224 451/461/214 468/497/253
f 454/490/242 453/489/225 470/512/254
f 2426/1498/259 2419/516/259 2427/518/259
f 1764/521/260 1411/1499/1089 1412/519/260
f 1412/519/260 2425/1500/1090 1765/520/260
f 2423/1501/1090 1765/520/260 2425/1500/1090
f 1761/524/261 1407/1502/1091 1408/1503/1091
f 1408/1503/1091 2417/522/261 1761/524/261
f 2415/1504/1092 1759/523/261 2417/522/261
f 1762/1505/262 1760/525/262 1766/527/262
f 1410/1506/263 2422/528/263 479/530/263
f 1767/1507/264 1770/531/264 1768/533/265
f 1768/533/265 1769/532/265 1771/535/266
f 1773/1508/267 1771/535/266 1774/536/267
f 1773/1508/267 1774/536/267 1775/538/268
f 1775/538/268 1776/537/268 1777/540/269
f 1777/540/269 1778/539/269 1779/542/270
f 1779/542/270 1780/541/270 496/544/271
f 496/544/271 1782/543/271 1783/546/272
f 1783/1509/272 1784/547/272 1785/549/273
f 1785/1510/273 1786/550/273 1787/552/274
f 1787/552/274 1788/551/274 1789/554/275
f 1789/554/275 1790/553/275 1791/556/276
f 1791/556/276 1792/555/276 1793/558/277
f 1795/1511/278 1793/558/277 1796/559/278
f 512/1512/280 1798/560/279 1767/562/264
f 1795/1511/278 1796/559/278 512/564/280
f 1800/614/283 1803/565/282 548/567/283
f 538/612/285 1825/568/284 1855/570/285
f 1445/1513/82 1506/571/82 1587/573/82
f 1598/576/286 188/1514/106 1511/678/105
f 1511/678/105 132/574/286 1598/576/286
f 545/1515/156 513/578/156 1828/580/156
f 508/1516/162 510/583/162 1827/582/162
f 1797/581/162 482/1517/162 544/1518/162
f 484/1519/162 486/1520/162 516/1521/162
f 488/1522/162 490/1523/162 520/1524/162
f 492/1525/162 494/600/162 1811/1526/162
f 530/1527/162 1813/602/162 1781/601/162
f 492/1525/162 1811/1526/162 1809/1528/162
f 532/1529/162 530/1527/162 498/1530/162
f 492/1525/162 1809/1528/162 522/1531/162
f 530/1527/162 1781/601/162 498/1530/162
f 492/1525/162 522/1531/162 490/1523/162
f 534/1532/162 532/1529/162 500/1533/162
f 490/1523/162 522/1531/162 520/1524/162
f 532/1529/162 498/1530/162 500/1533/162
f 488/1522/162 520/1524/162 518/1534/162
f 1821/1535/162 534/1532/162 502/1536/162
f 488/1522/162 518/1534/162 486/1520/162
f 534/1532/162 500/1533/162 502/1536/162
f 486/1520/162 518/1534/162 516/1521/162
f 1823/1537/162 1821/1535/162 504/1538/162
f 484/1519/162 516/1521/162 514/1539/162
f 1821/1535/162 502/1536/162 504/1538/162
f 484/1519/162 514/1539/162 482/1517/162
f 540/1540/162 1823/1537/162 506/1541/162
f 482/1517/162 514/1539/162 544/1518/162
f 1823/1537/162 504/1538/162 506/1541/162
f 1797/581/162 544/1518/162 1827/582/162
f 1827/582/162 540/1540/162 508/1516/162
f 506/1541/162 508/1516/162 540/1540/162
f 1525/584/281 189/1542/98 1465/585/288
f 1509/1543/288 144/586/288 1465/585/288
f 501/1544/156 499/590/156 1816/1545/156
f 497/588/156 495/1546/156 1814/589/156
f 493/1547/156 491/1548/156 525/1549/156
f 489/1550/156 487/1551/156 1806/1552/156
f 485/1553/156 483/1554/156 517/1555/156
f 513/578/156 545/1515/156 515/1556/156
f 1826/1557/156 1828/580/156 511/579/156
f 513/578/156 515/1556/156 483/1554/156
f 1824/1558/156 1826/1557/156 509/1559/156
f 483/1554/156 515/1556/156 517/1555/156
f 1826/1557/156 511/579/156 509/1559/156
f 485/1553/156 517/1555/156 1804/1560/156
f 1822/1561/156 1824/1558/156 507/1562/156
f 485/1553/156 1804/1560/156 487/1551/156
f 1824/1558/156 509/1559/156 507/1562/156
f 487/1551/156 1804/1560/156 1806/1552/156
f 535/1563/156 1822/1561/156 505/1564/156
f 489/1550/156 1806/1552/156 1808/1565/156
f 1822/1561/156 507/1562/156 505/1564/156
f 489/1550/156 1808/1565/156 491/1548/156
f 533/1566/156 535/1563/156 503/1567/156
f 491/1548/156 1808/1565/156 525/1549/156
f 535/1563/156 505/1564/156 503/1567/156
f 493/1547/156 525/1549/156 1812/1568/156
f 1816/1545/156 533/1566/156 501/1544/156
f 493/1547/156 1812/1568/156 495/1546/156
f 533/1566/156 503/1567/156 501/1544/156
f 495/1546/156 1812/1568/156 1814/589/156
f 1814/589/156 1816/1545/156 499/590/156
f 1492/1569/82 1460/593/82 1583/595/82
f 1463/1570/289 116/598/289 1578/597/289
f 1482/596/176 183/1571/155 1578/597/289
f 1811/1526/162 494/600/162 1813/602/162
f 551/605/156 1833/1572/156 1834/1573/156
f 1834/1573/156 1862/1574/156 575/1575/156
f 575/1575/156 573/1576/156 571/1577/156
f 571/1577/156 569/1578/156 1852/603/156
f 1852/603/156 1850/1579/156 563/1580/156
f 563/1580/156 561/1581/156 559/604/156
f 559/604/156 1842/1582/156 551/605/156
f 555/1583/156 553/1584/156 551/605/156
f 551/605/156 1834/1573/156 1852/603/156
f 575/1575/156 571/1577/156 1852/603/156
f 1852/603/156 563/1580/156 559/604/156
f 1842/1582/156 555/1583/156 551/605/156
f 1834/1573/156 575/1575/156 1852/603/156
f 1861/608/162 1831/1585/162 1832/1586/162
f 1832/1586/162 550/1587/162 1837/1588/162
f 1837/1588/162 1839/1589/162 556/1590/162
f 556/1590/162 558/1591/162 560/606/162
f 560/606/162 1847/1592/162 1849/1593/162
f 1849/1593/162 1851/1594/162 560/606/162
f 568/607/162 570/1595/162 572/1596/162
f 572/1596/162 574/1597/162 568/607/162
f 1861/608/162 1832/1586/162 1837/1588/162
f 1837/1588/162 556/1590/162 1861/608/162
f 560/606/162 1851/1594/162 568/607/162
f 568/607/162 574/1597/162 1861/608/162
f 1861/608/162 556/1590/162 560/606/162
f 529/632/291 527/609/290 1846/611/291
f 536/568/292 538/612/285 1853/569/292
f 546/633/293 1799/613/293 548/567/283
f 527/609/290 1810/615/294 1844/610/290
f 547/634/295 1802/617/295 577/619/296
f 1819/626/297 536/568/292 566/620/297
f 557/616/294 1810/615/294 1840/622/298
f 577/619/296 1830/618/296 1860/624/299
f 564/629/300 1817/625/300 566/620/297
f 523/621/298 521/615/301 1840/622/298
f 543/623/299 541/627/302 1860/624/299
f 562/633/308 1815/613/303 564/629/300
f 521/615/301 519/609/304 1838/616/301
f 541/627/302 539/630/305 1858/628/302
f 519/609/304 1801/632/306 1836/610/304
f 1845/567/307 528/614/307 562/633/308
f 539/630/305 537/627/309 1856/631/305
f 549/611/306 1801/632/306 547/634/295
f 526/565/310 528/614/307 1843/566/310
f 537/627/309 1820/623/311 1854/628/309
f 524/636/312 526/565/310 1841/635/312
f 1829/625/313 1799/613/293 576/629/313
f 567/624/311 1820/623/311 565/619/314
f 1807/638/315 524/636/312 554/637/315
f 1859/620/316 542/626/316 576/629/313
f 565/619/314 1818/618/314 1848/634/317
f 552/635/318 1805/636/318 554/637/315
f 1825/568/284 542/626/316 1857/569/284
f 1835/566/282 1803/565/282 552/635/318
f 531/617/317 529/632/291 1848/634/317
f 590/1598/319 1893/639/319 1885/641/319
f 578/1133/628 1874/642/320 2442/644/321
f 2439/647/324 587/655/329 1892/645/322
f 1892/645/322 1894/656/330 2441/646/323
f 1871/965/540 1879/648/325 1881/650/327
f 1888/1599/162 1890/651/162 1886/653/162
f 819/962/537 1863/654/328 587/655/329
f 588/1599/1093 1894/656/330 1891/651/331
f 1870/965/1094 1873/657/332 591/652/334
f 927/1122/621 1912/658/335 1920/660/337
f 1905/659/336 1907/662/338 1898/463/340
f 926/1120/620 1919/663/341 1914/665/343
f 2445/1493/344 2435/666/344 2443/668/344
f 203/969/346 102/671/346 212/670/346
f 103/669/345 180/1600/149 212/670/346
f 593/1601/347 1900/672/347 1906/674/347
f 343/1602/238 341/1462/238 360/429/238
f 1708/428/238 339/427/238 337/1603/238
f 345/1604/238 343/1602/238 361/1605/238
f 1708/428/238 337/1603/238 358/1606/238
f 343/1602/238 360/429/238 361/1605/238
f 358/1606/238 337/1603/238 335/1607/238
f 347/1608/238 345/1604/238 362/1609/238
f 358/1606/238 335/1607/238 357/1610/238
f 345/1604/238 361/1605/238 362/1609/238
f 357/1610/238 335/1607/238 333/1611/238
f 349/1612/238 347/1608/238 363/1613/238
f 357/1610/238 333/1611/238 356/1614/238
f 347/1608/238 362/1609/238 363/1613/238
f 356/1614/238 333/1611/238 331/1615/238
f 351/1616/238 349/1612/238 364/1617/238
f 356/1614/238 331/1615/238 355/1618/238
f 349/1612/238 363/1613/238 364/1617/238
f 355/1618/238 331/1615/238 329/1619/238
f 321/1620/238 351/1616/238 365/1621/238
f 355/1618/238 329/1619/238 354/1622/238
f 351/1616/238 364/1617/238 365/1621/238
f 354/1622/238 329/1619/238 327/1623/238
f 323/1624/238 321/1620/238 319/1625/238
f 354/1622/238 327/1623/238 353/1626/238
f 321/1620/238 365/1621/238 319/1625/238
f 353/1626/238 327/1623/238 325/675/238
f 325/675/238 323/1624/238 318/676/238
f 319/1625/238 318/676/238 323/1624/238
f 352/677/238 353/1626/238 325/675/238
f 207/575/348 130/574/348 218/576/348
f 1505/678/179 186/1514/159 218/576/348
f 1914/665/343 1909/664/342 1422/680/350
f 1904/682/1095 2438/679/349 1909/664/342
f 598/664/1096 1899/681/351 1903/682/353
f 1956/948/270 1955/683/271 748/685/270
f 620/705/372 612/686/354 619/688/356
f 619/688/356 611/687/355 618/690/358
f 610/689/357 609/691/162 618/690/358
f 609/691/162 608/693/360 617/692/359
f 608/693/360 607/695/362 616/694/361
f 607/695/362 606/697/364 615/696/363
f 613/899/515 1941/699/366 621/701/368
f 1930/898/514 1931/702/369 763/704/371
f 628/870/504 620/705/372 627/706/373
f 627/706/373 619/688/356 626/707/374
f 618/690/358 617/692/359 626/707/374
f 617/692/359 616/694/361 625/708/375
f 624/709/376 616/694/361 623/710/377
f 623/710/377 615/696/363 622/711/378
f 686/897/513 694/712/379 757/714/381
f 628/870/504 627/706/373 637/716/383
f 636/715/382 627/706/373 635/717/384
f 635/717/384 626/707/374 634/718/385
f 625/708/375 624/709/376 634/718/385
f 624/709/376 623/710/377 633/719/386
f 623/710/377 622/711/378 632/720/387
f 710/895/512 718/722/389 751/724/391
f 637/716/383 636/715/382 645/726/393
f 636/715/382 635/717/384 644/725/392
f 635/717/384 634/718/385 643/727/394
f 634/718/385 633/719/386 642/728/395
f 633/719/386 632/720/387 641/729/396
f 640/730/397 632/720/387 639/731/398
f 1949/953/275 1969/732/276 758/734/275
f 1950/947/274 1949/735/275 756/737/274
f 645/726/393 644/725/392 653/739/400
f 652/738/399 644/725/392 651/740/401
f 643/727/394 642/728/395 651/740/401
f 650/741/402 642/728/395 649/742/403
f 641/729/396 640/730/397 649/742/403
f 648/743/404 640/730/397 647/744/405
f 745/888/510 734/745/406 743/747/408
f 661/871/505 653/739/400 660/748/409
f 652/738/399 651/740/401 660/748/409
f 651/740/401 650/741/402 659/749/410
f 650/741/402 649/742/403 658/750/411
f 649/742/403 648/743/404 657/751/412
f 648/743/404 647/744/405 656/752/413
f 767/883/508 646/754/415 765/756/417
f 1959/950/268 1958/757/269 744/759/268
f 661/871/505 660/748/409 669/761/419
f 660/748/409 659/749/410 668/760/418
f 659/749/410 658/750/411 667/762/420
f 658/750/411 657/751/412 666/763/421
f 665/764/422 657/751/412 664/765/423
f 656/752/413 655/753/414 664/765/423
f 1931/702/369 678/767/425 761/703/370
f 669/761/419 668/760/418 677/770/428
f 668/760/418 667/762/420 676/769/427
f 667/762/420 666/763/421 675/771/429
f 666/763/421 665/764/422 674/772/156
f 665/764/422 664/765/423 673/773/430
f 672/774/431 664/765/423 671/775/432
f 755/713/380 694/712/379 753/777/434
f 685/793/441 677/778/428 684/780/435
f 676/779/427 675/781/429 684/780/435
f 675/781/429 674/783/156 683/782/436
f 674/783/156 673/785/430 682/784/437
f 681/786/438 673/785/430 680/788/439
f 672/787/431 671/789/432 680/788/439
f 693/802/448 685/793/441 692/794/442
f 684/780/435 683/782/436 692/794/442
f 683/782/436 682/784/437 691/795/443
f 690/796/444 682/784/437 689/797/445
f 681/786/438 680/788/439 689/797/445
f 680/788/439 679/790/440 688/798/446
f 1955/683/271 1953/800/272 750/684/271
f 701/874/506 693/802/448 700/803/449
f 700/803/449 692/794/442 699/804/450
f 691/795/443 690/796/444 699/804/450
f 698/805/451 690/796/444 697/806/452
f 689/797/445 688/798/446 697/806/452
f 688/798/446 687/799/447 696/807/453
f 1939/863/456 1938/809/455 1979/811/456
f 739/834/477 737/812/457 1978/814/459
f 701/874/506 700/803/449 709/816/461
f 700/803/449 699/804/450 708/815/460
f 699/804/450 698/805/451 707/817/462
f 698/805/451 697/806/452 706/818/49
f 705/819/463 697/806/452 704/820/464
f 696/807/453 695/808/454 704/820/464
f 718/722/389 726/822/466 749/723/390
f 654/866/469 1928/824/468 1989/826/469
f 709/816/461 708/815/460 717/828/471
f 708/815/460 707/817/462 716/827/470
f 707/817/462 706/818/49 715/829/472
f 706/818/49 705/819/463 714/830/473
f 705/819/463 704/820/464 713/831/474
f 712/832/475 704/820/464 711/833/476
f 1927/862/478 739/834/477 1943/835/478
f 1984/394/479 1936/836/479 1983/838/480
f 725/875/507 717/828/471 724/839/481
f 724/839/481 716/827/470 723/840/482
f 723/840/482 715/829/472 722/841/483
f 714/830/473 713/831/474 722/841/483
f 713/831/474 712/832/475 721/842/484
f 712/832/475 711/833/476 720/843/485
f 737/812/457 735/845/487 1977/813/458
f 805/810/455 1938/809/455 806/393/489
f 725/875/507 724/839/481 733/849/491
f 732/848/490 724/839/481 731/850/492
f 723/840/482 722/841/483 731/850/492
f 722/841/483 721/842/484 730/851/493
f 721/842/484 720/843/485 729/852/494
f 720/843/485 719/844/486 728/853/495
f 811/867/497 1932/855/497 1987/857/498
f 702/837/480 1934/858/499 1983/838/480
f 809/859/499 1934/858/499 1985/861/500
f 815/825/468 1928/824/468 1943/835/478
f 803/846/488 735/845/487 1979/811/456
f 806/393/489 1937/847/489 1984/394/479
f 670/856/498 662/864/501 1987/857/498
f 662/864/501 654/866/469 1990/865/501
f 1985/861/500 1933/860/500 811/867/497
f 733/849/491 732/848/490 612/876/354
f 732/848/490 731/850/492 611/877/355
f 610/878/357 731/850/492 609/879/162
f 730/851/493 729/852/494 609/879/162
f 608/880/360 729/852/494 607/881/362
f 607/881/362 728/853/495 606/882/364
f 741/1627/511 646/754/415 630/884/509
f 1946/946/278 768/885/280 764/887/278
f 726/822/466 734/745/406 747/823/467
f 1965/952/264 1964/889/265 736/891/264
f 621/1628/368 1942/892/367 630/894/509
f 1935/1629/433 710/895/512 753/896/434
f 678/767/425 686/897/513 759/768/426
f 765/756/417 1929/755/416 763/704/371
f 743/747/408 1940/746/407 613/899/515
f 1953/800/272 1952/900/273 752/801/272
f 1966/944/532 751/903/391 1963/905/517
f 1944/825/162 800/835/162 1945/907/162
f 749/904/390 747/908/467 1963/905/517
f 630/1630/509 767/910/508 1948/912/520
f 1960/909/518 747/908/467 1957/915/521
f 767/1631/508 765/916/417 1976/918/519
f 745/1632/510 743/920/408 1957/922/521
f 765/916/417 763/923/371 1975/917/522
f 1954/921/523 743/920/408 1951/926/525
f 763/923/371 761/927/370 1974/924/524
f 613/925/515 621/929/368 1951/926/525
f 1973/1408/526 761/931/370 1972/933/528
f 621/929/368 630/934/509 1947/930/527
f 759/932/426 757/937/381 1972/933/528
f 1971/938/529 757/937/381 787/940/530
f 787/940/530 755/939/380 1968/942/531
f 1968/942/531 753/941/434 1966/944/532
f 1962/951/266 1961/757/267 740/945/266
f 1967/953/277 1946/946/278 762/734/277
f 1952/900/273 1950/947/274 754/901/273
f 1958/1633/269 1956/948/270 746/949/269
f 1961/757/267 1959/950/268 742/758/267
f 1964/889/265 1962/951/266 738/890/265
f 766/886/280 768/885/280 736/891/264
f 1969/732/276 1967/953/277 760/733/276
f 1992/956/533 1866/1634/533 817/1635/533
f 1865/1636/533 1996/1637/533 816/1638/533
f 1866/1634/533 1868/1639/533 817/1635/533
f 816/1638/533 1996/1637/533 1993/958/533
f 1993/958/533 585/957/533 584/1640/533
f 817/1635/533 585/957/533 1992/956/533
f 584/1640/533 816/1638/533 1993/958/533
f 1879/648/325 1869/959/534 1880/649/326
f 1877/968/1097 1864/961/536 819/962/537
f 579/657/1098 1871/965/540 2431/964/539
f 1881/650/327 2433/963/538 1871/965/540
f 580/961/541 1878/968/541 1995/967/542
f 1876/960/541 581/959/541 1867/984/542
f 1867/984/542 1995/967/542 1876/960/541
f 214/670/545 1569/1600/134 105/669/133
f 105/669/133 104/671/543 214/670/545
f 972/1641/49 973/972/49 2110/1642/49
f 974/970/49 975/1643/49 2109/971/49
f 976/1644/49 2107/1645/49 2108/1646/49
f 2110/1642/49 2111/1647/49 972/1641/49
f 976/1644/49 2108/1646/49 975/1643/49
f 2109/971/49 2110/1642/49 973/972/49
f 975/1643/49 2108/1646/49 2109/971/49
f 822/1648/1099 823/967/546 2004/974/547
f 797/917/156 795/924/156 2209/917/156
f 793/928/156 2207/928/156 2208/924/156
f 2209/917/156 2210/918/156 799/918/156
f 793/928/156 2208/924/156 795/924/156
f 799/918/156 797/917/156 2209/917/156
f 2003/1141/548 1997/978/548 2001/980/548
f 825/1649/549 821/981/549 826/983/549
f 824/987/550 820/984/550 2002/986/552
f 827/973/553 1995/967/542 2000/987/553
f 2034/1113/270 856/988/270 2033/990/271
f 2020/1650/596 845/991/554 829/993/556
f 833/1651/1100 871/994/557 2009/996/559
f 836/1063/598 865/997/560 2012/999/562
f 839/1062/597 859/1000/563 2015/1002/565
f 2027/1117/275 866/1003/275 2047/1005/276
f 2028/1111/274 864/1006/274 2027/1008/275
f 2018/1065/600 842/1009/566 851/1011/568
f 2007/1064/599 831/1012/569 873/1014/571
f 2037/1114/268 852/1015/268 2036/1017/269
f 2010/1652/1101 2009/996/559 867/1018/572
f 2013/1653/1102 2012/999/562 861/1019/573
f 2033/990/271 858/989/271 2031/1021/272
f 2017/1654/574 2057/1022/574 841/1024/575
f 847/1034/584 2056/1025/576 2019/1027/578
f 2015/1002/565 857/1001/564 2016/1029/580
f 832/1049/581 2067/1030/581 2006/1032/582
f 2005/1655/583 2021/1033/583 847/1034/584
f 838/1656/586 2014/1035/585 2061/1037/586
f 2019/1027/578 2055/1026/577 843/1039/588
f 840/1047/589 841/1024/575 2059/1040/589
f 835/1657/590 2066/1041/590 834/1043/591
f 838/1656/586 2061/1037/586 837/1045/592
f 2011/1050/593 837/1045/592 2063/1046/593
f 2005/1655/583 2006/1032/582 2021/1033/583
f 2017/1654/574 843/1039/588 2057/1022/574
f 2014/1035/585 840/1047/589 2062/1036/585
f 2008/1658/594 834/1043/591 2068/1048/594
f 2008/1658/594 2068/1048/594 832/1049/581
f 835/1657/590 2011/1050/593 2066/1041/590
f 849/1659/1103 830/1051/595 831/1012/569
f 2024/1110/278 872/1052/278 876/1054/280
f 2016/1029/580 855/1028/579 842/1009/566
f 2043/1116/264 844/1055/264 2042/1057/265
f 849/1660/1103 2020/1058/596 830/1060/595
f 2013/1661/1102 861/1061/573 839/1062/597
f 2010/1652/1101 867/1018/572 836/1063/598
f 833/1651/1100 2007/1064/599 871/994/557
f 845/991/554 2018/1065/600 828/992/555
f 2031/1021/272 860/1020/272 2030/1067/273
f 857/1662/564 859/1070/563 2041/1072/602
f 2022/1031/156 2023/1073/156 908/1033/156
f 857/1662/564 2041/1072/602 855/1076/579
f 830/1663/595 2026/1077/604 875/1079/570
f 853/1664/567 855/1076/579 2035/1080/606
f 875/1079/570 2054/1078/605 873/1082/571
f 853/1665/567 2035/1083/606 851/1085/568
f 873/1082/571 2053/1081/607 871/1087/557
f 851/1085/568 2032/1084/608 828/1089/555
f 871/1087/557 2052/1086/609 869/1091/558
f 828/1089/555 2029/1088/610 829/1093/556
f 867/1666/572 869/1094/558 2050/1096/613
f 829/1093/556 2025/1092/612 830/1098/595
f 179/1667/128 91/1101/127 211/1100/614
f 90/1099/614 202/1668/614 211/1100/614
f 867/1666/572 2050/1096/613 865/1103/560
f 863/1106/561 865/1103/560 2048/1104/616
f 861/1108/573 863/1106/561 2046/1107/617
f 859/1070/563 861/1108/573 2044/1071/601
f 2040/1115/266 848/1109/266 2039/1017/267
f 2045/1117/277 870/1003/277 2024/1110/278
f 2030/1067/273 862/1066/273 2028/1111/274
f 2036/1669/269 854/1112/269 2034/1113/270
f 2039/1017/267 850/1016/267 2037/1114/268
f 2042/1057/265 846/1056/265 2040/1115/266
f 876/1054/280 874/1053/280 2043/1116/264
f 2047/1005/276 868/1004/276 2045/1117/277
f 878/1670/156 2023/1073/156 2022/1031/156
f 908/1033/156 906/1074/156 904/1671/156
f 880/1672/156 878/1670/156 922/1030/156
f 908/1033/156 904/1671/156 909/1025/156
f 878/1670/156 2022/1031/156 922/1030/156
f 909/1025/156 904/1671/156 902/1673/156
f 882/1674/156 880/1672/156 921/1048/156
f 909/1025/156 902/1673/156 910/1026/156
f 880/1672/156 922/1030/156 921/1048/156
f 910/1026/156 902/1673/156 900/1675/156
f 884/1676/156 882/1674/156 920/1042/156
f 910/1026/156 900/1675/156 911/1038/156
f 882/1674/156 921/1048/156 920/1042/156
f 911/1038/156 900/1675/156 898/1677/156
f 886/1678/156 884/1676/156 919/1041/156
f 911/1038/156 898/1677/156 912/1022/156
f 884/1676/156 920/1042/156 919/1041/156
f 912/1022/156 898/1677/156 896/1679/156
f 888/1680/156 886/1678/156 918/1046/156
f 912/1022/156 896/1679/156 913/1023/156
f 886/1678/156 919/1041/156 918/1046/156
f 913/1023/156 896/1679/156 894/1681/156
f 890/1682/156 888/1680/156 917/1044/156
f 913/1023/156 894/1681/156 914/1040/156
f 888/1680/156 918/1046/156 917/1044/156
f 914/1040/156 894/1681/156 892/1118/156
f 892/1118/156 890/1682/156 916/1037/156
f 917/1044/156 916/1037/156 890/1682/156
f 915/1036/156 914/1040/156 892/1118/156
f 924/1638/618 599/1640/618 2071/958/618
f 2074/1637/618 1922/1636/618 924/1638/618
f 1917/1639/618 1915/1634/618 925/1635/618
f 2071/958/618 2074/1637/618 924/1638/618
f 925/1635/618 1915/1634/618 2069/956/618
f 2071/958/618 599/1640/618 1910/957/618
f 925/1635/618 2069/956/618 1910/957/618
f 1925/1129/1104 1918/1119/619 926/1120/620
f 1923/1683/1105 927/1122/621 1921/1123/622
f 1421/1684/321 604/1124/623 2444/1126/321
f 601/1129/541 600/1683/541 2073/1127/625
f 603/1123/541 2073/1127/625 600/1683/541
f 1916/1128/625 602/1119/541 601/1129/541
f 2263/922/156 1187/922/156 1186/921/156
f 1186/921/156 2229/926/156 2261/926/156
f 1183/930/156 1184/935/156 1216/935/156
f 1218/921/156 2263/922/156 1186/921/156
f 1183/930/156 1216/935/156 1215/930/156
f 2261/926/156 1218/921/156 1186/921/156
f 1183/930/156 1215/930/156 2261/926/156
f 1469/1685/94 1456/1130/234 204/1132/627
f 1874/642/320 578/1133/628 589/1135/629
f 2072/1686/1106 2082/1136/630 931/1127/631
f 901/1090/162 903/1086/162 2224/1086/162
f 905/1081/162 907/1078/162 2225/1081/162
f 877/1077/162 2212/1077/162 1182/1078/162
f 2224/1086/162 2223/1090/162 901/1090/162
f 877/1077/162 1182/1078/162 907/1078/162
f 2225/1081/162 2224/1086/162 903/1086/162
f 907/1078/162 1182/1078/162 2225/1081/162
f 1905/659/336 1912/658/335 1419/1687/1107
f 1419/1687/1107 1420/1140/633 1905/659/336
f 932/979/634 935/978/634 2080/980/634
f 930/1688/635 2070/1142/635 934/1144/635
f 929/1689/1108 928/1128/636 2079/1146/637
f 2073/1127/625 2075/1137/638 1916/1128/625
f 2083/1177/685 968/1147/639 2084/1149/641
f 938/1690/640 939/1150/642 940/1152/644
f 950/1168/663 952/1153/645 2093/1155/647
f 940/1691/644 941/1156/643 942/1158/649
f 2086/1165/666 964/1159/650 2085/1161/652
f 944/1692/654 942/1162/649 945/1164/653
f 942/1160/649 944/1159/654 2097/1161/656
f 944/1692/654 945/1164/653 946/1167/658
f 956/1153/672 958/1168/659 2090/1154/661
f 948/1693/676 946/1167/658 949/1169/662
f 948/1186/676 950/1168/663 2094/1170/664
f 948/1693/676 949/1169/662 950/1172/663
f 962/1191/681 964/1159/650 2087/1173/667
f 950/1187/663 951/1174/665 952/1176/645
f 940/1147/644 942/1160/649 2098/1177/669
f 952/1694/645 953/1178/668 954/1180/671
f 954/1194/671 956/1153/672 2091/1181/673
f 954/1180/671 955/1179/670 956/1183/672
f 604/1124/623 594/1184/675 605/1125/624
f 946/1191/658 948/1186/676 2095/1173/677
f 956/1176/672 957/1175/674 958/1187/659
f 938/1148/640 940/1147/644 2084/1149/641
f 958/1695/659 959/1188/678 960/1190/680
f 960/1186/680 962/1191/681 2088/1170/682
f 960/1190/680 961/1189/679 962/1193/681
f 952/1153/645 954/1194/671 2092/1154/646
f 964/1696/650 962/1193/681 965/1195/684
f 2085/1161/652 966/1160/651 2083/1177/685
f 964/1696/650 965/1195/684 966/1198/651
f 938/1690/640 968/1199/639 939/1150/642
f 968/1691/639 966/1158/651 969/1156/687
f 958/1168/659 960/1186/680 2089/1155/660
f 2096/1165/655 944/1159/654 2095/1173/677
f 983/1697/49 937/1698/49 2099/1699/49
f 936/1700/49 970/1701/49 2114/1702/49
f 971/1703/49 972/1641/49 2112/1704/49
f 2106/1705/49 2107/1645/49 976/1644/49
f 972/1641/49 2111/1647/49 2112/1704/49
f 2105/1706/49 2106/1705/49 977/1707/49
f 971/1703/49 2112/1704/49 2113/1708/49
f 2106/1705/49 976/1644/49 977/1707/49
f 971/1703/49 2113/1708/49 970/1701/49
f 2104/1709/49 2105/1706/49 978/1710/49
f 970/1701/49 2113/1708/49 2114/1702/49
f 2105/1706/49 977/1707/49 978/1710/49
f 936/1700/49 2114/1702/49 2100/1711/49
f 2103/1712/49 2104/1709/49 979/1713/49
f 936/1700/49 2100/1711/49 937/1698/49
f 2104/1709/49 978/1710/49 979/1713/49
f 937/1698/49 2100/1711/49 2099/1699/49
f 2102/1201/49 2103/1712/49 980/1714/49
f 983/1697/49 2099/1699/49 2101/1203/49
f 2103/1712/49 979/1713/49 980/1714/49
f 983/1697/49 2101/1203/49 982/1202/49
f 981/1715/49 982/1202/49 2102/1201/49
f 2102/1201/49 980/1714/49 981/1715/49
f 994/1215/690 995/1204/688 2121/1206/690
f 996/1214/162 997/1207/691 2119/1209/162
f 984/1213/694 986/1210/693 2130/1212/694
f 998/1210/696 999/1213/695 2117/1211/696
f 987/1207/697 988/1214/156 2128/1208/697
f 989/1204/699 990/1215/698 2126/1205/699
f 991/1221/702 992/1216/503 2124/1218/700
f 993/1221/701 994/1215/690 2122/1218/701
f 995/1204/688 996/1214/162 2120/1205/689
f 985/1220/502 984/1213/694 2116/1219/502
f 1013/1208/692 997/1207/691 2117/1211/696
f 986/1210/693 987/1207/697 2129/1211/693
f 999/1213/695 985/1220/502 2115/1212/695
f 988/1214/156 989/1204/699 2127/1209/156
f 990/1215/698 991/1221/702 2125/1206/698
f 992/1216/503 993/1221/701 2123/1217/503
f 1006/1397/881 1007/1222/703 1018/1224/705
f 1021/1377/858 1012/1225/706 1022/1227/708
f 1007/1222/703 1008/1228/709 1019/1223/704
f 1023/1716/745 2132/1230/711 1025/1232/713
f 1025/1232/713 2131/1231/712 1027/1234/715
f 1027/1234/715 2133/1233/714 1029/1236/717
f 1029/1236/717 2134/1235/716 1031/1238/719
f 1031/1238/719 2135/1237/718 1033/1240/721
f 1033/1240/721 2136/1239/720 1035/1242/723
f 1037/1244/725 1035/1242/723 2138/1243/724
f 1039/1717/727 1037/1244/725 2139/1245/726
f 1041/1249/729 1039/1246/727 2140/1248/728
f 1043/1251/731 1041/1249/729 2141/1250/730
f 2144/1253/1109 1043/1251/731 2142/1252/732
f 2146/1255/1110 1045/1253/733 2145/1254/735
f 1049/1257/739 1047/1255/736 1050/1256/738
f 1051/1718/1111 1049/1257/739 1052/1258/740
f 1304/1259/1021 2156/1259/741 1305/1260/743
f 1053/1264/746 1054/1261/744 1023/1263/745
f 1051/1718/1111 1052/1258/740 1053/1264/746
f 1055/1719/781 1057/1265/747 2148/1267/749
f 1057/1265/747 1059/1268/750 2147/1266/748
f 1059/1268/750 1061/1270/752 2149/1269/751
f 1061/1270/752 1063/1272/754 2150/1271/753
f 1063/1272/754 1065/1274/756 2151/1273/755
f 1065/1274/756 1067/1276/758 2152/1275/757
f 2153/1277/759 1067/1276/758 1070/1279/761
f 1070/1279/761 1069/1278/760 1072/1281/763
f 1072/1430/763 1071/1282/762 1074/1259/765
f 1074/1259/765 1073/1283/764 1076/1260/767
f 1076/1260/767 1075/1284/766 2159/1286/769
f 1078/1286/1112 1077/1285/770 1080/1288/772
f 2161/1288/955 1079/1287/773 1082/1290/775
f 1082/1290/775 1081/1289/774 1084/1292/777
f 2345/1293/940 2183/1293/778 1330/1294/780
f 1085/1298/783 1055/1295/781 1086/1297/782
f 1083/1291/776 1085/1298/783 1084/1292/777
f 1087/1720/818 1089/1299/784 2164/1301/786
f 1089/1299/784 1091/1302/787 2163/1300/785
f 1091/1302/787 1093/1304/789 2165/1303/788
f 1093/1304/789 1095/1306/791 2166/1305/790
f 1095/1306/791 1097/1308/793 2167/1307/792
f 1097/1308/793 1099/1310/795 2168/1309/794
f 2169/1311/796 1099/1310/795 1102/1313/798
f 1102/1313/798 1101/1312/797 1104/1315/800
f 1104/1429/800 1103/1316/799 1106/1318/802
f 1106/1318/802 1105/1317/801 1108/1320/804
f 1108/1320/804 1107/1319/803 2175/1322/806
f 1110/1322/1113 1109/1321/807 1112/1324/809
f 2177/1324/935 1111/1323/810 1114/1326/812
f 1114/1326/812 1113/1325/811 1116/1328/814
f 1321/1320/1018 2173/1320/815 1322/1322/817
f 1117/1332/820 1087/1329/818 1118/1331/819
f 1115/1327/813 1117/1332/820 1116/1328/814
f 1119/1721/855 2180/1333/821 1121/1335/823
f 1121/1335/823 2179/1334/822 1123/1337/825
f 1123/1337/825 2181/1336/824 1125/1338/827
f 1125/1338/827 2182/1294/826 1127/1339/829
f 1127/1339/829 1128/1293/828 1129/1341/831
f 1129/1341/831 2184/1340/830 1131/1343/833
f 1133/1345/835 1131/1343/833 2186/1344/834
f 1135/1722/837 1133/1345/835 2187/1346/836
f 1137/1350/839 1135/1347/837 2188/1349/838
f 1139/1352/841 1137/1350/839 2189/1351/840
f 2192/1354/1114 1139/1352/841 2190/1353/842
f 2194/1356/1115 1141/1354/843 2193/1355/845
f 1145/1358/849 1143/1356/846 1146/1357/848
f 1147/1723/1116 1145/1358/849 1148/1359/850
f 1040/1245/933 1038/1243/851 2328/1245/853
f 1149/1363/856 1150/1360/854 1119/1362/855
f 1147/1723/1116 1148/1359/850 1149/1363/856
f 1020/1371/710 69/71/42 82/198/857
f 86/470/866 1021/1364/858 87/1366/859
f 1016/1372/867 66/1367/860 74/261/862
f 77/1373/868 1017/1368/863 78/433/864
f 68/76/47 1018/1369/705 1434/77/48
f 81/197/869 1019/1370/704 82/198/857
f 71/65/36 1021/1364/858 85/66/37
f 1424/74/45 65/73/44 74/261/862
f 87/1366/859 1022/1365/708 1425/70/41
f 76/262/861 66/1367/860 77/1373/868
f 80/78/865 1018/1369/705 81/197/869
f 69/1392/42 1009/1374/870 70/1376/43
f 1011/1393/877 1012/1225/706 71/1378/36
f 65/1387/44 1001/1379/872 1016/1381/867
f 1022/1227/708 2118/1226/707 72/1383/287
f 1002/1394/878 1003/1384/875 66/1386/860
f 1015/1395/879 1001/1379/872 73/1388/39
f 1004/1396/880 1005/1389/876 67/1391/46
f 1020/1229/710 1008/1228/709 69/1392/42
f 70/1376/43 1010/1375/871 71/1378/36
f 1016/1381/867 1000/1380/873 66/1386/860
f 1014/1382/874 1015/1395/879 72/1383/287
f 1003/1384/875 1004/1396/880 1017/1385/863
f 1005/1389/876 1006/1397/881 68/1390/47
f 224/1400/882 223/1724/882 222/1725/882
f 222/1725/882 253/1726/882 252/1727/882
f 252/1727/882 251/1728/882 250/1729/882
f 250/1729/882 249/1730/882 248/1731/882
f 248/1731/882 247/1732/882 244/1733/882
f 246/1734/882 245/1735/882 244/1733/882
f 244/1733/882 243/1736/882 240/1398/882
f 242/1737/882 241/1738/882 240/1398/882
f 240/1398/882 239/1739/882 238/1740/882
f 238/1740/882 237/1741/882 236/1742/882
f 236/1742/882 235/1743/882 234/1744/882
f 234/1744/882 233/1745/882 232/1746/882
f 232/1746/882 231/1747/882 228/1399/882
f 230/1748/882 229/1749/882 228/1399/882
f 228/1399/882 227/1750/882 226/1751/882
f 226/1751/882 225/1752/882 228/1399/882
f 224/1400/882 222/1725/882 248/1731/882
f 252/1727/882 250/1729/882 248/1731/882
f 247/1732/882 246/1734/882 244/1733/882
f 243/1736/882 242/1737/882 240/1398/882
f 240/1398/882 238/1740/882 232/1746/882
f 236/1742/882 234/1744/882 232/1746/882
f 231/1747/882 230/1748/882 228/1399/882
f 228/1399/882 225/1752/882 224/1400/882
f 222/1725/882 252/1727/882 248/1731/882
f 248/1731/882 244/1733/882 224/1400/882
f 238/1740/882 236/1742/882 232/1746/882
f 232/1746/882 228/1399/882 240/1398/882
f 224/1400/882 244/1733/882 240/1398/882
f 2204/940/265 1159/942/264 2236/940/265
f 1172/1075/277 2217/1072/278 2248/1075/277
f 2212/1097/162 877/1097/162 879/1092/162
f 879/1092/162 881/1088/162 2213/1088/162
f 883/1084/162 885/1083/162 2215/1083/162
f 2211/1092/162 2212/1097/162 879/1092/162
f 883/1084/162 2215/1083/162 2214/1084/162
f 2213/1088/162 2211/1092/162 879/1092/162
f 883/1084/162 2214/1084/162 2213/1088/162
f 2199/922/156 777/922/156 775/921/156
f 775/921/156 773/926/156 2197/926/156
f 771/930/156 769/935/156 2196/935/156
f 2198/921/156 2199/922/156 775/921/156
f 771/930/156 2196/935/156 2195/930/156
f 2197/926/156 2198/921/156 775/921/156
f 771/930/156 2195/930/156 2197/926/156
f 2196/912/156 769/912/156 2210/911/156
f 206/298/182 205/100/182 216/99/182
f 215/100/182 216/99/182 205/100/182
f 1205/1072/162 1206/1071/162 1238/1071/162
f 2251/1107/162 1208/1104/162 1239/1107/162
f 1209/1102/162 1210/1096/162 2285/1102/162
f 1211/1095/162 2287/1095/162 1242/1096/162
f 2280/1075/162 1235/1080/162 1203/1080/162
f 1211/1095/162 1242/1096/162 1210/1096/162
f 1237/1072/162 2280/1075/162 1204/1075/162
f 1210/1096/162 1242/1096/162 2285/1102/162
f 2280/1075/162 1203/1080/162 1204/1075/162
f 1209/1102/162 2285/1102/162 1240/1104/162
f 1238/1071/162 1237/1072/162 1205/1072/162
f 1209/1102/162 1240/1104/162 1208/1104/162
f 1237/1072/162 1204/1075/162 1205/1072/162
f 1208/1104/162 1240/1104/162 1239/1107/162
f 1239/1107/162 1238/1071/162 1206/1071/162
f 783/944/156 781/905/156 2202/944/156
f 779/909/156 777/915/156 2199/915/156
f 2206/933/156 2207/1408/156 793/1408/156
f 779/909/156 2199/915/156 2200/909/156
f 1161/938/156 2206/933/156 791/933/156
f 779/909/156 2200/909/156 2201/905/156
f 2206/933/156 793/1408/156 791/933/156
f 779/909/156 2201/905/156 781/905/156
f 1160/940/156 1161/938/156 789/938/156
f 781/905/156 2201/905/156 2202/944/156
f 1161/938/156 791/933/156 789/938/156
f 783/944/156 2202/944/156 2203/942/156
f 2203/942/156 1160/940/156 1970/940/156
f 789/938/156 1970/940/156 1160/940/156
f 785/942/156 783/944/156 2203/942/156
f 895/1104/162 897/1102/162 2220/1104/162
f 899/1096/162 901/1095/162 2222/1096/162
f 2216/1075/162 2215/1080/162 885/1080/162
f 901/1095/162 2223/1095/162 2222/1096/162
f 1173/1072/162 2216/1075/162 887/1075/162
f 899/1096/162 2222/1096/162 2221/1102/162
f 2216/1075/162 885/1080/162 887/1075/162
f 899/1096/162 2221/1102/162 897/1102/162
f 2218/1071/162 1173/1072/162 889/1072/162
f 897/1102/162 2221/1102/162 2220/1104/162
f 1173/1072/162 887/1075/162 889/1072/162
f 895/1104/162 2220/1104/162 893/1107/162
f 2219/1107/162 2218/1071/162 891/1071/162
f 889/1072/162 891/1071/162 2218/1071/162
f 893/1107/162 2220/1104/162 2219/1107/162
f 818/1753/883 582/1754/883 583/1755/883
f 583/1755/883 1882/1405/883 818/1753/883
f 1883/1406/883 1418/1756/883 586/1407/883
f 586/1407/883 818/1753/883 1882/1405/883
f 1418/1756/883 1415/1757/883 586/1407/883
f 2217/1072/278 1174/1071/280 2249/1072/278
f 2237/938/266 2205/938/266 2236/940/265
f 1174/1071/280 1175/1107/264 2250/1071/280
f 1162/933/267 2205/938/266 2238/933/267
f 1175/1107/264 1176/1104/265 1207/1107/264
f 1163/1408/268 1162/933/267 2239/1408/268
f 1176/1104/265 1177/1102/266 2252/1104/265
f 1164/924/269 1163/928/268 2240/924/885
f 1177/1102/266 1178/1096/267 2253/1102/266
f 1197/917/886 1165/917/886 2240/924/885
f 1151/930/273 1152/935/272 2227/930/273
f 1178/1096/267 1179/1095/268 2254/1096/267
f 1166/918/271 1165/917/886 2242/918/271
f 1153/926/274 1151/930/273 1185/926/274
f 1179/1090/268 1180/1086/269 2255/1090/268
f 1152/912/272 1166/911/271 2228/912/272
f 1154/921/275 1153/926/274 2230/921/275
f 1180/1086/269 1181/1081/886 2256/1086/269
f 1168/1097/272 1167/1092/273 2244/1097/272
f 1155/922/276 1154/921/275 2231/922/276
f 2257/1081/886 1181/1081/886 2258/1078/271
f 1167/1092/273 1169/1088/274 2243/1092/273
f 1156/909/277 1155/915/276 2232/909/277
f 2226/1078/271 1168/1077/272 2258/1078/271
f 1169/1088/274 1170/1084/275 2245/1088/274
f 1157/905/278 1156/909/277 2233/905/278
f 1170/1084/275 1171/1083/276 2246/1084/275
f 1158/944/280 1157/905/278 2234/944/280
f 1171/1080/276 1172/1075/277 2247/1080/276
f 1159/942/264 1158/944/280 2235/942/264
f 2274/918/888 2273/917/887 2306/918/888
f 2286/1096/890 1243/1095/889 1274/1096/890
f 1198/918/156 2241/917/156 1229/917/156
f 1196/924/156 1195/928/156 2272/924/156
f 1229/917/156 1230/918/156 1198/918/156
f 1195/928/156 1227/928/156 2272/924/156
f 2272/924/156 1229/917/156 2241/917/156
f 1211/1090/162 1212/1086/162 1244/1086/162
f 1213/1081/162 1214/1078/162 2289/1081/162
f 1200/1077/162 2276/1077/162 2290/1078/162
f 1244/1086/162 2287/1090/162 1211/1090/162
f 1200/1077/162 2290/1078/162 1214/1078/162
f 2289/1081/162 1244/1086/162 1212/1086/162
f 1214/1078/162 2290/1078/162 2289/1081/162
f 1216/912/156 1184/912/156 1230/911/156
f 1201/1088/162 1202/1084/162 1233/1088/162
f 1203/1083/162 1235/1083/162 2278/1084/162
f 2275/1092/162 2276/1097/162 1200/1097/162
f 1203/1083/162 2278/1084/162 1202/1084/162
f 1233/1088/162 2275/1092/162 1199/1092/162
f 1200/1097/162 1199/1092/162 2275/1092/162
f 1202/1084/162 2278/1084/162 1233/1088/162
f 1195/1408/156 1194/933/156 2270/933/156
f 1193/938/156 1192/940/156 2268/940/156
f 1191/942/156 1190/944/156 2267/942/156
f 1189/905/156 1188/909/156 1221/905/156
f 1187/915/156 2263/915/156 1220/909/156
f 2270/933/156 1227/1408/156 1195/1408/156
f 1187/915/156 1220/909/156 1188/909/156
f 1225/938/156 2270/933/156 1194/933/156
f 1188/909/156 1220/909/156 1221/905/156
f 1225/938/156 1194/933/156 1193/938/156
f 1189/905/156 1221/905/156 1222/944/156
f 2268/940/156 1225/938/156 1193/938/156
f 1189/905/156 1222/944/156 1190/944/156
f 2267/942/156 2268/940/156 1192/940/156
f 1190/944/156 1222/944/156 2267/942/156
f 1249/1413/156 2291/1758/156 2292/1759/156
f 2292/1759/156 1262/1760/156 2305/1761/156
f 2305/1761/156 1260/1762/156 2303/1763/156
f 2303/1763/156 1258/1764/156 2301/1765/156
f 2301/1765/156 1256/1766/156 1255/1411/156
f 1255/1411/156 2298/1767/156 2297/1412/156
f 2297/1412/156 2296/1768/156 1251/1769/156
f 1251/1769/156 2294/1770/156 2297/1412/156
f 1249/1413/156 2292/1759/156 2301/1765/156
f 2305/1761/156 2303/1763/156 2301/1765/156
f 2301/1765/156 1255/1411/156 1249/1413/156
f 2297/1412/156 2294/1770/156 1249/1413/156
f 2292/1759/156 2305/1761/156 2301/1765/156
f 1264/1416/162 1263/1771/162 2309/1772/162
f 2309/1772/162 1266/1773/162 1264/1416/162
f 2311/1774/162 1268/1775/162 2315/1414/162
f 2313/1776/162 2314/1777/162 2315/1414/162
f 2315/1414/162 2316/1778/162 1273/1779/162
f 1273/1779/162 2318/1780/162 1275/1415/162
f 1275/1415/162 2320/1781/162 1277/1782/162
f 1277/1782/162 1278/1783/162 1264/1416/162
f 1264/1416/162 1266/1773/162 2311/1774/162
f 1268/1775/162 2313/1776/162 2315/1414/162
f 2315/1414/162 1273/1779/162 1275/1415/162
f 1275/1415/162 1277/1782/162 1264/1416/162
f 1264/1416/162 2311/1774/162 2315/1414/162
f 1217/926/892 2259/930/891 2293/926/892
f 2319/1090/889 1243/1090/889 1276/1086/893
f 1248/912/894 2260/912/894 2306/911/888
f 1250/921/895 2262/921/895 2293/926/892
f 2288/1086/893 1245/1081/896 1276/1086/893
f 1232/1097/898 1231/1092/897 2308/1097/898
f 1219/922/899 2262/921/895 2295/922/899
f 1245/1081/896 1246/1078/900 2321/1081/896
f 2307/1092/897 1231/1092/897 1265/1088/901
f 1252/909/902 2264/909/902 2295/915/899
f 1246/1078/900 1232/1077/898 2322/1078/900
f 2277/1088/901 1234/1084/903 1265/1088/901
f 1253/905/904 2265/905/904 1252/909/902
f 2310/1084/903 1234/1084/903 1267/1083/905
f 1254/944/906 2266/944/906 1253/905/904
f 2279/1080/905 1236/1075/907 1267/1080/905
f 1223/942/908 2266/944/906 2299/942/908
f 2312/1075/907 1236/1075/907 1269/1072/909
f 1224/940/913 1223/942/908 2300/940/910
f 1269/1072/909 2281/1072/909 1270/1071/911
f 1257/938/912 2269/938/912 2300/940/910
f 1270/1071/911 2282/1071/911 1271/1107/914
f 1226/933/915 2269/938/912 2302/933/915
f 1271/1107/914 2283/1107/914 1272/1104/916
f 1259/1408/919 2271/1408/917 2302/933/915
f 2284/1104/916 1241/1102/918 1272/1104/916
f 1228/924/920 2271/928/917 2304/924/920
f 2317/1102/918 1241/1102/918 1274/1096/890
f 1261/917/887 2273/917/887 2304/924/920
f 1247/930/891 2259/930/891 1248/935/894
f 1281/1784/971 1279/1785/957 1289/1786/949
f 1280/1787/943 1294/1788/1019 1291/1789/975
f 1293/1790/999 1292/1791/986 1294/1788/1019
f 1291/1789/975 1290/1792/961 1280/1787/943
f 1289/1786/949 2329/1419/921 1281/1784/971
f 1287/1417/921 1286/1793/921 2324/1794/921
f 2326/1795/921 2325/1796/921 1286/1793/921
f 2324/1794/921 2323/1418/921 1287/1417/921
f 1279/1785/957 1290/1792/961 1289/1786/949
f 1292/1791/986 1291/1789/975 1294/1788/1019
f 2329/1419/921 2323/1418/921 1281/1784/971
f 2325/1796/921 2324/1794/921 1286/1793/921
f 1280/1787/943 1290/1792/961 1279/1785/957
f 1296/1422/924 1295/1797/938 1306/1420/922
f 1297/1798/937 1298/1799/1117 2336/1800/1117
f 1299/1801/1117 1300/1802/1117 2334/1803/1117
f 1301/1804/1117 2334/1803/1117 1300/1802/1117
f 2335/1805/1117 2336/1800/1117 1298/1799/1117
f 1305/1806/743 1306/1420/922 1295/1797/938
f 1307/1421/923 1308/1807/967 1310/1808/992
f 1309/1809/981 1310/1808/992 1308/1807/967
f 1295/1797/938 1297/1798/937 1305/1806/743
f 1299/1801/1117 2334/1803/1117 2335/1805/1117
f 2336/1800/1117 1305/1806/743 1297/1798/937
f 1307/1421/923 1310/1808/992 1296/1422/924
f 1298/1799/1117 1299/1801/1117 2335/1805/1117
f 1312/1425/926 1311/1810/1012 1322/1423/817
f 1313/1811/932 1314/1812/1118 2343/1813/1118
f 1315/1814/1118 1316/1815/1118 2341/1816/1118
f 1317/1817/1118 2341/1816/1118 1316/1815/1118
f 2342/1818/1118 2343/1813/1118 1314/1812/1118
f 1321/1819/1018 1322/1423/817 1311/1810/1012
f 1323/1424/925 1324/1820/950 1326/1821/976
f 1325/1822/962 1326/1821/976 1324/1820/950
f 1311/1810/1012 1313/1811/932 1321/1819/1018
f 1315/1814/1118 2341/1816/1118 2342/1818/1118
f 2343/1813/1118 1321/1819/1018 1313/1811/932
f 1323/1424/925 1326/1821/976 1312/1425/926
f 1314/1812/1118 1315/1814/1118 2342/1818/1118
f 1329/1823/1020 1327/1824/1010 1337/1825/1003
f 1328/1826/996 1342/1827/969 1339/1828/928
f 1341/1829/945 1340/1830/929 1342/1827/969
f 1339/1828/928 1338/1831/1016 1328/1826/996
f 1337/1825/1003 2350/1428/927 1329/1823/1020
f 1335/1426/927 1334/1832/927 1331/1833/927
f 2347/1834/927 2346/1835/927 1334/1832/927
f 1331/1833/927 2344/1427/927 1335/1426/927
f 1327/1824/1010 1338/1831/1016 1337/1825/1003
f 1340/1830/929 1339/1828/928 1342/1827/969
f 2350/1428/927 2344/1427/927 1329/1823/1020
f 2346/1835/927 1331/1833/927 1334/1832/927
f 1328/1826/996 1338/1831/1016 1327/1824/1010
f 1146/1357/848 1144/1355/847 1340/1357/929
f 1092/1303/1023 1094/1305/930 1313/1303/932
f 1042/1248/948 1040/1247/933 1288/1248/934
f 1322/1322/817 2174/1322/816 1323/1324/925
f 1058/1266/1024 1060/1269/936 1295/1266/938
f 1332/1340/954 1130/1340/939 2345/1293/940
f 1279/1231/957 1026/1231/941 1280/1230/943
f 1305/1260/743 2157/1260/742 1306/1286/922
f 1148/1359/850 1146/1357/848 1341/1359/945
f 1094/1305/930 1096/1307/946 2337/1305/931
f 1044/1250/960 1042/1248/948 1289/1250/949
f 1323/1324/925 2177/1324/935 1324/1326/950
f 1060/1269/936 1062/1271/951 1297/1269/937
f 1333/1342/965 1132/1342/953 1332/1340/954
f 1306/1286/922 2158/1286/944 1307/1288/923
f 1342/1360/969 1150/1360/854 1341/1359/945
f 1281/1233/971 1028/1233/956 1279/1231/957
f 1096/1307/946 1098/1309/958 2338/1307/947
f 1046/1252/974 1044/1250/960 1290/1252/961
f 1324/1326/950 1114/1326/812 1325/1328/962
f 1062/1271/951 1064/1273/963 2330/1271/952
f 1134/1344/979 1132/1342/953 2348/1344/966
f 1307/1288/923 2161/1288/955 1308/1290/967
f 1328/1361/996 1120/1361/968 1342/1360/969
f 1282/1235/983 1030/1235/970 1281/1233/971
f 1098/1309/958 1100/1311/972 2339/1309/959
f 1048/1254/737 1046/1252/974 1291/1254/975
f 1116/1328/814 1118/1331/819 1325/1328/962
f 1064/1273/963 1066/1275/977 2331/1273/964
f 1136/1346/990 1134/1344/979 2349/1346/980
f 1308/1290/967 1082/1290/775 1309/1292/981
f 1283/1237/994 1032/1237/982 1282/1235/983
f 2340/1311/973 1100/1311/972 1318/1313/985
f 1050/1256/738 1048/1254/737 1292/1256/986
f 1118/1331/819 1088/1330/987 1326/1331/976
f 1066/1275/977 1068/1277/988 2332/1275/978
f 1138/1349/1002 1136/1348/990 1336/1349/991
f 1084/1292/777 1086/1297/782 1309/1292/981
f 1284/1239/1006 1034/1239/993 1283/1237/994
f 1327/1334/1010 1122/1334/995 1328/1333/996
f 1318/1313/985 2170/1313/984 1319/1315/998
f 1052/1258/740 1050/1256/738 1293/1258/999
f 2333/1277/989 1068/1277/988 1302/1279/1001
f 1140/1351/1015 1138/1349/1002 1337/1351/1003
f 1086/1297/782 1056/1296/1004 1310/1297/992
f 1285/1241/1017 1036/1241/1005 1284/1239/1006
f 1319/1429/998 2171/1429/997 1320/1318/1008
f 1294/1261/1019 1054/1261/744 1293/1258/999
f 1329/1336/1020 1124/1336/1009 1327/1334/1010
f 1088/1301/987 1090/1300/1011 1312/1301/926
f 1302/1279/1001 2154/1279/1000 1303/1281/1014
f 1142/1353/1022 1140/1351/1015 1338/1353/1016
f 1038/1243/851 1036/1241/1005 2327/1243/852
f 1320/1318/1008 2172/1318/1007 1321/1320/1018
f 1280/1262/943 1024/1262/942 1294/1261/1019
f 1330/1294/780 1126/1294/779 1329/1336/1020
f 1303/1430/1014 2155/1430/1013 1304/1259/1021
f 1144/1355/847 1142/1353/1022 1339/1355/928
f 1090/1300/1011 1092/1303/1023 1311/1300/1012
f 1056/1267/1004 1058/1266/1024 1296/1267/924
f 1348/1433/156 2353/1836/156 2354/1837/156
f 2354/1837/156 2414/1838/156 1404/1839/156
f 1404/1839/156 1402/1840/156 1400/1841/156
f 1400/1841/156 1398/1842/156 1404/1839/156
f 1396/1843/156 1394/1844/156 1392/1845/156
f 1392/1845/156 2398/1435/156 1396/1843/156
f 2396/1846/156 2394/1847/156 1384/1848/156
f 1384/1848/156 2390/1849/156 2396/1846/156
f 2388/1431/156 2386/1850/156 2380/1851/156
f 2384/1852/156 1374/1434/156 2380/1851/156
f 2380/1851/156 2378/1853/156 1368/1854/156
f 1368/1854/156 1366/1855/156 1364/1432/156
f 1364/1432/156 1362/1856/156 1356/1857/156
f 1360/1858/156 2366/1436/156 1356/1857/156
f 1356/1857/156 1354/1859/156 1352/1860/156
f 1352/1860/156 1350/1861/156 1348/1433/156
f 1348/1433/156 2354/1837/156 1396/1843/156
f 1404/1839/156 1398/1842/156 1396/1843/156
f 1396/1843/156 2398/1435/156 2396/1846/156
f 2396/1846/156 2390/1849/156 2388/1431/156
f 2386/1850/156 2384/1852/156 2380/1851/156
f 2380/1851/156 1368/1854/156 2388/1431/156
f 1362/1856/156 1360/1858/156 1356/1857/156
f 1356/1857/156 1352/1860/156 1364/1432/156
f 2354/1837/156 1404/1839/156 1396/1843/156
f 1396/1843/156 2396/1846/156 2388/1431/156
f 2388/1431/156 1368/1854/156 1364/1432/156
f 1364/1432/156 1352/1860/156 1348/1433/156
f 1348/1433/156 1396/1843/156 2388/1431/156
f 1405/1838/162 2351/1837/162 2352/1836/162
f 2352/1836/162 2355/1433/162 2357/1861/162
f 2357/1861/162 2359/1860/162 1357/1436/162
f 2361/1859/162 1355/1857/162 1357/1436/162
f 1357/1436/162 2367/1858/162 1361/1856/162
f 1361/1856/162 1363/1432/162 2373/1855/162
f 2373/1855/162 2375/1854/162 2381/1434/162
f 1369/1853/162 1371/1851/162 2381/1434/162
f 2381/1434/162 2383/1852/162 1377/1850/162
f 1377/1850/162 1379/1431/162 1381/1849/162
f 1381/1849/162 2391/1848/162 1385/1847/162
f 1385/1847/162 1387/1846/162 1389/1435/162
f 1389/1435/162 2399/1845/162 1397/1842/162
f 2401/1844/162 1395/1843/162 1397/1842/162
f 1397/1842/162 1399/1841/162 1401/1840/162
f 1401/1840/162 2411/1839/162 1405/1838/162
f 1405/1838/162 2352/1836/162 1357/1436/162
f 2359/1860/162 2361/1859/162 1357/1436/162
f 1357/1436/162 1361/1856/162 2381/1434/162
f 2375/1854/162 1369/1853/162 2381/1434/162
f 2381/1434/162 1377/1850/162 1389/1435/162
f 1381/1849/162 1385/1847/162 1389/1435/162
f 2399/1845/162 2401/1844/162 1397/1842/162
f 1397/1842/162 1401/1840/162 1405/1838/162
f 2352/1836/162 2357/1861/162 1357/1436/162
f 1361/1856/162 2373/1855/162 2381/1434/162
f 1377/1850/162 1381/1849/162 1389/1435/162
f 1389/1435/162 1397/1842/162 1405/1838/162
f 1405/1838/162 1357/1436/162 1389/1435/162
f 290/266/1026 292/268/1025 2387/266/1026
f 275/351/1028 273/254/1027 2372/351/1028
f 308/370/1030 310/272/1029 2405/370/1030
f 1382/355/1031 293/355/1031 1380/267/1032
f 1344/347/1033 256/347/1033 1347/349/1034
f 311/273/1035 309/369/204 2408/273/1035
f 2371/255/202 274/255/202 1365/256/1036
f 259/348/1038 257/346/1037 2356/348/1038
f 2389/268/1025 292/268/1025 1383/357/1039
f 277/257/1040 275/351/1028 2374/257/1040
f 310/272/1029 312/274/1041 2407/272/1029
f 295/356/1042 293/355/1031 2392/356/1042
f 1347/349/1034 258/349/1034 1349/282/1043
f 313/371/1044 311/273/1035 2410/371/1044
f 1365/256/1036 276/256/1036 1367/284/1045
f 261/283/1046 259/348/1038 2358/283/1046
f 294/357/1039 296/359/1047 1383/357/1039
f 279/350/1048 277/257/1040 2376/350/1048
f 2409/1068/1041 312/1068/1041 1403/374/1049
f 1386/358/1050 297/358/1050 2392/356/1042
f 1349/282/1043 260/282/1043 1351/284/1051
f 315/373/1052 313/372/1044 2412/373/1052
f 278/284/1045 280/282/1053 1367/284/1045
f 263/350/1054 261/283/1046 2360/350/1054
f 296/1409/1047 298/362/1055 2393/1409/1047
f 1370/283/1056 281/283/1056 2376/350/1048
f 314/374/1049 316/377/1057 1403/374/1049
f 1388/361/1058 299/361/1058 1386/360/1050
f 1351/284/1051 262/284/1051 1353/256/1059
f 1406/375/1060 317/375/1060 2412/373/1052
f 280/352/1053 282/913/1061 2377/352/1053
f 265/257/1062 263/350/1054 2362/257/1062
f 298/362/1055 300/943/1063 2395/362/1055
f 1372/354/1064 283/354/1064 1370/353/1056
f 316/377/1057 254/376/1065 2413/377/1057
f 1390/363/1066 301/363/1066 1388/361/1058
f 264/256/1059 266/255/1067 1353/256/1059
f 1346/345/1068 255/345/1068 1406/375/1060
f 2379/913/1061 282/913/1061 1373/258/1069
f 267/351/1070 265/257/1062 2364/351/1070
f 2397/943/1063 300/943/1063 1391/365/1071
f 285/259/1072 283/354/1064 2382/259/1072
f 303/364/1073 301/363/1066 2400/364/1073
f 266/255/1067 268/250/1074 2363/255/1067
f 1373/258/1069 284/258/1069 1375/260/1075
f 1358/254/1076 269/254/1076 2364/351/1070
f 1391/365/1071 302/365/1071 1393/1402/1077
f 1376/263/1078 287/263/1078 2382/259/1072
f 305/366/1079 303/364/1073 2402/366/1079
f 2365/250/1074 268/250/1074 1359/248/1080
f 286/260/1075 288/264/1081 1375/260/1075
f 271/249/1082 269/254/1076 2368/249/1082
f 304/1402/1077 306/368/1083 1393/1402/1077
f 1378/265/1084 289/265/1084 1376/263/1078
f 2404/367/205 307/367/205 2402/366/1079
f 270/248/1080 272/250/201 1359/248/1080
f 288/264/1081 290/266/1026 2385/264/1081
f 273/254/1027 271/249/1082 2370/254/1027
f 1343/376/1065 254/376/1065 1344/347/1033
f 306/368/1083 308/370/1030 2403/368/1083
f 1380/267/1032 291/267/1032 1378/265/1084
f 1345/346/1037 257/346/1037 1346/345/1068
f 1409/517/1085 2420/516/1085 2416/1438/1085
f 1413/1498/1086 2428/518/1086 2424/1440/1086
f 481/1862/1087 1414/1441/1087 478/1443/1087
f 1588/244/96 209/210/96 210/209/96
f 221/210/96 210/209/96 209/210/96
f 1417/644/1088 1416/643/1088 2440/1446/1088
