# Blender v2.76 (sub 0) OBJ File: 'npc_servbot.blend'
# www.blender.org
v 0.004858 -0.002066 0.582273
v 0.078724 -0.002066 0.594224
v 0.012639 0.242851 0.534181
v 0.086505 0.242851 0.546132
v 0.034797 0.450482 0.397228
v 0.108663 0.450482 0.409179
v 0.067959 0.589217 0.192262
v 0.141825 0.589217 0.204213
v 0.107076 0.637935 -0.049511
v 0.180942 0.637935 -0.037560
v 0.146193 0.589218 -0.291285
v 0.220059 0.589218 -0.279334
v 0.179355 0.450483 -0.496251
v 0.253221 0.450483 -0.484300
v 0.201513 0.242852 -0.633204
v 0.275379 0.242852 -0.621254
v 0.209294 -0.002065 -0.681296
v 0.283160 -0.002065 -0.669345
v 0.201513 -0.246983 -0.633205
v 0.275379 -0.246983 -0.621254
v 0.179355 -0.454614 -0.496251
v 0.253221 -0.454614 -0.484301
v 0.146193 -0.593349 -0.291286
v 0.220059 -0.593349 -0.279335
v 0.107076 -0.642066 -0.049512
v 0.180942 -0.642066 -0.037561
v 0.067959 -0.593349 0.192262
v 0.141825 -0.593349 0.204212
v 0.034797 -0.454615 0.397227
v 0.108663 -0.454615 0.409178
v 0.012639 -0.246984 0.534181
v 0.086505 -0.246983 0.546132
v 0.367166 -0.002066 0.382799
v 0.371849 0.145351 0.353852
v 0.385186 0.270326 0.271419
v 0.405146 0.353832 0.148049
v 0.428691 0.383155 0.002524
v 0.452236 0.329418 -0.143002
v 0.452236 -0.333866 -0.143002
v 0.428691 -0.387286 0.002523
v 0.405146 -0.357964 0.148048
v 0.385186 -0.274458 0.271419
v 0.371849 -0.149484 0.353852
v 1.093472 -0.002066 0.575697
v 1.099060 0.173831 0.541158
v 1.114974 0.322949 0.442800
v 1.138790 0.422586 0.295596
v 1.166884 0.457574 0.121958
v 1.194977 0.422587 -0.051681
v 1.218794 0.322949 -0.198885
v 1.234708 0.173831 -0.297244
v 1.240296 -0.002065 -0.331783
v 1.234708 -0.177962 -0.297244
v 1.218794 -0.327080 -0.198886
v 1.194977 -0.426718 -0.051682
v 1.166884 -0.461706 0.121957
v 1.138790 -0.426718 0.295596
v 1.114974 -0.327081 0.442800
v 1.099060 -0.177963 0.541158
v 1.094577 -0.002066 0.774107
v 1.102544 0.248716 0.724863
v 1.125233 0.461319 0.584630
v 1.159189 0.603376 0.374757
v 1.199243 0.653261 0.127193
v 1.239297 0.603377 -0.120370
v 1.273253 0.461320 -0.330244
v 1.295942 0.248717 -0.470477
v 1.303909 -0.002065 -0.519721
v 1.295942 -0.252848 -0.470478
v 1.273253 -0.465451 -0.330245
v 1.239297 -0.607508 -0.120371
v 1.199243 -0.657392 0.127192
v 1.159189 -0.607509 0.374756
v 1.125233 -0.465452 0.584630
v 1.102544 -0.252849 0.724863
v 1.180531 -0.002066 0.788013
v 1.188498 0.248716 0.738770
v 1.211187 0.461319 0.598537
v 1.245143 0.603376 0.388663
v 1.285197 0.653260 0.141100
v 1.325251 0.603377 -0.106463
v 1.359207 0.461320 -0.316337
v 1.381896 0.248717 -0.456571
v 1.389863 -0.002065 -0.505814
v 1.381896 -0.252848 -0.456571
v 1.359207 -0.465451 -0.316338
v 1.325251 -0.607508 -0.106464
v 1.285197 -0.657392 0.141099
v 1.245143 -0.607508 0.388662
v 1.211187 -0.465452 0.598536
v 1.188498 -0.252848 0.738770
v 1.317299 -0.002066 0.487850
v 1.321398 0.126964 0.462514
v 1.333072 0.236350 0.390362
v 1.350543 0.309440 0.282380
v 1.371151 0.335106 0.155006
v 1.391759 0.309440 0.027633
v 1.409230 0.236351 -0.080349
v 1.420903 0.126964 -0.152501
v 1.425003 -0.002065 -0.177837
v 1.420903 -0.131096 -0.152501
v 1.409230 -0.240482 -0.080350
v 1.391759 -0.313572 0.027632
v 1.371151 -0.339238 0.155006
v 1.350543 -0.313572 0.282380
v 1.333072 -0.240482 0.390362
v 1.321398 -0.131096 0.462513
v 1.380109 0.101442 0.108211
v 1.364896 0.101442 0.202239
v 1.364896 0.196693 0.202239
v 1.380109 0.196693 0.108211
v 1.483677 0.109330 0.117782
v 1.477203 0.101442 0.220409
v 1.477203 0.196693 0.220409
v 1.483677 0.188805 0.117782
v 1.437396 0.098105 0.110294
v 1.421049 0.087823 0.211324
v 1.421049 0.210312 0.211324
v 1.437395 0.200030 0.110294
v 1.380109 -0.053465 0.108211
v 1.364896 -0.053465 0.202239
v 1.364896 0.041786 0.202239
v 1.380109 0.041786 0.108211
v 1.483677 -0.045576 0.117781
v 1.477203 -0.053465 0.220409
v 1.477203 0.041786 0.220409
v 1.483677 0.033898 0.117782
v 1.437396 -0.056802 0.110294
v 1.421049 -0.067084 0.211324
v 1.421049 0.055406 0.211324
v 1.437396 0.045123 0.110294
v 1.380109 -0.213700 0.108211
v 1.364896 -0.213700 0.202239
v 1.364896 -0.118449 0.202239
v 1.380110 -0.118449 0.108211
v 1.483677 -0.205811 0.117781
v 1.477203 -0.213700 0.220409
v 1.477203 -0.118449 0.220409
v 1.483677 -0.126337 0.117781
v 1.437396 -0.217036 0.110293
v 1.421049 -0.227319 0.211324
v 1.421050 -0.104829 0.211324
v 1.437396 -0.115112 0.110293
v 1.107592 -0.625349 0.038496
v 1.084299 -0.625349 0.182463
v 1.063479 -0.423403 0.234201
v 1.104148 -0.423403 -0.017168
v 1.209722 -0.625349 0.055020
v 1.186430 -0.625349 0.198987
v 1.177741 -0.423403 0.252688
v 1.218410 -0.423403 0.001319
v 1.107592 0.621217 0.038497
v 1.084299 0.621217 0.182464
v 1.063478 0.419271 0.234202
v 1.104148 0.419271 -0.017167
v 1.209722 0.621217 0.055021
v 1.186429 0.621217 0.198988
v 1.177741 0.419271 0.252689
v 1.218410 0.419271 0.001320
v 1.033863 0.481903 0.038736
v 0.981006 0.492167 0.126894
v 1.000011 0.593314 0.126512
v 1.052868 0.583050 0.038354
v 0.646162 0.583275 -0.205522
v 0.593305 0.593539 -0.117364
v 0.601215 0.635634 -0.117523
v 0.654072 0.625370 -0.205681
v 1.132722 0.514978 0.147768
v 1.127953 0.570098 0.149323
v 0.520818 0.580458 -0.250865
v 1.023373 0.628801 0.103264
v 0.532040 0.654958 -0.259528
v 0.501642 0.584217 -0.228532
v 1.097274 0.518567 0.185471
v 1.031812 0.534458 0.195768
v 0.972174 0.545733 0.160874
v 0.953744 0.548680 0.094199
v 0.512108 0.659521 -0.237066
v 0.492072 0.587979 -0.200220
v 1.098195 0.462480 0.150730
v 1.042418 0.439136 0.136397
v 0.989000 0.448709 0.104806
v 0.962334 0.499145 0.065573
v 0.502334 0.663489 -0.208744
v 0.493988 0.590744 -0.170280
v 1.132897 0.476659 0.089402
v 1.096716 0.464057 0.040541
v 1.050598 0.471813 0.012543
v 0.993783 0.510940 0.018468
v 0.504166 0.666321 -0.178829
v 0.507153 0.592049 -0.143237
v 1.149409 0.544435 0.089962
v 1.123274 0.573970 0.041933
v 1.071842 0.583116 0.011591
v 1.004630 0.567766 0.017982
v 0.517322 0.667614 -0.151826
v 0.529552 0.591733 -0.123164
v 0.539826 0.667169 -0.131801
v 1.085474 0.616977 0.138629
v 0.979884 0.591091 0.064786
v 0.559198 0.650369 -0.272759
v 0.548192 0.575444 -0.264502
v 0.589477 0.646494 -0.274612
v 0.578740 0.571243 -0.266475
v 0.618238 0.643989 -0.264733
v 0.607746 0.568530 -0.256540
v 0.641052 0.643294 -0.244611
v 0.630750 0.567732 -0.236263
v 0.654396 0.644548 -0.217336
v 0.644220 0.568970 -0.208786
v 0.656208 0.647563 -0.187113
v 0.646087 0.572044 -0.178348
v 0.646209 0.651851 -0.158600
v 0.636060 0.576463 -0.149640
v 0.625951 0.656710 -0.136179
v 0.615671 0.581515 -0.127095
v 0.598573 0.661343 -0.123268
v 0.588044 0.586377 -0.114212
v 0.568312 0.665010 -0.121776
v 0.557427 0.590227 -0.113027
v 0.700888 0.593687 -0.311324
v 0.546392 0.629251 -0.269867
v 0.542165 0.577055 -0.258211
v 0.871114 0.532867 -0.521943
v 0.716200 0.615767 -0.268663
v 0.651075 0.639035 -0.188085
v 0.646848 0.586839 -0.176429
v 0.711973 0.563571 -0.257007
v 0.671696 0.584481 -0.424904
v 0.667469 0.532285 -0.413248
v 0.868864 0.505084 -0.515739
v 0.698638 0.565904 -0.305120
v 0.888076 0.536923 -0.497629
v 0.710479 0.600376 -0.277892
v 0.708229 0.572593 -0.271688
v 0.885826 0.509140 -0.491425
v 0.676740 0.576528 -0.396923
v 0.827959 0.522499 -0.584024
v 0.825709 0.494716 -0.577820
v 0.674490 0.548745 -0.390719
v 0.844746 0.526617 -0.559495
v 0.686178 0.583271 -0.363301
v 0.683928 0.555488 -0.357097
v 0.842496 0.498834 -0.553291
v 0.936125 0.533527 -0.545187
v 0.932308 0.486401 -0.534664
v 0.821965 0.531713 -0.594716
v 0.841846 0.524609 -0.619315
v 0.838029 0.477483 -0.608792
v 0.818148 0.484587 -0.584193
v 0.893243 0.548848 -0.492130
v 0.889426 0.501722 -0.481606
v 0.901767 0.550134 -0.711646
v 1.016367 0.561541 -0.622318
v 0.883677 0.562654 -0.689938
v 0.998276 0.574060 -0.600610
v 0.864587 0.563418 -0.665643
v 0.979186 0.574825 -0.576315
v 0.847404 0.552310 -0.642460
v 0.962003 0.563717 -0.553132
v 0.834743 0.531022 -0.623918
v 0.949343 0.542428 -0.534590
v 0.828534 0.502794 -0.612840
v 0.943133 0.514200 -0.523512
v 1.030704 0.539171 -0.638134
v 0.916104 0.527765 -0.727462
v 1.039105 0.510358 -0.645651
v 0.924505 0.498951 -0.734979
v 1.040291 0.479487 -0.643723
v 0.925691 0.468081 -0.733052
v 1.034081 0.451258 -0.632646
v 0.919481 0.439852 -0.721974
v 1.021420 0.429970 -0.614104
v 0.906821 0.418563 -0.703432
v 1.004238 0.418862 -0.590921
v 0.889638 0.407456 -0.680249
v 0.985148 0.419626 -0.566626
v 0.870548 0.408220 -0.655954
v 0.967057 0.432146 -0.544918
v 0.852457 0.420740 -0.634246
v 0.952720 0.454516 -0.529101
v 0.838120 0.443109 -0.618430
v 0.944319 0.483329 -0.521585
v 0.829719 0.471923 -0.610913
v 1.069276 0.502588 -0.842272
v 1.077318 0.532451 -0.856138
v 1.034108 0.499302 -0.869746
v 1.042150 0.529164 -0.883613
v 1.021953 0.537030 -0.785817
v 0.944121 0.524716 -0.684718
v 0.931198 0.553160 -0.671578
v 1.023357 0.570395 -0.791607
v 0.986785 0.533743 -0.813292
v 0.908954 0.521430 -0.712192
v 0.896030 0.549873 -0.699053
v 0.988189 0.567108 -0.819081
v 1.062133 0.574019 -0.761313
v 0.969974 0.556784 -0.641285
v 0.982898 0.528341 -0.654425
v 1.060729 0.540654 -0.755524
v 1.097301 0.577306 -0.733839
v 1.005142 0.560071 -0.613811
v 1.018066 0.531628 -0.626950
v 1.095897 0.543941 -0.728050
v 1.116094 0.536075 -0.825845
v 1.108052 0.506213 -0.811978
v 1.151262 0.539362 -0.798371
v 1.143220 0.509499 -0.784504
v 1.006400 0.334801 -0.737280
v 0.922138 0.415069 -0.639025
v 0.938813 0.432938 -0.662506
v 1.010328 0.367265 -0.746191
v 1.041569 0.338088 -0.709805
v 0.957306 0.418356 -0.611550
v 0.973981 0.436225 -0.635031
v 1.045496 0.370552 -0.718716
v 1.063299 0.333137 -0.809913
v 1.060411 0.366905 -0.810255
v 1.098467 0.336424 -0.782439
v 1.095579 0.370191 -0.782781
v 1.009474 -0.555638 0.046340
v 0.977371 -0.518651 0.137293
v 1.042859 -0.581405 0.185927
v 1.074962 -0.618392 0.094974
v 0.697160 -0.904505 0.077974
v 0.665056 -0.867519 0.168927
v 0.692311 -0.893636 0.189167
v 0.724414 -0.930622 0.098215
v 1.122359 -0.474761 0.105257
v 1.138694 -0.542390 0.147243
v 0.576295 -0.962993 0.112597
v 1.078021 -0.614089 0.179524
v 0.618284 -1.013671 0.150114
v 0.569817 -0.949217 0.139996
v 1.099435 -0.491892 0.170510
v 1.047278 -0.511129 0.197379
v 0.999065 -0.534386 0.195463
v 0.977781 -0.586954 0.155744
v 0.612414 -1.000693 0.176945
v 0.573595 -0.929512 0.164030
v 1.084517 -0.453543 0.117310
v 1.022158 -0.451236 0.110317
v 0.961042 -0.501932 0.093770
v 0.958368 -0.570384 0.103825
v 0.616205 -0.981326 0.200825
v 0.587141 -0.906809 0.181037
v 1.115817 -0.480778 0.062703
v 1.072984 -0.495624 0.022346
v 1.016497 -0.561577 0.014981
v 0.986681 -0.600836 0.063599
v 0.629709 -0.958825 0.217758
v 0.609261 -0.883924 0.188402
v 1.148817 -0.535518 0.080612
v 1.127350 -0.582532 0.052132
v 1.088669 -0.630718 0.067725
v 1.023592 -0.636226 0.090657
v 0.651409 -0.936683 0.224944
v 0.636837 -0.865335 0.184476
v 0.678517 -0.919051 0.220763
v 1.110982 -0.593569 0.159943
v 1.018092 -0.627646 0.147606
v 0.632822 -1.018882 0.124187
v 0.590992 -0.967052 0.087121
v 0.653840 -1.015747 0.103008
v 0.612040 -0.963180 0.066257
v 0.678268 -1.004878 0.089696
v 0.636509 -0.951844 0.053136
v 0.702552 -0.987968 0.086201
v 0.660894 -0.934617 0.049745
v 0.723153 -0.967540 0.093022
v 0.681654 -0.913935 0.056622
v 0.737049 -0.946581 0.109135
v 0.695739 -0.892739 0.072772
v 0.742177 -0.928114 0.132142
v 0.701046 -0.874037 0.095819
v 0.737738 -0.914769 0.158626
v 0.696738 -0.860472 0.122353
v 0.724325 -0.908402 0.184663
v 0.683375 -0.853950 0.148441
v 0.703840 -0.909832 0.206404
v 0.662848 -0.855380 0.170197
v 0.668740 -1.032676 -0.003459
v 0.608353 -0.995686 0.144316
v 0.582858 -0.955816 0.119046
v 0.638231 -1.194016 -0.227233
v 0.712963 -1.013273 0.011028
v 0.724635 -0.951548 0.096639
v 0.699140 -0.911678 0.071369
v 0.687467 -0.973403 -0.014242
v 0.585896 -1.114449 -0.020404
v 0.560401 -1.074579 -0.045675
v 0.624660 -1.172794 -0.240684
v 0.655169 -1.011454 -0.016910
v 0.664142 -1.179359 -0.230250
v 0.695971 -1.011033 0.003212
v 0.682401 -0.989812 -0.010239
v 0.650571 -1.158137 -0.243700
v 0.599267 -1.088132 -0.020865
v 0.572165 -1.231457 -0.219652
v 0.558595 -1.210235 -0.233103
v 0.585697 -1.066910 -0.034316
v 0.598107 -1.216635 -0.222439
v 0.626527 -1.066344 -0.013991
v 0.612956 -1.045123 -0.027442
v 0.584537 -1.195413 -0.235890
v 0.669250 -1.223182 -0.281586
v 0.646232 -1.187186 -0.304402
v 0.567786 -1.244412 -0.212714
v 0.564223 -1.263255 -0.238850
v 0.541205 -1.227258 -0.261665
v 0.544768 -1.208415 -0.235529
v 0.676936 -1.182539 -0.225215
v 0.653918 -1.146542 -0.248030
v 0.569175 -1.361594 -0.294171
v 0.699014 -1.313631 -0.346454
v 0.575433 -1.348449 -0.266905
v 0.705272 -1.300486 -0.319188
v 0.575838 -1.326354 -0.245295
v 0.705677 -1.278392 -0.297578
v 0.570328 -1.298672 -0.232629
v 0.700167 -1.250710 -0.284912
v 0.559740 -1.269618 -0.230837
v 0.689579 -1.221655 -0.283120
v 0.545688 -1.243615 -0.240191
v 0.675527 -1.195652 -0.292475
v 0.687854 -1.315824 -0.375224
v 0.558015 -1.363787 -0.322941
v 0.673492 -1.306732 -0.401118
v 0.543652 -1.354694 -0.348835
v 0.658114 -1.287738 -0.420194
v 0.528275 -1.335701 -0.367911
v 0.644062 -1.261735 -0.429548
v 0.514223 -1.309698 -0.377265
v 0.633474 -1.232680 -0.427756
v 0.503635 -1.280643 -0.375473
v 0.627964 -1.204998 -0.415091
v 0.498125 -1.252962 -0.362808
v 0.628369 -1.182903 -0.393480
v 0.498529 -1.230866 -0.341197
v 0.634627 -1.169759 -0.366215
v 0.504788 -1.217722 -0.313932
v 0.645787 -1.167566 -0.337445
v 0.515948 -1.215529 -0.285161
v 0.660149 -1.176659 -0.311551
v 0.530310 -1.224621 -0.259268
v 0.586239 -1.465554 -0.484836
v 0.600799 -1.495035 -0.476618
v 0.547174 -1.480382 -0.468819
v 0.561734 -1.509864 -0.460601
v 0.603291 -1.432409 -0.412563
v 0.597628 -1.331849 -0.333278
v 0.611591 -1.335511 -0.302613
v 0.619593 -1.456355 -0.394969
v 0.564226 -1.447238 -0.396546
v 0.558564 -1.346678 -0.317261
v 0.572527 -1.350339 -0.286596
v 0.580529 -1.471183 -0.378953
v 0.662666 -1.440005 -0.412630
v 0.654663 -1.319161 -0.320273
v 0.640700 -1.315500 -0.350938
v 0.646363 -1.416060 -0.430223
v 0.701730 -1.425177 -0.428647
v 0.693727 -1.304333 -0.336290
v 0.679765 -1.300672 -0.366955
v 0.685427 -1.401232 -0.446240
v 0.643871 -1.478686 -0.494278
v 0.629311 -1.449204 -0.502496
v 0.682935 -1.463858 -0.510295
v 0.668375 -1.434376 -0.518514
v 0.506799 -1.275343 -0.510101
v 0.546421 -1.228975 -0.370540
v 0.555079 -1.260689 -0.378783
v 0.522650 -1.301680 -0.495824
v 0.545864 -1.260515 -0.526118
v 0.585486 -1.214147 -0.386557
v 0.594144 -1.245861 -0.394800
v 0.561714 -1.286852 -0.511841
v 0.505725 -1.341735 -0.574185
v 0.522244 -1.360857 -0.551597
v 0.544789 -1.326907 -0.590202
v 0.561309 -1.346029 -0.567614
v 0.343314 0.155101 0.373080
v 0.314780 0.164851 0.392308
v 0.286246 0.174601 0.411536
v 0.257711 0.184351 0.430764
v 0.229177 0.194101 0.449992
v 0.200642 0.203851 0.469220
v 0.172108 0.213601 0.488448
v 0.143574 0.223351 0.507676
v 0.115039 0.233101 0.526904
v 0.107568 -0.002066 0.573081
v 0.136412 -0.002066 0.551939
v 0.165256 -0.002066 0.530796
v 0.194100 -0.002066 0.509654
v 0.222945 -0.002066 0.488512
v 0.251789 -0.002066 0.467369
v 0.280633 -0.002066 0.446226
v 0.309477 -0.002066 0.425084
v 0.338321 -0.002066 0.403941
v 0.429018 -0.381502 -0.156636
v 0.405801 -0.405040 -0.170269
v 0.382583 -0.428579 -0.183902
v 0.359365 -0.452117 -0.197535
v 0.336148 -0.475656 -0.211169
v 0.312930 -0.499195 -0.224802
v 0.289712 -0.522733 -0.238435
v 0.266494 -0.546272 -0.252068
v 0.243277 -0.569810 -0.265702
v 0.378814 0.377370 0.153665
v 0.352482 0.400909 0.159282
v 0.326150 0.424447 0.164898
v 0.299818 0.447986 0.170514
v 0.273485 0.471524 0.176131
v 0.247153 0.495063 0.181747
v 0.220821 0.518601 0.187364
v 0.194489 0.542140 0.192980
v 0.168157 0.565678 0.198597
v 0.136315 0.432467 0.395403
v 0.163967 0.414451 0.381627
v 0.191620 0.396435 0.367851
v 0.219272 0.378420 0.354075
v 0.246924 0.360404 0.340299
v 0.274577 0.342389 0.326523
v 0.302229 0.324373 0.312747
v 0.329881 0.306357 0.298971
v 0.357534 0.288342 0.285195
v 0.357534 -0.292474 0.285195
v 0.329881 -0.310490 0.298971
v 0.302229 -0.328505 0.312747
v 0.274577 -0.346521 0.326523
v 0.246924 -0.364536 0.340299
v 0.219272 -0.382552 0.354075
v 0.191620 -0.400568 0.367851
v 0.163967 -0.418583 0.381626
v 0.136315 -0.436599 0.395402
v 0.168157 -0.569811 0.198596
v 0.194489 -0.546272 0.192980
v 0.220821 -0.522734 0.187363
v 0.247153 -0.499195 0.181747
v 0.273486 -0.475656 0.176130
v 0.299818 -0.452118 0.170514
v 0.326150 -0.428579 0.164897
v 0.352482 -0.405041 0.159281
v 0.378814 -0.381502 0.153665
v 0.243277 0.565679 -0.265701
v 0.266494 0.542140 -0.252068
v 0.289712 0.518602 -0.238434
v 0.312930 0.495063 -0.224801
v 0.336147 0.471525 -0.211168
v 0.359365 0.447986 -0.197535
v 0.382583 0.424448 -0.183901
v 0.405801 0.400909 -0.170268
v 0.429018 0.377370 -0.156635
v 0.403916 -0.412764 -0.001485
v 0.379141 -0.438242 -0.005494
v 0.354367 -0.463720 -0.009502
v 0.329592 -0.489198 -0.013511
v 0.304817 -0.514676 -0.017519
v 0.280042 -0.540154 -0.021528
v 0.255267 -0.565632 -0.025536
v 0.230492 -0.591110 -0.029545
v 0.205717 -0.616588 -0.033553
v 0.403916 0.408633 -0.001485
v 0.379141 0.434111 -0.005493
v 0.354366 0.459589 -0.009502
v 0.329591 0.485067 -0.013510
v 0.304816 0.510545 -0.017518
v 0.280042 0.536023 -0.021527
v 0.255267 0.561501 -0.025535
v 0.230492 0.586979 -0.029544
v 0.205717 0.612457 -0.033552
v 0.343314 -0.159234 0.373080
v 0.314780 -0.168984 0.392308
v 0.286246 -0.178734 0.411536
v 0.257711 -0.188484 0.430764
v 0.229177 -0.198234 0.449992
v 0.200642 -0.207983 0.469220
v 0.172108 -0.217734 0.488448
v 0.143573 -0.227483 0.507676
v 0.115039 -0.237233 0.526904
v 1.081581 -0.172141 -0.307783
v 1.086984 -0.002065 -0.341179
v 1.081581 0.168010 -0.307783
v 1.066194 0.312193 -0.212679
v 1.043166 0.380392 -0.070346
v 1.016002 0.442364 0.097546
v 0.945020 -0.002066 0.536270
v 0.950423 -0.172142 0.502874
v 0.988838 0.408533 0.265439
v 0.965810 0.312193 0.407771
v 0.965810 -0.316325 0.407771
v 0.988838 -0.412665 0.265438
v 0.950423 0.168010 0.502874
v 1.016002 -0.446495 0.097545
v 1.043166 -0.384840 -0.070347
v 1.066194 -0.316324 -0.212680
v 0.248666 0.421836 -0.456149
v 0.217593 0.551834 -0.264092
v 0.269429 0.227282 -0.584478
v 0.276720 -0.002211 -0.629541
v 0.269429 -0.231705 -0.584479
v 0.248666 -0.426260 -0.456150
v 0.217593 -0.556257 -0.264093
v 0.469454 0.253026 -0.249422
v 0.450751 0.308396 -0.133821
v 0.481951 0.135922 -0.326664
v 0.486340 -0.002212 -0.353788
v 0.481951 -0.140345 -0.326664
v 0.469454 -0.257449 -0.249422
v 0.450751 -0.313116 -0.133822
v 0.300736 -0.002139 -0.620843
v 0.460699 0.145058 -0.352445
v 0.242078 -0.551788 -0.258294
v 0.447375 -0.274330 -0.270095
v 0.272905 0.418543 -0.448827
v 0.427435 0.353328 -0.146848
v 0.293503 -0.229811 -0.576137
v 1.077449 -0.161576 -0.282240
v 1.077449 0.157153 -0.282240
v 1.041452 0.356160 -0.059757
v 1.063031 -0.296679 -0.193126
v 0.465378 -0.002212 -0.381363
v 0.446841 -0.002131 -0.423931
v 0.426021 -0.002131 -0.452381
v 0.402492 -0.002212 -0.464089
v 0.383720 -0.002149 -0.505204
v 0.362867 -0.002149 -0.533453
v 0.339606 -0.002212 -0.546815
v 0.321571 -0.002139 -0.592485
v 0.293503 0.225533 -0.576137
v 0.314638 0.216093 -0.549633
v 0.333186 0.199874 -0.507134
v 0.356562 0.196307 -0.494484
v 0.377714 0.186910 -0.468081
v 0.396942 0.172466 -0.429790
v 0.420567 0.169559 -0.418669
v 0.441688 0.160083 -0.392079
v 0.427435 -0.357752 -0.146849
v 0.404119 -0.379808 -0.159876
v 0.380803 -0.401864 -0.172903
v 0.357488 -0.423921 -0.185930
v 0.334172 -0.445977 -0.198957
v 0.310856 -0.468033 -0.211984
v 0.287540 -0.490089 -0.225011
v 0.265346 -0.529000 -0.244968
v 0.272905 -0.422822 -0.448827
v 0.294894 -0.405381 -0.427601
v 0.314903 -0.375617 -0.394132
v 0.338608 -0.368849 -0.383511
v 0.360610 -0.351486 -0.362362
v 0.381139 -0.324974 -0.332113
v 0.405034 -0.319372 -0.322663
v 0.427012 -0.301864 -0.301372
v 0.447375 0.269907 -0.270095
v 0.427012 0.297602 -0.301371
v 0.405034 0.315110 -0.322663
v 0.381139 0.320550 -0.332113
v 0.360610 0.347187 -0.362362
v 0.338608 0.364550 -0.383510
v 0.314903 0.371193 -0.394131
v 0.294894 0.401102 -0.427601
v 0.242078 0.547509 -0.258293
v 0.265345 0.524721 -0.244967
v 0.287540 0.485665 -0.225011
v 0.311737 0.476966 -0.217427
v 0.335011 0.454281 -0.204142
v 0.357488 0.419497 -0.185929
v 0.381787 0.412364 -0.178980
v 0.405048 0.389488 -0.165618
v 0.460699 -0.149481 -0.352446
v 0.441688 -0.164345 -0.392079
v 0.420567 -0.173820 -0.418669
v 0.396942 -0.176889 -0.429790
v 0.377714 -0.191209 -0.468081
v 0.356562 -0.200606 -0.494484
v 0.333186 -0.204297 -0.507134
v 0.314638 -0.220372 -0.549633
v 1.082511 -0.002212 -0.313533
v 1.063031 0.292256 -0.193126
v 1.041453 -0.360880 -0.059758
v 0.456248 0.169714 -0.167798
v 0.443598 0.207164 -0.089611
v 0.464700 0.090511 -0.220040
v 0.467669 -0.002916 -0.238386
v 0.464701 -0.096342 -0.220041
v 0.456248 -0.175546 -0.167798
v 0.443598 -0.213196 -0.089612
v 1.057548 -0.110702 -0.159241
v 1.057548 0.104871 -0.159240
v 1.033202 0.239469 -0.008764
v 1.047796 -0.202079 -0.098968
v 1.060972 -0.002916 -0.180405
v 1.047796 0.196247 -0.098968
v 1.033202 -0.245501 -0.008765
v 0.797574 -0.143642 -0.283026
v 0.797574 0.138722 -0.283026
v 0.765684 0.315023 -0.085927
v 0.784801 -0.263330 -0.204080
v 0.802059 -0.002460 -0.310748
v 0.784801 0.258410 -0.204079
v 0.765685 -0.320206 -0.085928
v 0.779944 -0.098572 -0.174060
v 0.779944 0.092405 -0.174060
v 0.758376 0.211646 -0.040752
v 0.771305 -0.179523 -0.120665
v 0.782977 -0.003083 -0.192810
v 0.771305 0.173356 -0.120664
v 0.758376 -0.217991 -0.040753
v 0.747751 0.315466 -0.091917
v 0.740442 0.212089 -0.046742
v 0.762011 -0.098128 -0.180050
v 0.779640 -0.143198 -0.289016
v 0.766868 -0.262887 -0.210069
v 0.753372 -0.179079 -0.126654
v 0.747751 -0.319762 -0.091918
v 0.766868 0.258854 -0.210069
v 0.779640 0.139166 -0.289016
v 0.784126 -0.002016 -0.316738
v 0.740443 -0.217547 -0.046742
v 0.753372 0.173799 -0.126654
v 0.762011 0.092848 -0.180050
v 0.765044 -0.002640 -0.198800
v 0.953582 -0.143642 -0.257785
v 0.953582 0.138722 -0.257785
v 0.921692 0.315023 -0.060686
v 0.940809 -0.263330 -0.178839
v 0.958067 -0.002460 -0.285507
v 0.940809 0.258410 -0.178838
v 0.921692 -0.320206 -0.060687
v 0.935952 -0.098572 -0.148819
v 0.935952 0.092405 -0.148819
v 0.914384 0.211646 -0.015512
v 0.927313 -0.179523 -0.095424
v 0.938985 -0.003083 -0.167569
v 0.927313 0.173356 -0.095423
v 0.914384 -0.217991 -0.015512
v 0.903759 0.315466 -0.066676
v 0.896450 0.212089 -0.021501
v 0.918019 -0.098128 -0.154809
v 0.935648 -0.143198 -0.263775
v 0.922876 -0.262887 -0.184828
v 0.909380 -0.179079 -0.101413
v 0.903759 -0.319762 -0.066677
v 0.922876 0.258854 -0.184828
v 0.935648 0.139166 -0.263775
v 0.940134 -0.002016 -0.291497
v 0.896450 -0.217547 -0.021501
v 0.909379 0.173799 -0.101413
v 0.918019 0.092848 -0.154809
v 0.921052 -0.002640 -0.173559
v 0.606732 -0.129780 -0.279512
v 0.606732 0.124477 -0.279512
v 0.578017 0.283228 -0.102033
v 0.595230 -0.237554 -0.208424
v 0.610771 -0.002652 -0.304474
v 0.595230 0.232251 -0.208423
v 0.578017 -0.288768 -0.102033
v 0.590857 -0.089196 -0.181393
v 0.590857 0.082770 -0.181392
v 0.571436 0.190141 -0.061355
v 0.583078 -0.162089 -0.133312
v 0.593589 -0.003213 -0.198276
v 0.583078 0.155663 -0.133312
v 0.571436 -0.196728 -0.061355
v 0.560036 0.283627 -0.107723
v 0.553454 0.190541 -0.067045
v 0.572875 -0.088797 -0.187083
v 0.588750 -0.129381 -0.285202
v 0.577249 -0.237155 -0.214114
v 0.565096 -0.161690 -0.139002
v 0.560036 -0.288369 -0.107723
v 0.577249 0.232650 -0.214114
v 0.588750 0.124876 -0.285202
v 0.592789 -0.002252 -0.310165
v 0.553454 -0.196329 -0.067045
v 0.565096 0.156062 -0.139002
v 0.572875 0.083169 -0.187082
v 0.575607 -0.002814 -0.203966
v 1.064448 0.292079 -0.192419
v 1.042907 0.355849 -0.059281
v 1.078841 0.157209 -0.281380
v 1.083895 -0.001882 -0.312619
v 1.078841 -0.160972 -0.281380
v 1.064448 -0.295842 -0.192420
v 1.042907 -0.359954 -0.059281
v 1.288174 0.157402 0.531578
v 1.254948 0.187840 0.600642
v 1.221723 0.218278 0.669706
v 1.214723 -0.002066 0.712972
v 1.248915 -0.002066 0.637931
v 1.283107 -0.002066 0.562890
v 1.349662 -0.418776 0.151529
v 1.328174 -0.498315 0.148052
v 1.306686 -0.577853 0.144576
v 1.341878 -0.534024 -0.072940
v 1.358505 -0.460540 -0.039416
v 1.375132 -0.387056 -0.005892
v 1.396724 -0.296724 -0.139347
v 1.384218 -0.352966 -0.198344
v 1.371713 -0.409209 -0.257341
v 1.391648 -0.222410 -0.380554
v 1.401399 -0.191972 -0.304536
v 1.411151 -0.161534 -0.228519
v 1.416218 -0.002065 -0.259832
v 1.407433 -0.002065 -0.341826
v 1.398648 -0.002065 -0.423820
v 1.391648 0.218279 -0.380553
v 1.401399 0.187841 -0.304536
v 1.411151 0.157403 -0.228518
v 1.396724 0.292593 -0.139346
v 1.384218 0.348836 -0.198343
v 1.371713 0.405078 -0.257340
v 1.341878 0.529893 -0.072939
v 1.358505 0.456409 -0.039415
v 1.375132 0.382924 -0.005891
v 1.349662 0.414644 0.151530
v 1.328174 0.494183 0.148053
v 1.306685 0.573722 0.144577
v 1.271493 0.529892 0.362092
v 1.297843 0.456408 0.335522
v 1.324193 0.382924 0.308951
v 1.288173 -0.161534 0.531577
v 1.254948 -0.191972 0.600641
v 1.221723 -0.222410 0.669706
v 1.241658 -0.409209 0.546493
v 1.272130 -0.352967 0.494449
v 1.302601 -0.296725 0.442406
v 1.302601 0.292593 0.442406
v 1.272129 0.348835 0.494450
v 1.241658 0.405077 0.546493
v 1.324193 -0.387056 0.308950
v 1.297843 -0.460540 0.335521
v 1.271493 -0.534024 0.362092
v 1.436263 0.087823 0.117296
v 1.492416 0.101442 0.126381
v 1.436262 0.210312 0.117296
v 1.492416 0.196693 0.126381
v 1.391114 0.188805 0.102806
v 1.436263 -0.067084 0.117296
v 1.391114 0.109330 0.102806
v 1.492416 -0.053465 0.126381
v 1.436263 0.055406 0.117296
v 1.492416 0.041786 0.126381
v 1.391114 0.033898 0.102806
v 1.436263 -0.227319 0.117296
v 1.391114 -0.045576 0.102805
v 1.492416 -0.213700 0.126381
v 1.436263 -0.104829 0.117296
v 1.492416 -0.118449 0.126381
v 1.391114 -0.126337 0.102805
v 1.391114 -0.205811 0.102805
v 0.004858 -0.002066 0.582273
v 0.012639 0.242851 0.534181
v 0.086505 0.242851 0.546132
v 0.078724 -0.002066 0.594224
v 0.034797 0.450482 0.397228
v 0.108663 0.450482 0.409179
v 0.067959 0.589217 0.192262
v 0.141825 0.589217 0.204213
v 0.107076 0.637935 -0.049511
v 0.180942 0.637935 -0.037560
v 0.146193 0.589218 -0.291285
v 0.220059 0.589218 -0.279334
v 0.220059 0.589218 -0.279334
v 0.220059 0.589218 -0.279334
v 0.179355 0.450483 -0.496251
v 0.253221 0.450483 -0.484300
v 0.201513 0.242852 -0.633204
v 0.275379 0.242852 -0.621254
v 0.209294 -0.002065 -0.681296
v 0.283160 -0.002065 -0.669345
v 0.201513 -0.246983 -0.633205
v 0.275379 -0.246983 -0.621254
v 0.179355 -0.454614 -0.496251
v 0.253221 -0.454614 -0.484301
v 0.146193 -0.593349 -0.291286
v 0.220059 -0.593349 -0.279335
v 0.220059 -0.593349 -0.279335
v 0.220059 -0.593349 -0.279335
v 0.107076 -0.642066 -0.049512
v 0.180942 -0.642066 -0.037561
v 0.067959 -0.593349 0.192262
v 0.141825 -0.593349 0.204212
v 0.034797 -0.454615 0.397227
v 0.108663 -0.454615 0.409178
v 0.012639 -0.246984 0.534181
v 0.086505 -0.246983 0.546132
v 0.371849 0.145351 0.353852
v 0.367166 -0.002066 0.382799
v 0.385186 0.270326 0.271419
v 0.405146 0.353832 0.148049
v 0.428691 0.383155 0.002524
v 0.452236 0.329418 -0.143002
v 0.452236 0.329418 -0.143002
v 0.428691 -0.387286 0.002523
v 0.452236 -0.333866 -0.143002
v 0.452236 -0.333866 -0.143002
v 0.405146 -0.357964 0.148048
v 0.385186 -0.274458 0.271419
v 0.371849 -0.149484 0.353852
v 0.243277 -0.569810 -0.265702
v 0.429018 0.377370 -0.156635
v 1.043166 0.380392 -0.070346
v 1.102544 0.248716 0.724863
v 1.094577 -0.002066 0.774107
v 1.125233 0.461319 0.584630
v 1.159189 0.603376 0.374757
v 1.199243 0.653261 0.127193
v 1.239297 0.603377 -0.120370
v 1.273253 0.461320 -0.330244
v 1.295942 0.248717 -0.470477
v 1.303909 -0.002065 -0.519721
v 1.295942 -0.252848 -0.470478
v 1.273253 -0.465451 -0.330245
v 1.239297 -0.607508 -0.120371
v 1.199243 -0.657392 0.127192
v 1.159189 -0.607509 0.374756
v 1.125233 -0.465452 0.584630
v 1.102544 -0.252849 0.724863
v 1.188498 0.248716 0.738770
v 1.180531 -0.002066 0.788013
v 1.211187 0.461319 0.598537
v 1.245143 0.603376 0.388663
v 1.285197 0.653260 0.141100
v 1.325251 0.603377 -0.106463
v 1.359207 0.461320 -0.316337
v 1.381896 0.248717 -0.456571
v 1.389863 -0.002065 -0.505814
v 1.381896 -0.252848 -0.456571
v 1.359207 -0.465451 -0.316338
v 1.325251 -0.607508 -0.106464
v 1.285197 -0.657392 0.141099
v 1.245143 -0.607508 0.388662
v 1.211187 -0.465452 0.598536
v 1.188498 -0.252848 0.738770
v 0.429018 -0.381502 -0.156636
v 0.405801 -0.405040 -0.170269
v 0.382583 -0.428579 -0.183902
v 0.359365 -0.452117 -0.197535
v 0.336148 -0.475656 -0.211169
v 0.312930 -0.499195 -0.224802
v 0.289712 -0.522733 -0.238435
v 0.266494 -0.546272 -0.252068
v 0.243277 0.565679 -0.265701
v 0.266494 0.542140 -0.252068
v 0.289712 0.518602 -0.238434
v 0.312930 0.495063 -0.224801
v 0.336147 0.471525 -0.211168
v 0.359365 0.447986 -0.197535
v 0.382583 0.424448 -0.183901
v 0.405801 0.400909 -0.170268
v 0.217593 0.551834 -0.264092
v 0.217593 -0.556257 -0.264093
v 1.043166 -0.384840 -0.070347
v 1.066194 -0.316324 -0.212680
v 1.066194 0.312193 -0.212679
v 1.081581 0.168010 -0.307783
v 1.086984 -0.002065 -0.341179
v 1.081581 -0.172141 -0.307783
v 0.242078 -0.551788 -0.258294
v 0.427435 0.353328 -0.146848
v 0.450751 0.308396 -0.133821
v 1.041452 0.356160 -0.059757
v 0.450751 -0.313116 -0.133822
v 0.427435 -0.357752 -0.146849
v 0.404119 -0.379808 -0.159876
v 0.380803 -0.401864 -0.172903
v 0.357488 -0.423921 -0.185930
v 0.334172 -0.445977 -0.198957
v 0.310856 -0.468033 -0.211984
v 0.287540 -0.490089 -0.225011
v 0.265346 -0.529000 -0.244968
v 0.242078 0.547509 -0.258293
v 0.265345 0.524721 -0.244967
v 0.287540 0.485665 -0.225011
v 0.311737 0.476966 -0.217427
v 0.335011 0.454281 -0.204142
v 0.357488 0.419497 -0.185929
v 0.381787 0.412364 -0.178980
v 0.405048 0.389488 -0.165618
v 1.041453 -0.360880 -0.059758
v 1.063031 -0.296679 -0.193126
v 1.063031 0.292256 -0.193126
v 1.077449 0.157153 -0.282240
v 1.082511 -0.002212 -0.313533
v 1.077449 -0.161576 -0.282240
vt 0.871101 0.708733
vt 0.916812 0.708733
vt 0.916812 0.694767
vt 0.955563 0.708733
vt 0.955563 0.694767
vt 0.981455 0.708733
vt 0.990548 0.708733
vt 0.990548 0.694767
vt 0.871102 0.694767
vt 0.825392 0.708733
vt 0.825392 0.694767
vt 0.786641 0.708733
vt 0.786641 0.694767
vt 0.760748 0.708733
vt 0.760748 0.694767
vt 0.751656 0.708733
vt 0.751655 0.694767
vt 0.845306 0.627837
vt 0.845306 0.610749
vt 0.851690 0.612184
vt 0.898935 0.334780
vt 0.699284 0.147859
vt 0.781982 0.070434
vt 0.845306 0.662027
vt 0.845306 0.645843
vt 0.851690 0.645101
vt 0.845306 0.589201
vt 0.845306 0.588021
vt 0.851690 0.590865
vt 0.845300 0.616175
vt 0.851654 0.615438
vt 0.851654 0.654990
vt 0.845306 0.673926
vt 0.851690 0.660281
vt 0.851690 0.591972
vt 0.851690 0.599458
vt 0.851690 0.628211
vt 0.845306 0.593821
vt 0.851690 0.596306
vt 0.845306 0.679726
vt 0.851690 0.671441
vt 0.845306 0.597182
vt 0.866092 0.657282
vt 0.860564 0.657282
vt 0.858078 0.682259
vt 0.881836 0.657282
vt 0.880078 0.682259
vt 0.863796 0.682259
vt 0.933191 0.657282
vt 0.933191 0.682259
vt 0.904447 0.682259
vt 0.900513 0.677314
vt 0.901384 0.708956
vt 0.875074 0.708956
vt 0.828068 0.677314
vt 0.826459 0.708956
vt 0.811556 0.708956
vt 0.936490 0.677315
vt 0.938592 0.708956
vt 0.923689 0.708956
vt 0.849635 0.677314
vt 0.875074 0.677314
vt 0.905398 0.657282
vt 0.808598 0.677315
vt 0.813658 0.677315
vt 0.922080 0.677314
vt 0.848764 0.708956
vt 0.941550 0.677315
vt 0.943825 0.708957
vt 0.792540 0.598511
vt 0.810198 0.587253
vt 0.800852 0.566031
vt 0.916073 0.583299
vt 0.936919 0.587253
vt 0.946030 0.566031
vt 0.966398 0.615362
vt 0.988567 0.606590
vt 0.971529 0.582277
vt 0.970545 0.635237
vt 0.966398 0.655113
vt 0.988566 0.663948
vt 0.792540 0.671963
vt 0.775373 0.688260
vt 0.800852 0.704506
vt 0.936918 0.683222
vt 0.946030 0.704506
vt 0.971529 0.688261
vt 0.780741 0.655113
vt 0.776598 0.635237
vt 0.752370 0.635268
vt 0.780741 0.615361
vt 0.775373 0.582276
vt 0.831027 0.583299
vt 0.830906 0.560326
vt 0.954590 0.598512
vt 0.994549 0.635269
vt 0.831027 0.687175
vt 0.810198 0.683222
vt 0.954590 0.671963
vt 0.758348 0.663947
vt 0.916073 0.687176
vt 0.915952 0.710211
vt 0.758348 0.606589
vt 0.821869 0.723179
vt 0.821869 0.732375
vt 0.806865 0.732375
vt 0.870813 0.723179
vt 0.870813 0.732375
vt 0.844325 0.732375
vt 0.897301 0.723179
vt 0.919756 0.723179
vt 0.919756 0.732375
vt 0.934760 0.723179
vt 0.940029 0.723179
vt 0.940029 0.732375
vt 0.844325 0.723179
vt 0.934760 0.732375
vt 0.806865 0.723179
vt 0.801596 0.732375
vt 0.897301 0.732375
vt 0.801596 0.723179
vt 0.454275 0.393887
vt 0.454275 0.393414
vt 0.455042 0.393261
vt 0.451987 0.390462
vt 0.452424 0.390643
vt 0.452271 0.391410
vt 0.453327 0.389121
vt 0.453508 0.389558
vt 0.452858 0.389992
vt 0.455223 0.389121
vt 0.455042 0.389558
vt 0.454275 0.389405
vt 0.456564 0.390462
vt 0.456127 0.390643
vt 0.455692 0.389992
vt 0.456752 0.391410
vt 0.456564 0.392357
vt 0.456127 0.392176
vt 0.452524 0.393161
vt 0.452858 0.392827
vt 0.453508 0.393261
vt 0.455223 0.393698
vt 0.455692 0.392827
vt 0.451987 0.392357
vt 0.451798 0.391410
vt 0.452524 0.389658
vt 0.454275 0.388933
vt 0.456027 0.389658
vt 0.456279 0.391410
vt 0.453327 0.393698
vt 0.456027 0.393161
vt 0.452424 0.392176
vt 0.403151 0.398006
vt 0.403151 0.407835
vt 0.393321 0.407835
vt 0.304503 0.885971
vt 0.304805 0.873500
vt 0.325770 0.873500
vt 0.450501 0.902625
vt 0.450501 0.875887
vt 0.463095 0.878860
vt 0.421913 0.886742
vt 0.400823 0.886742
vt 0.400823 0.874281
vt 0.422635 0.938818
vt 0.426078 0.924438
vt 0.450454 0.924438
vt 0.304858 0.898329
vt 0.325469 0.885971
vt 0.400285 0.878077
vt 0.400285 0.898869
vt 0.379195 0.898869
vt 0.437907 0.899652
vt 0.437907 0.878860
vt 0.400823 0.899112
vt 0.426078 0.953198
vt 0.453897 0.938818
vt 0.304503 0.885857
vt 0.304202 0.898329
vt 0.283236 0.898329
vt 0.400125 0.902625
vt 0.400125 0.875887
vt 0.412719 0.878860
vt 0.345347 0.887523
vt 0.324257 0.887523
vt 0.324257 0.875062
vt 0.391482 0.936751
vt 0.359973 0.936751
vt 0.363444 0.920543
vt 0.304149 0.873500
vt 0.283538 0.885857
vt 0.422454 0.877864
vt 0.422454 0.898655
vt 0.401363 0.898655
vt 0.387532 0.878860
vt 0.345347 0.899893
vt 0.324257 0.899893
vt 0.363444 0.952959
vt 0.408106 0.886170
vt 0.407804 0.898642
vt 0.386839 0.898642
vt 0.425313 0.902625
vt 0.425313 0.875887
vt 0.299254 0.887523
vt 0.299254 0.875062
vt 0.320344 0.875062
vt 0.300013 0.937539
vt 0.303407 0.923363
vt 0.327436 0.923363
vt 0.407752 0.873812
vt 0.387141 0.886170
vt 0.445359 0.877722
vt 0.445359 0.898513
vt 0.424268 0.898513
vt 0.412719 0.899652
vt 0.320344 0.899893
vt 0.299254 0.899893
vt 0.303407 0.951714
vt 0.330830 0.937538
vt 0.445339 0.849926
vt 0.445339 0.832294
vt 0.458100 0.832268
vt 0.478553 0.359834
vt 0.480521 0.335839
vt 0.529988 0.338909
vt 0.265749 0.867967
vt 0.217244 0.867967
vt 0.225119 0.839612
vt 0.326122 0.426368
vt 0.333015 0.451580
vt 0.301193 0.451699
vt 0.445339 0.850005
vt 0.432577 0.850005
vt 0.221517 0.336940
vt 0.269015 0.337807
vt 0.268031 0.359834
vt 0.488687 0.867967
vt 0.488687 0.837345
vt 0.522427 0.843549
vt 0.449879 0.451310
vt 0.419823 0.451519
vt 0.426079 0.427638
vt 0.608928 0.501020
vt 0.615979 0.492864
vt 0.618518 0.497629
vt 0.828435 0.229450
vt 0.813899 0.229438
vt 0.813899 0.298593
vt 0.626321 0.404337
vt 0.620016 0.399723
vt 0.609111 0.415422
vt 0.618841 0.498711
vt 0.615511 0.491438
vt 0.608963 0.502083
vt 0.601818 0.506430
vt 0.601818 0.518783
vt 0.613586 0.518783
vt 0.746113 0.896366
vt 0.763673 0.902223
vt 0.765645 0.894840
vt 0.748085 0.888984
vt 0.768499 0.887752
vt 0.638486 0.845256
vt 0.638756 0.845512
vt 0.638231 0.845484
vt 0.638776 0.845863
vt 0.638251 0.845834
vt 0.638595 0.846168
vt 0.638270 0.846150
vt 0.750939 0.881896
vt 0.771801 0.882037
vt 0.638630 0.845268
vt 0.638289 0.845604
vt 0.638082 0.845396
vt 0.638135 0.846052
vt 0.638181 0.846435
vt 0.638053 0.846306
vt 0.639049 0.845412
vt 0.639109 0.845886
vt 0.638956 0.846334
vt 0.638688 0.846609
vt 0.757489 0.872710
vt 0.754241 0.876181
vt 0.774582 0.884487
vt 0.776806 0.877279
vt 0.758426 0.871607
vt 0.637956 0.845287
vt 0.638218 0.845242
vt 0.637717 0.845573
vt 0.637953 0.846205
vt 0.639612 0.846782
vt 0.639612 0.845225
vt 0.638626 0.845972
vt 0.638202 0.844737
vt 0.637330 0.845991
vt 0.638331 0.845927
vt 0.638620 0.846148
vt 0.638440 0.846086
vt 0.639202 0.845395
vt 0.639409 0.845852
vt 0.639255 0.846300
vt 0.638873 0.846588
vt 0.638202 0.847255
vt 0.745324 0.902919
vt 0.762884 0.908775
vt 0.745838 0.907645
vt 0.763398 0.913501
vt 0.536997 0.302118
vt 0.532193 0.311199
vt 0.509038 0.298949
vt 0.527389 0.320280
vt 0.504233 0.308030
vt 0.523316 0.327979
vt 0.500160 0.315728
vt 0.520594 0.333123
vt 0.497439 0.320872
vt 0.519638 0.334929
vt 0.496483 0.322679
vt 0.516304 0.336008
vt 0.516907 0.334634
vt 0.499294 0.326904
vt 0.769211 0.901890
vt 0.770471 0.897806
vt 0.752091 0.892134
vt 0.778337 0.841034
vt 0.773515 0.835963
vt 0.778818 0.831397
vt 0.772357 0.891696
vt 0.756202 0.878815
vt 0.753977 0.886023
vt 0.772801 0.837439
vt 0.775016 0.840913
vt 0.782241 0.839407
vt 0.754439 0.887670
vt 0.759103 0.869095
vt 0.770252 0.883011
vt 0.830088 0.830964
vt 0.830466 0.830296
vt 0.825521 0.830332
vt 0.816640 0.852466
vt 0.846960 0.825991
vt 0.804861 0.824002
vt 0.862043 0.848912
vt 0.865577 0.848903
vt 0.865356 0.849273
vt 0.830262 0.830980
vt 0.830361 0.830391
vt 0.825203 0.830444
vt 0.819837 0.831157
vt 0.819335 0.842456
vt 0.796755 0.841278
vt 0.851035 0.850545
vt 0.851018 0.849749
vt 0.844443 0.849464
vt 0.635536 0.620227
vt 0.669816 0.575250
vt 0.687931 0.589057
vt 0.850219 0.850265
vt 0.843225 0.850387
vt 0.843206 0.849702
vt 0.861905 0.848972
vt 0.865553 0.849348
vt 0.855255 0.853830
vt 0.852542 0.853713
vt 0.852533 0.854003
vt 0.849264 0.301764
vt 0.848969 0.288934
vt 0.802208 0.288933
vt 0.855067 0.854133
vt 0.853006 0.854169
vt 0.852997 0.853942
vt 0.910493 0.870029
vt 0.895776 0.863654
vt 0.911328 0.835877
vt 0.921423 0.835773
vt 0.901610 0.866626
vt 0.922204 0.871912
vt 0.902717 0.289440
vt 0.903474 0.301090
vt 0.911008 0.301090
vt 0.587385 0.701353
vt 0.587385 0.616141
vt 0.555785 0.616141
vt 0.903411 0.860924
vt 0.888695 0.859015
vt 0.889099 0.848796
vt 0.785446 0.679878
vt 0.785418 0.643191
vt 0.786938 0.643205
vt 0.786966 0.679892
vt 0.781118 0.679838
vt 0.774639 0.679778
vt 0.781089 0.643152
vt 0.766998 0.679708
vt 0.774611 0.643092
vt 0.766969 0.643022
vt 0.774682 0.679875
vt 0.774710 0.643189
vt 0.767068 0.643259
vt 0.781160 0.679816
vt 0.781188 0.643129
vt 0.785489 0.679776
vt 0.785517 0.643090
vt 0.787009 0.679762
vt 0.787037 0.643076
vt 0.656296 0.828910
vt 0.660665 0.844216
vt 0.581982 0.851632
vt 0.767040 0.679945
vt 0.584134 0.937208
vt 0.582360 0.952052
vt 0.651519 0.930919
vt 0.942284 0.869063
vt 0.943866 0.869030
vt 0.944054 0.868475
vt 0.958830 0.869343
vt 0.959029 0.870636
vt 0.958299 0.870749
vt 0.947452 0.873388
vt 0.948727 0.872550
vt 0.949134 0.873067
vt 0.949032 0.872662
vt 0.949118 0.873682
vt 0.947721 0.873800
vt 0.947659 0.874011
vt 0.944763 0.874070
vt 0.945037 0.873487
vt 0.947538 0.872681
vt 0.947596 0.872536
vt 0.945668 0.872100
vt 0.949206 0.872705
vt 0.948885 0.872628
vt 0.966071 0.869683
vt 0.966225 0.870673
vt 0.965862 0.870730
vt 0.942386 0.868451
vt 0.940111 0.867924
vt 0.940009 0.868536
vt 0.942172 0.869738
vt 0.939897 0.869211
vt 0.939796 0.869823
vt 0.965916 0.868954
vt 0.966252 0.868929
vt 0.966320 0.869847
vt 0.948791 0.874078
vt 0.948672 0.873915
vt 0.947382 0.873823
vt 0.947325 0.873967
vt 0.945455 0.873387
vt 0.944530 0.873878
vt 0.944834 0.873238
vt 0.949174 0.872524
vt 0.949260 0.873545
vt 0.947863 0.873662
vt 0.947490 0.873127
vt 0.948894 0.872205
vt 0.949344 0.872771
vt 0.959021 0.867682
vt 0.959108 0.868880
vt 0.958431 0.868930
vt 0.942071 0.870350
vt 0.943537 0.870460
vt 0.943639 0.869848
vt 0.945677 0.873586
vt 0.945712 0.873128
vt 0.947181 0.873242
vt 0.966420 0.869007
vt 0.966739 0.869003
vt 0.966599 0.867992
vt 0.946823 0.872417
vt 0.947466 0.872438
vt 0.947630 0.872175
vt 0.946890 0.872115
vt 0.946032 0.872174
vt 0.946195 0.872447
vt 0.945833 0.874434
vt 0.945429 0.874142
vt 0.948278 0.873672
vt 0.947958 0.872965
vt 0.948942 0.872521
vt 0.947568 0.873593
vt 0.948838 0.873188
vt 0.959862 0.865985
vt 0.959222 0.865994
vt 0.959204 0.867323
vt 0.948107 0.873313
vt 0.948072 0.873771
vt 0.614266 0.504472
vt 0.828435 0.298605
vt 0.613586 0.506430
vt 0.637928 0.845844
vt 0.775049 0.878566
vt 0.637737 0.845923
vt 0.513842 0.289868
vt 0.498691 0.328278
vt 0.750831 0.896217
vt 0.781987 0.839801
vt 0.782327 0.832987
vt 0.776894 0.831019
vt 0.783019 0.835308
vt 0.824980 0.830994
vt 0.797228 0.851362
vt 0.824756 0.830870
vt 0.797594 0.829997
vt 0.844425 0.850258
vt 0.653651 0.634033
vt 0.930972 0.838224
vt 0.910182 0.289440
vt 0.555785 0.701353
vt 0.903616 0.850679
vt 0.792351 0.680065
vt 0.790388 0.680066
vt 0.791305 0.626132
vt 0.785713 0.626136
vt 0.784795 0.680070
vt 0.777344 0.626140
vt 0.776426 0.680074
vt 0.767472 0.626146
vt 0.766554 0.680080
vt 0.776496 0.680086
vt 0.775578 0.626152
vt 0.784865 0.680091
vt 0.783948 0.626157
vt 0.790457 0.680094
vt 0.789540 0.626160
vt 0.791503 0.626161
vt 0.661948 0.851458
vt 0.657693 0.866592
vt 0.595192 0.817751
vt 0.594193 0.919145
vt 0.657659 0.951202
vt 0.655767 0.936338
vt 0.958100 0.869455
vt 0.945263 0.872154
vt 0.965984 0.869872
vt 0.945049 0.873440
vt 0.958344 0.867731
vt 0.941993 0.869471
vt 0.942029 0.869013
vt 0.940560 0.868899
vt 0.966383 0.868649
vt 0.966523 0.869660
vt 0.966205 0.869665
vt 0.949262 0.873228
vt 0.948796 0.873669
vt 0.958541 0.868328
vt 0.960115 0.868635
vt 0.959989 0.869397
vt 0.942920 0.869541
vt 0.942955 0.869083
vt 0.787847 0.576697
vt 0.794231 0.578973
vt 0.794231 0.599273
vt 0.800616 0.581249
vt 0.807000 0.583525
vt 0.807000 0.602142
vt 0.813384 0.585801
vt 0.813384 0.603577
vt 0.819769 0.588078
vt 0.819769 0.605011
vt 0.826153 0.590354
vt 0.826153 0.606446
vt 0.832537 0.592630
vt 0.832537 0.607880
vt 0.838922 0.594906
vt 0.838922 0.609315
vt 0.787847 0.696287
vt 0.794231 0.693803
vt 0.794231 0.702482
vt 0.800616 0.691318
vt 0.800616 0.699637
vt 0.807000 0.688833
vt 0.807000 0.696793
vt 0.813384 0.686349
vt 0.813384 0.693948
vt 0.819769 0.683864
vt 0.819769 0.691104
vt 0.826153 0.681379
vt 0.826153 0.688259
vt 0.832537 0.678895
vt 0.832537 0.685415
vt 0.838922 0.676410
vt 0.838922 0.682570
vt 0.787847 0.571460
vt 0.794231 0.573944
vt 0.794231 0.565265
vt 0.800616 0.576429
vt 0.800616 0.568109
vt 0.807000 0.578913
vt 0.807000 0.570954
vt 0.813384 0.581398
vt 0.813384 0.573798
vt 0.819769 0.583883
vt 0.819769 0.576643
vt 0.826153 0.586367
vt 0.826153 0.579487
vt 0.832537 0.588852
vt 0.832537 0.582332
vt 0.838922 0.591337
vt 0.838922 0.585176
vt 0.787847 0.624466
vt 0.794231 0.624841
vt 0.794231 0.651784
vt 0.800616 0.625215
vt 0.800616 0.651041
vt 0.807000 0.625590
vt 0.807000 0.650299
vt 0.813384 0.625964
vt 0.813384 0.649556
vt 0.819769 0.626339
vt 0.819769 0.648814
vt 0.826153 0.626713
vt 0.826153 0.648071
vt 0.832537 0.627088
vt 0.832537 0.647328
vt 0.838922 0.627462
vt 0.838922 0.646586
vt 0.787847 0.564260
vt 0.794231 0.567031
vt 0.800616 0.569802
vt 0.807000 0.572573
vt 0.813384 0.575345
vt 0.819769 0.578116
vt 0.826153 0.580887
vt 0.832537 0.583659
vt 0.838922 0.586430
vt 0.787847 0.677746
vt 0.794231 0.676000
vt 0.800616 0.674253
vt 0.807000 0.672507
vt 0.813384 0.670760
vt 0.819769 0.669014
vt 0.826153 0.667267
vt 0.832537 0.665521
vt 0.838922 0.663774
vt 0.788113 0.608597
vt 0.794467 0.609439
vt 0.794467 0.670016
vt 0.800821 0.610281
vt 0.800821 0.668346
vt 0.807175 0.611123
vt 0.807175 0.666677
vt 0.813529 0.611965
vt 0.813529 0.665007
vt 0.819884 0.612807
vt 0.819884 0.663338
vt 0.826238 0.613649
vt 0.826238 0.661668
vt 0.832592 0.614491
vt 0.832592 0.659999
vt 0.838946 0.615333
vt 0.838946 0.658329
vt 0.513835 0.802590
vt 0.516200 0.803207
vt 0.516902 0.805705
vt 0.517075 0.805365
vt 0.414490 0.701192
vt 0.415059 0.707476
vt 0.414788 0.707476
vt 0.517247 0.805026
vt 0.412126 0.700804
vt 0.412358 0.700804
vt 0.411825 0.707088
vt 0.505108 0.804300
vt 0.506214 0.803302
vt 0.517419 0.804686
vt 0.517591 0.804347
vt 0.507487 0.802590
vt 0.787847 0.562420
vt 0.787847 0.652526
vt 0.505462 0.805102
vt 0.505285 0.804701
vt 0.505639 0.805503
vt 0.507623 0.814515
vt 0.509164 0.814515
vt 0.505816 0.805904
vt 0.511350 0.814465
vt 0.513450 0.814514
vt 0.511326 0.802257
vt 0.505993 0.806305
vt 0.516002 0.814612
vt 0.514991 0.814519
vt 0.506170 0.806706
vt 0.516041 0.807401
vt 0.516213 0.807062
vt 0.506347 0.807107
vt 0.516386 0.806723
vt 0.506524 0.807509
vt 0.516558 0.806383
vt 0.506701 0.807910
vt 0.787847 0.597839
vt 0.800616 0.600708
vt 0.516730 0.806044
vt 0.932471 0.574841
vt 0.941303 0.677385
vt 0.936257 0.677385
vt 0.853018 0.574841
vt 0.849638 0.677385
vt 0.828131 0.677385
vt 0.915641 0.574841
vt 0.921886 0.677385
vt 0.900378 0.677385
vt 0.821920 0.574841
vt 0.813760 0.677385
vt 0.808713 0.677385
vt 0.515869 0.807741
vt 0.506878 0.808311
vt 0.933191 0.560057
vt 0.909101 0.560057
vt 0.875008 0.574841
vt 0.875008 0.677385
vt 0.928097 0.574841
vt 0.834376 0.574841
vt 0.896999 0.574841
vt 0.506893 0.814687
vt 0.134268 0.934638
vt 0.170018 0.934638
vt 0.167801 0.940170
vt 0.068211 0.934638
vt 0.072309 0.940170
vt 0.058795 0.940170
vt 0.200326 0.934638
vt 0.220577 0.934638
vt 0.209669 0.940170
vt 0.098518 0.934638
vt 0.134268 0.940170
vt 0.196228 0.940170
vt 0.100736 0.940170
vt 0.078558 0.934654
vt 0.079018 0.940186
vt 0.032164 0.940186
vt 0.079018 0.948975
vt 0.081309 0.954507
vt 0.036398 0.954507
vt 0.085211 0.960039
vt 0.085211 0.934648
vt 0.086107 0.940180
vt 0.045266 0.940180
vt 0.045266 0.965571
vt 0.086107 0.965571
vt 0.088389 0.971103
vt 0.049481 0.971103
vt 0.091865 0.976635
vt 0.091865 0.934643
vt 0.092610 0.940175
vt 0.057277 0.940175
vt 0.092610 0.982167
vt 0.094910 0.987700
vt 0.061527 0.987700
vt 0.098518 0.993232
vt 0.237207 0.934654
vt 0.236408 0.940186
vt 0.189554 0.940186
vt 0.236408 0.948975
vt 0.232174 0.954507
vt 0.187262 0.954507
vt 0.224913 0.960039
vt 0.224913 0.934648
vt 0.223301 0.940180
vt 0.182459 0.940180
vt 0.182459 0.965571
vt 0.223301 0.965571
vt 0.219086 0.971103
vt 0.180178 0.971103
vt 0.212620 0.976635
vt 0.212620 0.934643
vt 0.211299 0.940175
vt 0.175966 0.940175
vt 0.211299 0.982167
vt 0.207049 0.987700
vt 0.173666 0.987700
vt 0.200326 0.993232
vt 0.134268 0.934654
vt 0.134286 0.948975
vt 0.134286 0.954507
vt 0.134268 0.960039
vt 0.134283 0.965571
vt 0.134283 0.971103
vt 0.134268 0.976635
vt 0.134288 0.982167
vt 0.134288 0.987700
vt 0.134268 0.993232
vt 0.268764 0.934654
vt 0.267714 0.940186
vt 0.267714 0.948975
vt 0.262183 0.954507
vt 0.252702 0.960039
vt 0.252702 0.934648
vt 0.250590 0.940180
vt 0.250590 0.965571
vt 0.245083 0.971103
vt 0.236639 0.976635
vt 0.236639 0.934643
vt 0.234908 0.940175
vt 0.234908 0.982167
vt 0.229354 0.987700
vt 0.220577 0.993232
vt 0.031329 0.934654
vt 0.000857 0.940186
vt 0.032164 0.948975
vt 0.006389 0.954507
vt 0.043623 0.960039
vt 0.043623 0.934648
vt 0.021189 0.940180
vt 0.021189 0.965571
vt 0.026543 0.971103
vt 0.055917 0.976635
vt 0.055917 0.934643
vt 0.037251 0.940175
vt 0.037251 0.982167
vt 0.057277 0.982167
vt 0.042606 0.987700
vt 0.068211 0.993232
vt 0.189978 0.934654
vt 0.189554 0.948975
vt 0.183325 0.960039
vt 0.183325 0.934648
vt 0.176672 0.976635
vt 0.176672 0.934643
vt 0.175966 0.982167
vt 0.170018 0.993232
vt 0.451749 0.785846
vt 0.453298 0.785811
vt 0.380466 0.685021
vt 0.386579 0.685021
vt 0.454787 0.785846
vt 0.455879 0.785849
vt 0.446886 0.650919
vt 0.457920 0.781001
vt 0.430964 0.781001
vt 0.389469 0.685021
vt 0.450656 0.785847
vt 0.335098 0.650919
vt 0.328969 0.781001
vt 0.318939 0.781001
vt 0.414851 0.650919
vt 0.423502 0.650919
vt 0.396556 0.650919
vt 0.399873 0.781001
vt 0.374975 0.781001
vt 0.353394 0.650919
vt 0.350077 0.781001
vt 0.420981 0.781001
vt 0.374975 0.650919
vt 0.373256 0.685021
vt 0.303320 0.650919
vt 0.326401 0.650919
vt 0.366045 0.685021
vt 0.450139 0.785968
vt 0.359932 0.685021
vt 0.456596 0.785915
vt 0.357026 0.685021
vt 0.875876 0.362450
vt 0.875980 0.550947
vt 0.825703 0.550947
vt 0.956538 0.362450
vt 0.968879 0.550947
vt 0.926257 0.550947
vt 0.832222 0.362450
vt 0.783081 0.550947
vt 0.919530 0.362450
vt 0.989032 0.550947
vt 0.795214 0.362450
vt 0.762820 0.550947
vt 0.422479 0.351697
vt 0.423692 0.351194
vt 0.425754 0.354279
vt 0.377021 0.349723
vt 0.376356 0.348729
vt 0.376748 0.348567
vt 0.470247 0.404357
vt 0.469775 0.403650
vt 0.470097 0.403517
vt 0.442474 0.351697
vt 0.440129 0.355208
vt 0.439200 0.354279
vt 0.382021 0.348729
vt 0.381357 0.349723
vt 0.381057 0.349424
vt 0.473802 0.403650
vt 0.473329 0.404357
vt 0.473082 0.404110
vt 0.428336 0.357553
vt 0.428838 0.356340
vt 0.432477 0.357064
vt 0.378016 0.350388
vt 0.378178 0.349997
vt 0.379189 0.350198
vt 0.470954 0.404830
vt 0.471088 0.404507
vt 0.471788 0.404647
vt 0.443298 0.347556
vt 0.441985 0.347556
vt 0.441261 0.343917
vt 0.382255 0.347556
vt 0.381831 0.347556
vt 0.381630 0.346544
vt 0.473968 0.402816
vt 0.473618 0.402816
vt 0.473479 0.402116
vt 0.440129 0.339904
vt 0.439200 0.340833
vt 0.436115 0.338771
vt 0.381357 0.345388
vt 0.381057 0.345687
vt 0.380200 0.345114
vt 0.472622 0.400803
vt 0.473329 0.401275
vt 0.473082 0.401522
vt 0.432477 0.336734
vt 0.432477 0.338048
vt 0.428838 0.338771
vt 0.378016 0.344723
vt 0.379189 0.344490
vt 0.379189 0.344913
vt 0.471788 0.400637
vt 0.471788 0.400986
vt 0.471088 0.401126
vt 0.424825 0.339904
vt 0.425754 0.340833
vt 0.423692 0.343917
vt 0.376356 0.346382
vt 0.377021 0.345388
vt 0.377320 0.345687
vt 0.470247 0.401275
vt 0.470494 0.401522
vt 0.470097 0.402116
vt 0.421655 0.347556
vt 0.422969 0.347556
vt 0.376123 0.347556
vt 0.376547 0.347556
vt 0.469609 0.402816
vt 0.469958 0.402816
vt 0.436618 0.357553
vt 0.436115 0.356340
vt 0.380362 0.350388
vt 0.380200 0.349997
vt 0.472622 0.404830
vt 0.472489 0.404507
vt 0.424825 0.355208
vt 0.377320 0.349424
vt 0.470494 0.404110
vt 0.441261 0.351194
vt 0.381630 0.348567
vt 0.473479 0.403517
vt 0.442474 0.343414
vt 0.382021 0.346382
vt 0.473802 0.401982
vt 0.436618 0.337558
vt 0.380362 0.344723
vt 0.472489 0.401126
vt 0.428336 0.337558
vt 0.378178 0.345114
vt 0.470954 0.400803
vt 0.422479 0.343414
vt 0.376748 0.346544
vt 0.469775 0.401982
vt 0.432477 0.358377
vt 0.379189 0.350621
vt 0.471788 0.404996
vt 0.437312 0.847458
vt 0.436969 0.847894
vt 0.436377 0.845419
vt 0.440770 0.843379
vt 0.441113 0.842944
vt 0.441706 0.845419
vt 0.440770 0.847458
vt 0.441113 0.847894
vt 0.437312 0.843379
vt 0.436969 0.842944
vt 0.436824 0.845419
vt 0.441259 0.845419
vt 0.431730 0.846958
vt 0.431384 0.847396
vt 0.430787 0.844902
vt 0.435215 0.842846
vt 0.435561 0.842407
vt 0.436158 0.844902
vt 0.435215 0.846958
vt 0.435561 0.847396
vt 0.431730 0.842846
vt 0.431384 0.842407
vt 0.431238 0.844902
vt 0.435707 0.844902
vt 0.430757 0.848088
vt 0.430419 0.848516
vt 0.429835 0.846077
vt 0.434166 0.844066
vt 0.434504 0.843637
vt 0.435088 0.846077
vt 0.434166 0.848088
vt 0.434504 0.848516
vt 0.430757 0.844066
vt 0.430419 0.843637
vt 0.430276 0.846077
vt 0.434647 0.846077
vt 0.981455 0.694767
vt 0.840458 0.059544
vt 0.898935 0.070434
vt 0.948509 0.101446
vt 0.981633 0.147859
vt 0.993265 0.202607
vt 0.981633 0.257355
vt 0.948509 0.303768
vt 0.840459 0.345670
vt 0.781982 0.334780
vt 0.732408 0.303768
vt 0.699284 0.257355
vt 0.687652 0.202607
vt 0.732408 0.101446
vt 0.845300 0.656659
vt 0.851690 0.674501
vt 0.806323 0.708957
vt 0.915952 0.560327
vt 0.830906 0.710210
vt 0.391814 0.405580
vt 0.391285 0.402921
vt 0.391814 0.400261
vt 0.393321 0.398006
vt 0.395576 0.396499
vt 0.398236 0.395970
vt 0.400896 0.396499
vt 0.404657 0.400261
vt 0.405186 0.402921
vt 0.404657 0.405581
vt 0.400896 0.409342
vt 0.398236 0.409871
vt 0.395576 0.409342
vt 0.463095 0.899652
vt 0.421913 0.874281
vt 0.325823 0.898329
vt 0.379195 0.878077
vt 0.421913 0.899112
vt 0.450454 0.953198
vt 0.345347 0.875062
vt 0.388012 0.920543
vt 0.283184 0.873500
vt 0.401363 0.877864
vt 0.387532 0.899652
vt 0.388012 0.952959
vt 0.320344 0.887523
vt 0.386786 0.873812
vt 0.424268 0.877722
vt 0.327436 0.951714
vt 0.458100 0.849900
vt 0.531957 0.364756
vt 0.265749 0.837345
vt 0.307897 0.426436
vt 0.432577 0.832268
vt 0.217580 0.359834
vt 0.525380 0.870920
vt 0.443292 0.427519
vt 0.616299 0.417995
vt 0.614021 0.505037
vt 0.638524 0.845162
vt 0.780737 0.831861
vt 0.783639 0.836468
vt 0.783346 0.834605
vt 0.783162 0.838293
vt 0.780292 0.840764
vt 0.776418 0.840570
vt 0.774828 0.839444
vt 0.773809 0.837826
vt 0.773993 0.834138
vt 0.775168 0.832630
vt 0.776863 0.831667
vt 0.783019 0.837439
vt 0.782241 0.833340
vt 0.780804 0.831834
vt 0.778926 0.831019
vt 0.775016 0.831834
vt 0.773579 0.833340
vt 0.772801 0.835308
vt 0.773579 0.839407
vt 0.776893 0.841728
vt 0.778926 0.841728
vt 0.780804 0.840913
vt 0.768039 0.895998
vt 0.861863 0.849367
vt 0.850145 0.849581
vt 0.861726 0.849256
vt 0.855260 0.854122
vt 0.802035 0.301763
vt 0.855043 0.853907
vt 0.932197 0.841343
vt 0.624696 0.889387
vt 0.609224 0.887665
vt 0.639637 0.884734
vt 0.595650 0.879838
vt 0.586088 0.867157
vt 0.659082 0.860214
vt 0.583899 0.835671
vt 0.591476 0.821695
vt 0.603515 0.811773
vt 0.646695 0.816579
vt 0.618193 0.807340
vt 0.633330 0.809025
vt 0.651714 0.874462
vt 0.595088 0.978265
vt 0.607710 0.985536
vt 0.635990 0.982818
vt 0.622096 0.987137
vt 0.647227 0.973278
vt 0.654091 0.960036
vt 0.655576 0.945160
vt 0.642587 0.919439
vt 0.630145 0.912405
vt 0.602383 0.914965
vt 0.616049 0.910836
vt 0.591179 0.924203
vt 0.586188 0.966484
vt 0.947636 0.872779
vt 0.965708 0.869739
vt 0.947778 0.872641
vt 0.947146 0.873701
vt 0.966281 0.867996
vt 0.959844 0.867313
vt 0.793269 0.626131
vt 0.765706 0.626146
vt 0.633997 0.886309
vt 0.618303 0.887883
vt 0.590946 0.873588
vt 0.603194 0.883392
vt 0.583356 0.859996
vt 0.581512 0.844660
vt 0.585660 0.829849
vt 0.608721 0.810173
vt 0.624260 0.808293
vt 0.659947 0.835816
vt 0.639475 0.812461
vt 0.652030 0.822114
vt 0.647854 0.878841
vt 0.601818 0.981635
vt 0.616194 0.985882
vt 0.590152 0.972323
vt 0.631113 0.984357
vt 0.644275 0.977237
vt 0.581156 0.944782
vt 0.653617 0.965585
vt 0.585109 0.930670
vt 0.648257 0.923312
vt 0.621868 0.910152
vt 0.636334 0.914127
vt 0.607080 0.911933
vt 0.582917 0.959389
vt 0.940525 0.869357
vt 0.966065 0.868654
vt 0.958415 0.869090
vt 0.787847 0.705326
vt 0.788113 0.671685
vt 0.414255 0.701192
vt 0.411558 0.707088
vt 0.817545 0.574841
vt 0.047960 0.934638
vt -0.000228 0.934654
vt 0.000857 0.948975
vt 0.015835 0.960039
vt 0.015835 0.934648
vt 0.031897 0.976635
vt 0.031897 0.934643
vt 0.047960 0.993232
vt 0.292287 0.781001
vt 0.974036 0.362450
vt 0.777622 0.362450
vn -0.159700 0.000000 0.987200
vn -0.147500 0.382700 0.912000
vn -0.112900 0.707100 0.698000
vn -0.061100 0.923900 0.377800
vn 0.000000 1.000000 0.000000
vn 0.061100 0.923900 -0.377800
vn 0.112900 0.707100 -0.698000
vn 0.147600 0.382700 -0.912000
vn 0.159700 0.000000 -0.987200
vn 0.147600 -0.382700 -0.912000
vn 0.112900 -0.707100 -0.698000
vn 0.061100 -0.923900 -0.377800
vn 0.000000 -1.000000 0.000000
vn -0.061100 -0.923900 0.377800
vn -0.112900 -0.707100 0.698000
vn 0.599700 0.268500 0.753800
vn 0.591200 0.000000 0.806500
vn -0.147600 -0.382700 0.912000
vn -0.987200 0.000000 -0.159700
vn 0.660400 0.648300 0.378900
vn 0.624000 0.496200 0.603600
vn 0.624000 -0.496200 0.603600
vn 0.660400 -0.648300 0.378900
vn 0.803200 -0.595300 -0.020000
vn 0.900400 -0.434900 -0.013900
vn 0.725500 -0.679300 0.110500
vn 0.703200 0.701700 0.113800
vn 0.599700 -0.268500 0.753800
vn 0.703200 -0.701700 0.113800
vn 0.803900 0.594400 -0.019900
vn 0.725800 0.679000 0.110400
vn 0.049100 -0.380800 -0.923300
vn 0.061200 0.000000 -0.998100
vn -0.603400 0.000000 -0.797400
vn 0.006200 0.754300 -0.656500
vn -0.653000 0.492800 -0.575100
vn -0.611800 0.264400 -0.745500
vn -0.109600 0.991300 -0.072500
vn -0.713700 0.690800 -0.115500
vn -0.709500 0.591500 -0.383000
vn -0.244600 -0.380800 0.891700
vn -0.815700 -0.264400 0.514600
vn -0.824100 0.000000 0.566500
vn -0.210100 0.703600 0.678800
vn -0.791700 0.488500 0.366700
vn -0.755900 0.638200 0.145500
vn -0.158600 -0.919300 0.360100
vn -0.755900 -0.638200 0.145500
vn -0.791700 -0.488500 0.366700
vn -0.244600 0.380800 0.891700
vn -0.256700 0.000000 0.966500
vn -0.109400 -0.991400 -0.071900
vn -0.112000 -0.903100 -0.414600
vn -0.709100 -0.592000 -0.382900
vn -0.611800 -0.264400 -0.745500
vn -0.652800 -0.492700 -0.575400
vn 0.049100 0.380800 -0.923300
vn -0.112700 0.902600 -0.415400
vn -0.158600 0.919300 0.360100
vn -0.210100 -0.703600 0.678800
vn -0.815700 0.264400 0.514600
vn -0.713700 -0.690800 -0.115500
vn 0.006300 -0.753700 -0.657200
vn -0.949200 -0.063200 -0.308200
vn -0.949200 0.063200 -0.308200
vn -0.963500 0.152600 -0.219900
vn -0.954900 0.116800 -0.272800
vn -0.983700 0.152600 -0.095100
vn -0.992200 -0.116800 -0.042200
vn -0.998000 -0.063200 -0.006800
vn -0.998000 0.063200 -0.006800
vn -0.992200 0.116800 -0.042200
vn -0.973600 -0.165200 -0.157500
vn -0.954900 -0.116800 -0.272800
vn -0.947200 0.000000 -0.320600
vn -0.973600 0.165200 -0.157500
vn -0.983700 -0.152600 -0.095100
vn -1.000000 0.000000 0.005600
vn -0.963500 -0.152600 -0.219900
vn -0.147500 -0.382700 0.912000
vn -0.147600 0.382700 0.912000
vn 0.910000 0.000000 0.414600
vn 0.952200 0.000000 0.305400
vn 0.954000 0.057200 0.294200
vn 0.968300 -0.243900 0.054300
vn 0.985200 -0.138100 0.101400
vn 0.976100 -0.149400 0.157900
vn 0.991100 -0.101000 -0.086700
vn 0.998100 -0.057200 0.021600
vn 0.993000 -0.105700 0.053600
vn 0.991100 0.101000 -0.086700
vn 0.998100 0.057200 0.021600
vn 0.999900 0.000000 0.010400
vn 0.968300 0.243900 0.054300
vn 0.985200 0.138000 0.101400
vn 0.993000 0.105700 0.053600
vn 0.952100 0.264000 0.154000
vn 0.936000 0.243900 0.253800
vn 0.966900 0.138100 0.214400
vn 0.922300 -0.186700 0.338300
vn 0.959200 -0.105700 0.262200
vn 0.954000 -0.057200 0.294200
vn 0.913200 0.101000 0.394800
vn 0.959200 0.105700 0.262200
vn 0.936000 -0.243900 0.253800
vn 0.952100 -0.264000 0.154000
vn 0.981900 -0.186700 -0.030200
vn 0.994300 0.000000 -0.106500
vn 0.981900 0.186700 -0.030200
vn 0.976100 0.149400 0.157900
vn 0.913200 -0.101000 0.394800
vn 0.922300 0.186700 0.338300
vn 0.966900 -0.138100 0.214400
vn -0.229900 -0.972500 -0.037200
vn -0.229900 0.972500 -0.037200
vn 0.229900 -0.972500 0.037200
vn 0.987200 -0.000000 0.159700
vn 0.229900 0.972500 0.037200
vn -0.154200 -0.260100 0.953200
vn 0.154200 -0.260100 -0.953200
vn -0.985300 -0.060700 -0.159400
vn -0.154200 0.260100 0.953200
vn 0.154200 0.260100 -0.953200
vn -0.985300 0.060700 -0.159400
vn 0.511700 -0.099400 -0.853400
vn -0.236100 -0.971300 -0.028400
vn -0.511700 0.099400 0.853400
vn 0.128600 0.991000 -0.038300
vn 0.839100 -0.155700 0.521200
vn -0.755000 0.037600 -0.654600
vn -0.939400 0.093200 -0.329900
vn -0.922800 -0.299800 0.241800
vn -0.506200 -0.495800 0.705600
vn 0.001900 -0.526600 0.850100
vn -0.988900 0.140100 0.050300
vn -0.521200 -0.678400 -0.517800
vn -0.011100 -0.968200 -0.249900
vn 0.350600 -0.936400 -0.018100
vn -0.096900 0.010000 -0.995200
vn 0.492100 -0.101300 -0.864600
vn 0.809300 -0.188500 -0.556300
vn -0.889400 0.167900 0.425300
vn -0.653000 0.171700 0.737700
vn -0.746800 0.622500 0.233900
vn -0.283500 0.658300 0.697300
vn 0.245100 0.454700 0.856200
vn 0.729900 0.043900 0.682100
vn 0.651400 -0.391800 0.649800
vn 0.796100 -0.504800 0.333800
vn 0.959200 -0.235000 0.157100
vn -0.236400 0.814000 -0.530600
vn 0.328100 0.904100 -0.273800
vn 0.743200 0.668800 -0.020500
vn 0.947600 0.073200 0.310900
vn -0.442300 -0.033800 -0.896200
vn -0.077300 -0.096300 -0.992300
vn 0.310100 -0.145100 -0.939600
vn 0.648900 -0.170400 -0.741600
vn 0.888100 -0.168000 -0.427800
vn 0.989400 -0.137900 -0.045500
vn 0.936400 -0.085600 0.340200
vn 0.739700 -0.019900 0.672600
vn 0.432700 0.048000 0.900300
vn -0.116500 -0.988000 0.101300
vn -0.318000 0.150500 0.936100
vn 0.061900 0.107100 0.992300
vn 0.121900 0.986900 -0.105700
vn -0.078800 -0.972900 0.217300
vn 0.078800 0.972900 -0.217300
vn 0.785900 0.073500 0.614000
vn -0.785900 -0.073500 -0.614000
vn 0.959900 -0.132900 -0.246800
vn 0.785900 0.073400 0.614000
vn -0.821100 0.186900 0.539300
vn 0.193300 0.911000 -0.364300
vn -0.046400 0.996600 -0.067800
vn -0.278800 0.930100 0.239000
vn -0.468600 0.722000 0.509000
vn -0.587000 0.404400 0.701400
vn 0.403400 0.686400 -0.605100
vn 0.551800 0.357400 -0.753500
vn 0.616200 -0.025500 -0.787200
vn 0.587000 -0.404400 -0.701400
vn 0.468600 -0.722000 -0.509000
vn 0.278900 -0.930100 -0.239000
vn 0.046400 -0.996600 0.067800
vn -0.193300 -0.911000 0.364300
vn -0.403400 -0.686400 0.605100
vn -0.785500 -0.068600 -0.615100
vn -0.616200 0.025500 0.787200
vn -0.551800 -0.357400 0.753500
vn 0.785500 0.068600 0.615100
vn 0.201100 0.908600 -0.366100
vn -0.209000 -0.902900 0.375600
vn 0.571000 -0.467200 -0.675000
vn 0.116900 -0.992700 -0.030900
vn -0.127400 0.990900 0.044500
vn -0.276200 -0.846700 0.454800
vn 0.266600 0.855600 -0.443600
vn 0.612500 0.044400 -0.789300
vn -0.055100 0.997300 -0.048700
vn 0.046700 -0.997100 0.059500
vn 0.310800 -0.358000 -0.880500
vn -0.678600 0.565000 -0.469300
vn -0.310800 0.358100 0.880500
vn 0.588100 -0.655300 0.474100
vn 0.706100 0.707100 -0.038300
vn -0.802100 -0.587800 0.105900
vn -0.822200 -0.369900 0.432600
vn -0.922900 0.091000 0.374100
vn -0.613500 0.556800 0.560000
vn -0.036500 0.805800 0.591100
vn -0.713700 -0.094100 0.694100
vn -0.833600 -0.048300 -0.550200
vn -0.415200 0.692900 -0.589500
vn 0.072800 0.908500 -0.411400
vn -0.180400 -0.708600 -0.682100
vn 0.290100 -0.142800 -0.946300
vn 0.653300 0.151100 -0.741900
vn -0.488300 0.198500 0.849800
vn -0.179700 0.451100 0.874200
vn -0.323800 -0.483400 0.813300
vn 0.509400 0.002900 0.860500
vn 0.469600 -0.041300 0.881900
vn 0.804000 0.441500 0.398400
vn 0.541700 0.746600 0.386300
vn 0.433100 0.880900 -0.191100
vn 0.866800 0.457800 -0.198000
vn 0.138600 -0.977600 0.158600
vn 0.525300 -0.850900 -0.007400
vn 0.884900 -0.457500 0.087200
vn 0.926700 0.332500 0.175100
vn -0.642800 -0.722000 -0.255800
vn -0.417500 -0.719800 -0.554700
vn -0.119000 -0.630700 -0.766800
vn 0.193600 -0.446000 -0.873900
vn 0.484400 -0.203200 -0.850900
vn 0.706900 0.066800 -0.704200
vn 0.829100 0.325100 -0.454800
vn 0.831200 0.538100 -0.140100
vn 0.714100 0.671500 0.198000
vn -0.559500 0.703100 -0.438800
vn 0.172700 0.632200 0.755300
vn 0.490300 0.707400 0.509100
vn 0.549000 -0.694300 0.465400
vn -0.475200 0.743200 -0.471000
vn 0.475200 -0.743200 0.471000
vn 0.873000 0.331400 -0.357900
vn -0.873000 -0.331400 0.357900
vn 0.429300 -0.271500 -0.861400
vn -0.157500 0.454900 0.876500
vn 0.436200 -0.845600 0.307500
vn 0.479200 -0.618200 0.623100
vn 0.448900 -0.296300 0.843000
vn 0.350200 0.070000 0.934000
vn 0.198600 0.425000 0.883100
vn 0.326500 -0.943600 -0.054700
vn 0.167300 -0.897500 -0.408000
vn -0.017000 -0.715400 -0.698500
vn -0.198600 -0.425000 -0.883100
vn -0.350200 -0.070000 -0.934000
vn -0.448900 0.296300 -0.843000
vn -0.479200 0.618200 -0.623100
vn -0.436200 0.845700 -0.307500
vn -0.326500 0.943600 0.054700
vn -0.868200 -0.338700 0.362600
vn 0.017000 0.715400 0.698500
vn -0.167300 0.897500 0.408000
vn 0.868200 0.338700 -0.362600
vn 0.443200 -0.845300 0.298400
vn -0.440400 0.850900 -0.286300
vn -0.231000 -0.365500 -0.901700
vn -0.485800 0.524200 -0.699500
vn 0.484900 -0.510600 0.710100
vn -0.231000 -0.365400 -0.901700
vn -0.412600 0.893000 -0.179600
vn 0.417000 -0.887700 0.195300
vn 0.018900 -0.756200 -0.654000
vn 0.487700 -0.600500 0.633600
vn -0.487600 0.610400 -0.624200
vn 0.718600 0.695000 -0.023800
vn 0.718600 -0.695000 -0.023800
vn 0.865800 0.414600 -0.280100
vn 0.148800 -0.381600 -0.912300
vn 0.148800 -0.381500 -0.912300
vn 0.148700 -0.381600 -0.912300
vn -0.079800 -0.392200 -0.916400
vn -0.612800 -0.279600 -0.739100
vn -0.579300 -0.291600 -0.761100
vn -0.081900 0.396400 -0.914400
vn 0.046300 0.406900 -0.912300
vn -0.578700 0.294700 -0.760400
vn 0.866700 -0.413700 -0.278700
vn 0.148700 -0.381700 -0.912200
vn 0.846800 0.494000 -0.197300
vn 0.148600 -0.381700 -0.912200
vn 0.886700 -0.224200 -0.404300
vn 0.145500 0.384400 -0.911600
vn 0.145700 0.384300 -0.911600
vn 0.145600 0.384400 -0.911600
vn 0.145500 0.384500 -0.911600
vn 0.145400 0.384600 -0.911600
vn 0.145500 0.384600 -0.911600
vn 0.893600 -0.000200 -0.448800
vn 0.145300 0.384700 -0.911500
vn 0.145400 0.384600 -0.911500
vn 0.145200 0.384800 -0.911500
vn 0.145200 0.384700 -0.911500
vn 0.087600 -0.380500 -0.920600
vn -0.143700 -0.367400 -0.918900
vn 0.149100 -0.381300 -0.912300
vn 0.145100 0.384900 -0.911500
vn 0.145100 0.384800 -0.911500
vn 0.149000 -0.381400 -0.912300
vn 0.886300 0.224200 -0.405300
vn 0.144900 0.385000 -0.911400
vn 0.145000 0.385000 -0.911400
vn 0.148900 -0.381400 -0.912300
vn 0.083000 0.384400 -0.919400
vn 0.144800 0.385100 -0.911400
vn 0.148900 -0.381500 -0.912300
vn -0.085200 -0.992200 -0.091300
vn 0.047600 -0.402600 -0.914100
vn -0.126800 0.373000 -0.919100
vn -0.037700 -0.936100 -0.349700
vn -0.085100 0.992100 -0.092200
vn -0.613400 0.282100 -0.737600
vn 0.868400 -0.000100 -0.495700
vn 0.860900 0.240200 -0.448400
vn 0.756700 0.289700 -0.586100
vn 0.839100 -0.461500 -0.288000
vn 0.715900 -0.580900 -0.387300
vn 0.774300 -0.365300 -0.516600
vn 0.845700 0.446800 -0.291600
vn 0.883300 0.442000 -0.156300
vn 0.773700 0.366800 -0.516400
vn 0.860700 -0.240500 -0.448700
vn 0.765900 0.000000 -0.642900
vn 0.715500 0.581600 -0.387000
vn 0.756800 -0.289700 -0.586000
vn 0.575800 -0.341600 -0.742800
vn 0.545200 -0.631300 -0.551500
vn 0.861400 -0.239900 -0.447500
vn 0.839700 -0.443500 -0.313400
vn 0.765400 -0.286400 -0.576200
vn 0.645500 -0.325100 -0.691100
vn 0.611000 -0.622400 -0.489100
vn 0.848800 -0.247200 -0.467400
vn 0.822500 -0.474300 -0.313700
vn 0.727400 -0.300600 -0.616800
vn 0.623200 -0.330800 -0.708600
vn 0.586400 -0.639500 -0.497100
vn 0.854100 -0.244200 -0.459200
vn 0.826800 -0.473900 -0.303000
vn 0.543600 0.632100 -0.552200
vn 0.574800 0.342100 -0.743200
vn 0.839900 0.443200 -0.313100
vn 0.861600 0.239900 -0.447300
vn 0.739100 0.529200 -0.416700
vn 0.615100 0.601500 -0.509700
vn 0.644800 0.325500 -0.691500
vn 0.826600 0.456700 -0.328800
vn 0.848900 0.247200 -0.467100
vn 0.699500 0.555300 -0.449600
vn 0.592000 0.612200 -0.524200
vn 0.622300 0.331300 -0.709200
vn 0.832200 0.451100 -0.322300
vn 0.854200 0.244200 -0.458900
vn 0.586200 0.000200 -0.810200
vn 0.869100 0.000000 -0.494500
vn 0.774400 -0.000200 -0.632700
vn 0.655500 0.000200 -0.755200
vn 0.856700 0.000000 -0.515800
vn 0.736700 -0.000200 -0.676100
vn 0.633300 0.000200 -0.773900
vn 0.861900 0.000000 -0.507000
vn 0.515300 0.746100 -0.421600
vn 0.819500 0.527300 -0.224300
vn 0.714300 0.627700 -0.309300
vn 0.587600 0.711000 -0.386200
vn 0.805500 0.543000 -0.237200
vn 0.673600 0.658100 -0.336400
vn 0.564100 0.723300 -0.398300
vn 0.811400 0.536500 -0.231900
vn 0.517200 -0.745300 -0.420800
vn 0.819200 -0.527600 -0.224600
vn 0.745400 -0.533300 -0.399900
vn 0.725900 -0.629900 -0.276200
vn 0.747000 -0.612900 -0.257500
vn 0.702400 -0.572000 -0.423500
vn 0.722000 -0.636600 -0.270700
vn 0.749200 -0.614500 -0.247000
vn 0.765200 0.286200 -0.576700
vn 0.727000 0.300300 -0.617500
vn -0.670300 -0.242400 -0.701300
vn -0.662600 0.000000 -0.748900
vn 0.811400 0.499100 -0.304100
vn -0.670300 0.242400 -0.701300
vn -0.717300 0.462700 -0.521000
vn -0.611200 -0.280200 -0.740200
vn -0.464800 0.265900 -0.844500
vn 0.678500 0.302400 -0.669400
vn -0.717000 -0.462500 -0.521500
vn 0.811300 -0.498900 -0.304800
vn -0.464500 -0.263500 -0.845400
vn 0.823800 0.260400 -0.503400
vn 0.823800 -0.260400 -0.503400
vn 0.832100 0.000000 -0.554600
vn 0.678600 -0.299900 -0.670500
vn -0.611900 0.282700 -0.738700
vn -0.276900 -0.549500 0.788300
vn 0.252000 -0.551400 -0.795300
vn -0.306600 0.192800 0.932100
vn 0.276900 0.549500 -0.788300
vn -0.281300 0.400900 0.871900
vn 0.306600 -0.192800 -0.932100
vn -0.116400 0.902100 0.415400
vn -0.157800 -0.900200 0.405800
vn 0.116400 -0.902100 -0.415400
vn -0.298800 -0.403600 0.864800
vn -0.315200 -0.192500 0.929300
vn 0.157800 0.900200 -0.405800
vn -0.252000 0.551400 0.795300
vn 0.315200 0.192500 -0.929300
vn -0.315100 -0.192500 0.929300
vn -0.262900 -0.550600 0.792300
vn 0.240400 -0.552200 -0.798300
vn -0.292100 0.193200 0.936700
vn 0.262900 0.550600 -0.792300
vn -0.268200 0.401600 0.875700
vn 0.292100 -0.193200 -0.936700
vn -0.111700 0.902300 0.416300
vn -0.149000 -0.900900 0.407600
vn 0.111700 -0.902300 -0.416300
vn -0.284100 -0.404500 0.869300
vn -0.299900 -0.193000 0.934200
vn 0.149000 0.900900 -0.407600
vn -0.240300 0.552200 0.798300
vn 0.299900 0.193000 -0.934200
vn 0.068700 0.000100 -0.997600
vn 0.056800 -0.381000 -0.922800
vn 0.013500 0.753300 -0.657500
vn 0.056400 0.381100 -0.922800
vn 0.014500 -0.752700 -0.658200
vn -0.017500 0.900600 -0.434200
vn -0.016300 -0.899800 -0.435900
vn 0.263300 -0.562700 -0.783600
vn -0.002700 0.562700 -0.826700
vn 0.701400 0.000000 -0.712800
vn -0.440900 0.000000 -0.897600
vn -0.002700 -0.562700 -0.826700
vn 0.263300 0.562700 -0.783600
vn 0.901500 0.432500 -0.013900
vn -0.744900 0.028000 -0.666600
vn -0.937600 0.089500 -0.336100
vn -0.506500 -0.495600 0.705600
vn 0.005300 -0.528200 0.849100
vn -0.989200 0.138600 0.047500
vn -0.018400 -0.965100 -0.261300
vn 0.390000 -0.920600 -0.018400
vn 0.502100 -0.110500 -0.857700
vn 0.811700 -0.193200 -0.551200
vn -0.889500 0.168000 0.424900
vn -0.655900 0.173500 0.734600
vn -0.272200 0.661100 0.699100
vn 0.258000 0.431000 0.864700
vn 0.325000 0.903800 -0.278500
vn 0.749800 0.661600 -0.001200
vn -0.450900 -0.035800 -0.891900
vn -0.073400 -0.098600 -0.992400
vn 0.308400 -0.145600 -0.940100
vn 0.648200 -0.170700 -0.742100
vn 0.888500 -0.168300 -0.426900
vn 0.989300 -0.138500 -0.046700
vn 0.936100 -0.085900 0.341200
vn 0.739400 -0.019500 0.673000
vn 0.429400 0.050200 0.901700
vn -0.132400 -0.989800 0.052900
vn -0.128700 -0.985900 0.106500
vn -0.129200 -0.985700 0.107800
vn -0.128800 -0.985800 0.107500
vn -0.111600 -0.986500 0.120200
vn -0.116200 -0.977800 0.174500
vn -0.100800 -0.990200 0.096900
vn -0.102200 -0.989900 0.097900
vn -0.128500 -0.986200 0.104700
vn -0.128000 -0.986000 0.107100
vn -0.110700 -0.984800 0.134200
vn -0.101100 -0.990100 0.097400
vn -0.118400 -0.987400 0.104600
vn -0.330000 0.156900 0.930800
vn 0.052500 0.112500 0.992300
vn 0.121900 0.988200 -0.092600
vn 0.118000 0.988200 -0.097700
vn 0.108900 0.989000 -0.100500
vn 0.114100 0.987200 -0.111600
vn 0.115300 0.987200 -0.109700
vn 0.121700 0.986900 -0.105700
vn 0.123300 0.986700 -0.105700
vn 0.120300 0.987700 -0.099800
vn 0.114800 0.988300 -0.100600
vn 0.111600 0.988500 -0.102500
vn 0.119600 0.987400 -0.104000
vn 0.120800 0.987200 -0.103800
vn 0.112900 0.988300 -0.102300
vn -0.278900 0.930100 0.239000
vn 0.551800 0.357500 -0.753500
vn 0.278800 -0.930100 -0.239000
vn -0.785500 -0.068500 -0.615100
vn 0.785500 0.068600 0.615000
vn 0.612400 0.044400 -0.789300
vn -0.310800 0.358000 0.880500
vn -0.803200 -0.585900 0.107600
vn -0.822800 -0.370500 0.431100
vn -0.409000 0.813900 0.412700
vn -0.010300 0.822400 0.568800
vn -0.713700 -0.094000 0.694100
vn -0.486500 0.496900 -0.718600
vn 0.079800 0.907700 -0.411900
vn -0.179400 -0.708700 -0.682300
vn 0.206900 -0.447600 -0.869900
vn 0.649600 0.151000 -0.745100
vn -0.487000 0.201400 0.849900
vn -0.169300 0.466200 0.868300
vn 0.037900 -0.159800 0.986400
vn 0.471000 -0.036300 0.881400
vn 0.135700 -0.977700 0.160400
vn 0.794500 -0.585100 0.162700
vn 0.885100 -0.457200 0.087600
vn -0.668600 -0.706200 -0.232900
vn -0.429400 -0.728400 -0.533900
vn -0.134600 -0.632100 -0.763100
vn 0.189200 -0.451900 -0.871700
vn 0.483700 -0.203600 -0.851200
vn 0.707900 0.070900 -0.702700
vn 0.828800 0.331500 -0.450800
vn 0.831600 0.539400 -0.132400
vn 0.712900 0.671200 0.203100
vn -0.629600 0.624200 -0.462700
vn -0.581300 0.671700 -0.459300
vn -0.528800 0.676200 -0.512900
vn -0.522700 0.726900 -0.445400
vn -0.533600 0.714800 -0.452000
vn -0.550700 0.705700 -0.445800
vn -0.559100 0.705900 -0.434900
vn -0.559700 0.706300 -0.433500
vn -0.565800 0.683300 -0.461500
vn -0.547000 0.694200 -0.467800
vn -0.554400 0.698300 -0.452700
vn -0.559600 0.706300 -0.433500
vn -0.537900 0.696700 -0.474600
vn 0.185600 0.644900 0.741400
vn 0.490500 0.707500 0.508700
vn 0.567100 -0.686000 0.455900
vn 0.555700 -0.700500 0.447800
vn 0.555100 -0.706400 0.439100
vn 0.554800 -0.706100 0.440100
vn 0.525800 -0.721000 0.451400
vn 0.516300 -0.735900 0.438100
vn 0.521300 -0.678800 0.517300
vn 0.531500 -0.689400 0.492200
vn 0.559000 -0.693000 0.455200
vn 0.553200 -0.705500 0.443000
vn 0.520900 -0.727700 0.446300
vn 0.540500 -0.693400 0.476500
vn 0.549200 -0.705200 0.448400
vn 0.436200 -0.845700 0.307500
vn 0.479200 -0.618200 0.623000
vn 0.167300 -0.897600 -0.407900
vn 0.847900 -0.492500 -0.196100
vn -0.037400 0.935400 -0.351500
vn 0.811500 -0.536400 -0.231800
vn 0.829000 -0.516200 -0.215200
vn 0.738300 -0.608000 -0.292000
vn 0.315100 0.192500 -0.929300
vn 0.240300 -0.552200 -0.798300
vn -0.240400 0.552200 0.798300
s 1
f 855/1/1 854/2/2 853/3/2
f 854/2/2 857/4/3 856/5/3
f 856/5/3 857/4/3 859/6/4
f 859/6/4 861/7/5 860/8/5
f 860/8/5 861/7/5 863/6/6
f 863/6/6 867/4/7 866/5/7
f 867/4/7 869/2/8 868/3/8
f 869/2/8 871/1/9 870/9/9
f 871/1/9 873/10/10 872/11/10
f 873/10/10 875/12/11 874/13/11
f 875/12/11 877/14/12 876/15/12
f 876/15/12 877/14/12 881/16/13
f 880/17/13 881/16/13 883/14/14
f 883/14/14 885/12/15 884/13/15
f 482/18/16 499/19/17 889/20/17
f 887/10/18 855/1/1 852/9/1
f 885/12/15 887/10/18 886/11/18
s off
f 15/21/19 27/22/19 31/23/19
s 1
f 509/24/20 526/25/21 890/26/21
f 527/27/22 544/28/23 898/29/23
f 936/30/24 896/31/25 895/32/26
f 563/33/27 509/24/20 891/34/20
f 527/27/22 899/35/22 900/36/28
f 482/18/16 888/37/16 890/26/21
f 554/38/29 895/39/26 898/29/23
f 902/40/30 563/33/27 892/41/31
f 572/42/28 900/36/28 889/20/17
f 581/43/32 958/44/33 52/45/34
f 956/46/35 50/47/36 51/48/37
f 586/49/38 48/50/39 49/51/40
f 588/52/41 59/53/42 44/54/43
f 590/55/44 46/56/45 47/57/46
f 592/58/47 57/59/48 58/60/49
f 593/61/50 587/62/51 44/54/43
f 594/49/52 954/63/53 55/51/54
f 581/43/32 53/48/55 54/47/56
f 583/43/57 51/48/37 52/45/34
f 585/63/58 49/51/40 50/47/36
f 586/64/38 589/65/59 47/57/46
f 588/52/41 591/66/60 58/60/49
f 593/61/50 45/67/61 46/56/45
f 594/68/52 56/69/62 57/59/48
f 954/63/53 596/46/63 54/47/56
f 54/70/56 53/71/55 913/72/64
f 52/73/34 51/74/37 911/75/65
f 49/76/40 909/77/66 910/78/67
f 48/79/39 47/80/46 907/81/68
f 58/82/49 918/83/69 919/84/70
f 45/85/61 904/86/71 906/87/72
f 57/88/48 56/89/62 916/90/73
f 55/91/54 54/70/56 914/92/74
f 53/71/55 52/93/34 912/94/75
f 51/74/37 50/95/36 910/78/67
f 48/79/39 908/96/76 909/77/66
f 44/97/43 59/98/42 919/84/70
f 46/99/45 906/87/72 907/81/68
f 58/82/49 57/88/48 917/100/77
f 44/101/43 905/102/78 904/86/71
f 56/89/62 55/91/54 915/103/79
f 70/104/11 930/105/11 931/106/12
f 68/107/9 928/108/9 929/109/10
f 67/110/8 66/111/7 926/112/7
f 65/113/6 64/114/5 924/115/5
f 60/107/1 75/116/80 935/109/80
f 62/111/3 922/112/3 923/117/4
f 73/118/14 933/106/14 934/105/15
f 61/110/81 60/107/1 921/108/1
f 71/118/12 931/106/12 932/119/13
f 70/104/11 69/116/10 929/109/10
f 67/110/8 927/120/8 928/108/9
f 66/111/7 65/113/6 925/117/6
f 63/113/4 923/117/4 924/115/5
f 74/104/15 934/105/15 935/109/80
f 62/111/3 61/110/81 920/120/81
f 73/118/14 72/121/13 932/119/13
f 791/122/82 92/123/83 93/124/84
f 797/125/85 103/126/86 104/127/87
f 803/128/88 101/129/89 102/130/90
f 809/131/91 99/132/92 100/133/93
f 815/134/94 97/135/95 98/136/96
f 816/137/97 821/138/98 95/139/99
f 827/140/100 106/141/101 107/142/102
f 786/143/103 93/124/84 94/144/104
f 831/145/105 792/146/106 104/127/87
f 797/125/85 798/147/107 102/130/90
f 803/128/88 804/148/108 100/133/93
f 809/131/91 810/149/109 98/136/96
f 816/137/97 96/150/110 97/135/95
f 822/151/111 107/142/102 92/123/83
f 828/152/112 94/144/104 95/139/99
f 827/140/100 831/145/105 105/153/113
f 102/154/90 98/155/96 94/156/104
s off
f 117/157/114 109/158/114 108/159/114
f 117/160/1 118/161/1 110/162/1
f 118/163/115 836/164/115 111/165/115
f 116/166/9 840/167/9 838/168/9
f 113/169/116 117/157/116 834/170/116
f 114/171/117 113/172/117 835/173/117
f 113/174/1 114/175/1 118/161/1
f 837/176/118 836/164/118 118/163/118
f 112/177/9 116/166/9 119/178/9
f 129/179/114 121/180/114 120/181/114
f 129/182/1 130/183/1 122/184/1
f 130/185/115 842/186/115 123/187/115
f 131/188/9 128/189/9 846/190/9
f 125/191/116 129/179/116 839/192/116
f 126/193/117 125/194/117 841/195/117
f 126/196/1 130/183/1 129/182/1
f 126/197/118 843/198/118 842/186/118
f 124/199/9 128/189/9 131/188/9
f 141/200/114 133/201/114 132/202/114
f 141/203/1 142/204/1 134/175/1
f 848/205/115 135/206/115 134/207/115
f 140/208/9 851/209/9 850/210/9
f 137/211/116 141/200/116 845/212/116
f 138/213/117 137/214/117 847/215/117
f 137/216/1 138/184/1 142/204/1
f 138/217/118 849/218/118 848/205/118
f 136/219/9 140/208/9 143/220/9
f 148/221/13 149/222/13 145/223/13
f 150/224/119 146/225/119 145/226/119
f 151/227/120 148/228/120 144/229/120
f 145/230/121 146/231/121 147/232/121
f 152/222/5 153/233/5 157/234/5
f 153/235/122 154/236/122 158/237/122
f 159/238/123 155/239/123 152/240/123
f 155/241/124 154/242/124 153/243/124
f 160/244/125 164/245/125 167/246/125
f 165/247/126 164/248/126 160/249/126
f 166/250/127 165/251/127 161/252/127
f 167/253/128 166/254/128 162/255/128
f 160/256/129 163/257/129 162/258/129
f 172/259/130 170/260/130 173/261/130
f 178/262/131 173/261/131 179/263/131
f 183/264/132 182/265/132 176/266/132
f 182/265/133 181/267/133 175/268/133
f 181/267/134 180/269/134 174/270/134
f 184/271/135 179/263/135 185/272/135
f 189/273/136 188/274/136 182/275/136
f 182/275/137 188/274/137 187/276/137
f 187/276/138 186/277/138 180/278/138
f 195/279/139 194/280/139 188/274/139
f 188/274/140 194/280/140 193/281/140
f 187/276/141 193/281/141 192/282/141
f 196/283/142 190/284/142 185/272/142
f 198/285/143 196/286/143 191/287/143
f 200/288/144 177/289/144 176/266/144
f 171/290/145 176/266/145 175/268/145
f 175/268/146 174/270/146 169/291/146
f 169/292/147 174/293/147 168/294/147
f 174/293/148 180/295/148 168/294/148
f 180/295/149 186/296/149 168/294/149
f 186/297/150 192/298/150 168/299/150
f 195/279/151 200/300/151 171/301/151
f 171/301/152 199/302/152 193/281/152
f 199/302/153 169/303/153 192/282/153
f 192/304/154 169/292/154 168/294/154
f 172/259/155 201/305/155 202/306/155
f 203/307/156 204/308/156 202/306/156
f 203/309/157 205/310/157 206/311/157
f 205/310/158 207/312/158 208/313/158
f 209/314/159 210/315/159 208/313/159
f 209/314/160 211/316/160 212/317/160
f 213/318/161 214/319/161 212/317/161
f 213/320/162 215/321/162 216/322/162
f 215/323/163 217/324/163 218/325/163
f 214/326/164 197/327/164 173/328/164
f 219/329/165 198/285/165 197/330/165
f 217/324/166 219/329/166 220/331/166
f 213/332/167 209/333/167 201/334/167
f 223/335/168 230/336/168 228/337/168
f 241/338/169 238/339/169 237/340/169
f 225/341/169 229/342/169 222/343/169
f 240/344/168 239/345/168 244/346/168
f 233/347/169 224/348/169 221/349/169
f 228/350/170 225/351/170 226/352/170
f 238/353/171 239/354/171 240/355/171
f 228/356/172 230/357/172 229/358/172
f 233/359/170 234/360/170 235/361/170
f 232/362/168 231/345/168 236/363/168
f 231/364/171 232/365/171 221/366/171
f 229/367/171 230/368/171 223/369/171
f 241/370/173 242/371/173 243/372/173
f 246/373/168 252/374/168 250/375/168
f 247/376/169 251/377/169 245/378/169
f 250/379/171 247/380/171 248/381/171
f 250/382/174 252/383/174 251/384/174
f 245/385/170 251/386/170 252/387/170
f 254/388/175 253/389/175 255/390/175
f 258/388/176 256/391/176 255/390/176
f 260/392/177 258/388/177 257/389/177
f 262/393/178 260/392/178 259/394/178
f 264/395/179 262/393/179 261/396/179
f 265/392/180 266/394/180 253/389/180
f 267/393/181 268/396/181 266/394/181
f 269/395/182 270/397/182 268/396/182
f 271/398/183 272/399/183 270/400/183
f 273/401/184 274/402/184 272/399/184
f 275/403/185 276/404/185 274/402/185
f 277/405/186 278/406/186 276/404/186
f 277/405/187 279/403/187 280/404/187
f 279/403/188 281/401/188 282/402/188
f 284/407/189 263/408/189 270/409/189
f 283/398/190 264/410/190 263/400/190
f 281/401/191 283/398/191 284/399/191
f 271/411/192 269/412/192 283/413/192
f 292/414/193 286/415/193 288/416/193
f 293/417/194 287/418/194 285/419/194
f 289/420/170 285/421/170 286/422/170
f 287/423/195 288/424/195 286/425/195
f 292/426/170 291/427/170 290/428/170
f 296/429/171 293/430/171 294/431/171
f 288/432/171 287/433/171 293/430/171
f 294/434/196 293/435/196 289/436/196
f 296/437/197 295/438/197 291/439/197
f 297/440/197 298/441/197 302/442/197
f 303/443/196 299/444/196 300/445/196
f 305/446/171 306/447/171 300/448/171
f 297/449/171 300/448/171 299/450/171
f 301/425/170 302/451/170 303/452/170
f 306/453/195 305/454/195 307/455/195
f 304/456/170 308/457/170 307/458/170
f 300/459/194 306/460/194 308/461/194
f 301/462/193 307/463/193 305/464/193
f 314/465/198 310/466/198 309/467/198
f 316/468/199 312/469/199 311/470/199
f 312/471/171 318/472/171 317/473/171
f 309/474/171 310/475/171 311/476/171
f 315/477/173 314/478/173 313/456/173
f 320/479/200 319/480/200 317/481/200
f 316/482/170 313/456/170 319/483/170
f 312/484/201 316/485/201 320/486/201
f 309/467/202 317/487/202 319/488/202
f 321/244/203 324/489/203 328/246/203
f 322/490/204 321/249/204 325/248/204
f 322/252/205 326/251/205 327/250/205
f 323/255/206 327/254/206 328/253/206
f 321/256/207 322/491/207 323/258/207
f 339/262/208 334/261/208 331/260/208
f 340/263/209 334/261/209 339/262/209
f 337/266/210 343/265/210 344/264/210
f 336/268/211 342/267/211 343/265/211
f 335/270/212 341/269/212 342/267/212
f 351/284/213 346/272/213 340/263/213
f 343/275/214 349/274/214 350/273/214
f 343/275/215 342/492/215 348/276/215
f 341/278/216 347/277/216 348/276/216
f 349/274/217 355/280/217 356/279/217
f 349/274/218 348/276/218 354/281/218
f 347/277/219 353/282/219 354/281/219
f 357/283/220 352/493/220 346/272/220
f 359/285/221 358/330/221 352/287/221
f 361/288/222 332/290/222 337/266/222
f 332/290/223 360/494/223 336/268/223
f 330/291/224 335/270/224 336/268/224
f 330/292/225 329/294/225 335/293/225
f 335/293/226 329/294/226 341/295/226
f 341/295/227 329/294/227 347/296/227
f 347/297/228 329/299/228 353/298/228
f 356/279/229 355/280/229 332/301/229
f 354/281/230 360/302/230 332/301/230
f 353/282/231 330/303/231 360/302/231
f 353/304/232 329/294/232 330/292/232
f 333/259/233 331/260/233 363/306/233
f 363/306/234 365/308/234 364/307/234
f 364/309/235 365/495/235 367/311/235
f 367/311/236 369/313/236 368/312/236
f 368/312/237 369/313/237 371/315/237
f 371/315/238 373/317/238 372/316/238
f 373/317/239 375/319/239 374/318/239
f 374/320/240 375/496/240 377/322/240
f 376/323/241 377/497/241 379/325/241
f 375/326/242 371/498/242 363/499/242
f 380/329/243 381/331/243 358/330/243
f 378/324/244 379/325/244 381/331/244
f 374/332/245 359/500/245 339/501/245
f 389/337/246 391/336/246 384/335/246
f 402/338/247 403/502/247 398/340/247
f 386/341/247 387/503/247 383/343/247
f 405/346/246 400/345/246 401/344/246
f 394/347/247 395/504/247 382/349/247
f 388/505/248 387/352/248 386/351/248
f 399/353/249 398/506/249 401/355/249
f 386/507/250 390/358/250 391/357/250
f 396/361/248 395/360/248 394/359/248
f 397/363/246 392/345/246 393/362/246
f 382/366/249 393/365/249 392/364/249
f 384/369/249 391/368/249 390/367/249
f 404/372/248 403/371/248 402/370/248
f 411/375/246 413/374/246 407/373/246
f 408/376/247 409/508/247 406/378/247
f 411/379/249 410/509/249 409/381/249
f 408/510/251 412/384/251 413/383/251
f 407/511/248 413/387/248 412/386/248
f 416/512/252 414/513/252 415/514/252
f 419/514/253 418/513/253 416/512/253
f 421/515/254 420/516/254 418/513/254
f 423/517/255 422/518/255 420/516/255
f 425/519/256 424/520/256 422/518/256
f 414/513/257 427/516/257 426/515/257
f 427/516/258 429/518/258 428/517/258
f 429/518/259 431/520/259 430/519/259
f 431/520/260 433/521/260 432/522/260
f 433/521/261 435/523/261 434/524/261
f 435/523/262 437/525/262 436/526/262
f 437/525/263 439/512/263 438/527/263
f 438/527/264 439/512/264 441/525/264
f 440/526/265 441/525/265 443/523/265
f 433/528/266 431/529/266 445/530/266
f 444/522/267 445/521/267 424/520/267
f 442/524/268 443/523/268 445/521/268
f 444/531/269 432/532/269 434/533/269
f 457/437/270 449/416/270 447/415/270
f 454/417/271 450/534/271 446/419/271
f 450/420/248 453/426/248 447/422/248
f 447/425/272 449/424/272 448/423/272
f 451/428/248 452/427/248 453/426/248
f 457/429/249 456/535/249 455/431/249
f 454/430/249 448/433/249 449/432/249
f 450/436/273 454/435/273 455/434/273
f 453/414/274 452/439/274 456/438/274
f 463/442/274 459/441/274 458/440/274
f 465/536/273 461/445/273 460/444/273
f 461/448/249 467/447/249 466/446/249
f 458/449/249 459/537/249 460/450/249
f 464/452/248 463/451/248 462/425/248
f 468/455/275 466/454/275 467/453/275
f 465/456/248 462/425/248 468/458/248
f 465/538/271 469/461/271 467/460/271
f 462/462/270 458/440/270 466/464/270
f 474/539/276 470/540/276 471/541/276
f 472/542/277 473/543/277 477/544/277
f 478/473/249 479/472/249 473/471/249
f 470/474/249 473/471/249 472/476/249
f 474/456/248 475/478/248 476/477/248
f 481/479/278 479/545/278 478/481/278
f 477/482/248 481/546/248 480/483/248
f 473/547/279 479/548/279 481/549/279
f 480/550/280 478/551/280 470/540/280
s 1
f 32/552/28 580/553/28 491/554/17
f 491/554/17 580/553/28 579/555/28
f 579/555/28 578/556/28 493/557/17
f 578/556/28 577/558/28 494/559/17
f 577/558/28 576/560/28 495/561/17
f 576/560/28 575/562/28 496/563/17
f 575/562/28 574/564/28 497/565/17
f 574/564/28 573/566/28 498/567/17
f 573/566/28 572/42/28 499/19/17
f 10/568/27 571/569/27 944/570/281
f 571/569/27 570/571/27 945/572/281
f 570/571/27 569/573/27 946/574/281
f 569/573/27 568/575/27 947/576/281
f 568/575/27 567/577/27 948/578/281
f 567/577/27 566/579/27 949/580/281
f 566/579/27 565/581/27 950/582/281
f 565/581/27 564/583/27 951/584/281
f 564/583/27 563/33/27 902/40/30
f 26/585/29 562/586/29 536/587/23
f 562/586/29 561/588/29 537/589/23
f 561/588/29 560/590/29 538/591/23
f 560/590/29 559/592/29 539/593/23
f 559/592/29 558/594/29 540/595/23
f 558/594/29 557/596/29 541/597/23
f 557/596/29 556/598/29 542/599/23
f 556/598/29 555/600/29 543/601/23
f 555/600/29 554/38/29 544/28/23
f 4/602/16 490/603/16 518/604/21
f 490/603/16 489/605/16 519/606/21
f 489/605/16 488/607/16 520/608/21
f 488/607/16 487/609/16 521/610/21
f 487/609/16 486/611/16 522/612/21
f 486/611/16 485/613/16 523/614/21
f 485/613/16 484/615/16 524/616/21
f 484/615/16 483/617/16 525/618/21
f 483/617/16 482/18/16 526/25/21
f 30/619/22 535/620/22 580/553/28
f 580/553/28 535/620/22 534/621/22
f 534/621/22 533/622/22 578/556/28
f 533/622/22 532/623/22 577/558/28
f 532/623/22 531/624/22 576/560/28
f 531/624/22 530/625/22 575/562/28
f 530/625/22 529/626/22 574/564/28
f 529/626/22 528/627/22 573/566/28
f 528/627/22 527/27/22 572/42/28
f 8/628/20 517/629/20 571/569/27
f 517/629/20 516/630/20 570/571/27
f 516/630/20 515/631/20 569/573/27
f 515/631/20 514/632/20 568/575/27
f 514/632/20 513/633/20 567/577/27
f 513/633/20 512/634/20 566/579/27
f 512/634/20 511/635/20 565/581/27
f 511/635/20 510/636/20 564/583/27
f 564/583/27 510/636/20 509/24/20
f 878/637/282 901/638/282 562/639/29
f 901/638/282 943/640/282 561/641/29
f 561/641/29 943/640/282 942/642/282
f 560/643/29 942/642/282 941/644/282
f 559/645/29 941/644/282 940/646/282
f 558/647/29 940/646/282 939/648/282
f 557/649/29 939/648/282 938/650/282
f 556/651/29 938/650/282 937/652/282
f 555/653/29 937/652/282 936/30/24
f 16/654/117 14/655/117 597/655/283
f 548/656/284 976/656/285 975/657/286
f 894/658/287 903/659/288 963/660/289
f 547/657/286 975/657/286 974/661/286
f 897/662/290 964/663/291 981/664/292
f 879/665/117 22/666/117 602/666/293
f 546/661/294 974/661/286 973/667/294
f 14/655/117 865/668/117 952/668/295
f 545/667/296 973/667/294 598/668/296
f 22/666/117 20/669/117 601/669/297
f 30/619/22 28/670/23 536/587/23
f 536/587/23 537/589/23 534/621/22
f 537/589/23 538/591/23 533/622/22
f 538/591/23 539/593/23 532/623/22
f 539/593/23 540/595/23 531/624/22
f 540/595/23 541/597/23 530/625/22
f 541/597/23 542/599/23 529/626/22
f 542/599/23 543/601/23 528/627/22
f 543/601/23 544/28/23 527/27/22
f 8/628/20 6/671/21 518/604/21
f 517/629/20 518/604/21 519/606/21
f 519/606/21 520/608/21 515/631/20
f 515/631/20 520/608/21 521/610/21
f 514/632/20 521/610/21 522/612/21
f 522/612/21 523/614/21 512/634/20
f 512/634/20 523/614/21 524/616/21
f 511/635/20 524/616/21 525/618/21
f 525/618/21 526/25/21 509/24/20
f 507/672/298 508/673/299 960/673/300
f 508/673/299 24/665/299 603/665/299
f 506/674/301 507/672/298 972/672/298
f 955/675/19 982/675/19 986/676/19
f 505/677/302 506/674/301 971/674/303
f 582/678/19 985/678/19 984/679/19
f 20/669/117 18/680/117 600/680/304
f 504/681/305 505/677/302 970/677/306
f 903/682/288 584/683/19 983/683/19
f 503/684/307 504/681/305 969/681/308
f 553/685/309 961/685/310 980/686/311
f 502/687/312 503/684/307 968/684/313
f 552/686/311 980/686/311 979/688/314
f 18/680/117 16/654/117 599/654/315
f 501/689/316 502/687/312 967/687/317
f 551/688/314 979/688/314 978/690/318
f 959/676/19 986/676/19 985/678/19
f 500/691/319 501/689/316 966/689/320
f 4/602/16 2/692/17 491/554/17
f 491/554/17 492/693/17 489/605/16
f 489/605/16 492/693/17 493/557/17
f 493/557/17 494/559/17 487/609/16
f 494/559/17 495/561/17 486/611/16
f 486/611/16 495/561/17 496/563/17
f 496/563/17 497/565/17 484/615/16
f 484/615/16 497/565/17 498/567/17
f 498/567/17 499/19/17 482/18/16
f 550/690/321 978/690/318 977/694/321
f 40/695/322 594/696/52 592/697/47
f 34/698/50 593/699/50 590/700/44
f 42/701/60 591/702/60 588/703/41
f 36/704/59 589/705/59 586/706/38
f 894/707/287 962/707/323 961/685/310
f 957/679/19 984/679/19 983/683/19
f 897/708/290 500/691/319 965/691/324
f 40/709/322 39/710/325 954/63/53
f 33/711/51 587/712/51 593/699/50
f 42/701/60 41/713/47 592/697/47
f 35/714/44 590/700/44 589/705/59
f 43/715/41 588/703/41 587/712/51
f 37/709/326 586/49/38 585/63/58
f 549/694/285 977/694/321 976/656/285
f 595/716/327 981/716/292 982/675/19
f 622/717/328 612/718/329 606/719/330
f 614/720/331 609/721/332 610/722/333
f 654/723/334 616/724/335 605/725/336
f 670/726/337 622/717/328 607/727/338
f 612/718/329 654/723/334 604/728/339
f 614/720/331 670/726/337 608/729/340
f 601/730/297 617/731/341 646/732/342
f 617/733/341 677/734/343 647/735/344
f 647/735/344 677/734/343 676/736/345
f 676/737/345 675/738/346 649/739/347
f 649/740/347 675/741/346 674/742/348
f 650/743/349 674/742/348 673/744/350
f 673/745/350 672/746/351 652/747/352
f 672/748/351 671/749/353 653/750/354
f 653/750/354 671/749/353 670/751/337
f 597/752/283 615/753/355 630/754/356
f 615/755/355 661/756/357 631/757/358
f 631/757/358 661/756/357 660/758/359
f 660/759/359 659/760/360 633/761/361
f 633/762/361 659/763/360 658/764/362
f 634/765/363 658/764/362 657/766/364
f 657/767/364 656/768/365 636/769/366
f 656/770/365 655/771/367 637/772/368
f 637/772/368 655/771/367 654/773/334
f 600/774/304 611/727/369 617/731/341
f 617/733/341 611/775/369 629/776/370
f 677/734/343 629/776/370 628/777/371
f 628/717/371 627/727/372 675/738/346
f 627/778/372 626/779/373 674/742/348
f 674/742/348 626/779/373 625/780/374
f 625/717/374 624/727/375 672/746/351
f 624/781/375 623/782/376 671/749/353
f 671/749/353 623/782/376 622/783/328
f 952/784/295 662/785/377 615/753/355
f 662/786/377 663/787/378 661/756/357
f 661/756/357 663/787/378 664/788/379
f 664/789/379 665/790/380 659/760/360
f 659/763/360 665/791/380 666/792/381
f 658/764/362 666/792/381 667/793/382
f 667/794/382 668/795/383 656/768/365
f 668/796/383 669/797/384 655/771/367
f 655/771/367 669/797/384 616/798/335
f 602/799/293 646/732/342 613/800/385
f 646/801/342 647/735/344 645/802/386
f 645/802/386 647/735/344 648/803/387
f 648/804/387 649/739/347 643/805/388
f 643/806/388 649/740/347 650/743/349
f 642/807/389 650/743/349 651/808/390
f 651/809/390 652/747/352 640/810/391
f 640/811/391 652/812/352 653/750/354
f 639/813/392 653/750/354 614/814/331
f 599/815/315 630/754/356 611/727/369
f 630/816/356 631/757/358 629/776/370
f 629/776/370 631/757/358 632/817/393
f 632/818/393 633/761/361 627/727/372
f 633/762/361 634/765/363 626/779/373
f 626/779/373 634/765/363 635/819/394
f 635/820/394 636/769/366 624/727/375
f 636/821/366 637/772/368 623/782/376
f 623/782/376 637/772/368 612/822/329
f 618/823/19 688/823/395 692/824/396
f 606/825/330 604/826/339 681/826/397
f 619/827/19 689/827/398 693/828/399
f 605/829/336 620/830/400 690/831/401
f 605/832/336 682/832/402 681/826/397
f 621/833/19 691/833/403 688/823/395
f 686/834/404 691/835/403 694/836/405
f 681/837/397 682/838/402 690/831/401
f 683/839/406 689/840/398 692/841/396
f 685/842/407 688/843/395 691/835/403
f 681/837/397 693/844/399 689/840/398
f 685/842/407 684/845/408 692/841/396
f 607/846/338 606/825/330 683/825/406
f 610/847/333 687/848/409 694/836/405
f 608/849/340 607/846/338 684/846/408
f 680/850/410 694/850/405 691/833/403
f 609/851/332 608/849/340 685/849/407
f 620/852/400 679/828/19 693/828/399
f 610/853/333 609/851/332 686/851/404
f 678/824/19 692/824/396 689/827/398
s off
f 706/824/117 702/823/117 695/823/117
f 707/828/117 703/827/117 696/827/117
f 702/823/117 705/833/117 698/833/117
f 705/833/117 708/850/117 701/850/117
f 697/852/117 704/852/117 707/828/117
f 703/827/117 706/824/117 699/824/117
f 712/823/19 711/823/19 722/824/19
f 717/827/19 721/827/19 720/828/19
f 713/833/19 714/833/19 711/823/19
f 715/850/19 719/850/19 714/833/19
f 709/852/19 716/828/19 720/828/19
f 718/824/19 722/824/19 721/827/19
f 703/827/411 707/828/411 720/828/411
f 695/823/412 698/833/412 713/833/412
f 706/824/413 722/824/413 711/823/413
f 696/827/414 717/827/414 716/828/414
f 697/852/415 709/852/415 710/852/415
f 699/824/416 695/823/416 712/823/416
f 705/833/417 714/833/417 719/850/417
f 707/828/418 704/852/418 710/852/418
f 698/833/419 701/850/419 715/850/419
f 701/850/420 708/850/420 719/850/420
f 706/824/421 703/827/421 721/827/421
f 700/828/422 716/828/422 709/852/422
f 702/823/423 711/823/423 714/833/423
f 699/824/424 718/824/424 717/827/424
f 734/824/117 730/823/117 723/823/117
f 735/828/117 731/827/117 724/827/117
f 730/823/117 733/833/117 726/833/117
f 733/833/117 736/850/117 729/850/117
f 725/852/117 732/852/117 735/828/117
f 731/827/117 734/824/117 727/824/117
f 740/823/19 739/823/19 750/824/19
f 745/827/19 749/827/19 748/828/19
f 741/833/19 742/833/19 739/823/19
f 743/850/19 747/850/19 742/833/19
f 737/852/19 744/828/19 748/828/19
f 746/824/19 750/824/19 749/827/19
f 731/827/411 735/828/411 748/828/411
f 723/823/412 726/833/412 741/833/412
f 734/824/413 750/824/413 739/823/413
f 724/827/414 745/827/414 744/828/414
f 725/852/415 737/852/415 738/852/415
f 727/824/416 723/823/416 740/823/416
f 733/833/417 742/833/417 747/850/417
f 735/828/418 732/852/418 738/852/418
f 726/833/419 729/850/419 743/850/419
f 729/850/420 736/850/420 747/850/420
f 734/824/425 731/827/425 749/827/425
f 728/828/422 744/828/422 737/852/422
f 730/823/423 739/823/423 742/833/423
f 727/824/424 746/824/424 745/827/424
f 762/824/117 758/823/117 751/823/117
f 763/828/117 759/827/117 752/827/117
f 758/823/117 761/833/117 754/833/117
f 761/833/117 764/850/117 757/850/117
f 753/852/117 760/852/117 763/828/117
f 759/827/117 762/824/117 755/824/117
f 768/823/19 767/823/19 778/824/19
f 773/827/19 777/827/19 776/828/19
f 769/833/19 770/833/19 767/823/19
f 771/850/19 775/850/19 770/833/19
f 765/852/19 772/828/19 776/828/19
f 774/824/19 778/824/19 777/827/19
f 759/827/426 763/828/426 776/828/426
f 751/823/427 754/833/427 769/833/427
f 762/824/428 778/824/428 767/823/428
f 752/827/429 773/827/429 772/828/429
f 753/852/430 765/852/430 766/852/430
f 755/824/431 751/823/431 768/823/431
f 761/833/432 770/833/432 775/850/432
f 763/828/433 760/852/433 766/852/433
f 754/833/434 757/850/434 771/850/434
f 757/850/435 764/850/435 775/850/435
f 762/824/436 759/827/436 777/827/436
f 756/828/437 772/828/437 765/852/437
f 758/823/438 767/823/438 770/833/438
f 755/824/439 774/824/439 773/827/439
s 1
f 607/854/338 782/855/440 783/856/441
f 604/857/339 779/858/442 781/859/443
f 608/860/340 783/856/441 784/861/444
f 606/862/330 781/859/443 782/855/440
f 780/863/445 779/858/442 604/857/339
f 609/864/332 784/861/444 785/865/446
f 89/866/105 833/867/105 825/868/100
f 825/869/100 833/870/105 832/871/105
f 826/872/100 832/873/105 831/874/105
f 79/875/98 78/876/112 830/877/112
f 819/878/98 830/879/112 829/880/112
f 820/881/98 829/882/112 828/883/112
f 91/884/111 824/885/111 789/886/82
f 824/887/111 823/888/111 790/889/82
f 823/890/111 822/891/111 791/892/82
f 80/893/97 818/894/97 813/895/94
f 818/896/97 817/897/97 814/898/94
f 817/899/97 816/900/97 815/901/94
f 82/902/109 812/903/109 807/904/91
f 812/905/109 811/906/109 808/907/91
f 808/908/91 811/909/109 810/910/109
f 84/911/108 806/912/108 801/913/88
f 801/914/88 806/915/108 805/916/108
f 805/917/108 804/918/108 803/919/88
f 86/920/107 800/921/107 795/922/85
f 795/923/85 800/924/107 799/925/107
f 799/926/107 798/927/107 797/928/85
f 89/866/105 88/929/106 794/930/106
f 833/870/105 794/931/106 793/932/106
f 832/873/105 793/933/106 792/934/106
f 77/935/103 788/936/103 830/877/112
f 788/937/103 787/938/103 829/880/112
f 829/882/112 787/939/103 786/940/103
f 90/941/100 825/868/100 824/885/111
f 825/869/100 826/942/100 823/888/111
f 826/872/100 827/943/100 822/891/111
f 79/875/98 819/944/98 818/894/97
f 819/878/98 820/945/98 817/897/97
f 820/881/98 821/946/98 816/900/97
f 82/902/109 81/947/94 813/895/94
f 812/905/109 813/948/94 814/898/94
f 814/949/94 815/901/94 810/910/109
f 83/950/91 807/904/91 806/912/108
f 807/951/91 808/907/91 805/916/108
f 808/908/91 809/952/91 804/918/108
f 85/953/88 801/913/88 800/921/107
f 801/914/88 802/954/88 799/925/107
f 802/955/88 803/919/88 798/927/107
f 87/956/85 795/922/85 794/930/106
f 795/923/85 796/957/85 793/932/106
f 796/958/85 797/928/85 792/934/106
f 76/959/82 789/886/82 788/936/103
f 789/960/82 790/889/82 787/938/103
f 790/961/82 791/892/82 786/940/103
s off
f 112/962/447 835/963/447 834/964/447
f 838/965/448 111/966/448 836/967/448
f 115/968/449 837/969/449 835/963/449
f 838/965/450 840/970/450 108/971/450
f 840/970/451 116/972/451 834/964/451
f 115/968/452 119/973/452 836/967/452
f 124/974/447 841/975/447 839/976/447
f 844/977/448 123/978/448 842/979/448
f 127/980/449 843/981/449 841/975/449
f 844/977/450 846/982/450 120/983/450
f 846/982/451 128/984/451 839/976/451
f 127/980/452 131/985/452 842/979/452
f 136/986/447 847/987/447 845/988/447
f 850/989/448 135/990/448 848/991/448
f 139/992/449 849/993/449 847/987/449
f 851/994/450 132/995/450 135/990/450
f 851/994/451 140/996/451 845/988/451
f 139/992/452 143/997/452 848/991/452
s 1
f 852/9/1 855/1/1 853/3/2
f 853/3/2 854/2/2 856/5/3
f 858/998/4 856/5/3 859/6/4
f 858/998/4 859/6/4 860/8/5
f 862/998/6 860/8/5 863/6/6
f 862/998/6 863/6/6 866/5/7
f 866/5/7 867/4/7 868/3/8
f 868/3/8 869/2/8 870/9/9
f 870/9/9 871/1/9 872/11/10
f 872/11/10 873/10/10 874/13/11
f 874/13/11 875/12/11 876/15/12
f 880/17/13 876/15/12 881/16/13
f 882/15/14 880/17/13 883/14/14
f 882/15/14 883/14/14 884/13/15
f 888/37/16 482/18/16 889/20/17
f 886/11/18 887/10/18 852/9/1
f 884/13/15 885/12/15 886/11/18
s off
f 31/23/19 1/999/19 3/1000/19
f 3/1000/19 5/1001/19 7/1002/19
f 7/1002/19 9/1003/19 11/1004/19
f 11/1004/19 13/1005/19 7/1002/19
f 15/21/19 17/1006/19 19/1007/19
f 19/1007/19 21/1008/19 15/21/19
f 23/1009/19 25/1010/19 27/22/19
f 27/22/19 29/1011/19 31/23/19
f 31/23/19 3/1000/19 7/1002/19
f 7/1002/19 13/1005/19 15/21/19
f 15/21/19 21/1008/19 23/1009/19
f 23/1009/19 27/22/19 15/21/19
f 31/23/19 7/1002/19 15/21/19
s 1
f 891/34/20 509/24/20 890/26/21
f 899/35/22 527/27/22 898/29/23
f 554/1012/29 936/30/24 895/32/26
f 892/41/31 563/33/27 891/34/20
f 572/42/28 527/27/22 900/36/28
f 526/25/21 482/18/16 890/26/21
f 544/28/23 554/38/29 898/29/23
f 893/1013/453 902/40/30 892/41/31
f 499/19/17 572/42/28 889/20/17
f 53/48/55 581/43/32 52/45/34
f 583/43/57 956/46/35 51/48/37
f 585/63/58 586/49/38 49/51/40
f 587/62/51 588/52/41 44/54/43
f 589/65/59 590/55/44 47/57/46
f 591/66/60 592/58/47 58/60/49
f 45/67/61 593/61/50 44/54/43
f 56/50/62 594/49/52 55/51/54
f 596/46/63 581/43/32 54/47/56
f 958/44/33 583/43/57 52/45/34
f 956/46/35 585/63/58 50/47/36
f 48/1014/39 586/64/38 47/57/46
f 59/53/42 588/52/41 58/60/49
f 590/55/44 593/61/50 46/56/45
f 592/58/47 594/68/52 57/59/48
f 55/51/54 954/63/53 54/47/56
f 914/92/74 54/70/56 913/72/64
f 912/1015/75 52/73/34 911/75/65
f 50/95/36 49/76/40 910/78/67
f 908/96/76 48/79/39 907/81/68
f 59/98/42 58/82/49 919/84/70
f 46/99/45 45/85/61 906/87/72
f 917/100/77 57/88/48 916/90/73
f 915/103/79 55/91/54 914/92/74
f 913/72/64 53/71/55 912/94/75
f 911/75/65 51/74/37 910/78/67
f 49/76/40 48/79/39 909/77/66
f 905/1016/78 44/97/43 919/84/70
f 47/80/46 46/99/45 907/81/68
f 918/83/69 58/82/49 917/100/77
f 45/85/61 44/101/43 904/86/71
f 916/90/73 56/89/62 915/103/79
f 71/118/12 70/104/11 931/106/12
f 69/116/10 68/107/9 929/109/10
f 927/120/8 67/110/8 926/112/7
f 925/117/6 65/113/6 924/115/5
f 921/108/1 60/107/1 935/109/80
f 63/113/4 62/111/3 923/117/4
f 74/104/15 73/118/14 934/105/15
f 920/120/81 61/110/81 921/108/1
f 72/121/13 71/118/12 932/119/13
f 930/105/11 70/104/11 929/109/10
f 68/107/9 67/110/8 928/108/9
f 926/112/7 66/111/7 925/117/6
f 64/114/5 63/113/4 924/115/5
f 75/116/80 74/104/15 935/109/80
f 922/112/3 62/111/3 920/120/81
f 933/106/14 73/118/14 932/119/13
f 786/143/103 791/122/82 93/124/84
f 792/146/106 797/125/85 104/127/87
f 798/147/107 803/128/88 102/130/90
f 804/148/108 809/131/91 100/133/93
f 810/149/109 815/134/94 98/136/96
f 96/150/110 816/137/97 95/139/99
f 822/151/111 827/140/100 107/142/102
f 828/152/112 786/143/103 94/144/104
f 105/153/113 831/145/105 104/127/87
f 103/126/86 797/125/85 102/130/90
f 101/129/89 803/128/88 100/133/93
f 99/132/92 809/131/91 98/136/96
f 815/134/94 816/137/97 97/135/95
f 791/122/82 822/151/111 92/123/83
f 821/138/98 828/152/112 95/139/99
f 106/141/101 827/140/100 105/153/113
f 94/156/104 93/1017/84 92/1018/83
f 92/1018/83 107/1019/102 94/156/104
f 106/1020/101 105/1021/113 104/1022/87
f 104/1022/87 103/1023/86 106/1020/101
f 102/154/90 101/1024/89 98/155/96
f 100/1025/93 99/1026/92 98/155/96
f 98/155/96 97/1027/95 96/1028/110
f 96/1028/110 95/1029/99 94/156/104
f 94/156/104 107/1019/102 106/1020/101
f 106/1020/101 103/1023/86 102/154/90
f 101/1024/89 100/1025/93 98/155/96
f 98/155/96 96/1028/110 94/156/104
f 94/156/104 106/1020/101 102/154/90
s off
f 834/170/114 117/157/114 108/159/114
f 109/1030/1 117/160/1 110/162/1
f 110/1031/115 118/163/115 111/165/115
f 119/178/9 116/166/9 838/168/9
f 835/1032/116 113/169/116 834/170/116
f 837/1033/117 114/171/117 835/173/117
f 117/160/1 113/174/1 118/161/1
f 114/1034/118 837/176/118 118/163/118
f 115/1035/9 112/177/9 119/178/9
f 839/192/114 129/179/114 120/181/114
f 121/216/1 129/182/1 122/184/1
f 122/1036/115 130/185/115 123/187/115
f 844/1037/9 131/188/9 846/190/9
f 841/1038/116 125/191/116 839/192/116
f 843/1039/117 126/193/117 841/195/117
f 125/1040/1 126/196/1 129/182/1
f 130/185/118 126/197/118 842/186/118
f 127/1041/9 124/199/9 131/188/9
f 845/212/114 141/200/114 132/202/114
f 133/174/1 141/203/1 134/175/1
f 142/1042/115 848/205/115 134/207/115
f 143/220/9 140/208/9 850/210/9
f 847/1043/116 137/211/116 845/212/116
f 849/1044/117 138/213/117 847/215/117
f 141/203/1 137/216/1 142/204/1
f 142/1042/118 138/217/118 848/205/118
f 139/1045/9 136/219/9 143/220/9
f 144/1046/13 148/221/13 145/223/13
f 149/1047/119 150/224/119 145/226/119
f 147/1048/120 151/227/120 144/229/120
f 144/1049/121 145/230/121 147/232/121
f 156/1050/5 152/222/5 157/234/5
f 157/1051/122 153/235/122 158/237/122
f 156/1052/123 159/238/123 152/240/123
f 152/1053/124 155/241/124 153/243/124
f 163/489/125 160/244/125 167/246/125
f 161/490/126 165/247/126 160/249/126
f 162/1054/127 166/250/127 161/252/127
f 163/1055/128 167/253/128 162/255/128
f 161/491/129 160/256/129 162/258/129
f 178/262/454 172/259/454 173/261/454
f 184/271/455 178/262/455 179/263/455
f 177/289/132 183/264/132 176/266/132
f 176/266/456 182/265/456 175/268/456
f 175/268/457 181/267/457 174/270/457
f 190/284/458 184/271/458 185/272/458
f 183/1056/136 189/273/136 182/275/136
f 181/492/459 182/275/459 187/276/459
f 181/492/460 187/276/460 180/278/460
f 189/273/139 195/279/139 188/274/139
f 187/276/461 188/274/461 193/281/461
f 186/277/462 187/276/462 192/282/462
f 191/493/463 196/283/463 185/272/463
f 197/330/464 198/285/464 191/287/464
f 171/290/144 200/288/144 176/266/144
f 199/494/465 171/290/465 175/268/465
f 199/494/466 175/268/466 169/291/466
f 194/280/151 195/279/151 171/301/151
f 194/280/467 171/301/467 193/281/467
f 193/281/468 199/302/468 192/282/468
f 170/260/469 172/259/469 202/306/469
f 201/305/470 203/307/470 202/306/470
f 204/495/471 203/309/471 206/311/471
f 206/311/472 205/310/472 208/313/472
f 207/312/473 209/314/473 208/313/473
f 210/315/474 209/314/474 212/317/474
f 211/316/475 213/318/475 212/317/475
f 214/496/476 213/320/476 216/322/476
f 216/497/477 215/323/477 218/325/477
f 173/328/478 170/1057/478 206/1058/478
f 202/499/479 204/1059/479 206/1058/479
f 206/1058/480 208/1060/480 210/498/480
f 210/498/481 212/1061/481 206/1058/481
f 214/326/482 216/1062/482 197/327/482
f 218/1063/483 220/1064/483 197/327/483
f 197/327/484 191/1065/484 185/1066/484
f 185/1066/485 179/1067/485 197/327/485
f 170/1057/486 202/499/486 206/1058/486
f 206/1058/487 212/1061/487 214/326/487
f 216/1062/488 218/1063/488 197/327/488
f 197/327/489 179/1067/489 173/328/489
f 173/328/490 206/1058/490 214/326/490
f 220/331/491 219/329/491 197/330/491
f 218/325/492 217/324/492 220/331/492
f 201/334/493 172/1068/493 178/501/493
f 178/501/494 184/1069/494 201/334/494
f 190/1070/495 196/1071/495 198/500/495
f 198/500/496 219/1072/496 217/1073/496
f 217/1073/497 215/1074/497 213/332/497
f 213/332/498 211/1075/498 209/333/498
f 209/333/499 207/1076/499 205/1077/499
f 205/1077/500 203/1078/500 201/334/500
f 201/334/501 184/1069/501 190/1070/501
f 190/1070/502 198/500/502 201/334/502
f 217/1073/503 213/332/503 201/334/503
f 209/333/504 205/1077/504 201/334/504
f 201/334/505 198/500/505 217/1073/505
f 227/1079/168 223/335/168 228/337/168
f 242/502/169 241/338/169 237/340/169
f 226/503/169 225/341/169 222/343/169
f 243/1080/168 240/344/168 244/346/168
f 234/504/169 233/347/169 221/349/169
f 227/505/170 228/350/170 226/352/170
f 237/506/171 238/353/171 240/355/171
f 225/507/172 228/356/172 229/358/172
f 236/1081/170 233/359/170 235/361/170
f 235/1082/168 232/362/168 236/363/168
f 224/1083/171 231/364/171 221/366/171
f 222/1084/171 229/367/171 223/369/171
f 244/1085/170 241/370/170 243/372/170
f 249/1086/168 246/373/168 250/375/168
f 248/508/169 247/376/169 245/378/169
f 249/509/171 250/379/171 248/381/171
f 247/510/174 250/382/174 251/384/174
f 246/511/170 245/385/170 252/387/170
f 256/391/175 254/388/175 255/390/175
f 257/389/176 258/388/176 255/390/176
f 259/394/506 260/392/506 257/389/506
f 261/396/178 262/393/178 259/394/178
f 263/397/179 264/395/179 261/396/179
f 254/388/180 265/392/180 253/389/180
f 265/392/507 267/393/507 266/394/507
f 267/393/182 269/395/182 268/396/182
f 269/410/183 271/398/183 270/400/183
f 271/398/184 273/401/184 272/399/184
f 273/401/508 275/403/508 274/402/508
f 275/403/186 277/405/186 276/404/186
f 278/406/187 277/405/187 280/404/187
f 280/404/188 279/403/188 282/402/188
f 255/1087/189 253/1088/189 257/1089/189
f 266/1090/189 268/1091/189 261/1092/189
f 270/409/189 272/1093/189 284/407/189
f 274/1094/189 276/1095/189 282/1096/189
f 278/1097/509 280/1098/509 276/1095/509
f 282/1096/189 284/407/189 272/1093/189
f 263/408/189 261/1092/189 268/1091/189
f 259/1099/189 257/1089/189 266/1090/189
f 253/1088/189 266/1090/189 257/1089/189
f 272/1093/189 274/1094/189 282/1096/189
f 280/1098/189 282/1096/189 276/1095/189
f 261/1092/189 259/1099/189 266/1090/189
f 268/1091/189 270/409/189 263/408/189
f 284/399/190 283/398/190 263/400/190
f 282/402/191 281/401/191 284/399/191
f 265/1100/510 254/1101/510 258/1102/510
f 256/1103/192 258/1102/192 254/1101/192
f 260/1104/192 262/1105/192 265/1100/192
f 264/1106/192 283/413/192 269/412/192
f 281/1107/192 279/1108/192 275/1109/192
f 277/1110/510 275/1109/510 279/1108/510
f 273/1111/192 271/411/192 281/1107/192
f 269/412/192 267/1112/192 264/1106/192
f 265/1100/192 258/1102/192 260/1104/192
f 262/1105/192 267/1112/192 265/1100/192
f 281/1107/192 275/1109/192 273/1111/192
f 271/411/192 283/413/192 281/1107/192
f 262/1105/192 264/1106/192 267/1112/192
f 296/437/193 292/414/193 288/416/193
f 289/534/194 293/417/194 285/419/194
f 292/426/170 289/420/170 286/422/170
f 285/1113/195 287/423/195 286/425/195
f 289/420/170 292/426/170 290/428/170
f 295/535/171 296/429/171 294/431/171
f 296/429/171 288/432/171 293/430/171
f 290/1114/196 294/434/196 289/436/196
f 292/414/197 296/437/197 291/439/197
f 301/462/197 297/440/197 302/442/197
f 304/536/196 303/443/196 300/445/196
f 297/449/171 305/446/171 300/448/171
f 298/537/171 297/449/171 299/450/171
f 304/456/170 301/425/170 303/452/170
f 308/1115/195 306/453/195 307/455/195
f 301/425/170 304/456/170 307/458/170
f 304/538/194 300/459/194 308/461/194
f 297/440/193 301/462/193 305/464/193
f 313/1116/198 314/465/198 309/467/198
f 315/1117/199 316/468/199 311/470/199
f 309/474/171 312/471/171 317/473/171
f 312/471/171 309/474/171 311/476/171
f 316/482/170 315/477/170 313/456/170
f 318/545/511 320/479/511 317/481/511
f 320/546/170 316/482/170 319/483/170
f 318/1118/201 312/484/201 320/486/201
f 313/1116/202 309/467/202 319/488/202
f 325/245/203 321/244/203 328/246/203
f 326/247/204 322/490/204 325/248/204
f 323/1054/512 322/252/512 327/250/512
f 324/1055/206 323/255/206 328/253/206
f 324/257/207 321/256/207 323/258/207
f 333/259/513 339/262/513 331/260/513
f 345/271/514 340/263/514 339/262/514
f 338/289/210 337/266/210 344/264/210
f 337/266/515 336/268/515 343/265/515
f 336/268/516 335/270/516 342/267/516
f 345/271/517 351/284/517 340/263/517
f 344/1056/214 343/275/214 350/273/214
f 349/274/518 343/275/518 348/276/518
f 342/492/519 341/278/519 348/276/519
f 350/273/520 349/274/520 356/279/520
f 355/280/521 349/274/521 354/281/521
f 348/276/522 347/277/522 354/281/522
f 351/284/523 357/283/523 346/272/523
f 357/286/524 359/285/524 352/287/524
f 338/289/222 361/288/222 337/266/222
f 337/266/525 332/290/525 336/268/525
f 360/494/526 330/291/526 336/268/526
f 361/300/527 356/279/527 332/301/527
f 355/280/528 354/281/528 332/301/528
f 354/281/529 353/282/529 360/302/529
f 362/305/530 333/259/530 363/306/530
f 362/305/531 363/306/531 364/307/531
f 366/310/532 364/309/532 367/311/532
f 366/310/533 367/311/533 368/312/533
f 370/314/534 368/312/534 371/315/534
f 370/314/535 371/315/535 372/316/535
f 372/316/536 373/317/536 374/318/536
f 376/321/537 374/320/537 377/322/537
f 378/324/538 376/323/538 379/325/538
f 363/499/539 331/1057/539 334/328/539
f 334/328/540 340/1067/540 363/499/540
f 346/1066/541 352/1065/541 358/327/541
f 358/327/542 381/1064/542 379/1063/542
f 379/1063/543 377/1062/543 375/326/543
f 375/326/544 373/1061/544 371/498/544
f 371/498/545 369/1060/545 367/1058/545
f 367/1058/546 365/1059/546 363/499/546
f 363/499/547 340/1067/547 346/1066/547
f 346/1066/548 358/327/548 363/499/548
f 379/1063/549 375/326/549 363/499/549
f 371/498/550 367/1058/550 363/499/550
f 363/499/551 358/327/551 379/1063/551
f 359/285/552 380/329/552 358/330/552
f 380/329/553 378/324/553 381/331/553
f 339/501/554 333/1068/554 362/334/554
f 362/334/555 364/1078/555 366/1077/555
f 366/1077/556 368/1076/556 370/333/556
f 370/333/557 372/1075/557 366/1077/557
f 374/332/558 376/1074/558 359/500/558
f 378/1073/559 380/1072/559 359/500/559
f 359/500/560 357/1071/560 351/1070/560
f 351/1070/561 345/1069/561 359/500/561
f 339/501/562 362/334/562 366/1077/562
f 366/1077/563 372/1075/563 374/332/563
f 376/1074/564 378/1073/564 359/500/564
f 359/500/565 345/1069/565 339/501/565
f 339/501/566 366/1077/566 374/332/566
f 388/1079/246 389/337/246 384/335/246
f 399/339/247 402/338/247 398/340/247
f 390/342/247 386/341/247 383/343/247
f 404/1080/246 405/346/246 401/344/246
f 385/348/247 394/347/247 382/349/247
f 389/350/248 388/505/248 386/351/248
f 400/354/249 399/353/249 401/355/249
f 389/356/250 386/507/250 391/357/250
f 397/1081/248 396/361/248 394/359/248
f 396/1082/246 397/363/246 393/362/246
f 385/1083/249 382/366/249 392/364/249
f 383/1084/249 384/369/249 390/367/249
f 405/1085/248 404/372/248 402/370/248
f 410/1086/246 411/375/246 407/373/246
f 412/377/247 408/376/247 406/378/247
f 408/380/249 411/379/249 409/381/249
f 411/382/251 408/510/251 413/383/251
f 406/385/248 407/511/248 412/386/248
f 417/1119/567 416/512/567 415/514/567
f 417/1119/568 419/514/568 416/512/568
f 419/514/254 421/515/254 418/513/254
f 421/515/255 423/517/255 420/516/255
f 423/517/256 425/519/256 422/518/256
f 415/514/257 414/513/257 426/515/257
f 426/515/569 427/516/569 428/517/569
f 428/517/259 429/518/259 430/519/259
f 430/1120/260 431/520/260 432/522/260
f 432/522/261 433/521/261 434/524/261
f 434/524/262 435/523/262 436/526/262
f 436/526/263 437/525/263 438/527/263
f 440/526/264 438/527/264 441/525/264
f 442/524/265 440/526/265 443/523/265
f 427/1121/266 414/1122/266 418/1123/266
f 416/1124/266 418/1123/266 414/1122/266
f 420/1125/266 422/1126/266 427/1121/266
f 424/1127/266 445/530/266 431/529/266
f 443/1128/266 441/1129/266 435/1130/266
f 439/1131/266 437/1132/266 441/1129/266
f 435/1130/266 433/528/266 443/1128/266
f 431/529/266 429/1133/266 424/1127/266
f 427/1121/266 418/1123/266 420/1125/266
f 422/1126/266 429/1133/266 427/1121/266
f 441/1129/266 437/1132/266 435/1130/266
f 433/528/266 445/530/266 443/1128/266
f 422/1126/266 424/1127/266 429/1133/266
f 425/1120/267 444/522/267 424/520/267
f 444/522/268 442/524/268 445/521/268
f 417/1134/269 415/1135/269 419/1136/269
f 426/1137/269 428/1138/269 423/1139/269
f 430/1140/269 432/532/269 425/1141/269
f 434/533/269 436/1142/269 440/1143/269
f 438/1144/269 440/1143/269 436/1142/269
f 442/1145/269 444/531/269 434/533/269
f 425/1141/269 423/1139/269 428/1138/269
f 421/1146/269 419/1136/269 415/1135/269
f 415/1135/269 426/1137/269 421/1146/269
f 432/532/269 444/531/269 425/1141/269
f 440/1143/269 442/1145/269 434/533/269
f 423/1139/269 421/1146/269 426/1137/269
f 428/1138/269 430/1140/269 425/1141/269
f 453/414/270 457/437/270 447/415/270
f 448/418/271 454/417/271 446/419/271
f 446/421/248 450/420/248 447/422/248
f 446/1113/272 447/425/272 448/423/272
f 450/420/248 451/428/248 453/426/248
f 454/430/249 457/429/249 455/431/249
f 457/429/249 454/430/249 449/432/249
f 451/1114/273 450/436/273 455/434/273
f 457/437/274 453/414/274 456/438/274
f 462/462/274 463/442/274 458/440/274
f 464/443/273 465/536/273 460/444/273
f 458/449/249 461/448/249 466/446/249
f 461/448/249 458/449/249 460/450/249
f 465/456/248 464/452/248 462/425/248
f 469/1115/272 468/455/272 467/453/272
f 469/457/248 465/456/248 468/458/248
f 461/459/271 465/538/271 467/460/271
f 468/463/270 462/462/270 466/464/270
f 475/1147/276 474/539/276 471/541/276
f 476/1148/277 472/542/277 477/544/277
f 470/474/249 478/473/249 473/471/249
f 471/475/249 470/474/249 472/476/249
f 477/482/248 474/456/248 476/477/248
f 480/480/278 481/479/278 478/481/278
f 474/456/248 477/482/248 480/483/248
f 477/1149/279 473/547/279 481/549/279
f 474/539/280 480/550/280 470/540/280
s 1
f 2/692/17 32/552/28 491/554/17
f 492/693/17 491/554/17 579/555/28
f 492/693/17 579/555/28 493/557/17
f 493/557/17 578/556/28 494/559/17
f 494/559/17 577/558/28 495/561/17
f 495/561/17 576/560/28 496/563/17
f 496/563/17 575/562/28 497/565/17
f 497/565/17 574/564/28 498/567/17
f 498/567/17 573/566/28 499/19/17
f 864/1150/281 10/568/27 944/570/281
f 944/570/281 571/569/27 945/572/281
f 945/572/281 570/571/27 946/574/281
f 946/574/281 569/573/27 947/576/281
f 947/576/281 568/575/27 948/578/281
f 948/578/281 567/577/27 949/580/281
f 949/580/281 566/579/27 950/582/281
f 950/582/281 565/581/27 951/584/281
f 951/584/281 564/583/27 902/40/30
f 28/670/23 26/585/29 536/587/23
f 536/587/23 562/586/29 537/589/23
f 537/589/23 561/588/29 538/591/23
f 538/591/23 560/590/29 539/593/23
f 539/593/23 559/592/29 540/595/23
f 540/595/23 558/594/29 541/597/23
f 541/597/23 557/596/29 542/599/23
f 542/599/23 556/598/29 543/601/23
f 543/601/23 555/600/29 544/28/23
f 6/671/21 4/602/16 518/604/21
f 518/604/21 490/603/16 519/606/21
f 519/606/21 489/605/16 520/608/21
f 520/608/21 488/607/16 521/610/21
f 521/610/21 487/609/16 522/612/21
f 522/612/21 486/611/16 523/614/21
f 523/614/21 485/613/16 524/616/21
f 524/616/21 484/615/16 525/618/21
f 525/618/21 483/617/16 526/25/21
f 32/552/28 30/619/22 580/553/28
f 579/555/28 580/553/28 534/621/22
f 579/555/28 534/621/22 578/556/28
f 578/556/28 533/622/22 577/558/28
f 577/558/28 532/623/22 576/560/28
f 576/560/28 531/624/22 575/562/28
f 575/562/28 530/625/22 574/564/28
f 574/564/28 529/626/22 573/566/28
f 573/566/28 528/627/22 572/42/28
f 10/568/27 8/628/20 571/569/27
f 571/569/27 517/629/20 570/571/27
f 570/571/27 516/630/20 569/573/27
f 569/573/27 515/631/20 568/575/27
f 568/575/27 514/632/20 567/577/27
f 567/577/27 513/633/20 566/579/27
f 566/579/27 512/634/20 565/581/27
f 565/581/27 511/635/20 564/583/27
f 563/33/27 564/583/27 509/24/20
f 26/1151/29 878/637/282 562/639/29
f 562/639/29 901/638/282 561/641/29
f 560/643/29 561/641/29 942/642/282
f 559/645/29 560/643/29 941/644/282
f 558/647/29 559/645/29 940/646/282
f 557/649/29 558/647/29 939/648/282
f 556/651/29 557/649/29 938/650/282
f 555/653/29 556/651/29 937/652/282
f 554/1012/29 555/653/29 936/30/24
f 599/654/315 16/654/117 597/655/283
f 547/657/286 548/656/284 975/657/286
f 962/1152/323 894/658/287 963/660/289
f 546/661/294 547/657/286 974/661/286
f 595/1153/327 897/662/290 981/664/292
f 953/665/570 879/665/117 602/666/293
f 545/667/296 546/661/294 973/667/294
f 597/655/283 14/655/117 952/668/295
f 12/668/296 545/667/296 598/668/296
f 602/666/293 22/666/117 601/669/297
f 535/620/22 30/619/22 536/587/23
f 535/620/22 536/587/23 534/621/22
f 534/621/22 537/589/23 533/622/22
f 533/622/22 538/591/23 532/623/22
f 532/623/22 539/593/23 531/624/22
f 531/624/22 540/595/23 530/625/22
f 530/625/22 541/597/23 529/626/22
f 529/626/22 542/599/23 528/627/22
f 528/627/22 543/601/23 527/27/22
f 517/629/20 8/628/20 518/604/21
f 516/630/20 517/629/20 519/606/21
f 516/630/20 519/606/21 515/631/20
f 514/632/20 515/631/20 521/610/21
f 513/633/20 514/632/20 522/612/21
f 513/633/20 522/612/21 512/634/20
f 511/635/20 512/634/20 524/616/21
f 510/636/20 511/635/20 525/618/21
f 510/636/20 525/618/21 509/24/20
f 972/672/298 507/672/298 960/673/300
f 960/673/300 508/673/299 603/665/299
f 971/674/303 506/674/301 972/672/298
f 959/676/19 955/675/19 986/676/19
f 970/677/306 505/677/302 971/674/303
f 957/679/19 582/678/19 984/679/19
f 601/669/297 20/669/117 600/680/304
f 969/681/308 504/681/305 970/677/306
f 963/682/289 903/682/288 983/683/19
f 968/684/313 503/684/307 969/681/308
f 552/686/311 553/685/309 980/686/311
f 967/687/317 502/687/312 968/684/313
f 551/688/314 552/686/311 979/688/314
f 600/680/304 18/680/117 599/654/315
f 966/689/320 501/689/316 967/687/317
f 550/690/321 551/688/314 978/690/318
f 582/678/19 959/676/19 985/678/19
f 965/691/324 500/691/319 966/689/320
f 490/603/16 4/602/16 491/554/17
f 490/603/16 491/554/17 489/605/16
f 488/607/16 489/605/16 493/557/17
f 488/607/16 493/557/17 487/609/16
f 487/609/16 494/559/17 486/611/16
f 485/613/16 486/611/16 496/563/17
f 485/613/16 496/563/17 484/615/16
f 483/617/16 484/615/16 498/567/17
f 483/617/16 498/567/17 482/18/16
f 549/694/285 550/690/321 977/694/321
f 41/713/47 40/695/322 592/697/47
f 35/714/44 34/698/50 590/700/44
f 43/715/41 42/701/60 588/703/41
f 37/1154/326 36/704/59 586/706/38
f 553/685/309 894/707/287 961/685/310
f 584/683/19 957/679/19 983/683/19
f 964/708/291 897/708/290 965/691/324
f 594/49/52 40/709/322 954/63/53
f 34/698/50 33/711/51 593/699/50
f 591/702/60 42/701/60 592/697/47
f 36/704/59 35/714/44 589/705/59
f 33/711/51 43/715/41 587/712/51
f 38/710/571 37/709/326 585/63/58
f 548/656/284 549/694/285 976/656/285
f 955/675/19 595/716/327 982/675/19
f 607/727/338 622/717/328 606/719/330
f 638/1155/572 614/720/331 610/722/333
f 604/728/339 654/723/334 605/725/336
f 608/729/340 670/726/337 607/727/338
f 606/719/330 612/718/329 604/728/339
f 609/721/332 614/720/331 608/729/340
f 602/799/293 601/730/297 646/732/342
f 646/801/342 617/733/341 647/735/344
f 648/803/387 647/735/344 676/736/345
f 648/804/387 676/737/345 649/739/347
f 650/743/349 649/740/347 674/742/348
f 651/808/390 650/743/349 673/744/350
f 651/809/390 673/745/350 652/747/352
f 652/812/352 672/748/351 653/750/354
f 614/814/331 653/750/354 670/751/337
f 599/815/315 597/752/283 630/754/356
f 630/816/356 615/755/355 631/757/358
f 632/817/393 631/757/358 660/758/359
f 632/818/393 660/759/359 633/761/361
f 634/765/363 633/762/361 658/764/362
f 635/819/394 634/765/363 657/766/364
f 635/820/394 657/767/364 636/769/366
f 636/821/366 656/770/365 637/772/368
f 612/822/329 637/772/368 654/773/334
f 601/730/297 600/774/304 617/731/341
f 677/734/343 617/733/341 629/776/370
f 676/736/345 677/734/343 628/777/371
f 676/737/345 628/717/371 675/738/346
f 675/741/346 627/778/372 674/742/348
f 673/744/350 674/742/348 625/780/374
f 673/745/350 625/717/374 672/746/351
f 672/748/351 624/781/375 671/749/353
f 670/751/337 671/749/353 622/783/328
f 597/752/283 952/784/295 615/753/355
f 615/755/355 662/786/377 661/756/357
f 660/758/359 661/756/357 664/788/379
f 660/759/359 664/789/379 659/760/360
f 658/764/362 659/763/360 666/792/381
f 657/766/364 658/764/362 667/793/382
f 657/767/364 667/794/382 656/768/365
f 656/770/365 668/796/383 655/771/367
f 654/773/334 655/771/367 616/798/335
f 953/1156/570 602/799/293 613/800/385
f 613/1157/385 646/801/342 645/802/386
f 644/1158/573 645/802/386 648/803/387
f 644/1159/573 648/804/387 643/805/388
f 642/807/389 643/806/388 650/743/349
f 641/1160/574 642/807/389 651/808/390
f 641/1161/574 651/809/390 640/810/391
f 639/813/392 640/811/391 653/750/354
f 638/1162/572 639/813/392 614/814/331
f 600/774/304 599/815/315 611/727/369
f 611/775/369 630/816/356 629/776/370
f 628/777/371 629/776/370 632/817/393
f 628/717/371 632/818/393 627/727/372
f 627/778/372 633/762/361 626/779/373
f 625/780/374 626/779/373 635/819/394
f 625/717/374 635/820/394 624/727/375
f 624/781/375 636/821/366 623/782/376
f 622/783/328 623/782/376 612/822/329
f 678/824/19 618/823/19 692/824/396
f 683/825/406 606/825/330 681/826/397
f 679/828/19 619/827/19 693/828/399
f 682/838/402 605/829/336 690/831/401
f 604/826/339 605/832/336 681/826/397
f 618/823/19 621/833/19 688/823/395
f 687/848/409 686/834/404 694/836/405
f 693/844/399 681/837/397 690/831/401
f 684/845/408 683/839/406 692/841/396
f 686/834/404 685/842/407 691/835/403
f 683/839/406 681/837/397 689/840/398
f 688/843/395 685/842/407 692/841/396
f 684/846/408 607/846/338 683/825/406
f 680/1163/410 610/847/333 694/836/405
f 685/849/407 608/849/340 684/846/408
f 621/833/19 680/850/410 691/833/403
f 686/851/404 609/851/332 685/849/407
f 690/852/401 620/852/400 693/828/399
f 687/853/409 610/853/333 686/851/404
f 619/827/19 678/824/19 689/827/398
s off
f 699/824/117 706/824/117 695/823/117
f 700/828/117 707/828/117 696/827/117
f 695/823/117 702/823/117 698/833/117
f 698/833/117 705/833/117 701/850/117
f 700/828/117 697/852/117 707/828/117
f 696/827/117 703/827/117 699/824/117
f 718/824/19 712/823/19 722/824/19
f 716/828/19 717/827/19 720/828/19
f 712/823/19 713/833/19 711/823/19
f 713/833/19 715/850/19 714/833/19
f 710/852/19 709/852/19 720/828/19
f 717/827/19 718/824/19 721/827/19
f 721/827/411 703/827/411 720/828/411
f 712/823/412 695/823/412 713/833/412
f 702/823/413 706/824/413 711/823/413
f 700/828/414 696/827/414 716/828/414
f 704/852/415 697/852/415 710/852/415
f 718/824/416 699/824/416 712/823/416
f 708/850/417 705/833/417 719/850/417
f 720/828/418 707/828/418 710/852/418
f 713/833/419 698/833/419 715/850/419
f 715/850/420 701/850/420 719/850/420
f 722/824/425 706/824/425 721/827/425
f 697/852/422 700/828/422 709/852/422
f 705/833/423 702/823/423 714/833/423
f 696/827/575 699/824/575 717/827/575
f 727/824/117 734/824/117 723/823/117
f 728/828/117 735/828/117 724/827/117
f 723/823/117 730/823/117 726/833/117
f 726/833/117 733/833/117 729/850/117
f 728/828/117 725/852/117 735/828/117
f 724/827/117 731/827/117 727/824/117
f 746/824/19 740/823/19 750/824/19
f 744/828/19 745/827/19 748/828/19
f 740/823/19 741/833/19 739/823/19
f 741/833/19 743/850/19 742/833/19
f 738/852/19 737/852/19 748/828/19
f 745/827/19 746/824/19 749/827/19
f 749/827/411 731/827/411 748/828/411
f 740/823/412 723/823/412 741/833/412
f 730/823/413 734/824/413 739/823/413
f 728/828/414 724/827/414 744/828/414
f 732/852/415 725/852/415 738/852/415
f 746/824/416 727/824/416 740/823/416
f 736/850/417 733/833/417 747/850/417
f 748/828/418 735/828/418 738/852/418
f 741/833/419 726/833/419 743/850/419
f 743/850/420 729/850/420 747/850/420
f 750/824/425 734/824/425 749/827/425
f 725/852/422 728/828/422 737/852/422
f 733/833/423 730/823/423 742/833/423
f 724/827/424 727/824/424 745/827/424
f 755/824/117 762/824/117 751/823/117
f 756/828/117 763/828/117 752/827/117
f 751/823/117 758/823/117 754/833/117
f 754/833/117 761/833/117 757/850/117
f 756/828/117 753/852/117 763/828/117
f 752/827/117 759/827/117 755/824/117
f 774/824/19 768/823/19 778/824/19
f 772/828/19 773/827/19 776/828/19
f 768/823/19 769/833/19 767/823/19
f 769/833/19 771/850/19 770/833/19
f 766/852/19 765/852/19 776/828/19
f 773/827/19 774/824/19 777/827/19
f 777/827/426 759/827/426 776/828/426
f 768/823/576 751/823/576 769/833/576
f 758/823/428 762/824/428 767/823/428
f 756/828/429 752/827/429 772/828/429
f 760/852/430 753/852/430 766/852/430
f 774/824/431 755/824/431 768/823/431
f 764/850/432 761/833/432 775/850/432
f 776/828/433 763/828/433 766/852/433
f 769/833/434 754/833/434 771/850/434
f 771/850/435 757/850/435 775/850/435
f 778/824/436 762/824/436 777/827/436
f 753/852/437 756/828/437 765/852/437
f 761/833/577 758/823/577 770/833/577
f 752/827/439 755/824/439 773/827/439
s 1
f 608/860/340 607/854/338 783/856/441
f 606/862/330 604/857/339 781/859/443
f 609/864/332 608/860/340 784/861/444
f 607/854/338 606/862/330 782/855/440
f 605/1164/336 780/863/445 604/857/339
f 610/1165/333 609/864/332 785/865/446
f 90/941/100 89/866/105 825/868/100
f 826/942/100 825/869/100 832/871/105
f 827/943/100 826/872/100 831/874/105
f 819/944/98 79/875/98 830/877/112
f 820/945/98 819/878/98 829/880/112
f 821/946/98 820/881/98 828/883/112
f 76/959/82 91/884/111 789/886/82
f 789/960/82 824/887/111 790/889/82
f 790/961/82 823/890/111 791/892/82
f 81/947/94 80/893/97 813/895/94
f 813/948/94 818/896/97 814/898/94
f 814/949/94 817/899/97 815/901/94
f 83/950/91 82/902/109 807/904/91
f 807/951/91 812/905/109 808/907/91
f 809/952/91 808/908/91 810/910/109
f 85/953/88 84/911/108 801/913/88
f 802/954/88 801/914/88 805/916/108
f 802/955/88 805/917/108 803/919/88
f 87/956/85 86/920/107 795/922/85
f 796/957/85 795/923/85 799/925/107
f 796/958/85 799/926/107 797/928/85
f 833/867/105 89/866/105 794/930/106
f 832/871/105 833/870/105 793/932/106
f 831/874/105 832/873/105 792/934/106
f 78/876/112 77/935/103 830/877/112
f 830/879/112 788/937/103 829/880/112
f 828/883/112 829/882/112 786/940/103
f 91/884/111 90/941/100 824/885/111
f 824/887/111 825/869/100 823/888/111
f 823/890/111 826/872/100 822/891/111
f 80/893/97 79/875/98 818/894/97
f 818/896/97 819/878/98 817/897/97
f 817/899/97 820/881/98 816/900/97
f 812/903/109 82/902/109 813/895/94
f 811/906/109 812/905/109 814/898/94
f 811/909/109 814/949/94 810/910/109
f 84/911/108 83/950/91 806/912/108
f 806/915/108 807/951/91 805/916/108
f 805/917/108 808/908/91 804/918/108
f 86/920/107 85/953/88 800/921/107
f 800/924/107 801/914/88 799/925/107
f 799/926/107 802/955/88 798/927/107
f 88/929/106 87/956/85 794/930/106
f 794/931/106 795/923/85 793/932/106
f 793/933/106 796/958/85 792/934/106
f 77/935/103 76/959/82 788/936/103
f 788/937/103 789/960/82 787/938/103
f 787/939/103 790/961/82 786/940/103
s off
f 116/972/447 112/962/447 834/964/447
f 119/973/448 838/965/448 836/967/448
f 112/962/449 115/968/449 835/963/449
f 111/966/450 838/965/450 108/971/450
f 108/971/451 840/970/451 834/964/451
f 837/969/452 115/968/452 836/967/452
f 128/984/447 124/974/447 839/976/447
f 131/985/448 844/977/448 842/979/448
f 124/974/449 127/980/449 841/975/449
f 123/978/450 844/977/450 120/983/450
f 120/983/451 846/982/451 839/976/451
f 843/981/452 127/980/452 842/979/452
f 140/996/447 136/986/447 845/988/447
f 143/997/448 850/989/448 848/991/448
f 136/986/449 139/992/449 847/987/449
f 850/989/450 851/994/450 135/990/450
f 132/995/451 851/994/451 845/988/451
f 849/993/452 139/992/452 848/991/452
