# Blender v2.76 (sub 0) OBJ File: 'npc_mutant_cyborg.blend'
# www.blender.org
v -0.358021 0.430454 -0.041706
v -0.345809 0.437874 -0.202614
v -0.205179 0.408339 -0.341937
v -0.000454 0.398095 -0.395097
v 0.003698 0.556516 0.252199
v 0.007693 0.449767 0.302265
v -0.174385 0.618269 0.195431
v -0.191390 0.446249 0.255506
v -0.323297 0.438954 0.124636
v -0.350313 0.514603 -0.057628
v -0.348471 0.509413 -0.206189
v -0.228302 0.520939 -0.331164
v -0.012174 0.572226 -0.398995
v -0.298099 0.538540 0.092861
v 0.007353 0.638048 0.216704
v 0.009948 0.703872 0.184877
v -0.605924 0.670262 -0.057538
v -0.396214 0.558617 -0.096732
v -0.533458 0.707713 0.121309
v -0.532411 0.597852 -0.151780
v -0.457458 0.604617 0.140255
v -0.424495 0.699383 -0.134988
v -0.544022 0.640625 0.158179
v -0.412640 0.793801 -0.180091
v -0.274992 0.666340 -0.330824
v -0.018964 0.677820 -0.388798
v 0.012937 0.811384 0.094479
v 0.013110 0.759955 0.146115
v -0.094230 0.861272 0.101215
v -0.128871 0.788125 0.174924
v -0.181218 0.637604 0.224970
v -0.312115 0.671757 0.053812
v -0.248987 0.791261 0.114759
v -0.296179 0.659358 0.117839
v -0.372941 0.610965 -0.033856
v -0.400349 0.597299 -0.186734
v -0.261811 0.571287 -0.351345
v -0.312462 0.548753 0.120351
v -0.346863 0.670745 0.126355
v -0.423922 0.636396 0.128670
v -0.571397 0.785728 0.080760
v -0.324584 0.966576 0.109373
v -0.388898 0.845524 0.180291
v -0.316237 0.988361 0.012677
v -0.526066 0.891281 0.098220
v -0.270205 0.973623 -0.077145
v -0.489881 0.880992 -0.079127
v -0.229505 0.926480 0.165395
v -0.285445 0.813505 0.166298
v -0.121454 0.896486 0.137847
v -0.316723 0.558334 -0.004115
v -0.299085 0.617269 0.088474
v -0.624729 0.712951 0.093228
v -0.402744 0.499125 -0.090796
v -0.565106 0.546842 -0.123498
v -0.314789 0.546763 0.106913
v -0.375207 0.598996 0.154937
v -0.654921 0.610640 -0.020330
v -0.329766 0.490713 0.004796
v -0.642414 0.643620 0.135197
v -0.442066 0.499763 0.127267
v -0.506443 0.529383 0.137599
v -0.419142 0.357029 0.093728
v -0.569351 0.538956 0.154985
v -0.650595 0.508827 0.105574
v -0.489697 0.453859 -0.054477
v -0.635076 0.461537 -0.025052
v -0.661520 0.528820 0.041168
v -0.475887 0.335131 0.016810
v -0.224958 0.944550 0.067397
v -0.085420 0.958783 0.087716
v -0.053658 0.980684 -0.150749
v -0.116184 1.003237 -0.149017
v -0.101309 1.069466 -0.073007
v -0.100010 1.078213 -0.004323
v 0.072952 0.926323 0.172729
v -0.034859 0.933682 -0.236588
v -0.205981 1.039765 -0.002898
v -0.152102 1.020838 0.029195
v -0.146303 0.933241 -0.238779
v -0.098946 1.002503 0.163327
v -0.027829 1.032625 -0.101578
v 0.038575 0.996105 0.234267
v 0.368231 0.480603 -0.166715
v 0.377948 0.503399 -0.289527
v 0.197398 0.435819 -0.365571
v -0.178430 1.171370 -0.092072
v -0.188005 1.170004 0.023505
v -0.085456 1.173618 -0.168960
v 0.024176 1.190763 -0.190904
v 0.036635 1.106008 -0.178177
v 0.114483 1.120633 -0.108784
v -0.124859 1.204797 0.139939
v -0.003425 1.335165 -0.053165
v 0.150266 1.247875 -0.005178
v 0.105857 1.207913 -0.127201
v 0.187043 0.614279 0.157208
v 0.206114 0.456588 0.238928
v 0.349656 0.462705 0.011798
v 0.366101 0.535442 -0.128421
v 0.379930 0.599083 -0.294809
v 0.212704 0.564597 -0.366621
v -0.094523 1.256581 -0.148355
v 0.318107 0.543721 0.052793
v 0.156179 1.129240 -0.029952
v 0.443749 0.825198 -0.297554
v 0.344255 0.886604 -0.317384
v 0.238289 0.731595 -0.385957
v 0.080927 1.293312 -0.100919
v -0.162383 1.095719 0.020017
v -0.128079 1.093656 0.106392
v 0.142055 0.843170 0.045204
v 0.166615 0.769508 0.113974
v 0.203690 0.626912 0.176078
v 0.358259 0.689247 -0.149265
v 0.291362 0.782744 -0.066538
v 0.336654 0.651593 -0.009016
v 0.416491 0.676681 -0.245227
v 0.405297 0.687326 -0.305593
v 0.241115 0.627180 -0.394823
v 0.137986 1.296382 0.025073
v 0.347412 0.553054 0.015530
v 0.568830 0.669285 -0.133909
v 0.638261 0.798686 -0.381435
v 0.200624 1.000757 -0.173716
v 0.585967 0.790937 -0.102394
v 0.514957 0.681816 -0.362011
v 0.662138 0.853652 -0.263657
v 0.120050 0.921804 0.033130
v -0.159243 1.095541 -0.083196
v 0.008156 0.989333 -0.174691
v 0.058289 1.037099 -0.111573
v 0.096416 1.045446 -0.052273
v 0.007843 1.276054 -0.157727
v 0.184421 1.038860 -0.079919
v 0.149698 1.000381 -0.037429
v 0.038224 0.960020 -0.267744
v 0.195339 1.006410 0.048077
v -0.111731 1.271653 0.142257
v -0.045502 1.092935 -0.153297
v -0.171372 1.257762 0.029908
v -0.168189 1.253611 -0.067956
v -0.067419 1.321636 -0.056392
v 0.082445 1.339260 0.063274
v 0.040406 1.344615 -0.020760
v -0.011503 1.330005 0.057084
v -0.047598 1.305125 0.146013
v -0.036995 1.056498 0.236405
v -0.101836 1.322342 0.054267
v -0.102345 1.319676 -0.000989
v -0.026304 1.156524 0.249296
v 0.117423 1.209524 0.258834
v 0.195047 1.190461 0.135255
v 0.208920 1.086669 0.113596
v 0.090774 1.224443 0.213160
v 0.181554 1.284861 0.130629
v -0.046737 1.244465 0.251228
v 0.094387 1.244104 0.225246
v 0.005300 1.294551 0.211105
v 0.110985 1.312097 0.155931
v 0.170269 1.008650 0.170505
v 0.061024 1.190839 0.262344
v 0.158990 1.204592 0.214504
v 0.127539 1.169803 0.267065
v 0.094922 1.018202 0.296530
v 0.191924 1.030383 0.248616
v 0.026235 1.077540 0.287293
v 0.216239 1.103386 0.195101
v 0.081146 1.132920 0.300524
v 0.186940 1.147794 0.248748
v -0.047956 1.243852 0.069352
v 0.049329 1.258804 0.274989
v -0.027080 1.222620 0.060784
v 0.070716 1.238044 0.265900
v -0.025981 1.191311 0.062559
v 0.072702 1.206515 0.267368
v -0.044927 1.168008 0.073602
v 0.054598 1.180491 0.279541
v -0.076753 1.162179 0.091742
v 0.026655 1.177505 0.294170
v -0.098750 1.182202 0.101551
v 0.004861 1.197559 0.303890
v -0.097168 1.217708 0.096077
v 0.001676 1.228859 0.303139
v -0.077377 1.241949 0.084083
v 0.018867 1.253054 0.292428
v -0.011871 1.195079 0.271385
v -0.046419 1.189958 0.203945
v -0.015066 1.226377 0.270640
v -0.049704 1.221243 0.203247
v -0.148001 1.184205 0.338712
v -0.181016 1.178081 0.275494
v -0.116717 1.204037 0.321683
v -0.149683 1.199149 0.257732
v 0.154385 1.217619 0.225278
v 0.055314 1.199781 0.022142
v -0.197696 1.285833 0.275857
v -0.163114 1.294572 0.336821
v -0.161478 1.275341 0.257989
v -0.124050 1.290189 0.314077
v -0.141590 1.239435 0.250481
v -0.108624 1.244323 0.314433
v 0.051475 1.230279 0.022042
v 0.148144 1.248441 0.226140
v 0.163118 1.274253 0.216448
v 0.068261 1.254798 0.012224
v -0.217234 1.188572 0.293362
v -0.184267 1.193460 0.357314
v -0.237121 1.224478 0.300870
v -0.204154 1.229365 0.364821
v -0.229028 1.264764 0.293619
v -0.196062 1.269652 0.357570
v 0.073616 1.184335 0.012535
v 0.178374 1.199872 0.214257
v 0.104914 1.186292 -0.001766
v 0.205908 1.205396 0.199710
v 0.120515 1.211471 -0.011400
v 0.220560 1.231333 0.190117
v 0.115783 1.242055 -0.011119
v 0.214117 1.262123 0.191085
v 0.094070 1.259901 -0.001243
v 0.190423 1.279917 0.201939
v 0.203790 1.228846 0.157632
v 0.172434 1.218951 0.091382
v 0.197357 1.259638 0.158595
v 0.162555 1.254478 0.091289
v 0.334684 1.258554 0.084823
v 0.301718 1.253666 0.020872
v 0.298466 1.269045 0.102691
v 0.265500 1.264158 0.038740
v 0.285038 1.361418 0.021235
v 0.318004 1.366306 0.085186
v 0.253705 1.340350 0.038997
v 0.286672 1.345237 0.102948
v 0.245612 1.300063 0.046248
v 0.278579 1.304950 0.110199
v 0.333050 1.274735 0.003110
v 0.366017 1.279622 0.067061
v 0.341143 1.315021 -0.004141
v 0.374110 1.319909 0.059810
v 0.321256 1.350927 0.003367
v 0.354222 1.355814 0.067318
v 0.168697 1.149849 0.288656
v 0.120212 1.143034 0.312343
v -0.011678 0.194845 -0.360433
v 0.124329 0.208713 -0.285930
v 0.275119 0.298540 -0.269330
v 0.324682 0.279976 -0.110041
v 0.330145 0.289369 0.039401
v 0.168372 0.230714 0.198588
v 0.012894 0.240923 0.304738
v -0.146069 0.232053 0.215727
v -0.303422 0.288680 0.113057
v -0.339359 0.272646 -0.020029
v -0.316793 0.278452 -0.193731
v -0.151430 0.213617 -0.262703
v -0.009485 0.032282 -0.161156
v 0.053289 0.073597 -0.248084
v 0.124165 0.081852 0.180794
v 0.019623 0.039037 0.129649
v -0.075932 0.084188 0.201313
v -0.088060 0.074703 -0.233300
v 0.021709 0.078257 0.201589
v -0.012947 0.065096 -0.236353
v -0.170268 0.053514 0.221342
v -0.305624 0.083207 0.153506
v -0.387570 0.101910 -0.012856
v -0.382755 0.087717 -0.192568
v -0.273651 0.043342 -0.294110
v 0.006155 0.033500 0.088877
v -0.068601 0.034176 0.176740
v -0.159056 0.021212 -0.259039
v -0.059930 0.022251 -0.166345
v -0.282236 -0.156885 0.154893
v -0.352887 -0.151624 0.141666
v -0.408894 -0.142038 0.009813
v -0.445996 -0.114754 -0.179770
v -0.320630 -0.108186 -0.281984
v -0.069745 -0.123146 0.067455
v -0.160411 -0.144998 0.180091
v -0.213198 -0.112586 -0.261209
v -0.119715 -0.139038 -0.168325
v -0.245403 -0.246195 0.066541
v -0.337514 -0.250297 0.067640
v -0.355443 -0.245841 -0.008051
v -0.364688 -0.249341 -0.095088
v -0.310958 -0.248112 -0.144932
v -0.205341 -0.238570 0.009926
v -0.262653 -0.245827 -0.136340
v -0.221293 -0.238248 -0.092936
v -0.230819 -0.397062 0.115727
v -0.411505 -0.399242 0.101929
v -0.464501 -0.374638 -0.001448
v -0.480659 -0.366884 -0.173655
v -0.347118 -0.334880 -0.277901
v -0.093820 -0.365330 0.018525
v -0.231908 -0.332356 -0.267170
v -0.133582 -0.324159 -0.185189
v -0.416716 -0.735367 -0.004626
v -0.467861 -0.514577 -0.024223
v -0.451479 -0.594515 -0.211212
v -0.338637 -0.503745 -0.323004
v -0.088772 -0.508539 0.002120
v -0.278478 -0.731166 0.013185
v -0.210127 -0.458811 -0.267578
v -0.102652 -0.518479 -0.200275
v -0.454178 -0.738821 -0.075156
v -0.453642 -0.740580 -0.209526
v -0.345704 -0.731280 -0.284156
v -0.173787 -0.721939 -0.046226
v -0.257801 -0.727332 -0.269446
v -0.187004 -0.721170 -0.202254
v -0.154383 -0.828143 -0.003180
v -0.130479 -0.828720 -0.225339
v -0.294058 -0.784349 -0.312540
v -0.294056 -0.712064 -0.312727
v -0.192086 -0.784233 -0.266837
v -0.192084 -0.711948 -0.267025
v -0.136453 -0.783983 -0.169926
v -0.136451 -0.711698 -0.170114
v -0.148407 -0.783694 -0.058823
v -0.148405 -0.711410 -0.059011
v -0.223384 -0.783477 0.024034
v -0.223382 -0.711193 0.023847
v -0.332744 -0.783415 0.046997
v -0.332742 -0.711130 0.046810
v -0.434715 -0.783531 0.001295
v -0.434713 -0.711246 0.001108
v -0.490348 -0.783781 -0.095616
v -0.490347 -0.711496 -0.095803
v -0.478394 -0.784070 -0.206719
v -0.478392 -0.711785 -0.206906
v -0.403417 -0.784286 -0.289576
v -0.403416 -0.712002 -0.289764
v -0.496324 -0.828230 -0.039972
v -0.472420 -0.828807 -0.262131
v -0.154386 -0.941278 -0.002886
v -0.496327 -0.941365 -0.039678
v -0.130482 -0.941855 -0.225045
v -0.472423 -0.941942 -0.261838
v -0.135156 -0.995420 -0.181478
v -0.149714 -0.995068 -0.046175
v -0.491656 -0.995155 -0.082967
v -0.477097 -0.995507 -0.218270
v -0.532300 -0.814308 0.056357
v -0.528567 -0.939502 0.021962
v -0.139730 -0.814208 0.098597
v -0.135998 -0.939402 0.064202
v -0.550681 -0.916977 0.227427
v -0.549133 -1.000272 0.213234
v -0.158111 -0.916877 0.269667
v -0.156563 -1.000172 0.255474
v -0.289278 -0.916910 0.255554
v -0.356800 -0.916927 0.248288
v -0.287730 -1.000206 0.241360
v -0.355252 -1.000223 0.234095
v -0.535920 -0.937125 0.339224
v -0.536040 -1.003910 0.340500
v -0.368517 -0.937082 0.357236
v -0.199249 -0.937040 0.375449
v -0.199369 -1.003825 0.376725
v -0.368638 -1.003867 0.358512
v -0.300996 -0.937065 0.364502
v -0.301116 -1.003850 0.365777
v -0.194445 -0.828737 -0.232222
v -0.411396 -0.828792 -0.255565
v -0.194448 -0.941872 -0.231928
v -0.411399 -0.941927 -0.255271
v -0.199122 -0.995436 -0.188361
v -0.416073 -0.995491 -0.211704
v -0.179067 -0.887665 -0.374999
v -0.396018 -0.887720 -0.398342
v -0.176416 -0.945225 -0.399503
v -0.393367 -0.945279 -0.422846
v -0.181774 -1.002311 -0.349575
v -0.398725 -1.002365 -0.372919
v -0.308609 -0.334247 0.129122
v -0.488761 -0.258028 -0.204293
v -0.086048 -0.302676 -0.210008
v -0.156027 0.217341 -0.185812
v -0.397463 0.222822 -0.186390
v -0.159198 0.305136 -0.102509
v -0.397045 0.309576 -0.103291
v -0.161332 0.306277 0.014661
v -0.397850 0.304145 0.007112
v -0.159902 0.213645 0.095570
v -0.402595 0.210945 0.085526
v -0.162767 0.075870 0.092239
v -0.421502 0.078138 0.078640
v -0.179948 -0.023904 -0.002162
v -0.434850 -0.003263 -0.007479
v -0.170224 -0.011073 -0.118249
v -0.435286 0.005903 -0.126040
v -0.156398 0.087054 -0.192524
v -0.405966 0.095526 -0.195707
v -0.502411 -0.335931 -0.137830
v -0.095922 -0.382176 -0.143031
v -0.503018 -0.343312 -0.033815
v -0.095796 -0.389616 -0.038221
v -0.490915 -0.275428 0.044440
v -0.087728 -0.322033 0.040815
v -0.469654 -0.172290 0.050086
v -0.075438 -0.218119 0.047347
v -0.450854 -0.094824 -0.016294
v -0.066696 -0.139119 -0.020101
v -0.450346 -0.088190 -0.115077
v -0.065487 -0.130640 -0.121920
v -0.467479 -0.155486 -0.193507
v -0.073458 -0.198614 -0.199979
v -0.287709 -0.021034 -0.007756
v -0.283142 -0.011585 -0.125105
v -0.320497 -0.112753 -0.021377
v -0.315987 -0.105275 -0.118933
v -0.227956 -0.118902 -0.021590
v -0.341950 -0.369174 -0.031010
v -0.243511 -0.369914 -0.030929
v -0.387874 -0.285048 0.047102
v -0.199082 -0.308371 0.041454
v -0.375784 -0.182526 0.048872
v -0.185801 -0.204566 0.047264
v -0.314221 -0.125231 0.182766
v -0.221014 -0.136252 0.182557
v -0.355035 -0.375745 0.176052
v -0.257426 -0.386969 0.175283
v -0.395878 -0.299265 0.209142
v -0.198714 -0.322252 0.207726
v -0.376811 -0.195606 0.211046
v -0.184068 -0.218262 0.209950
v -0.702212 0.122664 0.238080
v -0.696833 0.479169 0.029643
v -0.704413 0.095276 0.142343
v -0.694904 0.381168 0.005013
v -0.643551 0.067216 0.080589
v -0.610604 0.354352 -0.048650
v -0.576138 0.058947 0.093351
v -0.511764 0.061277 0.146150
v -0.491753 0.064520 0.203584
v -0.425078 0.399906 0.187224
v -0.547777 0.106040 0.282486
v -0.542455 0.441721 0.247926
v -0.646349 0.129959 0.292529
v -0.549065 0.176154 0.072745
v -0.489427 0.225084 0.131813
v -0.688479 0.067506 0.279931
v -0.720333 0.045323 0.192619
v -0.700144 0.016683 0.126827
v -0.640980 -0.004964 0.112169
v -0.563625 -0.020668 0.133000
v -0.526930 -0.046410 0.162878
v -0.528870 0.010412 0.268957
v -0.626810 0.065457 0.315286
v -0.460026 0.450161 0.026689
v -0.700858 0.332020 0.175988
v -0.715463 0.238499 0.064127
v -0.617880 0.186975 0.006375
v -0.489781 0.195042 0.199770
v -0.583174 0.223478 0.278211
v -0.651875 0.279900 0.255095
v -0.447762 0.487791 0.100045
v -0.683339 -0.053394 0.349603
v -0.779124 -0.053476 0.310029
v -0.746445 -0.096512 0.200573
v -0.653989 -0.103436 0.248175
v -0.596381 -0.166612 0.200900
v -0.534583 -0.172005 0.139050
v -0.481405 -0.176615 0.190509
v -0.535205 -0.159086 0.303202
v -0.696021 -0.158030 0.377888
v -0.811512 -0.162659 0.325196
v -0.756022 -0.151758 0.229876
v -0.668733 -0.166664 0.284353
v -0.568471 -0.174083 0.370970
v -0.587703 -0.182858 0.270972
v -0.600186 -0.200547 0.363679
v -0.689389 -0.214795 0.354876
v -0.614798 -0.195845 0.271253
v -0.590051 -0.354658 0.362016
v -0.664808 -0.366093 0.345505
v -0.567782 -0.459993 0.259323
v -0.726764 -0.218696 0.348409
v -0.801441 -0.202892 0.293779
v -0.716412 -0.184649 0.228044
v -0.735539 -0.372741 0.308742
v -0.807428 -0.351113 0.263814
v -0.729930 -0.444810 0.159335
v -0.531089 -0.241830 0.133715
v -0.487711 -0.247484 0.177830
v -0.537501 -0.264766 0.240676
v -0.588729 -0.262256 0.171701
v -0.572499 -0.424887 0.110731
v -0.491359 -0.335568 0.174176
v -0.543102 -0.330815 0.221022
v 0.231426 -0.781111 -0.155181
v 0.200615 -0.709412 -0.262986
v 0.200138 -0.781693 -0.262454
v 0.238356 -0.710435 -0.368159
v 0.237879 -0.782716 -0.367628
v 0.330710 -0.711507 -0.431060
v 0.330233 -0.783788 -0.430528
v 0.184207 -0.826576 -0.315740
v 0.246769 -0.825411 -0.101238
v 0.232277 0.050953 0.174478
v 0.348724 0.088320 0.079267
v 0.389716 0.116784 -0.121115
v 0.340307 0.102020 -0.292022
v 0.226914 0.046884 -0.355063
v 0.025106 0.031426 0.085756
v 0.123589 0.029156 0.153193
v 0.118297 0.020545 -0.293717
v 0.039551 0.021082 -0.179099
v 0.382305 -0.159499 0.051761
v 0.442038 -0.140880 0.022108
v 0.462818 -0.116997 -0.123344
v 0.442174 -0.089433 -0.312171
v 0.290074 -0.099190 -0.369268
v 0.098386 -0.128908 0.057191
v 0.270202 -0.159392 0.103352
v 0.189510 -0.112393 -0.319526
v 0.125006 -0.144733 -0.207140
v 0.344795 -0.255596 -0.033332
v 0.432136 -0.240000 -0.057186
v 0.427784 -0.237789 -0.134614
v 0.412828 -0.241107 -0.220978
v 0.346208 -0.245069 -0.253379
v 0.290045 -0.253486 -0.076289
v 0.300948 -0.246775 -0.231110
v 0.272819 -0.243170 -0.177747
v 0.356911 -0.404617 0.011996
v 0.526831 -0.388737 -0.052212
v 0.544583 -0.360717 -0.163964
v 0.510601 -0.351383 -0.333041
v 0.351337 -0.328455 -0.394910
v 0.196520 -0.384578 -0.042710
v 0.243780 -0.334341 -0.352547
v 0.172565 -0.334727 -0.246662
v 0.514901 -0.731287 -0.158181
v 0.549834 -0.502133 -0.191134
v 0.487625 -0.583110 -0.368118
v 0.343692 -0.497774 -0.442226
v 0.193576 -0.524248 -0.060427
v 0.384544 -0.731267 -0.108394
v 0.232038 -0.461763 -0.352202
v 0.150924 -0.528931 -0.260410
v 0.534785 -0.733476 -0.235358
v 0.503908 -0.735502 -0.364945
v 0.383260 -0.728388 -0.413449
v 0.268130 -0.724710 -0.141974
v 0.300707 -0.726189 -0.380289
v 0.245680 -0.721764 -0.299236
v 0.431010 -0.335101 0.004936
v 0.231903 -0.708830 -0.155712
v 0.319792 -0.781191 -0.086782
v 0.320269 -0.708910 -0.087313
v 0.431483 -0.781903 -0.083384
v 0.431960 -0.709622 -0.083916
v 0.523837 -0.782976 -0.146285
v 0.524314 -0.710694 -0.146817
v 0.561577 -0.783998 -0.251459
v 0.562054 -0.711717 -0.251990
v 0.530289 -0.784581 -0.358732
v 0.530766 -0.712299 -0.359264
v 0.441923 -0.784500 -0.427131
v 0.442400 -0.712219 -0.427662
v 0.576920 -0.828298 -0.197517
v 0.514358 -0.829463 -0.412018
v 0.246023 -0.938541 -0.100406
v 0.576174 -0.941428 -0.196685
v 0.183460 -0.939706 -0.314908
v 0.513611 -0.942593 -0.411186
v 0.195335 -0.993153 -0.272583
v 0.233439 -0.992444 -0.141943
v 0.563590 -0.995331 -0.238221
v 0.525486 -0.996040 -0.368861
v 0.629357 -0.814322 -0.109072
v 0.618753 -0.939602 -0.141675
v 0.250323 -0.811007 0.001462
v 0.239719 -0.936288 -0.031142
v 0.676776 -0.916535 0.056601
v 0.672169 -0.999864 0.043301
v 0.297742 -0.913221 0.167135
v 0.293135 -0.996550 0.153834
v 0.424387 -0.914328 0.130203
v 0.489580 -0.914898 0.111191
v 0.419780 -0.997658 0.116902
v 0.484973 -0.998228 0.097891
v 0.681742 -0.936177 0.169348
v 0.681612 -1.002956 0.170904
v 0.520111 -0.934764 0.216483
v 0.356679 -0.933335 0.264143
v 0.356549 -1.000114 0.265698
v 0.519981 -1.001543 0.218038
v 0.454918 -0.934194 0.235494
v 0.454788 -1.000973 0.237050
v 0.245967 -0.827116 -0.333751
v 0.455438 -0.828948 -0.394836
v 0.245220 -0.940246 -0.332919
v 0.454691 -0.942078 -0.394004
v 0.257096 -0.993693 -0.290593
v 0.466566 -0.995525 -0.351678
v 0.205330 -0.886420 -0.471323
v 0.414800 -0.888251 -0.532408
v 0.198008 -0.944042 -0.494703
v 0.407479 -0.945873 -0.555789
v 0.208256 -1.001045 -0.440777
v 0.421119 -1.002825 -0.507305
v 0.500180 -0.218556 -0.362239
v 0.118851 -0.332389 -0.254752
v 0.105711 0.218341 -0.222668
v 0.337211 0.237859 -0.288504
v 0.126981 0.309798 -0.142776
v 0.343075 0.323871 -0.199988
v 0.157369 0.288148 -0.029316
v 0.375011 0.316599 -0.094060
v 0.185908 0.212628 0.046205
v 0.416356 0.224293 -0.026953
v 0.200187 0.073903 0.040128
v 0.440399 0.099201 -0.036936
v 0.214890 -0.037331 -0.063825
v 0.458886 0.018895 -0.140125
v 0.159747 -0.015373 -0.166481
v 0.424848 0.029134 -0.253725
v 0.112416 0.087319 -0.230245
v 0.360751 0.112180 -0.306657
v 0.543841 -0.294265 -0.306247
v 0.159752 -0.408862 -0.197618
v 0.574503 -0.302931 -0.206777
v 0.189720 -0.416330 -0.097226
v 0.566991 -0.240525 -0.119697
v 0.195818 -0.354590 -0.016532
v 0.539049 -0.141270 -0.107594
v 0.169184 -0.254226 -0.000931
v 0.490756 -0.066966 -0.162315
v 0.127552 -0.175549 -0.057592
v 0.461829 -0.058593 -0.256814
v 0.095756 -0.165912 -0.154306
v 0.466509 -0.121095 -0.340185
v 0.092316 -0.231300 -0.235401
v 0.320576 -0.021963 -0.099563
v 0.279533 -0.010735 -0.209781
v 0.353405 -0.104808 -0.120382
v 0.328082 -0.099692 -0.217327
v 0.278399 -0.131259 -0.102665
v 0.416209 -0.362976 -0.157194
v 0.322809 -0.374380 -0.130388
v 0.478026 -0.266631 -0.095173
v 0.299688 -0.322879 -0.046251
v 0.445054 -0.167764 -0.078827
v 0.271301 -0.223073 -0.030584
v 0.416808 -0.122990 0.068991
v 0.331279 -0.149950 0.093389
v 0.493495 -0.362954 0.037458
v 0.403968 -0.390780 0.062287
v 0.528935 -0.281044 0.062344
v 0.347174 -0.337203 0.113214
v 0.494875 -0.182098 0.075149
v 0.317373 -0.237366 0.125117
v -0.002010 0.272385 -0.440925
v -0.003192 0.397700 -0.454234
v 0.209844 0.279764 -0.387843
v 0.217586 0.405157 -0.401100
v 0.356244 0.296101 -0.245341
v 0.367578 0.421526 -0.258577
v 0.392355 0.316968 -0.051637
v 0.398725 0.442349 -0.064902
v 0.349527 0.337138 0.141607
v 0.361493 0.462568 0.128375
v 0.202632 0.350881 0.282398
v 0.210853 0.476279 0.269144
v -0.007250 0.354532 0.333020
v -0.008489 0.479845 0.319711
v -0.216757 0.343513 0.282829
v -0.227133 0.472406 0.266589
v -0.360796 0.330858 0.137464
v -0.374927 0.456058 0.124080
v -0.400840 0.309955 -0.056263
v -0.409242 0.435206 -0.069614
v -0.362377 0.289747 -0.249533
v -0.375897 0.414953 -0.262914
v -0.214766 0.276010 -0.390319
v -0.224944 0.401245 -0.403681
v 0.626637 0.728093 -0.085631
v 0.439115 0.677030 -0.161063
v 0.524754 0.685844 -0.142191
v 0.577407 0.881538 -0.113924
v 0.336452 0.958945 -0.049341
v 0.395845 0.820924 -0.041254
v 0.285091 1.005328 -0.113937
v 0.488989 0.941875 -0.077792
v 0.415805 0.960726 -0.241329
v 0.287481 0.903819 0.011129
v 0.326296 0.777452 -0.100445
v 0.187606 0.868642 0.058893
v 0.457827 0.610387 -0.253253
v 0.419822 0.626565 -0.213300
v 0.664028 0.843227 -0.105543
v 0.578331 0.627151 -0.400009
v 0.713286 0.755108 -0.398487
v 0.470937 0.572310 -0.223765
v 0.497271 0.621886 -0.145224
v 0.749500 0.818698 -0.250099
v 0.515884 0.566293 -0.332663
v 0.712975 0.783539 -0.087143
v 0.610179 0.573840 -0.187481
v 0.649253 0.629585 -0.153998
v 0.673872 0.418946 -0.178568
v 0.697898 0.664391 -0.129592
v 0.782801 0.700575 -0.189667
v 0.693500 0.603807 -0.370611
v 0.832982 0.622312 -0.360335
v 0.789477 0.737386 -0.243628
v 0.757378 0.393699 -0.219462
v 0.239836 0.941983 -0.038362
v 0.929304 0.581953 0.085120
v 0.861832 0.683181 -0.322733
v 0.973909 0.493544 0.057008
v 0.932423 0.534224 -0.280099
v 0.943831 0.398152 0.051502
v 0.884501 0.433473 -0.285787
v 0.874364 0.375765 0.070813
v 0.797225 0.406473 0.102744
v 0.768453 0.477242 0.133736
v 0.629808 0.497642 -0.129454
v 0.786456 0.555433 0.134327
v 0.690120 0.624939 -0.108614
v 0.857691 0.604141 0.110544
v 0.839703 0.404712 -0.038829
v 0.756351 0.430352 -0.050655
v 0.950134 0.576341 0.154129
v 1.001773 0.494637 0.116691
v 0.975800 0.401351 0.105190
v 0.911062 0.375483 0.128674
v 0.836091 0.401143 0.169264
v 0.825460 0.494142 0.213032
v 0.831225 0.541344 0.219172
v 0.879660 0.594574 0.179860
v 0.660553 0.566523 -0.294514
v 0.889644 0.620715 -0.125906
v 0.966958 0.499840 -0.123442
v 0.922774 0.389223 -0.087876
v 0.734666 0.475415 0.013017
v 0.775509 0.598507 0.026146
v 0.831372 0.627059 -0.033344
v 0.623074 0.574979 -0.215468
v 1.023175 0.441925 0.314741
v 1.087000 0.396005 0.250388
v 1.003765 0.343797 0.201249
v 0.945694 0.394485 0.275285
v 0.864683 0.431023 0.316246
v 0.815352 0.505562 0.309746
v 0.839139 0.540677 0.359092
v 0.911679 0.479425 0.386942
v 1.008688 0.324760 0.362649
v 1.069970 0.271237 0.265492
v 1.000422 0.292696 0.239684
v 0.954290 0.330932 0.322233
v 0.915174 0.390557 0.421729
v 0.875980 0.383267 0.362348
v 0.910480 0.334763 0.435396
v 0.971891 0.266701 0.365490
v 0.911948 0.285375 0.331462
v 0.868703 0.334802 0.380675
v 0.873677 0.260078 0.462420
v 0.905380 0.181303 0.401636
v 0.860715 0.202638 0.378796
v 0.841615 0.262454 0.418720
v 1.013282 0.247750 0.367619
v 1.036236 0.213824 0.268587
v 0.969204 0.248814 0.253306
v 0.961285 0.270362 0.342373
v 0.972739 0.152857 0.374670
v 0.995574 0.146008 0.281398
v 0.944569 0.179901 0.274697
v 0.930076 0.180878 0.359396
v 0.779868 0.470993 0.359366
v 0.798768 0.496680 0.403938
v 0.842453 0.431902 0.437943
v 0.806980 0.404949 0.365116
v 0.721487 0.421093 0.398925
v 0.730784 0.434235 0.440586
v 0.779919 0.392105 0.456331
v 0.753426 0.376849 0.393639
v 0.017424 1.322193 0.104644
v -0.667403 0.508004 0.014513
v 0.816190 0.713190 -0.312707
v -0.159930 0.160797 0.217290
v 0.203896 0.158045 0.182988
v 0.093883 0.039943 -0.275411
v 0.181578 0.112436 -0.319620
v -0.132235 0.041038 -0.248723
v -0.220717 0.113266 -0.278535
v 0.825499 0.652653 -0.160603
v 0.877563 0.644567 -0.222981
v 0.927559 0.541297 -0.280970
v 0.929855 0.535898 -0.282959
v -0.668222 0.441790 0.154553
v -0.700923 0.417044 0.115472
v -0.693614 0.384245 0.010316
v -0.693226 0.383398 0.004913
v -0.002214 0.301732 -0.457683
v -0.002559 0.334344 -0.454163
v -0.002817 0.365489 -0.464454
v 0.223348 0.373186 -0.409481
v 0.217437 0.341888 -0.400152
v 0.219334 0.309389 -0.402737
v 0.377640 0.390117 -0.261996
v 0.368155 0.358519 -0.255215
v 0.371767 0.326303 -0.255263
v 0.411157 0.411678 -0.061562
v 0.402356 0.379719 -0.058229
v 0.407852 0.347887 -0.054814
v 0.371179 0.432589 0.138444
v 0.361645 0.400257 0.138319
v 0.364978 0.368772 0.145175
v 0.216257 0.446785 0.284125
v 0.210346 0.414217 0.281494
v 0.211994 0.382986 0.290868
v -0.008283 0.450498 0.336469
v -0.007917 0.417887 0.332949
v -0.007651 0.386742 0.343240
v -0.232171 0.441809 0.282579
v -0.225616 0.408419 0.280842
v -0.226815 0.376205 0.290788
v -0.384159 0.425911 0.134038
v -0.374034 0.393752 0.134028
v -0.376857 0.362213 0.140848
v -0.421153 0.404319 -0.066417
v -0.411846 0.372520 -0.062978
v -0.416814 0.340596 -0.059624
v -0.385321 0.383371 -0.266446
v -0.375331 0.351946 -0.259551
v -0.378334 0.319671 -0.259638
v -0.229971 0.369178 -0.412125
v -0.223510 0.337990 -0.402723
v -0.224714 0.305463 -0.405327
v -0.298099 0.538540 0.092861
v -0.350313 0.514603 -0.057628
v -0.348471 0.509413 -0.206189
v -0.174385 0.618269 0.195431
v 0.009948 0.703872 0.184877
v 0.187043 0.614279 0.157208
v 0.318107 0.543721 0.052793
v 0.366101 0.535442 -0.128421
v 0.379930 0.599083 -0.294809
v -0.047956 1.243852 0.069352
v -0.047956 1.243852 0.069352
v -0.027080 1.222620 0.060784
v -0.027080 1.222620 0.060784
v 0.070716 1.238044 0.265900
v 0.070716 1.238044 0.265900
v 0.049329 1.258804 0.274989
v 0.049329 1.258804 0.274989
v -0.025981 1.191311 0.062559
v -0.025981 1.191311 0.062559
v 0.072702 1.206515 0.267368
v 0.072702 1.206515 0.267368
v -0.044927 1.168008 0.073602
v -0.044927 1.168008 0.073602
v 0.054598 1.180491 0.279541
v 0.054598 1.180491 0.279541
v -0.076753 1.162179 0.091742
v -0.076753 1.162179 0.091742
v 0.026655 1.177505 0.294170
v 0.026655 1.177505 0.294170
v -0.098750 1.182202 0.101551
v -0.098750 1.182202 0.101551
v 0.004861 1.197559 0.303890
v 0.004861 1.197559 0.303890
v -0.046419 1.189958 0.203945
v -0.046419 1.189958 0.203945
v -0.046419 1.189958 0.203945
v -0.097168 1.217708 0.096077
v -0.097168 1.217708 0.096077
v 0.001676 1.228859 0.303139
v 0.001676 1.228859 0.303139
v -0.049704 1.221243 0.203247
v -0.049704 1.221243 0.203247
v -0.049704 1.221243 0.203247
v -0.077377 1.241949 0.084083
v -0.077377 1.241949 0.084083
v 0.018867 1.253054 0.292428
v 0.018867 1.253054 0.292428
v -0.011871 1.195079 0.271385
v -0.011871 1.195079 0.271385
v -0.011871 1.195079 0.271385
v -0.015066 1.226377 0.270640
v -0.015066 1.226377 0.270640
v -0.015066 1.226377 0.270640
v -0.148001 1.184205 0.338712
v -0.148001 1.184205 0.338712
v -0.148001 1.184205 0.338712
v -0.181016 1.178081 0.275494
v -0.181016 1.178081 0.275494
v -0.181016 1.178081 0.275494
v -0.116717 1.204037 0.321683
v -0.116717 1.204037 0.321683
v -0.116717 1.204037 0.321683
v -0.149683 1.199149 0.257732
v -0.149683 1.199149 0.257732
v -0.149683 1.199149 0.257732
v 0.115783 1.242055 -0.011119
v 0.115783 1.242055 -0.011119
v 0.094070 1.259901 -0.001243
v 0.094070 1.259901 -0.001243
v 0.162555 1.254478 0.091289
v 0.162555 1.254478 0.091289
v 0.162555 1.254478 0.091289
v -0.197696 1.285833 0.275857
v -0.197696 1.285833 0.275857
v -0.161478 1.275341 0.257989
v -0.161478 1.275341 0.257989
v 0.205908 1.205396 0.199710
v 0.205908 1.205396 0.199710
v 0.178374 1.199872 0.214257
v 0.178374 1.199872 0.214257
v 0.073616 1.184335 0.012535
v 0.073616 1.184335 0.012535
v 0.104914 1.186292 -0.001766
v 0.104914 1.186292 -0.001766
v -0.124050 1.290189 0.314077
v -0.124050 1.290189 0.314077
v -0.163114 1.294572 0.336821
v -0.163114 1.294572 0.336821
v 0.214117 1.262123 0.191085
v 0.214117 1.262123 0.191085
v 0.220560 1.231333 0.190117
v 0.220560 1.231333 0.190117
v -0.141590 1.239435 0.250481
v -0.141590 1.239435 0.250481
v -0.108624 1.244323 0.314433
v -0.108624 1.244323 0.314433
v 0.120515 1.211471 -0.011400
v 0.120515 1.211471 -0.011400
v 0.154385 1.217619 0.225278
v 0.154385 1.217619 0.225278
v 0.148144 1.248441 0.226140
v 0.148144 1.248441 0.226140
v 0.055314 1.199781 0.022142
v 0.055314 1.199781 0.022142
v 0.051475 1.230279 0.022042
v 0.051475 1.230279 0.022042
v 0.172434 1.218951 0.091382
v 0.172434 1.218951 0.091382
v 0.172434 1.218951 0.091382
v -0.217234 1.188572 0.293362
v -0.217234 1.188572 0.293362
v -0.184267 1.193460 0.357314
v -0.184267 1.193460 0.357314
v 0.068261 1.254798 0.012224
v 0.068261 1.254798 0.012224
v 0.163118 1.274253 0.216448
v 0.163118 1.274253 0.216448
v -0.237121 1.224478 0.300870
v -0.237121 1.224478 0.300870
v -0.204154 1.229365 0.364821
v -0.204154 1.229365 0.364821
v -0.229028 1.264764 0.293619
v -0.229028 1.264764 0.293619
v -0.196062 1.269652 0.357570
v -0.196062 1.269652 0.357570
v 0.190423 1.279917 0.201939
v 0.190423 1.279917 0.201939
v 0.203790 1.228846 0.157632
v 0.203790 1.228846 0.157632
v 0.203790 1.228846 0.157632
v 0.197357 1.259638 0.158595
v 0.197357 1.259638 0.158595
v 0.197357 1.259638 0.158595
v 0.334684 1.258554 0.084823
v 0.334684 1.258554 0.084823
v 0.334684 1.258554 0.084823
v 0.301718 1.253666 0.020872
v 0.301718 1.253666 0.020872
v 0.301718 1.253666 0.020872
v 0.298466 1.269045 0.102691
v 0.298466 1.269045 0.102691
v 0.298466 1.269045 0.102691
v 0.265500 1.264158 0.038740
v 0.265500 1.264158 0.038740
v 0.265500 1.264158 0.038740
v 0.285038 1.361418 0.021235
v 0.285038 1.361418 0.021235
v 0.253705 1.340350 0.038997
v 0.253705 1.340350 0.038997
v 0.286672 1.345237 0.102948
v 0.286672 1.345237 0.102948
v 0.318004 1.366306 0.085186
v 0.318004 1.366306 0.085186
v 0.245612 1.300063 0.046248
v 0.245612 1.300063 0.046248
v 0.278579 1.304950 0.110199
v 0.278579 1.304950 0.110199
v 0.333050 1.274735 0.003110
v 0.333050 1.274735 0.003110
v 0.366017 1.279622 0.067061
v 0.366017 1.279622 0.067061
v 0.341143 1.315021 -0.004141
v 0.341143 1.315021 -0.004141
v 0.374110 1.319909 0.059810
v 0.374110 1.319909 0.059810
v 0.321256 1.350927 0.003367
v 0.321256 1.350927 0.003367
v 0.354222 1.355814 0.067318
v 0.354222 1.355814 0.067318
v -0.002010 0.272385 -0.440925
v 0.209844 0.279764 -0.387843
v 0.217586 0.405157 -0.401100
v -0.003192 0.397700 -0.454234
v 0.356244 0.296101 -0.245341
v 0.367578 0.421526 -0.258577
v 0.392355 0.316968 -0.051637
v 0.398725 0.442349 -0.064902
v 0.349527 0.337138 0.141607
v 0.361493 0.462568 0.128375
v 0.202632 0.350881 0.282398
v 0.210853 0.476279 0.269144
v -0.007250 0.354532 0.333020
v -0.008489 0.479845 0.319711
v -0.216757 0.343513 0.282829
v -0.227133 0.472406 0.266589
v -0.360796 0.330858 0.137464
v -0.374927 0.456058 0.124080
v -0.400840 0.309955 -0.056263
v -0.409242 0.435206 -0.069614
v -0.362377 0.289747 -0.249533
v -0.375897 0.414953 -0.262914
v -0.214766 0.276010 -0.390319
v -0.224944 0.401245 -0.403681
v -0.178691 1.202520 0.353526
v -0.149621 1.194767 0.338809
v -0.194604 1.231237 0.359564
v -0.124522 1.211011 0.324948
v -0.117695 1.244215 0.318446
v -0.187934 1.264017 0.353382
v -0.161520 1.284102 0.336684
v 0.358140 1.286136 0.070624
v 0.333028 1.269250 0.084859
v 0.364626 1.318424 0.064812
v 0.304001 1.277659 0.099180
v 0.288062 1.306435 0.105197
v 0.348687 1.347201 0.070829
v 0.319660 1.355609 0.085150
v -0.131028 1.279195 0.319649
v 0.294548 1.338724 0.099386
vt 0.186548 0.403151
vt 0.142072 0.419594
vt 0.141817 0.355037
vt 0.633735 0.419446
vt 0.685993 0.414827
vt 0.685479 0.433079
vt 0.140113 0.430519
vt 0.098717 0.417904
vt 0.302456 0.638890
vt 0.334910 0.644951
vt 0.357784 0.665164
vt 0.737793 0.411673
vt 0.739463 0.432790
vt 0.096727 0.407800
vt 0.043712 0.422311
vt 0.095031 0.354056
vt 0.045725 0.402293
vt 0.583275 0.434548
vt 0.583906 0.365656
vt 0.632449 0.366170
vt 0.684473 0.362740
vt 0.186403 0.424922
vt 0.186255 0.444362
vt 0.936384 0.729175
vt 0.957994 0.691772
vt 0.925291 0.689462
vt 0.685793 0.454402
vt 0.633607 0.453609
vt 0.661700 0.481563
vt 0.099037 0.441535
vt 0.073189 0.446728
vt 0.097787 0.484707
vt 0.281030 0.664684
vt 0.318027 0.688189
vt 0.887493 0.737014
vt 0.911185 0.744642
vt 0.881490 0.701517
vt 0.146669 0.467488
vt 0.145733 0.517036
vt 0.892799 0.345433
vt 0.860417 0.359325
vt 0.888689 0.307413
vt 0.185856 0.506764
vt 0.925886 0.339941
vt 0.935504 0.316868
vt 0.979147 0.330286
vt 0.844828 0.401893
vt 0.836265 0.391758
vt 0.642621 0.544470
vt 0.633553 0.573022
vt 0.599416 0.548151
vt 0.891789 0.680585
vt 0.868117 0.679619
vt 0.908442 0.310434
vt 0.843645 0.339717
vt 0.858759 0.281487
vt 0.186079 0.469867
vt 0.825003 0.749805
vt 0.847223 0.763406
vt 0.865115 0.724773
vt 0.827618 0.711642
vt 0.867156 0.776505
vt 0.824504 0.365891
vt 0.802790 0.352942
vt 0.812307 0.315129
vt 0.892006 0.660598
vt 0.868851 0.658584
vt 0.963002 0.670809
vt 0.911275 0.292905
vt 0.934412 0.296851
vt 0.948130 0.270261
vt 0.925020 0.256314
vt 0.930110 0.218116
vt 0.926433 0.668111
vt 0.892567 0.291760
vt 0.872491 0.300694
vt 0.981415 0.307256
vt 0.875783 0.282718
vt 0.224497 0.517722
vt 0.222190 0.543763
vt 0.861418 0.269385
vt 0.867114 0.247557
vt 0.891345 0.251005
vt 0.924139 0.633467
vt 0.910546 0.623124
vt 0.876516 0.630511
vt 0.857402 0.631348
vt 0.900626 0.250813
vt 0.902616 0.220021
vt 0.840046 0.661830
vt 0.847123 0.651837
vt 0.582977 0.519276
vt 0.605316 0.518305
vt 0.212586 0.592935
vt 0.238272 0.589787
vt 0.237962 0.622690
vt 0.614825 0.587681
vt 0.605238 0.572666
vt 0.824576 0.410152
vt 0.803543 0.379901
vt 0.824606 0.775063
vt 0.277491 0.580732
vt 0.359579 0.541886
vt 0.325845 0.565956
vt 0.263359 0.619026
vt 0.289343 0.598459
vt 0.501425 0.597311
vt 0.506897 0.626898
vt 0.475613 0.625933
vt 0.632756 0.587690
vt 0.835068 0.797536
vt 0.846442 0.791677
vt 0.582890 0.570231
vt 0.583188 0.458248
vt 0.253737 0.568955
vt 0.292908 0.550543
vt 0.796142 0.406192
vt 0.359691 0.525596
vt 0.230809 0.355604
vt 0.229769 0.420248
vt 0.450549 0.621714
vt 0.473719 0.651021
vt 0.206189 0.622821
vt 0.206748 0.646621
vt 0.166437 0.646727
vt 0.532853 0.419146
vt 0.532326 0.433363
vt 0.480707 0.431161
vt 0.273194 0.419184
vt 0.231602 0.431203
vt 0.293349 0.692292
vt 0.321877 0.710052
vt 0.239272 0.648245
vt 0.480644 0.412825
vt 0.425662 0.429427
vt 0.328251 0.424436
vt 0.275338 0.409094
vt 0.277701 0.355243
vt 0.328201 0.357978
vt 0.326537 0.404334
vt 0.535409 0.365438
vt 0.483513 0.360772
vt 0.428210 0.407983
vt 0.171080 0.613828
vt 0.479981 0.453729
vt 0.532826 0.453091
vt 0.504229 0.481120
vt 0.298332 0.448463
vt 0.272516 0.442856
vt 0.273070 0.486114
vt 0.476174 0.593547
vt 0.224392 0.468043
vt 0.523136 0.544246
vt 0.560626 0.518183
vt 0.566413 0.548106
vt 0.147671 0.543048
vt 0.560475 0.572688
vt 0.550783 0.587690
vt 0.532118 0.572901
vt 0.860225 0.359032
vt 0.843434 0.339363
vt 0.836046 0.391429
vt 0.979007 0.329951
vt 0.935346 0.316523
vt 0.925714 0.339646
vt 0.437217 0.583708
vt 0.424708 0.600193
vt 0.390329 0.567443
vt 0.505695 0.650284
vt 0.532504 0.588415
vt 0.541685 0.618963
vt 0.532836 0.587611
vt 0.461522 0.572548
vt 0.423611 0.553046
vt 0.879928 0.700427
vt 0.866690 0.678406
vt 0.890386 0.679539
vt 0.545354 0.651478
vt 0.582924 0.547853
vt 0.411640 0.641966
vt 0.394163 0.713071
vt 0.375877 0.703646
vt 0.395171 0.689848
vt 0.242223 0.675089
vt 0.212715 0.672603
vt 0.432810 0.666683
vt 0.470204 0.677153
vt 0.174748 0.681416
vt 0.283737 0.691717
vt 0.536185 0.685402
vt 0.499099 0.675620
vt 0.230875 0.706962
vt 0.207857 0.718139
vt 0.357371 0.722613
vt 0.335811 0.702327
vt 0.425100 0.689952
vt 0.460663 0.708219
vt 0.357900 0.648121
vt 0.480113 0.708857
vt 0.502434 0.720595
vt 0.250532 0.707001
vt 0.426870 0.719246
vt 0.457476 0.743892
vt 0.253384 0.741722
vt 0.435160 0.750954
vt 0.343043 0.584412
vt 0.315087 0.599861
vt 0.289875 0.720735
vt 0.356969 0.691407
vt 0.380273 0.646132
vt 0.418710 0.686975
vt 0.357570 0.631138
vt 0.339233 0.618699
vt 0.375722 0.619781
vt 0.398625 0.602014
vt 0.370018 0.613998
vt 0.369072 0.582510
vt 0.344962 0.611198
vt 0.634003 0.433556
vt 0.448979 0.818050
vt 0.365973 0.818051
vt 0.365973 0.809604
vt 0.365973 0.798158
vt 0.448979 0.798158
vt 0.365973 0.790418
vt 0.448979 0.790418
vt 0.365184 0.789629
vt 0.365184 0.790129
vt 0.448190 0.790129
vt 0.406202 0.798576
vt 0.378533 0.798576
vt 0.365184 0.798576
vt 0.365184 0.810021
vt 0.172039 0.817593
vt 0.217253 0.777081
vt 0.188820 0.836321
vt 0.448979 0.818550
vt 0.365973 0.818550
vt 0.406202 0.810021
vt 0.365184 0.817761
vt 0.448190 0.817761
vt 0.000000 0.000000
vt 0.448190 0.798576
vt 0.313733 0.836308
vt 0.314534 0.854661
vt 0.223469 0.855097
vt 0.448979 0.798947
vt 0.365972 0.798947
vt 0.365972 0.810393
vt 0.405795 0.810293
vt 0.379523 0.810293
vt 0.379523 0.804476
vt 0.314082 0.763074
vt 0.201299 0.772534
vt 0.223818 0.781862
vt 0.222258 0.855097
vt 0.199739 0.845769
vt 0.312522 0.836308
vt 0.448979 0.819339
vt 0.448979 0.818839
vt 0.365972 0.818839
vt 0.379523 0.844199
vt 0.379523 0.838382
vt 0.405795 0.838382
vt 0.405006 0.838382
vt 0.378734 0.838382
vt 0.378734 0.844199
vt 0.235203 0.797059
vt 0.234106 0.822181
vt 0.193092 0.777422
vt 0.379523 0.824338
vt 0.405795 0.824338
vt 0.378734 0.810293
vt 0.405006 0.810293
vt 0.405413 0.810021
vt 0.378533 0.810021
vt 0.119356 0.556129
vt 0.100519 0.574967
vt 0.100519 0.537291
vt 0.314898 0.764239
vt 0.202115 0.773700
vt 0.224635 0.783028
vt 0.448979 0.810393
vt 0.448190 0.810021
vt 0.448979 0.791207
vt 0.365972 0.791207
vt 0.405795 0.844199
vt 0.405795 0.804476
vt 0.223780 0.856996
vt 0.178742 0.856996
vt 0.178742 0.902034
vt 0.405006 0.824338
vt 0.378734 0.824338
vt 0.099659 0.576286
vt 0.112979 0.544128
vt 0.099659 0.538610
vt 0.177219 0.855097
vt 0.222258 0.900135
vt 0.044713 0.356038
vt 0.044320 0.346532
vt 0.229973 0.329527
vt 0.277971 0.345491
vt 0.739576 0.352614
vt 0.684150 0.352049
vt 0.697370 0.301454
vt 0.186304 0.353775
vt 0.142975 0.329011
vt 0.428679 0.359295
vt 0.428960 0.349320
vt 0.328735 0.348228
vt 0.630223 0.338302
vt 0.538107 0.337641
vt 0.584071 0.345045
vt 0.094900 0.344315
vt 0.186422 0.334703
vt 0.484169 0.350103
vt 0.161107 0.287341
vt 0.136604 0.301372
vt 0.705277 0.905334
vt 0.705277 0.922109
vt 0.679344 0.922109
vt 0.212284 0.287599
vt 0.186687 0.287005
vt 0.186797 0.261873
vt 0.619290 0.781001
vt 0.619290 0.765244
vt 0.695115 0.765244
vt 0.472254 0.299663
vt 0.467915 0.258460
vt 0.499719 0.263278
vt 0.623693 0.290048
vt 0.598277 0.271574
vt 0.632237 0.286104
vt 0.774244 0.942625
vt 0.747387 0.942625
vt 0.738767 0.953219
vt 0.043725 0.304102
vt 0.584395 0.296493
vt 0.559409 0.296399
vt 0.584435 0.272988
vt 0.609460 0.296616
vt 0.660272 0.294549
vt 0.670363 0.264003
vt 0.163218 0.270460
vt 0.127954 0.237200
vt 0.163470 0.218613
vt 0.389823 0.442439
vt 0.335081 0.441466
vt 0.340709 0.412045
vt 0.747836 0.305901
vt 0.702769 0.259789
vt 0.647666 0.312905
vt 0.386746 0.453055
vt 0.325525 0.441293
vt 0.095207 0.298473
vt 0.133122 0.286268
vt 0.352162 0.384023
vt 0.373321 0.384140
vt 0.750707 0.240723
vt 0.709952 0.202173
vt 0.052696 0.246370
vt 0.052025 0.215132
vt 0.076532 0.206896
vt 0.647391 0.257446
vt 0.086959 0.244259
vt 0.104261 0.239919
vt 0.619026 0.236096
vt 0.660000 0.191423
vt 0.636091 0.189960
vt 0.627734 0.142654
vt 0.053597 0.163618
vt 0.080542 0.172328
vt 0.680079 0.192943
vt 0.658283 0.138716
vt 0.681109 0.138540
vt 0.717101 0.139496
vt 0.684117 0.106555
vt 0.132340 0.188419
vt 0.112367 0.196587
vt 0.093833 0.152034
vt 0.388171 0.357585
vt 0.347054 0.350929
vt 0.349048 0.322663
vt 0.715657 0.093144
vt 0.762170 0.110290
vt 0.056115 0.084199
vt 0.073750 0.063877
vt 0.120427 0.102197
vt 0.026482 0.175667
vt 0.759433 0.152972
vt 0.389032 0.318838
vt 0.358675 0.277507
vt 0.710414 0.068429
vt 0.735531 0.049552
vt 0.654835 0.111136
vt 0.629716 0.091931
vt 0.137528 0.138964
vt 0.693759 0.073522
vt 0.679978 0.068890
vt 0.665574 0.051630
vt 0.030413 0.093144
vt 0.017090 0.139705
vt 0.738843 0.974381
vt 0.738843 0.952053
vt 0.726072 0.952389
vt 0.860835 0.905239
vt 0.886769 0.905239
vt 0.886769 0.922015
vt 0.782941 0.952053
vt 0.774320 0.941460
vt 0.912702 0.905239
vt 0.912702 0.922015
vt 0.771919 0.983182
vt 0.782941 0.974381
vt 0.653369 0.905239
vt 0.679302 0.905239
vt 0.679302 0.922015
vt 0.747387 0.941460
vt 0.774244 0.941460
vt 0.695113 0.780493
vt 0.695113 0.764736
vt 0.619289 0.764736
vt 0.705236 0.905239
vt 0.705236 0.922015
vt 0.797518 0.810015
vt 0.797518 0.885840
vt 0.812776 0.885840
vt 0.749789 0.983182
vt 0.731169 0.905239
vt 0.731169 0.922015
vt 0.878407 0.942367
vt 0.878407 0.932076
vt 0.889476 0.932076
vt 0.757102 0.905239
vt 0.757102 0.922015
vt 0.842779 0.824199
vt 0.812776 0.810015
vt 0.834420 0.942582
vt 0.848880 0.987085
vt 0.828897 0.959580
vt 0.783036 0.905239
vt 0.783036 0.922015
vt 0.848880 0.932076
vt 0.860311 0.942367
vt 0.808969 0.905239
vt 0.808969 0.922015
vt 0.865788 0.840668
vt 0.941696 0.865332
vt 0.834902 0.905239
vt 0.860835 0.922015
vt 0.834902 0.922015
vt 0.860311 0.932076
vt 0.619289 0.780493
vt 0.657201 0.808038
vt 0.783240 0.804402
vt 0.738760 0.848460
vt 0.783240 0.891453
vt 0.700727 0.742558
vt 0.613675 0.742558
vt 0.719093 0.977080
vt 0.725985 0.952389
vt 0.688050 0.940298
vt 0.685189 0.956729
vt 0.663581 0.952696
vt 0.657734 0.698384
vt 0.688137 0.940298
vt 0.685277 0.956730
vt 0.689259 0.941463
vt 0.686399 0.957895
vt 0.664784 0.953861
vt 0.689244 0.941463
vt 0.663656 0.952696
vt 0.663437 0.939515
vt 0.642761 0.673819
vt 0.642761 0.659092
vt 0.620199 0.659092
vt 0.711159 0.848460
vt 0.711159 0.885582
vt 0.664550 0.940680
vt 0.700727 0.698384
vt 0.694855 0.673820
vt 0.738760 0.833488
vt 0.738760 0.804402
vt 0.711159 0.810926
vt 0.642761 0.698384
vt 0.620199 0.673819
vt 0.860311 0.977268
vt 0.878407 0.977268
vt 0.878407 0.987085
vt 0.784044 0.953219
vt 0.817308 0.952643
vt 0.812415 0.963990
vt 0.889476 0.977268
vt 0.889475 0.987085
vt 0.775424 0.942625
vt 0.807427 0.941351
vt 0.885139 0.977268
vt 0.885139 0.942367
vt 0.895154 0.942367
vt 0.895154 0.977268
vt 0.907314 0.942367
vt 0.933272 0.977268
vt 0.907314 0.977268
vt 0.782927 0.953219
vt 0.816191 0.952643
vt 0.806311 0.941351
vt 0.782927 0.975546
vt 0.811298 0.963990
vt 0.017633 0.833272
vt 0.056956 0.816984
vt 0.056956 0.872595
vt 0.148217 0.878827
vt 0.148292 0.850520
vt 0.087972 0.850359
vt 0.057336 0.624600
vt 0.148629 0.624600
vt 0.148629 0.601565
vt 0.148367 0.822213
vt 0.057336 0.601565
vt 0.148629 0.578530
vt 0.088048 0.822052
vt 0.148443 0.793906
vt 0.057689 0.816963
vt 0.073977 0.833251
vt 0.018365 0.856286
vt 0.115016 0.647635
vt 0.093222 0.647635
vt 0.148518 0.765599
vt 0.088198 0.765438
vt 0.126744 0.670670
vt 0.148630 0.670670
vt 0.148630 0.647635
vt 0.148630 0.693705
vt 0.112523 0.736969
vt 0.126744 0.693705
vt 0.115365 0.716740
vt 0.148630 0.716740
vt 0.034654 0.872574
vt 0.057689 0.872574
vt 0.058999 0.893084
vt 0.148593 0.737292
vt 0.079015 0.913100
vt 0.010676 0.913100
vt 0.148141 0.907134
vt 0.087897 0.878666
vt 0.111995 0.935579
vt 0.087822 0.906973
vt 0.115365 0.555495
vt 0.057336 0.578530
vt 0.030325 0.892806
vt 0.058632 0.892806
vt 0.078648 0.941129
vt 0.087402 0.963585
vt 0.111653 0.963884
vt 0.093396 0.532460
vt 0.057336 0.555495
vt 0.085161 0.944589
vt 0.092897 0.963495
vt 0.114733 0.956162
vt 0.147998 0.956329
vt 0.148066 0.935441
vt 0.082239 0.693705
vt 0.082239 0.670670
vt 0.057336 0.670670
vt 0.350916 0.943997
vt 0.351049 0.906837
vt 0.328014 0.906878
vt 0.057336 0.647635
vt 0.370999 0.960271
vt 0.370999 0.913432
vt 0.266325 0.944041
vt 0.286056 0.960343
vt 0.286054 0.913504
vt 0.057336 0.716740
vt 0.093396 0.716740
vt 0.025017 0.776065
vt 0.025017 0.751549
vt 0.065511 0.751549
vt 0.035688 0.732994
vt 0.055518 0.732994
vt 0.035371 0.794927
vt 0.065511 0.776066
vt 0.392793 0.960271
vt 0.392793 0.913432
vt 0.327881 0.944038
vt 0.308023 0.913503
vt 0.308025 0.960342
vt 0.243290 0.944003
vt 0.243152 0.906843
vt 0.223631 0.913438
vt 0.266187 0.906880
vt 0.934820 0.604244
vt 0.938509 0.614767
vt 0.968382 0.600196
vt 0.983225 0.189821
vt 0.985313 0.227625
vt 0.958009 0.223140
vt 0.854912 0.563543
vt 0.842916 0.604356
vt 0.879153 0.607708
vt 0.826409 0.571991
vt 0.826955 0.593923
vt 0.813535 0.594292
vt 0.814147 0.610362
vt 0.779624 0.617354
vt 0.784252 0.594517
vt 0.822317 0.506358
vt 0.809221 0.506675
vt 0.810085 0.485108
vt 0.823381 0.485264
vt 0.810263 0.462462
vt 0.822356 0.527417
vt 0.822729 0.551865
vt 0.809744 0.552674
vt 0.827303 0.609816
vt 0.888803 0.563868
vt 0.910665 0.573316
vt 0.903960 0.538556
vt 0.878421 0.539140
vt 0.975721 0.152185
vt 0.949233 0.186357
vt 0.924665 0.537032
vt 0.928574 0.586423
vt 0.961310 0.566267
vt 0.808885 0.527056
vt 0.778785 0.523990
vt 0.782795 0.486175
vt 0.828027 0.627908
vt 0.815212 0.628641
vt 0.814503 0.645167
vt 0.800299 0.661862
vt 0.785990 0.645604
vt 0.779901 0.558755
vt 0.812808 0.572343
vt 0.789460 0.472522
vt 0.795940 0.460220
vt 0.828837 0.643040
vt 0.905078 0.154059
vt 0.904698 0.187557
vt 0.888764 0.177836
vt 0.776713 0.470919
vt 0.779965 0.460196
vt 0.762887 0.643615
vt 0.752340 0.555077
vt 0.752629 0.520226
vt 0.736570 0.519244
vt 0.732293 0.514043
vt 0.742987 0.508537
vt 0.784811 0.564091
vt 0.769412 0.592554
vt 0.765265 0.664103
vt 0.751704 0.666493
vt 0.762384 0.617273
vt 0.682815 0.494406
vt 0.719669 0.503165
vt 0.759177 0.598701
vt 0.743678 0.486333
vt 0.774852 0.663097
vt 0.759974 0.698358
vt 0.749730 0.684452
vt 0.679157 0.536042
vt 0.720693 0.535288
vt 0.719766 0.550033
vt 0.720287 0.696716
vt 0.719881 0.485597
vt 0.753282 0.628278
vt 0.747340 0.650774
vt 0.703924 0.647675
vt 0.793176 0.675394
vt 0.743313 0.553380
vt 0.744499 0.535987
vt 0.758100 0.573681
vt 0.675599 0.598870
vt 0.709981 0.574594
vt 0.757037 0.677707
vt 0.770198 0.479494
vt 0.757622 0.465392
vt 0.755071 0.478240
vt 0.679344 0.905334
vt 0.653410 0.922109
vt 0.210511 0.218688
vt 0.245976 0.237661
vt 0.210299 0.270674
vt 0.393023 0.442935
vt 0.391645 0.411302
vt 0.343324 0.413507
vt 0.422215 0.302711
vt 0.421306 0.238462
vt 0.740008 0.974381
vt 0.784106 0.974381
vt 0.773084 0.983182
vt 0.912743 0.905334
vt 0.912743 0.922109
vt 0.886810 0.922109
vt 0.748628 0.941460
vt 0.775486 0.941460
vt 0.784106 0.952053
vt 0.886810 0.905334
vt 0.860877 0.922109
vt 0.720345 0.977080
vt 0.727237 0.952389
vt 0.375384 0.384970
vt 0.354227 0.385266
vt 0.428777 0.204631
vt 0.462254 0.201804
vt 0.297923 0.207741
vt 0.322475 0.216283
vt 0.321432 0.247666
vt 0.509112 0.293607
vt 0.522439 0.257214
vt 0.269730 0.240630
vt 0.287054 0.245165
vt 0.278182 0.299475
vt 0.537005 0.285702
vt 0.550545 0.236633
vt 0.240298 0.286817
vt 0.511165 0.192381
vt 0.513853 0.141319
vt 0.543350 0.145708
vt 0.294236 0.172942
vt 0.321429 0.164439
vt 0.491583 0.193475
vt 0.491745 0.140678
vt 0.456830 0.140782
vt 0.534456 0.191357
vt 0.459343 0.095980
vt 0.489533 0.109667
vt 0.242015 0.188651
vt 0.281058 0.152404
vt 0.262012 0.197030
vt 0.389713 0.358130
vt 0.389816 0.319373
vt 0.349914 0.323979
vt 0.413936 0.111395
vt 0.254753 0.102022
vt 0.302065 0.063877
vt 0.319632 0.084487
vt 0.348595 0.176834
vt 0.415449 0.152771
vt 0.348473 0.352278
vt 0.389759 0.275962
vt 0.358657 0.278643
vt 0.441202 0.053400
vt 0.465003 0.072249
vt 0.517753 0.114715
vt 0.542414 0.096676
vt 0.237226 0.138867
vt 0.480960 0.077535
vt 0.494367 0.073370
vt 0.364712 0.223402
vt 0.508650 0.057027
vt 0.360954 0.220368
vt 0.389823 0.275434
vt 0.345424 0.093718
vt 0.362321 0.084624
vt 0.358403 0.140719
vt 0.545424 0.289722
vt 0.570663 0.271677
vt 0.329774 0.305686
vt 0.521281 0.312089
vt 0.390158 0.453585
vt 0.338272 0.443032
vt 0.236652 0.301900
vt 0.185136 0.249125
vt 0.813807 0.809576
vt 0.813807 0.885401
vt 0.798549 0.885401
vt 0.738767 0.975546
vt 0.749789 0.984347
vt 0.731210 0.905334
vt 0.731210 0.922109
vt 0.889579 0.942005
vt 0.889579 0.931715
vt 0.878510 0.931715
vt 0.757143 0.905334
vt 0.757143 0.922109
vt 0.843810 0.823761
vt 0.843810 0.871869
vt 0.848983 0.986723
vt 0.848983 0.931715
vt 0.834524 0.942220
vt 0.783077 0.905334
vt 0.783077 0.922109
vt 0.740008 0.952053
vt 0.860415 0.942005
vt 0.860415 0.931715
vt 0.809010 0.905334
vt 0.809010 0.922109
vt 0.890710 0.906239
vt 0.884450 0.826670
vt 0.932415 0.838187
vt 0.860877 0.905334
vt 0.834943 0.922109
vt 0.834943 0.905334
vt 0.878510 0.942005
vt 0.680634 0.800933
vt 0.633771 0.800933
vt 0.695115 0.781001
vt 0.739791 0.848022
vt 0.784271 0.803963
vt 0.784271 0.891014
vt 0.613677 0.743066
vt 0.700728 0.743066
vt 0.725985 0.953555
vt 0.719093 0.978245
vt 0.688050 0.941463
vt 0.663362 0.940680
vt 0.663581 0.953861
vt 0.657735 0.698891
vt 0.700728 0.698891
vt 0.685189 0.957895
vt 0.686442 0.956730
vt 0.689302 0.940298
vt 0.689259 0.939133
vt 0.664565 0.938350
vt 0.664784 0.951531
vt 0.657736 0.659600
vt 0.694857 0.659600
vt 0.694857 0.674327
vt 0.620201 0.674327
vt 0.620201 0.659600
vt 0.642763 0.659600
vt 0.664821 0.952696
vt 0.664602 0.939515
vt 0.712190 0.885143
vt 0.712190 0.848022
vt 0.657735 0.674327
vt 0.739791 0.833049
vt 0.712190 0.833049
vt 0.712190 0.810487
vt 0.642763 0.674327
vt 0.642763 0.698891
vt 0.878511 0.986723
vt 0.878511 0.976906
vt 0.860415 0.976906
vt 0.811250 0.963990
vt 0.816143 0.952643
vt 0.889580 0.986723
vt 0.889580 0.976906
vt 0.885242 0.976906
vt 0.895257 0.976906
vt 0.895257 0.942005
vt 0.907417 0.976906
vt 0.907417 0.942005
vt 0.933375 0.976906
vt 0.885242 0.942005
vt 0.807476 0.941351
vt 0.817356 0.952643
vt 0.784092 0.953219
vt 0.812463 0.963990
vt 0.034459 0.872324
vt 0.018170 0.833000
vt 0.073782 0.833000
vt 0.088966 0.850359
vt 0.149285 0.850519
vt 0.149210 0.878826
vt 0.058329 0.624600
vt 0.058329 0.601565
vt 0.149623 0.601565
vt 0.089041 0.822052
vt 0.149360 0.822213
vt 0.058329 0.578530
vt 0.149623 0.578530
vt 0.089116 0.793745
vt 0.149436 0.793906
vt 0.056657 0.817105
vt 0.017334 0.833393
vt 0.017334 0.856428
vt 0.149623 0.624600
vt 0.149623 0.647635
vt 0.116009 0.647635
vt 0.089191 0.765438
vt 0.149511 0.765599
vt 0.127737 0.670670
vt 0.149623 0.670670
vt 0.149623 0.693705
vt 0.113517 0.736969
vt 0.149586 0.737292
vt 0.127737 0.693705
vt 0.149623 0.716740
vt 0.057968 0.893226
vt 0.056657 0.872716
vt 0.033622 0.872716
vt 0.116358 0.716740
vt 0.077984 0.913242
vt 0.009645 0.913242
vt 0.077984 0.941549
vt 0.088890 0.878666
vt 0.149135 0.907133
vt 0.149059 0.935440
vt 0.112988 0.935579
vt 0.116358 0.555495
vt 0.149623 0.555495
vt 0.010497 0.940627
vt 0.010497 0.912320
vt 0.078836 0.940627
vt 0.088395 0.963585
vt 0.088738 0.935280
vt 0.058329 0.532460
vt 0.094390 0.532460
vt 0.058329 0.555495
vt 0.086154 0.944589
vt 0.115727 0.956162
vt 0.148991 0.956329
vt 0.058328 0.670670
vt 0.083232 0.670670
vt 0.083232 0.693705
vt 0.327026 0.906383
vt 0.350061 0.906343
vt 0.349927 0.943503
vt 0.058329 0.647635
vt 0.094215 0.647635
vt 0.370011 0.912938
vt 0.265336 0.943543
vt 0.265200 0.906383
vt 0.285066 0.913008
vt 0.058328 0.716740
vt 0.058328 0.693705
vt 0.025151 0.750707
vt 0.065645 0.750707
vt 0.065645 0.775223
vt 0.035144 0.732152
vt 0.054974 0.732152
vt 0.025151 0.775223
vt 0.055291 0.794085
vt 0.391805 0.912939
vt 0.391803 0.959777
vt 0.307035 0.913008
vt 0.326892 0.943543
vt 0.285067 0.959846
vt 0.222643 0.912939
vt 0.242164 0.906345
vt 0.242301 0.943505
vt 0.773236 0.043480
vt 0.710451 0.043480
vt 0.710451 0.034862
vt 0.647666 0.043480
vt 0.647666 0.034862
vt 0.584881 0.043480
vt 0.584881 0.034861
vt 0.522096 0.043480
vt 0.522096 0.034861
vt 0.459311 0.043480
vt 0.459311 0.034861
vt 0.396526 0.043479
vt 0.333741 0.043479
vt 0.333741 0.034861
vt 0.270956 0.043479
vt 0.270956 0.034861
vt 0.208171 0.043479
vt 0.208171 0.034861
vt 0.145386 0.043479
vt 0.474567 0.961634
vt 0.474567 0.827457
vt 0.608744 0.961634
vt 0.082601 0.034861
vt 0.082601 0.043479
vt 0.019816 0.043479
vt 0.145386 0.034861
vt 0.474827 0.960832
vt 0.474827 0.826655
vt 0.609003 0.826655
vt 0.881437 0.219253
vt 0.948068 0.154445
vt 0.925845 0.180317
vt 0.910574 0.611388
vt 0.963057 0.629685
vt 0.931324 0.624117
vt 0.985310 0.228488
vt 0.863365 0.723600
vt 0.845178 0.762154
vt 0.823023 0.748383
vt 0.825911 0.710187
vt 0.885687 0.736017
vt 0.824285 0.365542
vt 0.812092 0.314758
vt 0.802565 0.352582
vt 0.858574 0.281116
vt 0.867573 0.657348
vt 0.890745 0.659527
vt 0.923870 0.688663
vt 0.925164 0.667292
vt 0.961762 0.670252
vt 0.934257 0.296497
vt 0.911112 0.292545
vt 0.908274 0.310082
vt 0.947985 0.269898
vt 0.929966 0.217728
vt 0.924868 0.255941
vt 0.892395 0.291397
vt 0.981278 0.306914
vt 0.875606 0.282350
vt 0.872312 0.300331
vt 0.985058 0.262169
vt 0.891179 0.250625
vt 0.866938 0.247171
vt 0.861236 0.269009
vt 0.909573 0.622134
vt 0.923111 0.632587
vt 0.875445 0.629292
vt 0.856299 0.629995
vt 0.900464 0.250434
vt 0.902460 0.219629
vt 0.838706 0.660396
vt 0.845863 0.650439
vt 0.822453 0.773674
vt 0.803309 0.379552
vt 0.934012 0.603399
vt 0.967648 0.599582
vt 0.937631 0.613962
vt 0.983108 0.189430
vt 0.949103 0.185959
vt 0.957876 0.222759
vt 0.854284 0.562080
vt 0.888218 0.562647
vt 0.878246 0.606476
vt 0.975607 0.151776
vt 0.974625 0.135067
vt 0.947192 0.136645
vt 0.927094 0.137186
vt 0.946882 0.099890
vt 0.914287 0.093319
vt 0.877048 0.520709
vt 0.902915 0.520745
vt 0.903574 0.537412
vt 0.850616 0.523422
vt 0.877999 0.537813
vt 0.924313 0.536031
vt 0.922486 0.520117
vt 0.948146 0.517598
vt 0.947942 0.154034
vt 0.930371 0.623275
vt 0.910042 0.572262
vt 0.950008 0.532511
vt 0.960803 0.565555
vt 0.879861 0.487503
vt 0.921161 0.482609
vt 0.860593 0.496360
vt 0.904529 0.137897
vt 0.904935 0.153639
vt 0.877638 0.088230
vt 0.865511 0.121966
vt 0.886046 0.138326
vt 0.949847 0.486332
vt 0.925705 0.179912
vt 0.980001 0.100639
vt 0.927883 0.585511
vt 0.847829 0.500823
vt 0.886364 0.153961
vt 0.888610 0.177424
vt 0.845186 0.485108
vt 0.856849 0.482475
vt 0.918861 0.073197
vt 0.888416 0.062362
vt 0.918116 0.442457
vt 0.959335 0.469645
vt 0.898503 0.433246
vt 0.902816 0.409664
vt 0.918431 0.412387
vt 0.935083 0.410679
vt 0.939422 0.432829
vt 0.873962 0.470263
vt 0.973945 0.076742
vt 0.949686 0.081360
vt 0.872346 0.041725
vt 0.851874 0.056215
vt 0.873752 0.421306
vt 0.871067 0.406020
vt 0.923085 0.058287
vt 0.899956 0.047236
vt 0.884042 0.032058
vt 0.867043 0.456187
vt 0.852748 0.434238
vt 0.936444 0.029022
vt 0.914096 0.024664
vt 0.902308 0.013074
vt 0.952520 0.044943
vt 0.931618 0.034378
vt 0.924969 0.059604
vt 0.949962 0.065271
vt 0.967099 0.455118
vt 0.970781 0.062660
vt 0.989990 0.415990
vt 0.981190 0.436993
vt 0.963010 0.421142
vt 0.962927 0.407339
vt 0.968852 0.042082
vt 0.851720 0.092053
vt 0.834423 0.091800
vt 0.827707 0.102363
vt 0.849476 0.113581
vt 0.841192 0.067162
vt 0.872685 0.475248
vt 0.815522 0.095497
vt 0.843386 0.464695
vt 0.853490 0.462821
vt 0.826537 0.077233
vt 0.868044 0.461163
vt 0.904548 0.187152
vt 0.881272 0.218857
vt 0.927383 0.153487
vt 0.909683 0.610383
vt 0.841983 0.602864
vt 0.962108 0.629074
vt 0.985187 0.228113
vt 0.985191 0.227250
vt 0.956599 0.691208
vt 0.934716 0.728561
vt 0.909378 0.743875
vt 0.865054 0.775475
vt 0.888514 0.307054
vt 0.824362 0.409904
vt 0.844203 0.790530
vt 0.832773 0.796317
vt 0.795919 0.405925
vt 0.844624 0.401628
vt 0.892617 0.345140
vt 0.275443 0.750954
vt 0.013713 0.083968
vt 0.731112 0.524789
vt 0.927518 0.153902
vt 0.969324 0.598779
vt 0.969145 0.599528
vt 0.970050 0.599383
vt 0.969877 0.600132
vt 0.985186 0.262529
vt 0.145386 0.009007
vt 0.145386 0.017625
vt 0.082601 0.017625
vt 0.145386 0.026243
vt 0.082601 0.026243
vt 0.082601 0.009007
vt 0.019816 0.017625
vt 0.019816 0.026243
vt 0.019816 0.034861
vt 0.208171 0.017625
vt 0.208171 0.026243
vt 0.270956 0.009007
vt 0.270956 0.017625
vt 0.270956 0.026243
vt 0.333741 0.017625
vt 0.333741 0.026243
vt 0.396526 0.017625
vt 0.333741 0.009007
vt 0.396526 0.026243
vt 0.396526 0.034861
vt 0.459311 0.009007
vt 0.459311 0.017625
vt 0.459311 0.026243
vt 0.522096 0.009007
vt 0.522096 0.017625
vt 0.522096 0.026243
vt 0.584880 0.017625
vt 0.584880 0.026243
vt 0.647666 0.009007
vt 0.647666 0.017625
vt 0.647666 0.026243
vt 0.710451 0.017625
vt 0.710451 0.026243
vt 0.773236 0.017625
vt 0.710451 0.009007
vt 0.773236 0.026243
vt 0.773236 0.034862
vt 0.283442 0.838500
vt 0.296762 0.832983
vt 0.300062 0.836282
vt 0.302280 0.819662
vt 0.306946 0.819662
vt 0.264604 0.819662
vt 0.270121 0.832983
vt 0.266822 0.836282
vt 0.296762 0.806342
vt 0.300062 0.803042
vt 0.283442 0.800825
vt 0.283442 0.796158
vt 0.282582 0.839819
vt 0.282582 0.844486
vt 0.299202 0.837601
vt 0.301420 0.820981
vt 0.295902 0.834302
vt 0.263744 0.820981
vt 0.259077 0.820981
vt 0.265962 0.837601
vt 0.295902 0.807661
vt 0.306086 0.820981
vt 0.282582 0.802144
vt 0.299202 0.804361
vt 0.283442 0.843167
vt 0.270121 0.806342
vt 0.266822 0.803042
vt 0.259937 0.819662
vt 0.269261 0.834302
vt 0.282582 0.797477
vt 0.265962 0.804361
vt 0.269261 0.807661
vt 0.739447 0.363205
vt 0.967367 0.376279
vt 0.181270 0.583078
vt 0.967212 0.376004
vt 0.448979 0.809604
vt 0.448190 0.789629
vt 0.234034 0.795809
vt 0.232656 0.820917
vt 0.213928 0.837698
vt 0.173416 0.792484
vt 0.192145 0.775704
vt 0.200950 0.845769
vt 0.314883 0.781426
vt 0.313323 0.854660
vt 0.365973 0.819339
vt 0.405006 0.844199
vt 0.190444 0.838073
vt 0.173456 0.819533
vt 0.174553 0.794410
vt 0.215567 0.839169
vt 0.218215 0.778519
vt 0.377744 0.810021
vt 0.081681 0.556129
vt 0.087198 0.542809
vt 0.113839 0.542809
vt 0.113839 0.569449
vt 0.087198 0.569449
vt 0.315699 0.782591
vt 0.201261 0.911362
vt 0.223780 0.902034
vt 0.233108 0.879515
vt 0.201261 0.847668
vt 0.169414 0.879515
vt 0.086338 0.544128
vt 0.080821 0.557448
vt 0.086338 0.570768
vt 0.112979 0.570768
vt 0.118496 0.557448
vt 0.199739 0.909463
vt 0.177219 0.900135
vt 0.167892 0.877616
vt 0.231586 0.877616
vt 0.188514 0.249177
vt 0.389064 0.410785
vt 0.744174 0.205990
vt 0.719180 0.977080
vt 0.747463 0.941460
vt 0.749865 0.983182
vt 0.653369 0.922015
vt 0.771843 0.983182
vt 0.889476 0.942367
vt 0.842779 0.885840
vt 0.842779 0.872308
vt 0.842779 0.810015
vt 0.834420 0.976579
vt 0.860311 0.987085
vt 0.865788 0.889996
vt 0.857774 0.865332
vt 0.886769 0.825425
vt 0.912702 0.825425
vt 0.933682 0.840668
vt 0.933682 0.889996
vt 0.680632 0.800425
vt 0.633770 0.800425
vt 0.738760 0.891453
vt 0.613675 0.698384
vt 0.664565 0.940680
vt 0.657734 0.673819
vt 0.711159 0.833488
vt 0.784044 0.975546
vt 0.933272 0.942367
vt 0.774307 0.942625
vt 0.073244 0.856307
vt 0.073244 0.833272
vt 0.033921 0.872595
vt 0.017633 0.856307
vt 0.033921 0.816984
vt 0.088123 0.793745
vt 0.073977 0.856286
vt 0.018365 0.833251
vt 0.034654 0.816963
vt 0.088272 0.737131
vt 0.030692 0.893084
vt 0.058999 0.961423
vt 0.030692 0.961423
vt 0.010676 0.941407
vt 0.079015 0.941407
vt 0.087745 0.935280
vt 0.148630 0.555495
vt 0.058632 0.961145
vt 0.010309 0.912822
vt 0.030325 0.961145
vt 0.010309 0.941129
vt 0.078648 0.912822
vt 0.057336 0.532460
vt 0.115365 0.532460
vt 0.057336 0.693705
vt 0.055359 0.794927
vt 0.223633 0.960276
vt 0.823513 0.463013
vt 0.852115 0.540521
vt 0.950303 0.533345
vt 0.886514 0.154383
vt 0.754152 0.485585
vt 0.765550 0.566550
vt 0.676961 0.628426
vt 0.736852 0.451833
vt 0.653410 0.905334
vt 0.751030 0.983182
vt 0.328719 0.443031
vt 0.798549 0.809576
vt 0.771843 0.984347
vt 0.843810 0.885401
vt 0.843810 0.809576
vt 0.829000 0.959219
vt 0.834524 0.976217
vt 0.860415 0.986723
vt 0.942339 0.862146
vt 0.936284 0.887363
vt 0.916564 0.904205
vt 0.868599 0.892688
vt 0.858675 0.868728
vt 0.864730 0.843512
vt 0.910304 0.824636
vt 0.657202 0.808546
vt 0.739791 0.891014
vt 0.739791 0.803963
vt 0.613677 0.698891
vt 0.686399 0.955564
vt 0.933375 0.942005
vt 0.775472 0.942625
vt 0.784092 0.975546
vt 0.057494 0.816712
vt 0.034459 0.816712
vt 0.073782 0.856035
vt 0.057494 0.872324
vt 0.018170 0.856035
vt 0.072945 0.856428
vt 0.072945 0.833393
vt 0.033622 0.817105
vt 0.089265 0.737131
vt 0.029661 0.893226
vt 0.009645 0.941549
vt 0.029661 0.961565
vt 0.057968 0.961565
vt 0.088815 0.906973
vt 0.058820 0.892304
vt 0.078836 0.912320
vt 0.030513 0.892304
vt 0.058820 0.960643
vt 0.030513 0.960643
vt 0.112646 0.963884
vt 0.116358 0.532460
vt 0.093890 0.963495
vt 0.370009 0.959777
vt 0.094389 0.716740
vt 0.035303 0.794085
vt 0.307035 0.959846
vt 0.222643 0.959778
vt 0.633300 0.869990
vt 0.633300 0.919102
vt 0.608744 0.827457
vt 0.566211 0.986190
vt 0.517099 0.986190
vt 0.450011 0.919102
vt 0.450011 0.869989
vt 0.517099 0.802901
vt 0.566211 0.802901
vt 0.566471 0.802099
vt 0.633559 0.869187
vt 0.633559 0.918299
vt 0.609003 0.960832
vt 0.566471 0.985388
vt 0.517359 0.985388
vt 0.450270 0.918299
vt 0.450270 0.869187
vt 0.517359 0.802099
vt 0.851648 0.539005
vt 0.848674 0.416649
vt 0.019816 0.009007
vt 0.208171 0.009007
vt 0.396526 0.009007
vt 0.584881 0.009007
vt 0.773236 0.009007
vn 0.053700 0.411300 0.909900
vn -0.391900 0.357500 0.847700
vn -0.473200 0.068200 0.878300
vn -0.482600 -0.285300 -0.828100
vn -0.847500 -0.355300 -0.394300
vn -0.924300 -0.265500 -0.274200
vn 0.225100 -0.795000 0.563200
vn -0.141500 -0.227800 0.963300
vn -0.591600 -0.587300 0.552300
vn -0.447100 0.278500 0.850000
vn -0.295600 0.641500 0.707800
vn 0.402100 0.383800 0.831300
vn -0.954600 -0.260000 0.145500
vn -0.515200 0.072800 -0.853900
vn -0.478300 -0.853100 0.208300
vn -0.860200 0.096800 0.500700
vn -0.808400 0.334600 0.484300
vn -0.989700 0.119500 0.077900
vn -0.080400 -0.008900 -0.996700
vn -0.044200 -0.097000 -0.994300
vn -0.917400 -0.057300 -0.393800
vn -0.517800 -0.192800 -0.833500
vn -0.896500 -0.132800 -0.422600
vn 0.095600 0.412200 0.906000
vn 0.108800 0.429200 0.896600
vn -0.546100 -0.275400 -0.791200
vn -0.177200 -0.015700 -0.984000
vn -0.718300 0.424100 -0.551500
vn -0.470600 0.323300 -0.820900
vn -0.589400 0.273800 -0.760000
vn -0.808400 0.236800 0.538800
vn -0.165400 0.842000 -0.513400
vn 0.127100 -0.247500 0.960500
vn -0.811600 -0.005000 0.584100
vn -0.356400 -0.111000 0.927700
vn -0.703500 0.481500 -0.522600
vn -0.814800 0.435100 0.383200
vn -0.099000 0.543100 0.833800
vn 0.313800 0.199600 0.928300
vn 0.957000 -0.082500 0.278000
vn 0.206500 0.344800 0.915600
vn 0.532000 0.158900 -0.831700
vn 0.502000 -0.043500 0.863700
vn -0.398900 0.790300 -0.465000
vn -0.389800 0.895400 0.215100
vn -0.129600 0.803400 -0.581200
vn -0.746100 0.556400 0.365700
vn 0.075900 0.489800 0.868500
vn 0.900000 0.000800 -0.435900
vn 0.297300 -0.351500 0.887700
vn -0.074600 0.215500 0.973600
vn 0.190500 0.399600 0.896600
vn 0.197600 0.620500 0.758800
vn -0.096200 0.880800 0.463600
vn -0.282100 0.958300 0.044800
vn -0.701600 0.587000 0.403900
vn -0.204900 0.143100 0.968200
vn 0.123800 0.545800 0.828700
vn -0.710700 0.253600 0.656100
vn 0.040000 0.245100 0.968700
vn -0.414000 -0.319700 -0.852300
vn 0.714000 -0.687900 -0.130600
vn 0.409800 -0.544100 -0.732100
vn 0.268400 -0.621500 -0.736000
vn 0.807800 -0.580600 -0.101500
vn 0.685900 -0.278400 -0.672300
vn -0.915500 0.184300 -0.357500
vn 0.744000 -0.429900 0.511400
vn 0.229600 0.047900 0.972100
vn 0.199700 0.021500 0.979600
vn 0.240500 0.269000 0.932600
vn 0.678000 -0.140500 0.721500
vn 0.044200 0.091800 0.994800
vn 0.292600 0.245400 0.924200
vn 0.616300 -0.129600 0.776800
vn -0.955400 0.274500 0.109300
vn -0.797200 0.321700 0.510800
vn -0.182400 0.268400 0.945900
vn 0.871900 -0.488800 0.030700
vn 0.966400 -0.114800 -0.229700
vn -0.224300 0.686200 -0.691900
vn -0.244200 0.627500 -0.739300
vn -0.664300 -0.167300 -0.728400
vn -0.925400 -0.222500 0.306700
vn -0.714600 -0.688500 0.124000
vn -0.367300 -0.192900 0.909900
vn -0.008300 0.879100 0.476500
vn -0.754900 -0.408100 0.513400
vn 0.251200 -0.718000 0.649100
vn -0.188400 -0.724100 0.663400
vn -0.894700 -0.306300 0.324900
vn -0.610400 -0.210100 0.763700
vn 0.348500 0.257700 -0.901200
vn 0.258600 -0.371500 -0.891700
vn 0.787200 -0.247700 -0.564700
vn -0.412600 0.597700 0.687300
vn -0.199500 0.184300 -0.962400
vn -0.142200 0.266600 -0.953200
vn 0.562700 0.107500 0.819600
vn 0.478100 0.429200 0.766200
vn 0.897400 -0.059300 -0.437200
vn 0.745000 0.176800 -0.643100
vn -0.708600 -0.605100 -0.363000
vn -0.888600 -0.042500 -0.456700
vn -0.424500 -0.074100 -0.902300
vn 0.292800 -0.246500 -0.923900
vn 0.320300 -0.229800 -0.919000
vn 0.751200 -0.214300 -0.624300
vn 0.657000 -0.750100 0.074500
vn 0.355500 -0.237800 0.903900
vn -0.051900 -0.780000 0.623600
vn -0.717100 0.511500 0.473400
vn -0.278700 0.894300 0.350100
vn -0.980300 -0.075700 0.182000
vn 0.766100 -0.332500 -0.550000
vn 0.268900 -0.583900 -0.765900
vn 0.785800 0.195600 0.586700
vn 0.955200 0.022000 0.294900
vn 0.991300 -0.111200 0.070100
vn 0.993500 0.016400 0.112800
vn 0.345000 -0.216400 -0.913300
vn 0.822500 -0.047500 -0.566700
vn 0.844300 -0.178800 -0.505200
vn 0.855600 0.194800 0.479400
vn -0.310700 -0.540400 -0.781900
vn 0.115300 0.006700 -0.993300
vn 0.139700 0.227400 -0.963700
vn 0.168200 0.510400 -0.843300
vn 0.753000 0.009900 0.657900
vn 0.863000 0.309600 0.399100
vn 0.730900 0.088600 0.676600
vn 0.830300 0.336500 -0.444200
vn 0.421400 0.579900 0.697200
vn 0.058300 0.904500 -0.422400
vn -0.211000 0.716600 -0.664700
vn -0.200200 0.850100 -0.487100
vn 0.263200 0.936200 0.232900
vn 0.371700 0.067200 0.925900
vn 0.175400 -0.089000 0.980400
vn -0.062000 0.588900 -0.805700
vn -0.651700 0.134900 -0.746300
vn 0.914600 -0.356200 -0.191100
vn 0.996800 -0.024800 -0.076400
vn 0.703200 -0.683200 0.196500
vn 0.220800 0.114600 -0.968500
vn 0.703800 0.588600 0.397800
vn 0.406700 0.694200 0.593800
vn -0.363700 0.060300 0.929500
vn 0.317500 0.679100 0.661900
vn 0.016600 0.801600 -0.597600
vn 0.873600 0.468500 0.131700
vn 0.232600 0.971200 0.051200
vn 0.284600 0.846900 0.449100
vn 0.959500 0.133100 0.248100
vn -0.882200 0.440200 0.166900
vn -0.807400 0.497000 -0.317900
vn 0.918400 0.270000 -0.289300
vn 0.538000 0.653900 -0.531900
vn -0.434300 0.509100 -0.743100
vn 0.106700 0.627400 -0.771300
vn -0.417600 0.903100 -0.099500
vn -0.291100 0.911000 -0.292100
vn -0.085600 0.965800 0.244800
vn -0.047400 0.804600 0.591900
vn 0.707800 0.653200 -0.268800
vn 0.146000 0.974300 -0.171300
vn 0.238100 0.681800 0.691600
vn -0.076200 0.955400 -0.285100
vn -0.423900 0.893700 0.146900
vn -0.121200 0.983800 0.132100
vn 0.032600 -0.642400 0.765600
vn -0.522100 -0.058300 0.850900
vn 0.479300 0.000700 0.877600
vn 0.602500 0.760900 0.241000
vn 0.354700 0.408700 0.840800
vn -0.279000 0.395000 0.875300
vn 0.788900 0.469600 0.396300
vn 0.994600 0.089900 0.052000
vn 0.448800 0.694000 0.563000
vn 0.712500 -0.562400 0.419400
vn 0.022400 0.639900 0.768100
vn -0.511700 -0.249400 -0.822200
vn 0.581800 0.743600 -0.329300
vn 0.899200 0.036300 -0.436000
vn 0.709400 -0.635800 -0.304300
vn 0.114800 -0.993200 0.016500
vn -0.547300 -0.765800 0.337600
vn -0.883900 -0.078900 0.461000
vn 0.457300 0.067700 0.886800
vn -0.170800 0.985000 0.026400
vn -0.675700 0.683600 0.275700
vn -0.451100 -0.071900 -0.889600
vn -0.884900 -0.082700 0.458500
vn 0.436200 0.065900 0.897400
vn -0.875800 -0.189800 0.443800
vn -0.200800 0.979200 0.028700
vn 0.093300 -0.995300 0.027800
vn -0.465000 -0.053400 -0.883700
vn -0.460000 -0.082400 -0.884100
vn -0.195300 0.980700 -0.002700
vn -0.029300 0.971000 -0.237500
vn -0.476600 0.860500 0.179900
vn 0.457000 0.067700 0.886900
vn 0.844300 0.280400 -0.456700
vn -0.104700 0.994300 -0.022000
vn 0.865400 0.195300 -0.461400
vn 0.472700 0.083800 0.877200
vn 0.464700 0.107000 0.879000
vn 0.815000 -0.487800 -0.312900
vn -0.731000 0.617100 0.291300
vn 0.893700 0.142200 -0.425400
vn 0.194500 -0.980900 -0.004500
vn -0.166200 -0.973000 0.160100
vn -0.427100 -0.057800 -0.902400
vn -0.470400 -0.827000 0.308000
vn -0.750900 -0.504900 0.425700
vn 0.868000 -0.251400 -0.428200
vn -0.521000 0.835200 0.175800
vn -0.868000 0.251400 0.428200
vn 0.235100 -0.970800 -0.047000
vn 0.475800 0.823400 -0.309100
vn -0.457100 -0.067800 -0.886800
vn 0.457100 0.067800 0.886800
vn 0.476600 -0.860500 -0.179900
vn 0.194000 0.965500 -0.173800
vn 0.750900 0.504900 -0.425700
vn -0.997900 -0.005500 0.065000
vn -0.992900 0.090900 0.076500
vn 0.549300 -0.116300 0.827400
vn 0.926400 0.045300 0.373900
vn -0.778300 0.046800 -0.626100
vn -0.832500 0.278600 -0.478900
vn 0.035700 0.147300 0.988400
vn -0.426000 -0.111000 0.897900
vn 0.988800 0.077500 -0.127800
vn -0.398800 -0.209000 -0.892900
vn 0.180400 -0.191500 -0.964800
vn -0.047300 -0.446800 -0.893400
vn -0.818700 -0.027600 0.573500
vn 0.045000 -0.184200 0.981800
vn 0.590800 -0.082000 -0.802600
vn 0.098700 -0.391800 0.914700
vn -0.164200 0.066100 0.984200
vn -0.612100 0.009900 0.790700
vn 0.086600 -0.423500 0.901700
vn 0.060900 -0.723500 0.687600
vn 0.014900 -0.938800 0.344000
vn 0.179900 0.784700 0.593300
vn 0.619200 0.387800 -0.682800
vn 0.776900 -0.022500 -0.629200
vn 0.014300 -0.241400 -0.970300
vn 0.492800 -0.249600 -0.833600
vn 0.587200 -0.642000 -0.492900
vn 0.458800 -0.145000 -0.876600
vn -0.960000 0.008400 0.279900
vn -0.958100 0.197500 0.207600
vn -0.059900 -0.827800 -0.557800
vn -0.307000 -0.537800 -0.785100
vn -0.040400 -0.966600 -0.253100
vn 0.138700 -0.536100 -0.832700
vn -0.206900 0.167700 -0.963900
vn -0.275400 -0.321500 -0.906000
vn 0.496100 -0.389100 0.776100
vn 0.313400 -0.546900 0.776300
vn 0.798600 -0.577500 0.169100
vn 0.583000 -0.806800 0.095500
vn -0.906000 -0.203600 -0.371000
vn -0.049000 0.166800 -0.984700
vn -0.679300 0.090900 0.728200
vn -0.071700 -0.078600 0.994300
vn 0.937600 -0.213200 0.274600
vn 0.936500 -0.036800 -0.348600
vn -0.948100 -0.171100 0.267900
vn -0.957900 0.137100 -0.252100
vn -0.978000 0.052700 0.201800
vn -0.691000 -0.014900 0.722700
vn 0.356700 -0.431800 -0.828400
vn -0.621100 -0.228600 0.749600
vn -0.171900 -0.418500 0.891800
vn 0.713700 -0.546300 -0.438400
vn 0.436300 0.115000 -0.892400
vn 0.748700 0.506800 -0.427300
vn -0.583400 0.063300 0.809700
vn -0.053400 0.213200 0.975500
vn -0.342300 0.139500 -0.929100
vn 0.302600 0.467100 -0.830800
vn -0.263400 0.533600 -0.803600
vn -0.875400 0.365000 -0.316800
vn -0.167800 0.042900 -0.984900
vn 0.490600 -0.286200 0.823100
vn 0.323400 -0.029700 0.945800
vn 0.868900 0.304400 0.390400
vn 0.882700 -0.202300 0.424000
vn -0.889200 -0.048300 -0.454900
vn -0.961600 -0.097200 0.256500
vn 0.145400 -0.771200 0.619700
vn 0.597800 -0.746400 0.292400
vn -0.895400 0.330100 0.298800
vn 0.861500 -0.101200 -0.497500
vn -0.668000 -0.650000 -0.362300
vn -0.692300 -0.707700 0.141100
vn 0.459800 0.050700 -0.886600
vn -0.170900 -0.676500 -0.716300
vn 0.362600 -0.689100 -0.627400
vn 0.609100 -0.712200 -0.348800
vn -0.418500 -0.702800 0.575200
vn -0.886100 -0.001200 -0.463400
vn 0.409000 -0.002400 -0.912500
vn -0.994300 -0.000300 -0.107000
vn 0.867300 -0.001300 -0.497900
vn 0.994300 0.000300 0.107000
vn -0.066700 0.783100 0.618400
vn 0.741500 0.001700 0.671000
vn -0.083000 -0.629200 0.772800
vn 0.205500 0.002500 0.978700
vn 0.083000 -0.633200 -0.769600
vn -0.409000 0.002400 0.912500
vn -0.000000 -1.000000 0.002600
vn -0.867300 0.001300 0.497900
vn 0.066800 0.779800 -0.622400
vn 0.000000 1.000000 -0.002600
vn -0.205500 -0.002500 -0.978700
vn -0.741500 -0.001700 -0.671000
vn 0.107000 -0.002600 -0.994300
vn 0.032500 -0.953600 -0.299500
vn 0.014600 0.990400 -0.137700
vn 0.985900 0.071100 -0.151700
vn -0.002800 -0.999600 0.028700
vn 0.933900 -0.043100 0.355000
vn -0.055000 0.858700 0.509500
vn -0.105400 -0.168900 0.980000
vn -0.107000 0.019200 0.994100
vn -0.994700 0.003700 0.102400
vn 0.003400 -0.999600 -0.028900
vn -0.019600 0.983500 0.179800
vn 0.994300 0.000200 0.107000
vn 0.098200 0.393600 -0.914000
vn 0.080500 -0.660500 -0.746500
vn -0.004300 -0.999100 0.042100
vn 0.040400 0.925100 -0.377500
vn -0.994300 -0.000200 -0.107000
vn 0.993100 -0.117200 -0.001300
vn 0.015300 0.691600 -0.722100
vn -0.082400 -0.638400 -0.765200
vn 0.018500 0.998600 0.049300
vn -0.002500 0.105100 -0.994500
vn -0.030200 0.644400 0.764100
vn -0.983400 0.181500 -0.005400
vn -0.007000 -0.957700 -0.287600
vn -0.052800 -0.044200 0.997600
vn -0.086700 -0.745900 0.660400
vn -0.030300 -0.048400 0.998400
vn -0.044000 -0.689400 0.723100
vn 0.119300 0.655900 0.745300
vn -0.985200 0.171600 0.006400
vn 0.025000 -0.100100 0.994700
vn -0.977800 0.205200 -0.042400
vn 0.004000 0.072700 -0.997300
vn -0.008300 -0.557000 -0.830500
vn 0.071800 0.753700 -0.653300
vn 0.983000 -0.183300 0.014800
vn -0.022300 -0.996500 -0.081100
vn 0.101200 0.993700 0.047600
vn 0.940700 -0.338900 0.017500
vn -0.042400 -0.108900 -0.993100
vn -0.001100 -0.055700 0.998400
vn -0.982900 0.181400 -0.032600
vn -0.065600 -0.740000 0.669400
vn -0.901600 -0.426700 -0.070500
vn 0.894800 0.446400 0.007500
vn 0.074100 0.646600 0.759200
vn 0.004900 -0.019300 0.999800
vn -0.040600 -0.414900 0.909000
vn 0.045000 0.337700 0.940200
vn -0.114500 -0.989400 -0.089600
vn -0.736300 0.674800 0.049800
vn 0.066300 0.996100 0.058800
vn 0.753400 -0.655200 -0.056400
vn 0.991800 -0.125700 -0.021100
vn -0.953200 0.223900 0.202900
vn -0.906000 0.330900 -0.263900
vn -0.961200 0.238700 -0.137700
vn -0.909300 -0.142000 -0.391100
vn -0.851600 0.198700 -0.484900
vn -0.159400 -0.179800 -0.970700
vn 0.926100 -0.071800 0.370300
vn 0.839400 0.091100 0.535800
vn 0.066900 0.422500 0.903900
vn -0.936900 -0.032800 -0.348000
vn -0.274300 -0.305800 -0.911700
vn -0.701300 -0.137400 -0.699500
vn -0.075000 -0.477200 -0.875600
vn -0.217000 -0.687400 -0.693100
vn -0.553700 -0.366700 -0.747600
vn -0.295200 0.198200 0.934600
vn 0.136700 0.346000 0.928200
vn 0.874300 0.185600 0.448500
vn 0.499400 -0.017800 0.866100
vn 0.828800 -0.180500 -0.529600
vn -0.911000 0.138000 0.388500
vn -0.966800 0.226800 -0.117300
vn 0.364700 -0.453900 -0.813000
vn 0.251400 0.151600 0.955900
vn -0.515600 0.239700 0.822600
vn -0.040400 -0.469500 -0.882000
vn -0.907400 0.200900 0.369200
vn -0.691200 0.375000 0.617800
vn -0.029100 0.291000 0.956300
vn 0.661600 -0.316200 0.679900
vn 0.806800 -0.360900 -0.467700
vn 0.388000 -0.232700 -0.891800
vn 0.016900 0.217300 -0.975900
vn -0.829100 -0.418200 -0.371000
vn -0.852100 0.378200 0.361700
vn 0.984000 0.091400 -0.152700
vn 0.944700 -0.257500 0.202900
vn 0.871700 -0.167300 0.460500
vn 0.993600 -0.057300 -0.097000
vn 0.105600 0.118300 -0.987300
vn 0.220300 -0.898800 -0.378900
vn -0.929400 -0.026000 0.368000
vn -0.098000 -0.060600 0.993300
vn 0.063400 -0.672200 -0.737600
vn 0.080600 -0.322200 -0.943200
vn -0.883500 -0.327700 0.334700
vn -0.444900 -0.205200 -0.871700
vn 0.716100 0.079900 0.693400
vn 0.335300 -0.824900 -0.454900
vn -0.828400 -0.475900 0.295300
vn 0.435900 0.018300 -0.899800
vn 0.527000 -0.439000 0.727700
vn -0.987800 -0.003900 -0.155700
vn -0.255500 -0.850900 -0.458900
vn -0.154000 -0.493700 0.855900
vn 0.167400 -0.733000 -0.659300
vn 0.337700 -0.576300 0.744200
vn -0.961900 -0.267600 0.056500
vn 0.915900 -0.401200 0.013300
vn 0.588000 -0.228400 0.775900
vn -0.982200 -0.174700 -0.068400
vn 0.257600 -0.540400 0.801000
vn 0.002200 -0.330300 0.943800
vn -0.643100 -0.650200 0.404400
vn 0.030300 -0.606100 0.794800
vn -0.248600 -0.468800 0.847600
vn -0.666900 -0.650200 -0.363900
vn -0.726600 -0.621600 -0.292600
vn 0.942400 0.332300 -0.038600
vn 0.999300 0.033400 0.015000
vn 0.960000 -0.008400 -0.279900
vn -0.941200 0.003700 -0.337800
vn -0.562900 -0.002400 -0.826500
vn 0.854200 0.062100 -0.516200
vn -0.982700 -0.161500 -0.090600
vn -0.771300 -0.313500 0.553900
vn 0.975600 0.204500 -0.079200
vn 0.817000 0.281500 -0.503200
vn 0.875500 0.058800 0.479600
vn -0.086500 0.228300 -0.969700
vn -0.530400 -0.437400 -0.726200
vn 0.441400 -0.413600 0.796300
vn 0.825900 -0.118900 0.551000
vn 0.804700 0.152100 0.573800
vn -0.646900 -0.122600 -0.752600
vn 0.290600 -0.134900 0.947300
vn -0.665700 0.094600 -0.740200
vn -0.554500 0.453500 -0.697700
vn -0.873200 0.451900 -0.182100
vn 0.302900 0.191600 0.933600
vn 0.789300 0.099000 0.605900
vn 0.066200 0.222300 -0.972700
vn -0.008200 0.562100 -0.827000
vn 0.724100 0.431000 -0.538500
vn 0.738200 0.015900 -0.674300
vn -0.109900 0.068600 -0.991500
vn -0.038400 -0.064900 0.997100
vn -0.193200 -0.323500 0.926300
vn -0.958300 -0.147600 -0.244500
vn -0.715000 -0.261000 0.648500
vn 0.998700 -0.041300 -0.027400
vn -0.482000 -0.783700 0.391600
vn 0.038900 -0.783900 0.619700
vn 0.920200 0.390100 0.033700
vn -0.736500 0.235300 0.634200
vn -0.642700 -0.733400 -0.221400
vn 0.734000 -0.678200 -0.036100
vn 0.599900 -0.622500 -0.502500
vn -0.686100 0.033100 -0.726700
vn 0.030400 -0.664100 -0.747000
vn -0.468200 -0.701400 -0.537400
vn 0.568500 -0.685200 0.455300
vn -0.667000 -0.192300 -0.719700
vn -0.219000 0.218800 -0.950800
vn -0.603100 -0.767100 0.218700
vn 0.405700 0.029500 0.913500
vn 0.213000 -0.627100 0.749300
vn -0.030400 0.007600 0.999500
vn -0.221300 -0.635200 -0.740000
vn 0.562900 0.002400 0.826500
vn -0.006600 -1.000000 0.007400
vn 0.941200 -0.003700 0.337800
vn -0.169600 0.778200 -0.604700
vn 0.006600 1.000000 -0.007400
vn 0.030400 -0.007600 -0.999500
vn 0.612100 -0.009900 -0.790700
vn -0.280000 -0.005200 -0.960000
vn -0.091300 -0.954300 -0.284500
vn -0.031500 0.990000 -0.137800
vn -0.996700 0.078200 0.023500
vn 0.000800 -0.999500 0.032600
vn -0.869700 0.013200 0.493400
vn 0.149800 0.860000 0.487700
vn 0.274700 -0.166300 0.947000
vn 0.280100 0.021800 0.959700
vn 0.997300 -0.003700 -0.073900
vn -0.015500 -0.999600 -0.023100
vn 0.057800 0.983900 0.168900
vn -0.956600 0.090100 0.277100
vn -0.254500 0.391200 -0.884400
vn -0.228600 -0.662200 -0.713600
vn 0.005800 -0.999000 0.045200
vn -0.099500 0.924100 -0.369000
vn -0.920100 -0.279500 0.274300
vn -0.223800 0.706400 -0.671500
vn -0.040100 -0.611700 -0.790100
vn -0.066900 0.976600 0.204300
vn -0.296500 0.103900 -0.949400
vn 0.173500 0.728400 0.662800
vn 0.901600 0.364300 -0.233300
vn 0.301000 -0.937500 -0.174500
vn 0.307100 -0.016900 0.951500
vn 0.441100 -0.668500 0.598800
vn 0.276200 -0.039300 0.960300
vn 0.383700 -0.694200 0.609000
vn 0.065100 0.618800 0.782800
vn 0.889100 0.391400 -0.237500
vn 0.320800 -0.123600 0.939100
vn 0.941800 0.202400 -0.268400
vn -0.279200 0.085800 -0.956400
vn -0.085200 -0.581400 -0.809100
vn -0.390300 0.726000 -0.566200
vn -0.946900 -0.110700 0.301900
vn -0.031700 -0.980700 -0.192800
vn -0.230100 0.958000 0.171100
vn -0.837300 -0.479300 0.263000
vn -0.260800 -0.076000 -0.962400
vn 0.293100 -0.066300 0.953800
vn 0.902200 0.344200 -0.260100
vn 0.372700 -0.742300 0.556800
vn 0.901500 -0.293400 -0.318200
vn -0.920900 0.253900 0.295800
vn 0.048600 0.600500 0.798100
vn 0.277600 -0.028700 0.960300
vn 0.359900 -0.410300 0.837900
vn 0.164900 0.315200 0.934600
vn 0.244800 -0.951900 -0.184100
vn 0.605200 0.786600 -0.122600
vn -0.255100 0.953600 0.159700
vn -0.624300 -0.772500 0.116500
vn -0.920200 -0.304100 0.246700
vn 0.002900 0.301200 -0.953500
vn 0.444700 0.300500 -0.843800
vn 0.484600 -0.020300 -0.874500
vn 0.826700 0.317300 -0.464600
vn 0.884200 -0.015400 -0.466800
vn 0.927400 0.373200 -0.024900
vn 0.998500 0.054500 0.008200
vn 0.819900 0.403500 0.406000
vn 0.873900 0.081900 0.479000
vn 0.437900 0.468800 0.767100
vn 0.475500 0.162300 0.864600
vn -0.008700 0.495100 0.868800
vn -0.457100 0.468800 0.755800
vn -0.490200 0.168000 0.855300
vn -0.833000 0.387700 0.394600
vn -0.882300 0.066000 0.466000
vn -0.933700 0.356400 -0.035400
vn -0.999300 0.036800 -0.003200
vn -0.828300 0.301900 -0.471900
vn -0.008200 0.994400 -0.105600
vn -0.475200 -0.029900 -0.879400
vn -0.441700 0.291800 -0.848400
vn -0.879400 -0.031600 -0.475000
vn 0.008200 -0.994400 0.105600
vn -0.030500 -0.309300 -0.950500
vn -0.671400 0.471200 0.571900
vn -0.558300 -0.025500 -0.829200
vn -0.844500 0.245400 -0.475900
vn -0.723200 0.444600 -0.528500
vn 0.482100 0.654200 0.582700
vn 0.210500 0.961300 0.177700
vn 0.201400 0.662800 0.721200
vn 0.135600 -0.353800 0.925400
vn 0.424300 0.708500 -0.563900
vn 0.359500 0.234700 0.903100
vn -0.114700 -0.191300 0.974800
vn -0.151600 -0.217700 0.964100
vn 0.527900 0.218500 0.820700
vn 0.257300 0.931400 -0.257200
vn 0.664600 0.745000 -0.057300
vn 0.304000 0.392100 -0.868300
vn -0.228500 -0.323400 -0.918200
vn -0.480500 -0.696700 -0.532500
vn -0.762300 -0.422300 -0.490400
vn -0.026800 -0.506800 -0.861600
vn -0.251700 -0.882300 -0.397700
vn -0.404200 -0.825000 -0.394800
vn -0.495600 -0.854700 0.154700
vn -0.275800 -0.451900 0.848300
vn -0.210900 -0.615200 0.759600
vn 0.409000 -0.008700 -0.912500
vn -0.621900 -0.675200 0.396600
vn -0.420100 -0.191900 0.886900
vn -0.132800 -0.343200 0.929800
vn 0.686600 0.463400 0.560200
vn 0.840500 0.462800 0.281500
vn 0.232400 -0.053100 0.971100
vn -0.451700 -0.864300 -0.221400
vn -0.665600 -0.713100 -0.220100
vn 0.181200 0.725900 0.663400
vn 0.745300 0.654100 0.128800
vn 0.839400 0.480800 -0.253200
vn 0.654200 0.601600 -0.458300
vn 0.989300 0.038800 -0.140100
vn 0.505300 -0.859400 -0.077600
vn 0.404500 -0.654000 -0.639200
vn -0.905700 -0.234800 0.352900
vn -0.602700 0.709800 0.364600
vn -0.507000 0.546800 0.666200
vn 0.961000 0.115800 -0.251200
vn 0.921500 0.258100 -0.290200
vn 0.695800 -0.566700 -0.441300
vn -0.073600 -0.996400 -0.041000
vn 0.138800 -0.778900 -0.611600
vn -0.638800 -0.747300 -0.183100
vn -0.732600 0.587200 0.344200
vn -0.079900 0.936700 0.340800
vn -0.090200 0.973100 0.212000
vn -0.947700 -0.125700 0.293200
vn -0.756400 0.517500 0.400000
vn 0.605900 0.793700 -0.054900
vn 0.592000 0.796600 0.121800
vn 0.609300 -0.752500 -0.249800
vn 0.624900 0.679300 -0.384700
vn 0.057500 0.980100 0.189900
vn 0.396000 0.489300 0.777000
vn 0.689500 0.515500 0.508700
vn -0.052200 0.964800 0.257700
vn -0.554000 -0.773100 0.308800
vn -0.627800 -0.743600 0.229900
vn -0.640200 -0.758000 -0.125100
vn -0.973100 0.114900 -0.199700
vn 0.988300 0.126400 -0.084800
vn 0.450600 -0.871300 -0.194300
vn 0.639800 0.766300 0.059000
vn -0.895800 -0.136000 0.423000
vn -0.788900 0.261400 -0.556100
vn -0.344900 0.781000 0.520600
vn -0.663200 -0.365600 -0.653000
vn -0.998400 -0.046300 -0.032700
vn 0.608600 -0.043600 0.792200
vn 0.907700 -0.278600 -0.313600
vn 0.814400 -0.572300 -0.095600
vn -0.247700 -0.270500 -0.930300
vn -0.815900 0.291200 0.499500
vn 0.447600 -0.044600 0.893100
vn -0.096100 0.273100 0.957200
vn -0.327900 -0.269300 -0.905500
vn 0.258300 -0.959700 0.110700
vn -0.639000 -0.647500 -0.415300
vn -0.975600 0.210900 -0.061000
vn 0.095600 0.299000 0.949500
vn -0.189600 -0.099600 0.976800
vn -0.988600 0.020200 0.149400
vn -0.717500 -0.344100 -0.605700
vn -0.865000 -0.215900 0.453000
vn -0.624200 0.092200 -0.775800
vn 0.696200 -0.531600 -0.482300
vn 0.300700 -0.860300 -0.411500
vn 0.086600 -0.707600 0.701300
vn 0.041000 -0.830600 -0.555300
vn -0.343100 -0.883000 -0.320300
vn -0.954700 -0.045700 -0.294000
vn 0.545600 -0.249200 0.800100
vn -0.730800 0.236600 0.640200
vn 0.061000 -0.578800 0.813200
vn -0.905000 0.043400 0.423100
vn -0.907600 -0.250800 0.336600
vn -0.036400 -0.997700 -0.056300
vn 0.306500 0.876000 0.372400
vn 0.725900 0.115500 -0.678000
vn 0.910400 0.084100 -0.405100
vn -0.847100 -0.528400 -0.055300
vn -0.761800 -0.529400 -0.373400
vn -0.862600 -0.226300 -0.452300
vn -0.472900 -0.221900 -0.852700
vn -0.874400 -0.142300 -0.463800
vn -0.471100 -0.131400 -0.872200
vn -0.414100 -0.519800 -0.747200
vn 0.007600 -0.200600 -0.979600
vn 0.006900 -0.106300 -0.994300
vn 0.006000 -0.010800 -0.999900
vn -0.987100 -0.158700 0.019700
vn -0.997700 -0.066800 0.008600
vn -0.767500 -0.439300 0.466800
vn -0.867200 -0.129100 0.481000
vn -0.877200 -0.047100 0.477700
vn -0.488600 -0.031300 0.871900
vn -0.487000 0.069900 0.870500
vn 0.000000 0.011300 0.999900
vn -0.431500 -0.336900 0.836800
vn -0.002600 0.104300 0.994500
vn -0.004800 0.200300 0.979700
vn 0.424000 -0.343900 0.837800
vn 0.476800 -0.030500 0.878400
vn 0.474000 0.061600 0.878400
vn 0.765600 -0.425300 0.482700
vn 0.860600 -0.113800 0.496300
vn 0.870100 -0.030300 0.491900
vn 0.989400 -0.141400 0.031000
vn 0.998600 -0.049400 0.020100
vn 0.774600 -0.515500 -0.366300
vn 0.870900 -0.210400 -0.444100
vn 0.881100 -0.126000 -0.455800
vn 0.485800 -0.212300 -0.847900
vn 0.482400 -0.121600 -0.867500
vn 0.431700 -0.511200 -0.743200
vn 0.467200 0.080500 0.880500
vn 0.469300 0.076000 0.879800
vn 0.446500 0.082700 0.891000
vn 0.489000 0.058400 0.870300
vn 0.496500 0.064300 0.865600
vn 0.447400 0.060500 0.892300
vn 0.498700 0.118600 0.858600
vn 0.400400 0.121400 0.908300
vn 0.963500 -0.180000 0.198000
vn 0.598400 0.725500 -0.339900
vn 0.902400 0.007200 -0.430800
vn 0.677600 -0.681700 -0.275900
vn 0.168200 -0.985500 -0.021500
vn -0.546900 -0.766100 0.337500
vn -0.549600 -0.762600 0.341100
vn -0.549100 -0.763800 0.339300
vn -0.883700 -0.079200 0.461300
vn 0.446700 0.069700 0.892000
vn 0.482200 0.088500 0.871600
vn 0.457400 0.067800 0.886700
vn 0.457200 0.067000 0.886900
vn 0.475800 0.078700 0.876000
vn -0.081400 0.996100 -0.033900
vn -0.673300 0.686100 0.275600
vn -0.703000 0.638800 0.312600
vn -0.703100 0.638300 0.313400
vn -0.443000 -0.069700 -0.893800
vn -0.435700 -0.066200 -0.897600
vn -0.479000 -0.099000 -0.872200
vn -0.481100 -0.112600 -0.869400
vn -0.440300 -0.066300 -0.895400
vn -0.910800 0.102200 0.400000
vn 0.436700 0.080500 0.896000
vn -0.894300 -0.111100 0.433500
vn -0.200800 0.979200 0.028600
vn 0.108600 -0.993300 0.039500
vn -0.465700 -0.068600 -0.882300
vn -0.441700 -0.125200 -0.888400
vn -0.203100 0.979100 -0.000100
vn 0.164100 0.959100 -0.230600
vn 0.457400 0.067600 0.886700
vn 0.454700 0.071500 0.887800
vn 0.457100 0.067700 0.886800
vn 0.662100 0.486000 -0.570500
vn -0.104700 0.994300 -0.022100
vn 0.865200 0.195600 -0.461600
vn 0.501000 0.161700 0.850200
vn 0.499600 0.061300 0.864100
vn 0.465900 0.072700 0.881900
vn 0.439000 0.084900 0.894400
vn 0.444500 0.080400 0.892200
vn 0.477400 0.072400 0.875700
vn 0.718100 -0.627700 -0.300400
vn 0.740100 -0.585300 -0.331200
vn 0.755500 -0.555400 -0.347500
vn -0.770000 0.560900 0.304200
vn 0.859900 0.237900 -0.451700
vn 0.078700 -0.996300 0.035900
vn -0.185400 -0.964100 0.190200
vn -0.439300 -0.058200 -0.896500
vn -0.443000 -0.043400 -0.895500
vn -0.408900 -0.094000 -0.907700
vn -0.483400 -0.028700 -0.874900
vn -0.453600 -0.053600 -0.889600
vn -0.508300 -0.800200 0.318200
vn 0.238200 -0.970700 0.032200
vn 0.506300 0.797500 -0.328000
vn 0.483700 0.818500 -0.310000
vn 0.476600 0.823100 -0.308800
vn -0.931100 0.070600 -0.357900
vn 0.964400 -0.000700 -0.264300
vn 0.942900 0.004700 0.333000
vn -0.991500 -0.039500 0.123800
vn 0.992700 -0.120400 0.003400
vn 0.992900 -0.118600 0.001900
vn 0.993100 -0.117400 -0.001000
vn 0.992200 -0.124500 -0.010000
vn 0.993900 -0.110600 -0.000800
vn 0.017400 0.688500 -0.725000
vn -0.081400 -0.636200 -0.767200
vn -0.008700 0.999900 -0.009900
vn -0.005800 0.096600 -0.995300
vn -0.038500 0.657000 0.752900
vn -0.969400 0.245100 0.011500
vn -0.979400 0.201300 0.018800
vn -0.984000 0.178300 0.006900
vn -0.979500 0.201600 0.005200
vn -0.971200 0.238200 0.007800
vn -0.135300 -0.988300 -0.070000
vn -0.156900 -0.985100 -0.070800
vn -0.113500 -0.992700 -0.040800
vn -0.041100 -0.023300 0.998900
vn -0.126200 -0.711100 0.691700
vn 0.010900 -0.018600 0.999800
vn -0.056000 -0.681100 0.730100
vn -0.085400 -0.717400 0.691400
vn 0.079400 0.637400 0.766400
vn -0.987000 0.159800 0.016000
vn -0.015200 -0.141600 0.989800
vn -0.999900 0.011300 -0.006700
vn -0.997600 0.067800 -0.015900
vn -0.943100 0.331100 0.029100
vn -0.988600 0.143200 -0.046900
vn -0.999200 0.036300 -0.017300
vn 0.014500 0.051400 -0.998600
vn 0.050900 -0.607300 -0.792800
vn -0.064000 -0.599300 -0.797900
vn 0.068000 0.748900 -0.659100
vn 0.076300 0.748400 -0.658800
vn 0.999900 -0.003600 0.013700
vn 0.999700 0.019000 0.018000
vn 0.999500 -0.021300 0.021500
vn 0.993700 -0.084000 0.074000
vn 0.999500 0.027800 0.014100
vn 0.011100 -0.994000 -0.108900
vn 0.123200 0.988800 0.083800
vn 0.066300 0.994600 0.079300
vn 0.943800 -0.330200 0.010100
vn -0.001400 -0.065300 -0.997900
vn -0.008300 -0.061800 0.998100
vn -0.993100 0.117100 0.003200
vn -0.088600 -0.752600 0.652500
vn -0.893500 -0.441300 -0.082900
vn 0.908200 0.417700 0.025500
vn 0.078300 0.642300 0.762400
vn 0.003100 -0.021800 0.999800
vn -0.042100 -0.417000 0.907900
vn 0.041500 0.333300 0.941900
vn -0.007500 -0.999500 -0.032200
vn -0.750200 0.658200 0.063300
vn 0.117200 0.989900 0.080100
vn 0.807600 -0.589700 0.005700
vn 0.990200 -0.139200 -0.013800
vn 0.790900 -0.009700 -0.611900
vn -0.006600 -1.000000 0.007300
vn -0.169500 0.778200 -0.604700
vn -0.995900 0.005900 -0.090800
vn -0.857300 -0.034600 0.513700
vn 0.997500 -0.046800 -0.052100
vn -0.950900 0.032400 0.307700
vn -0.207800 -0.691700 -0.691700
vn 0.005000 -0.998900 0.047300
vn -0.917400 -0.290000 0.272700
vn -0.918500 -0.292100 0.266500
vn -0.913300 -0.287300 0.288800
vn -0.917600 -0.289300 0.272500
vn -0.921100 -0.296000 0.252900
vn -0.254900 0.669100 -0.698100
vn -0.042000 -0.609600 -0.791600
vn -0.043300 0.995700 0.081400
vn -0.300100 0.110700 -0.947500
vn 0.146800 0.623800 0.767600
vn 0.887900 0.390700 -0.243000
vn 0.884900 0.401900 -0.235300
vn 0.899800 0.387600 -0.200100
vn 0.907200 0.338200 -0.250200
vn 0.920200 0.291000 -0.261800
vn 0.263200 -0.953100 -0.149500
vn 0.252500 -0.960100 -0.120000
vn -0.012200 -0.904100 -0.427200
vn 0.303000 -0.010600 0.952900
vn 0.371700 -0.739100 0.561700
vn 0.306300 -0.055000 0.950300
vn 0.293100 -0.651500 0.699700
vn 0.330700 -0.620700 0.710900
vn 0.069000 0.617600 0.783400
vn 0.893200 0.384700 -0.232900
vn 0.310500 -0.114100 0.943700
vn 0.939500 0.212400 -0.268700
vn 0.936400 0.221800 -0.271900
vn 0.844800 0.485000 -0.226100
vn 0.833500 0.513700 -0.203400
vn 0.937800 0.215000 -0.272600
vn -0.297500 0.039900 -0.953900
vn -0.253600 -0.591900 -0.765000
vn -0.203300 -0.519700 -0.829800
vn -0.374000 0.745700 -0.551300
vn -0.364700 0.732300 -0.575000
vn -0.966000 -0.001100 0.258500
vn -0.884800 -0.130000 0.447500
vn -0.888900 -0.370000 0.270200
vn -0.955800 -0.077800 0.283400
vn -0.956600 -0.065400 0.283900
vn 0.097200 -0.985800 -0.136600
vn -0.228700 0.959400 0.165000
vn -0.302600 0.944400 0.128900
vn -0.889400 -0.405500 0.210900
vn -0.271900 -0.067000 -0.960000
vn 0.297600 -0.069000 0.952200
vn 0.902300 0.343900 -0.259900
vn 0.383400 -0.747300 0.542800
vn 0.874800 -0.337700 -0.347300
vn -0.917700 0.286700 0.274900
vn 0.055000 0.613900 0.787400
vn 0.279800 -0.030900 0.959600
vn 0.361400 -0.412000 0.836500
vn 0.168100 0.312600 0.934900
vn 0.108900 -0.993100 -0.043100
vn 0.599600 0.790500 -0.124900
vn -0.287300 0.939500 0.186400
vn -0.688500 -0.687300 0.231500
vn -0.921700 -0.300600 0.245100
vn -0.026400 -0.993300 0.112600
vn 0.033100 -0.996200 0.080600
vn 0.009700 -0.495800 -0.868400
vn -0.887800 -0.457100 0.052400
vn 0.005500 -0.302300 0.953200
vn 0.894800 -0.442000 0.062600
vn 0.468300 0.063800 0.881300
vn 0.471900 0.076800 0.878300
vn 0.402400 0.083300 0.911700
vn 0.470400 0.070200 0.879700
vn 0.494700 0.069700 0.866300
vn 0.443000 0.077700 0.893200
vn 0.507600 0.066100 0.859100
vn 0.451400 0.158600 0.878100
s 1
f 5/1/1 838/2/2 8/3/3
f 12/4/4 11/5/5 36/6/6
f 7/2/7 31/7/8 38/8/9
f 151/9/10 162/10/11 155/11/12
f 11/5/5 10/12/13 35/13/14
f 14/14/15 38/8/9 35/15/14
f 9/16/16 835/14/17 836/17/18
f 12/4/4 13/18/19 4/19/20
f 837/5/21 12/4/4 3/20/22
f 836/12/18 837/5/21 2/21/23
f 8/3/3 838/2/2 835/14/17
f 5/1/1 15/22/24 838/2/2
f 15/22/24 839/23/25 838/2/2
f 22/24/26 20/25/27 17/26/28
f 36/6/6 35/13/14 22/27/26
f 25/28/29 22/27/26 24/29/30
f 38/8/9 34/30/31 32/31/32
f 36/6/6 22/27/26 25/28/29
f 34/30/31 33/32/33 32/31/32
f 93/33/34 155/11/12 157/34/35
f 47/35/36 24/36/30 41/37/37
f 30/38/38 29/39/39 33/32/33
f 32/40/32 33/41/33 52/42/40
f 27/43/41 29/39/39 30/38/38
f 31/7/8 34/30/31 38/8/9
f 35/44/14 18/45/42 20/46/27
f 30/38/38 33/32/33 34/30/31
f 33/41/33 29/47/39 50/48/43
f 41/37/37 24/36/30 17/26/28
f 46/49/44 78/50/45 73/51/46
f 41/37/37 53/52/47 19/53/48
f 35/44/14 32/40/32 51/54/49
f 33/41/33 49/55/50 40/56/51
f 7/2/7 16/23/52 31/7/8
f 16/23/52 28/57/53 30/38/38
f 42/58/54 44/59/55 45/60/56
f 43/61/57 45/60/56 41/37/37
f 41/37/37 45/60/56 47/35/36
f 44/59/55 46/62/44 47/35/36
f 50/48/43 48/63/58 49/55/50
f 48/63/58 42/64/54 43/65/57
f 49/55/50 43/65/57 40/56/51
f 53/52/47 60/66/59 23/67/60
f 17/26/28 20/25/27 55/68/61
f 51/54/49 59/69/62 54/70/63
f 66/71/64 452/72/65 69/73/66
f 53/52/47 17/26/28 58/74/67
f 51/54/49 52/42/40 56/75/68
f 52/42/40 33/41/33 39/76/69
f 18/45/42 54/70/63 55/77/61
f 39/76/69 57/78/70 56/75/68
f 112/79/71 129/80/72 27/43/41
f 55/77/61 54/70/63 66/71/64
f 21/81/73 62/82/74 61/83/75
f 60/66/59 58/74/67 68/84/76
f 60/66/59 65/85/77 64/86/78
f 23/67/60 64/86/78 62/87/74
f 459/88/79 61/83/75 63/89/80
f 459/88/79 63/89/80 69/73/66
f 40/90/51 41/37/37 19/53/48
f 33/41/33 40/56/51 39/76/69
f 40/56/51 21/81/73 57/78/70
f 19/53/48 23/67/60 21/91/73
f 77/92/81 80/93/82 73/51/46
f 74/94/83 75/95/84 110/96/85
f 78/50/45 75/97/84 74/98/83
f 48/63/58 71/99/86 70/100/87
f 42/58/54 70/101/87 44/59/55
f 47/35/36 46/62/44 24/36/30
f 81/102/88 76/103/89 83/104/90
f 111/105/91 81/102/88 148/106/92
f 24/29/30 46/49/44 80/93/82
f 50/48/43 71/99/86 48/63/58
f 132/107/93 91/108/94 92/109/95
f 78/50/45 79/110/96 75/97/84
f 70/101/87 79/111/96 78/112/45
f 46/62/44 44/59/55 78/112/45
f 73/51/46 74/98/83 82/113/97
f 26/114/98 24/29/30 80/93/82
f 79/115/96 71/116/86 81/102/88
f 70/100/87 71/99/86 79/117/96
f 25/28/29 24/29/30 26/114/98
f 27/118/41 76/103/89 71/116/86
f 29/47/39 71/99/86 50/48/43
f 75/95/84 81/102/88 111/105/91
f 42/64/54 48/63/58 70/100/87
f 98/119/99 840/120/100 5/1/1
f 105/121/101 92/109/95 96/122/102
f 130/123/103 87/124/104 89/125/105
f 102/126/106 120/127/107 119/128/108
f 122/129/109 114/130/110 97/120/111
f 139/131/112 93/33/34 157/34/35
f 147/132/113 139/131/112 157/34/35
f 111/105/91 93/33/34 88/133/114
f 101/134/115 119/128/108 118/135/116
f 118/136/116 122/129/109 104/137/117
f 99/138/118 84/139/119 842/140/120
f 4/19/20 13/18/19 102/126/106
f 86/141/121 102/126/106 843/134/122
f 85/142/123 843/134/122 842/143/120
f 98/119/99 99/138/118 841/137/124
f 97/120/111 114/130/110 16/23/52
f 74/94/83 130/123/103 140/144/125
f 119/128/108 106/145/126 118/135/116
f 108/146/127 107/147/128 106/145/126
f 122/129/109 118/136/116 115/148/129
f 119/128/108 120/127/107 108/146/127
f 117/149/130 115/148/129 116/150/131
f 133/151/132 92/109/95 105/121/101
f 113/152/133 116/150/131 112/79/71
f 113/152/133 112/79/71 27/43/41
f 114/130/110 122/129/109 117/149/130
f 117/149/130 116/150/131 113/152/133
f 125/153/134 137/154/135 131/155/136
f 5/1/1 840/120/100 15/22/24
f 15/22/24 840/120/100 839/23/25
f 29/39/39 27/43/41 71/156/86
f 93/33/34 111/105/91 151/9/10
f 82/113/97 132/157/93 131/155/136
f 132/157/93 133/158/132 135/159/137
f 116/160/131 691/161/138 692/162/139
f 124/163/140 127/164/141 118/165/116
f 138/166/142 154/167/143 161/168/144
f 92/109/95 91/108/94 90/169/145
f 107/147/128 137/154/135 125/153/134
f 132/107/93 82/170/97 140/171/125
f 135/159/137 133/158/132 136/172/146
f 26/114/98 77/92/81 137/154/135
f 16/23/52 114/130/110 113/152/133
f 136/173/146 133/151/132 138/166/142
f 129/174/72 76/103/89 27/118/41
f 110/96/85 88/133/114 87/124/104
f 684/175/147 126/176/148 695/177/149
f 91/108/94 140/171/125 89/178/105
f 77/92/81 72/179/150 131/155/136
f 108/146/127 26/114/98 107/147/128
f 105/121/101 153/180/151 154/167/143
f 144/181/152 160/182/153 156/183/154
f 88/133/114 141/184/155 142/185/156
f 95/186/157 96/122/102 109/187/158
f 87/124/104 142/185/156 103/188/159
f 93/33/34 139/189/112 141/184/155
f 90/169/145 89/178/105 103/190/159
f 96/122/102 90/169/145 134/191/160
f 105/121/101 95/186/157 153/180/151
f 142/185/156 150/192/161 143/193/162
f 782/194/163 159/195/164 160/182/153
f 121/196/165 109/187/158 145/197/166
f 162/10/11 152/198/167 155/11/12
f 109/187/158 134/191/160 94/199/168
f 134/191/160 103/190/159 143/200/162
f 141/184/155 149/201/169 150/192/161
f 144/202/152 145/197/166 146/203/170
f 143/200/162 146/203/170 94/199/168
f 76/103/89 138/166/142 161/168/144
f 149/201/169 146/204/170 150/192/161
f 143/193/162 150/192/161 146/204/170
f 145/197/166 94/199/168 146/203/170
f 782/205/163 144/202/152 146/203/170
f 71/116/86 76/103/89 81/102/88
f 129/174/72 138/166/142 76/103/89
f 83/104/90 165/206/171 167/207/172
f 139/189/112 147/208/113 149/201/169
f 147/208/113 146/204/170 149/201/169
f 155/11/12 158/209/173 157/34/35
f 158/209/173 156/183/154 160/182/153
f 157/34/35 158/209/173 159/195/164
f 155/11/12 95/186/157 156/183/154
f 163/210/174 154/167/143 153/180/151
f 159/195/164 158/209/173 160/182/153
f 153/180/151 95/186/157 155/11/12
f 158/209/173 155/11/12 156/183/154
f 148/106/92 81/102/88 83/104/90
f 83/104/90 76/103/89 161/168/144
f 95/186/157 121/211/165 156/183/154
f 152/198/167 163/210/174 155/11/12
f 151/9/10 148/106/92 162/10/11
f 162/10/11 148/106/92 167/207/172
f 164/212/175 169/213/176 170/214/177
f 168/215/178 170/214/177 243/216/179
f 161/168/144 154/167/143 168/215/178
f 162/10/11 169/213/176 164/212/175
f 163/210/174 170/214/177 168/215/178
f 83/104/90 161/168/144 166/217/180
f 163/210/174 152/198/167 164/212/175
f 152/198/167 162/10/11 164/212/175
f 170/214/177 163/210/174 164/212/175
f 167/207/172 165/206/171 244/218/181
f 154/167/143 163/210/174 168/215/178
f 244/218/181 165/206/171 166/217/180
f 169/213/176 162/10/11 167/207/172
f 13/18/19 12/4/4 37/219/182
f 37/219/182 25/28/29 26/114/98
f 13/18/19 26/114/98 120/127/107
f 120/127/107 26/114/98 108/146/127
s off
f 844/220/183 850/221/183 848/222/183
f 849/222/184 854/223/184 852/224/184
f 855/223/185 858/225/185 856/226/185
f 859/227/186 862/228/186 860/229/186
f 863/228/187 868/230/187 861/229/187
f 883/231/188 867/232/188 873/233/188
f 874/234/189 178/235/189 880/236/189
f 879/237/190 881/238/190 172/221/190
f 875/239/191 186/240/191 878/241/191
f 177/242/192 871/242/192 185/242/192
f 181/243/193 869/230/193 876/239/193
f 884/244/194 887/245/194 895/246/194
f 937/247/195 933/248/195 935/249/195
f 877/239/196 897/250/196 894/251/196
f 870/230/197 187/231/197 888/252/197
f 188/253/198 892/254/198 898/255/198
f 978/256/199 972/257/199 942/258/199
f 903/259/200 948/260/200 950/261/200
f 921/262/201 919/263/201 909/264/201
f 982/265/202 984/266/202 986/267/202
f 925/268/203 923/269/203 913/270/203
f 920/263/204 929/271/204 927/272/204
f 974/273/205 977/274/205 905/275/205
f 962/231/206 965/276/206 924/233/206
f 1030/277/207 1029/278/207 1034/279/207
f 964/280/208 969/281/208 975/282/208
f 941/230/209 963/231/209 912/228/209
f 949/260/210 940/283/210 204/249/210
f 931/243/211 901/284/211 904/239/211
f 917/229/212 216/228/212 914/227/212
f 191/252/213 947/251/213 944/250/213
f 217/242/214 916/242/214 900/242/214
f 213/285/215 214/286/215 195/248/215
f 208/251/216 955/271/216 952/272/216
f 202/271/217 193/251/217 899/250/217
f 959/263/218 198/262/218 908/287/218
f 210/271/219 212/263/219 956/264/219
f 224/230/220 971/288/220 968/252/220
f 222/240/221 967/276/221 226/239/221
f 194/289/222 207/290/222 211/291/222
f 988/292/219 990/293/219 985/266/219
f 1036/294/223 1040/295/223 1041/296/223
f 992/250/224 995/251/224 227/252/224
f 996/272/217 999/271/217 238/251/217
f 979/274/216 229/273/216 236/293/216
f 981/287/225 232/262/225 1003/263/225
f 1000/264/226 242/263/226 240/271/226
f 237/297/222 230/256/222 233/298/222
s 1
f 169/213/176 244/218/181 243/216/179
f 166/217/180 168/215/178 243/216/179
f 169/213/176 167/207/172 244/218/181
f 9/16/16 1/299/227 254/300/228
f 98/119/99 250/301/229 249/302/230
f 254/303/228 255/304/231 268/305/232
f 6/306/233 8/3/3 252/307/234
f 85/142/123 84/308/119 248/309/235
f 2/21/23 255/304/231 254/303/228
f 99/138/118 249/302/230 248/310/235
f 2/21/23 3/20/22 256/311/236
f 86/141/121 246/312/237 245/313/238
f 8/3/3 9/16/16 253/314/239
f 6/306/233 251/315/240 250/301/229
f 3/20/22 4/19/20 245/313/238
f 85/142/123 247/316/241 246/312/237
f 261/317/242 252/307/234 785/318/243
s off
f 552/319/244 553/320/244 551/321/244
s 1
f 259/322/245 263/323/246 260/324/247
s off
f 493/325/248 501/326/248 564/327/248
s 1
f 505/328/249 514/329/250 515/330/251
f 789/331/252 273/332/253 272/333/254
s off
f 570/334/255 571/335/255 566/336/255
s 1
f 253/314/239 254/300/228 267/337/256
f 263/323/246 261/317/242 260/324/247
f 264/338/257 258/339/258 257/340/259
f 262/341/260 264/338/257 257/340/259
f 251/315/240 252/307/234 261/317/242
f 251/315/240 263/323/246 259/322/245
f 245/313/238 264/338/257 262/341/260
f 245/313/238 246/312/237 258/339/258
f 268/305/232 269/342/261 278/343/262
f 271/344/263 280/345/264 279/346/265
f 273/347/253 270/348/266 279/349/265
f 267/350/256 268/305/232 277/351/267
f 255/304/231 256/311/236 790/352/268
f 257/353/259 260/354/247 270/348/266
f 266/355/269 265/356/270 785/318/243
f 260/324/247 261/317/242 271/344/263
f 790/352/268 789/331/252 272/333/254
f 279/349/265 288/357/271 290/358/272
f 276/359/273 277/351/267 286/360/274
f 276/361/273 285/362/275 284/363/276
f 269/342/261 272/333/254 281/364/277
f 266/355/269 275/365/278 274/366/279
f 272/333/254 273/332/253 282/367/280
f 265/356/270 274/366/279 280/345/264
f 266/355/269 267/337/256 276/361/273
f 289/368/281 290/369/272 298/370/282
f 284/363/276 292/371/283 377/372/284
f 287/373/285 289/368/281 297/374/286
f 287/373/285 295/375/287 294/376/288
f 277/351/267 278/343/262 287/373/285
f 281/364/277 289/368/281 287/373/285
f 274/366/279 275/365/278 284/363/276
f 282/367/280 290/369/272 289/368/281
f 294/376/288 295/375/287 302/377/289
f 288/378/271 283/379/290 291/380/291
f 298/381/282 296/382/292 303/383/293
f 294/376/288 301/384/294 300/385/295
f 304/386/296 310/387/297 303/388/293
f 285/362/275 293/389/298 292/371/283
f 286/360/274 294/376/288 293/390/298
f 290/358/272 288/357/271 296/382/292
f 284/363/276 285/362/275 292/371/283
f 280/345/264 274/366/279 283/379/290
f 306/391/299 303/383/293 310/392/297
f 301/384/294 308/393/300 307/394/301
f 295/375/287 297/374/286 305/395/302
f 298/370/282 306/396/299 305/395/302
f 296/397/292 291/380/291 303/388/293
f 301/384/294 302/377/289 309/398/303
f 302/377/289 305/395/302 311/399/304
f 305/395/302 306/396/299 312/400/305
f 291/380/291 377/372/284 292/371/283
f 296/397/292 288/378/271 291/380/291
f 299/401/306 292/371/283 300/402/295
f 292/371/283 293/389/298 300/402/295
f 309/398/303 311/399/304 307/394/301
f 283/379/290 274/366/279 284/363/276
f 280/345/264 283/379/290 288/378/271
s off
f 335/403/307 338/404/307 346/405/307
f 316/406/308 318/407/308 317/408/308
f 338/404/309 340/409/309 344/410/309
f 318/407/310 320/411/310 319/412/310
f 331/413/309 336/414/309 335/403/309
f 320/415/311 322/416/311 321/417/311
f 337/404/311 342/418/311 341/419/311
f 329/420/312 335/421/312 313/422/312
f 322/416/313 324/423/313 323/424/313
f 337/425/314 338/426/314 343/427/314
f 321/428/311 313/403/311 314/414/311
f 324/423/315 326/429/315 325/430/315
f 367/431/316 339/432/316 341/433/316
f 313/403/311 337/404/311 339/409/311
f 326/429/317 328/434/317 327/435/317
f 369/436/318 342/437/318 343/427/318
f 317/438/318 331/439/318 315/440/318
f 328/434/319 330/441/319 329/442/319
f 336/414/309 340/409/309 338/404/309
f 319/443/320 365/444/320 331/439/320
f 330/441/309 332/445/309 331/446/309
f 332/447/321 324/448/321 320/411/321
f 334/449/322 316/406/322 315/450/322
f 332/445/323 334/449/323 333/451/323
f 314/452/324 339/432/324 367/431/324
f 321/453/318 325/454/318 329/420/318
f 348/455/325 356/456/325 346/457/325
f 335/421/326 345/458/326 347/459/326
f 313/403/327 347/460/327 348/461/327
f 337/425/328 348/455/328 346/457/328
f 352/462/329 351/463/329 360/464/329
f 345/458/330 354/465/330 347/459/330
f 348/461/311 347/460/311 351/463/311
f 346/405/309 350/466/309 349/467/309
f 356/468/311 354/469/311 359/470/311
f 354/469/331 356/468/331 355/471/331
f 357/472/332 358/473/332 362/473/332
f 363/474/332 364/475/332 361/476/332
f 350/466/333 358/473/333 357/472/333
f 356/456/334 362/477/334 358/478/334
f 355/471/309 364/479/309 363/470/309
f 354/465/335 349/480/335 357/481/335
f 355/482/334 352/483/334 361/484/334
f 353/485/335 363/474/335 360/486/335
f 366/487/324 368/488/324 340/489/324
f 367/490/336 373/491/336 371/492/336
f 368/488/316 370/493/316 344/494/316
f 367/490/336 369/495/336 375/496/336
f 372/497/337 371/498/337 373/499/337
f 374/500/338 373/499/338 375/501/338
f 370/502/339 376/503/339 375/501/339
f 365/444/340 371/498/340 372/497/340
f 368/504/341 374/505/341 376/506/341
f 368/504/309 366/507/309 372/508/309
s 1
f 283/379/290 284/363/276 377/372/284
f 291/380/291 283/379/290 377/372/284
s off
f 403/509/342 399/510/342 409/511/342
f 381/512/343 383/513/343 382/514/343
f 397/515/344 396/516/344 378/517/344
f 382/514/345 383/513/345 385/518/345
f 379/519/346 378/517/346 408/520/346
f 384/521/347 385/518/347 387/522/347
f 398/523/348 400/524/348 408/525/348
f 415/526/349 396/516/349 416/527/349
f 387/522/350 389/528/350 388/529/350
f 417/530/351 400/531/351 398/532/351
f 402/533/352 400/531/352 417/530/352
f 389/528/353 410/534/353 388/529/353
f 419/535/354 412/536/354 404/537/354
f 406/538/355 404/539/355 391/540/355
f 391/541/356 404/537/356 412/536/356
f 391/540/357 389/542/357 395/543/357
f 395/544/358 381/512/358 380/545/358
f 411/546/359 395/544/359 394/547/359
f 408/520/360 413/548/360 409/549/360
f 388/550/361 390/551/361 394/552/361
f 390/553/362 410/554/362 411/546/362
f 413/548/363 414/555/363 407/556/363
f 410/557/364 412/558/364 413/559/364
f 413/559/365 406/560/365 393/561/365
f 420/562/366 418/563/366 401/564/366
f 417/565/367 425/566/367 427/567/367
f 418/563/368 416/527/368 399/568/368
f 417/565/369 415/569/369 423/570/369
f 420/571/370 414/572/370 422/573/370
f 405/574/371 414/575/371 420/562/371
f 427/576/372 425/577/372 426/578/372
f 425/577/373 423/579/373 424/580/373
f 421/581/374 427/576/374 428/582/374
f 416/583/375 424/584/375 423/570/375
f 419/585/376 427/567/376 421/586/376
f 414/572/377 412/587/377 421/586/377
f 418/588/378 426/589/378 424/590/378
f 418/588/379 420/571/379 428/591/379
s 1
f 796/592/380 430/593/381 797/594/382
f 454/595/383 432/596/384 434/597/385
f 456/598/386 438/599/387 440/600/388
f 59/69/62 56/75/68 459/88/79
f 431/601/389 433/602/390 446/603/391
f 447/604/392 463/605/393 462/606/394
f 441/607/395 451/608/396 450/609/397
f 439/610/398 450/609/397 449/611/399
f 429/612/400 431/613/389 445/614/401
f 433/602/390 435/615/402 447/604/392
f 64/86/78 65/85/77 440/600/388
f 430/593/381 65/85/77 68/84/76
f 457/616/403 458/617/404 441/618/395
f 456/598/386 457/616/403 439/619/398
f 431/620/389 454/595/383 455/621/405
f 429/622/400 453/623/406 454/624/383
f 66/71/64 69/73/66 434/597/385
f 54/70/63 59/69/62 452/72/65
f 56/75/68 57/78/70 61/83/75
f 451/608/396 444/625/407 460/626/408
f 450/609/397 451/608/396 467/627/409
f 436/628/410 448/629/411 447/604/392
f 449/630/399 465/631/412 464/632/413
f 444/625/407 445/614/401 461/633/414
f 455/621/405 434/597/385 69/73/66
f 445/634/401 446/603/391 462/606/394
f 458/617/404 453/623/406 429/622/400
f 450/609/397 466/635/415 465/636/412
f 437/637/416 449/630/399 448/629/411
f 436/638/410 443/639/417 456/640/386
f 447/604/392 448/629/411 464/632/413
f 466/635/415 487/641/418 486/642/419
f 463/605/393 464/632/413 473/643/420
f 461/633/414 469/644/421 468/645/422
f 471/646/423 476/647/424 475/648/425
f 467/627/409 460/626/408 468/645/422
f 461/649/414 462/606/394 470/650/426
f 467/651/409 472/652/427 473/643/420
f 463/605/393 471/653/423 470/650/426
f 476/647/424 479/654/428 478/655/429
f 470/650/426 471/653/423 482/656/430
f 468/645/422 475/648/425 474/657/431
f 489/658/432 490/659/433 492/660/434
f 485/661/435 483/662/436 484/663/437
f 492/660/434 490/659/433 491/664/438
f 475/648/425 478/655/429 477/665/439
f 476/666/424 474/667/431 477/668/439
f 489/658/432 486/669/419 490/659/433
f 469/644/421 481/670/440 480/671/441
f 470/650/426 482/656/430 481/672/440
f 473/643/420 472/652/427 474/667/431
f 480/671/441 481/670/440 484/663/437
f 471/653/423 473/643/420 476/666/424
f 482/656/430 485/673/435 484/674/437
f 464/632/413 465/631/412 486/669/419
f 464/632/413 489/658/432 488/675/442
f 466/635/415 467/627/409 488/676/442
f 486/642/419 487/641/418 491/677/438
f 488/676/442 492/678/434 491/677/438
f 446/603/391 447/604/392 462/606/394
f 463/605/393 447/604/392 464/632/413
s off
f 493/679/255 551/321/255 494/680/255
s 1
f 516/681/443 517/682/444 508/683/445
f 510/684/446 519/685/447 516/686/443
f 504/687/448 513/688/449 514/329/250
s off
f 564/689/450 565/690/450 560/691/450
f 495/692/451 494/693/451 496/694/451
f 572/695/450 573/696/450 569/697/450
f 497/698/452 496/694/452 498/699/452
f 564/689/453 574/700/453 575/701/453
s 1
f 527/702/454 525/703/455 516/686/443
f 513/688/449 522/704/456 523/705/457
f 521/706/458 522/707/456 513/708/449
f 506/709/459 515/330/251 518/710/460
f 511/711/461 512/712/462 503/713/463
f 509/714/464 518/710/460 519/715/447
f 517/682/444 511/711/461 502/716/465
f 503/713/463 512/712/462 513/708/449
f 526/717/466 534/718/467 535/719/468
f 521/706/458 550/720/469 529/721/470
f 524/722/471 532/723/472 534/718/467
f 531/724/473 532/723/472 524/722/471
f 514/329/250 523/705/457 524/722/471
f 524/722/471 526/717/466 518/710/460
f 511/711/461 521/706/458 512/712/462
f 526/717/466 527/725/454 519/715/447
f 531/724/473 538/726/474 539/727/475
f 525/728/455 528/729/476 520/730/477
f 535/731/468 543/732/478 540/733/479
f 537/734/480 538/726/474 531/724/473
f 540/735/479 547/736/481 541/737/482
f 522/707/456 529/721/470 530/738/483
f 530/739/483 531/724/473 523/705/457
f 527/702/454 535/731/468 533/740/484
f 521/706/458 529/721/470 522/707/456
f 517/682/444 520/730/477 511/711/461
f 543/732/478 549/741/485 547/742/481
f 544/743/486 545/744/487 538/726/474
f 532/723/472 539/727/475 542/745/488
f 542/745/488 543/746/478 535/719/468
f 533/747/484 540/735/479 528/729/476
f 538/726/474 545/744/487 546/748/489
f 539/727/475 546/748/489 548/749/490
f 549/741/485 544/750/486 547/742/481
f 542/745/488 548/749/490 549/751/485
f 310/392/297 307/752/301 312/753/305
f 529/721/470 528/729/476 541/737/482
f 533/747/484 528/729/476 525/728/455
f 536/754/491 544/755/486 537/756/480
f 529/721/470 537/756/480 530/738/483
f 544/755/486 536/754/491 541/737/482
f 544/743/486 549/751/485 548/749/490
f 520/730/477 521/706/458 511/711/461
f 525/728/455 520/730/477 517/682/444
f 520/730/477 550/720/469 521/706/458
f 528/729/476 550/720/469 520/730/477
f 248/309/235 504/687/448 505/328/249
f 787/757/492 509/714/464 510/758/446
f 259/322/245 508/683/445 502/716/465
f 249/302/230 503/713/463 504/759/448
f 505/328/249 506/709/459 788/760/493
f 257/761/259 510/684/446 507/762/494
f 786/763/495 502/716/465 503/713/463
f 260/324/247 507/764/494 508/683/445
f 788/760/493 506/709/459 509/714/464
s off
f 571/765/496 572/766/496 567/767/496
f 500/507/255 501/768/255 493/769/255
f 554/770/497 555/771/497 553/320/497
f 598/772/498 570/773/498 568/774/498
f 568/504/255 566/336/255 501/768/255
f 556/775/499 557/776/499 555/771/499
f 572/766/500 598/777/500 599/778/500
f 560/779/500 495/780/500 497/781/500
f 558/782/501 559/783/501 557/776/501
f 567/784/450 569/697/450 565/690/450
f 594/785/502 500/786/502 495/780/502
f 560/787/450 561/788/450 559/783/450
f 553/789/503 561/790/503 498/791/503
f 499/792/504 498/699/504 563/793/504
f 562/794/505 563/793/505 561/788/505
f 596/795/506 568/774/506 500/786/506
f 556/796/500 552/797/500 558/798/500
f 585/799/507 577/800/507 575/801/507
f 576/802/508 574/803/508 564/327/508
f 577/804/509 576/805/509 501/768/509
f 567/767/510 575/801/510 577/800/510
f 581/806/511 590/807/511 589/808/511
f 583/809/512 578/810/512 574/803/512
f 577/804/255 581/806/255 580/811/255
f 578/812/450 579/813/450 575/701/450
f 585/814/255 591/815/255 588/816/255
f 582/469/513 584/471/513 585/468/513
f 591/817/514 587/818/514 586/819/514
f 589/820/514 590/821/514 593/822/514
f 586/823/515 587/824/515 579/813/515
f 587/825/516 591/826/516 585/799/516
f 592/470/450 593/479/450 584/471/450
f 583/809/517 588/827/517 586/819/517
f 584/828/516 593/829/516 590/830/516
f 589/820/517 592/831/517 582/832/517
f 569/833/506 597/834/506 595/835/506
f 600/836/255 602/837/255 596/504/255
f 573/838/498 599/839/498 597/834/498
f 596/504/518 602/837/518 604/506/518
f 601/840/519 603/841/519 602/842/519
f 603/841/520 605/843/520 604/844/520
f 604/844/521 605/843/521 599/845/521
f 601/840/522 600/846/522 594/785/522
f 605/847/450 603/848/450 597/849/450
f 597/849/450 603/848/450 601/850/450
f 627/851/523 631/852/523 637/853/523
f 610/854/524 611/855/524 609/856/524
f 625/857/525 607/858/525 606/859/525
f 610/854/526 612/860/526 613/861/526
f 607/858/527 637/862/527 636/863/527
f 612/860/528 614/864/528 615/865/528
f 626/866/529 606/867/529 636/868/529
f 624/869/530 626/870/530 643/871/530
f 616/872/531 617/873/531 615/865/531
f 645/874/532 643/871/532 626/870/532
f 645/874/533 628/875/533 630/876/533
f 638/877/534 619/878/534 617/873/534
f 647/879/535 630/876/535 632/880/535
f 619/881/536 632/882/536 634/883/536
f 640/884/537 632/880/537 619/878/537
f 617/885/538 623/886/538 615/887/538
f 608/888/539 609/856/539 623/889/539
f 623/889/540 621/890/540 639/891/540
f 641/892/541 634/893/541 636/863/541
f 616/894/542 614/895/542 622/896/542
f 618/897/543 620/898/543 639/891/543
f 633/899/544 642/900/544 635/901/544
f 638/902/545 639/891/545 641/903/545
f 621/890/546 634/904/546 641/903/546
f 629/905/547 646/906/547 648/907/547
f 655/908/548 653/909/548 645/910/548
f 627/911/549 644/912/549 646/906/549
f 645/910/550 653/909/550 651/913/550
f 648/914/551 656/915/551 650/916/551
f 633/917/552 631/918/552 648/907/552
f 654/919/553 653/920/553 655/921/553
f 652/922/554 651/923/554 653/920/554
f 656/924/555 655/921/555 649/925/555
f 651/913/556 652/926/556 644/927/556
f 649/928/557 655/908/557 647/929/557
f 642/930/558 650/916/558 649/928/558
f 652/931/559 654/932/559 646/933/559
f 646/933/560 654/932/560 656/915/560
s 1
f 1007/934/561 1006/935/562 802/936/563
f 1006/935/562 1009/937/564 805/938/565
f 1009/937/564 1011/939/566 808/940/567
f 808/940/567 1011/939/566 1013/941/568
f 811/942/569 1013/941/568 1015/943/570
f 814/944/571 1015/943/570 1017/945/572
f 1017/945/572 1019/946/573 820/947/574
f 1019/946/573 1021/948/575 823/949/576
f 1021/948/575 1023/950/577 826/951/578
f 826/951/578 1023/950/577 1025/952/579
s off
f 676/953/580 670/954/580 658/955/580
s 1
f 832/956/581 680/957/582 1007/958/561
f 829/959/583 1025/952/579 680/957/582
s off
f 1016/960/584 1022/961/584 1004/962/584
s 1
f 443/639/417 63/89/80 438/963/387
f 433/964/390 455/621/405 442/965/585
f 440/600/388 65/85/77 795/966/586
f 62/87/74 64/86/78 440/600/388
f 61/83/75 62/82/74 438/963/387
f 67/967/587 430/593/381 783/968/588
f 65/85/77 430/593/381 796/592/380
f 441/607/395 429/612/400 444/625/407
f 798/969/589 434/597/385 432/596/384
f 797/594/382 430/593/381 67/967/587
f 688/970/590 687/971/591 685/972/592
f 684/175/147 688/970/590 686/973/593
f 684/175/147 689/974/594 688/970/590
f 692/162/139 691/161/138 690/975/595
f 686/976/593 685/977/592 690/975/595
f 691/161/138 683/978/596 686/976/593
f 681/979/597 702/980/598 695/177/149
f 128/981/599 700/982/600 697/983/601
f 696/984/602 701/985/603 693/986/604
f 708/987/605 711/988/606 736/989/607
f 695/177/149 702/980/598 700/982/600
f 693/986/604 701/985/603 698/990/608
f 697/991/601 696/984/602 127/164/141
f 698/990/608 699/992/609 682/993/610
f 697/991/601 709/994/611 708/987/605
f 703/995/612 704/996/613 123/997/614
f 702/980/598 707/998/615 710/999/616
f 706/1000/617 707/998/615 702/980/598
f 704/1001/613 706/1000/617 681/979/597
f 743/1002/618 705/1003/619 703/995/612
f 711/988/606 705/1003/619 743/1002/618
f 683/1004/596 126/176/148 684/175/147
f 699/992/609 123/997/614 683/978/596
f 123/1005/614 681/979/597 126/176/148
f 685/972/592 687/971/591 712/1006/620
f 685/977/592 712/1007/620 690/975/595
f 792/1008/621 793/1009/622 714/1010/623
f 738/1011/624 739/1012/625 718/1013/626
f 740/1014/627 741/1015/628 724/1016/629
f 701/985/603 736/989/607 743/1002/618
f 715/1017/630 729/1018/631 730/1019/632
f 731/1020/633 746/1021/634 747/1022/635
f 734/1023/636 735/1024/637 725/1025/638
f 733/1026/639 734/1023/636 723/1027/640
f 713/1028/641 728/1029/642 729/1030/631
f 717/1031/643 730/1019/632 731/1020/633
f 706/1000/617 724/1016/629 707/998/615
f 714/1010/623 784/1032/644 710/999/616
f 725/1025/638 742/1033/645 741/1015/628
f 723/1027/640 741/1015/628 740/1014/627
f 715/1017/630 717/1031/643 739/1012/625
f 713/1028/641 715/1034/630 738/1035/624
f 708/987/605 718/1013/626 711/988/606
f 696/984/602 708/987/605 736/989/607
f 698/990/608 743/1002/618 703/995/612
f 735/1024/637 751/1036/646 744/1037/647
f 734/1023/636 750/1038/648 751/1036/646
f 731/1020/633 732/1039/649 720/1040/650
f 748/1041/651 749/1042/652 733/1043/639
f 744/1037/647 745/1044/653 729/1030/631
f 739/1012/625 726/1045/654 711/988/606
f 729/1018/631 745/1046/653 746/1021/634
f 713/1028/641 737/1047/655 742/1033/645
f 749/1048/652 750/1038/648 734/1023/636
f 732/1039/649 733/1043/639 721/1049/656
f 720/1040/650 721/1049/656 740/1050/627
f 731/1020/633 748/1041/651 732/1039/649
f 774/1051/657 775/1052/658 750/1038/648
f 747/1022/635 755/1053/659 757/1054/660
f 752/1055/661 753/1056/662 745/1044/653
f 759/1057/663 760/1058/664 755/1059/659
f 755/1059/659 769/1060/665 766/1061/666
f 751/1036/646 756/1062/667 752/1055/661
f 745/1046/653 753/1063/662 754/1064/668
f 757/1054/660 756/1065/667 751/1066/646
f 754/1064/668 755/1053/659 747/1022/635
f 759/1057/663 763/1067/669 764/1068/670
f 760/1069/664 761/1070/671 757/1054/660
f 757/1054/660 761/1070/671 758/1071/672
f 756/1062/667 758/1072/672 759/1057/663
f 764/1068/670 763/1067/669 762/1073/673
f 760/1069/664 764/1074/670 765/1075/674
f 765/1075/674 762/1076/673 758/1071/672
f 762/1073/673 763/1067/669 759/1057/663
f 772/1077/675 773/1078/676 769/1079/665
f 754/1064/668 768/1080/677 769/1079/665
f 766/1061/666 767/1081/678 753/1056/662
f 767/1082/678 768/1080/677 754/1064/668
f 772/1083/675 771/1084/679 770/1085/680
f 766/1061/666 770/1085/680 771/1084/679
f 773/1086/676 770/1085/680 766/1061/666
f 767/1082/678 771/1087/679 772/1077/675
f 777/1088/681 781/1089/682 778/1090/683
f 748/1041/651 777/1088/681 774/1091/657
f 776/1092/684 777/1088/681 748/1041/651
f 775/1052/658 776/1093/684 751/1036/646
f 779/1094/685 778/1090/683 781/1089/682
f 778/1095/683 779/1096/685 775/1052/658
f 780/1097/686 781/1089/682 777/1088/681
f 779/1096/685 780/1098/686 776/1093/684
f 730/1019/632 746/1021/634 731/1020/633
f 747/1022/635 748/1041/651 731/1020/633
f 727/1099/687 740/1050/627 722/1100/688
f 717/1031/643 719/1101/689 726/1045/654
f 724/1016/629 791/1102/690 707/998/615
f 704/1001/613 722/1103/688 724/1016/629
f 703/995/612 705/1003/619 722/1100/688
f 784/1032/644 714/1010/623 709/1104/611
f 792/1008/621 714/1010/623 707/998/615
f 725/1025/638 735/1024/637 728/1029/642
f 794/1105/691 716/1106/692 718/1013/626
f 709/1104/611 714/1010/623 793/1009/622
f 684/175/147 695/177/149 128/981/599
f 128/981/599 124/1107/140 106/1108/126
f 689/974/594 684/175/147 107/1109/128
f 116/160/131 683/978/596 691/161/138
f 689/974/594 125/1110/134 687/971/591
f 694/1111/693 682/993/610 116/160/131
f 116/160/131 682/993/610 683/978/596
f 690/975/595 712/1007/620 129/1112/72
f 689/974/594 107/1109/128 125/1110/134
f 692/162/139 690/975/595 129/1112/72
f 135/1113/137 136/1114/146 712/1006/620
f 125/1110/134 135/1113/137 687/971/591
f 712/1007/620 136/1115/146 129/1112/72
f 112/1116/71 692/162/139 129/1112/72
f 115/1117/129 693/986/604 694/1111/693
f 118/165/116 127/164/141 693/986/604
f 77/92/81 26/114/98 80/93/82
f 107/147/128 26/114/98 137/154/135
f 49/55/50 48/63/58 43/65/57
f 49/55/50 33/41/33 50/48/43
f 112/1116/71 116/160/131 692/162/139
f 691/161/138 686/976/593 690/975/595
f 147/208/113 782/1118/163 146/204/170
f 307/1119/301 310/387/297 304/386/296
f 58/74/67 55/68/61 783/968/588
f 700/982/600 710/999/616 784/1032/644
f 479/654/428 477/665/439 478/655/429
f 482/1120/430 480/671/441 483/662/436
f 471/646/423 468/645/422 480/671/441
f 250/301/229 786/763/495 249/302/230
f 720/1040/650 705/1099/619 711/1045/606
f 443/639/417 436/638/410 63/639/80
f 250/301/229 259/322/245 786/763/495
f 720/1040/650 727/1099/687 705/1099/619
f 252/307/234 253/314/239 785/318/243
f 726/1045/654 719/1101/689 711/1045/606
f 261/317/242 785/318/243 265/356/270
f 435/1121/402 442/965/585 69/965/66
f 69/965/66 63/639/80 436/638/410
f 788/760/493 787/757/492 258/339/258
f 258/339/258 787/757/492 510/758/446
f 246/312/237 247/316/241 788/760/493
f 262/341/260 789/331/252 790/352/268
f 262/341/260 257/340/259 273/332/253
f 268/305/232 255/304/231 790/352/268
f 86/141/121 85/142/123 246/312/237
f 4/19/20 86/141/121 245/313/238
f 256/311/236 3/20/22 245/313/238
f 255/304/231 2/21/23 256/311/236
f 716/1122/692 794/1123/691 793/1009/622
f 738/1035/624 793/1009/622 737/1047/655
f 737/1047/655 792/1008/621 791/1102/690
f 742/1033/645 791/1102/690 724/1016/629
f 709/994/611 794/1105/691 718/1013/626
f 432/1124/384 797/594/382 798/1125/589
f 797/594/382 454/624/383 453/623/406
f 795/966/586 796/592/380 453/623/406
f 440/600/388 795/966/586 458/617/404
f 67/1126/587 66/71/64 434/597/385
f 677/1127/694 831/1128/695 834/1129/696
f 831/1128/695 830/1130/697 833/1131/698
f 830/1130/697 829/959/583 832/956/581
f 679/1132/699 834/1129/696 799/1133/700
f 834/1129/696 833/1131/698 800/1134/701
f 833/1131/698 832/956/581 801/1135/702
f 828/1136/703 831/1128/695 677/1127/694
f 828/1136/703 827/1137/704 830/1130/697
f 826/951/578 829/959/583 830/1130/697
f 673/1138/705 825/1139/706 828/1136/703
f 824/1140/707 827/1137/704 828/1136/703
f 823/949/576 826/951/578 827/1137/704
f 822/1141/708 825/1139/706 673/1138/705
f 821/1142/709 824/1140/707 825/1139/706
f 820/947/574 823/949/576 824/1140/707
f 819/1143/710 822/1141/708 671/1144/711
f 818/1145/712 821/1142/709 822/1141/708
f 817/1146/713 820/947/574 821/1142/709
f 667/1147/714 816/1148/715 819/1143/710
f 816/1148/715 815/1149/716 818/1145/712
f 815/1149/716 814/944/571 817/1146/713
f 665/1150/717 813/1151/718 816/1148/715
f 813/1151/718 812/1152/719 815/1149/716
f 812/1152/719 811/942/569 814/944/571
f 810/1153/720 813/1151/718 665/1150/717
f 810/1153/720 809/1154/721 812/1152/719
f 809/1154/721 808/940/567 811/942/569
f 661/1155/722 807/1156/723 810/1153/720
f 806/1157/724 809/1154/721 810/1153/720
f 806/1157/724 805/938/565 808/940/567
f 804/1158/725 807/1156/723 661/1155/722
f 803/1159/726 806/1157/724 807/1156/723
f 802/936/563 805/938/565 806/1157/724
f 799/1160/700 804/1158/725 659/1161/727
f 800/1162/701 803/1159/726 804/1158/725
f 801/1163/702 802/936/563 803/1159/726
s off
f 1029/1164/728 1028/1165/728 946/1166/728
f 1030/1167/729 954/1168/729 946/1166/729
f 1032/1169/730 1031/1170/730 896/1171/730
f 1033/1172/731 958/1173/731 954/1168/731
f 1034/1174/732 922/1175/732 958/1173/732
f 1036/1176/223 970/1177/223 994/1178/223
f 1037/1179/223 1035/1180/223 994/1178/223
f 1039/1181/223 991/1182/223 976/1183/223
f 1040/1184/223 1037/1179/223 998/1185/223
f 1041/1186/223 1040/1184/223 1002/1187/223
f 1029/1164/733 890/1188/733 896/1171/733
f 1034/1174/734 1042/1189/734 200/1190/734
f 1042/1189/735 1032/1169/735 930/1191/735
f 1036/1176/223 1038/1192/223 976/1183/223
f 1041/1186/223 987/1193/223 234/1194/223
f 1043/1195/223 234/1194/223 991/1182/223
s 1
f 6/306/233 5/1/1 8/3/3
f 37/219/182 12/4/4 36/6/6
f 14/14/15 7/2/7 38/8/9
f 93/33/34 151/9/10 155/11/12
f 36/6/6 11/5/5 35/13/14
f 10/17/13 14/14/15 35/15/14
f 1/299/227 9/16/16 836/17/18
f 3/20/22 12/4/4 4/19/20
f 2/21/23 837/5/21 3/20/22
f 1/1196/227 836/12/18 2/21/23
f 9/16/16 8/3/3 835/14/17
f 24/36/30 22/24/26 17/26/28
f 35/15/14 38/8/9 32/31/32
f 37/219/182 36/6/6 25/28/29
f 51/54/49 32/40/32 52/42/40
f 28/57/53 27/43/41 30/38/38
f 22/1197/26 35/44/14 20/46/27
f 31/7/8 30/38/38 34/30/31
f 53/52/47 41/37/37 17/26/28
f 80/93/82 46/49/44 73/51/46
f 18/45/42 35/44/14 51/54/49
f 31/7/8 16/23/52 30/38/38
f 43/61/57 42/58/54 45/60/56
f 40/90/51 43/61/57 41/37/37
f 45/60/56 44/59/55 47/35/36
f 19/53/48 53/52/47 23/67/60
f 58/74/67 17/26/28 55/68/61
f 18/45/42 51/54/49 54/70/63
f 60/66/59 53/52/47 58/74/67
f 59/69/62 51/54/49 56/75/68
f 20/46/27 18/45/42 55/77/61
f 52/42/40 39/76/69 56/75/68
f 67/1126/587 55/77/61 66/71/64
f 57/78/70 21/81/73 61/83/75
f 65/85/77 60/66/59 68/84/76
f 23/67/60 60/66/59 64/86/78
f 21/91/73 23/67/60 62/87/74
f 452/72/65 459/88/79 69/73/66
f 39/76/69 40/56/51 57/78/70
f 40/90/51 19/53/48 21/91/73
f 72/179/150 77/92/81 73/51/46
f 130/123/103 74/94/83 110/96/85
f 73/51/46 78/50/45 74/98/83
f 151/9/10 111/105/91 148/106/92
f 133/151/132 132/107/93 92/109/95
f 44/59/55 70/101/87 78/112/45
f 72/179/150 73/51/46 82/113/97
f 75/95/84 79/115/96 81/102/88
f 110/96/85 75/95/84 111/105/91
f 6/306/233 98/119/99 5/1/1
f 95/186/157 105/121/101 96/122/102
f 140/144/125 130/123/103 89/125/105
f 101/134/115 102/126/106 119/128/108
f 104/137/117 122/129/109 97/120/111
f 159/195/164 147/132/113 157/34/35
f 110/96/85 111/105/91 88/133/114
f 100/143/736 101/134/115 118/135/116
f 100/140/736 118/136/116 104/137/117
f 841/137/124 99/138/118 842/140/120
f 86/141/121 4/19/20 102/126/106
f 85/142/123 86/141/121 843/134/122
f 84/308/119 85/142/123 842/143/120
f 840/120/100 98/119/99 841/137/124
f 82/1198/97 74/94/83 140/144/125
f 117/149/130 122/129/109 115/148/129
f 106/145/126 119/128/108 108/146/127
f 138/166/142 133/151/132 105/121/101
f 28/57/53 113/152/133 27/43/41
f 114/130/110 117/149/130 113/152/133
f 135/159/137 125/153/134 131/155/136
f 72/179/150 82/113/97 131/155/136
f 131/155/136 132/157/93 135/159/137
f 106/1199/126 124/163/140 118/165/116
f 96/122/102 92/109/95 90/169/145
f 91/108/94 132/107/93 140/171/125
f 28/57/53 16/23/52 113/152/133
f 129/174/72 136/173/146 138/166/142
f 130/123/103 110/96/85 87/124/104
f 90/169/145 91/108/94 89/178/105
f 137/154/135 77/92/81 131/155/136
f 138/166/142 105/121/101 154/167/143
f 121/211/165 144/181/152 156/183/154
f 87/124/104 88/133/114 142/185/156
f 121/196/165 95/186/157 109/187/158
f 89/125/105 87/124/104 103/188/159
f 88/133/114 93/33/34 141/184/155
f 134/191/160 90/169/145 103/190/159
f 109/187/158 96/122/102 134/191/160
f 103/188/159 142/185/156 143/193/162
f 160/182/153 144/181/152 782/194/163
f 782/194/163 147/132/113 159/195/164
f 144/202/152 121/196/165 145/197/166
f 145/197/166 109/187/158 94/199/168
f 94/199/168 134/191/160 143/200/162
f 142/185/156 141/184/155 150/192/161
f 148/106/92 83/104/90 167/207/172
f 141/184/155 139/189/112 149/201/169
f 163/210/174 153/180/151 155/11/12
f 166/217/180 161/168/144 168/215/178
f 165/206/171 83/104/90 166/217/180
f 243/216/179 244/218/181 166/217/180
f 26/114/98 13/18/19 37/219/182
f 102/126/106 13/18/19 120/127/107
s off
f 846/1200/737 844/220/737 848/222/737
f 847/1200/738 849/222/738 852/224/738
f 853/224/739 855/223/739 856/226/739
f 857/1201/740 859/227/740 860/229/740
f 864/243/741 861/229/741 868/230/741
f 863/228/742 866/232/742 882/231/742
f 882/231/743 868/230/743 863/228/743
f 885/276/744 883/231/744 873/233/744
f 176/1202/745 174/1203/745 851/1204/745
f 851/1204/746 880/236/746 176/1202/746
f 874/234/747 182/1205/747 178/235/747
f 180/1206/748 178/235/748 182/1205/748
f 176/1202/749 880/236/749 178/235/749
f 845/220/750 879/237/750 172/221/750
f 878/241/751 872/284/751 875/239/751
f 875/239/752 886/276/752 186/240/752
f 184/233/753 186/240/753 886/276/753
f 185/242/754 171/242/754 175/242/754
f 173/242/755 175/242/755 171/242/755
f 177/242/756 179/242/756 865/242/756
f 865/242/757 871/242/757 177/242/757
f 185/242/758 175/242/758 177/242/758
f 183/284/759 181/243/759 876/239/759
f 889/1207/760 884/244/760 895/246/760
f 939/283/761 937/247/761 935/249/761
f 189/276/762 877/239/762 894/251/762
f 891/288/763 870/230/763 888/252/763
f 190/1208/764 188/253/764 898/255/764
f 906/1209/765 978/256/765 942/258/765
f 961/1210/766 903/259/766 950/261/766
f 907/287/767 921/262/767 909/264/767
f 980/1211/202 982/265/202 986/267/202
f 951/1212/223 936/1213/223 934/1214/223
f 934/1214/768 913/270/768 960/1215/768
f 911/1216/769 925/268/769 913/270/769
f 923/269/770 960/1215/770 913/270/770
f 951/1212/223 934/1214/223 960/1215/223
f 910/264/771 920/263/771 927/272/771
f 966/1217/772 974/273/772 905/275/772
f 926/232/773 962/231/773 924/233/773
f 1032/1218/774 1042/1219/774 1034/279/774
f 1034/279/775 1033/1220/775 1030/277/775
f 1030/277/776 1028/1221/776 1029/278/776
f 1029/278/777 1031/1222/777 1032/1218/777
f 1032/1218/778 1034/279/778 1029/278/778
f 225/1223/779 964/280/779 975/282/779
f 912/228/780 918/229/780 941/230/780
f 932/243/781 941/230/781 918/229/781
f 963/231/782 218/232/782 912/228/782
f 205/261/783 949/260/783 204/249/783
f 943/230/784 931/243/784 904/239/784
f 915/1201/785 917/229/785 914/227/785
f 893/288/786 191/252/786 944/250/786
f 203/242/787 206/242/787 938/242/787
f 902/242/788 900/242/788 916/242/788
f 217/242/789 215/242/789 916/242/789
f 916/242/790 938/242/790 902/242/790
f 206/242/791 902/242/791 938/242/791
f 196/247/792 213/285/792 195/248/792
f 945/250/216 208/251/216 952/272/216
f 928/272/217 202/271/217 899/250/217
f 957/264/202 959/263/202 908/287/202
f 953/272/219 210/271/219 956/264/219
f 223/231/793 224/230/793 968/252/793
f 226/239/794 219/284/794 221/241/794
f 221/241/795 222/240/795 226/239/795
f 220/233/796 967/276/796 222/240/796
f 211/291/222 197/1224/222 199/1225/222
f 199/1225/222 201/1226/222 194/289/222
f 194/289/222 192/1227/222 207/290/222
f 207/290/222 209/1228/222 211/291/222
f 211/291/222 199/1225/222 194/289/222
f 983/265/219 988/292/219 985/266/219
f 1041/296/223 1043/1229/223 1036/294/223
f 1039/1230/223 1038/1231/223 1036/294/223
f 1036/294/223 1035/1232/223 1037/1233/223
f 1037/1233/223 1040/295/223 1036/294/223
f 1043/1229/223 1039/1230/223 1036/294/223
f 973/288/224 992/250/224 227/252/224
f 993/250/217 996/272/217 238/251/217
f 989/292/216 979/274/216 236/293/216
f 1001/264/225 981/287/225 1003/263/225
f 997/272/226 1000/264/226 240/271/226
f 233/298/222 231/1234/222 241/1235/222
f 241/1235/222 239/1236/222 237/297/222
f 237/297/222 228/257/222 230/256/222
f 230/256/222 235/1237/222 233/298/222
f 233/298/222 241/1235/222 237/297/222
s 1
f 170/214/177 169/213/176 243/216/179
f 253/314/239 9/16/16 254/300/228
f 99/138/118 98/119/99 249/302/230
f 267/350/256 254/303/228 268/305/232
f 251/315/240 6/306/233 252/307/234
f 247/316/241 85/142/123 248/309/235
f 1/1196/227 2/21/23 254/303/228
f 84/139/119 99/138/118 248/310/235
f 252/307/234 8/3/3 253/314/239
f 98/119/99 6/306/233 250/301/229
s off
f 493/679/244 552/319/244 551/321/244
f 558/798/248 493/325/248 564/327/248
s 1
f 506/709/459 505/328/249 515/330/251
s off
f 568/504/255 570/334/255 566/336/255
s 1
f 266/355/269 253/314/239 267/337/256
f 263/323/246 251/315/240 261/317/242
f 250/301/229 251/315/240 259/322/245
f 256/311/236 245/313/238 262/341/260
f 264/338/257 245/313/238 258/339/258
f 277/351/267 268/305/232 278/343/262
f 270/1238/266 271/344/263 279/346/265
f 282/1239/280 273/347/253 279/349/265
f 276/359/273 267/350/256 277/351/267
f 273/347/253 257/353/259 270/348/266
f 253/314/239 266/355/269 785/318/243
f 270/1238/266 260/324/247 271/344/263
f 269/342/261 790/352/268 272/333/254
f 282/1239/280 279/349/265 290/358/272
f 285/1240/275 276/359/273 286/360/274
f 275/365/278 276/361/273 284/363/276
f 278/343/262 269/342/261 281/364/277
f 265/356/270 266/355/269 274/366/279
f 281/364/277 272/333/254 282/367/280
f 271/344/263 265/356/270 280/345/264
f 275/365/278 266/355/269 276/361/273
f 297/374/286 289/368/281 298/370/282
f 295/375/287 287/373/285 297/374/286
f 286/360/274 287/373/285 294/376/288
f 286/360/274 277/351/267 287/373/285
f 278/343/262 281/364/277 287/373/285
f 281/364/277 282/367/280 289/368/281
f 301/384/294 294/376/288 302/377/289
f 306/391/299 298/381/282 303/383/293
f 293/390/298 294/376/288 300/385/295
f 291/380/291 304/386/296 303/388/293
f 285/1240/275 286/360/274 293/390/298
f 298/381/282 290/358/272 296/382/292
f 312/753/305 306/391/299 310/392/297
f 300/385/295 301/384/294 307/394/301
f 302/377/289 295/375/287 305/395/302
f 297/374/286 298/370/282 305/395/302
f 308/393/300 301/384/294 309/398/303
f 309/398/303 302/377/289 311/399/304
f 311/399/304 305/395/302 312/400/305
f 292/371/283 299/401/306 304/386/296
f 304/386/296 291/380/291 292/371/283
f 307/1119/301 299/401/306 300/402/295
f 312/400/305 307/394/301 311/399/304
f 308/393/300 309/398/303 307/394/301
f 279/346/265 280/345/264 288/378/271
s off
f 345/1241/797 335/403/797 346/405/797
f 315/450/308 316/406/308 317/408/308
f 343/1242/309 338/404/309 344/410/309
f 317/408/310 318/407/310 319/412/310
f 329/1243/309 331/413/309 335/403/309
f 319/1244/311 320/415/311 321/417/311
f 339/409/311 337/404/311 341/419/311
f 321/453/312 329/420/312 313/422/312
f 321/417/313 322/416/313 323/424/313
f 342/437/314 337/425/314 343/427/314
f 319/1245/311 321/428/311 314/414/311
f 323/424/315 324/423/315 325/430/315
f 369/1246/316 367/431/316 341/433/316
f 314/414/311 313/403/311 339/409/311
f 325/430/317 326/429/317 327/435/317
f 343/427/318 344/1247/318 370/1248/318
f 370/1248/318 369/436/318 343/427/318
f 341/1249/318 342/437/318 369/436/318
f 333/1250/318 315/440/318 331/439/318
f 317/438/318 319/443/318 331/439/318
f 327/435/319 328/434/319 329/442/319
f 335/403/309 336/414/309 338/404/309
f 336/1251/320 331/439/320 366/487/320
f 319/443/320 314/452/320 365/444/320
f 366/487/320 331/439/320 365/444/320
f 329/442/309 330/441/309 331/446/309
f 320/411/321 318/407/321 316/1252/321
f 316/1252/321 334/1253/321 332/447/321
f 332/447/321 330/1254/321 328/1255/321
f 328/1255/321 326/1256/321 332/447/321
f 324/448/321 322/1257/321 320/411/321
f 320/411/321 316/1252/321 332/447/321
f 332/447/321 326/1256/321 324/448/321
f 333/451/322 334/449/322 315/450/322
f 331/446/323 332/445/323 333/451/323
f 365/444/324 314/452/324 367/431/324
f 327/1258/318 329/420/318 325/454/318
f 321/453/318 323/1259/318 325/454/318
f 350/1260/325 346/457/325 356/456/325
f 348/455/325 352/483/325 355/482/325
f 355/482/325 356/456/325 348/455/325
f 313/422/326 335/421/326 347/459/326
f 337/404/798 313/403/798 348/461/798
f 338/426/328 337/425/328 346/457/328
f 361/473/799 352/462/799 360/464/799
f 351/1261/330 347/459/330 353/485/330
f 345/458/330 349/480/330 354/465/330
f 354/465/330 353/485/330 347/459/330
f 352/462/336 348/461/336 351/463/336
f 345/1241/309 346/405/309 349/467/309
f 362/1262/311 356/468/311 359/470/311
f 353/469/331 354/469/331 355/471/331
f 359/464/332 357/472/332 362/473/332
f 360/486/332 363/474/332 361/476/332
f 349/467/800 350/466/800 357/472/800
f 350/1260/334 356/456/334 358/478/334
f 353/469/341 355/471/341 363/470/341
f 359/1263/335 354/465/335 357/481/335
f 364/1264/334 355/482/334 361/484/334
f 351/1261/335 353/485/335 360/486/335
f 336/1251/324 366/487/324 340/489/324
f 365/1265/311 367/490/311 371/492/311
f 340/489/316 368/488/316 344/494/316
f 373/491/336 367/490/336 375/496/336
f 374/500/337 372/497/337 373/499/337
f 376/503/338 374/500/338 375/501/338
f 369/1266/339 370/502/339 375/501/339
f 366/487/340 365/444/340 372/497/340
f 370/1267/309 368/504/309 376/506/309
f 374/505/341 368/504/341 372/508/341
f 379/1268/801 409/511/801 397/1269/801
f 407/1270/802 405/1271/802 409/511/802
f 403/509/803 401/1272/803 399/510/803
f 399/510/804 397/1269/804 409/511/804
f 409/511/805 405/1271/805 403/509/805
f 380/545/806 381/512/806 382/514/806
f 379/519/807 397/515/807 378/517/807
f 384/521/808 382/514/808 385/518/808
f 409/549/809 379/519/809 408/520/809
f 386/1273/810 384/521/810 387/522/810
f 404/539/811 406/538/811 402/1274/811
f 408/525/812 378/1275/812 398/523/812
f 396/1276/813 398/523/813 378/1275/813
f 400/524/814 402/1274/814 408/525/814
f 406/538/815 408/525/815 402/1274/815
f 397/515/816 399/568/816 416/527/816
f 415/526/817 398/532/817 396/516/817
f 397/515/818 416/527/818 396/516/818
f 386/1273/819 387/522/819 388/529/819
f 415/526/820 417/530/820 398/532/820
f 419/535/821 402/533/821 417/530/821
f 390/1277/822 388/529/822 410/534/822
f 389/528/823 391/541/823 410/534/823
f 402/533/824 419/535/824 404/537/824
f 393/1278/825 406/538/825 391/540/825
f 410/534/826 391/541/826 412/536/826
f 385/1279/827 383/1280/827 381/1281/827
f 381/1281/828 395/543/828 387/1282/828
f 393/1278/829 391/540/829 395/543/829
f 389/542/830 387/1282/830 395/543/830
f 385/1279/831 381/1281/831 387/1282/831
f 394/547/832 395/544/832 380/545/832
f 394/547/833 392/1283/833 411/546/833
f 411/546/834 393/561/834 395/544/834
f 407/556/835 409/549/835 413/548/835
f 408/520/836 406/1284/836 413/548/836
f 394/552/837 380/1285/837 386/1286/837
f 382/1287/838 384/1288/838 380/1285/838
f 386/1286/839 388/550/839 394/552/839
f 390/551/840 392/1289/840 394/552/840
f 380/1285/841 384/1288/841 386/1286/841
f 392/1283/842 390/553/842 411/546/842
f 405/1290/843 407/556/843 414/555/843
f 413/548/844 412/1291/844 414/555/844
f 411/546/845 410/557/845 413/559/845
f 411/546/846 413/559/846 393/561/846
f 403/1292/847 420/562/847 401/564/847
f 419/585/848 417/565/848 427/567/848
f 401/564/849 418/563/849 399/568/849
f 425/566/850 417/565/850 423/570/850
f 428/591/851 420/571/851 422/573/851
f 403/1292/852 405/574/852 420/562/852
f 428/582/853 427/576/853 426/578/853
f 426/578/854 425/577/854 424/580/854
f 422/1293/855 421/581/855 428/582/855
f 415/569/856 416/583/856 423/570/856
f 412/587/857 419/585/857 421/586/857
f 422/573/858 414/572/858 421/586/858
f 416/1294/859 418/588/859 424/590/859
f 426/589/860 418/588/860 428/591/860
s 1
f 455/621/405 454/595/383 434/597/385
f 457/616/403 456/598/386 440/600/388
f 452/72/65 59/69/62 459/88/79
f 445/634/401 431/601/389 446/603/391
f 439/610/398 441/607/395 450/609/397
f 437/1295/416 439/610/398 449/611/399
f 444/625/407 429/612/400 445/614/401
f 446/603/391 433/602/390 447/604/392
f 783/968/588 430/593/381 68/84/76
f 439/619/398 457/616/403 441/618/395
f 437/1296/416 456/598/386 439/619/398
f 433/964/390 431/620/389 455/621/405
f 431/1297/389 429/622/400 454/624/383
f 66/71/64 54/70/63 452/72/65
f 459/88/79 56/75/68 61/83/75
f 467/627/409 451/608/396 460/626/408
f 466/635/415 450/609/397 467/627/409
f 435/615/402 436/628/410 447/604/392
f 448/629/411 449/630/399 464/632/413
f 460/626/408 444/625/407 461/633/414
f 442/965/585 455/621/405 69/73/66
f 461/649/414 445/634/401 462/606/394
f 441/618/395 458/617/404 429/622/400
f 449/611/399 450/609/397 465/636/412
f 436/628/410 437/637/416 448/629/411
f 437/1298/416 436/638/410 456/640/386
f 465/636/412 466/635/415 486/642/419
f 471/653/423 463/605/393 473/643/420
f 460/626/408 461/633/414 468/645/422
f 468/645/422 471/646/423 475/648/425
f 472/1299/427 467/627/409 468/645/422
f 469/1300/421 461/649/414 470/650/426
f 464/632/413 467/651/409 473/643/420
f 462/606/394 463/605/393 470/650/426
f 475/648/425 476/647/424 478/655/429
f 472/1299/427 468/645/422 474/657/431
f 488/675/442 489/658/432 492/660/434
f 474/657/431 475/648/425 477/665/439
f 479/1301/428 476/666/424 477/668/439
f 468/645/422 469/644/421 480/671/441
f 469/1300/421 470/650/426 481/672/440
f 476/666/424 473/643/420 474/667/431
f 483/662/436 480/671/441 484/663/437
f 481/672/440 482/656/430 484/674/437
f 489/658/432 464/632/413 486/669/419
f 467/651/409 464/632/413 488/675/442
f 487/641/418 466/635/415 488/676/442
f 490/1302/433 486/642/419 491/677/438
f 487/641/418 488/676/442 491/677/438
s off
f 495/1303/255 493/679/255 494/680/255
s 1
f 507/764/494 516/681/443 508/683/445
f 507/762/494 510/684/446 516/686/443
f 505/328/249 504/687/448 514/329/250
s off
f 558/1304/450 564/689/450 560/691/450
f 497/698/451 495/692/451 496/694/451
f 567/784/450 572/695/450 569/697/450
f 499/792/452 497/698/452 498/699/452
f 567/784/861 564/689/861 575/701/861
s 1
f 519/685/447 527/702/454 516/686/443
f 514/329/250 513/688/449 523/705/457
f 512/712/462 521/706/458 513/708/449
f 509/714/464 506/709/459 518/710/460
f 502/716/465 511/711/461 503/713/463
f 510/758/446 509/714/464 519/715/447
f 508/683/445 517/682/444 502/716/465
f 504/759/448 503/713/463 513/708/449
f 527/725/454 526/717/466 535/719/468
f 526/717/466 524/722/471 534/718/467
f 523/705/457 531/724/473 524/722/471
f 515/330/251 514/329/250 524/722/471
f 515/330/251 524/722/471 518/710/460
f 518/710/460 526/717/466 519/715/447
f 532/723/472 531/724/473 539/727/475
f 533/740/484 535/731/468 540/733/479
f 530/739/483 537/734/480 531/724/473
f 528/729/476 540/735/479 541/737/482
f 522/704/456 530/739/483 523/705/457
f 525/703/455 527/702/454 533/740/484
f 540/733/479 543/732/478 547/742/481
f 537/734/480 544/743/486 538/726/474
f 534/718/467 532/723/472 542/745/488
f 534/718/467 542/745/488 535/719/468
f 539/727/475 538/726/474 546/748/489
f 542/745/488 539/727/475 548/749/490
f 543/746/478 542/745/488 549/751/485
f 541/737/482 536/754/491 529/721/470
f 529/721/470 550/720/469 528/729/476
f 529/721/470 536/754/491 537/756/480
f 547/736/481 544/755/486 541/737/482
f 548/749/490 546/748/489 544/743/486
f 545/744/487 544/743/486 546/748/489
f 516/681/443 525/728/455 517/682/444
f 247/316/241 248/309/235 505/328/249
f 786/763/495 259/322/245 502/716/465
f 248/310/235 249/302/230 504/759/448
f 247/316/241 505/328/249 788/760/493
f 260/1305/247 257/761/259 507/762/494
f 249/302/230 786/763/495 503/713/463
f 259/322/245 260/324/247 508/683/445
f 787/757/492 788/760/493 509/714/464
s off
f 566/1306/496 571/765/496 567/767/496
f 495/1307/255 500/507/255 493/769/255
f 552/319/497 554/770/497 553/320/497
f 596/795/498 598/772/498 568/774/498
f 500/507/255 568/504/255 501/768/255
f 554/770/499 556/775/499 555/771/499
f 599/778/500 573/1308/500 572/766/500
f 572/766/500 571/765/500 598/777/500
f 570/1309/500 598/777/500 571/765/500
f 497/781/862 499/1310/862 562/1311/862
f 562/1311/500 560/779/500 497/781/500
f 556/775/501 558/782/501 557/776/501
f 564/689/450 567/784/450 565/690/450
f 495/780/502 560/779/502 594/785/502
f 595/835/502 594/785/502 560/779/502
f 560/779/863 565/1312/863 595/835/863
f 558/782/450 560/787/450 559/783/450
f 498/791/503 496/1313/503 494/1314/503
f 494/1314/503 551/1315/503 498/791/503
f 553/789/503 555/1316/503 561/790/503
f 557/1317/503 559/1318/503 561/790/503
f 561/790/503 563/1319/503 498/791/503
f 498/791/503 551/1315/503 553/789/503
f 555/1316/503 557/1317/503 561/790/503
f 562/794/504 499/792/504 563/793/504
f 560/787/505 562/794/505 561/788/505
f 594/785/506 596/795/506 500/786/506
f 493/325/500 558/798/500 552/797/500
f 556/796/500 554/1320/500 552/797/500
f 577/800/507 585/799/507 584/828/507
f 579/1321/507 585/799/507 575/801/507
f 584/828/507 581/1322/507 577/800/507
f 501/326/508 576/802/508 564/327/508
f 566/336/864 577/804/864 501/768/864
f 566/1306/510 567/767/510 577/800/510
f 580/811/865 581/806/865 589/808/865
f 574/803/512 576/802/512 583/809/512
f 582/832/512 583/809/512 576/802/512
f 576/802/512 580/1323/512 582/832/512
f 576/805/255 577/804/255 580/811/255
f 574/700/450 578/812/450 575/701/450
f 583/1324/255 585/814/255 588/816/255
f 583/469/513 582/469/513 585/468/513
f 588/827/514 591/817/514 586/819/514
f 592/831/514 589/820/514 593/822/514
f 578/812/866 586/823/866 579/813/866
f 579/1321/516 587/825/516 585/799/516
f 582/469/450 592/470/450 584/471/450
f 578/810/517 583/809/517 586/819/517
f 581/1322/516 584/828/516 590/830/516
f 580/1323/517 589/820/517 582/832/517
f 565/1312/506 569/833/506 595/835/506
f 594/507/255 600/836/255 596/504/255
f 569/833/498 573/838/498 597/834/498
f 598/1267/867 596/504/867 604/506/867
f 600/846/519 601/840/519 602/842/519
f 602/842/868 603/841/868 604/844/868
f 598/1325/869 604/844/869 599/845/869
f 595/835/522 601/840/522 594/785/522
f 599/1326/450 605/847/450 597/849/450
f 595/1327/450 597/849/450 601/850/450
f 635/1328/870 637/853/870 633/1329/870
f 607/1330/871 625/1331/871 637/853/871
f 627/851/872 629/1332/872 631/852/872
f 631/852/873 633/1329/873 637/853/873
f 637/853/874 625/1331/874 627/851/874
f 608/888/875 610/854/875 609/856/875
f 624/869/876 625/857/876 606/859/876
f 611/855/877 610/854/877 613/861/877
f 606/859/878 607/858/878 636/863/878
f 613/861/879 612/860/879 615/865/879
f 636/868/880 634/883/880 630/1333/880
f 632/882/881 630/1333/881 634/883/881
f 628/1334/882 626/866/882 636/868/882
f 624/1335/883 606/867/883 626/866/883
f 636/868/884 630/1333/884 628/1334/884
f 644/912/885 627/911/885 625/857/885
f 625/857/886 624/869/886 644/912/886
f 643/871/887 644/912/887 624/869/887
f 614/864/888 616/872/888 615/865/888
f 628/875/889 645/874/889 626/870/889
f 647/879/890 645/874/890 630/876/890
f 617/873/891 616/872/891 638/877/891
f 618/1336/892 638/877/892 616/872/892
f 640/884/893 647/879/893 632/880/893
f 621/1337/894 619/881/894 634/883/894
f 638/877/895 640/884/895 619/878/895
f 609/1338/896 611/1339/896 613/1340/896
f 613/1340/897 615/887/897 609/1338/897
f 617/885/898 619/881/898 623/886/898
f 621/1337/899 623/886/899 619/881/899
f 609/1338/900 615/887/900 623/886/900
f 622/1341/901 608/888/901 623/889/901
f 639/891/902 620/898/902 622/1341/902
f 622/1341/903 623/889/903 639/891/903
f 636/863/904 637/862/904 641/892/904
f 635/901/905 641/892/905 637/862/905
f 610/1342/906 608/1343/906 612/1344/906
f 622/896/907 620/1345/907 618/1346/907
f 618/1346/908 616/894/908 622/896/908
f 614/895/909 612/1344/909 608/1343/909
f 608/1343/910 622/896/910 614/895/910
f 638/1347/911 618/897/911 639/891/911
f 641/892/912 635/901/912 642/900/912
f 642/900/913 640/1348/913 641/892/913
f 640/1349/914 638/902/914 641/903/914
f 639/891/915 621/890/915 641/903/915
f 631/918/916 629/905/916 648/907/916
f 647/929/917 655/908/917 645/910/917
f 629/905/918 627/911/918 646/906/918
f 643/1350/919 645/910/919 651/913/919
f 642/930/920 648/914/920 650/916/920
f 642/1351/921 633/917/921 648/907/921
f 656/924/922 654/919/922 655/921/922
f 654/919/923 652/922/923 653/920/923
f 650/1352/924 656/924/924 649/925/924
f 643/1350/925 651/913/925 644/927/925
f 640/1353/926 649/928/926 647/929/926
f 640/1353/927 642/930/927 649/928/927
f 644/1354/928 652/931/928 646/933/928
f 648/914/929 646/933/929 656/915/929
s 1
f 801/1163/702 1007/934/561 802/936/563
f 802/936/563 1006/935/562 805/938/565
f 805/938/565 1009/937/564 808/940/567
f 811/942/569 808/940/567 1013/941/568
f 814/944/571 811/942/569 1015/943/570
f 817/1146/713 814/944/571 1017/945/572
f 817/1146/713 1017/945/572 820/947/574
f 820/947/574 1019/946/573 823/949/576
f 823/949/576 1021/948/575 826/951/578
f 829/959/583 826/951/578 1025/952/579
s off
f 662/1355/580 660/1356/580 664/1357/580
f 658/955/580 1027/1358/580 676/953/580
f 678/1359/580 676/953/580 1027/1358/580
f 674/1360/580 672/1361/580 676/953/580
f 670/954/580 668/1362/580 664/1357/580
f 666/1363/580 664/1357/580 668/1362/580
f 660/1356/580 658/955/580 664/1357/580
f 676/953/580 672/1361/580 670/954/580
f 670/954/580 664/1357/580 658/955/580
s 1
f 801/1135/702 832/956/581 1007/958/561
f 832/956/581 829/959/583 680/957/582
s off
f 1026/1364/584 1004/962/584 1022/961/584
f 1005/1365/584 1008/1366/584 1010/1367/584
f 1010/1367/584 1012/1368/584 1014/1369/584
f 1014/1369/584 1016/960/584 1010/1367/584
f 1018/1370/930 1020/1371/930 1022/961/930
f 1022/961/584 1024/1372/584 1026/1364/584
f 1004/962/584 1005/1365/584 1010/1367/584
f 1010/1367/584 1016/960/584 1004/962/584
f 1018/1370/931 1022/961/931 1016/960/931
s 1
f 456/640/386 443/639/417 438/963/387
f 435/1121/402 433/964/390 442/965/585
f 438/599/387 62/87/74 440/600/388
f 63/89/80 61/83/75 438/963/387
f 55/68/61 67/967/587 783/968/588
f 795/966/586 65/85/77 796/592/380
f 451/608/396 441/607/395 444/625/407
f 798/1125/589 797/594/382 67/967/587
f 686/973/593 688/970/590 685/972/592
f 683/1004/596 684/175/147 686/973/593
f 126/176/148 681/979/597 695/177/149
f 124/1107/140 128/981/599 697/983/601
f 127/164/141 696/984/602 693/986/604
f 128/981/599 695/177/149 700/982/600
f 694/1111/693 693/986/604 698/990/608
f 124/163/140 697/991/601 127/164/141
f 694/1111/693 698/990/608 682/993/610
f 696/984/602 697/991/601 708/987/605
f 699/992/609 703/995/612 123/997/614
f 700/982/600 702/980/598 710/999/616
f 681/979/597 706/1000/617 702/980/598
f 123/1005/614 704/1001/613 681/979/597
f 736/989/607 711/988/606 743/1002/618
f 682/993/610 699/992/609 683/978/596
f 683/1004/596 123/1005/614 126/176/148
f 716/1106/692 738/1011/624 718/1013/626
f 722/1103/688 740/1014/627 724/1016/629
f 698/990/608 701/985/603 743/1002/618
f 717/1031/643 715/1017/630 730/1019/632
f 723/1027/640 734/1023/636 725/1025/638
f 721/1373/656 733/1026/639 723/1027/640
f 715/1034/630 713/1028/641 729/1030/631
f 719/1101/689 717/1031/643 731/1020/633
f 707/998/615 714/1010/623 710/999/616
f 723/1027/640 725/1025/638 741/1015/628
f 721/1373/656 723/1027/640 740/1014/627
f 738/1011/624 715/1017/630 739/1012/625
f 737/1047/655 713/1028/641 738/1035/624
f 701/985/603 696/984/602 736/989/607
f 699/992/609 698/990/608 703/995/612
f 728/1029/642 735/1024/637 744/1037/647
f 735/1024/637 734/1023/636 751/1036/646
f 719/1101/689 731/1020/633 720/1040/650
f 732/1039/649 748/1041/651 733/1043/639
f 728/1029/642 744/1037/647 729/1030/631
f 718/1013/626 739/1012/625 711/988/606
f 730/1019/632 729/1018/631 746/1021/634
f 725/1025/638 713/1028/641 742/1033/645
f 733/1026/639 749/1048/652 734/1023/636
f 720/1040/650 732/1039/649 721/1049/656
f 727/1099/687 720/1040/650 740/1050/627
f 749/1048/652 774/1051/657 750/1038/648
f 748/1041/651 747/1022/635 757/1054/660
f 744/1037/647 752/1055/661 745/1044/653
f 752/1055/661 759/1057/663 755/1059/659
f 752/1055/661 755/1059/659 766/1061/666
f 744/1037/647 751/1036/646 752/1055/661
f 746/1021/634 745/1046/653 754/1064/668
f 748/1041/651 757/1054/660 751/1066/646
f 746/1021/634 754/1064/668 747/1022/635
f 760/1058/664 759/1057/663 764/1068/670
f 755/1053/659 760/1069/664 757/1054/660
f 756/1065/667 757/1054/660 758/1071/672
f 752/1055/661 756/1062/667 759/1057/663
f 765/1374/674 764/1068/670 762/1073/673
f 761/1070/671 760/1069/664 765/1075/674
f 761/1070/671 765/1075/674 758/1071/672
f 758/1072/672 762/1073/673 759/1057/663
f 768/1080/677 772/1077/675 769/1079/665
f 755/1053/659 754/1064/668 769/1079/665
f 752/1055/661 766/1061/666 753/1056/662
f 753/1063/662 767/1082/678 754/1064/668
f 773/1086/676 772/1083/675 770/1085/680
f 767/1081/678 766/1061/666 771/1084/679
f 769/1060/665 773/1086/676 766/1061/666
f 768/1080/677 767/1082/678 772/1077/675
f 774/1091/657 777/1088/681 778/1090/683
f 749/1042/652 748/1041/651 774/1091/657
f 751/1066/646 776/1092/684 748/1041/651
f 750/1038/648 775/1052/658 751/1036/646
f 780/1097/686 779/1094/685 781/1089/682
f 774/1051/657 778/1095/683 775/1052/658
f 776/1092/684 780/1097/686 777/1088/681
f 775/1052/658 779/1096/685 776/1093/684
f 705/1003/619 727/1099/687 722/1100/688
f 739/1012/625 717/1031/643 726/1045/654
f 706/1000/617 704/1001/613 724/1016/629
f 704/996/613 703/995/612 722/1100/688
f 697/983/601 784/1032/644 709/1104/611
f 791/1102/690 792/1008/621 707/998/615
f 713/1028/641 725/1025/638 728/1029/642
f 794/1123/691 709/1104/611 793/1009/622
f 107/1109/128 684/175/147 128/981/599
f 107/1109/128 128/981/599 106/1108/126
f 688/970/590 689/974/594 687/971/591
f 687/971/591 135/1113/137 712/1006/620
f 116/160/131 115/1117/129 694/1111/693
f 115/1117/129 118/165/116 693/986/604
f 299/401/306 307/1119/301 304/386/296
f 68/84/76 58/74/67 783/968/588
f 697/983/601 700/982/600 784/1032/644
f 485/661/435 482/1120/430 483/662/436
f 482/1120/430 471/646/423 480/671/441
f 719/1101/689 720/1040/650 711/1045/606
f 271/344/263 261/317/242 265/356/270
f 435/1121/402 69/965/66 436/638/410
f 246/312/237 788/760/493 258/339/258
f 257/340/259 258/339/258 510/758/446
f 256/311/236 262/341/260 790/352/268
f 789/331/252 262/341/260 273/332/253
f 269/342/261 268/305/232 790/352/268
f 792/1008/621 737/1047/655 793/1009/622
f 738/1035/624 716/1122/692 793/1009/622
f 742/1033/645 737/1047/655 791/1102/690
f 741/1015/628 742/1033/645 724/1016/629
f 708/987/605 709/994/611 718/1013/626
f 454/624/383 797/594/382 432/1124/384
f 796/592/380 797/594/382 453/623/406
f 458/617/404 795/966/586 453/623/406
f 457/616/403 440/600/388 458/617/404
f 798/969/589 67/1126/587 434/597/385
f 679/1132/699 677/1127/694 834/1129/696
f 834/1129/696 831/1128/695 833/1131/698
f 833/1131/698 830/1130/697 832/956/581
f 657/1375/932 679/1132/699 799/1133/700
f 799/1133/700 834/1129/696 800/1134/701
f 800/1134/701 833/1131/698 801/1135/702
f 675/1376/933 828/1136/703 677/1127/694
f 831/1128/695 828/1136/703 830/1130/697
f 827/1137/704 826/951/578 830/1130/697
f 675/1376/933 673/1138/705 828/1136/703
f 825/1139/706 824/1140/707 828/1136/703
f 824/1140/707 823/949/576 827/1137/704
f 671/1144/711 822/1141/708 673/1138/705
f 822/1141/708 821/1142/709 825/1139/706
f 821/1142/709 820/947/574 824/1140/707
f 669/1377/934 819/1143/710 671/1144/711
f 819/1143/710 818/1145/712 822/1141/708
f 818/1145/712 817/1146/713 821/1142/709
f 669/1377/934 667/1147/714 819/1143/710
f 819/1143/710 816/1148/715 818/1145/712
f 818/1145/712 815/1149/716 817/1146/713
f 667/1147/714 665/1150/717 816/1148/715
f 816/1148/715 813/1151/718 815/1149/716
f 815/1149/716 812/1152/719 814/944/571
f 663/1378/935 810/1153/720 665/1150/717
f 813/1151/718 810/1153/720 812/1152/719
f 812/1152/719 809/1154/721 811/942/569
f 663/1378/935 661/1155/722 810/1153/720
f 807/1156/723 806/1157/724 810/1153/720
f 809/1154/721 806/1157/724 808/940/567
f 659/1161/727 804/1158/725 661/1155/722
f 804/1158/725 803/1159/726 807/1156/723
f 803/1159/726 802/936/563 806/1157/724
f 657/1379/932 799/1160/700 659/1161/727
f 799/1160/700 800/1162/701 804/1158/725
f 800/1162/701 801/1163/702 803/1159/726
s off
f 890/1188/936 1029/1164/936 946/1166/936
f 1028/1165/937 1030/1167/937 946/1166/937
f 930/1191/938 1032/1169/938 896/1171/938
f 1030/1167/939 1033/1172/939 954/1168/939
f 1033/1172/940 1034/1174/940 958/1173/940
f 1035/1180/223 1036/1176/223 994/1178/223
f 998/1185/223 1037/1179/223 994/1178/223
f 1038/1192/223 1039/1181/223 976/1183/223
f 1002/1187/223 1040/1184/223 998/1185/223
f 987/1193/223 1041/1186/223 1002/1187/223
f 1031/1170/941 1029/1164/941 896/1171/941
f 922/1175/942 1034/1174/942 200/1190/942
f 200/1190/943 1042/1189/943 930/1191/943
f 970/1177/223 1036/1176/223 976/1183/223
f 1043/1195/223 1041/1186/223 234/1194/223
f 1039/1181/223 1043/1195/223 991/1182/223
