# Blender v2.76 (sub 0) OBJ File: 'npc_servbot.blend'
# www.blender.org
v 0.004970 -0.005828 0.639760
v 0.079796 -0.005824 0.639760
v 0.004960 0.239090 0.591043
v 0.079786 0.239093 0.591043
v 0.004952 0.446721 0.452309
v 0.079778 0.446724 0.452309
v 0.004946 0.585456 0.244678
v 0.079772 0.585459 0.244678
v 0.004944 0.634173 -0.000240
v 0.079770 0.634176 -0.000240
v 0.004946 0.585456 -0.245158
v 0.079772 0.585459 -0.245157
v 0.004952 0.446721 -0.452788
v 0.079778 0.446724 -0.452788
v 0.004960 0.239090 -0.591523
v 0.079787 0.239093 -0.591523
v 0.004970 -0.005827 -0.640240
v 0.079796 -0.005824 -0.640240
v 0.004980 -0.250745 -0.591523
v 0.079806 -0.250742 -0.591523
v 0.004989 -0.458376 -0.452789
v 0.079815 -0.458373 -0.452789
v 0.004994 -0.597110 -0.245158
v 0.079820 -0.597107 -0.245158
v 0.004996 -0.645828 -0.000240
v 0.079822 -0.645825 -0.000240
v 0.004994 -0.597111 0.244678
v 0.079820 -0.597108 0.244678
v 0.004988 -0.458376 0.452309
v 0.079814 -0.458373 0.452309
v 0.004980 -0.250745 0.591043
v 0.079806 -0.250742 0.591043
v 0.330767 -0.005814 0.384981
v 0.330761 0.141603 0.355658
v 0.330756 0.266578 0.272152
v 0.330753 0.350083 0.147178
v 0.330752 0.379407 -0.000240
v 0.330754 0.325670 -0.147657
v 0.330781 -0.337615 -0.147658
v 0.330783 -0.391035 -0.000240
v 0.330782 -0.361712 0.147178
v 0.330779 -0.278206 0.272152
v 0.330773 -0.153232 0.355658
v 1.078559 -0.005784 0.459401
v 1.078552 0.170113 0.424413
v 1.078546 0.319231 0.324775
v 1.078542 0.418868 0.175657
v 1.078541 0.453857 -0.000240
v 1.078542 0.418868 -0.176136
v 1.078546 0.319231 -0.325254
v 1.078552 0.170113 -0.424892
v 1.078560 -0.005784 -0.459880
v 1.078567 -0.181680 -0.424892
v 1.078573 -0.330798 -0.325255
v 1.078577 -0.430436 -0.176137
v 1.078578 -0.465424 -0.000240
v 1.078577 -0.430436 0.175657
v 1.078573 -0.330799 0.324775
v 1.078566 -0.181680 0.424413
v 1.111339 -0.005783 0.655087
v 1.111329 0.245000 0.605203
v 1.111320 0.457603 0.463146
v 1.111315 0.599660 0.250543
v 1.111313 0.649544 -0.000240
v 1.111315 0.599660 -0.251022
v 1.111321 0.457603 -0.463625
v 1.111329 0.245000 -0.605682
v 1.111340 -0.005782 -0.655566
v 1.111350 -0.256565 -0.605682
v 1.111358 -0.469168 -0.463626
v 1.111364 -0.611225 -0.251022
v 1.111366 -0.661109 -0.000240
v 1.111364 -0.611225 0.250543
v 1.111358 -0.469168 0.463146
v 1.111349 -0.256565 0.605203
v 1.198411 -0.005779 0.655087
v 1.198401 0.245003 0.605203
v 1.198392 0.457607 0.463146
v 1.198386 0.599663 0.250543
v 1.198384 0.649547 -0.000240
v 1.198386 0.599664 -0.251022
v 1.198392 0.457607 -0.463625
v 1.198401 0.245004 -0.605682
v 1.198411 -0.005779 -0.655566
v 1.198421 -0.256561 -0.605682
v 1.198430 -0.469164 -0.463626
v 1.198436 -0.611221 -0.251022
v 1.198438 -0.661105 -0.000240
v 1.198436 -0.611221 0.250543
v 1.198430 -0.469165 0.463146
v 1.198421 -0.256561 0.605203
v 1.285483 -0.005775 0.336932
v 1.285477 0.123255 0.311266
v 1.285473 0.232641 0.238177
v 1.285470 0.305731 0.128790
v 1.285469 0.331396 -0.000240
v 1.285470 0.305731 -0.129270
v 1.285473 0.232641 -0.238656
v 1.285478 0.123255 -0.311746
v 1.285483 -0.005775 -0.337411
v 1.285488 -0.134805 -0.311746
v 1.285493 -0.244192 -0.238656
v 1.285496 -0.317281 -0.129270
v 1.285496 -0.342947 -0.000240
v 1.285496 -0.317281 0.128790
v 1.285493 -0.244192 0.238177
v 1.285488 -0.134805 0.311266
v 1.286848 0.097732 -0.047865
v 1.286848 0.097732 0.047386
v 1.286844 0.192983 0.047386
v 1.286844 0.192983 -0.047865
v 1.390615 0.105625 -0.054959
v 1.400615 0.097737 0.047386
v 1.400611 0.192988 0.047386
v 1.390611 0.185099 -0.054959
v 1.343732 0.094398 -0.054959
v 1.343732 0.084115 0.047386
v 1.343727 0.206605 0.047386
v 1.343727 0.196323 -0.054959
v 1.286854 -0.057174 -0.047865
v 1.286854 -0.057174 0.047386
v 1.286850 0.038077 0.047386
v 1.286850 0.038077 -0.047865
v 1.390621 -0.049282 -0.054959
v 1.400622 -0.057170 0.047386
v 1.400618 0.038081 0.047386
v 1.390618 0.030192 -0.054959
v 1.343738 -0.060509 -0.054959
v 1.343738 -0.070791 0.047386
v 1.343733 0.051698 0.047386
v 1.343734 0.041416 -0.054959
v 1.286861 -0.217409 -0.047865
v 1.286861 -0.217409 0.047386
v 1.286857 -0.122158 0.047386
v 1.286857 -0.122158 -0.047865
v 1.390627 -0.209517 -0.054959
v 1.400627 -0.217404 0.047386
v 1.400624 -0.122154 0.047386
v 1.390624 -0.130042 -0.054959
v 1.343745 -0.220744 -0.054959
v 1.343745 -0.231026 0.047386
v 1.343740 -0.108536 0.047386
v 1.343740 -0.118819 -0.054959
v 1.006724 -0.629070 -0.073159
v 1.006724 -0.629070 0.072679
v 0.994426 -0.427124 0.127079
v 0.994426 -0.427124 -0.127559
v 1.110182 -0.629066 -0.073159
v 1.110182 -0.629066 0.072679
v 1.110174 -0.427120 0.127079
v 1.110174 -0.427119 -0.127559
v 1.006673 0.617496 -0.073159
v 1.006673 0.617496 0.072680
v 0.994391 0.415550 0.127079
v 0.994391 0.415550 -0.127559
v 1.110132 0.617500 -0.073159
v 1.110132 0.617500 0.072680
v 1.110140 0.415554 0.127079
v 1.110140 0.415554 -0.127559
v 0.921679 0.492100 -0.051941
v 0.904053 0.502100 0.049353
v 0.930056 0.601538 0.044060
v 0.947682 0.591538 -0.057233
v 0.482877 0.632001 -0.142109
v 0.465251 0.642002 -0.040816
v 0.476073 0.683386 -0.043019
v 0.493699 0.673385 -0.144312
v 1.054819 0.513010 0.015821
v 1.050829 0.567566 0.027397
v 0.344664 0.649109 -0.133416
v 0.946670 0.636282 0.014693
v 0.362878 0.723865 -0.138285
v 0.338161 0.652487 -0.103408
v 1.028426 0.516450 0.069666
v 0.973307 0.536133 0.097098
v 0.912150 0.554559 0.085193
v 0.871871 0.561851 0.029351
v 0.356334 0.727384 -0.108296
v 0.343351 0.653162 -0.072952
v 1.018969 0.461995 0.032225
v 0.959558 0.441045 0.035076
v 0.900174 0.459232 0.025111
v 0.865756 0.513182 -0.001324
v 0.361500 0.728100 -0.077853
v 0.359464 0.650958 -0.046673
v 1.035649 0.475373 -0.034861
v 0.986454 0.465555 -0.072287
v 0.927293 0.482040 -0.082522
v 0.879602 0.524826 -0.056276
v 0.377591 0.725911 -0.051588
v 0.384055 0.646201 -0.028568
v 1.055007 0.542392 -0.037409
v 1.017672 0.574305 -0.076373
v 0.956029 0.591462 -0.088961
v 0.894273 0.580692 -0.059564
v 0.402160 0.721158 -0.033499
v 0.413388 0.639619 -0.021390
v 0.431465 0.714561 -0.026340
v 1.010006 0.616833 0.028317
v 0.889495 0.603575 -0.006643
v 0.380132 0.718059 -0.163259
v 0.361921 0.643232 -0.158392
v 0.405475 0.710854 -0.179410
v 0.387278 0.635970 -0.174537
v 0.435052 0.703357 -0.184277
v 0.416876 0.628434 -0.179393
v 0.464361 0.696719 -0.177118
v 0.446209 0.621774 -0.172219
v 0.488940 0.691957 -0.159023
v 0.470814 0.617003 -0.154107
v 0.505044 0.689796 -0.132748
v 0.486944 0.614845 -0.127814
v 0.510218 0.690561 -0.102295
v 0.492145 0.615625 -0.097342
v 0.503673 0.694128 -0.072303
v 0.485624 0.619218 -0.067332
v 0.486406 0.699945 -0.047338
v 0.468376 0.625067 -0.042351
v 0.461048 0.707120 -0.031199
v 0.443026 0.632270 -0.026205
v 0.458329 0.663398 -0.272230
v 0.366768 0.707546 -0.143700
v 0.355158 0.655327 -0.139635
v 0.465277 0.640333 -0.548737
v 0.499429 0.670256 -0.243844
v 0.496770 0.679080 -0.138058
v 0.485160 0.626861 -0.133994
v 0.487818 0.618037 -0.239780
v 0.371883 0.690568 -0.347237
v 0.360273 0.638349 -0.343173
v 0.459097 0.612538 -0.546574
v 0.452149 0.635602 -0.270067
v 0.492924 0.634973 -0.538625
v 0.485674 0.659036 -0.250147
v 0.479494 0.631241 -0.247984
v 0.486744 0.607178 -0.536462
v 0.388633 0.674474 -0.329015
v 0.394806 0.653985 -0.574647
v 0.388626 0.626190 -0.572484
v 0.382453 0.646679 -0.326852
v 0.422445 0.648649 -0.564252
v 0.415972 0.670134 -0.306683
v 0.409792 0.642339 -0.304520
v 0.416265 0.620853 -0.562089
v 0.505038 0.638213 -0.605144
v 0.494555 0.591066 -0.601475
v 0.386863 0.666575 -0.578324
v 0.387674 0.663881 -0.610619
v 0.377192 0.616735 -0.606949
v 0.376380 0.619429 -0.574655
v 0.503287 0.644023 -0.535489
v 0.492805 0.596876 -0.531819
v 0.393410 0.705414 -0.715544
v 0.535812 0.674968 -0.709426
v 0.393988 0.713804 -0.685803
v 0.536390 0.683358 -0.679685
v 0.391892 0.710452 -0.655150
v 0.534295 0.680006 -0.649032
v 0.387443 0.695866 -0.628251
v 0.529845 0.665420 -0.622133
v 0.381317 0.672268 -0.609201
v 0.523719 0.641822 -0.603083
v 0.374447 0.643250 -0.600901
v 0.516849 0.612804 -0.594783
v 0.532649 0.656111 -0.733726
v 0.390247 0.686557 -0.739845
v 0.527383 0.629660 -0.748887
v 0.384981 0.660105 -0.755005
v 0.520815 0.599640 -0.752600
v 0.378413 0.630085 -0.758718
v 0.513945 0.570622 -0.744300
v 0.371543 0.601067 -0.750418
v 0.507818 0.547024 -0.725251
v 0.365416 0.577469 -0.731369
v 0.503369 0.532438 -0.698352
v 0.360967 0.562884 -0.704470
v 0.501274 0.529085 -0.667699
v 0.358871 0.559531 -0.673817
v 0.501851 0.537476 -0.637958
v 0.359449 0.567921 -0.644076
v 0.505014 0.556332 -0.613657
v 0.362612 0.586778 -0.619775
v 0.510281 0.582784 -0.598496
v 0.367878 0.613230 -0.604614
v 0.444512 0.672971 -0.924634
v 0.451813 0.704060 -0.935989
v 0.400839 0.682534 -0.926530
v 0.408139 0.713623 -0.937884
v 0.446315 0.696618 -0.846850
v 0.434593 0.667726 -0.722519
v 0.439140 0.692897 -0.700283
v 0.453585 0.729718 -0.847364
v 0.402641 0.706181 -0.848746
v 0.390919 0.677289 -0.724414
v 0.395466 0.702460 -0.702179
v 0.409911 0.739281 -0.849259
v 0.501740 0.719174 -0.845274
v 0.487294 0.682353 -0.698194
v 0.482748 0.657182 -0.720429
v 0.494470 0.686074 -0.844761
v 0.545413 0.709611 -0.843379
v 0.530968 0.672790 -0.696299
v 0.526422 0.647619 -0.718534
v 0.538143 0.676511 -0.842866
v 0.499967 0.693515 -0.933899
v 0.492667 0.662427 -0.922545
v 0.543641 0.683953 -0.932004
v 0.536341 0.652864 -0.920649
v 0.403793 0.493238 -0.828889
v 0.411037 0.553963 -0.689400
v 0.416792 0.575124 -0.715242
v 0.411166 0.525996 -0.833501
v 0.447467 0.483675 -0.826994
v 0.454711 0.544400 -0.687505
v 0.460465 0.565562 -0.713346
v 0.454840 0.516433 -0.831606
v 0.410091 0.503875 -0.920339
v 0.416945 0.536445 -0.913938
v 0.453765 0.494312 -0.918443
v 0.460619 0.526882 -0.912043
v 0.911772 -0.496293 -0.047126
v 0.906828 -0.501813 0.055908
v 0.942389 -0.598330 0.052443
v 0.947334 -0.592809 -0.050591
v 0.482781 -0.684116 -0.077775
v 0.477837 -0.689637 0.025259
v 0.492637 -0.729804 0.023817
v 0.497581 -0.724284 -0.079217
v 1.053159 -0.499779 0.005341
v 1.053916 -0.566269 0.024032
v 0.348862 -0.715441 -0.051890
v 0.959152 -0.632980 0.023050
v 0.375078 -0.787931 -0.056099
v 0.346231 -0.718092 -0.021218
v 1.031437 -0.515054 0.066149
v 0.980419 -0.533331 0.097122
v 0.924390 -0.550939 0.093060
v 0.879065 -0.565558 0.042802
v 0.372450 -0.790661 -0.025421
v 0.354878 -0.716676 0.008411
v 1.016802 -0.459035 0.026479
v 0.956506 -0.442728 0.033207
v 0.895751 -0.461092 0.030229
v 0.864443 -0.519686 0.010723
v 0.381080 -0.789282 0.004149
v 0.373492 -0.711412 0.032499
v 1.030398 -0.475960 -0.040028
v 0.978123 -0.469927 -0.074670
v 0.912812 -0.487604 -0.078613
v 0.873154 -0.533222 -0.044846
v 0.399665 -0.784070 0.028144
v 0.399248 -0.703202 0.047410
v 1.053274 -0.542107 -0.041589
v 1.015632 -0.577233 -0.077206
v 0.952047 -0.593875 -0.083060
v 0.893160 -0.587460 -0.047111
v 0.425370 -0.775908 0.042884
v 0.428238 -0.693304 0.050916
v 0.454283 -0.766103 0.046132
v 1.016692 -0.616333 0.028973
v 0.896813 -0.607444 0.007058
v 0.388581 -0.781462 -0.083160
v 0.362372 -0.708980 -0.078927
v 0.410905 -0.772234 -0.102475
v 0.384709 -0.699732 -0.098200
v 0.438654 -0.761666 -0.111097
v 0.412474 -0.689137 -0.106769
v 0.467604 -0.751390 -0.107714
v 0.441442 -0.678838 -0.103325
v 0.493345 -0.742995 -0.092845
v 0.467203 -0.670425 -0.088391
v 0.511958 -0.737781 -0.068763
v 0.485835 -0.665195 -0.064243
v 0.520603 -0.736555 -0.039147
v 0.494501 -0.663953 -0.034560
v 0.517962 -0.739511 -0.008519
v 0.491880 -0.666886 -0.003864
v 0.504430 -0.746199 0.018443
v 0.478369 -0.673537 0.023166
v 0.482064 -0.755590 0.037616
v 0.456026 -0.682876 0.042416
v 0.446825 -0.722745 -0.202655
v 0.377091 -0.772605 -0.063000
v 0.359195 -0.722181 -0.059089
v 0.419267 -0.711125 -0.478594
v 0.491421 -0.723019 -0.179138
v 0.501964 -0.727465 -0.073570
v 0.484068 -0.677041 -0.069659
v 0.473525 -0.672595 -0.175227
v 0.356806 -0.764051 -0.266119
v 0.338909 -0.713627 -0.262208
v 0.409741 -0.684286 -0.476512
v 0.437299 -0.695905 -0.200574
v 0.446925 -0.701822 -0.471975
v 0.475676 -0.713945 -0.184091
v 0.466150 -0.687105 -0.182009
v 0.437399 -0.674982 -0.469894
v 0.373230 -0.745157 -0.250471
v 0.348750 -0.734834 -0.495597
v 0.339224 -0.707995 -0.493516
v 0.363704 -0.718317 -0.248389
v 0.376436 -0.725543 -0.488697
v 0.402106 -0.736367 -0.231657
v 0.392580 -0.709528 -0.229576
v 0.366910 -0.698704 -0.486615
v 0.451743 -0.706393 -0.539339
v 0.435585 -0.660868 -0.535808
v 0.342181 -0.748489 -0.497949
v 0.338963 -0.747132 -0.530177
v 0.322805 -0.701607 -0.526646
v 0.326023 -0.702964 -0.494418
v 0.458685 -0.709321 -0.469827
v 0.442527 -0.663795 -0.466296
v 0.337452 -0.792172 -0.633737
v 0.476631 -0.743377 -0.645582
v 0.342535 -0.799105 -0.604047
v 0.481715 -0.750311 -0.615892
v 0.343471 -0.794710 -0.573467
v 0.482650 -0.745915 -0.585312
v 0.340115 -0.779653 -0.546650
v 0.479295 -0.730859 -0.558495
v 0.332980 -0.756229 -0.527681
v 0.472160 -0.707435 -0.539526
v 0.323151 -0.728003 -0.519446
v 0.462331 -0.679209 -0.531291
v 0.468173 -0.726170 -0.669859
v 0.328994 -0.774964 -0.658014
v 0.457628 -0.701308 -0.685030
v 0.318449 -0.750102 -0.673185
v 0.446602 -0.672577 -0.688784
v 0.307422 -0.721371 -0.676938
v 0.436773 -0.644351 -0.680549
v 0.297593 -0.693145 -0.668704
v 0.429638 -0.620927 -0.661579
v 0.290458 -0.669721 -0.649734
v 0.426282 -0.605871 -0.634763
v 0.287103 -0.654665 -0.622918
v 0.427218 -0.601475 -0.604182
v 0.288038 -0.650269 -0.592337
v 0.432301 -0.608409 -0.574493
v 0.293122 -0.657203 -0.562648
v 0.440759 -0.625616 -0.550215
v 0.301580 -0.674411 -0.538370
v 0.451304 -0.650478 -0.535045
v 0.312125 -0.699272 -0.523200
v 0.360543 -0.762610 -0.848318
v 0.370566 -0.792971 -0.859560
v 0.318592 -0.777774 -0.844767
v 0.328616 -0.808136 -0.856009
v 0.374270 -0.782396 -0.770647
v 0.372989 -0.749824 -0.646679
v 0.383324 -0.773204 -0.624425
v 0.385759 -0.814279 -0.771068
v 0.332319 -0.797561 -0.767096
v 0.331038 -0.764989 -0.643128
v 0.341373 -0.788369 -0.620874
v 0.343809 -0.829443 -0.767517
v 0.432014 -0.797558 -0.774983
v 0.429579 -0.756484 -0.628340
v 0.419243 -0.733103 -0.650594
v 0.420524 -0.765675 -0.774562
v 0.473965 -0.782393 -0.778534
v 0.471530 -0.741319 -0.631891
v 0.461194 -0.717939 -0.654145
v 0.462475 -0.750511 -0.778113
v 0.416821 -0.776251 -0.863476
v 0.406797 -0.745889 -0.852233
v 0.458772 -0.761086 -0.867027
v 0.448748 -0.730724 -0.855784
v 0.307465 -0.585568 -0.753617
v 0.338461 -0.638685 -0.614280
v 0.344005 -0.660045 -0.640004
v 0.318547 -0.617279 -0.758128
v 0.349416 -0.570403 -0.757168
v 0.380412 -0.623521 -0.617831
v 0.385956 -0.644880 -0.643555
v 0.360497 -0.602114 -0.761679
v 0.304712 -0.599308 -0.844828
v 0.316505 -0.630416 -0.838353
v 0.346662 -0.584143 -0.848379
v 0.358456 -0.615251 -0.841904
v 0.305664 0.151352 0.379196
v 0.280566 0.161101 0.402735
v 0.255469 0.170850 0.426273
v 0.230371 0.180599 0.449812
v 0.205274 0.190348 0.473350
v 0.180176 0.200097 0.496889
v 0.155079 0.209846 0.520428
v 0.129981 0.219595 0.543966
v 0.104884 0.229344 0.567505
v 0.104893 -0.005823 0.614282
v 0.129990 -0.005822 0.588804
v 0.155088 -0.005821 0.563327
v 0.180185 -0.005820 0.537849
v 0.205282 -0.005819 0.512371
v 0.230379 -0.005818 0.486893
v 0.255476 -0.005817 0.461415
v 0.280573 -0.005816 0.435937
v 0.305670 -0.005815 0.410459
v 0.305686 -0.385251 -0.157408
v 0.280590 -0.408791 -0.167158
v 0.255494 -0.432330 -0.176908
v 0.230397 -0.455870 -0.186658
v 0.205301 -0.479410 -0.196408
v 0.180205 -0.502949 -0.206158
v 0.155109 -0.526489 -0.215908
v 0.130013 -0.550028 -0.225658
v 0.104917 -0.573568 -0.235408
v 0.305655 0.373621 0.156928
v 0.280557 0.397158 0.166678
v 0.255459 0.420696 0.176428
v 0.230361 0.444233 0.186178
v 0.205263 0.467771 0.195928
v 0.180165 0.491308 0.205678
v 0.155066 0.514846 0.215428
v 0.129968 0.538384 0.225178
v 0.104870 0.561921 0.234928
v 0.104876 0.428709 0.434293
v 0.129974 0.410695 0.416277
v 0.155071 0.392680 0.398262
v 0.180169 0.374666 0.380246
v 0.205267 0.356651 0.362231
v 0.230365 0.338636 0.344215
v 0.255463 0.320622 0.326199
v 0.280561 0.302607 0.308184
v 0.305659 0.284593 0.290168
v 0.305682 -0.296223 0.290168
v 0.280586 -0.314240 0.308184
v 0.255489 -0.332256 0.326199
v 0.230393 -0.350273 0.344215
v 0.205297 -0.368290 0.362231
v 0.180200 -0.386306 0.380246
v 0.155104 -0.404323 0.398262
v 0.130007 -0.422340 0.416278
v 0.104911 -0.440356 0.434293
v 0.104916 -0.573568 0.234928
v 0.130013 -0.550029 0.225178
v 0.155109 -0.526489 0.215428
v 0.180205 -0.502949 0.205678
v 0.205301 -0.479410 0.195928
v 0.230397 -0.455870 0.186178
v 0.255493 -0.432331 0.176428
v 0.280590 -0.408791 0.166678
v 0.305686 -0.385251 0.156928
v 0.104870 0.561921 -0.235407
v 0.129968 0.538384 -0.225657
v 0.155067 0.514846 -0.215907
v 0.180165 0.491309 -0.206157
v 0.205263 0.467771 -0.196407
v 0.230361 0.444234 -0.186657
v 0.255459 0.420696 -0.176907
v 0.280557 0.397158 -0.167157
v 0.305655 0.373621 -0.157407
v 0.305687 -0.416514 -0.000240
v 0.280591 -0.441993 -0.000240
v 0.255495 -0.467472 -0.000240
v 0.230399 -0.492951 -0.000240
v 0.205303 -0.518430 -0.000240
v 0.180207 -0.543909 -0.000240
v 0.155111 -0.569388 -0.000240
v 0.130015 -0.594867 -0.000240
v 0.104918 -0.620346 -0.000240
v 0.305654 0.404883 -0.000240
v 0.280556 0.430360 -0.000240
v 0.255457 0.455837 -0.000240
v 0.230359 0.481314 -0.000240
v 0.205261 0.506791 -0.000240
v 0.180163 0.532268 -0.000240
v 0.155065 0.557745 -0.000240
v 0.129967 0.583222 -0.000240
v 0.104869 0.608699 -0.000240
v 0.305677 -0.162983 0.379196
v 0.280580 -0.172734 0.402735
v 0.255483 -0.182485 0.426273
v 0.230386 -0.192236 0.449812
v 0.205290 -0.201987 0.473351
v 0.180193 -0.211738 0.496889
v 0.155096 -0.221489 0.520428
v 0.130000 -0.231240 0.543966
v 0.104903 -0.240991 0.567505
v 0.925723 -0.175865 -0.410839
v 0.925716 -0.005790 -0.444669
v 0.925709 0.164286 -0.410839
v 0.925703 0.308469 -0.314499
v 0.925700 0.376668 -0.170315
v 0.925697 0.438639 -0.000240
v 0.925715 -0.005790 0.444190
v 0.925722 -0.175866 0.410360
v 0.925699 0.404809 0.169836
v 0.925703 0.308469 0.314019
v 0.925728 -0.320049 0.314019
v 0.925732 -0.416389 0.169836
v 0.925709 0.164286 0.410360
v 0.925734 -0.450219 -0.000240
v 0.925731 -0.388564 -0.170316
v 0.925728 -0.320049 -0.314499
v 0.079779 0.418078 -0.424272
v 0.079774 0.548075 -0.229717
v 0.079787 0.223523 -0.554269
v 0.079796 -0.005970 -0.599919
v 0.079806 -0.235464 -0.554270
v 0.079814 -0.430019 -0.424272
v 0.079819 -0.560016 -0.229717
v 0.330757 0.249277 -0.255461
v 0.330755 0.304648 -0.138357
v 0.330762 0.132173 -0.333708
v 0.330768 -0.005960 -0.361184
v 0.330773 -0.144094 -0.333708
v 0.330778 -0.261198 -0.255462
v 0.330780 -0.316865 -0.138358
v 0.104894 -0.005897 -0.595167
v 0.305664 0.141308 -0.355764
v 0.104916 -0.555546 -0.227904
v 0.305681 -0.278080 -0.272343
v 0.104877 0.414786 -0.420915
v 0.305656 0.349579 -0.147493
v 0.104903 -0.233569 -0.549881
v 0.925722 -0.165301 -0.384964
v 0.925709 0.153429 -0.384964
v 0.925701 0.352435 -0.159588
v 0.925728 -0.300404 -0.294692
v 0.305670 -0.005961 -0.385058
v 0.280573 -0.005881 -0.424119
v 0.255476 -0.005882 -0.448879
v 0.230379 -0.005964 -0.456678
v 0.205282 -0.005903 -0.494267
v 0.180185 -0.005904 -0.518822
v 0.155088 -0.005967 -0.528298
v 0.129991 -0.005896 -0.570501
v 0.104884 0.221775 -0.549880
v 0.129982 0.212337 -0.527092
v 0.155080 0.196118 -0.488101
v 0.180177 0.192552 -0.479347
v 0.205274 0.183157 -0.456661
v 0.230372 0.168713 -0.421932
v 0.255469 0.165807 -0.414727
v 0.280567 0.156333 -0.391852
v 0.305685 -0.361502 -0.147493
v 0.280589 -0.383559 -0.156629
v 0.255492 -0.405616 -0.165765
v 0.230396 -0.427673 -0.174901
v 0.205300 -0.449730 -0.184037
v 0.180204 -0.471787 -0.193173
v 0.155108 -0.493845 -0.202309
v 0.130012 -0.532757 -0.218465
v 0.104911 -0.426580 -0.420915
v 0.130007 -0.409138 -0.403473
v 0.155103 -0.379372 -0.373629
v 0.180200 -0.372604 -0.366931
v 0.205296 -0.355240 -0.349568
v 0.230392 -0.328726 -0.322986
v 0.255489 -0.323123 -0.317473
v 0.280585 -0.305614 -0.299965
v 0.305659 0.266157 -0.272342
v 0.280561 0.293851 -0.299965
v 0.255463 0.311358 -0.317473
v 0.230366 0.316798 -0.322986
v 0.205268 0.343433 -0.349567
v 0.180170 0.360795 -0.366930
v 0.155073 0.367438 -0.373629
v 0.129974 0.397345 -0.403473
v 0.104871 0.543751 -0.227904
v 0.129969 0.520964 -0.218464
v 0.155068 0.481910 -0.202309
v 0.180165 0.473212 -0.198687
v 0.205263 0.450527 -0.189290
v 0.230362 0.415744 -0.174901
v 0.255459 0.408612 -0.171922
v 0.280557 0.385738 -0.162447
v 0.305676 -0.153231 -0.355764
v 0.280580 -0.168096 -0.391852
v 0.255483 -0.177572 -0.414728
v 0.230386 -0.180642 -0.421933
v 0.205290 -0.194963 -0.456661
v 0.180193 -0.204361 -0.479347
v 0.155096 -0.208053 -0.488101
v 0.130000 -0.224129 -0.527092
v 0.925716 -0.005936 -0.416664
v 0.925704 0.288532 -0.294691
v 0.925730 -0.364604 -0.159589
v 0.330761 0.165966 -0.172776
v 0.330759 0.203415 -0.093573
v 0.330764 0.086762 -0.225698
v 0.330768 -0.006664 -0.244282
v 0.330771 -0.100091 -0.225698
v 0.330775 -0.179294 -0.172776
v 0.330776 -0.216944 -0.093573
v 0.925720 -0.114426 -0.260365
v 0.925711 0.101146 -0.260365
v 0.925706 0.235744 -0.107932
v 0.925724 -0.205803 -0.199309
v 0.925716 -0.006640 -0.281805
v 0.925708 0.192523 -0.199309
v 0.925725 -0.249225 -0.107932
v 0.649314 -0.147377 -0.341040
v 0.649302 0.134987 -0.341040
v 0.649295 0.311287 -0.141378
v 0.649319 -0.267066 -0.261067
v 0.649308 -0.006195 -0.369123
v 0.649297 0.254675 -0.261067
v 0.649321 -0.323941 -0.141378
v 0.649312 -0.102307 -0.230657
v 0.649304 0.088669 -0.230657
v 0.649299 0.207910 -0.095616
v 0.649315 -0.183259 -0.176567
v 0.649308 -0.006819 -0.249651
v 0.649301 0.169620 -0.176567
v 0.649317 -0.221726 -0.095616
v 0.630635 0.311730 -0.144427
v 0.630640 0.208353 -0.098664
v 0.630652 -0.101865 -0.233705
v 0.630654 -0.146935 -0.344088
v 0.630659 -0.266623 -0.264115
v 0.630655 -0.182816 -0.179616
v 0.630661 -0.323498 -0.144427
v 0.630638 0.255118 -0.264115
v 0.630643 0.135429 -0.344088
v 0.630648 -0.005753 -0.372171
v 0.630657 -0.221283 -0.098664
v 0.630641 0.170063 -0.179615
v 0.630644 0.089112 -0.233705
v 0.630648 -0.006376 -0.252699
v 0.807350 -0.147371 -0.341040
v 0.807339 0.134993 -0.341040
v 0.807332 0.311294 -0.141378
v 0.807355 -0.267059 -0.261067
v 0.807345 -0.006189 -0.369123
v 0.807334 0.254681 -0.261066
v 0.807357 -0.323935 -0.141378
v 0.807348 -0.102301 -0.230657
v 0.807341 0.088676 -0.230657
v 0.807336 0.207917 -0.095616
v 0.807352 -0.183252 -0.176567
v 0.807345 -0.006813 -0.249651
v 0.807337 0.169627 -0.176567
v 0.807353 -0.221720 -0.095616
v 0.788672 0.311737 -0.144427
v 0.788676 0.208359 -0.098664
v 0.788689 -0.101858 -0.233705
v 0.788691 -0.146928 -0.344088
v 0.788696 -0.266616 -0.264115
v 0.788692 -0.182809 -0.179616
v 0.788698 -0.323492 -0.144427
v 0.788674 0.255124 -0.264115
v 0.788679 0.135436 -0.344088
v 0.788685 -0.005746 -0.372171
v 0.788694 -0.221277 -0.098664
v 0.788678 0.170070 -0.179615
v 0.788681 0.089119 -0.233705
v 0.788685 -0.006370 -0.252699
v 0.461483 -0.133523 -0.307090
v 0.461472 0.120734 -0.307090
v 0.461466 0.279485 -0.127303
v 0.461487 -0.241297 -0.235078
v 0.461477 -0.006395 -0.332378
v 0.461468 0.228508 -0.235078
v 0.461489 -0.292511 -0.127304
v 0.461481 -0.092940 -0.207695
v 0.461474 0.079027 -0.207695
v 0.461469 0.186398 -0.086096
v 0.461484 -0.165833 -0.158990
v 0.461477 -0.006956 -0.224798
v 0.461471 0.151920 -0.158989
v 0.461485 -0.200471 -0.086096
v 0.442806 0.279883 -0.130049
v 0.442810 0.186797 -0.088841
v 0.442821 -0.092541 -0.210440
v 0.442823 -0.133125 -0.309835
v 0.442827 -0.240899 -0.237823
v 0.442824 -0.165434 -0.161735
v 0.442829 -0.292113 -0.130049
v 0.442808 0.228906 -0.237823
v 0.442813 0.121132 -0.309835
v 0.442818 -0.005996 -0.335123
v 0.442826 -0.200072 -0.088842
v 0.442811 0.152318 -0.161734
v 0.442814 0.079425 -0.210440
v 0.442818 -0.006558 -0.227543
v 0.927215 0.288354 -0.294220
v 0.927213 0.352125 -0.159350
v 0.927221 0.153484 -0.384338
v 0.927227 -0.005606 -0.415983
v 0.927234 -0.164696 -0.384338
v 0.927239 -0.299566 -0.294220
v 0.927242 -0.363679 -0.159350
v 1.263708 0.153692 0.384751
v 1.241939 0.184129 0.458235
v 1.220170 0.214566 0.531719
v 1.220179 -0.005778 0.575548
v 1.241947 -0.005777 0.496009
v 1.263714 -0.005776 0.416471
v 1.263732 -0.422487 -0.000240
v 1.241967 -0.502026 -0.000240
v 1.220202 -0.581566 -0.000240
v 1.220201 -0.537736 -0.220584
v 1.241966 -0.464251 -0.190146
v 1.263731 -0.390766 -0.159708
v 1.263727 -0.300435 -0.294898
v 1.241961 -0.356678 -0.351141
v 1.220196 -0.412921 -0.407383
v 1.220188 -0.226122 -0.532198
v 1.241955 -0.195683 -0.458714
v 1.263721 -0.165244 -0.385230
v 1.263715 -0.005776 -0.416950
v 1.241947 -0.005777 -0.496489
v 1.220179 -0.005778 -0.576027
v 1.220170 0.214566 -0.532198
v 1.241939 0.184129 -0.458714
v 1.263708 0.153692 -0.385230
v 1.263703 0.288883 -0.294898
v 1.241933 0.345124 -0.351141
v 1.220163 0.401365 -0.407383
v 1.220158 0.526180 -0.220584
v 1.241928 0.452697 -0.190146
v 1.263699 0.379214 -0.159708
v 1.263698 0.410934 -0.000240
v 1.241927 0.490472 -0.000240
v 1.220156 0.570010 -0.000240
v 1.220157 0.526180 0.220105
v 1.241928 0.452697 0.189667
v 1.263699 0.379214 0.159229
v 1.263721 -0.165244 0.384751
v 1.241954 -0.195683 0.458235
v 1.220188 -0.226122 0.531719
v 1.220195 -0.412921 0.406904
v 1.241961 -0.356678 0.350661
v 1.263727 -0.300435 0.294419
v 1.263703 0.288882 0.294419
v 1.241932 0.345124 0.350661
v 1.220162 0.401365 0.406904
v 1.263731 -0.390766 0.159228
v 1.241965 -0.464251 0.189667
v 1.220201 -0.537736 0.220105
v 1.343732 0.084115 -0.047865
v 1.400615 0.097737 -0.047865
v 1.343727 0.206605 -0.047865
v 1.400611 0.192988 -0.047865
v 1.296844 0.185095 -0.054959
v 1.343739 -0.070792 -0.047865
v 1.296848 0.105621 -0.054959
v 1.400621 -0.057170 -0.047865
v 1.343734 0.051698 -0.047865
v 1.400617 0.038081 -0.047865
v 1.296851 0.030189 -0.054959
v 1.343745 -0.231026 -0.047865
v 1.296854 -0.049286 -0.054959
v 1.400628 -0.217404 -0.047865
v 1.343740 -0.108536 -0.047865
v 1.400624 -0.122154 -0.047865
v 1.296857 -0.130046 -0.054959
v 1.296860 -0.209520 -0.054959
v 0.004970 -0.005828 0.639760
v 0.004960 0.239090 0.591043
v 0.079786 0.239093 0.591043
v 0.079796 -0.005824 0.639760
v 0.004952 0.446721 0.452309
v 0.079778 0.446724 0.452309
v 0.004946 0.585456 0.244678
v 0.079772 0.585459 0.244678
v 0.004944 0.634173 -0.000240
v 0.079770 0.634176 -0.000240
v 0.004946 0.585456 -0.245158
v 0.079772 0.585459 -0.245157
v 0.079772 0.585459 -0.245157
v 0.079772 0.585459 -0.245157
v 0.004952 0.446721 -0.452788
v 0.079778 0.446724 -0.452788
v 0.004960 0.239090 -0.591523
v 0.079787 0.239093 -0.591523
v 0.004970 -0.005827 -0.640240
v 0.079796 -0.005824 -0.640240
v 0.004980 -0.250745 -0.591523
v 0.079806 -0.250742 -0.591523
v 0.004989 -0.458376 -0.452789
v 0.079815 -0.458373 -0.452789
v 0.004994 -0.597110 -0.245158
v 0.079820 -0.597107 -0.245158
v 0.079820 -0.597107 -0.245158
v 0.079820 -0.597107 -0.245158
v 0.004996 -0.645828 -0.000240
v 0.079822 -0.645825 -0.000240
v 0.004994 -0.597111 0.244678
v 0.079820 -0.597108 0.244678
v 0.004988 -0.458376 0.452309
v 0.079814 -0.458373 0.452309
v 0.004980 -0.250745 0.591043
v 0.079806 -0.250742 0.591043
v 0.330761 0.141603 0.355658
v 0.330767 -0.005814 0.384981
v 0.330756 0.266578 0.272152
v 0.330753 0.350083 0.147178
v 0.330752 0.379407 -0.000240
v 0.330754 0.325670 -0.147657
v 0.330754 0.325670 -0.147657
v 0.330783 -0.391035 -0.000240
v 0.330781 -0.337615 -0.147658
v 0.330781 -0.337615 -0.147658
v 0.330782 -0.361712 0.147178
v 0.330779 -0.278206 0.272152
v 0.330773 -0.153232 0.355658
v 0.104917 -0.573568 -0.235408
v 0.305655 0.373621 -0.157407
v 0.925700 0.376668 -0.170315
v 1.111329 0.245000 0.605203
v 1.111339 -0.005783 0.655087
v 1.111320 0.457603 0.463146
v 1.111315 0.599660 0.250543
v 1.111313 0.649544 -0.000240
v 1.111315 0.599660 -0.251022
v 1.111321 0.457603 -0.463625
v 1.111329 0.245000 -0.605682
v 1.111340 -0.005782 -0.655566
v 1.111350 -0.256565 -0.605682
v 1.111358 -0.469168 -0.463626
v 1.111364 -0.611225 -0.251022
v 1.111366 -0.661109 -0.000240
v 1.111364 -0.611225 0.250543
v 1.111358 -0.469168 0.463146
v 1.111349 -0.256565 0.605203
v 1.198401 0.245003 0.605203
v 1.198411 -0.005779 0.655087
v 1.198392 0.457607 0.463146
v 1.198386 0.599663 0.250543
v 1.198384 0.649547 -0.000240
v 1.198386 0.599664 -0.251022
v 1.198392 0.457607 -0.463625
v 1.198401 0.245004 -0.605682
v 1.198411 -0.005779 -0.655566
v 1.198421 -0.256561 -0.605682
v 1.198430 -0.469164 -0.463626
v 1.198436 -0.611221 -0.251022
v 1.198438 -0.661105 -0.000240
v 1.198436 -0.611221 0.250543
v 1.198430 -0.469165 0.463146
v 1.198421 -0.256561 0.605203
v 0.305686 -0.385251 -0.157408
v 0.280590 -0.408791 -0.167158
v 0.255494 -0.432330 -0.176908
v 0.230397 -0.455870 -0.186658
v 0.205301 -0.479410 -0.196408
v 0.180205 -0.502949 -0.206158
v 0.155109 -0.526489 -0.215908
v 0.130013 -0.550028 -0.225658
v 0.104870 0.561921 -0.235407
v 0.129968 0.538384 -0.225657
v 0.155067 0.514846 -0.215907
v 0.180165 0.491309 -0.206157
v 0.205263 0.467771 -0.196407
v 0.230361 0.444234 -0.186657
v 0.255459 0.420696 -0.176907
v 0.280557 0.397158 -0.167157
v 0.079774 0.548075 -0.229717
v 0.079819 -0.560016 -0.229717
v 0.925731 -0.388564 -0.170316
v 0.925728 -0.320049 -0.314499
v 0.925703 0.308469 -0.314499
v 0.925709 0.164286 -0.410839
v 0.925716 -0.005790 -0.444669
v 0.925723 -0.175865 -0.410839
v 0.104916 -0.555546 -0.227904
v 0.305656 0.349579 -0.147493
v 0.330755 0.304648 -0.138357
v 0.925701 0.352435 -0.159588
v 0.330780 -0.316865 -0.138358
v 0.305685 -0.361502 -0.147493
v 0.280589 -0.383559 -0.156629
v 0.255492 -0.405616 -0.165765
v 0.230396 -0.427673 -0.174901
v 0.205300 -0.449730 -0.184037
v 0.180204 -0.471787 -0.193173
v 0.155108 -0.493845 -0.202309
v 0.130012 -0.532757 -0.218465
v 0.104871 0.543751 -0.227904
v 0.129969 0.520964 -0.218464
v 0.155068 0.481910 -0.202309
v 0.180165 0.473212 -0.198687
v 0.205263 0.450527 -0.189290
v 0.230362 0.415744 -0.174901
v 0.255459 0.408612 -0.171922
v 0.280557 0.385738 -0.162447
v 0.925730 -0.364604 -0.159589
v 0.925728 -0.300404 -0.294692
v 0.925704 0.288532 -0.294691
v 0.925709 0.153429 -0.384964
v 0.925716 -0.005936 -0.416664
v 0.925722 -0.165301 -0.384964
vt 0.871101 0.708733
vt 0.916812 0.708733
vt 0.916812 0.694767
vt 0.955563 0.708733
vt 0.955563 0.694767
vt 0.981455 0.708733
vt 0.990548 0.708733
vt 0.990548 0.694767
vt 0.871102 0.694767
vt 0.825392 0.708733
vt 0.825392 0.694767
vt 0.786641 0.708733
vt 0.786641 0.694767
vt 0.760748 0.708733
vt 0.760748 0.694767
vt 0.751656 0.708733
vt 0.751655 0.694767
vt 0.845306 0.627837
vt 0.845306 0.610749
vt 0.851690 0.612184
vt 0.898935 0.334780
vt 0.699284 0.147859
vt 0.781982 0.070434
vt 0.845306 0.662027
vt 0.845306 0.645843
vt 0.851690 0.645101
vt 0.845306 0.589201
vt 0.845306 0.588021
vt 0.851690 0.590865
vt 0.845300 0.616175
vt 0.851654 0.615438
vt 0.851654 0.654990
vt 0.845306 0.673926
vt 0.851690 0.660281
vt 0.851690 0.591972
vt 0.851690 0.599458
vt 0.851690 0.628211
vt 0.845306 0.593821
vt 0.851690 0.596306
vt 0.845306 0.679726
vt 0.851690 0.671441
vt 0.845306 0.597182
vt 0.866092 0.657282
vt 0.860564 0.657282
vt 0.858078 0.682259
vt 0.881836 0.657282
vt 0.880078 0.682259
vt 0.863796 0.682259
vt 0.933191 0.657282
vt 0.933191 0.682259
vt 0.904447 0.682259
vt 0.900513 0.677314
vt 0.901384 0.708956
vt 0.875074 0.708956
vt 0.828068 0.677314
vt 0.826459 0.708956
vt 0.811556 0.708956
vt 0.936490 0.677315
vt 0.938592 0.708956
vt 0.923689 0.708956
vt 0.849635 0.677314
vt 0.875074 0.677314
vt 0.905398 0.657282
vt 0.808598 0.677315
vt 0.813658 0.677315
vt 0.922080 0.677314
vt 0.848764 0.708956
vt 0.941550 0.677315
vt 0.943825 0.708957
vt 0.792540 0.598511
vt 0.810198 0.587253
vt 0.800852 0.566031
vt 0.916073 0.583299
vt 0.936919 0.587253
vt 0.946030 0.566031
vt 0.966398 0.615362
vt 0.988567 0.606590
vt 0.971529 0.582277
vt 0.970545 0.635237
vt 0.966398 0.655113
vt 0.988566 0.663948
vt 0.792540 0.671963
vt 0.775373 0.688260
vt 0.800852 0.704506
vt 0.936918 0.683222
vt 0.946030 0.704506
vt 0.971529 0.688261
vt 0.780741 0.655113
vt 0.776598 0.635237
vt 0.752370 0.635268
vt 0.780741 0.615361
vt 0.775373 0.582276
vt 0.831027 0.583299
vt 0.830906 0.560326
vt 0.954590 0.598512
vt 0.994549 0.635269
vt 0.831027 0.687175
vt 0.810198 0.683222
vt 0.954590 0.671963
vt 0.758348 0.663947
vt 0.916073 0.687176
vt 0.915952 0.710211
vt 0.758348 0.606589
vt 0.821869 0.723179
vt 0.821869 0.732375
vt 0.806865 0.732375
vt 0.870813 0.723179
vt 0.870813 0.732375
vt 0.844325 0.732375
vt 0.897301 0.723179
vt 0.919756 0.723179
vt 0.919756 0.732375
vt 0.934760 0.723179
vt 0.940029 0.723179
vt 0.940029 0.732375
vt 0.844325 0.723179
vt 0.934760 0.732375
vt 0.806865 0.723179
vt 0.801596 0.732375
vt 0.897301 0.732375
vt 0.801596 0.723179
vt 0.454275 0.393887
vt 0.454275 0.393414
vt 0.455042 0.393261
vt 0.451987 0.390462
vt 0.452424 0.390643
vt 0.452271 0.391410
vt 0.453327 0.389121
vt 0.453508 0.389558
vt 0.452858 0.389992
vt 0.455223 0.389121
vt 0.455042 0.389558
vt 0.454275 0.389405
vt 0.456564 0.390462
vt 0.456127 0.390643
vt 0.455692 0.389992
vt 0.456752 0.391410
vt 0.456564 0.392357
vt 0.456127 0.392176
vt 0.452524 0.393161
vt 0.452858 0.392827
vt 0.453508 0.393261
vt 0.455223 0.393698
vt 0.455692 0.392827
vt 0.451987 0.392357
vt 0.451798 0.391410
vt 0.452524 0.389658
vt 0.454275 0.388933
vt 0.456027 0.389658
vt 0.456279 0.391410
vt 0.453327 0.393698
vt 0.456027 0.393161
vt 0.452424 0.392176
vt 0.403151 0.398006
vt 0.403151 0.407835
vt 0.393321 0.407835
vt 0.304503 0.885971
vt 0.304805 0.873500
vt 0.325770 0.873500
vt 0.450501 0.902625
vt 0.450501 0.875887
vt 0.463095 0.878860
vt 0.421913 0.886742
vt 0.400823 0.886742
vt 0.400823 0.874281
vt 0.422635 0.938818
vt 0.426078 0.924438
vt 0.450454 0.924438
vt 0.304858 0.898329
vt 0.325469 0.885971
vt 0.400285 0.878077
vt 0.400285 0.898869
vt 0.379195 0.898869
vt 0.437907 0.899652
vt 0.437907 0.878860
vt 0.400823 0.899112
vt 0.426078 0.953198
vt 0.453897 0.938818
vt 0.304503 0.885857
vt 0.304202 0.898329
vt 0.283236 0.898329
vt 0.400125 0.902625
vt 0.400125 0.875887
vt 0.412719 0.878860
vt 0.345347 0.887523
vt 0.324257 0.887523
vt 0.324257 0.875062
vt 0.391482 0.936751
vt 0.359973 0.936751
vt 0.363444 0.920543
vt 0.304149 0.873500
vt 0.283538 0.885857
vt 0.422454 0.877864
vt 0.422454 0.898655
vt 0.401363 0.898655
vt 0.387532 0.878860
vt 0.345347 0.899893
vt 0.324257 0.899893
vt 0.363444 0.952959
vt 0.408106 0.886170
vt 0.407804 0.898642
vt 0.386839 0.898642
vt 0.425313 0.902625
vt 0.425313 0.875887
vt 0.299254 0.887523
vt 0.299254 0.875062
vt 0.320344 0.875062
vt 0.300013 0.937539
vt 0.303407 0.923363
vt 0.327436 0.923363
vt 0.407752 0.873812
vt 0.387141 0.886170
vt 0.445359 0.877722
vt 0.445359 0.898513
vt 0.424268 0.898513
vt 0.412719 0.899652
vt 0.320344 0.899893
vt 0.299254 0.899893
vt 0.303407 0.951714
vt 0.330830 0.937538
vt 0.445339 0.849926
vt 0.445339 0.832294
vt 0.458100 0.832268
vt 0.478553 0.359834
vt 0.480521 0.335839
vt 0.529988 0.338909
vt 0.265749 0.867967
vt 0.217244 0.867967
vt 0.225119 0.839612
vt 0.326122 0.426368
vt 0.333015 0.451580
vt 0.301193 0.451699
vt 0.445339 0.850005
vt 0.432577 0.850005
vt 0.221517 0.336940
vt 0.269015 0.337807
vt 0.268031 0.359834
vt 0.488687 0.867967
vt 0.488687 0.837345
vt 0.522427 0.843549
vt 0.449879 0.451310
vt 0.419823 0.451519
vt 0.426079 0.427638
vt 0.608928 0.501020
vt 0.615979 0.492864
vt 0.618518 0.497629
vt 0.828435 0.229450
vt 0.813899 0.229438
vt 0.813899 0.298593
vt 0.626321 0.404337
vt 0.620016 0.399723
vt 0.609111 0.415422
vt 0.618841 0.498711
vt 0.615511 0.491438
vt 0.608963 0.502083
vt 0.601818 0.506430
vt 0.601818 0.518783
vt 0.613586 0.518783
vt 0.746113 0.896366
vt 0.763673 0.902223
vt 0.765645 0.894840
vt 0.748085 0.888984
vt 0.768499 0.887752
vt 0.638486 0.845256
vt 0.638756 0.845512
vt 0.638231 0.845484
vt 0.638776 0.845863
vt 0.638251 0.845834
vt 0.638595 0.846168
vt 0.638270 0.846150
vt 0.750939 0.881896
vt 0.771801 0.882037
vt 0.638630 0.845268
vt 0.638289 0.845604
vt 0.638082 0.845396
vt 0.638135 0.846052
vt 0.638181 0.846435
vt 0.638053 0.846306
vt 0.639049 0.845412
vt 0.639109 0.845886
vt 0.638956 0.846334
vt 0.638688 0.846609
vt 0.757489 0.872710
vt 0.754241 0.876181
vt 0.774582 0.884487
vt 0.776806 0.877279
vt 0.758426 0.871607
vt 0.637956 0.845287
vt 0.638218 0.845242
vt 0.637717 0.845573
vt 0.637953 0.846205
vt 0.639612 0.846782
vt 0.639612 0.845225
vt 0.638626 0.845972
vt 0.638202 0.844737
vt 0.637330 0.845991
vt 0.638331 0.845927
vt 0.638620 0.846148
vt 0.638440 0.846086
vt 0.639202 0.845395
vt 0.639409 0.845852
vt 0.639255 0.846300
vt 0.638873 0.846588
vt 0.638202 0.847255
vt 0.745324 0.902919
vt 0.762884 0.908775
vt 0.745838 0.907645
vt 0.763398 0.913501
vt 0.536997 0.302118
vt 0.532193 0.311199
vt 0.509038 0.298949
vt 0.527389 0.320280
vt 0.504233 0.308030
vt 0.523316 0.327979
vt 0.500160 0.315728
vt 0.520594 0.333123
vt 0.497439 0.320872
vt 0.519638 0.334929
vt 0.496483 0.322679
vt 0.516304 0.336008
vt 0.516907 0.334634
vt 0.499294 0.326904
vt 0.769211 0.901890
vt 0.770471 0.897806
vt 0.752091 0.892134
vt 0.778337 0.841034
vt 0.773515 0.835963
vt 0.778818 0.831397
vt 0.772357 0.891696
vt 0.756202 0.878815
vt 0.753977 0.886023
vt 0.772801 0.837439
vt 0.775016 0.840913
vt 0.782241 0.839407
vt 0.754439 0.887670
vt 0.759103 0.869095
vt 0.770252 0.883011
vt 0.830088 0.830964
vt 0.830466 0.830296
vt 0.825521 0.830332
vt 0.816640 0.852466
vt 0.846960 0.825991
vt 0.804861 0.824002
vt 0.862043 0.848912
vt 0.865577 0.848903
vt 0.865356 0.849273
vt 0.830262 0.830980
vt 0.830361 0.830391
vt 0.825203 0.830444
vt 0.819837 0.831157
vt 0.819335 0.842456
vt 0.796755 0.841278
vt 0.851035 0.850545
vt 0.851018 0.849749
vt 0.844443 0.849464
vt 0.635536 0.620227
vt 0.669816 0.575250
vt 0.687931 0.589057
vt 0.850219 0.850265
vt 0.843225 0.850387
vt 0.843206 0.849702
vt 0.861905 0.848972
vt 0.865553 0.849348
vt 0.855255 0.853830
vt 0.852542 0.853713
vt 0.852533 0.854003
vt 0.849264 0.301764
vt 0.848969 0.288934
vt 0.802208 0.288933
vt 0.855067 0.854133
vt 0.853006 0.854169
vt 0.852997 0.853942
vt 0.910493 0.870029
vt 0.895776 0.863654
vt 0.911328 0.835877
vt 0.921423 0.835773
vt 0.901610 0.866626
vt 0.922204 0.871912
vt 0.902717 0.289440
vt 0.903474 0.301090
vt 0.911008 0.301090
vt 0.587385 0.701353
vt 0.587385 0.616141
vt 0.555785 0.616141
vt 0.903411 0.860924
vt 0.888695 0.859015
vt 0.889099 0.848796
vt 0.785446 0.679878
vt 0.785418 0.643191
vt 0.786938 0.643205
vt 0.786966 0.679892
vt 0.781118 0.679838
vt 0.774639 0.679778
vt 0.781089 0.643152
vt 0.766998 0.679708
vt 0.774611 0.643092
vt 0.766969 0.643022
vt 0.774682 0.679875
vt 0.774710 0.643189
vt 0.767068 0.643259
vt 0.781160 0.679816
vt 0.781188 0.643129
vt 0.785489 0.679776
vt 0.785517 0.643090
vt 0.787009 0.679762
vt 0.787037 0.643076
vt 0.656296 0.828910
vt 0.660665 0.844216
vt 0.581982 0.851632
vt 0.767040 0.679945
vt 0.584134 0.937208
vt 0.582360 0.952052
vt 0.651519 0.930919
vt 0.942284 0.869063
vt 0.943866 0.869030
vt 0.944054 0.868475
vt 0.958830 0.869343
vt 0.959029 0.870636
vt 0.958299 0.870749
vt 0.947452 0.873388
vt 0.948727 0.872550
vt 0.949134 0.873067
vt 0.949032 0.872662
vt 0.949118 0.873682
vt 0.947721 0.873800
vt 0.947659 0.874011
vt 0.944763 0.874070
vt 0.945037 0.873487
vt 0.947538 0.872681
vt 0.947596 0.872536
vt 0.945668 0.872100
vt 0.949206 0.872705
vt 0.948885 0.872628
vt 0.966071 0.869683
vt 0.966225 0.870673
vt 0.965862 0.870730
vt 0.942386 0.868451
vt 0.940111 0.867924
vt 0.940009 0.868536
vt 0.942172 0.869738
vt 0.939897 0.869211
vt 0.939796 0.869823
vt 0.965916 0.868954
vt 0.966252 0.868929
vt 0.966320 0.869847
vt 0.948791 0.874078
vt 0.948672 0.873915
vt 0.947382 0.873823
vt 0.947325 0.873967
vt 0.945455 0.873387
vt 0.944530 0.873878
vt 0.944834 0.873238
vt 0.949174 0.872524
vt 0.949260 0.873545
vt 0.947863 0.873662
vt 0.947490 0.873127
vt 0.948894 0.872205
vt 0.949344 0.872771
vt 0.959021 0.867682
vt 0.959108 0.868880
vt 0.958431 0.868930
vt 0.942071 0.870350
vt 0.943537 0.870460
vt 0.943639 0.869848
vt 0.945677 0.873586
vt 0.945712 0.873128
vt 0.947181 0.873242
vt 0.966420 0.869007
vt 0.966739 0.869003
vt 0.966599 0.867992
vt 0.946823 0.872417
vt 0.947466 0.872438
vt 0.947630 0.872175
vt 0.946890 0.872115
vt 0.946032 0.872174
vt 0.946195 0.872447
vt 0.945833 0.874434
vt 0.945429 0.874142
vt 0.948278 0.873672
vt 0.947958 0.872965
vt 0.948942 0.872521
vt 0.947568 0.873593
vt 0.948838 0.873188
vt 0.959862 0.865985
vt 0.959222 0.865994
vt 0.959204 0.867323
vt 0.948107 0.873313
vt 0.948072 0.873771
vt 0.614266 0.504472
vt 0.828435 0.298605
vt 0.613586 0.506430
vt 0.637928 0.845844
vt 0.775049 0.878566
vt 0.637737 0.845923
vt 0.513842 0.289868
vt 0.498691 0.328278
vt 0.750831 0.896217
vt 0.781987 0.839801
vt 0.782327 0.832987
vt 0.776894 0.831019
vt 0.783019 0.835308
vt 0.824980 0.830994
vt 0.797228 0.851362
vt 0.824756 0.830870
vt 0.797594 0.829997
vt 0.844425 0.850258
vt 0.653651 0.634033
vt 0.930972 0.838224
vt 0.910182 0.289440
vt 0.555785 0.701353
vt 0.903616 0.850679
vt 0.792351 0.680065
vt 0.790388 0.680066
vt 0.791305 0.626132
vt 0.785713 0.626136
vt 0.784795 0.680070
vt 0.777344 0.626140
vt 0.776426 0.680074
vt 0.767472 0.626146
vt 0.766554 0.680080
vt 0.776496 0.680086
vt 0.775578 0.626152
vt 0.784865 0.680091
vt 0.783948 0.626157
vt 0.790457 0.680094
vt 0.789540 0.626160
vt 0.791503 0.626161
vt 0.661948 0.851458
vt 0.657693 0.866592
vt 0.595192 0.817751
vt 0.594193 0.919145
vt 0.657659 0.951202
vt 0.655767 0.936338
vt 0.958100 0.869455
vt 0.945263 0.872154
vt 0.965984 0.869872
vt 0.945049 0.873440
vt 0.958344 0.867731
vt 0.941993 0.869471
vt 0.942029 0.869013
vt 0.940560 0.868899
vt 0.966383 0.868649
vt 0.966523 0.869660
vt 0.966205 0.869665
vt 0.949262 0.873228
vt 0.948796 0.873669
vt 0.958541 0.868328
vt 0.960115 0.868635
vt 0.959989 0.869397
vt 0.942920 0.869541
vt 0.942955 0.869083
vt 0.787847 0.576697
vt 0.794231 0.578973
vt 0.794231 0.599273
vt 0.800616 0.581249
vt 0.807000 0.583525
vt 0.807000 0.602142
vt 0.813384 0.585801
vt 0.813384 0.603577
vt 0.819769 0.588078
vt 0.819769 0.605011
vt 0.826153 0.590354
vt 0.826153 0.606446
vt 0.832537 0.592630
vt 0.832537 0.607880
vt 0.838922 0.594906
vt 0.838922 0.609315
vt 0.787847 0.696287
vt 0.794231 0.693803
vt 0.794231 0.702482
vt 0.800616 0.691318
vt 0.800616 0.699637
vt 0.807000 0.688833
vt 0.807000 0.696793
vt 0.813384 0.686349
vt 0.813384 0.693948
vt 0.819769 0.683864
vt 0.819769 0.691104
vt 0.826153 0.681379
vt 0.826153 0.688259
vt 0.832537 0.678895
vt 0.832537 0.685415
vt 0.838922 0.676410
vt 0.838922 0.682570
vt 0.787847 0.571460
vt 0.794231 0.573944
vt 0.794231 0.565265
vt 0.800616 0.576429
vt 0.800616 0.568109
vt 0.807000 0.578913
vt 0.807000 0.570954
vt 0.813384 0.581398
vt 0.813384 0.573798
vt 0.819769 0.583883
vt 0.819769 0.576643
vt 0.826153 0.586367
vt 0.826153 0.579487
vt 0.832537 0.588852
vt 0.832537 0.582332
vt 0.838922 0.591337
vt 0.838922 0.585176
vt 0.787847 0.624466
vt 0.794231 0.624841
vt 0.794231 0.651784
vt 0.800616 0.625215
vt 0.800616 0.651041
vt 0.807000 0.625590
vt 0.807000 0.650299
vt 0.813384 0.625964
vt 0.813384 0.649556
vt 0.819769 0.626339
vt 0.819769 0.648814
vt 0.826153 0.626713
vt 0.826153 0.648071
vt 0.832537 0.627088
vt 0.832537 0.647328
vt 0.838922 0.627462
vt 0.838922 0.646586
vt 0.787847 0.564260
vt 0.794231 0.567031
vt 0.800616 0.569802
vt 0.807000 0.572573
vt 0.813384 0.575345
vt 0.819769 0.578116
vt 0.826153 0.580887
vt 0.832537 0.583659
vt 0.838922 0.586430
vt 0.787847 0.677746
vt 0.794231 0.676000
vt 0.800616 0.674253
vt 0.807000 0.672507
vt 0.813384 0.670760
vt 0.819769 0.669014
vt 0.826153 0.667267
vt 0.832537 0.665521
vt 0.838922 0.663774
vt 0.788113 0.608597
vt 0.794467 0.609439
vt 0.794467 0.670016
vt 0.800821 0.610281
vt 0.800821 0.668346
vt 0.807175 0.611123
vt 0.807175 0.666677
vt 0.813529 0.611965
vt 0.813529 0.665007
vt 0.819884 0.612807
vt 0.819884 0.663338
vt 0.826238 0.613649
vt 0.826238 0.661668
vt 0.832592 0.614491
vt 0.832592 0.659999
vt 0.838946 0.615333
vt 0.838946 0.658329
vt 0.513835 0.802590
vt 0.516200 0.803207
vt 0.516902 0.805705
vt 0.517075 0.805365
vt 0.414490 0.701192
vt 0.415059 0.707476
vt 0.414788 0.707476
vt 0.517247 0.805026
vt 0.412126 0.700804
vt 0.412358 0.700804
vt 0.411825 0.707088
vt 0.505108 0.804300
vt 0.506214 0.803302
vt 0.517419 0.804686
vt 0.517591 0.804347
vt 0.507487 0.802590
vt 0.787847 0.562420
vt 0.787847 0.652526
vt 0.505462 0.805102
vt 0.505285 0.804701
vt 0.505639 0.805503
vt 0.507623 0.814515
vt 0.509164 0.814515
vt 0.505816 0.805904
vt 0.511350 0.814465
vt 0.513450 0.814514
vt 0.511326 0.802257
vt 0.505993 0.806305
vt 0.516002 0.814612
vt 0.514991 0.814519
vt 0.506170 0.806706
vt 0.516041 0.807401
vt 0.516213 0.807062
vt 0.506347 0.807107
vt 0.516386 0.806723
vt 0.506524 0.807509
vt 0.516558 0.806383
vt 0.506701 0.807910
vt 0.787847 0.597839
vt 0.800616 0.600708
vt 0.516730 0.806044
vt 0.932471 0.574841
vt 0.941303 0.677385
vt 0.936257 0.677385
vt 0.853018 0.574841
vt 0.849638 0.677385
vt 0.828131 0.677385
vt 0.915641 0.574841
vt 0.921886 0.677385
vt 0.900378 0.677385
vt 0.821920 0.574841
vt 0.813760 0.677385
vt 0.808713 0.677385
vt 0.515869 0.807741
vt 0.506878 0.808311
vt 0.933191 0.560057
vt 0.909101 0.560057
vt 0.875008 0.574841
vt 0.875008 0.677385
vt 0.928097 0.574841
vt 0.834376 0.574841
vt 0.896999 0.574841
vt 0.506893 0.814687
vt 0.134268 0.934638
vt 0.170018 0.934638
vt 0.167801 0.940170
vt 0.068211 0.934638
vt 0.072309 0.940170
vt 0.058795 0.940170
vt 0.200326 0.934638
vt 0.220577 0.934638
vt 0.209669 0.940170
vt 0.098518 0.934638
vt 0.134268 0.940170
vt 0.196228 0.940170
vt 0.100736 0.940170
vt 0.078558 0.934654
vt 0.079018 0.940186
vt 0.032164 0.940186
vt 0.079018 0.948975
vt 0.081309 0.954507
vt 0.036398 0.954507
vt 0.085211 0.960039
vt 0.085211 0.934648
vt 0.086107 0.940180
vt 0.045266 0.940180
vt 0.045266 0.965571
vt 0.086107 0.965571
vt 0.088389 0.971103
vt 0.049481 0.971103
vt 0.091865 0.976635
vt 0.091865 0.934643
vt 0.092610 0.940175
vt 0.057277 0.940175
vt 0.092610 0.982167
vt 0.094910 0.987700
vt 0.061527 0.987700
vt 0.098518 0.993232
vt 0.237207 0.934654
vt 0.236408 0.940186
vt 0.189554 0.940186
vt 0.236408 0.948975
vt 0.232174 0.954507
vt 0.187262 0.954507
vt 0.224913 0.960039
vt 0.224913 0.934648
vt 0.223301 0.940180
vt 0.182459 0.940180
vt 0.182459 0.965571
vt 0.223301 0.965571
vt 0.219086 0.971103
vt 0.180178 0.971103
vt 0.212620 0.976635
vt 0.212620 0.934643
vt 0.211299 0.940175
vt 0.175966 0.940175
vt 0.211299 0.982167
vt 0.207049 0.987700
vt 0.173666 0.987700
vt 0.200326 0.993232
vt 0.134268 0.934654
vt 0.134286 0.948975
vt 0.134286 0.954507
vt 0.134268 0.960039
vt 0.134283 0.965571
vt 0.134283 0.971103
vt 0.134268 0.976635
vt 0.134288 0.982167
vt 0.134288 0.987700
vt 0.134268 0.993232
vt 0.268764 0.934654
vt 0.267714 0.940186
vt 0.267714 0.948975
vt 0.262183 0.954507
vt 0.252702 0.960039
vt 0.252702 0.934648
vt 0.250590 0.940180
vt 0.250590 0.965571
vt 0.245083 0.971103
vt 0.236639 0.976635
vt 0.236639 0.934643
vt 0.234908 0.940175
vt 0.234908 0.982167
vt 0.229354 0.987700
vt 0.220577 0.993232
vt 0.031329 0.934654
vt 0.000857 0.940186
vt 0.032164 0.948975
vt 0.006389 0.954507
vt 0.043623 0.960039
vt 0.043623 0.934648
vt 0.021189 0.940180
vt 0.021189 0.965571
vt 0.026543 0.971103
vt 0.055917 0.976635
vt 0.055917 0.934643
vt 0.037251 0.940175
vt 0.037251 0.982167
vt 0.057277 0.982167
vt 0.042606 0.987700
vt 0.068211 0.993232
vt 0.189978 0.934654
vt 0.189554 0.948975
vt 0.183325 0.960039
vt 0.183325 0.934648
vt 0.176672 0.976635
vt 0.176672 0.934643
vt 0.175966 0.982167
vt 0.170018 0.993232
vt 0.451749 0.785846
vt 0.453298 0.785811
vt 0.380466 0.685021
vt 0.386579 0.685021
vt 0.454787 0.785846
vt 0.455879 0.785849
vt 0.446886 0.650919
vt 0.457920 0.781001
vt 0.430964 0.781001
vt 0.389469 0.685021
vt 0.450656 0.785847
vt 0.335098 0.650919
vt 0.328969 0.781001
vt 0.318939 0.781001
vt 0.414851 0.650919
vt 0.423502 0.650919
vt 0.396556 0.650919
vt 0.399873 0.781001
vt 0.374975 0.781001
vt 0.353394 0.650919
vt 0.350077 0.781001
vt 0.420981 0.781001
vt 0.374975 0.650919
vt 0.373256 0.685021
vt 0.303320 0.650919
vt 0.326401 0.650919
vt 0.366045 0.685021
vt 0.450139 0.785968
vt 0.359932 0.685021
vt 0.456596 0.785915
vt 0.357026 0.685021
vt 0.875876 0.362450
vt 0.875980 0.550947
vt 0.825703 0.550947
vt 0.956538 0.362450
vt 0.968879 0.550947
vt 0.926257 0.550947
vt 0.832222 0.362450
vt 0.783081 0.550947
vt 0.919530 0.362450
vt 0.989032 0.550947
vt 0.795214 0.362450
vt 0.762820 0.550947
vt 0.422479 0.351697
vt 0.423692 0.351194
vt 0.425754 0.354279
vt 0.377021 0.349723
vt 0.376356 0.348729
vt 0.376748 0.348567
vt 0.470247 0.404357
vt 0.469775 0.403650
vt 0.470097 0.403517
vt 0.442474 0.351697
vt 0.440129 0.355208
vt 0.439200 0.354279
vt 0.382021 0.348729
vt 0.381357 0.349723
vt 0.381057 0.349424
vt 0.473802 0.403650
vt 0.473329 0.404357
vt 0.473082 0.404110
vt 0.428336 0.357553
vt 0.428838 0.356340
vt 0.432477 0.357064
vt 0.378016 0.350388
vt 0.378178 0.349997
vt 0.379189 0.350198
vt 0.470954 0.404830
vt 0.471088 0.404507
vt 0.471788 0.404647
vt 0.443298 0.347556
vt 0.441985 0.347556
vt 0.441261 0.343917
vt 0.382255 0.347556
vt 0.381831 0.347556
vt 0.381630 0.346544
vt 0.473968 0.402816
vt 0.473618 0.402816
vt 0.473479 0.402116
vt 0.440129 0.339904
vt 0.439200 0.340833
vt 0.436115 0.338771
vt 0.381357 0.345388
vt 0.381057 0.345687
vt 0.380200 0.345114
vt 0.472622 0.400803
vt 0.473329 0.401275
vt 0.473082 0.401522
vt 0.432477 0.336734
vt 0.432477 0.338048
vt 0.428838 0.338771
vt 0.378016 0.344723
vt 0.379189 0.344490
vt 0.379189 0.344913
vt 0.471788 0.400637
vt 0.471788 0.400986
vt 0.471088 0.401126
vt 0.424825 0.339904
vt 0.425754 0.340833
vt 0.423692 0.343917
vt 0.376356 0.346382
vt 0.377021 0.345388
vt 0.377320 0.345687
vt 0.470247 0.401275
vt 0.470494 0.401522
vt 0.470097 0.402116
vt 0.421655 0.347556
vt 0.422969 0.347556
vt 0.376123 0.347556
vt 0.376547 0.347556
vt 0.469609 0.402816
vt 0.469958 0.402816
vt 0.436618 0.357553
vt 0.436115 0.356340
vt 0.380362 0.350388
vt 0.380200 0.349997
vt 0.472622 0.404830
vt 0.472489 0.404507
vt 0.424825 0.355208
vt 0.377320 0.349424
vt 0.470494 0.404110
vt 0.441261 0.351194
vt 0.381630 0.348567
vt 0.473479 0.403517
vt 0.442474 0.343414
vt 0.382021 0.346382
vt 0.473802 0.401982
vt 0.436618 0.337558
vt 0.380362 0.344723
vt 0.472489 0.401126
vt 0.428336 0.337558
vt 0.378178 0.345114
vt 0.470954 0.400803
vt 0.422479 0.343414
vt 0.376748 0.346544
vt 0.469775 0.401982
vt 0.432477 0.358377
vt 0.379189 0.350621
vt 0.471788 0.404996
vt 0.437312 0.847458
vt 0.436969 0.847894
vt 0.436377 0.845419
vt 0.440770 0.843379
vt 0.441113 0.842944
vt 0.441706 0.845419
vt 0.440770 0.847458
vt 0.441113 0.847894
vt 0.437312 0.843379
vt 0.436969 0.842944
vt 0.436824 0.845419
vt 0.441259 0.845419
vt 0.431730 0.846958
vt 0.431384 0.847396
vt 0.430787 0.844902
vt 0.435215 0.842846
vt 0.435561 0.842407
vt 0.436158 0.844902
vt 0.435215 0.846958
vt 0.435561 0.847396
vt 0.431730 0.842846
vt 0.431384 0.842407
vt 0.431238 0.844902
vt 0.435707 0.844902
vt 0.430757 0.848088
vt 0.430419 0.848516
vt 0.429835 0.846077
vt 0.434166 0.844066
vt 0.434504 0.843637
vt 0.435088 0.846077
vt 0.434166 0.848088
vt 0.434504 0.848516
vt 0.430757 0.844066
vt 0.430419 0.843637
vt 0.430276 0.846077
vt 0.434647 0.846077
vt 0.981455 0.694767
vt 0.840458 0.059544
vt 0.898935 0.070434
vt 0.948509 0.101446
vt 0.981633 0.147859
vt 0.993265 0.202607
vt 0.981633 0.257355
vt 0.948509 0.303768
vt 0.840459 0.345670
vt 0.781982 0.334780
vt 0.732408 0.303768
vt 0.699284 0.257355
vt 0.687652 0.202607
vt 0.732408 0.101446
vt 0.845300 0.656659
vt 0.851690 0.674501
vt 0.806323 0.708957
vt 0.915952 0.560327
vt 0.830906 0.710210
vt 0.391814 0.405580
vt 0.391285 0.402921
vt 0.391814 0.400261
vt 0.393321 0.398006
vt 0.395576 0.396499
vt 0.398236 0.395970
vt 0.400896 0.396499
vt 0.404657 0.400261
vt 0.405186 0.402921
vt 0.404657 0.405581
vt 0.400896 0.409342
vt 0.398236 0.409871
vt 0.395576 0.409342
vt 0.463095 0.899652
vt 0.421913 0.874281
vt 0.325823 0.898329
vt 0.379195 0.878077
vt 0.421913 0.899112
vt 0.450454 0.953198
vt 0.345347 0.875062
vt 0.388012 0.920543
vt 0.283184 0.873500
vt 0.401363 0.877864
vt 0.387532 0.899652
vt 0.388012 0.952959
vt 0.320344 0.887523
vt 0.386786 0.873812
vt 0.424268 0.877722
vt 0.327436 0.951714
vt 0.458100 0.849900
vt 0.531957 0.364756
vt 0.265749 0.837345
vt 0.307897 0.426436
vt 0.432577 0.832268
vt 0.217580 0.359834
vt 0.525380 0.870920
vt 0.443292 0.427519
vt 0.616299 0.417995
vt 0.614021 0.505037
vt 0.638524 0.845162
vt 0.780737 0.831861
vt 0.783639 0.836468
vt 0.783346 0.834605
vt 0.783162 0.838293
vt 0.780292 0.840764
vt 0.776418 0.840570
vt 0.774828 0.839444
vt 0.773809 0.837826
vt 0.773993 0.834138
vt 0.775168 0.832630
vt 0.776863 0.831667
vt 0.783019 0.837439
vt 0.782241 0.833340
vt 0.780804 0.831834
vt 0.778926 0.831019
vt 0.775016 0.831834
vt 0.773579 0.833340
vt 0.772801 0.835308
vt 0.773579 0.839407
vt 0.776893 0.841728
vt 0.778926 0.841728
vt 0.780804 0.840913
vt 0.768039 0.895998
vt 0.861863 0.849367
vt 0.850145 0.849581
vt 0.861726 0.849256
vt 0.855260 0.854122
vt 0.802035 0.301763
vt 0.855043 0.853907
vt 0.932197 0.841343
vt 0.624696 0.889387
vt 0.609224 0.887665
vt 0.639637 0.884734
vt 0.595650 0.879838
vt 0.586088 0.867157
vt 0.659082 0.860214
vt 0.583899 0.835671
vt 0.591476 0.821695
vt 0.603515 0.811773
vt 0.646695 0.816579
vt 0.618193 0.807340
vt 0.633330 0.809025
vt 0.651714 0.874462
vt 0.595088 0.978265
vt 0.607710 0.985536
vt 0.635990 0.982818
vt 0.622096 0.987137
vt 0.647227 0.973278
vt 0.654091 0.960036
vt 0.655576 0.945160
vt 0.642587 0.919439
vt 0.630145 0.912405
vt 0.602383 0.914965
vt 0.616049 0.910836
vt 0.591179 0.924203
vt 0.586188 0.966484
vt 0.947636 0.872779
vt 0.965708 0.869739
vt 0.947778 0.872641
vt 0.947146 0.873701
vt 0.966281 0.867996
vt 0.959844 0.867313
vt 0.793269 0.626131
vt 0.765706 0.626146
vt 0.633997 0.886309
vt 0.618303 0.887883
vt 0.590946 0.873588
vt 0.603194 0.883392
vt 0.583356 0.859996
vt 0.581512 0.844660
vt 0.585660 0.829849
vt 0.608721 0.810173
vt 0.624260 0.808293
vt 0.659947 0.835816
vt 0.639475 0.812461
vt 0.652030 0.822114
vt 0.647854 0.878841
vt 0.601818 0.981635
vt 0.616194 0.985882
vt 0.590152 0.972323
vt 0.631113 0.984357
vt 0.644275 0.977237
vt 0.581156 0.944782
vt 0.653617 0.965585
vt 0.585109 0.930670
vt 0.648257 0.923312
vt 0.621868 0.910152
vt 0.636334 0.914127
vt 0.607080 0.911933
vt 0.582917 0.959389
vt 0.940525 0.869357
vt 0.966065 0.868654
vt 0.958415 0.869090
vt 0.787847 0.705326
vt 0.788113 0.671685
vt 0.414255 0.701192
vt 0.411558 0.707088
vt 0.817545 0.574841
vt 0.047960 0.934638
vt -0.000228 0.934654
vt 0.000857 0.948975
vt 0.015835 0.960039
vt 0.015835 0.934648
vt 0.031897 0.976635
vt 0.031897 0.934643
vt 0.047960 0.993232
vt 0.292287 0.781001
vt 0.974036 0.362450
vt 0.777622 0.362450
vn 0.000000 0.000000 1.000000
vn 0.000000 0.382700 0.923900
vn 0.000000 0.707100 0.707100
vn -0.000000 0.923900 0.382700
vn -0.000000 1.000000 0.000000
vn -0.000000 0.923900 -0.382700
vn 0.000000 0.707100 -0.707100
vn 0.000000 0.382700 -0.923900
vn 0.000000 0.000000 -1.000000
vn 0.000000 -0.382700 -0.923900
vn 0.000000 -0.707100 -0.707100
vn 0.000000 -0.923900 -0.382700
vn 0.000000 -1.000000 0.000000
vn 0.000000 -0.923900 0.382700
vn 0.000000 -0.707100 0.707100
vn 0.712400 0.268600 0.648300
vn 0.712400 0.000000 0.701700
vn 0.000000 -0.382700 0.923900
vn -1.000000 -0.000000 -0.000000
vn 0.712400 0.648400 0.268500
vn 0.712400 0.496200 0.496200
vn 0.712400 -0.496200 0.496200
vn 0.712400 -0.648300 0.268500
vn 0.789800 -0.595200 -0.148000
vn 0.886600 -0.434800 -0.157600
vn 0.733900 -0.679200 -0.006800
vn 0.712400 0.701800 0.000000
vn 0.712400 -0.268500 0.648300
vn 0.712400 -0.701700 0.000000
vn 0.790400 0.594400 -0.148100
vn 0.734100 0.679000 -0.006900
vn -0.099000 -0.380800 -0.919300
vn -0.099000 0.000000 -0.995100
vn -0.723000 0.000000 -0.690800
vn -0.098800 0.754300 -0.649000
vn -0.736500 0.492700 -0.463500
vn -0.723000 0.264300 -0.638200
vn -0.119800 0.991300 -0.054100
vn -0.723000 0.690800 0.000000
vn -0.761600 0.591400 -0.264700
vn -0.099000 -0.380800 0.919300
vn -0.723000 -0.264400 0.638200
vn -0.723000 0.000000 0.690800
vn -0.099000 0.703600 0.703600
vn -0.723000 0.488400 0.488500
vn -0.723000 0.638200 0.264400
vn -0.099000 -0.919300 0.380800
vn -0.723000 -0.638300 0.264400
vn -0.723000 -0.488500 0.488500
vn -0.099000 0.380800 0.919300
vn -0.099000 0.000000 0.995100
vn -0.119500 -0.991400 -0.053500
vn -0.176700 -0.903100 -0.391300
vn -0.761200 -0.592000 -0.264700
vn -0.723000 -0.264400 -0.638200
vn -0.736300 -0.492800 -0.463800
vn -0.099000 0.380800 -0.919300
vn -0.177600 0.902600 -0.392000
vn -0.099100 0.919300 0.380800
vn -0.099000 -0.703600 0.703600
vn -0.723000 0.264300 0.638200
vn -0.723000 -0.690800 0.000000
vn -0.098700 -0.753700 -0.649700
vn -0.986200 -0.063200 -0.152600
vn -0.986200 0.063200 -0.152600
vn -0.986200 0.152600 -0.063200
vn -0.986200 0.116800 -0.116800
vn -0.986200 0.152600 0.063200
vn -0.986200 -0.116900 0.116800
vn -0.986200 -0.063200 0.152600
vn -0.986200 0.063200 0.152600
vn -0.986200 0.116800 0.116800
vn -0.986200 -0.165200 0.000000
vn -0.986200 -0.116900 -0.116800
vn -0.986200 -0.000000 -0.165200
vn -0.986200 0.165200 0.000000
vn -0.986200 -0.152700 0.063200
vn -0.986200 -0.000000 0.165200
vn -0.986200 -0.152700 -0.063200
vn 0.964500 0.000000 0.264000
vn 0.988800 0.000000 0.149400
vn 0.988700 0.057200 0.138100
vn 0.964500 -0.243800 -0.101000
vn 0.988800 -0.138000 -0.057200
vn 0.988800 -0.149400 0.000000
vn 0.964500 -0.101000 -0.243900
vn 0.988800 -0.057100 -0.138100
vn 0.988800 -0.105600 -0.105700
vn 0.964500 0.101000 -0.243900
vn 0.988700 0.057200 -0.138100
vn 0.988800 0.000000 -0.149400
vn 0.964500 0.243900 -0.101000
vn 0.988700 0.138100 -0.057200
vn 0.988700 0.105700 -0.105700
vn 0.964500 0.264000 0.000000
vn 0.964500 0.243900 0.101000
vn 0.988700 0.138100 0.057200
vn 0.964500 -0.186600 0.186700
vn 0.988800 -0.105600 0.105700
vn 0.988800 -0.057100 0.138100
vn 0.964500 0.101000 0.243900
vn 0.988700 0.105700 0.105700
vn 0.964500 -0.243800 0.101000
vn 0.964500 -0.263900 0.000000
vn 0.964500 -0.186600 -0.186700
vn 0.964500 0.000000 -0.264000
vn 0.964500 0.186700 -0.186700
vn 0.988700 0.149500 0.000000
vn 0.964500 -0.101000 0.243900
vn 0.964500 0.186700 0.186700
vn 0.988800 -0.138000 0.057200
vn -0.232800 -0.972500 -0.000000
vn -0.232900 0.972500 0.000000
vn 0.232900 -0.972500 0.000000
vn 1.000000 0.000000 0.000000
vn 0.232800 0.972500 0.000000
vn 0.000000 -0.260100 0.965600
vn 0.000000 -0.260100 -0.965600
vn -0.998200 -0.060800 0.000000
vn -0.000000 0.260100 0.965600
vn -0.000000 0.260100 -0.965600
vn -0.998200 0.060700 0.000000
vn 0.170600 -0.096800 -0.980600
vn -0.310900 -0.949600 0.039600
vn -0.170600 0.096800 0.980600
vn 0.188900 0.979900 -0.063900
vn 0.952400 -0.239000 0.189300
vn -0.948900 0.216200 -0.230000
vn -0.957200 0.242600 0.157700
vn -0.801400 -0.243600 0.546300
vn -0.288800 -0.493400 0.820500
vn 0.241200 -0.577900 0.779600
vn -0.820200 0.232800 0.522500
vn -0.723900 -0.615000 -0.312700
vn -0.218400 -0.942000 -0.254700
vn 0.281200 -0.952100 -0.119900
vn -0.437800 0.062200 -0.896900
vn 0.171500 -0.102700 -0.979800
vn 0.617000 -0.205700 -0.759600
vn -0.558500 0.188000 0.807900
vn -0.211300 0.114900 0.970700
vn -0.563300 0.663100 0.492900
vn 0.044300 0.641800 0.765600
vn 0.518700 0.398200 0.756500
vn 0.896900 -0.028100 0.441400
vn 0.800600 -0.427600 0.419700
vn 0.828700 -0.551400 0.096100
vn 0.948200 -0.279600 -0.151000
vn -0.338600 0.852100 -0.399000
vn 0.341400 0.879200 -0.332200
vn 0.753400 0.627900 -0.195300
vn 0.997100 0.064600 0.039200
vn -0.795500 0.155500 -0.585700
vn -0.521100 0.071300 -0.850500
vn -0.168100 -0.023500 -0.985500
vn 0.211200 -0.114600 -0.970700
vn 0.558400 -0.188000 -0.808000
vn 0.820600 -0.232500 -0.522100
vn 0.957600 -0.241400 -0.157300
vn 0.949000 -0.213200 0.232400
vn 0.795800 -0.152600 0.586000
vn -0.234700 -0.970000 0.063100
vn 0.168100 0.024600 0.985500
vn 0.521700 -0.068900 0.850400
vn 0.235200 0.969800 -0.064300
vn -0.216400 -0.973400 0.075800
vn 0.216400 0.973400 -0.075800
vn 0.976000 -0.213700 0.042400
vn -0.976000 0.213700 -0.042400
vn 0.599000 -0.193700 -0.777000
vn -0.317100 0.143500 0.937500
vn 0.212400 0.939400 -0.269100
vn 0.202600 0.971900 0.120100
vn 0.161900 0.856000 0.491000
vn 0.096600 0.609900 0.786600
vn 0.016700 0.271300 0.962300
vn 0.189800 0.763600 -0.617200
vn 0.138200 0.471600 -0.870900
vn 0.065800 0.108300 -0.991900
vn -0.016700 -0.271300 -0.962300
vn -0.096600 -0.609900 -0.786600
vn -0.161900 -0.856000 -0.490900
vn -0.202600 -0.971900 -0.120200
vn -0.212400 -0.939400 0.269100
vn -0.189800 -0.763600 0.617200
vn -0.974900 0.218600 -0.042700
vn -0.065800 -0.108300 0.991900
vn -0.138300 -0.471600 0.870900
vn 0.974900 -0.218600 0.042700
vn 0.217000 0.936500 -0.275500
vn -0.216700 -0.932600 0.288500
vn -0.032700 -0.336100 -0.941300
vn -0.197700 -0.950500 -0.239500
vn 0.196100 0.946500 0.256200
vn -0.212600 -0.891800 0.399300
vn 0.213400 0.898600 -0.383400
vn 0.081100 0.175700 -0.981100
vn 0.205900 0.968400 0.140600
vn -0.206900 -0.970100 -0.127100
vn 0.047900 0.053400 -0.997400
vn -0.402700 0.914900 0.029700
vn -0.047900 -0.053400 0.997400
vn 0.282600 -0.958500 -0.037800
vn 0.937200 0.343000 0.063400
vn -0.936900 -0.332200 -0.109100
vn -0.898100 -0.340600 0.278400
vn -0.755900 0.195900 0.624700
vn -0.200300 0.528900 0.824700
vn 0.247600 0.602200 0.759000
vn -0.722800 -0.297800 0.623600
vn -0.815200 0.520300 -0.254500
vn -0.264500 0.921200 -0.285300
vn 0.238100 0.951800 -0.193500
vn -0.527000 -0.159600 -0.834800
vn 0.049200 0.040800 -0.998000
vn 0.559700 0.212500 -0.801000
vn -0.438200 -0.211800 0.873600
vn -0.087000 -0.096300 0.991500
vn -0.431200 -0.684400 0.587900
vn 0.094300 -0.606800 0.789200
vn 0.574800 -0.354300 0.737600
vn 0.926600 0.111500 0.359000
vn 0.777100 0.486100 0.399700
vn 0.741000 0.671200 -0.019300
vn 0.903600 0.319200 -0.285700
vn -0.290100 -0.904100 -0.313800
vn 0.293500 -0.896100 -0.332900
vn 0.770700 -0.595400 -0.226800
vn 0.999900 0.009600 -0.006200
vn -0.832800 -0.273200 -0.481400
vn -0.601900 -0.171500 -0.779900
vn -0.279100 -0.044300 -0.959200
vn 0.085600 0.090900 -0.992200
vn 0.437800 0.210800 -0.874000
vn 0.723100 0.299000 -0.622700
vn 0.898600 0.340500 -0.276600
vn 0.937400 0.330000 0.111600
vn 0.833600 0.268400 0.482700
vn -0.339800 0.938600 0.059500
vn 0.279600 0.036800 0.959400
vn 0.603100 0.165600 0.780300
vn 0.337200 -0.939300 -0.063200
vn -0.333600 0.939900 0.072900
vn 0.333600 -0.939900 -0.072900
vn 0.937500 0.338900 -0.079400
vn -0.937500 -0.338900 0.079400
vn 0.476100 0.234700 -0.847500
vn -0.187000 -0.141800 0.972100
vn 0.298800 -0.916700 -0.265300
vn 0.337700 -0.933100 0.123800
vn 0.324800 -0.806700 0.493600
vn 0.262500 -0.557700 0.787400
vn 0.160500 -0.224500 0.961200
vn 0.214300 -0.760100 -0.613400
vn 0.097300 -0.488000 -0.867400
vn -0.034300 -0.142400 -0.989200
vn -0.160500 0.224500 -0.961200
vn -0.262500 0.557700 -0.787400
vn -0.324800 0.806700 -0.493600
vn -0.337700 0.933100 -0.123800
vn -0.298800 0.916700 0.265300
vn -0.214300 0.760100 0.613400
vn -0.934100 -0.348200 0.078600
vn 0.034300 0.142400 0.989200
vn -0.097300 0.488000 0.867400
vn 0.934100 0.348200 -0.078600
vn 0.306700 -0.912100 -0.272300
vn -0.304400 0.908800 0.285300
vn -0.183500 0.287500 -0.940000
vn -0.347900 0.905900 -0.241600
vn 0.347700 -0.901300 0.258200
vn -0.282400 0.873800 0.395900
vn 0.285800 -0.879700 -0.380100
vn -0.008100 -0.206700 -0.978400
vn 0.347100 -0.926900 0.142900
vn -0.346800 0.929000 -0.129500
vn 0.705500 0.695000 -0.138200
vn 0.705600 -0.695000 -0.138200
vn 0.809900 0.414700 -0.414800
vn 0.001200 -0.381600 -0.924300
vn 0.001200 -0.381500 -0.924300
vn -0.225200 -0.392300 -0.891800
vn -0.723000 -0.279700 -0.631700
vn -0.693400 -0.291700 -0.658800
vn 0.001100 -0.381600 -0.924300
vn -0.226900 0.396300 -0.889600
vn -0.100000 0.406900 -0.908000
vn -0.692700 0.294700 -0.658200
vn 0.811100 -0.413700 -0.413500
vn 0.001100 -0.381700 -0.924300
vn 0.001000 -0.381700 -0.924300
vn 0.804300 0.494000 -0.330100
vn 0.810800 -0.224100 -0.540700
vn -0.001900 0.384400 -0.923100
vn -0.001800 0.384400 -0.923200
vn -0.001800 0.384300 -0.923200
vn -0.002000 0.384500 -0.923100
vn -0.002000 0.384600 -0.923100
vn 0.810400 -0.000200 -0.585800
vn -0.002100 0.384700 -0.923000
vn -0.002100 0.384600 -0.923000
vn -0.002300 0.384800 -0.923000
vn -0.002200 0.384700 -0.923000
vn -0.060500 -0.380500 -0.922800
vn -0.288600 -0.367400 -0.884100
vn 0.001500 -0.381300 -0.924400
vn -0.002400 0.384900 -0.922900
vn 0.001400 -0.381400 -0.924400
vn 0.810100 0.224200 -0.541600
vn -0.002500 0.385000 -0.922900
vn -0.002400 0.385000 -0.922900
vn 0.001300 -0.381400 -0.924400
vn -0.064900 0.384400 -0.920900
vn -0.002600 0.385100 -0.922800
vn 0.001300 -0.381500 -0.924400
vn 0.001300 -0.381500 -0.924300
vn -0.098700 -0.992200 -0.076500
vn -0.098900 -0.402600 -0.910000
vn -0.272000 0.373000 -0.887100
vn -0.093100 -0.936100 -0.339200
vn -0.098800 0.992100 -0.077500
vn -0.723400 0.282100 -0.630100
vn 0.778100 -0.000000 -0.628100
vn 0.778200 0.240300 -0.580200
vn 0.653400 0.289700 -0.699400
vn 0.782300 -0.461500 -0.418300
vn 0.644900 -0.580800 -0.496700
vn 0.681900 -0.365300 -0.633700
vn 0.788300 0.446900 -0.423000
vn 0.847000 0.442000 -0.295300
vn 0.681300 0.366900 -0.633400
vn 0.778000 -0.240500 -0.580400
vn 0.653400 0.000000 -0.757000
vn 0.644500 0.581600 -0.496300
vn 0.653500 -0.289700 -0.699300
vn 0.449800 -0.341600 -0.825200
vn 0.450200 -0.631200 -0.631500
vn 0.778900 -0.239900 -0.579400
vn 0.778900 -0.443400 -0.443500
vn 0.663600 -0.286400 -0.691100
vn 0.526800 -0.325100 -0.785300
vn 0.525100 -0.622400 -0.580400
vn 0.763200 -0.247200 -0.596900
vn 0.761900 -0.474300 -0.441100
vn 0.619600 -0.300500 -0.725100
vn 0.502100 -0.330700 -0.799100
vn 0.499500 -0.639500 -0.584400
vn 0.769700 -0.244200 -0.589700
vn 0.767800 -0.473900 -0.431100
vn 0.448300 0.632100 -0.631900
vn 0.448700 0.342100 -0.825500
vn 0.779100 0.443300 -0.443200
vn 0.779100 0.239900 -0.579100
vn 0.663100 0.529200 -0.529400
vn 0.525800 0.601600 -0.601400
vn 0.526100 0.325600 -0.785600
vn 0.763500 0.456700 -0.456600
vn 0.763400 0.247200 -0.596700
vn 0.618700 0.555400 -0.555600
vn 0.500600 0.612200 -0.612000
vn 0.501000 0.331400 -0.799500
vn 0.770000 0.451200 -0.451100
vn 0.770000 0.244200 -0.589500
vn 0.449200 0.000200 -0.893400
vn 0.779000 0.000100 -0.627000
vn 0.663400 -0.000200 -0.748300
vn 0.526400 0.000200 -0.850200
vn 0.763300 0.000100 -0.646000
vn 0.619300 -0.000200 -0.785100
vn 0.501500 0.000200 -0.865100
vn 0.769900 0.000100 -0.638200
vn 0.441300 0.746100 -0.498500
vn 0.773200 0.527300 -0.352300
vn 0.655800 0.627700 -0.419400
vn 0.518300 0.711100 -0.475100
vn 0.757300 0.543000 -0.362800
vn 0.611200 0.658100 -0.439700
vn 0.493200 0.723300 -0.483300
vn 0.763900 0.536500 -0.358500
vn 0.443300 -0.745300 -0.498000
vn 0.772900 -0.527600 -0.352500
vn 0.671900 -0.533300 -0.513800
vn 0.672400 -0.629900 -0.388500
vn 0.696300 -0.612900 -0.373500
vn 0.625800 -0.572000 -0.530300
vn 0.669500 -0.636600 -0.382500
vn 0.700200 -0.614500 -0.363500
vn 0.663200 0.286300 -0.691500
vn 0.619000 0.300400 -0.725700
vn -0.773700 -0.242400 -0.585300
vn -0.773700 -0.000000 -0.633500
vn 0.752400 0.499100 -0.429800
vn -0.773700 0.242400 -0.585300
vn -0.791300 0.462600 -0.399700
vn -0.721600 -0.280300 -0.633000
vn -0.593700 0.265800 -0.759400
vn 0.562900 0.302500 -0.769200
vn -0.791000 -0.462500 -0.400300
vn 0.752200 -0.498800 -0.430500
vn -0.593500 -0.263600 -0.760400
vn 0.732900 0.260400 -0.628500
vn 0.732900 -0.260300 -0.628500
vn 0.732900 0.000000 -0.680300
vn 0.562800 -0.299800 -0.770200
vn -0.722000 0.282700 -0.631500
vn -0.147400 -0.549500 0.822400
vn 0.121700 -0.551400 -0.825300
vn -0.153800 0.192800 0.969100
vn 0.147400 0.549500 -0.822400
vn -0.138400 0.400900 0.905600
vn 0.153800 -0.192800 -0.969100
vn -0.048600 0.902100 0.428700
vn -0.090900 -0.900200 0.425800
vn 0.048600 -0.902100 -0.428700
vn -0.156800 -0.403600 0.901400
vn -0.162700 -0.192500 0.967700
vn 0.090900 0.900200 -0.425800
vn -0.121700 0.551400 0.825300
vn 0.162700 0.192500 -0.967700
vn -0.133000 -0.550600 0.824100
vn 0.109800 -0.552200 -0.826400
vn -0.138800 0.193200 0.971300
vn 0.133000 0.550600 -0.824100
vn -0.124900 0.401600 0.907300
vn 0.138800 -0.193200 -0.971300
vn -0.043800 0.902300 0.428800
vn -0.081900 -0.900900 0.426100
vn 0.043800 -0.902300 -0.428800
vn -0.141600 -0.404500 0.903500
vn -0.146800 -0.193000 0.970200
vn 0.081900 0.900900 -0.426100
vn -0.109800 0.552200 0.826400
vn 0.146800 0.193000 -0.970200
vn -0.091500 0.000100 -0.995800
vn -0.091300 -0.381000 -0.920000
vn -0.091600 0.753300 -0.651200
vn -0.091700 0.381100 -0.919900
vn -0.090800 -0.752700 -0.652100
vn -0.086700 0.900600 -0.425800
vn -0.085700 -0.899800 -0.427700
vn 0.134700 -0.562700 -0.815600
vn -0.134700 0.562700 -0.815600
vn 0.578600 0.000000 -0.815600
vn -0.578600 -0.000000 -0.815600
vn -0.134700 -0.562700 -0.815600
vn 0.134700 0.562700 -0.815600
vn 0.887700 0.432600 -0.157700
vn -0.310900 -0.949600 0.039700
vn -0.948600 0.215000 -0.232200
vn -0.957500 0.242200 0.156800
vn -0.801400 -0.243600 0.546200
vn -0.304800 -0.480100 0.822500
vn 0.203000 -0.555400 0.806400
vn -0.820500 0.232700 0.522100
vn -0.239600 -0.931800 -0.272700
vn 0.324000 -0.936700 -0.132700
vn 0.148400 -0.079600 -0.985700
vn 0.618200 -0.207400 -0.758200
vn -0.558400 0.188000 0.808000
vn -0.211700 0.115200 0.970500
vn 0.031400 0.640000 0.767700
vn 0.512100 0.410300 0.754600
vn 0.317000 0.880600 -0.352100
vn 0.749400 0.630800 -0.201400
vn -0.795200 0.155600 -0.586100
vn -0.521500 0.071600 -0.850200
vn -0.167700 -0.023400 -0.985600
vn 0.211400 -0.114600 -0.970700
vn 0.558400 -0.188100 -0.808000
vn 0.820400 -0.232600 -0.522400
vn 0.957700 -0.241600 -0.156600
vn 0.949000 -0.213600 0.231800
vn 0.796100 -0.153000 0.585500
vn -0.241200 -0.968800 0.056800
vn -0.236100 -0.969500 0.065200
vn -0.236100 -0.969500 0.065300
vn -0.232300 -0.970400 0.065700
vn -0.228700 -0.970700 0.074000
vn -0.232700 -0.970600 0.061100
vn -0.232900 -0.970600 0.061400
vn -0.236300 -0.969500 0.064900
vn -0.236000 -0.969600 0.065100
vn -0.231000 -0.970600 0.067800
vn -0.232700 -0.970600 0.061200
vn -0.234700 -0.970000 0.063900
vn 0.166500 0.025700 0.985700
vn 0.521900 -0.069100 0.850200
vn 0.236300 0.969700 -0.062200
vn 0.235300 0.969900 -0.062700
vn 0.233600 0.970300 -0.062300
vn 0.233500 0.970200 -0.064500
vn 0.233700 0.970200 -0.064400
vn 0.235100 0.969800 -0.064300
vn 0.235400 0.969800 -0.064500
vn 0.235400 0.969800 -0.063300
vn 0.234500 0.970100 -0.062900
vn 0.233900 0.970200 -0.062900
vn 0.234900 0.969900 -0.063800
vn 0.235100 0.969900 -0.064000
vn 0.234000 0.970200 -0.063000
vn 0.138300 0.471600 -0.870900
vn -0.212400 -0.939400 0.269200
vn 0.206000 0.968400 0.140600
vn -0.936700 -0.332400 -0.109800
vn -0.898200 -0.340500 0.278000
vn -0.220700 0.510700 0.830900
vn 0.246100 0.601200 0.760200
vn -0.722500 -0.297400 0.624200
vn -0.237000 0.934700 -0.264800
vn 0.236100 0.952400 -0.192800
vn -0.527100 -0.159600 -0.834700
vn 0.073600 0.068800 -0.994900
vn 0.556700 0.213600 -0.802800
vn -0.435500 -0.209400 0.875500
vn -0.080700 -0.090800 0.992600
vn 0.134900 -0.609500 0.781200
vn 0.574700 -0.354500 0.737600
vn -0.289800 -0.904100 -0.314000
vn 0.267200 -0.898200 -0.348900
vn 0.770600 -0.595600 -0.227000
vn -0.833100 -0.273100 -0.481000
vn -0.602800 -0.172500 -0.779100
vn -0.281000 -0.044200 -0.958700
vn 0.084200 0.089600 -0.992400
vn 0.436400 0.210900 -0.874700
vn 0.722800 0.298600 -0.623300
vn 0.898600 0.340600 -0.276400
vn 0.937400 0.329400 0.112600
vn 0.833000 0.267300 0.484400
vn -0.345300 0.937100 0.051400
vn -0.338100 0.939600 0.053800
vn -0.327800 0.943600 0.046800
vn -0.331000 0.940900 0.072300
vn -0.340700 0.938200 0.060600
vn -0.341600 0.937900 0.060500
vn -0.340600 0.938300 0.059000
vn -0.341100 0.938400 0.055000
vn -0.335900 0.940400 0.054000
vn -0.329800 0.942600 0.053500
vn -0.340200 0.938400 0.060700
vn -0.340100 0.938700 0.057000
vn -0.338200 0.939300 0.058100
vn 0.280000 0.037100 0.959300
vn 0.601500 0.163800 0.781900
vn 0.340900 -0.938500 -0.054300
vn 0.340400 -0.938700 -0.055100
vn 0.340000 -0.938600 -0.058700
vn 0.340300 -0.938400 -0.059800
vn 0.339300 -0.938700 -0.061400
vn 0.334000 -0.939900 -0.070800
vn 0.325300 -0.944600 -0.044200
vn 0.326300 -0.944100 -0.047600
vn 0.340700 -0.938600 -0.054300
vn 0.340700 -0.938200 -0.060600
vn 0.337700 -0.939100 -0.063400
vn 0.328400 -0.943100 -0.051900
vn 0.337800 -0.939500 -0.056900
vn 0.805700 -0.492400 -0.329100
vn -0.093100 0.935400 -0.341000
vn 0.764000 -0.536400 -0.358400
vn 0.784000 -0.516100 -0.344900
vn 0.682200 -0.607900 -0.406200
s 1
f 855/1/1 854/2/2 853/3/2
f 854/2/2 857/4/3 856/5/3
f 856/5/3 857/4/3 859/6/4
f 859/6/4 861/7/5 860/8/5
f 860/8/5 861/7/5 863/6/6
f 863/6/6 867/4/7 866/5/7
f 867/4/7 869/2/8 868/3/8
f 869/2/8 871/1/9 870/9/9
f 871/1/9 873/10/10 872/11/10
f 873/10/10 875/12/11 874/13/11
f 875/12/11 877/14/12 876/15/12
f 876/15/12 877/14/12 881/16/13
f 880/17/13 881/16/13 883/14/14
f 883/14/14 885/12/15 884/13/15
f 482/18/16 499/19/17 889/20/17
f 887/10/18 855/1/1 852/9/1
f 885/12/15 887/10/18 886/11/18
s off
f 15/21/19 27/22/19 31/23/19
s 1
f 509/24/20 526/25/21 890/26/21
f 527/27/22 544/28/23 898/29/23
f 936/30/24 896/31/25 895/32/26
f 563/33/27 509/24/20 891/34/20
f 527/27/22 899/35/22 900/36/28
f 482/18/16 888/37/16 890/26/21
f 554/38/29 895/39/26 898/29/23
f 902/40/30 563/33/27 892/41/31
f 572/42/28 900/36/28 889/20/17
f 581/43/32 958/44/33 52/45/34
f 956/46/35 50/47/36 51/48/37
f 586/49/38 48/50/39 49/51/40
f 588/52/41 59/53/42 44/54/43
f 590/55/44 46/56/45 47/57/46
f 592/58/47 57/59/48 58/60/49
f 593/61/50 587/62/51 44/54/43
f 594/49/52 954/63/53 55/51/54
f 581/43/32 53/48/55 54/47/56
f 583/43/57 51/48/37 52/45/34
f 585/63/58 49/51/40 50/47/36
f 586/64/38 589/65/59 47/57/46
f 588/52/41 591/66/60 58/60/49
f 593/61/50 45/67/61 46/56/45
f 594/68/52 56/69/62 57/59/48
f 954/63/53 596/46/63 54/47/56
f 54/70/56 53/71/55 913/72/64
f 52/73/34 51/74/37 911/75/65
f 49/76/40 909/77/66 910/78/67
f 48/79/39 47/80/46 907/81/68
f 58/82/49 918/83/69 919/84/70
f 45/85/61 904/86/71 906/87/72
f 57/88/48 56/89/62 916/90/73
f 55/91/54 54/70/56 914/92/74
f 53/71/55 52/93/34 912/94/75
f 51/74/37 50/95/36 910/78/67
f 48/79/39 908/96/76 909/77/66
f 44/97/43 59/98/42 919/84/70
f 46/99/45 906/87/72 907/81/68
f 58/82/49 57/88/48 917/100/77
f 44/101/43 905/102/78 904/86/71
f 56/89/62 55/91/54 915/103/79
f 70/104/11 930/105/11 931/106/12
f 68/107/9 928/108/9 929/109/10
f 67/110/8 66/111/7 926/112/7
f 65/113/6 64/114/5 924/115/5
f 60/107/1 75/116/18 935/109/18
f 62/111/3 922/112/3 923/117/4
f 73/118/14 933/106/14 934/105/15
f 61/110/2 60/107/1 921/108/1
f 71/118/12 931/106/12 932/119/13
f 70/104/11 69/116/10 929/109/10
f 67/110/8 927/120/8 928/108/9
f 66/111/7 65/113/6 925/117/6
f 63/113/4 923/117/4 924/115/5
f 74/104/15 934/105/15 935/109/18
f 62/111/3 61/110/2 920/120/2
f 73/118/14 72/121/13 932/119/13
f 791/122/80 92/123/81 93/124/82
f 797/125/83 103/126/84 104/127/85
f 803/128/86 101/129/87 102/130/88
f 809/131/89 99/132/90 100/133/91
f 815/134/92 97/135/93 98/136/94
f 816/137/95 821/138/96 95/139/97
f 827/140/98 106/141/99 107/142/100
f 786/143/101 93/124/82 94/144/102
f 831/145/103 792/146/104 104/127/85
f 797/125/83 798/147/105 102/130/88
f 803/128/86 804/148/106 100/133/91
f 809/131/89 810/149/107 98/136/94
f 816/137/95 96/150/108 97/135/93
f 822/151/109 107/142/100 92/123/81
f 828/152/110 94/144/102 95/139/97
f 827/140/98 831/145/103 105/153/111
f 102/154/88 98/155/94 94/156/102
s off
f 117/157/112 109/158/112 108/159/112
f 117/160/1 118/161/1 110/162/1
f 118/163/113 836/164/113 111/165/113
f 116/166/9 840/167/9 838/168/9
f 113/169/114 117/157/114 834/170/114
f 114/171/115 113/172/115 835/173/115
f 113/174/1 114/175/1 118/161/1
f 837/176/116 836/164/116 118/163/116
f 112/177/9 116/166/9 119/178/9
f 129/179/112 121/180/112 120/181/112
f 129/182/1 130/183/1 122/184/1
f 130/185/113 842/186/113 123/187/113
f 131/188/9 128/189/9 846/190/9
f 125/191/114 129/179/114 839/192/114
f 126/193/115 125/194/115 841/195/115
f 126/196/1 130/183/1 129/182/1
f 126/197/116 843/198/116 842/186/116
f 124/199/9 128/189/9 131/188/9
f 141/200/112 133/201/112 132/202/112
f 141/203/1 142/204/1 134/175/1
f 848/205/113 135/206/113 134/207/113
f 140/208/9 851/209/9 850/210/9
f 137/211/114 141/200/114 845/212/114
f 138/213/115 137/214/115 847/215/115
f 137/216/1 138/184/1 142/204/1
f 138/217/116 849/218/116 848/205/116
f 136/219/9 140/208/9 143/220/9
f 148/221/13 149/222/13 145/223/13
f 150/224/117 146/225/117 145/226/117
f 151/227/118 148/228/118 144/229/118
f 145/230/119 146/231/119 147/232/119
f 152/222/5 153/233/5 157/234/5
f 153/235/120 154/236/120 158/237/120
f 159/238/121 155/239/121 152/240/121
f 155/241/122 154/242/122 153/243/122
f 160/244/123 164/245/123 167/246/123
f 165/247/124 164/248/124 160/249/124
f 166/250/125 165/251/125 161/252/125
f 167/253/126 166/254/126 162/255/126
f 160/256/127 163/257/127 162/258/127
f 172/259/128 170/260/128 173/261/128
f 178/262/129 173/261/129 179/263/129
f 183/264/130 182/265/130 176/266/130
f 182/265/131 181/267/131 175/268/131
f 181/267/132 180/269/132 174/270/132
f 184/271/133 179/263/133 185/272/133
f 189/273/134 188/274/134 182/275/134
f 182/275/135 188/274/135 187/276/135
f 187/276/136 186/277/136 180/278/136
f 195/279/137 194/280/137 188/274/137
f 188/274/138 194/280/138 193/281/138
f 187/276/139 193/281/139 192/282/139
f 196/283/140 190/284/140 185/272/140
f 198/285/141 196/286/141 191/287/141
f 200/288/142 177/289/142 176/266/142
f 171/290/143 176/266/143 175/268/143
f 175/268/144 174/270/144 169/291/144
f 169/292/145 174/293/145 168/294/145
f 174/293/146 180/295/146 168/294/146
f 180/295/147 186/296/147 168/294/147
f 186/297/148 192/298/148 168/299/148
f 195/279/149 200/300/149 171/301/149
f 171/301/150 199/302/150 193/281/150
f 199/302/151 169/303/151 192/282/151
f 192/304/152 169/292/152 168/294/152
f 172/259/153 201/305/153 202/306/153
f 203/307/154 204/308/154 202/306/154
f 203/309/155 205/310/155 206/311/155
f 205/310/156 207/312/156 208/313/156
f 209/314/157 210/315/157 208/313/157
f 209/314/158 211/316/158 212/317/158
f 213/318/159 214/319/159 212/317/159
f 213/320/160 215/321/160 216/322/160
f 215/323/161 217/324/161 218/325/161
f 214/326/162 197/327/162 173/328/162
f 219/329/163 198/285/163 197/330/163
f 217/324/164 219/329/164 220/331/164
f 213/332/165 209/333/165 201/334/165
f 223/335/166 230/336/166 228/337/166
f 241/338/167 238/339/167 237/340/167
f 225/341/167 229/342/167 222/343/167
f 240/344/166 239/345/166 244/346/166
f 233/347/167 224/348/167 221/349/167
f 228/350/168 225/351/168 226/352/168
f 238/353/169 239/354/169 240/355/169
f 228/356/170 230/357/170 229/358/170
f 233/359/168 234/360/168 235/361/168
f 232/362/166 231/345/166 236/363/166
f 231/364/169 232/365/169 221/366/169
f 229/367/169 230/368/169 223/369/169
f 241/370/168 242/371/168 243/372/168
f 246/373/166 252/374/166 250/375/166
f 247/376/167 251/377/167 245/378/167
f 250/379/169 247/380/169 248/381/169
f 250/382/171 252/383/171 251/384/171
f 245/385/168 251/386/168 252/387/168
f 254/388/172 253/389/172 255/390/172
f 258/388/173 256/391/173 255/390/173
f 260/392/174 258/388/174 257/389/174
f 262/393/175 260/392/175 259/394/175
f 264/395/176 262/393/176 261/396/176
f 265/392/177 266/394/177 253/389/177
f 267/393/178 268/396/178 266/394/178
f 269/395/179 270/397/179 268/396/179
f 271/398/180 272/399/180 270/400/180
f 273/401/181 274/402/181 272/399/181
f 275/403/182 276/404/182 274/402/182
f 277/405/183 278/406/183 276/404/183
f 277/405/184 279/403/184 280/404/184
f 279/403/185 281/401/185 282/402/185
f 284/407/186 263/408/186 270/409/186
f 283/398/187 264/410/187 263/400/187
f 281/401/188 283/398/188 284/399/188
f 271/411/189 269/412/189 283/413/189
f 292/414/190 286/415/190 288/416/190
f 293/417/191 287/418/191 285/419/191
f 289/420/168 285/421/168 286/422/168
f 287/423/192 288/424/192 286/425/192
f 292/426/168 291/427/168 290/428/168
f 296/429/169 293/430/169 294/431/169
f 288/432/169 287/433/169 293/430/169
f 294/434/193 293/435/193 289/436/193
f 296/437/194 295/438/194 291/439/194
f 297/440/194 298/441/194 302/442/194
f 303/443/193 299/444/193 300/445/193
f 305/446/169 306/447/169 300/448/169
f 297/449/169 300/448/169 299/450/169
f 301/425/168 302/451/168 303/452/168
f 306/453/192 305/454/192 307/455/192
f 304/456/168 308/457/168 307/458/168
f 300/459/191 306/460/191 308/461/191
f 301/462/190 307/463/190 305/464/190
f 314/465/195 310/466/195 309/467/195
f 316/468/196 312/469/196 311/470/196
f 312/471/169 318/472/169 317/473/169
f 309/474/169 310/475/169 311/476/169
f 315/477/168 314/478/168 313/456/168
f 320/479/197 319/480/197 317/481/197
f 316/482/168 313/456/168 319/483/168
f 312/484/198 316/485/198 320/486/198
f 309/467/199 317/487/199 319/488/199
f 321/244/200 324/489/200 328/246/200
f 322/490/201 321/249/201 325/248/201
f 322/252/202 326/251/202 327/250/202
f 323/255/203 327/254/203 328/253/203
f 321/256/204 322/491/204 323/258/204
f 339/262/205 334/261/205 331/260/205
f 340/263/206 334/261/206 339/262/206
f 337/266/207 343/265/207 344/264/207
f 336/268/208 342/267/208 343/265/208
f 335/270/209 341/269/209 342/267/209
f 351/284/210 346/272/210 340/263/210
f 343/275/211 349/274/211 350/273/211
f 343/275/212 342/492/212 348/276/212
f 341/278/213 347/277/213 348/276/213
f 349/274/214 355/280/214 356/279/214
f 349/274/215 348/276/215 354/281/215
f 347/277/216 353/282/216 354/281/216
f 357/283/217 352/493/217 346/272/217
f 359/285/218 358/330/218 352/287/218
f 361/288/219 332/290/219 337/266/219
f 332/290/220 360/494/220 336/268/220
f 330/291/221 335/270/221 336/268/221
f 330/292/222 329/294/222 335/293/222
f 335/293/223 329/294/223 341/295/223
f 341/295/224 329/294/224 347/296/224
f 347/297/225 329/299/225 353/298/225
f 356/279/226 355/280/226 332/301/226
f 354/281/227 360/302/227 332/301/227
f 353/282/228 330/303/228 360/302/228
f 353/304/229 329/294/229 330/292/229
f 333/259/230 331/260/230 363/306/230
f 363/306/231 365/308/231 364/307/231
f 364/309/232 365/495/232 367/311/232
f 367/311/233 369/313/233 368/312/233
f 368/312/234 369/313/234 371/315/234
f 371/315/235 373/317/235 372/316/235
f 373/317/236 375/319/236 374/318/236
f 374/320/237 375/496/237 377/322/237
f 376/323/238 377/497/238 379/325/238
f 375/326/239 371/498/239 363/499/239
f 380/329/240 381/331/240 358/330/240
f 378/324/241 379/325/241 381/331/241
f 374/332/242 359/500/242 339/501/242
f 389/337/243 391/336/243 384/335/243
f 402/338/244 403/502/244 398/340/244
f 386/341/244 387/503/244 383/343/244
f 405/346/243 400/345/243 401/344/243
f 394/347/244 395/504/244 382/349/244
f 388/505/245 387/352/245 386/351/245
f 399/353/246 398/506/246 401/355/246
f 386/507/247 390/358/247 391/357/247
f 396/361/245 395/360/245 394/359/245
f 397/363/243 392/345/243 393/362/243
f 382/366/246 393/365/246 392/364/246
f 384/369/246 391/368/246 390/367/246
f 404/372/245 403/371/245 402/370/245
f 411/375/243 413/374/243 407/373/243
f 408/376/244 409/508/244 406/378/244
f 411/379/246 410/509/246 409/381/246
f 408/510/248 412/384/248 413/383/248
f 407/511/245 413/387/245 412/386/245
f 416/512/249 414/513/249 415/514/249
f 419/514/250 418/513/250 416/512/250
f 421/515/251 420/516/251 418/513/251
f 423/517/252 422/518/252 420/516/252
f 425/519/253 424/520/253 422/518/253
f 414/513/254 427/516/254 426/515/254
f 427/516/255 429/518/255 428/517/255
f 429/518/256 431/520/256 430/519/256
f 431/520/257 433/521/257 432/522/257
f 433/521/258 435/523/258 434/524/258
f 435/523/259 437/525/259 436/526/259
f 437/525/260 439/512/260 438/527/260
f 438/527/261 439/512/261 441/525/261
f 440/526/262 441/525/262 443/523/262
f 433/528/263 431/529/263 445/530/263
f 444/522/264 445/521/264 424/520/264
f 442/524/265 443/523/265 445/521/265
f 444/531/266 432/532/266 434/533/266
f 457/437/267 449/416/267 447/415/267
f 454/417/268 450/534/268 446/419/268
f 450/420/245 453/426/245 447/422/245
f 447/425/269 449/424/269 448/423/269
f 451/428/245 452/427/245 453/426/245
f 457/429/246 456/535/246 455/431/246
f 454/430/246 448/433/246 449/432/246
f 450/436/270 454/435/270 455/434/270
f 453/414/271 452/439/271 456/438/271
f 463/442/271 459/441/271 458/440/271
f 465/536/270 461/445/270 460/444/270
f 461/448/246 467/447/246 466/446/246
f 458/449/246 459/537/246 460/450/246
f 464/452/245 463/451/245 462/425/245
f 468/455/269 466/454/269 467/453/269
f 465/456/245 462/425/245 468/458/245
f 465/538/268 469/461/268 467/460/268
f 462/462/267 458/440/267 466/464/267
f 474/539/272 470/540/272 471/541/272
f 472/542/273 473/543/273 477/544/273
f 478/473/246 479/472/246 473/471/246
f 470/474/246 473/471/246 472/476/246
f 474/456/245 475/478/245 476/477/245
f 481/479/274 479/545/274 478/481/274
f 477/482/245 481/546/245 480/483/245
f 473/547/275 479/548/275 481/549/275
f 480/550/276 478/551/276 470/540/276
s 1
f 32/552/28 580/553/28 491/554/17
f 491/554/17 580/553/28 579/555/28
f 579/555/28 578/556/28 493/557/17
f 578/556/28 577/558/28 494/559/17
f 577/558/28 576/560/28 495/561/17
f 576/560/28 575/562/28 496/563/17
f 575/562/28 574/564/28 497/565/17
f 574/564/28 573/566/28 498/567/17
f 573/566/28 572/42/28 499/19/17
f 10/568/27 571/569/27 944/570/277
f 571/569/27 570/571/27 945/572/277
f 570/571/27 569/573/27 946/574/277
f 569/573/27 568/575/27 947/576/277
f 568/575/27 567/577/27 948/578/277
f 567/577/27 566/579/27 949/580/277
f 566/579/27 565/581/27 950/582/277
f 565/581/27 564/583/27 951/584/277
f 564/583/27 563/33/27 902/40/30
f 26/585/29 562/586/29 536/587/23
f 562/586/29 561/588/29 537/589/23
f 561/588/29 560/590/29 538/591/23
f 560/590/29 559/592/29 539/593/23
f 559/592/29 558/594/29 540/595/23
f 558/594/29 557/596/29 541/597/23
f 557/596/29 556/598/29 542/599/23
f 556/598/29 555/600/29 543/601/23
f 555/600/29 554/38/29 544/28/23
f 4/602/16 490/603/16 518/604/21
f 490/603/16 489/605/16 519/606/21
f 489/605/16 488/607/16 520/608/21
f 488/607/16 487/609/16 521/610/21
f 487/609/16 486/611/16 522/612/21
f 486/611/16 485/613/16 523/614/21
f 485/613/16 484/615/16 524/616/21
f 484/615/16 483/617/16 525/618/21
f 483/617/16 482/18/16 526/25/21
f 30/619/22 535/620/22 580/553/28
f 580/553/28 535/620/22 534/621/22
f 534/621/22 533/622/22 578/556/28
f 533/622/22 532/623/22 577/558/28
f 532/623/22 531/624/22 576/560/28
f 531/624/22 530/625/22 575/562/28
f 530/625/22 529/626/22 574/564/28
f 529/626/22 528/627/22 573/566/28
f 528/627/22 527/27/22 572/42/28
f 8/628/20 517/629/20 571/569/27
f 517/629/20 516/630/20 570/571/27
f 516/630/20 515/631/20 569/573/27
f 515/631/20 514/632/20 568/575/27
f 514/632/20 513/633/20 567/577/27
f 513/633/20 512/634/20 566/579/27
f 512/634/20 511/635/20 565/581/27
f 511/635/20 510/636/20 564/583/27
f 564/583/27 510/636/20 509/24/20
f 878/637/278 901/638/278 562/639/29
f 901/638/278 943/640/278 561/641/29
f 561/641/29 943/640/278 942/642/278
f 560/643/29 942/642/278 941/644/278
f 559/645/29 941/644/278 940/646/278
f 558/647/29 940/646/278 939/648/278
f 557/649/29 939/648/278 938/650/278
f 556/651/29 938/650/278 937/652/278
f 555/653/29 937/652/278 936/30/24
f 16/654/115 14/655/115 597/655/279
f 548/656/280 976/656/281 975/657/280
f 894/658/282 903/659/283 963/660/284
f 547/657/285 975/657/280 974/661/285
f 897/662/286 964/663/287 981/664/288
f 879/665/115 22/666/115 602/666/289
f 546/661/290 974/661/285 973/667/291
f 14/655/115 865/668/115 952/668/292
f 545/667/291 973/667/291 598/668/291
f 22/666/115 20/669/115 601/669/293
f 30/619/22 28/670/23 536/587/23
f 536/587/23 537/589/23 534/621/22
f 537/589/23 538/591/23 533/622/22
f 538/591/23 539/593/23 532/623/22
f 539/593/23 540/595/23 531/624/22
f 540/595/23 541/597/23 530/625/22
f 541/597/23 542/599/23 529/626/22
f 542/599/23 543/601/23 528/627/22
f 543/601/23 544/28/23 527/27/22
f 8/628/20 6/671/21 518/604/21
f 517/629/20 518/604/21 519/606/21
f 519/606/21 520/608/21 515/631/20
f 515/631/20 520/608/21 521/610/21
f 514/632/20 521/610/21 522/612/21
f 522/612/21 523/614/21 512/634/20
f 512/634/20 523/614/21 524/616/21
f 511/635/20 524/616/21 525/618/21
f 525/618/21 526/25/21 509/24/20
f 507/672/294 508/673/295 960/673/295
f 508/673/295 24/665/296 603/665/296
f 506/674/297 507/672/294 972/672/294
f 955/675/19 982/675/19 986/676/19
f 505/677/298 506/674/297 971/674/298
f 582/678/19 985/678/19 984/679/19
f 20/669/115 18/680/115 600/680/299
f 504/681/300 505/677/298 970/677/301
f 903/682/283 584/683/19 983/683/19
f 503/684/302 504/681/300 969/681/303
f 553/685/304 961/685/305 980/686/306
f 502/687/307 503/684/302 968/684/302
f 552/686/306 980/686/306 979/688/308
f 18/680/115 16/654/115 599/654/309
f 501/689/310 502/687/307 967/687/311
f 551/688/308 979/688/308 978/690/312
f 959/676/19 986/676/19 985/678/19
f 500/691/313 501/689/310 966/689/314
f 4/602/16 2/692/17 491/554/17
f 491/554/17 492/693/17 489/605/16
f 489/605/16 492/693/17 493/557/17
f 493/557/17 494/559/17 487/609/16
f 494/559/17 495/561/17 486/611/16
f 486/611/16 495/561/17 496/563/17
f 496/563/17 497/565/17 484/615/16
f 484/615/16 497/565/17 498/567/17
f 498/567/17 499/19/17 482/18/16
f 550/690/315 978/690/312 977/694/316
f 40/695/317 594/696/52 592/697/47
f 34/698/50 593/699/50 590/700/44
f 42/701/60 591/702/60 588/703/41
f 36/704/59 589/705/59 586/706/38
f 894/707/282 962/707/318 961/685/305
f 957/679/19 984/679/19 983/683/19
f 897/708/286 500/691/313 965/691/319
f 40/709/317 39/710/320 954/63/53
f 33/711/51 587/712/51 593/699/50
f 42/701/60 41/713/47 592/697/47
f 35/714/44 590/700/44 589/705/59
f 43/715/41 588/703/41 587/712/51
f 37/709/321 586/49/38 585/63/58
f 549/694/316 977/694/316 976/656/281
f 595/716/322 981/716/288 982/675/19
f 622/717/323 612/718/324 606/719/325
f 614/720/326 609/721/327 610/722/328
f 654/723/329 616/724/330 605/725/331
f 670/726/332 622/717/323 607/727/333
f 612/718/324 654/723/329 604/728/334
f 614/720/326 670/726/332 608/729/335
f 601/730/293 617/731/336 646/732/337
f 617/733/336 677/734/338 647/735/339
f 647/735/339 677/734/338 676/736/340
f 676/737/340 675/738/341 649/739/342
f 649/740/342 675/741/341 674/742/343
f 650/743/344 674/742/343 673/744/345
f 673/745/345 672/746/346 652/747/347
f 672/748/346 671/749/348 653/750/349
f 653/750/349 671/749/348 670/751/332
f 597/752/279 615/753/350 630/754/351
f 615/755/350 661/756/352 631/757/353
f 631/757/353 661/756/352 660/758/354
f 660/759/354 659/760/355 633/761/356
f 633/762/356 659/763/355 658/764/357
f 634/765/358 658/764/357 657/766/359
f 657/767/359 656/768/360 636/769/361
f 656/770/360 655/771/362 637/772/363
f 637/772/363 655/771/362 654/773/329
f 600/774/299 611/727/364 617/731/336
f 617/733/336 611/775/364 629/776/365
f 677/734/338 629/776/365 628/777/366
f 628/717/366 627/727/367 675/738/341
f 627/778/367 626/779/368 674/742/343
f 674/742/343 626/779/368 625/780/369
f 625/717/369 624/727/370 672/746/346
f 624/781/370 623/782/371 671/749/348
f 671/749/348 623/782/371 622/783/323
f 952/784/292 662/785/372 615/753/350
f 662/786/372 663/787/373 661/756/352
f 661/756/352 663/787/373 664/788/374
f 664/789/374 665/790/375 659/760/355
f 659/763/355 665/791/375 666/792/376
f 658/764/357 666/792/376 667/793/377
f 667/794/377 668/795/378 656/768/360
f 668/796/378 669/797/379 655/771/362
f 655/771/362 669/797/379 616/798/330
f 602/799/289 646/732/337 613/800/380
f 646/801/337 647/735/339 645/802/381
f 645/802/381 647/735/339 648/803/382
f 648/804/382 649/739/342 643/805/383
f 643/806/383 649/740/342 650/743/344
f 642/807/384 650/743/344 651/808/385
f 651/809/385 652/747/347 640/810/386
f 640/811/386 652/812/347 653/750/349
f 639/813/387 653/750/349 614/814/326
f 599/815/309 630/754/351 611/727/364
f 630/816/351 631/757/353 629/776/365
f 629/776/365 631/757/353 632/817/388
f 632/818/388 633/761/356 627/727/367
f 633/762/356 634/765/358 626/779/368
f 626/779/368 634/765/358 635/819/389
f 635/820/389 636/769/361 624/727/370
f 636/821/361 637/772/363 623/782/371
f 623/782/371 637/772/363 612/822/324
f 618/823/19 688/823/390 692/824/391
f 606/825/325 604/826/334 681/826/392
f 619/827/19 689/827/393 693/828/394
f 605/829/331 620/830/395 690/831/396
f 605/832/331 682/832/397 681/826/392
f 621/833/19 691/833/398 688/823/390
f 686/834/399 691/835/398 694/836/400
f 681/837/392 682/838/397 690/831/396
f 683/839/401 689/840/393 692/841/391
f 685/842/402 688/843/390 691/835/398
f 681/837/392 693/844/394 689/840/393
f 685/842/402 684/845/403 692/841/391
f 607/846/333 606/825/325 683/825/401
f 610/847/328 687/848/404 694/836/400
f 608/849/335 607/846/333 684/846/403
f 680/850/405 694/850/400 691/833/398
f 609/851/327 608/849/335 685/849/402
f 620/852/395 679/828/19 693/828/394
f 610/853/328 609/851/327 686/851/399
f 678/824/19 692/824/391 689/827/393
s off
f 706/824/115 702/823/115 695/823/115
f 707/828/115 703/827/115 696/827/115
f 702/823/115 705/833/115 698/833/115
f 705/833/115 708/850/115 701/850/115
f 697/852/115 704/852/115 707/828/115
f 703/827/115 706/824/115 699/824/115
f 712/823/19 711/823/19 722/824/19
f 717/827/19 721/827/19 720/828/19
f 713/833/19 714/833/19 711/823/19
f 715/850/19 719/850/19 714/833/19
f 709/852/19 716/828/19 720/828/19
f 718/824/19 722/824/19 721/827/19
f 703/827/406 707/828/406 720/828/406
f 695/823/407 698/833/407 713/833/407
f 706/824/408 722/824/408 711/823/408
f 696/827/409 717/827/409 716/828/409
f 697/852/410 709/852/410 710/852/410
f 699/824/411 695/823/411 712/823/411
f 705/833/412 714/833/412 719/850/412
f 707/828/413 704/852/413 710/852/413
f 698/833/414 701/850/414 715/850/414
f 701/850/415 708/850/415 719/850/415
f 706/824/416 703/827/416 721/827/416
f 700/828/417 716/828/417 709/852/417
f 702/823/418 711/823/418 714/833/418
f 699/824/419 718/824/419 717/827/419
f 734/824/115 730/823/115 723/823/115
f 735/828/115 731/827/115 724/827/115
f 730/823/115 733/833/115 726/833/115
f 733/833/115 736/850/115 729/850/115
f 725/852/115 732/852/115 735/828/115
f 731/827/115 734/824/115 727/824/115
f 740/823/19 739/823/19 750/824/19
f 745/827/19 749/827/19 748/828/19
f 741/833/19 742/833/19 739/823/19
f 743/850/19 747/850/19 742/833/19
f 737/852/19 744/828/19 748/828/19
f 746/824/19 750/824/19 749/827/19
f 731/827/406 735/828/406 748/828/406
f 723/823/407 726/833/407 741/833/407
f 734/824/408 750/824/408 739/823/408
f 724/827/409 745/827/409 744/828/409
f 725/852/410 737/852/410 738/852/410
f 727/824/411 723/823/411 740/823/411
f 733/833/412 742/833/412 747/850/412
f 735/828/413 732/852/413 738/852/413
f 726/833/414 729/850/414 743/850/414
f 729/850/415 736/850/415 747/850/415
f 734/824/416 731/827/416 749/827/416
f 728/828/417 744/828/417 737/852/417
f 730/823/418 739/823/418 742/833/418
f 727/824/419 746/824/419 745/827/419
f 762/824/115 758/823/115 751/823/115
f 763/828/115 759/827/115 752/827/115
f 758/823/115 761/833/115 754/833/115
f 761/833/115 764/850/115 757/850/115
f 753/852/115 760/852/115 763/828/115
f 759/827/115 762/824/115 755/824/115
f 768/823/19 767/823/19 778/824/19
f 773/827/19 777/827/19 776/828/19
f 769/833/19 770/833/19 767/823/19
f 771/850/19 775/850/19 770/833/19
f 765/852/19 772/828/19 776/828/19
f 774/824/19 778/824/19 777/827/19
f 759/827/420 763/828/420 776/828/420
f 751/823/421 754/833/421 769/833/421
f 762/824/422 778/824/422 767/823/422
f 752/827/423 773/827/423 772/828/423
f 753/852/424 765/852/424 766/852/424
f 755/824/425 751/823/425 768/823/425
f 761/833/426 770/833/426 775/850/426
f 763/828/427 760/852/427 766/852/427
f 754/833/428 757/850/428 771/850/428
f 757/850/429 764/850/429 775/850/429
f 762/824/430 759/827/430 777/827/430
f 756/828/431 772/828/431 765/852/431
f 758/823/432 767/823/432 770/833/432
f 755/824/433 774/824/433 773/827/433
s 1
f 607/854/333 782/855/434 783/856/435
f 604/857/334 779/858/436 781/859/437
f 608/860/335 783/856/435 784/861/438
f 606/862/325 781/859/437 782/855/434
f 780/863/439 779/858/436 604/857/334
f 609/864/327 784/861/438 785/865/440
f 89/866/103 833/867/103 825/868/98
f 825/869/98 833/870/103 832/871/103
f 826/872/98 832/873/103 831/874/103
f 79/875/96 78/876/110 830/877/110
f 819/878/96 830/879/110 829/880/110
f 820/881/96 829/882/110 828/883/110
f 91/884/109 824/885/109 789/886/80
f 824/887/109 823/888/109 790/889/80
f 823/890/109 822/891/109 791/892/80
f 80/893/95 818/894/95 813/895/92
f 818/896/95 817/897/95 814/898/92
f 817/899/95 816/900/95 815/901/92
f 82/902/107 812/903/107 807/904/89
f 812/905/107 811/906/107 808/907/89
f 808/908/89 811/909/107 810/910/107
f 84/911/106 806/912/106 801/913/86
f 801/914/86 806/915/106 805/916/106
f 805/917/106 804/918/106 803/919/86
f 86/920/105 800/921/105 795/922/83
f 795/923/83 800/924/105 799/925/105
f 799/926/105 798/927/105 797/928/83
f 89/866/103 88/929/104 794/930/104
f 833/870/103 794/931/104 793/932/104
f 832/873/103 793/933/104 792/934/104
f 77/935/101 788/936/101 830/877/110
f 788/937/101 787/938/101 829/880/110
f 829/882/110 787/939/101 786/940/101
f 90/941/98 825/868/98 824/885/109
f 825/869/98 826/942/98 823/888/109
f 826/872/98 827/943/98 822/891/109
f 79/875/96 819/944/96 818/894/95
f 819/878/96 820/945/96 817/897/95
f 820/881/96 821/946/96 816/900/95
f 82/902/107 81/947/92 813/895/92
f 812/905/107 813/948/92 814/898/92
f 814/949/92 815/901/92 810/910/107
f 83/950/89 807/904/89 806/912/106
f 807/951/89 808/907/89 805/916/106
f 808/908/89 809/952/89 804/918/106
f 85/953/86 801/913/86 800/921/105
f 801/914/86 802/954/86 799/925/105
f 802/955/86 803/919/86 798/927/105
f 87/956/83 795/922/83 794/930/104
f 795/923/83 796/957/83 793/932/104
f 796/958/83 797/928/83 792/934/104
f 76/959/80 789/886/80 788/936/101
f 789/960/80 790/889/80 787/938/101
f 790/961/80 791/892/80 786/940/101
s off
f 112/962/441 835/963/441 834/964/441
f 838/965/442 111/966/442 836/967/442
f 115/968/443 837/969/443 835/963/443
f 838/965/444 840/970/444 108/971/444
f 840/970/445 116/972/445 834/964/445
f 115/968/446 119/973/446 836/967/446
f 124/974/441 841/975/441 839/976/441
f 844/977/442 123/978/442 842/979/442
f 127/980/443 843/981/443 841/975/443
f 844/977/444 846/982/444 120/983/444
f 846/982/445 128/984/445 839/976/445
f 127/980/446 131/985/446 842/979/446
f 136/986/441 847/987/441 845/988/441
f 850/989/442 135/990/442 848/991/442
f 139/992/443 849/993/443 847/987/443
f 851/994/444 132/995/444 135/990/444
f 851/994/445 140/996/445 845/988/445
f 139/992/446 143/997/446 848/991/446
s 1
f 852/9/1 855/1/1 853/3/2
f 853/3/2 854/2/2 856/5/3
f 858/998/4 856/5/3 859/6/4
f 858/998/4 859/6/4 860/8/5
f 862/998/6 860/8/5 863/6/6
f 862/998/6 863/6/6 866/5/7
f 866/5/7 867/4/7 868/3/8
f 868/3/8 869/2/8 870/9/9
f 870/9/9 871/1/9 872/11/10
f 872/11/10 873/10/10 874/13/11
f 874/13/11 875/12/11 876/15/12
f 880/17/13 876/15/12 881/16/13
f 882/15/14 880/17/13 883/14/14
f 882/15/14 883/14/14 884/13/15
f 888/37/16 482/18/16 889/20/17
f 886/11/18 887/10/18 852/9/1
f 884/13/15 885/12/15 886/11/18
s off
f 31/23/19 1/999/19 3/1000/19
f 3/1000/19 5/1001/19 7/1002/19
f 7/1002/19 9/1003/19 11/1004/19
f 11/1004/19 13/1005/19 7/1002/19
f 15/21/19 17/1006/19 19/1007/19
f 19/1007/19 21/1008/19 15/21/19
f 23/1009/19 25/1010/19 27/22/19
f 27/22/19 29/1011/19 31/23/19
f 31/23/19 3/1000/19 7/1002/19
f 7/1002/19 13/1005/19 15/21/19
f 15/21/19 21/1008/19 23/1009/19
f 23/1009/19 27/22/19 15/21/19
f 31/23/19 7/1002/19 15/21/19
s 1
f 891/34/20 509/24/20 890/26/21
f 899/35/22 527/27/22 898/29/23
f 554/1012/29 936/30/24 895/32/26
f 892/41/31 563/33/27 891/34/20
f 572/42/28 527/27/22 900/36/28
f 526/25/21 482/18/16 890/26/21
f 544/28/23 554/38/29 898/29/23
f 893/1013/447 902/40/30 892/41/31
f 499/19/17 572/42/28 889/20/17
f 53/48/55 581/43/32 52/45/34
f 583/43/57 956/46/35 51/48/37
f 585/63/58 586/49/38 49/51/40
f 587/62/51 588/52/41 44/54/43
f 589/65/59 590/55/44 47/57/46
f 591/66/60 592/58/47 58/60/49
f 45/67/61 593/61/50 44/54/43
f 56/50/62 594/49/52 55/51/54
f 596/46/63 581/43/32 54/47/56
f 958/44/33 583/43/57 52/45/34
f 956/46/35 585/63/58 50/47/36
f 48/1014/39 586/64/38 47/57/46
f 59/53/42 588/52/41 58/60/49
f 590/55/44 593/61/50 46/56/45
f 592/58/47 594/68/52 57/59/48
f 55/51/54 954/63/53 54/47/56
f 914/92/74 54/70/56 913/72/64
f 912/1015/75 52/73/34 911/75/65
f 50/95/36 49/76/40 910/78/67
f 908/96/76 48/79/39 907/81/68
f 59/98/42 58/82/49 919/84/70
f 46/99/45 45/85/61 906/87/72
f 917/100/77 57/88/48 916/90/73
f 915/103/79 55/91/54 914/92/74
f 913/72/64 53/71/55 912/94/75
f 911/75/65 51/74/37 910/78/67
f 49/76/40 48/79/39 909/77/66
f 905/1016/78 44/97/43 919/84/70
f 47/80/46 46/99/45 907/81/68
f 918/83/69 58/82/49 917/100/77
f 45/85/61 44/101/43 904/86/71
f 916/90/73 56/89/62 915/103/79
f 71/118/12 70/104/11 931/106/12
f 69/116/10 68/107/9 929/109/10
f 927/120/8 67/110/8 926/112/7
f 925/117/6 65/113/6 924/115/5
f 921/108/1 60/107/1 935/109/18
f 63/113/4 62/111/3 923/117/4
f 74/104/15 73/118/14 934/105/15
f 920/120/2 61/110/2 921/108/1
f 72/121/13 71/118/12 932/119/13
f 930/105/11 70/104/11 929/109/10
f 68/107/9 67/110/8 928/108/9
f 926/112/7 66/111/7 925/117/6
f 64/114/5 63/113/4 924/115/5
f 75/116/18 74/104/15 935/109/18
f 922/112/3 62/111/3 920/120/2
f 933/106/14 73/118/14 932/119/13
f 786/143/101 791/122/80 93/124/82
f 792/146/104 797/125/83 104/127/85
f 798/147/105 803/128/86 102/130/88
f 804/148/106 809/131/89 100/133/91
f 810/149/107 815/134/92 98/136/94
f 96/150/108 816/137/95 95/139/97
f 822/151/109 827/140/98 107/142/100
f 828/152/110 786/143/101 94/144/102
f 105/153/111 831/145/103 104/127/85
f 103/126/84 797/125/83 102/130/88
f 101/129/87 803/128/86 100/133/91
f 99/132/90 809/131/89 98/136/94
f 815/134/92 816/137/95 97/135/93
f 791/122/80 822/151/109 92/123/81
f 821/138/96 828/152/110 95/139/97
f 106/141/99 827/140/98 105/153/111
f 94/156/102 93/1017/82 92/1018/81
f 92/1018/81 107/1019/100 94/156/102
f 106/1020/99 105/1021/111 104/1022/85
f 104/1022/85 103/1023/84 106/1020/99
f 102/154/88 101/1024/87 98/155/94
f 100/1025/91 99/1026/90 98/155/94
f 98/155/94 97/1027/93 96/1028/108
f 96/1028/108 95/1029/97 94/156/102
f 94/156/102 107/1019/100 106/1020/99
f 106/1020/99 103/1023/84 102/154/88
f 101/1024/87 100/1025/91 98/155/94
f 98/155/94 96/1028/108 94/156/102
f 94/156/102 106/1020/99 102/154/88
s off
f 834/170/112 117/157/112 108/159/112
f 109/1030/1 117/160/1 110/162/1
f 110/1031/113 118/163/113 111/165/113
f 119/178/9 116/166/9 838/168/9
f 835/1032/114 113/169/114 834/170/114
f 837/1033/115 114/171/115 835/173/115
f 117/160/1 113/174/1 118/161/1
f 114/1034/116 837/176/116 118/163/116
f 115/1035/9 112/177/9 119/178/9
f 839/192/112 129/179/112 120/181/112
f 121/216/1 129/182/1 122/184/1
f 122/1036/113 130/185/113 123/187/113
f 844/1037/9 131/188/9 846/190/9
f 841/1038/114 125/191/114 839/192/114
f 843/1039/115 126/193/115 841/195/115
f 125/1040/1 126/196/1 129/182/1
f 130/185/116 126/197/116 842/186/116
f 127/1041/9 124/199/9 131/188/9
f 845/212/112 141/200/112 132/202/112
f 133/174/1 141/203/1 134/175/1
f 142/1042/113 848/205/113 134/207/113
f 143/220/9 140/208/9 850/210/9
f 847/1043/114 137/211/114 845/212/114
f 849/1044/115 138/213/115 847/215/115
f 141/203/1 137/216/1 142/204/1
f 142/1042/116 138/217/116 848/205/116
f 139/1045/9 136/219/9 143/220/9
f 144/1046/13 148/221/13 145/223/13
f 149/1047/117 150/224/117 145/226/117
f 147/1048/118 151/227/118 144/229/118
f 144/1049/119 145/230/119 147/232/119
f 156/1050/5 152/222/5 157/234/5
f 157/1051/120 153/235/120 158/237/120
f 156/1052/121 159/238/121 152/240/121
f 152/1053/122 155/241/122 153/243/122
f 163/489/123 160/244/123 167/246/123
f 161/490/448 165/247/448 160/249/448
f 162/1054/125 166/250/125 161/252/125
f 163/1055/126 167/253/126 162/255/126
f 161/491/127 160/256/127 162/258/127
f 178/262/449 172/259/449 173/261/449
f 184/271/450 178/262/450 179/263/450
f 177/289/451 183/264/451 176/266/451
f 176/266/452 182/265/452 175/268/452
f 175/268/453 181/267/453 174/270/453
f 190/284/454 184/271/454 185/272/454
f 183/1056/134 189/273/134 182/275/134
f 181/492/455 182/275/455 187/276/455
f 181/492/456 187/276/456 180/278/456
f 189/273/137 195/279/137 188/274/137
f 187/276/457 188/274/457 193/281/457
f 186/277/458 187/276/458 192/282/458
f 191/493/459 196/283/459 185/272/459
f 197/330/460 198/285/460 191/287/460
f 171/290/142 200/288/142 176/266/142
f 199/494/461 171/290/461 175/268/461
f 199/494/462 175/268/462 169/291/462
f 194/280/149 195/279/149 171/301/149
f 194/280/463 171/301/463 193/281/463
f 193/281/464 199/302/464 192/282/464
f 170/260/465 172/259/465 202/306/465
f 201/305/466 203/307/466 202/306/466
f 204/495/467 203/309/467 206/311/467
f 206/311/468 205/310/468 208/313/468
f 207/312/469 209/314/469 208/313/469
f 210/315/470 209/314/470 212/317/470
f 211/316/471 213/318/471 212/317/471
f 214/496/472 213/320/472 216/322/472
f 216/497/473 215/323/473 218/325/473
f 173/328/474 170/1057/474 206/1058/474
f 202/499/475 204/1059/475 206/1058/475
f 206/1058/476 208/1060/476 210/498/476
f 210/498/476 212/1061/476 206/1058/476
f 214/326/477 216/1062/477 197/327/477
f 218/1063/478 220/1064/478 197/327/478
f 197/327/479 191/1065/479 185/1066/479
f 185/1066/480 179/1067/480 197/327/480
f 170/1057/481 202/499/481 206/1058/481
f 206/1058/482 212/1061/482 214/326/482
f 216/1062/483 218/1063/483 197/327/483
f 197/327/484 179/1067/484 173/328/484
f 173/328/485 206/1058/485 214/326/485
f 220/331/486 219/329/486 197/330/486
f 218/325/487 217/324/487 220/331/487
f 201/334/488 172/1068/488 178/501/488
f 178/501/489 184/1069/489 201/334/489
f 190/1070/490 196/1071/490 198/500/490
f 198/500/491 219/1072/491 217/1073/491
f 217/1073/492 215/1074/492 213/332/492
f 213/332/493 211/1075/493 209/333/493
f 209/333/494 207/1076/494 205/1077/494
f 205/1077/495 203/1078/495 201/334/495
f 201/334/496 184/1069/496 190/1070/496
f 190/1070/497 198/500/497 201/334/497
f 217/1073/498 213/332/498 201/334/498
f 209/333/499 205/1077/499 201/334/499
f 201/334/500 198/500/500 217/1073/500
f 227/1079/166 223/335/166 228/337/166
f 242/502/167 241/338/167 237/340/167
f 226/503/167 225/341/167 222/343/167
f 243/1080/166 240/344/166 244/346/166
f 234/504/167 233/347/167 221/349/167
f 227/505/168 228/350/168 226/352/168
f 237/506/169 238/353/169 240/355/169
f 225/507/170 228/356/170 229/358/170
f 236/1081/168 233/359/168 235/361/168
f 235/1082/166 232/362/166 236/363/166
f 224/1083/169 231/364/169 221/366/169
f 222/1084/169 229/367/169 223/369/169
f 244/1085/168 241/370/168 243/372/168
f 249/1086/166 246/373/166 250/375/166
f 248/508/167 247/376/167 245/378/167
f 249/509/169 250/379/169 248/381/169
f 247/510/171 250/382/171 251/384/171
f 246/511/168 245/385/168 252/387/168
f 256/391/172 254/388/172 255/390/172
f 257/389/173 258/388/173 255/390/173
f 259/394/174 260/392/174 257/389/174
f 261/396/175 262/393/175 259/394/175
f 263/397/176 264/395/176 261/396/176
f 254/388/177 265/392/177 253/389/177
f 265/392/501 267/393/501 266/394/501
f 267/393/179 269/395/179 268/396/179
f 269/410/180 271/398/180 270/400/180
f 271/398/181 273/401/181 272/399/181
f 273/401/182 275/403/182 274/402/182
f 275/403/183 277/405/183 276/404/183
f 278/406/502 277/405/502 280/404/502
f 280/404/185 279/403/185 282/402/185
f 255/1087/186 253/1088/186 257/1089/186
f 266/1090/186 268/1091/186 261/1092/186
f 270/409/186 272/1093/186 284/407/186
f 274/1094/186 276/1095/186 282/1096/186
f 278/1097/186 280/1098/186 276/1095/186
f 282/1096/186 284/407/186 272/1093/186
f 263/408/186 261/1092/186 268/1091/186
f 259/1099/186 257/1089/186 266/1090/186
f 253/1088/186 266/1090/186 257/1089/186
f 272/1093/186 274/1094/186 282/1096/186
f 280/1098/186 282/1096/186 276/1095/186
f 261/1092/186 259/1099/186 266/1090/186
f 268/1091/186 270/409/186 263/408/186
f 284/399/187 283/398/187 263/400/187
f 282/402/188 281/401/188 284/399/188
f 265/1100/189 254/1101/189 258/1102/189
f 256/1103/189 258/1102/189 254/1101/189
f 260/1104/189 262/1105/189 265/1100/189
f 264/1106/189 283/413/189 269/412/189
f 281/1107/189 279/1108/189 275/1109/189
f 277/1110/189 275/1109/189 279/1108/189
f 273/1111/189 271/411/189 281/1107/189
f 269/412/189 267/1112/189 264/1106/189
f 265/1100/189 258/1102/189 260/1104/189
f 262/1105/189 267/1112/189 265/1100/189
f 281/1107/189 275/1109/189 273/1111/189
f 271/411/189 283/413/189 281/1107/189
f 262/1105/189 264/1106/189 267/1112/189
f 296/437/190 292/414/190 288/416/190
f 289/534/191 293/417/191 285/419/191
f 292/426/168 289/420/168 286/422/168
f 285/1113/192 287/423/192 286/425/192
f 289/420/168 292/426/168 290/428/168
f 295/535/169 296/429/169 294/431/169
f 296/429/169 288/432/169 293/430/169
f 290/1114/193 294/434/193 289/436/193
f 292/414/194 296/437/194 291/439/194
f 301/462/194 297/440/194 302/442/194
f 304/536/193 303/443/193 300/445/193
f 297/449/169 305/446/169 300/448/169
f 298/537/169 297/449/169 299/450/169
f 304/456/168 301/425/168 303/452/168
f 308/1115/192 306/453/192 307/455/192
f 301/425/168 304/456/168 307/458/168
f 304/538/191 300/459/191 308/461/191
f 297/440/190 301/462/190 305/464/190
f 313/1116/195 314/465/195 309/467/195
f 315/1117/196 316/468/196 311/470/196
f 309/474/169 312/471/169 317/473/169
f 312/471/169 309/474/169 311/476/169
f 316/482/168 315/477/168 313/456/168
f 318/545/197 320/479/197 317/481/197
f 320/546/168 316/482/168 319/483/168
f 318/1118/503 312/484/503 320/486/503
f 313/1116/199 309/467/199 319/488/199
f 325/245/200 321/244/200 328/246/200
f 326/247/201 322/490/201 325/248/201
f 323/1054/202 322/252/202 327/250/202
f 324/1055/203 323/255/203 328/253/203
f 324/257/204 321/256/204 323/258/204
f 333/259/504 339/262/504 331/260/504
f 345/271/505 340/263/505 339/262/505
f 338/289/207 337/266/207 344/264/207
f 337/266/506 336/268/506 343/265/506
f 336/268/507 335/270/507 342/267/507
f 345/271/508 351/284/508 340/263/508
f 344/1056/211 343/275/211 350/273/211
f 349/274/509 343/275/509 348/276/509
f 342/492/510 341/278/510 348/276/510
f 350/273/511 349/274/511 356/279/511
f 355/280/512 349/274/512 354/281/512
f 348/276/513 347/277/513 354/281/513
f 351/284/514 357/283/514 346/272/514
f 357/286/515 359/285/515 352/287/515
f 338/289/219 361/288/219 337/266/219
f 337/266/516 332/290/516 336/268/516
f 360/494/517 330/291/517 336/268/517
f 361/300/518 356/279/518 332/301/518
f 355/280/519 354/281/519 332/301/519
f 354/281/520 353/282/520 360/302/520
f 362/305/521 333/259/521 363/306/521
f 362/305/522 363/306/522 364/307/522
f 366/310/523 364/309/523 367/311/523
f 366/310/524 367/311/524 368/312/524
f 370/314/525 368/312/525 371/315/525
f 370/314/526 371/315/526 372/316/526
f 372/316/527 373/317/527 374/318/527
f 376/321/528 374/320/528 377/322/528
f 378/324/529 376/323/529 379/325/529
f 363/499/530 331/1057/530 334/328/530
f 334/328/531 340/1067/531 363/499/531
f 346/1066/532 352/1065/532 358/327/532
f 358/327/533 381/1064/533 379/1063/533
f 379/1063/534 377/1062/534 375/326/534
f 375/326/535 373/1061/535 371/498/535
f 371/498/536 369/1060/536 367/1058/536
f 367/1058/537 365/1059/537 363/499/537
f 363/499/538 340/1067/538 346/1066/538
f 346/1066/539 358/327/539 363/499/539
f 379/1063/540 375/326/540 363/499/540
f 371/498/541 367/1058/541 363/499/541
f 363/499/542 358/327/542 379/1063/542
f 359/285/543 380/329/543 358/330/543
f 380/329/544 378/324/544 381/331/544
f 339/501/545 333/1068/545 362/334/545
f 362/334/546 364/1078/546 366/1077/546
f 366/1077/547 368/1076/547 370/333/547
f 370/333/548 372/1075/548 366/1077/548
f 374/332/549 376/1074/549 359/500/549
f 378/1073/550 380/1072/550 359/500/550
f 359/500/551 357/1071/551 351/1070/551
f 351/1070/552 345/1069/552 359/500/552
f 339/501/553 362/334/553 366/1077/553
f 366/1077/554 372/1075/554 374/332/554
f 376/1074/555 378/1073/555 359/500/555
f 359/500/556 345/1069/556 339/501/556
f 339/501/557 366/1077/557 374/332/557
f 388/1079/243 389/337/243 384/335/243
f 399/339/244 402/338/244 398/340/244
f 390/342/244 386/341/244 383/343/244
f 404/1080/243 405/346/243 401/344/243
f 385/348/244 394/347/244 382/349/244
f 389/350/245 388/505/245 386/351/245
f 400/354/246 399/353/246 401/355/246
f 389/356/247 386/507/247 391/357/247
f 397/1081/245 396/361/245 394/359/245
f 396/1082/243 397/363/243 393/362/243
f 385/1083/246 382/366/246 392/364/246
f 383/1084/246 384/369/246 390/367/246
f 405/1085/245 404/372/245 402/370/245
f 410/1086/243 411/375/243 407/373/243
f 412/377/244 408/376/244 406/378/244
f 408/380/246 411/379/246 409/381/246
f 411/382/248 408/510/248 413/383/248
f 406/385/245 407/511/245 412/386/245
f 417/1119/249 416/512/249 415/514/249
f 417/1119/250 419/514/250 416/512/250
f 419/514/251 421/515/251 418/513/251
f 421/515/252 423/517/252 420/516/252
f 423/517/253 425/519/253 422/518/253
f 415/514/254 414/513/254 426/515/254
f 426/515/255 427/516/255 428/517/255
f 428/517/256 429/518/256 430/519/256
f 430/1120/257 431/520/257 432/522/257
f 432/522/258 433/521/258 434/524/258
f 434/524/259 435/523/259 436/526/259
f 436/526/260 437/525/260 438/527/260
f 440/526/261 438/527/261 441/525/261
f 442/524/262 440/526/262 443/523/262
f 427/1121/263 414/1122/263 418/1123/263
f 416/1124/263 418/1123/263 414/1122/263
f 420/1125/263 422/1126/263 427/1121/263
f 424/1127/263 445/530/263 431/529/263
f 443/1128/263 441/1129/263 435/1130/263
f 439/1131/263 437/1132/263 441/1129/263
f 435/1130/263 433/528/263 443/1128/263
f 431/529/263 429/1133/263 424/1127/263
f 427/1121/263 418/1123/263 420/1125/263
f 422/1126/263 429/1133/263 427/1121/263
f 441/1129/263 437/1132/263 435/1130/263
f 433/528/263 445/530/263 443/1128/263
f 422/1126/263 424/1127/263 429/1133/263
f 425/1120/264 444/522/264 424/520/264
f 444/522/265 442/524/265 445/521/265
f 417/1134/266 415/1135/266 419/1136/266
f 426/1137/266 428/1138/266 423/1139/266
f 430/1140/266 432/532/266 425/1141/266
f 434/533/266 436/1142/266 440/1143/266
f 438/1144/266 440/1143/266 436/1142/266
f 442/1145/266 444/531/266 434/533/266
f 425/1141/266 423/1139/266 428/1138/266
f 421/1146/266 419/1136/266 415/1135/266
f 415/1135/266 426/1137/266 421/1146/266
f 432/532/266 444/531/266 425/1141/266
f 440/1143/266 442/1145/266 434/533/266
f 423/1139/266 421/1146/266 426/1137/266
f 428/1138/266 430/1140/266 425/1141/266
f 453/414/267 457/437/267 447/415/267
f 448/418/268 454/417/268 446/419/268
f 446/421/245 450/420/245 447/422/245
f 446/1113/269 447/425/269 448/423/269
f 450/420/245 451/428/245 453/426/245
f 454/430/246 457/429/246 455/431/246
f 457/429/246 454/430/246 449/432/246
f 451/1114/270 450/436/270 455/434/270
f 457/437/271 453/414/271 456/438/271
f 462/462/271 463/442/271 458/440/271
f 464/443/270 465/536/270 460/444/270
f 458/449/246 461/448/246 466/446/246
f 461/448/246 458/449/246 460/450/246
f 465/456/245 464/452/245 462/425/245
f 469/1115/269 468/455/269 467/453/269
f 469/457/245 465/456/245 468/458/245
f 461/459/268 465/538/268 467/460/268
f 468/463/267 462/462/267 466/464/267
f 475/1147/272 474/539/272 471/541/272
f 476/1148/273 472/542/273 477/544/273
f 470/474/246 478/473/246 473/471/246
f 471/475/246 470/474/246 472/476/246
f 477/482/245 474/456/245 476/477/245
f 480/480/274 481/479/274 478/481/274
f 474/456/245 477/482/245 480/483/245
f 477/1149/275 473/547/275 481/549/275
f 474/539/276 480/550/276 470/540/276
s 1
f 2/692/17 32/552/28 491/554/17
f 492/693/17 491/554/17 579/555/28
f 492/693/17 579/555/28 493/557/17
f 493/557/17 578/556/28 494/559/17
f 494/559/17 577/558/28 495/561/17
f 495/561/17 576/560/28 496/563/17
f 496/563/17 575/562/28 497/565/17
f 497/565/17 574/564/28 498/567/17
f 498/567/17 573/566/28 499/19/17
f 864/1150/277 10/568/27 944/570/277
f 944/570/277 571/569/27 945/572/277
f 945/572/277 570/571/27 946/574/277
f 946/574/277 569/573/27 947/576/277
f 947/576/277 568/575/27 948/578/277
f 948/578/277 567/577/27 949/580/277
f 949/580/277 566/579/27 950/582/277
f 950/582/277 565/581/27 951/584/277
f 951/584/277 564/583/27 902/40/30
f 28/670/23 26/585/29 536/587/23
f 536/587/23 562/586/29 537/589/23
f 537/589/23 561/588/29 538/591/23
f 538/591/23 560/590/29 539/593/23
f 539/593/23 559/592/29 540/595/23
f 540/595/23 558/594/29 541/597/23
f 541/597/23 557/596/29 542/599/23
f 542/599/23 556/598/29 543/601/23
f 543/601/23 555/600/29 544/28/23
f 6/671/21 4/602/16 518/604/21
f 518/604/21 490/603/16 519/606/21
f 519/606/21 489/605/16 520/608/21
f 520/608/21 488/607/16 521/610/21
f 521/610/21 487/609/16 522/612/21
f 522/612/21 486/611/16 523/614/21
f 523/614/21 485/613/16 524/616/21
f 524/616/21 484/615/16 525/618/21
f 525/618/21 483/617/16 526/25/21
f 32/552/28 30/619/22 580/553/28
f 579/555/28 580/553/28 534/621/22
f 579/555/28 534/621/22 578/556/28
f 578/556/28 533/622/22 577/558/28
f 577/558/28 532/623/22 576/560/28
f 576/560/28 531/624/22 575/562/28
f 575/562/28 530/625/22 574/564/28
f 574/564/28 529/626/22 573/566/28
f 573/566/28 528/627/22 572/42/28
f 10/568/27 8/628/20 571/569/27
f 571/569/27 517/629/20 570/571/27
f 570/571/27 516/630/20 569/573/27
f 569/573/27 515/631/20 568/575/27
f 568/575/27 514/632/20 567/577/27
f 567/577/27 513/633/20 566/579/27
f 566/579/27 512/634/20 565/581/27
f 565/581/27 511/635/20 564/583/27
f 563/33/27 564/583/27 509/24/20
f 26/1151/29 878/637/278 562/639/29
f 562/639/29 901/638/278 561/641/29
f 560/643/29 561/641/29 942/642/278
f 559/645/29 560/643/29 941/644/278
f 558/647/29 559/645/29 940/646/278
f 557/649/29 558/647/29 939/648/278
f 556/651/29 557/649/29 938/650/278
f 555/653/29 556/651/29 937/652/278
f 554/1012/29 555/653/29 936/30/24
f 599/654/309 16/654/115 597/655/279
f 547/657/285 548/656/280 975/657/280
f 962/1152/318 894/658/282 963/660/284
f 546/661/290 547/657/285 974/661/285
f 595/1153/322 897/662/286 981/664/288
f 953/665/558 879/665/115 602/666/289
f 545/667/291 546/661/290 973/667/291
f 597/655/279 14/655/115 952/668/292
f 12/668/291 545/667/291 598/668/291
f 602/666/289 22/666/115 601/669/293
f 535/620/22 30/619/22 536/587/23
f 535/620/22 536/587/23 534/621/22
f 534/621/22 537/589/23 533/622/22
f 533/622/22 538/591/23 532/623/22
f 532/623/22 539/593/23 531/624/22
f 531/624/22 540/595/23 530/625/22
f 530/625/22 541/597/23 529/626/22
f 529/626/22 542/599/23 528/627/22
f 528/627/22 543/601/23 527/27/22
f 517/629/20 8/628/20 518/604/21
f 516/630/20 517/629/20 519/606/21
f 516/630/20 519/606/21 515/631/20
f 514/632/20 515/631/20 521/610/21
f 513/633/20 514/632/20 522/612/21
f 513/633/20 522/612/21 512/634/20
f 511/635/20 512/634/20 524/616/21
f 510/636/20 511/635/20 525/618/21
f 510/636/20 525/618/21 509/24/20
f 972/672/294 507/672/294 960/673/295
f 960/673/295 508/673/295 603/665/296
f 971/674/298 506/674/297 972/672/294
f 959/676/19 955/675/19 986/676/19
f 970/677/301 505/677/298 971/674/298
f 957/679/19 582/678/19 984/679/19
f 601/669/293 20/669/115 600/680/299
f 969/681/303 504/681/300 970/677/301
f 963/682/284 903/682/283 983/683/19
f 968/684/302 503/684/302 969/681/303
f 552/686/306 553/685/304 980/686/306
f 967/687/311 502/687/307 968/684/302
f 551/688/308 552/686/306 979/688/308
f 600/680/299 18/680/115 599/654/309
f 966/689/314 501/689/310 967/687/311
f 550/690/315 551/688/308 978/690/312
f 582/678/19 959/676/19 985/678/19
f 965/691/319 500/691/313 966/689/314
f 490/603/16 4/602/16 491/554/17
f 490/603/16 491/554/17 489/605/16
f 488/607/16 489/605/16 493/557/17
f 488/607/16 493/557/17 487/609/16
f 487/609/16 494/559/17 486/611/16
f 485/613/16 486/611/16 496/563/17
f 485/613/16 496/563/17 484/615/16
f 483/617/16 484/615/16 498/567/17
f 483/617/16 498/567/17 482/18/16
f 549/694/316 550/690/315 977/694/316
f 41/713/47 40/695/317 592/697/47
f 35/714/44 34/698/50 590/700/44
f 43/715/41 42/701/60 588/703/41
f 37/1154/321 36/704/59 586/706/38
f 553/685/304 894/707/282 961/685/305
f 584/683/19 957/679/19 983/683/19
f 964/708/287 897/708/286 965/691/319
f 594/49/52 40/709/317 954/63/53
f 34/698/50 33/711/51 593/699/50
f 591/702/60 42/701/60 592/697/47
f 36/704/59 35/714/44 589/705/59
f 33/711/51 43/715/41 587/712/51
f 38/710/559 37/709/321 585/63/58
f 548/656/280 549/694/316 976/656/281
f 955/675/19 595/716/322 982/675/19
f 607/727/333 622/717/323 606/719/325
f 638/1155/560 614/720/326 610/722/328
f 604/728/334 654/723/329 605/725/331
f 608/729/335 670/726/332 607/727/333
f 606/719/325 612/718/324 604/728/334
f 609/721/327 614/720/326 608/729/335
f 602/799/289 601/730/293 646/732/337
f 646/801/337 617/733/336 647/735/339
f 648/803/382 647/735/339 676/736/340
f 648/804/382 676/737/340 649/739/342
f 650/743/344 649/740/342 674/742/343
f 651/808/385 650/743/344 673/744/345
f 651/809/385 673/745/345 652/747/347
f 652/812/347 672/748/346 653/750/349
f 614/814/326 653/750/349 670/751/332
f 599/815/309 597/752/279 630/754/351
f 630/816/351 615/755/350 631/757/353
f 632/817/388 631/757/353 660/758/354
f 632/818/388 660/759/354 633/761/356
f 634/765/358 633/762/356 658/764/357
f 635/819/389 634/765/358 657/766/359
f 635/820/389 657/767/359 636/769/361
f 636/821/361 656/770/360 637/772/363
f 612/822/324 637/772/363 654/773/329
f 601/730/293 600/774/299 617/731/336
f 677/734/338 617/733/336 629/776/365
f 676/736/340 677/734/338 628/777/366
f 676/737/340 628/717/366 675/738/341
f 675/741/341 627/778/367 674/742/343
f 673/744/345 674/742/343 625/780/369
f 673/745/345 625/717/369 672/746/346
f 672/748/346 624/781/370 671/749/348
f 670/751/332 671/749/348 622/783/323
f 597/752/279 952/784/292 615/753/350
f 615/755/350 662/786/372 661/756/352
f 660/758/354 661/756/352 664/788/374
f 660/759/354 664/789/374 659/760/355
f 658/764/357 659/763/355 666/792/376
f 657/766/359 658/764/357 667/793/377
f 657/767/359 667/794/377 656/768/360
f 656/770/360 668/796/378 655/771/362
f 654/773/329 655/771/362 616/798/330
f 953/1156/558 602/799/289 613/800/380
f 613/1157/380 646/801/337 645/802/381
f 644/1158/561 645/802/381 648/803/382
f 644/1159/561 648/804/382 643/805/383
f 642/807/384 643/806/383 650/743/344
f 641/1160/562 642/807/384 651/808/385
f 641/1161/562 651/809/385 640/810/386
f 639/813/387 640/811/386 653/750/349
f 638/1162/560 639/813/387 614/814/326
f 600/774/299 599/815/309 611/727/364
f 611/775/364 630/816/351 629/776/365
f 628/777/366 629/776/365 632/817/388
f 628/717/366 632/818/388 627/727/367
f 627/778/367 633/762/356 626/779/368
f 625/780/369 626/779/368 635/819/389
f 625/717/369 635/820/389 624/727/370
f 624/781/370 636/821/361 623/782/371
f 622/783/323 623/782/371 612/822/324
f 678/824/19 618/823/19 692/824/391
f 683/825/401 606/825/325 681/826/392
f 679/828/19 619/827/19 693/828/394
f 682/838/397 605/829/331 690/831/396
f 604/826/334 605/832/331 681/826/392
f 618/823/19 621/833/19 688/823/390
f 687/848/404 686/834/399 694/836/400
f 693/844/394 681/837/392 690/831/396
f 684/845/403 683/839/401 692/841/391
f 686/834/399 685/842/402 691/835/398
f 683/839/401 681/837/392 689/840/393
f 688/843/390 685/842/402 692/841/391
f 684/846/403 607/846/333 683/825/401
f 680/1163/405 610/847/328 694/836/400
f 685/849/402 608/849/335 684/846/403
f 621/833/19 680/850/405 691/833/398
f 686/851/399 609/851/327 685/849/402
f 690/852/396 620/852/395 693/828/394
f 687/853/404 610/853/328 686/851/399
f 619/827/19 678/824/19 689/827/393
s off
f 699/824/115 706/824/115 695/823/115
f 700/828/115 707/828/115 696/827/115
f 695/823/115 702/823/115 698/833/115
f 698/833/115 705/833/115 701/850/115
f 700/828/115 697/852/115 707/828/115
f 696/827/115 703/827/115 699/824/115
f 718/824/19 712/823/19 722/824/19
f 716/828/19 717/827/19 720/828/19
f 712/823/19 713/833/19 711/823/19
f 713/833/19 715/850/19 714/833/19
f 710/852/19 709/852/19 720/828/19
f 717/827/19 718/824/19 721/827/19
f 721/827/406 703/827/406 720/828/406
f 712/823/407 695/823/407 713/833/407
f 702/823/408 706/824/408 711/823/408
f 700/828/409 696/827/409 716/828/409
f 704/852/410 697/852/410 710/852/410
f 718/824/411 699/824/411 712/823/411
f 708/850/412 705/833/412 719/850/412
f 720/828/413 707/828/413 710/852/413
f 713/833/414 698/833/414 715/850/414
f 715/850/415 701/850/415 719/850/415
f 722/824/416 706/824/416 721/827/416
f 697/852/417 700/828/417 709/852/417
f 705/833/418 702/823/418 714/833/418
f 696/827/419 699/824/419 717/827/419
f 727/824/115 734/824/115 723/823/115
f 728/828/115 735/828/115 724/827/115
f 723/823/115 730/823/115 726/833/115
f 726/833/115 733/833/115 729/850/115
f 728/828/115 725/852/115 735/828/115
f 724/827/115 731/827/115 727/824/115
f 746/824/19 740/823/19 750/824/19
f 744/828/19 745/827/19 748/828/19
f 740/823/19 741/833/19 739/823/19
f 741/833/19 743/850/19 742/833/19
f 738/852/19 737/852/19 748/828/19
f 745/827/19 746/824/19 749/827/19
f 749/827/406 731/827/406 748/828/406
f 740/823/407 723/823/407 741/833/407
f 730/823/408 734/824/408 739/823/408
f 728/828/409 724/827/409 744/828/409
f 732/852/410 725/852/410 738/852/410
f 746/824/411 727/824/411 740/823/411
f 736/850/412 733/833/412 747/850/412
f 748/828/413 735/828/413 738/852/413
f 741/833/414 726/833/414 743/850/414
f 743/850/415 729/850/415 747/850/415
f 750/824/416 734/824/416 749/827/416
f 725/852/417 728/828/417 737/852/417
f 733/833/418 730/823/418 742/833/418
f 724/827/419 727/824/419 745/827/419
f 755/824/115 762/824/115 751/823/115
f 756/828/115 763/828/115 752/827/115
f 751/823/115 758/823/115 754/833/115
f 754/833/115 761/833/115 757/850/115
f 756/828/115 753/852/115 763/828/115
f 752/827/115 759/827/115 755/824/115
f 774/824/19 768/823/19 778/824/19
f 772/828/19 773/827/19 776/828/19
f 768/823/19 769/833/19 767/823/19
f 769/833/19 771/850/19 770/833/19
f 766/852/19 765/852/19 776/828/19
f 773/827/19 774/824/19 777/827/19
f 777/827/420 759/827/420 776/828/420
f 768/823/421 751/823/421 769/833/421
f 758/823/422 762/824/422 767/823/422
f 756/828/423 752/827/423 772/828/423
f 760/852/424 753/852/424 766/852/424
f 774/824/425 755/824/425 768/823/425
f 764/850/426 761/833/426 775/850/426
f 776/828/427 763/828/427 766/852/427
f 769/833/428 754/833/428 771/850/428
f 771/850/429 757/850/429 775/850/429
f 778/824/430 762/824/430 777/827/430
f 753/852/431 756/828/431 765/852/431
f 761/833/432 758/823/432 770/833/432
f 752/827/433 755/824/433 773/827/433
s 1
f 608/860/335 607/854/333 783/856/435
f 606/862/325 604/857/334 781/859/437
f 609/864/327 608/860/335 784/861/438
f 607/854/333 606/862/325 782/855/434
f 605/1164/331 780/863/439 604/857/334
f 610/1165/328 609/864/327 785/865/440
f 90/941/98 89/866/103 825/868/98
f 826/942/98 825/869/98 832/871/103
f 827/943/98 826/872/98 831/874/103
f 819/944/96 79/875/96 830/877/110
f 820/945/96 819/878/96 829/880/110
f 821/946/96 820/881/96 828/883/110
f 76/959/80 91/884/109 789/886/80
f 789/960/80 824/887/109 790/889/80
f 790/961/80 823/890/109 791/892/80
f 81/947/92 80/893/95 813/895/92
f 813/948/92 818/896/95 814/898/92
f 814/949/92 817/899/95 815/901/92
f 83/950/89 82/902/107 807/904/89
f 807/951/89 812/905/107 808/907/89
f 809/952/89 808/908/89 810/910/107
f 85/953/86 84/911/106 801/913/86
f 802/954/86 801/914/86 805/916/106
f 802/955/86 805/917/106 803/919/86
f 87/956/83 86/920/105 795/922/83
f 796/957/83 795/923/83 799/925/105
f 796/958/83 799/926/105 797/928/83
f 833/867/103 89/866/103 794/930/104
f 832/871/103 833/870/103 793/932/104
f 831/874/103 832/873/103 792/934/104
f 78/876/110 77/935/101 830/877/110
f 830/879/110 788/937/101 829/880/110
f 828/883/110 829/882/110 786/940/101
f 91/884/109 90/941/98 824/885/109
f 824/887/109 825/869/98 823/888/109
f 823/890/109 826/872/98 822/891/109
f 80/893/95 79/875/96 818/894/95
f 818/896/95 819/878/96 817/897/95
f 817/899/95 820/881/96 816/900/95
f 812/903/107 82/902/107 813/895/92
f 811/906/107 812/905/107 814/898/92
f 811/909/107 814/949/92 810/910/107
f 84/911/106 83/950/89 806/912/106
f 806/915/106 807/951/89 805/916/106
f 805/917/106 808/908/89 804/918/106
f 86/920/105 85/953/86 800/921/105
f 800/924/105 801/914/86 799/925/105
f 799/926/105 802/955/86 798/927/105
f 88/929/104 87/956/83 794/930/104
f 794/931/104 795/923/83 793/932/104
f 793/933/104 796/958/83 792/934/104
f 77/935/101 76/959/80 788/936/101
f 788/937/101 789/960/80 787/938/101
f 787/939/101 790/961/80 786/940/101
s off
f 116/972/441 112/962/441 834/964/441
f 119/973/442 838/965/442 836/967/442
f 112/962/443 115/968/443 835/963/443
f 111/966/444 838/965/444 108/971/444
f 108/971/445 840/970/445 834/964/445
f 837/969/446 115/968/446 836/967/446
f 128/984/441 124/974/441 839/976/441
f 131/985/442 844/977/442 842/979/442
f 124/974/443 127/980/443 841/975/443
f 123/978/444 844/977/444 120/983/444
f 120/983/445 846/982/445 839/976/445
f 843/981/446 127/980/446 842/979/446
f 140/996/441 136/986/441 845/988/441
f 143/997/442 850/989/442 848/991/442
f 136/986/443 139/992/443 847/987/443
f 850/989/444 851/994/444 135/990/444
f 132/995/445 851/994/445 845/988/445
f 849/993/446 139/992/446 848/991/446
