v 0.036965 1.461172 -0.141618
v 0.056444 1.461038 0.118702
v -0.031826 1.462552 0.126098
v -0.051948 1.462396 -0.135610
v 0.133321 1.737991 -0.151844
v 0.158203 1.738006 0.108337
v -0.118886 1.743092 0.135227
v -0.144194 1.743112 -0.125871
v 0.202340 1.669809 -0.156663
v 0.225733 1.669681 0.102778
v -0.190573 1.677241 0.141316
v -0.214552 1.677136 -0.120811
v -0.211111 1.774418 -0.115892
v -0.235885 1.687935 -0.114497
v -0.247995 1.626798 -0.050126
v -0.240295 1.626850 0.039667
v -0.216174 1.688043 0.102783
v -0.190227 1.774368 0.101449
v -0.178601 1.835392 0.036701
v -0.187606 1.835429 -0.053743
v 0.222846 1.766793 0.061273
v 0.244009 1.679666 0.060448
v 0.253397 1.618109 -0.003100
v 0.245667 1.618207 -0.092160
v 0.224661 1.679772 -0.154444
v 0.202466 1.766747 -0.153425
v 0.192780 1.828389 -0.088725
v 0.201348 1.828439 -0.000677
v 0.145554 1.336393 -0.092780
v 0.148535 1.335880 0.061731
v 0.086916 1.337421 -0.130881
v 0.019637 1.046836 0.029475
v 0.083589 1.322721 0.088958
v 0.058173 1.874180 -0.087361
v 0.074207 1.871387 -0.014065
v 0.160805 1.195709 -0.096680
v 0.161750 1.195506 0.070666
v 0.114454 1.172848 0.096884
v 0.168451 1.043734 -0.103073
v 0.156209 1.124191 0.049697
v 0.210023 1.099210 -0.028439
v 0.072911 1.083659 0.075335
v 0.080743 1.809708 -0.127358
v 0.107063 1.188918 -0.174559
v 0.047253 1.933433 -0.076625
v 0.078820 1.908830 0.011304
v 0.070702 1.930395 -0.047312
v 0.095704 2.066538 -0.009398
v 0.062388 1.985876 -0.107697
v 0.089110 1.936828 -0.007047
v 0.090582 2.088611 0.056345
v 0.100222 1.981262 -0.051699
v 0.055763 1.885930 0.065994
v 0.073090 1.921412 0.025141
v 0.061073 2.034467 -0.120079
v 0.099754 2.019443 0.006998
v 0.102152 2.035974 -0.059869
v 0.076137 2.031989 0.072988
v 0.054825 2.121140 -0.062973
v 0.070157 2.123719 -0.003912
v 0.067837 2.091938 -0.106926
v 0.091584 2.099211 -0.051607
v -0.147147 1.337423 -0.087736
v -0.144579 1.337043 0.067422
v -0.088945 1.337922 -0.128430
v -0.017736 1.046836 0.029475
v -0.079145 1.323278 0.091684
v 0.019408 1.740552 0.121726
v -0.001752 1.873266 -0.096754
v 0.014393 1.791441 0.042271
v -0.053302 1.875907 -0.066902
v -0.039560 1.870099 0.005950
v -0.158904 1.195709 -0.096680
v -0.159849 1.195506 0.070666
v 0.000950 1.068353 0.067844
v -0.112553 1.172848 0.096884
v -0.166551 1.043734 -0.103073
v -0.154308 1.124191 0.049697
v -0.208122 1.099210 -0.028439
v -0.071010 1.083659 0.075335
v -0.105162 1.188918 -0.174559
v -0.049057 1.078887 -0.126302
v 0.002207 1.936647 -0.082145
v 0.021777 1.877601 0.029198
v -0.037020 1.934674 -0.059190
v -0.029298 1.910450 0.032866
v -0.009209 2.034378 -0.144194
v -0.047229 1.932142 -0.023215
v -0.006864 1.975910 -0.128722
v -0.051002 2.068696 0.020993
v -0.061757 1.987703 -0.081980
v -0.048229 1.938865 0.020978
v -0.019568 2.090232 0.079163
v -0.074393 1.983833 -0.015599
v 0.008410 1.886641 0.075460
v 0.059575 1.906867 0.078254
v -0.011861 1.935371 0.072822
v -0.064099 2.036309 -0.094149
v -0.049533 2.021639 0.037924
v -0.077825 2.038622 -0.022587
v 0.038534 2.021820 0.087171
v -0.001306 2.033128 0.089030
v 0.006123 2.119638 -0.076237
v 0.030593 2.128513 0.041257
v -0.033241 2.122436 -0.044730
v -0.023775 2.125101 0.015546
v 0.037672 2.094846 0.077821
v -0.004148 2.090270 -0.123733
v -0.063458 2.093869 -0.079728
v -0.063065 2.101486 -0.019571
v 0.133624 1.459733 -0.079146
v 0.149289 1.459422 -0.011198
v 0.137869 1.459657 0.059399
v -0.139853 1.463818 -0.059158
v -0.145223 1.464131 0.011839
v -0.122651 1.463913 0.080221
v -0.190985 1.614204 0.093195
v 0.213595 1.607042 0.058150
v 0.190042 1.602785 -0.091238
v -0.193508 1.609270 -0.059506
v -0.003624 1.811225 -0.122691
v -0.070143 1.439445 -0.118150
v 0.062168 1.438254 -0.123989
v 0.130310 1.815310 -0.130320
v -0.086028 1.812738 -0.110322
v -0.134261 1.820213 -0.106189
v -0.194171 1.594363 -0.000520
v 0.199907 1.587571 -0.033753
v -0.113435 1.850540 -0.061603
v -0.094848 1.828937 0.034084
v 0.118356 1.849616 -0.086360
v 0.119524 1.825098 0.011314
v 0.219365 1.695497 -0.033062
v 0.250575 1.691537 -0.024089
v 0.253531 1.663406 -0.036162
v 0.214088 1.693856 -0.089586
v 0.245261 1.689609 -0.104221
v 0.249193 1.663502 -0.092772
v 0.213337 1.726149 -0.129825
v 0.274188 1.714214 -0.163848
v 0.285038 1.672874 -0.136332
v 0.210994 1.776691 -0.129612
v 0.282502 1.787076 -0.164603
v 0.333930 1.688058 -0.140769
v 0.213403 1.798834 -0.107592
v 0.288677 1.843836 -0.108161
v 0.370280 1.700713 -0.103760
v 0.221652 1.800708 -0.017083
v 0.295933 1.843836 -0.028205
v 0.375430 1.700412 -0.047225
v 0.223381 1.776691 0.006881
v 0.300020 1.787076 0.028427
v 0.345938 1.686745 -0.004242
v 0.186073 1.748878 -0.058542
v 0.227008 1.728507 0.006552
v 0.285640 1.720788 0.029732
v 0.294457 1.671063 0.000430
v 0.108693 0.743238 -0.037608
v 0.064105 0.947181 -0.020530
v 0.172899 0.975684 -0.118475
v 0.183306 0.951758 0.032444
v 0.225824 0.976723 -0.059957
v 0.118983 0.938779 0.053192
v 0.099358 0.966257 -0.125531
v 0.210088 0.758552 -0.132884
v 0.208491 0.737389 0.012085
v 0.242511 0.746942 -0.063828
v 0.158054 0.728980 0.011744
v 0.158592 0.750232 -0.134779
v 0.155874 0.604680 -0.072505
v 0.238759 0.635373 -0.144248
v 0.237038 0.631196 -0.023080
v 0.264758 0.623120 -0.092555
v 0.179919 0.620347 -0.018012
v 0.178233 0.626660 -0.144904
v 0.144100 0.538805 -0.098470
v 0.241059 0.577802 -0.158004
v 0.261939 0.538498 -0.039759
v 0.291491 0.555968 -0.099013
v 0.187517 0.524125 -0.023097
v 0.170165 0.553482 -0.171991
v 0.211661 0.121582 -0.079370
v 0.261726 0.136222 -0.157897
v 0.302769 0.207142 -0.057194
v 0.294614 0.122240 -0.117304
v 0.248234 0.201482 -0.029429
v 0.218783 0.132293 -0.147172
v 0.186694 0.002178 -0.171707
v 0.244063 0.009510 -0.185388
v 0.360284 -0.004112 -0.008922
v 0.256536 -0.007160 0.043448
v 0.261074 0.336885 -0.160458
v 0.303305 0.288809 -0.107611
v 0.201470 0.328318 -0.165574
v 0.185642 0.271685 -0.091382
v 0.256074 0.079312 0.043514
v 0.331318 0.113244 0.005413
v 0.354944 0.058257 -0.021167
v 0.288559 0.109058 0.027029
v 0.321965 0.030571 0.191812
v 0.419088 0.038545 0.164026
v 0.432881 0.009418 0.102328
v 0.381303 0.042002 0.189359
v 0.321360 -0.007508 0.192172
v 0.420108 -0.004870 0.163632
v 0.433597 -0.003794 0.102036
v 0.381618 -0.006079 0.189308
v 0.383794 0.959386 -0.122882
v 0.356324 0.949638 -0.101449
v 0.377876 0.951806 -0.025936
v 0.395593 0.962593 -0.095552
v 0.348208 0.951923 -0.056353
v 0.405659 0.962473 -0.064005
v 0.359477 0.948114 -0.032148
v 0.349390 0.852468 -0.130116
v 0.381673 0.862311 -0.133887
v 0.272220 1.948700 -0.072691
v 0.384116 0.904101 -0.129958
v 0.351097 0.892698 -0.125131
v 0.392160 0.905548 -0.034688
v 0.365912 0.844935 0.056204
v 0.390065 0.904415 -0.106212
v 0.341331 0.903130 -0.070443
v 0.400858 0.904305 -0.064612
v 0.337760 0.889155 -0.030165
v 0.366364 0.728250 -0.123024
v 0.355428 0.730871 -0.110270
v 0.391996 0.864433 -0.036663
v 0.357689 0.852814 -0.016354
v 0.396591 0.863306 -0.110538
v 0.353312 0.849965 -0.078837
v 0.401584 0.862626 -0.068739
v 0.354328 0.850912 -0.034985
v 0.379132 0.906651 -0.004011
v 0.369671 0.847639 -0.012388
v 0.383824 0.726119 -0.024500
v 0.373358 0.730385 -0.027346
v 0.379776 0.704303 -0.081651
v 0.360454 0.709006 -0.077516
v 0.385538 0.704407 -0.049504
v 0.369164 0.708432 -0.042115
v 0.350091 0.904319 -0.004380
v 0.377744 0.871539 -0.009068
v 0.356339 0.862036 -0.003877
v 0.349160 0.866793 -0.009919
v 0.350775 0.842014 0.053346
v 0.368264 0.832563 0.044545
v 0.353296 0.827367 0.044649
v 0.357877 0.790359 -0.126570
v 0.356883 0.779485 -0.078177
v 0.379414 0.787038 -0.017988
v 0.390953 0.800164 -0.040436
v 0.397183 0.792158 -0.099123
v 0.381054 0.799396 -0.126738
v 0.403112 0.791026 -0.066367
v 0.367932 0.791718 -0.021111
v 0.361746 0.779672 -0.038550
v 0.258017 1.298768 -0.092812
v 0.263187 1.298725 -0.029744
v 0.311305 1.302173 0.011209
v 0.374182 1.307093 0.006057
v 0.414987 1.310601 -0.042182
v 0.409816 1.310644 -0.105249
v 0.361698 1.307196 -0.146202
v 0.298821 1.302277 -0.141051
v 0.134731 0.705510 -0.053841
v 0.303103 1.359867 -0.122567
v 0.306147 1.315113 -0.127284
v 0.295128 1.436323 -0.121861
v 0.275270 1.547091 -0.139099
v 0.342490 1.441294 -0.125740
v 0.330754 1.590173 -0.155755
v 0.378741 1.444778 -0.094812
v 0.385170 1.612273 -0.108087
v 0.382646 1.444735 -0.047192
v 0.391173 1.612207 -0.034880
v 0.351918 1.441189 -0.010777
v 0.349694 1.533407 0.020580
v 0.304557 1.436218 -0.006897
v 0.291194 1.503562 0.013218
v 0.268306 1.432733 -0.037826
v 0.242527 1.505821 -0.027794
v 0.264400 1.432777 -0.085446
v 0.237342 1.505879 -0.091014
v 0.357240 1.319051 -0.131471
v 0.350450 1.364837 -0.126446
v 0.396340 1.321812 -0.098196
v 0.386691 1.368320 -0.095526
v 0.400541 1.321777 -0.046952
v 0.390595 1.368277 -0.047921
v 0.367383 1.318969 -0.007757
v 0.359876 1.364732 -0.011516
v 0.316290 1.315030 -0.003571
v 0.312528 1.359762 -0.007638
v 0.277190 1.312270 -0.036845
v 0.276288 1.356279 -0.038557
v 0.272989 1.312304 -0.088089
v 0.272384 1.356322 -0.086163
v 0.365278 1.403473 -0.119194
v 0.373409 1.403183 -0.029733
v 0.346598 1.364159 -0.117624
v 0.354730 1.363869 -0.028162
v 0.303356 1.360736 -0.113704
v 0.311487 1.360446 -0.024243
v 0.278794 1.396626 -0.111356
v 0.286925 1.396336 -0.021894
v 0.297473 1.435940 -0.112926
v 0.305604 1.435650 -0.023465
v 0.340715 1.439363 -0.116845
v 0.348846 1.439074 -0.027384
v 0.367806 1.403383 -0.091382
v 0.370836 1.403275 -0.058041
v 0.352157 1.363961 -0.056470
v 0.349126 1.364069 -0.089811
v 0.346273 1.439165 -0.055692
v 0.343243 1.439273 -0.089033
v 0.420500 1.407554 -0.096156
v 0.423531 1.407447 -0.062818
v 0.405629 1.328918 -0.061445
v 0.402599 1.329026 -0.094783
v 0.393639 1.482191 -0.059859
v 0.390609 1.482299 -0.093197
v -0.106792 0.743238 -0.037608
v -0.062205 0.947181 -0.020530
v -0.170998 0.975684 -0.118475
v -0.181405 0.951758 0.032444
v -0.223923 0.976723 -0.059957
v -0.117082 0.938779 0.053192
v -0.097458 0.966257 -0.125531
v -0.208187 0.758552 -0.132884
v -0.206591 0.737389 0.012085
v -0.240610 0.746942 -0.063828
v -0.156154 0.728980 0.011744
v -0.156691 0.750232 -0.134779
v -0.153973 0.604680 -0.072505
v -0.236858 0.635373 -0.144248
v -0.235137 0.631196 -0.023080
v -0.262857 0.623120 -0.092555
v -0.178018 0.620347 -0.018012
v -0.176333 0.626660 -0.144904
v -0.142325 0.538805 -0.098470
v -0.239236 0.577802 -0.158004
v -0.259875 0.538498 -0.039759
v -0.289788 0.555968 -0.099013
v -0.185453 0.524125 -0.023097
v -0.168462 0.553482 -0.171991
v -0.209991 0.121582 -0.079370
v -0.260114 0.136222 -0.157897
v -0.300995 0.207142 -0.057194
v -0.292944 0.122240 -0.117304
v -0.246459 0.201482 -0.029429
v -0.217172 0.132293 -0.147172
v -0.184793 0.002178 -0.171707
v -0.242162 0.009510 -0.185387
v -0.358383 -0.004112 -0.008922
v -0.254636 -0.007160 0.043448
v -0.261178 0.336885 -0.160458
v -0.303048 0.288809 -0.107611
v -0.201575 0.328318 -0.165574
v -0.185385 0.271685 -0.091382
v -0.254173 0.079312 0.043514
v -0.329417 0.113244 0.005414
v -0.353043 0.058257 -0.021167
v -0.286658 0.109058 0.027029
v -0.320064 0.030571 0.191812
v -0.417188 0.038545 0.164026
v -0.430980 0.009418 0.102328
v -0.379403 0.042002 0.189359
v -0.319459 -0.007508 0.192172
v -0.418207 -0.004870 0.163632
v -0.431696 -0.003794 0.102036
v -0.379717 -0.006079 0.189308
v -0.132830 0.705510 -0.053841
v 0.292778 1.648843 -0.019899
v 0.334270 1.656337 -0.023665
v 0.359303 1.663283 -0.054245
v 0.355773 1.663670 -0.093960
v 0.326453 1.658187 -0.119608
v 0.286261 1.650644 -0.115961
v 0.258351 1.646392 -0.085119
v 0.261955 1.646392 -0.045411
v 0.265932 1.092571 -0.096901
v 0.271640 1.092524 -0.027280
v 0.324757 1.096330 0.017928
v 0.394167 1.101760 0.012241
v 0.439212 1.105634 -0.041010
v 0.433504 1.105681 -0.110630
v 0.380387 1.101875 -0.155839
v 0.310977 1.096444 -0.150151
v 0.296031 0.949787 -0.091872
v 0.300502 0.949750 -0.037339
v 0.342108 0.952736 -0.001928
v 0.396476 0.956997 -0.006382
v 0.431758 0.960036 -0.048093
v 0.427287 0.960073 -0.102627
v 0.385682 0.957087 -0.138038
v 0.331313 0.952826 -0.133583
v 0.337395 1.001472 -0.082311
v 0.411363 1.053834 -0.051313
v 0.337920 1.047853 -0.013493
v 0.382459 1.051344 -0.017143
v 0.329077 1.047927 -0.121348
v 0.300173 1.045437 -0.087178
v 0.303835 1.045407 -0.042503
v 0.354202 1.002957 -0.108135
v 0.276184 1.949123 -0.049629
v 0.381743 0.956693 -0.125735
v 0.415827 0.959140 -0.096725
v 0.311962 0.950683 -0.043240
v 0.308299 0.950713 -0.087915
v 0.337203 0.953203 -0.122086
v 0.390586 0.956620 -0.017880
v 0.346046 0.953129 -0.014231
v 0.419490 0.959110 -0.052050
v 0.196519 1.669256 -0.225534
v 0.126545 1.736672 -0.230580
v -0.220515 1.676556 -0.189808
v -0.151118 1.741673 -0.205738
v 0.033407 1.463075 -0.178305
v -0.055729 1.464440 -0.171601
v 0.041542 1.965057 0.105724
v 0.038827 1.956537 0.093222
v 0.011665 1.907577 0.088057
v 0.083234 1.979950 0.056437
v -0.015857 1.981408 0.076964
v 0.054810 1.966768 0.072447
v 0.019397 1.964063 0.084192
v 0.072572 2.013733 0.047323
v -0.008744 2.014929 0.064168
v 0.017979 2.013589 0.076919
v 0.053086 2.013072 0.069647
v 0.103979 2.128216 -0.105818
v 0.133531 2.110909 0.038070
v 0.129099 2.116976 -0.112329
v 0.158651 2.099669 0.031559
v 0.131530 2.089066 -0.116185
v 0.161082 2.071758 0.027702
v 0.108840 2.072395 -0.113530
v 0.138392 2.055088 0.030357
v 0.083720 2.083635 -0.107019
v 0.113272 2.066328 0.036869
v 0.081289 2.111545 -0.103163
v 0.110841 2.094239 0.040725
v 0.101994 2.119806 -0.115966
v 0.089147 2.097477 -0.116338
v 0.112818 2.086562 -0.122499
v 0.125027 2.109185 -0.121961
v 0.077161 1.917957 0.035640
v 0.065284 1.963928 0.081192
v 0.067913 1.919936 0.045948
v 0.056146 1.954915 0.078349
v 0.080024 2.118203 -0.217993
v 0.069819 2.095491 -0.200005
v 0.097763 2.084104 -0.199211
v 0.107214 2.107123 -0.217222
v 0.111937 1.972599 -0.279410
v 0.102492 1.969527 -0.250605
v 0.134943 1.960683 -0.240129
v 0.142167 1.964041 -0.270397
v 0.069678 1.833437 -0.214897
v 0.060117 1.846274 -0.188678
v 0.088922 1.850566 -0.180743
v 0.097707 1.837613 -0.207176
v 0.053522 1.738352 -0.197617
v 0.043874 1.739018 -0.168461
v 0.072641 1.738262 -0.159346
v 0.081513 1.737616 -0.188748
v 0.210366 1.322714 -0.123222
v 0.213256 1.322308 0.099791
v 0.126304 1.323622 -0.178543
v 0.119584 1.311527 0.138137
v 0.230709 1.207934 -0.130788
v 0.232810 1.207803 0.110484
v 0.141943 1.189346 0.148784
v 0.153826 1.202517 -0.210943
v -0.211393 1.323650 -0.118640
v -0.209258 1.323337 0.104823
v -0.127143 1.323992 -0.176733
v -0.115340 1.311984 0.140387
v -0.229993 1.208269 -0.129144
v -0.230368 1.208140 0.112131
v -0.139961 1.189368 0.148890
v -0.152086 1.202538 -0.210835
v 0.225751 0.934575 -0.120548
v 0.226585 0.934471 0.093294
v -0.230905 0.936117 -0.120154
v -0.231377 0.936004 0.093709
v 0.274247 0.954228 -0.163259
v 0.275424 0.954202 0.144874
v -0.279930 0.954782 -0.162698
v -0.280491 0.954749 0.145488
v 0.346873 0.415774 -0.100362
v 0.347815 0.415715 0.075556
v -0.338571 0.414961 -0.099761
v -0.339209 0.414882 0.076145
v -0.097944 2.131187 -0.063989
v -0.068392 2.113880 0.079899
v -0.123890 2.120698 -0.059922
v -0.094338 2.103391 0.083966
v -0.128439 2.092891 -0.062332
v -0.098923 2.075585 0.081528
v -0.107041 2.075572 -0.068810
v -0.077489 2.058265 0.075078
v -0.081095 2.086061 -0.072877
v -0.051543 2.068753 0.071011
v -0.076547 2.113868 -0.070467
v -0.046995 2.096561 0.073421
v -0.099778 2.123373 -0.074508
v -0.087532 2.100463 -0.080411
v -0.114668 2.090197 -0.076185
v -0.126182 2.113383 -0.070396
v -0.121874 2.119560 -0.174773
v -0.106009 2.096464 -0.162185
v -0.131528 2.085870 -0.150455
v -0.146681 2.109253 -0.163385
v -0.169586 1.975706 -0.227827
v -0.149489 1.972248 -0.205308
v -0.173617 1.964374 -0.189273
v -0.193140 1.968021 -0.211578
v -0.086898 1.837638 -0.199987
v -0.072309 1.850027 -0.175960
v -0.099039 1.855349 -0.162985
v -0.112907 1.842817 -0.187362
v -0.070000 1.741061 -0.189309
v -0.055245 1.741274 -0.162368
v -0.081909 1.741546 -0.148223
v -0.095945 1.741326 -0.175546
v -0.195959 1.717481 0.004629
v -0.196634 1.727309 0.016496
v -0.221758 1.671956 0.006971
v -0.200930 1.713584 -0.051922
v -0.210281 1.721911 -0.062880
v -0.230638 1.672718 -0.049226
v -0.206982 1.741727 -0.091680
v -0.270471 1.730821 -0.114420
v -0.278057 1.684390 -0.085230
v -0.209510 1.793589 -0.091450
v -0.289285 1.793568 -0.112712
v -0.327379 1.702341 -0.080754
v -0.210177 1.814506 -0.067941
v -0.289747 1.844680 -0.055667
v -0.356129 1.715845 -0.037837
v -0.208766 1.817294 0.023244
v -0.288116 1.839646 0.024799
v -0.351293 1.712639 0.018727
v -0.208724 1.798059 0.046095
v -0.295680 1.771545 0.082488
v -0.312430 1.691877 0.055507
v -0.165698 1.761733 -0.026618
v -0.199630 1.751613 0.045270
v -0.237200 1.743333 0.077181
v -0.257696 1.678654 0.050539
v -0.404414 0.975860 -0.051351
v -0.373982 0.964852 -0.035173
v -0.381481 0.967652 0.042976
v -0.410953 0.979466 -0.022357
v -0.357793 0.966608 0.007716
v -0.415174 0.979657 0.010486
v -0.364676 0.963194 0.033569
v -0.376518 0.867587 -0.064240
v -0.408498 0.878827 -0.062179
v 0.273359 1.948700 -0.060132
v -0.408388 0.920669 -0.058037
v -0.375563 0.907833 -0.059187
v -0.399088 0.922087 0.037118
v -0.359553 0.860043 0.122040
v -0.409949 0.921146 -0.033610
v -0.355675 0.917619 -0.007189
v -0.413074 0.921339 0.009253
v -0.345521 0.903346 0.031843
v -0.397283 0.744190 -0.053723
v -0.384127 0.746286 -0.043155
v -0.401056 0.881012 0.035307
v -0.364189 0.867844 0.049157
v -0.418913 0.880374 -0.036531
v -0.371253 0.865054 -0.013083
v -0.416328 0.879746 0.005487
v -0.364320 0.865872 0.030232
v -0.380718 0.922507 0.064946
v -0.375473 0.863176 0.055234
v -0.396804 0.742428 0.046342
v -0.386848 0.746249 0.041642
v -0.404052 0.720682 -0.010519
v -0.384117 0.724530 -0.009947
v -0.403925 0.720908 0.022140
v -0.386331 0.724194 0.026446
v -0.352346 0.918926 0.059366
v -0.381778 0.887389 0.059859
v -0.360219 0.876951 0.061150
v -0.354046 0.881418 0.053897
v -0.345319 0.856483 0.116516
v -0.364497 0.847830 0.111043
v -0.349992 0.841993 0.108472
v -0.386900 0.805888 -0.058981
v -0.377685 0.794792 -0.011515
v -0.388670 0.803074 0.051716
v -0.403483 0.816773 0.031659
v -0.420511 0.809273 -0.024917
v -0.409318 0.815917 -0.055012
v -0.420492 0.808270 0.008376
v -0.377746 0.807267 0.046559
v -0.375326 0.795033 0.028339
v -0.260755 1.309379 -0.045733
v -0.254489 1.309312 0.017235
v -0.294258 1.314673 0.066164
v -0.356764 1.322320 0.072391
v -0.405393 1.327775 0.032269
v -0.411658 1.327842 -0.030699
v -0.371890 1.322482 -0.079628
v -0.309383 1.314834 -0.085856
v -0.307781 1.372482 -0.067129
v -0.313552 1.327921 -0.071046
v -0.296518 1.448519 -0.068168
v -0.275325 1.558395 -0.089132
v -0.343545 1.455545 -0.063482
v -0.330990 1.603895 -0.095700
v -0.373455 1.460469 -0.026549
v -0.374934 1.628136 -0.039106
v -0.368725 1.460407 0.020996
v -0.367664 1.628042 0.033986
v -0.332128 1.455396 0.051301
v -0.320321 1.547309 0.081385
v -0.285101 1.448371 0.046615
v -0.265445 1.514997 0.063734
v -0.255192 1.443447 0.009682
v -0.224900 1.515315 0.014625
v -0.259921 1.443508 -0.037863
v -0.231178 1.515397 -0.048495
v -0.364346 1.334076 -0.065986
v -0.354794 1.379505 -0.062444
v -0.396664 1.338390 -0.026229
v -0.384694 1.384428 -0.025522
v -0.391573 1.338336 0.024934
v -0.379967 1.384367 0.022009
v -0.352056 1.333946 0.057533
v -0.343380 1.379357 0.052305
v -0.301262 1.327791 0.052473
v -0.296367 1.372334 0.047620
v -0.268944 1.323476 0.012717
v -0.266467 1.367411 0.010698
v -0.274035 1.323530 -0.038446
v -0.271194 1.367473 -0.036833
v -0.366393 1.418716 -0.052794
v -0.358299 1.418427 0.036671
v -0.349450 1.378628 -0.054456
v -0.341356 1.378339 0.035009
v -0.306397 1.373326 -0.058369
v -0.298303 1.373037 0.031096
v -0.280288 1.408114 -0.060619
v -0.272193 1.407825 0.028846
v -0.297231 1.448203 -0.058956
v -0.289136 1.447914 0.030509
v -0.340284 1.453504 -0.055044
v -0.332189 1.453215 0.034421
v -0.363877 1.418627 -0.024980
v -0.360860 1.418519 0.008362
v -0.343917 1.378430 0.006699
v -0.346934 1.378538 -0.026643
v -0.334751 1.453307 0.006112
v -0.337767 1.453415 -0.027230
v -0.416341 1.425087 -0.020211
v -0.413324 1.424979 0.013128
v -0.398873 1.345747 0.011565
v -0.401890 1.345855 -0.021775
v -0.380192 1.498352 0.010367
v -0.383208 1.498460 -0.022972
v -0.266418 1.660092 0.030849
v -0.305843 1.664975 0.034427
v -0.337519 1.676704 0.008993
v -0.341352 1.678204 -0.030694
v -0.317399 1.671774 -0.061177
v -0.276963 1.661828 -0.064847
v -0.244701 1.656661 -0.039466
v -0.241097 1.656661 0.000242
v -0.313000 0.962362 -0.036603
v -0.307583 0.962304 0.017845
v -0.341970 0.966943 0.060153
v -0.396016 0.973563 0.065537
v -0.438064 0.978285 0.030844
v -0.443482 0.978344 -0.023603
v -0.409095 0.973703 -0.065911
v -0.355048 0.967083 -0.071296
v -0.344847 0.998463 -0.024358
v -0.415200 1.061341 0.023699
v -0.336478 1.052050 0.047709
v -0.380754 1.057473 0.052120
v -0.347192 1.052164 -0.059976
v -0.312746 1.048296 -0.031555
v -0.308307 1.048248 0.013050
v -0.365947 1.000773 -0.046742
v 0.286459 1.952408 -0.046434
v -0.403027 0.973092 -0.054516
v -0.431198 0.976894 -0.019857
v -0.319867 0.963753 0.014098
v -0.324305 0.963801 -0.030506
v -0.358751 0.967669 -0.058927
v -0.392313 0.972978 0.053169
v -0.348037 0.967555 0.048758
v -0.426760 0.976846 0.024748
v -0.341495 0.998434 0.010004
v -0.419638 1.061388 -0.020906
v -0.405441 1.006255 0.016538
v -0.384341 1.003944 0.038922
v -0.392434 1.004013 -0.044036
v -0.408793 1.006283 -0.017824
v -0.357854 1.000705 0.036216
v -0.391468 1.057587 -0.055565
v 0.407701 1.053864 -0.095988
v 0.361175 1.002914 -0.025076
v 0.401750 1.006500 -0.087421
v 0.380859 1.005041 -0.110252
v 0.387831 1.004997 -0.027192
v 0.404638 1.006482 -0.053017
v 0.373616 1.051417 -0.124998
v 0.340283 1.001454 -0.047907
v 0.000950 1.188918 -0.174559
v 0.000950 1.172848 0.096884
v 0.000950 1.202520 -0.210929
v 0.000950 1.189355 0.148830
v -0.147504 0.955406 0.124148
v -0.183183 0.954469 0.178646
v 0.000002 0.955406 0.124149
v 0.000002 0.954469 0.178646
v 0.149405 0.955406 0.124149
v 0.185084 0.954469 0.178646
v 0.001899 0.955406 0.124149
v 0.001899 0.954469 0.178646
v -0.125489 0.429679 0.139581
v 0.000230 0.429679 0.139581
v 0.127391 0.429679 0.139581
v 0.001672 0.429679 0.139581
v 0.134306 0.939103 -0.204506
v 0.192627 0.941812 -0.252831
v 0.002042 0.939103 -0.204506
v 0.002042 0.941812 -0.252831
v -0.132405 0.939104 -0.204506
v -0.190727 0.941812 -0.252831
v -0.000141 0.939103 -0.204506
v -0.000141 0.941812 -0.252831
v 0.131333 0.413243 -0.223412
v 0.001825 0.413243 -0.223412
v -0.129434 0.413243 -0.223412
v 0.000074 0.413243 -0.223412
v 0.005237 1.937726 0.082405
v 0.065763 1.936035 0.070704
v 0.037425 1.902186 0.092431
v 0.039349 1.942082 0.094765
v 0.034391 1.892938 0.079898
v 0.040822 2.034326 0.097328
v -0.271250 1.103659 0.021987
v -0.278166 1.103733 -0.047524
v -0.437832 1.124041 0.038583
v -0.384151 1.118019 0.082874
v -0.400848 1.118197 -0.084941
v -0.444749 1.124114 -0.030928
v -0.315150 1.109577 0.076000
v -0.331847 1.109755 -0.091815
v 0.000950 1.078887 -0.126302
v 0.284957 1.870777 -0.046298
v 0.258143 1.874252 -0.058752
v 0.260869 1.874676 -0.048239
v 0.257004 1.874251 -0.071310
v 0.281138 1.870777 -0.088387
v 0.257960 1.874681 -0.082496
v -0.231968 1.889672 -0.014272
v -0.256213 1.887145 0.002815
v -0.232740 1.890162 -0.003442
v -0.260032 1.887145 -0.039274
v -0.233108 1.889672 -0.026830
v -0.236046 1.890175 -0.037663
v 0.282640 1.952407 -0.088524
v 0.273286 1.949128 -0.083887
v -0.244436 1.964634 -0.013141
v -0.254711 1.968776 0.002679
v -0.245307 1.965126 -0.002302
v -0.258531 1.968776 -0.039410
v -0.245575 1.964634 -0.025699
v -0.248623 1.965138 -0.036521
vt 0.835745 0.282957
vt 0.815926 0.296870
vt 0.811666 0.295962
vt 0.853844 0.123984
vt 0.869469 0.092734
vt 0.904625 0.092734
vt 0.958443 0.763577
vt 0.921426 0.763577
vt 0.958443 0.740679
vt 0.924355 0.123945
vt 0.869790 0.155448
vt 0.906166 0.092442
vt 0.854047 0.124187
vt 0.904828 0.155437
vt 0.904828 0.092937
vt 0.821721 0.293195
vt 0.871149 0.276414
vt 0.869367 0.305215
vt 0.850786 0.322923
vt 0.816885 0.295972
vt 0.807604 0.275692
vt 0.816269 0.225632
vt 0.811152 0.273008
vt 0.869367 0.267648
vt 0.834537 0.277088
vt 0.817841 0.273841
vt 0.924094 0.125276
vt 0.906140 0.156373
vt 0.870232 0.156373
vt 0.939820 0.775008
vt 0.921296 0.763719
vt 0.921158 0.740887
vt 0.945312 0.128906
vt 0.933594 0.105469
vt 0.968750 0.078125
vt 0.968750 0.179688
vt 0.984375 0.128906
vt 0.949219 0.125000
vt 0.984375 0.125000
vt 0.968750 0.175781
vt 0.976918 0.696620
vt 0.914071 0.696620
vt 0.914070 0.683746
vt 0.869469 0.155234
vt 0.826788 0.268115
vt 0.906166 0.155448
vt 0.914084 0.709959
vt 0.914084 0.697011
vt 0.977292 0.697010
vt 0.933594 0.152344
vt 0.958069 0.740632
vt 0.839209 0.342093
vt 0.811841 0.297203
vt 0.841069 0.244544
vt 0.977292 0.684062
vt 0.914084 0.684062
vt 0.976918 0.683746
vt 0.914070 0.670871
vt 0.824883 0.764830
vt 0.839297 0.768219
vt 0.844007 0.747366
vt 0.853522 0.766736
vt 0.856820 0.747315
vt 0.866781 0.764902
vt 0.924203 0.123578
vt 0.904625 0.155234
vt 0.914084 0.671114
vt 0.977292 0.671114
vt 0.831985 0.294549
vt 0.825333 0.764071
vt 0.844456 0.746607
vt 0.839746 0.767459
vt 0.857269 0.746555
vt 0.853972 0.765976
vt 0.867230 0.764142
vt 0.977292 0.709959
vt 0.958206 0.763465
vt 0.856897 0.242091
vt 0.812452 0.273392
vt 0.854058 0.309848
vt 0.838574 0.337927
vt 0.906140 0.094178
vt 0.933594 0.101562
vt 0.914084 0.658165
vt 0.977292 0.658165
vt 0.976918 0.709495
vt 0.914070 0.709495
vt 0.976918 0.657996
vt 0.976918 0.670871
vt 0.939934 0.729229
vt 0.829073 0.283267
vt 0.833202 0.234003
vt 0.807377 0.274464
vt 0.457393 0.207916
vt 0.423269 0.408313
vt 0.393541 0.207916
vt 0.869790 0.092442
vt 0.924203 0.124187
vt 0.815753 0.295072
vt 0.819893 0.296194
vt 0.812162 0.273942
vt 0.976918 0.645122
vt 0.914070 0.657996
vt 0.939545 0.729344
vt 0.852278 0.125276
vt 0.870232 0.094178
vt 0.869672 0.155437
vt 0.921426 0.740679
vt 0.914084 0.722908
vt 0.914071 0.645122
vt 0.869672 0.092937
vt 0.545238 0.356780
vt 0.515582 0.408313
vt 0.977292 0.722908
vt 0.815352 0.221530
vt 0.306672 0.356291
vt 0.337793 0.408313
vt 0.851601 0.123945
vt 0.939934 0.775027
vt 0.600610 0.640393
vt 0.563144 0.641669
vt 0.511401 0.559041
vt 0.413369 0.699884
vt 0.485596 0.741589
vt 0.438669 0.748232
vt 0.583794 0.509057
vt 0.568541 0.428308
vt 0.620979 0.500699
vt 0.485596 0.795595
vt 0.485596 0.847050
vt 0.452101 0.853868
vt 0.351498 0.428308
vt 0.425983 0.428308
vt 0.371026 0.487045
vt 0.621221 0.650648
vt 0.610242 0.715008
vt 0.404851 0.502855
vt 0.069700 0.778222
vt 0.089757 0.720410
vt 0.113268 0.755418
vt 0.235956 0.414474
vt 0.276003 0.485554
vt 0.229429 0.502270
vt 0.784387 0.652457
vt 0.810493 0.678724
vt 0.779694 0.684114
vt 0.097857 0.650761
vt 0.046187 0.670974
vt 0.035853 0.626663
vt 0.147966 0.358535
vt 0.147048 0.381138
vt 0.162559 0.376941
vt 0.202537 0.650752
vt 0.225565 0.614600
vt 0.269133 0.636480
vt 0.789487 0.607994
vt 0.806837 0.583178
vt 0.451045 0.894978
vt 0.418489 0.906749
vt 0.189471 0.826487
vt 0.179884 0.798752
vt 0.203424 0.800670
vt 0.150514 0.775677
vt 0.152228 0.709466
vt 0.401880 0.787441
vt 0.441707 0.808841
vt 0.394522 0.843875
vt 0.189270 0.863048
vt 0.215167 0.828438
vt 0.172809 0.864886
vt 0.174424 0.876082
vt 0.485596 0.886722
vt 0.161943 0.834056
vt 0.151162 0.835138
vt 0.150417 0.828528
vt 0.159472 0.864570
vt 0.150371 0.868989
vt 0.141787 0.863916
vt 0.140492 0.833680
vt 0.204975 0.895400
vt 0.226562 0.870031
vt 0.455136 0.955508
vt 0.485596 0.950002
vt 0.485596 0.983580
vt 0.454996 0.923872
vt 0.422669 0.939183
vt 0.485596 0.919711
vt 0.118085 0.919252
vt 0.149794 0.929665
vt 0.085820 0.956248
vt 0.096305 0.988986
vt 0.183626 0.894249
vt 0.520340 0.854652
vt 0.058405 0.347616
vt 0.097317 0.328586
vt 0.102445 0.375425
vt 0.246889 0.104223
vt 0.245465 0.085504
vt 0.302208 0.101915
vt 0.187723 0.756728
vt 0.976891 0.321916
vt 0.966925 0.322304
vt 0.969911 0.285721
vt 0.375331 0.630113
vt 0.361123 0.712195
vt 0.691882 0.607274
vt 0.697616 0.651356
vt 0.672485 0.678625
vt 0.161905 0.377063
vt 0.147170 0.380433
vt 0.148528 0.358346
vt 0.350303 0.186343
vt 0.302208 0.189515
vt 0.350303 0.165691
vt 0.763290 0.609012
vt 0.776775 0.578874
vt 0.552612 0.908524
vt 0.520371 0.895818
vt 0.090023 0.800772
vt 0.117136 0.804935
vt 0.113977 0.825139
vt 0.080265 0.827560
vt 0.111080 0.861614
vt 0.129291 0.863262
vt 0.126911 0.876279
vt 0.150806 0.821092
vt 0.150961 0.801158
vt 0.162751 0.801498
vt 0.177807 0.842822
vt 0.179595 0.812723
vt 0.123441 0.818428
vt 0.124572 0.840957
vt 0.135165 0.821467
vt 0.075224 0.869024
vt 0.094618 0.893940
vt 0.514865 0.956265
vt 0.513056 0.987314
vt 0.547678 0.940813
vt 0.515734 0.924616
vt 0.072822 0.908894
vt 0.536483 0.977903
vt 0.178189 0.923193
vt 0.212789 0.956732
vt 0.202074 0.988985
vt 0.116173 0.895475
vt 0.222567 0.925736
vt 0.578792 0.844341
vt 0.547586 0.873527
vt 0.560709 0.702985
vt 0.533788 0.749346
vt 0.567654 0.748371
vt 0.571362 0.785911
vt 0.531372 0.809700
vt 0.360633 0.768983
vt 0.404303 0.747051
vt 0.173815 0.502270
vt 0.198883 0.414474
vt 0.081078 0.502270
vt 0.076515 0.414474
vt 0.112739 0.414474
vt 0.536460 0.496019
vt 0.524726 0.520736
vt 0.451638 0.495913
vt 0.461241 0.519776
vt 0.606808 0.587159
vt 0.642173 0.605611
vt 0.255118 0.578201
vt 0.305557 0.599976
vt 0.337943 0.589937
vt 0.374641 0.576292
vt 0.005242 0.310736
vt 0.036233 0.362795
vt 0.450890 0.428308
vt 0.135089 0.502270
vt 0.081469 0.606728
vt 0.054232 0.571181
vt 0.610695 0.768947
vt 0.045022 0.718762
vt 0.310540 0.559557
vt 0.638837 0.566445
vt 0.000360 0.551761
vt 0.036460 0.483037
vt 0.345878 0.550807
vt 0.253872 0.684431
vt 0.249163 0.734524
vt 0.205115 0.725914
vt 0.219609 0.782051
vt 0.950001 0.319193
vt 0.942217 0.326603
vt 0.941528 0.313102
vt 0.793141 0.091014
vt 0.820642 0.091014
vt 0.840089 0.111849
vt 0.303474 0.286726
vt 0.294868 0.283161
vt 0.294868 0.250851
vt 0.151475 0.650761
vt 0.302208 0.215002
vt 0.350303 0.208129
vt 0.350303 0.188138
vt 0.432085 0.149379
vt 0.407683 0.144683
vt 0.397590 0.171235
vt 0.730469 0.218750
vt 0.730469 0.195312
vt 0.705078 0.218750
vt 0.707031 0.117188
vt 0.730469 0.117188
vt 0.730469 0.144531
vt 0.938206 0.271311
vt 0.963161 0.298049
vt 0.973498 0.286974
vt 0.432085 0.079229
vt 0.432085 0.059859
vt 0.443162 0.059782
vt 0.193732 0.381532
vt 0.197111 0.349238
vt 0.275587 0.314613
vt 0.272022 0.306007
vt 0.302208 0.057502
vt 0.302208 0.033890
vt 0.350303 0.060686
vt 0.750000 0.167969
vt 0.730469 0.167969
vt 0.750000 0.144531
vt 0.403100 0.107531
vt 0.377302 0.101208
vt 0.403342 0.097052
vt 0.951198 0.312788
vt 0.965812 0.312788
vt 0.965812 0.274987
vt 0.400625 0.085836
vt 0.246163 0.233939
vt 0.255743 0.267301
vt 0.258341 0.267554
vt 0.392932 0.073965
vt 0.282882 0.286281
vt 0.265648 0.299349
vt 0.258207 0.273998
vt 0.382940 0.067095
vt 0.986375 0.293962
vt 0.976677 0.304352
vt 0.953265 0.279268
vt 0.379351 0.136699
vt 0.390968 0.129855
vt 0.259440 0.272715
vt 0.399466 0.118253
vt 0.707031 0.144531
vt 0.687500 0.144531
vt 0.264849 0.299432
vt 0.282218 0.286399
vt 0.258003 0.275554
vt 0.432085 0.081701
vt 0.415071 0.083950
vt 0.417068 0.098601
vt 0.055003 0.237468
vt 0.042427 0.291330
vt 0.072093 0.306103
vt 0.103225 0.236892
vt 0.126171 0.236051
vt 0.118261 0.306806
vt 0.096436 0.307473
vt 0.101471 0.238845
vt 0.086083 0.237777
vt 0.147555 0.305035
vt 0.148957 0.239468
vt 0.124655 0.237243
vt 0.166984 0.304519
vt 0.163265 0.238975
vt 0.178765 0.196553
vt 0.186293 0.176953
vt 0.162376 0.172749
vt 0.104828 0.181375
vt 0.091609 0.173696
vt 0.090636 0.195748
vt 0.141486 0.173827
vt 0.123868 0.175143
vt 0.123057 0.196181
vt 0.161839 0.202881
vt 0.071457 0.172485
vt 0.096386 0.115801
vt 0.125105 0.102151
vt 0.106910 0.116258
vt 0.159638 0.082473
vt 0.143250 0.082268
vt 0.127395 0.054218
vt 0.362071 0.970259
vt 0.347014 0.925006
vt 0.332287 0.933908
vt 0.077581 0.098340
vt 0.098950 0.055198
vt 0.112576 0.057088
vt 0.314976 0.934423
vt 0.293151 0.925870
vt 0.287277 0.970469
vt 0.333728 0.976048
vt 0.113857 0.016824
vt 0.096660 0.013240
vt 0.975674 0.332384
vt 0.932892 0.321108
vt 0.958582 0.339862
vt 0.338492 0.876139
vt 0.325894 0.874731
vt 0.316037 0.875129
vt 0.300658 0.879122
vt 0.432085 0.095916
vt 0.416782 0.096004
vt 0.279298 0.910196
vt 0.242489 0.970469
vt 0.370531 0.907609
vt 0.344550 0.867260
vt 0.411292 0.972359
vt 0.326462 0.859984
vt 0.311503 0.863948
vt 0.297879 0.876612
vt 0.969955 0.615576
vt 0.958705 0.618417
vt 0.960731 0.593687
vt 0.236967 0.067930
vt 0.231483 0.050802
vt 0.236178 0.047194
vt 0.236825 0.178808
vt 0.242177 0.180219
vt 0.235761 0.199831
vt 0.924213 0.476287
vt 0.919119 0.451251
vt 0.939486 0.456817
vt 0.920614 0.493450
vt 0.910930 0.491130
vt 0.910228 0.479513
vt 0.240536 0.123447
vt 0.240587 0.104571
vt 0.931211 0.596880
vt 0.943661 0.595339
vt 0.946010 0.619923
vt 0.239475 0.086035
vt 0.240587 0.142318
vt 0.246730 0.142433
vt 0.245219 0.161280
vt 0.239434 0.160769
vt 0.886438 0.585193
vt 0.881545 0.579887
vt 0.889654 0.579416
vt 0.247435 0.123301
vt 0.242496 0.066716
vt 0.955132 0.450733
vt 0.955583 0.478892
vt 0.935661 0.434174
vt 0.970232 0.592579
vt 0.960483 0.576263
vt 0.906330 0.441411
vt 0.917300 0.436575
vt 0.954711 0.547622
vt 0.967215 0.548987
vt 0.930349 0.579043
vt 0.943862 0.577366
vt 0.915935 0.583082
vt 0.909155 0.572976
vt 0.917215 0.570351
vt 0.953007 0.432846
vt 0.964146 0.518435
vt 0.965838 0.457192
vt 0.973909 0.465502
vt 0.962402 0.511136
vt 0.946716 0.515864
vt 0.415209 0.081390
vt 0.964235 0.440413
vt 0.987619 0.427498
vt 0.989923 0.433347
vt 0.966429 0.436187
vt 0.931406 0.551306
vt 0.942067 0.547860
vt 0.922163 0.545317
vt 0.960890 0.432467
vt 0.946886 0.403377
vt 0.954706 0.406608
vt 0.993884 0.437966
vt 0.958312 0.403133
vt 0.964330 0.427488
vt 0.932058 0.405894
vt 0.926894 0.520886
vt 0.937212 0.516427
vt 0.933562 0.511144
vt 0.302208 0.125249
vt 0.302208 0.146797
vt 0.350303 0.125281
vt 0.948463 0.382654
vt 0.908099 0.457685
vt 0.946912 0.508002
vt 0.941276 0.375361
vt 0.886735 0.573977
vt 0.918617 0.599253
vt 0.105872 0.198437
vt 0.108204 0.180616
vt 0.126970 0.175066
vt 0.125641 0.195637
vt 0.225120 0.141512
vt 0.225422 0.123226
vt 0.481725 0.078092
vt 0.471037 0.059593
vt 0.518092 0.060629
vt 0.286950 0.262379
vt 0.260238 0.269946
vt 0.260221 0.273276
vt 0.463825 0.034417
vt 0.518092 0.042519
vt 0.221578 0.175076
vt 0.224046 0.158754
vt 0.407964 0.142735
vt 0.217207 0.190474
vt 0.518092 0.168113
vt 0.464807 0.168208
vt 0.486276 0.147788
vt 0.225454 0.105004
vt 0.222156 0.071705
vt 0.217719 0.056479
vt 0.518092 0.149936
vt 0.493611 0.131492
vt 0.224580 0.087880
vt 0.492244 0.114040
vt 0.518092 0.114747
vt 0.492132 0.096112
vt 0.518092 0.078442
vt 0.705078 0.195312
vt 0.705078 0.167969
vt 0.687500 0.195312
vt 0.750000 0.195312
vt 0.432656 0.669265
vt 0.467277 0.559041
vt 0.537077 0.669265
vt 0.965699 0.319341
vt 0.951520 0.319953
vt 0.950332 0.289984
vt 0.254970 0.275093
vt 0.243533 0.299853
vt 0.236147 0.314613
vt 0.216866 0.283161
vt 0.239712 0.306007
vt 0.949048 0.311334
vt 0.945534 0.281562
vt 0.964415 0.281977
vt 0.958908 0.333480
vt 0.940878 0.337738
vt 0.918537 0.314578
vt 0.687500 0.167969
vt 0.717355 0.605409
vt 0.704446 0.578728
vt 0.697358 0.538610
vt 0.684148 0.460993
vt 0.740195 0.460994
vt 0.256909 0.269410
vt 0.246367 0.234043
vt 0.258356 0.269532
vt 0.253280 0.272386
vt 0.226760 0.282234
vt 0.183246 0.241715
vt 0.192866 0.301574
vt 0.167296 0.303350
vt 0.182834 0.241980
vt 0.180768 0.227848
vt 0.146226 0.203328
vt 0.150083 0.238778
vt 0.055657 0.236217
vt 0.085849 0.238141
vt 0.073197 0.304858
vt 0.164611 0.173864
vt 0.160513 0.081914
vt 0.182104 0.102769
vt 0.095520 0.305905
vt 0.147935 0.304029
vt 0.164152 0.238523
vt 0.180006 0.197431
vt 0.163386 0.203210
vt 0.090946 0.195551
vt 0.091476 0.173493
vt 0.144242 0.174343
vt 0.071926 0.171668
vt 0.078425 0.097589
vt 0.096308 0.115159
vt 0.108542 0.115481
vt 0.126495 0.102359
vt 0.144596 0.081239
vt 0.128469 0.055146
vt 0.360049 0.970398
vt 0.331636 0.975693
vt 0.330867 0.933549
vt 0.099696 0.054826
vt 0.112899 0.056844
vt 0.078107 0.053600
vt 0.175869 0.059691
vt 0.181815 0.103035
vt 0.285297 0.969282
vt 0.291853 0.924826
vt 0.313549 0.933763
vt 0.098354 0.011885
vt 0.113390 0.016169
vt 0.966150 0.280866
vt 0.325381 0.874267
vt 0.337954 0.875898
vt 0.948281 0.209311
vt 0.938915 0.277992
vt 0.974466 0.279216
vt 0.300083 0.878213
vt 0.315519 0.874491
vt 0.944586 0.337551
vt 0.240485 0.968499
vt 0.278248 0.908900
vt 0.344148 0.867126
vt 0.369509 0.907930
vt 0.345726 0.924902
vt 0.326174 0.859533
vt 0.297343 0.875654
vt 0.311158 0.863233
vt 0.061506 0.225125
vt 0.181404 0.227922
vt 0.108757 0.197329
vt 0.443162 0.148329
vt 0.443162 0.129966
vt 0.118464 0.307888
vt 0.067965 0.192735
vt 0.068437 0.193000
vt 0.173970 0.349867
vt 0.123058 0.345415
vt 0.098659 0.328827
vt 0.194270 0.336883
vt 0.192830 0.303438
vt 0.176602 0.350559
vt 0.123340 0.345098
vt 0.194761 0.336001
vt 0.018038 0.311011
vt 0.043163 0.291219
vt 0.443162 0.169421
vt 0.463145 0.192836
vt 0.443162 0.188330
vt 0.443162 0.041281
vt 0.443162 0.078633
vt 0.443162 0.096049
vt 0.443162 0.112897
vt 0.243332 0.068497
vt 0.302208 0.059291
vt 0.237016 0.048975
vt 0.796822 0.460994
vt 0.740776 0.460994
vt 0.779171 0.288486
vt 0.964262 0.210221
vt 0.948553 0.210221
vt 0.350303 0.081304
vt 0.350303 0.146543
vt 0.350303 0.104022
vt 0.350303 0.083099
vt 0.302208 0.081929
vt 0.432085 0.114601
vt 0.443162 0.115437
vt 0.443162 0.098587
vt 0.966839 0.285870
vt 0.949891 0.285658
vt 0.950489 0.214085
vt 0.302208 0.145009
vt 0.410530 0.062329
vt 0.986375 0.279268
vt 0.943197 0.495396
vt 0.943789 0.479266
vt 0.956785 0.628473
vt 0.943649 0.629880
vt 0.967685 0.628820
vt 0.930728 0.493717
vt 0.931660 0.631347
vt 0.927821 0.616977
vt 0.272022 0.228005
vt 0.275586 0.219399
vt 0.391191 0.131889
vt 0.379758 0.138498
vt 0.303349 0.286460
vt 0.294743 0.282895
vt 0.294743 0.250586
vt 0.443162 0.062148
vt 0.443162 0.043461
vt 0.432085 0.039282
vt 0.402230 0.039076
vt 0.410459 0.064810
vt 0.927453 0.332912
vt 0.518092 0.096880
vt 0.412058 0.633630
vt 0.253743 0.269194
vt 0.303474 0.247286
vt 0.914776 0.413098
vt 0.955072 0.494989
vt 0.963098 0.482826
vt 0.917444 0.388734
vt 0.928123 0.378103
vt 0.140992 0.793445
vt 0.151121 0.793856
vt 0.162500 0.794579
vt 0.150133 0.874538
vt 0.140615 0.801042
vt 0.160682 0.827582
vt 0.163648 0.821942
vt 0.173882 0.808539
vt 0.162714 0.829942
vt 0.424429 0.871871
vt 0.150117 0.897444
vt 0.433027 0.976570
vt 0.456244 0.986586
vt 0.194190 0.335714
vt 0.197718 0.348949
vt 0.226659 0.255009
vt 0.255812 0.270472
vt 0.255566 0.272247
vt 0.879225 0.763246
vt 0.869386 0.745579
vt 0.831676 0.743044
vt 0.814197 0.753291
vt 0.891881 0.757492
vt 0.880176 0.742765
vt 0.845098 0.689349
vt 0.834527 0.691789
vt 0.175968 0.807494
vt 0.847049 0.612241
vt 0.880123 0.692987
vt 0.867754 0.691693
vt 0.856547 0.688458
vt 0.836278 0.614229
vt 0.845547 0.507370
vt 0.875670 0.614025
vt 0.856396 0.610757
vt 0.865864 0.612196
vt 0.844840 0.442350
vt 0.835801 0.435531
vt 0.877152 0.506307
vt 0.866591 0.508960
vt 0.856378 0.509694
vt 0.875385 0.435622
vt 0.864591 0.435531
vt 0.856110 0.441949
vt 0.036821 0.364526
vt 0.227843 0.282461
vt 0.256511 0.273750
vt 0.399649 0.120892
vt 0.641198 0.428308
vt 0.226074 0.254512
vt 0.100606 0.375047
vt 0.813421 0.546048
vt 0.807173 0.583810
vt 0.810573 0.678467
vt 0.820938 0.715190
vt 0.788008 0.725447
vt 0.673798 0.583810
vt 0.667550 0.546048
vt 0.302208 0.103704
vt 0.246299 0.087286
vt 0.694445 0.725447
vt 0.661514 0.715189
vt 0.671880 0.678467
vt 0.740485 0.538610
vt 0.642010 0.350091
vt 0.573670 0.350091
vt 0.571007 0.311832
vt 0.645250 0.308170
vt 0.642558 0.346427
vt 0.574219 0.346369
vt 0.718863 0.657333
vt 0.702150 0.684115
vt 0.955139 0.332361
vt 0.945892 0.336212
vt 0.945249 0.321141
vt 0.935410 0.321936
vt 0.933401 0.286751
vt 0.942706 0.285788
vt 0.959069 0.330150
vt 0.961417 0.317632
vt 0.968959 0.318930
vt 0.964747 0.327199
vt 0.973219 0.321109
vt 0.674110 0.583612
vt 0.982727 0.293691
vt 0.973429 0.292607
vt 0.971335 0.220308
vt 0.939079 0.328912
vt 0.937896 0.293612
vt 0.946399 0.292574
vt 0.571472 0.308132
vt 0.560980 0.223813
vt 0.655265 0.223760
vt 0.644785 0.311856
vt 0.561065 0.227134
vt 0.970465 0.329207
vt 0.949138 0.329143
vt 0.945806 0.322304
vt 0.980982 0.329021
vt 0.978430 0.286653
vt 0.967180 0.213389
vt 0.948984 0.220308
vt 0.580611 0.049169
vt 0.634433 0.049217
vt 0.944954 0.213381
vt 0.582025 0.045675
vt 0.079458 0.052663
vt 0.931310 0.273187
vt 0.951434 0.207210
vt 0.948543 0.298049
vt 0.398029 0.169804
vt 0.535887 0.428308
vt 0.432085 0.131175
vt 0.414098 0.126959
vt 0.432085 0.129090
vt 0.869835 0.744819
vt 0.879674 0.762487
vt 0.832125 0.742285
vt 0.814646 0.752532
vt 0.880625 0.742005
vt 0.834975 0.691030
vt 0.845546 0.688590
vt 0.836725 0.613470
vt 0.847496 0.611482
vt 0.868203 0.690933
vt 0.880571 0.692227
vt 0.856995 0.687698
vt 0.835298 0.505926
vt 0.845994 0.506610
vt 0.866312 0.611437
vt 0.876117 0.613266
vt 0.856844 0.609998
vt 0.836246 0.434772
vt 0.845286 0.441590
vt 0.867037 0.508201
vt 0.877598 0.505547
vt 0.856825 0.508935
vt 0.865037 0.434771
vt 0.875830 0.434862
vt 0.856556 0.441189
vt 0.432085 0.098450
vt 0.443162 0.132297
vt 0.247720 0.106004
vt 0.273778 0.239237
vt 0.287615 0.262137
vt 0.259429 0.270851
vt 0.443162 0.150619
vt 0.962962 0.304352
vt 0.953265 0.293962
vt 0.443162 0.171649
vt 0.443162 0.081106
vt 0.302208 0.166815
vt 0.403249 0.109863
vt 0.403557 0.099187
vt 0.377747 0.103670
vt 0.400662 0.088260
vt 0.392962 0.076511
vt 0.382957 0.069742
vt 0.432085 0.196361
vt 0.432085 0.171721
vt 0.763998 0.661924
vt 0.976146 0.301717
vt 0.518092 0.100362
vt 0.492413 0.099177
vt 0.492264 0.117242
vt 0.432085 0.169755
vt 0.967565 0.618067
vt 0.969229 0.595111
vt 0.959686 0.595597
vt 0.237802 0.069711
vt 0.236582 0.201611
vt 0.243001 0.182000
vt 0.237648 0.180589
vt 0.923575 0.476105
vt 0.944224 0.478793
vt 0.939503 0.455898
vt 0.908872 0.477993
vt 0.911109 0.489749
vt 0.241365 0.125228
vt 0.248265 0.125083
vt 0.943767 0.620282
vt 0.942653 0.596201
vt 0.930173 0.597133
vt 0.241418 0.106351
vt 0.246044 0.163061
vt 0.247557 0.144215
vt 0.241415 0.144099
vt 0.240260 0.162550
vt 0.885827 0.583058
vt 0.889321 0.577435
vt 0.881165 0.577474
vt 0.956151 0.619950
vt 0.240309 0.087816
vt 0.956464 0.478218
vt 0.955224 0.449622
vt 0.919012 0.450027
vt 0.935684 0.433136
vt 0.906140 0.416793
vt 0.911215 0.388428
vt 0.960371 0.578203
vt 0.906496 0.440015
vt 0.907930 0.456062
vt 0.968511 0.551315
vt 0.956064 0.549213
vt 0.943721 0.578321
vt 0.930129 0.579248
vt 0.917392 0.569825
vt 0.909183 0.572020
vt 0.915503 0.582518
vt 0.952971 0.431759
vt 0.966992 0.520541
vt 0.949667 0.516953
vt 0.974262 0.463859
vt 0.966060 0.455860
vt 0.965615 0.513130
vt 0.950262 0.509090
vt 0.989536 0.431731
vt 0.987168 0.425987
vt 0.964200 0.439193
vt 0.966326 0.434958
vt 0.943397 0.548717
vt 0.932552 0.551553
vt 0.923595 0.545025
vt 0.960802 0.431321
vt 0.954584 0.405710
vt 0.946830 0.402524
vt 0.993537 0.436227
vt 0.964186 0.426358
vt 0.958146 0.402260
vt 0.929563 0.520831
vt 0.940121 0.516964
vt 0.936733 0.511462
vt 0.948374 0.382010
vt 0.941262 0.374805
vt 0.932141 0.405019
vt 0.917450 0.598878
vt 0.886647 0.571824
vt 0.226252 0.125005
vt 0.225947 0.143291
vt 0.518092 0.063722
vt 0.471525 0.062107
vt 0.482149 0.080886
vt 0.518092 0.045422
vt 0.464379 0.036562
vt 0.224872 0.160533
vt 0.222402 0.176855
vt 0.302208 0.123460
vt 0.350303 0.123486
vt 0.218029 0.192252
vt 0.518092 0.171943
vt 0.518092 0.153718
vt 0.485691 0.150934
vt 0.226286 0.106783
vt 0.232320 0.052582
vt 0.218556 0.058257
vt 0.518092 0.135860
vt 0.493341 0.134753
vt 0.225413 0.089659
vt 0.222991 0.073484
vt 0.518092 0.118384
vt 0.518092 0.081733
vt 0.963161 0.260236
vt 0.948543 0.260236
vt 0.443162 0.190511
vt 0.741560 0.812007
vt 0.799871 0.812007
vt 0.781117 0.985546
vt 0.432085 0.037148
vt 0.948175 0.317984
vt 0.947368 0.283659
vt 0.416609 0.110406
vt 0.402443 0.036707
vt 0.416668 0.112575
vt 0.302208 0.080140
vt 0.350303 0.102228
vt 0.463858 0.170897
vt 0.461736 0.195420
vt 0.952791 0.319843
vt 0.413349 0.125000
vt 0.914084 0.645217
vt 0.977292 0.645217
vt 0.940864 0.286059
vt 0.940864 0.301717
vt 0.951198 0.274987
vt 0.398954 0.200371
vt 0.244616 0.299577
vt 0.302208 0.168604
vt 0.954860 0.495092
vt 0.954446 0.631129
vt 0.966399 0.631004
vt 0.943533 0.495024
vt 0.931067 0.494115
vt 0.925949 0.617134
vt 0.929268 0.632004
vt 0.350303 0.062481
vt 0.350303 0.042536
vt 0.302208 0.035679
vt 0.350303 0.040741
vt 0.208134 0.247021
vt 0.236022 0.219133
vt 0.216741 0.250586
vt 0.973498 0.271311
vt 0.302208 0.191304
vt 0.350303 0.167486
vt 0.951774 0.379647
vt 0.915016 0.412109
vt 0.964214 0.481518
vt 0.917702 0.388022
vt 0.144278 0.203434
vt 0.187735 0.178568
vt 0.740892 0.812007
vt 0.740958 0.985546
vt 0.701334 0.985546
vt 0.064121 0.222841
vt 0.177601 0.060533
vt 0.944770 0.321619
vt 0.943417 0.289413
vt 0.963228 0.311947
vt 0.971331 0.281406
vt 0.783613 0.538610
vt 0.275461 0.219133
vt 0.239587 0.227740
vt 0.969213 0.289569
vt 0.773695 0.111849
vt 0.432085 0.062232
vt 0.937323 0.280938
vt 0.977424 0.288945
vt 0.966194 0.218227
vt 0.740706 0.288486
vt 0.950486 0.218227
vt 0.966033 0.320195
vt 0.972987 0.285794
vt 0.943425 0.319362
vt 0.941221 0.283583
vt 0.964317 0.283447
vt 0.976918 0.722370
vt 0.914070 0.722370
vt 0.740265 0.288486
vt 0.701800 0.288486
vt 0.951410 0.296065
vt 0.961107 0.306455
vt 0.984519 0.281371
vt 0.940294 0.285534
vt 0.080557 0.386659
vt 0.053233 0.392514
vt 0.947520 0.211874
vt 0.966688 0.214085
vt 0.973914 0.283323
vt 0.963719 0.211874
vt 0.313767 0.553276
vt 0.003270 0.590317
vt 0.339160 0.819788
vt 0.630777 0.818111
vt 0.432085 0.112155
vt 0.350303 0.144749
vt 0.974822 0.306455
vt 0.518092 0.189773
vt 0.399150 0.199248
vt 0.354402 0.638504
vt 0.741226 0.725447
vt 0.303349 0.247021
vt 0.669860 0.572995
vt 0.984519 0.296065
vt 0.239587 0.305742
vt 0.236022 0.314348
vt 0.208134 0.286460
vt 0.976146 0.286059
vt 0.820642 0.162151
vt 0.793141 0.162151
vt 0.773695 0.141315
vt 0.271897 0.227740
vt 0.518092 0.185920
vt 0.315987 0.977359
vt 0.231213 0.195943
vt 0.971156 0.575129
vt 0.924527 0.516736
vt 0.302208 0.213213
vt 0.518092 0.132140
vt 0.432085 0.147284
vt 0.273255 0.239709
vt 0.840089 0.141315
vt 0.216741 0.282895
vt 0.977381 0.287532
vt 0.977381 0.303195
vt 0.952426 0.276457
vt 0.906467 0.415725
vt 0.917384 0.435376
vt 0.774604 0.113528
vt 0.794051 0.092692
vt 0.840998 0.142994
vt 0.911546 0.387705
vt 0.313882 0.976700
vt 0.966121 0.205541
vt 0.409241 0.973412
vt 0.174066 0.350103
vt 0.275461 0.314348
vt 0.974822 0.270981
vt 0.961107 0.270981
vt 0.967045 0.314270
vt 0.952426 0.314270
vt 0.821552 0.092693
vt 0.840999 0.113528
vt 0.982663 0.276671
vt 0.982663 0.292329
vt 0.957715 0.303401
vt 0.962963 0.268878
vt 0.976677 0.268878
vt 0.957715 0.265599
vt 0.972329 0.265599
vt 0.965379 0.496987
vt 0.271897 0.305742
vt 0.947381 0.292329
vt 0.947381 0.276671
vt 0.951410 0.281371
vt 0.834852 0.506685
vt 0.018153 0.311823
vt 0.005602 0.311284
vt 0.080132 0.386796
vt 0.794050 0.163829
vt 0.774604 0.142993
vt 0.968317 0.334001
vt 0.972530 0.334609
vt 0.655350 0.227266
vt 0.635847 0.045673
vt 0.969612 0.206742
vt 0.942089 0.303195
vt 0.892330 0.756732
vt 0.239712 0.228005
vt 0.208260 0.247286
vt 0.236147 0.219399
vt 0.682581 0.812007
vt 0.232035 0.197723
vt 0.920244 0.492567
vt 0.971099 0.577718
vt 0.927402 0.516538
vt 0.928260 0.377519
vt 0.942089 0.287532
vt 0.741494 0.985546
vt 0.972329 0.303401
vt 0.821552 0.163829
vt 0.216866 0.250851
vt 0.208260 0.286726
vt 0.432085 0.194471
vt 0.350303 0.206334
vt 0.967045 0.276457
vt 0.941145 0.631450
vt 0.938206 0.286974
vt 0.965031 0.496499
vt 0.951646 0.379030
vt 0.969977 0.313612
vt 0.970783 0.321573
vn 0.333200 0.942400 -0.030200
vn 0.090500 -0.003200 0.995900
vn 0.199800 -0.117000 0.972800
vn -0.090500 0.003200 -0.995900
vn 0.090100 -0.003200 0.995900
vn 0.211600 0.289900 0.933400
vn -0.270700 0.442000 -0.855200
vn -0.864200 0.496900 0.078400
vn 0.024800 0.564300 0.825200
vn -0.090100 0.003200 -0.995900
vn -0.966400 0.140500 0.215200
vn -0.562500 0.799300 0.211700
vn -0.995700 0.018500 0.090400
vn -0.869400 0.493800 0.018400
vn -0.830500 0.522100 0.194200
vn 0.413600 0.910100 0.024500
vn -0.344000 0.921300 0.181500
vn -0.559800 0.688500 -0.461100
vn 0.165100 0.731600 -0.661500
vn 0.865400 0.141800 -0.480500
vn 0.976100 0.110900 -0.187100
vn 0.995700 -0.018500 -0.090400
vn 0.391300 0.704800 -0.591700
vn -0.375200 0.796500 -0.474100
vn -0.982400 0.151200 0.109400
vn -0.298400 0.954100 0.027100
vn -0.811800 0.579300 0.073700
vn 0.018900 0.348500 -0.937100
vn 0.942800 0.329300 0.052300
vn 0.881900 0.464500 -0.080000
vn 0.562500 -0.799300 -0.211700
vn -0.622000 -0.782300 0.033700
vn 0.622600 0.781800 -0.033800
vn -0.317500 0.947100 0.047200
vn 0.891400 0.394200 -0.223500
vn 0.083500 0.000300 0.996500
vn -0.975600 0.201000 0.088500
vn 0.984700 0.162800 0.062800
vn 0.277600 -0.006700 -0.960700
vn -0.948200 0.199700 0.247000
vn -0.241200 0.031500 -0.970000
vn -0.328800 0.944400 0.004800
vn 0.355400 0.934600 -0.013800
vn 0.358800 0.931600 -0.057600
vn -0.977200 0.198300 -0.076000
vn -0.299000 0.007100 0.954200
vn 0.951600 0.163600 -0.260300
vn 0.254100 0.027900 0.966800
vn 0.966500 -0.139400 -0.215300
vn -0.827500 0.559100 0.051700
vn 0.124200 0.377000 0.917800
vn -0.111800 0.567500 -0.815800
vn -0.121900 0.439500 0.889900
vn 0.941400 0.326200 -0.085400
vn -0.298400 0.954100 0.027000
vn 0.197600 -0.117900 0.973200
vn -0.966500 0.139400 0.215300
vn -0.976100 -0.110900 0.187100
vn -0.853200 0.518800 -0.053000
vn -0.860600 0.494900 0.119800
vn 0.164600 0.743400 -0.648300
vn -0.390400 0.770300 -0.504100
vn -0.622600 -0.781800 0.033700
vn -0.002700 0.370700 -0.928700
vn 0.863800 0.420700 0.277400
vn 0.087300 0.005200 0.996200
vn 0.833200 0.438500 -0.336900
vn 0.096100 0.002000 0.995400
vn 0.089000 -0.004800 0.996000
vn 0.097100 -0.002200 0.995300
vn 0.982300 0.164700 -0.089100
vn 0.983900 0.163800 0.071600
vn 0.063700 0.025900 -0.997600
vn -0.950600 0.198700 0.238500
vn -0.446000 0.006700 -0.895000
vn -0.976200 0.199400 -0.085400
vn -0.074800 0.034000 0.996600
vn 0.954200 0.162500 -0.251200
vn 0.465900 -0.007100 0.884800
vn -0.767500 -0.244700 -0.592500
vn -0.856800 0.029200 -0.514800
vn -0.398700 -0.733500 -0.550500
vn 0.151900 0.652300 -0.742500
vn -0.098100 0.372700 -0.922800
vn -0.070000 0.392700 -0.917000
vn -0.883000 -0.101700 -0.458300
vn -0.538700 0.786300 -0.302300
vn -0.981400 -0.164000 0.099200
vn -0.179500 0.316400 -0.931400
vn -0.198300 -0.283900 -0.938100
vn 0.521500 -0.240000 -0.818800
vn 0.473500 0.777200 0.414500
vn 0.533000 0.781600 -0.324000
vn 0.981400 -0.187900 -0.039600
vn -0.811000 -0.037900 -0.583800
vn -0.670100 0.385900 -0.634100
vn 0.794400 -0.122000 -0.594900
vn -0.303000 0.942400 -0.141700
vn -0.013400 0.830900 0.556200
vn -0.741700 0.347900 0.573400
vn 0.804900 -0.188100 0.562700
vn 0.682900 0.649900 -0.333700
vn 0.200400 0.692500 -0.693000
vn -0.036300 0.409200 0.911700
vn -0.588100 0.511500 0.626500
vn -0.873800 0.123500 0.470300
vn 0.628000 -0.185400 0.755800
vn 0.070200 -0.703400 0.707300
vn 0.792300 -0.602100 0.098300
vn 0.221600 0.412500 0.883600
vn 0.677500 0.042500 0.734200
vn 0.948500 0.087400 0.304600
vn 0.631500 0.631300 0.450100
vn 0.561700 -0.368400 -0.740800
vn 0.924300 -0.255700 -0.283300
vn 0.936600 -0.350300 -0.009900
vn 0.944700 -0.257500 0.202800
vn 0.793300 -0.379100 -0.476300
vn 0.145400 -0.491100 0.858900
vn 0.089800 0.649100 0.755300
vn 0.330500 0.911800 -0.243700
vn 0.406500 0.581600 -0.704600
vn 0.909200 0.318300 0.268200
vn 0.981100 -0.038300 0.189300
vn 0.799800 -0.158400 0.578900
vn 0.691500 -0.289800 0.661600
vn -0.180600 -0.520100 -0.834800
vn 0.786600 0.367400 0.496200
vn 0.201100 -0.258000 0.945000
vn 0.151600 -0.353500 0.923000
vn 0.664100 -0.238300 0.708600
vn 0.180100 -0.418100 0.890300
vn -0.341700 -0.207200 0.916700
vn -0.386200 0.059400 0.920500
vn 0.974200 0.219400 0.051600
vn 0.960600 0.033200 -0.275800
vn 0.532200 0.486000 -0.693200
vn -0.158700 0.569600 -0.806400
vn -0.060300 0.932000 -0.357500
vn 0.561500 -0.014800 -0.827300
vn -0.202000 0.043000 -0.978400
vn -0.449300 0.858500 0.246900
vn 0.088000 0.929200 0.359000
vn -0.328700 0.931400 -0.156600
vn 0.773700 0.392600 0.497100
vn -0.809500 -0.214500 -0.546500
vn 0.108100 -0.527500 -0.842600
vn -0.519600 0.155900 -0.840000
vn -0.122800 -0.583300 -0.802900
vn -0.891200 0.362600 -0.272300
vn -0.448700 0.394000 -0.802100
vn -0.944600 -0.118100 -0.306200
vn -0.810800 -0.092000 -0.578100
vn 0.873100 -0.180400 -0.452900
vn 0.643700 -0.277800 -0.713000
vn 0.559100 0.358400 -0.747600
vn -0.478000 0.763000 0.435100
vn -0.693400 0.646400 -0.318200
vn -0.792400 -0.601800 0.099200
vn -0.069900 -0.712900 0.697700
vn -0.628000 -0.185400 0.755800
vn 0.748500 -0.625700 0.219600
vn 0.951800 0.026100 0.305600
vn 0.386800 -0.657000 0.647100
vn 0.143800 0.648200 0.747700
vn 0.102100 0.608900 0.786600
vn -0.968400 -0.225600 0.106600
vn -0.819800 -0.347900 -0.454800
vn -0.931800 -0.344700 -0.113900
vn -0.806700 -0.320100 0.496700
vn -0.879600 -0.343700 0.328900
vn -0.825800 -0.010700 0.563800
vn -0.508200 -0.139200 0.849900
vn -0.379700 -0.274100 0.883500
vn 0.191800 0.065300 0.979200
vn 0.168100 -0.484400 0.858500
vn 0.770600 -0.284800 0.570100
vn 0.787000 -0.059600 0.614100
vn 0.976300 0.158800 0.146900
vn -0.696200 -0.165300 0.698500
vn -0.525100 0.085100 0.846800
vn -0.392700 0.039500 0.918800
vn -0.989800 0.062100 0.128200
vn -0.867000 0.246500 0.433100
vn -0.749800 0.504900 -0.427700
vn -0.844100 0.005900 -0.536100
vn -0.828400 0.527800 0.187300
vn 0.534400 0.844100 0.043100
vn 0.265500 0.922600 -0.279700
vn -0.501200 0.411400 0.761300
vn 0.849200 0.503200 -0.160200
vn -0.251800 0.655800 -0.711700
vn -0.072300 0.440600 -0.894800
vn -0.169800 0.594900 -0.785600
vn -0.591100 0.658700 -0.465500
vn 0.640500 0.713700 -0.283400
vn 0.073300 0.568300 -0.819500
vn 0.270300 -0.139100 0.952600
vn -0.706000 -0.178300 0.685300
vn -0.105100 0.630100 0.769400
vn -0.419400 -0.025100 -0.907400
vn -0.451000 -0.722900 -0.523400
vn 0.324200 -0.043300 -0.945000
vn 0.349300 -0.746500 -0.566300
vn -0.661200 -0.640600 -0.390400
vn -0.863200 -0.448000 -0.232500
vn 0.777100 -0.505500 0.374900
vn 0.904400 -0.418500 0.082400
vn 0.791600 -0.480800 -0.377100
vn 0.563600 -0.665500 -0.489400
vn -0.005600 -0.700900 0.713200
vn -0.117400 -0.685900 -0.718200
vn 0.201000 0.724400 -0.659400
vn -0.116500 -0.151700 0.981500
vn -0.530800 0.066300 0.844800
vn -0.719100 -0.476500 0.505700
vn -0.642700 0.749900 -0.156700
vn -0.495100 0.790800 0.359800
vn 0.743400 -0.657600 -0.121900
vn -0.776000 -0.630700 0.008300
vn 0.717200 0.490900 0.494500
vn 0.587000 0.766000 0.261800
vn 0.147100 0.816700 0.557900
vn 0.729000 -0.042100 0.683200
vn 0.519400 -0.206000 0.829300
vn -0.723000 -0.593700 0.353100
vn 0.418300 -0.867800 -0.268300
vn 0.074500 -0.826900 -0.557300
vn 0.095500 0.442900 0.891400
vn -0.955000 0.066700 -0.289100
vn -0.778600 -0.593100 -0.205000
vn -0.459100 -0.329000 0.825200
vn -0.490000 0.258400 0.832500
vn -0.543300 0.609700 0.577100
vn 0.134600 0.808400 -0.572900
vn -0.029100 0.951000 -0.307700
vn 0.236200 0.804800 0.544400
vn -0.291300 -0.755200 0.587200
vn -0.392400 -0.751600 -0.530200
vn -0.215900 -0.930200 -0.296900
vn -0.302800 -0.695000 0.652100
vn -0.435400 -0.652600 -0.620100
vn 0.084300 -0.733200 -0.674700
vn -0.246300 -0.540300 -0.804600
vn 0.467400 -0.222100 -0.855700
vn 0.345100 -0.101300 -0.933100
vn 0.000000 -0.998000 -0.062500
vn 0.462700 -0.868300 0.178800
vn 0.307900 -0.015400 -0.951300
vn 0.889300 0.026600 -0.456500
vn 0.276200 -0.656100 -0.702300
vn 0.731500 0.064200 -0.678800
vn 0.464900 0.045500 -0.884200
vn 0.391600 -0.651000 -0.650200
vn -0.557500 -0.765200 0.321800
vn -0.995400 -0.009200 0.095400
vn -0.597600 -0.779700 -0.186800
vn 0.447800 0.617700 0.646500
vn 0.804300 0.557000 0.206700
vn -0.247900 0.705400 -0.664000
vn -0.708100 -0.328800 -0.624900
vn -0.666200 -0.727100 -0.165900
vn -0.817600 -0.532700 -0.218400
vn -0.758600 -0.533400 0.374100
vn -0.722100 0.280200 -0.632500
vn -0.119300 -0.820700 0.558700
vn -0.462200 -0.846500 0.264000
vn -0.637100 -0.687000 0.349500
vn -0.752400 0.552400 -0.358800
vn 0.404300 -0.604400 0.686400
vn -0.186000 -0.653000 0.734100
vn -0.303200 -0.652000 -0.695000
vn -0.838300 0.098400 -0.536300
vn -0.614000 0.069000 -0.786200
vn 0.014300 0.950100 -0.311600
vn -0.679600 0.554200 0.480600
vn -0.598100 0.272000 0.753800
vn -0.581200 -0.326300 0.745400
vn 0.175100 -0.939500 0.294400
vn -0.284600 -0.717200 0.636000
vn -0.395000 -0.713300 -0.578900
vn 0.182600 -0.828100 0.529900
vn 0.656900 -0.717400 0.231800
vn 0.053800 -0.554100 -0.830700
vn -0.144600 -0.312300 -0.938900
vn 0.283500 -0.792000 -0.540700
vn -0.908300 -0.403200 0.111200
vn -0.944300 -0.325200 0.050400
vn -0.454500 -0.120500 -0.882500
vn -0.527000 0.139700 -0.838300
vn -0.990700 0.131700 0.032900
vn -0.978200 0.137100 -0.155600
vn 0.412700 0.176200 -0.893600
vn 0.527000 0.139700 -0.838300
vn -0.506700 -0.072800 -0.859000
vn 0.657200 0.000300 0.753700
vn 0.542400 -0.088000 0.835400
vn 0.990700 0.131700 0.032900
vn -0.235600 -0.235200 0.942900
vn -0.411300 -0.326500 0.851000
vn -0.990800 -0.049200 0.125500
vn -0.998800 -0.012100 0.046400
vn -0.424800 -0.067800 0.902700
vn 0.483700 0.200400 -0.851900
vn -0.524000 0.118600 -0.843400
vn -0.573000 0.153300 -0.805100
vn 0.640000 0.063500 0.765700
vn 0.976100 0.204000 -0.074800
vn 0.970000 0.238400 -0.048000
vn -0.452300 -0.235800 0.860100
vn -0.539100 -0.100400 -0.836200
vn 0.969000 0.048000 -0.242400
vn 0.492300 0.015900 -0.870300
vn -0.315300 0.132300 0.939700
vn 0.904300 0.181700 0.386200
vn 0.874000 0.045200 -0.483900
vn -0.961400 0.029800 0.273600
vn -0.787400 0.417000 0.454000
vn -0.210900 0.778600 0.591000
vn -0.972200 -0.150800 0.179000
vn -0.747600 0.067200 -0.660700
vn 0.366300 0.038900 -0.929700
vn 0.687200 0.707500 0.164400
vn 0.871200 0.220600 -0.438500
vn 0.265900 -0.482200 -0.834700
vn -0.704300 -0.515800 -0.487800
vn -0.420000 -0.602500 0.678700
vn 0.787600 -0.597000 -0.152300
vn 0.249600 -0.652000 0.715900
vn -0.468300 0.389600 0.793000
vn 0.243700 0.558800 0.792700
vn 0.739100 0.511100 0.438700
vn 0.950200 0.258700 -0.173600
vn -0.871700 -0.399600 -0.283500
vn -0.621300 -0.666000 -0.412700
vn 0.573800 -0.715200 -0.399000
vn -0.658300 -0.715400 0.234000
vn 0.656300 -0.620800 0.428800
vn 0.300400 0.083200 -0.950200
vn 0.924300 -0.001200 -0.381700
vn 0.967900 0.065900 -0.242500
vn 0.229900 0.549000 -0.803600
vn 0.718800 0.581000 -0.381700
vn 0.779200 0.468600 -0.416200
vn 0.771500 0.580600 0.260100
vn 0.836600 0.468200 0.284300
vn -0.840100 0.026500 -0.541700
vn -0.725900 0.149700 -0.671300
vn -0.995000 0.046600 -0.088600
vn -0.586000 0.014600 -0.810200
vn 0.439100 0.186700 -0.878800
vn -0.791300 0.466700 0.395000
vn -0.845000 0.467100 -0.260400
vn 0.922500 0.023700 0.385200
vn 0.999400 -0.029300 0.019300
vn 0.991600 -0.053900 0.117200
vn -0.418000 0.501800 -0.757200
vn -0.289100 0.500800 0.815800
vn -0.312000 0.393000 0.864900
vn 0.380300 0.437000 0.815100
vn 0.357800 0.548000 0.756100
vn 0.416600 0.053000 0.907500
vn -0.656800 -0.056800 0.751900
vn 0.675800 -0.714500 0.180700
vn -0.834900 0.362200 0.414400
vn 0.242600 0.437900 -0.865700
vn -0.990300 -0.020600 0.137200
vn -0.714000 0.137500 0.686500
vn -0.989800 -0.142300 -0.005600
vn 0.459000 0.216100 -0.861700
vn 0.946000 0.035800 -0.322000
vn 0.402000 -0.003900 -0.915600
vn -0.762000 -0.036300 -0.646500
vn 0.930000 -0.130600 -0.343500
vn 0.504200 -0.112200 -0.856300
vn 0.904000 -0.066700 0.422100
vn 0.997700 0.020500 0.065200
vn 0.892500 -0.284300 0.350100
vn -0.113900 -0.988400 -0.100400
vn 0.276500 -0.277300 0.920100
vn -0.951400 -0.289500 0.105100
vn 0.028500 -0.556700 -0.830200
vn -0.658100 0.459300 0.596500
vn 0.604000 0.374700 0.703400
vn -0.884400 -0.371300 -0.282900
vn 0.424100 -0.844600 -0.326600
vn 0.137800 -0.335800 -0.931800
vn -0.922200 -0.368600 0.116400
vn -0.379000 -0.909000 0.173300
vn 0.888700 0.024000 0.457800
vn 0.993200 -0.065600 0.095700
vn 0.385300 -0.051900 0.921300
vn -0.742500 -0.506500 0.438400
vn -0.960300 -0.104800 0.258400
vn -0.666800 -0.139900 0.732000
vn -0.996500 -0.043200 0.072000
vn 0.415000 -0.371100 0.830700
vn 0.559100 -0.805600 0.195600
vn -0.570600 -0.678600 0.462400
vn 0.943800 -0.158300 0.290000
vn 0.463400 -0.093200 0.881200
vn 0.614100 -0.758000 0.219800
vn -0.630300 -0.221400 0.744100
vn -0.750100 -0.658900 -0.056900
vn 0.557800 0.213400 -0.802100
vn -0.483000 0.202500 -0.851900
vn -0.975400 0.208100 -0.071800
vn -0.969900 0.238900 -0.047400
vn -0.297100 0.633900 0.714100
vn -0.729200 0.590400 0.345900
vn -0.539400 -0.016100 -0.841900
vn 0.158600 0.143900 -0.976800
vn 0.288200 -0.668300 -0.685800
vn -0.265700 -0.769900 0.580200
vn -0.301200 -0.587900 0.750800
vn 0.285100 -0.664100 0.691100
vn 0.851700 0.246100 -0.462500
vn 0.711800 -0.620200 -0.329700
vn 0.632000 0.738900 0.233700
vn 0.266700 0.695400 0.667300
vn 0.296400 0.388500 0.872500
vn 0.585600 0.739400 -0.332100
vn 0.753900 -0.629700 0.186900
vn 0.873500 0.290800 0.390300
vn 0.362600 0.016100 0.931800
vn -0.775700 0.590900 -0.221400
vn 0.154600 0.696700 -0.700500
vn 0.384900 -0.710000 0.589700
vn -0.363700 -0.106000 0.925400
vn -0.409300 0.635200 -0.655000
vn -0.885400 -0.083100 0.457300
vn -0.532900 -0.790800 0.301200
vn -0.943500 -0.121300 -0.308300
vn -0.235800 -0.726300 -0.645600
vn 0.070600 0.948100 0.310100
vn -0.462900 0.063600 0.884100
vn -0.253300 0.727400 0.637700
vn 0.420100 0.634800 -0.648400
vn 0.243600 0.651000 -0.718900
vn 0.278900 -0.744900 -0.606100
vn -0.342000 0.664100 -0.664800
vn 0.717400 -0.055100 -0.694400
vn 0.598200 -0.716800 -0.358200
vn -0.426100 -0.640800 -0.638600
vn 0.507500 -0.027600 -0.861200
vn -0.717400 -0.055100 -0.694400
vn 0.027300 0.949000 0.314000
vn 0.420000 -0.602500 0.678700
vn -0.249600 -0.652000 0.715900
vn -0.787600 -0.597000 -0.152300
vn -0.841900 -0.060300 -0.536200
vn -0.731500 -0.064200 0.678800
vn -0.391600 0.651000 0.650200
vn -0.086000 0.597600 0.797100
vn -0.516300 -0.215900 0.828700
vn -0.874800 0.039400 0.482900
vn 0.684700 0.017700 0.728500
vn 0.739300 -0.569300 -0.359400
vn 0.591500 -0.756600 -0.278700
vn 0.788000 -0.569800 0.233400
vn 0.143200 -0.662500 -0.735200
vn 0.395000 0.713300 0.578900
vn 0.841900 0.060300 0.536200
vn 0.616700 0.040100 0.786100
vn 0.908300 -0.403200 0.111200
vn 0.933000 -0.353400 0.068300
vn 0.235600 -0.235200 0.942900
vn -0.932000 -0.362400 0.006200
vn -0.625900 -0.044700 0.778600
vn -0.542400 -0.088000 0.835400
vn 0.506700 -0.072800 -0.859000
vn 0.468900 -0.105400 -0.876900
vn 0.427000 -0.069500 0.901500
vn 0.319200 0.134200 0.938100
vn 0.973800 -0.148200 0.172500
vn -0.412700 0.176200 -0.893600
vn -0.657200 0.000300 0.753700
vn 0.411300 -0.326500 0.851000
vn 0.990900 -0.049400 0.124800
vn 0.452100 -0.235500 0.860300
vn 0.573200 0.152700 -0.805000
vn 0.524400 0.116200 -0.843500
vn -0.637400 0.064500 0.767800
vn 0.998900 -0.016000 0.043800
vn 0.534800 -0.100800 -0.838900
vn -0.495700 0.016800 -0.868300
vn -0.972200 0.045200 -0.229600
vn -0.901900 0.177600 0.393800
vn -0.874800 0.041900 -0.482700
vn 0.961800 0.033500 0.271800
vn 0.211300 0.778600 0.590800
vn 0.748100 0.071700 -0.659700
vn -0.365200 0.036500 -0.930200
vn -0.871500 0.220300 -0.438200
vn -0.687400 0.707300 0.165200
vn 0.704800 -0.515200 -0.487700
vn -0.265500 -0.482300 -0.834800
vn 0.658500 -0.715300 0.233800
vn -0.243700 0.558800 0.792700
vn 0.468300 0.389600 0.793000
vn -0.950200 0.258700 -0.173600
vn -0.739100 0.511100 0.438700
vn -0.573800 -0.715200 -0.399000
vn 0.787800 0.416900 0.453400
vn -0.656300 -0.620800 0.428800
vn 0.932000 -0.362400 0.006200
vn -0.557600 0.213800 -0.802100
vn 0.460700 -0.121000 0.879300
vn -0.326500 -0.224400 0.918100
vn 0.978200 0.137100 -0.155600
vn 0.035500 -0.291100 0.956000
vn 0.985200 0.170400 0.015700
vn 0.500200 0.164700 -0.850100
vn -0.687500 -0.662600 0.297100
vn -0.035500 -0.291100 0.956000
vn -0.985200 0.170400 0.015700
vn 0.815900 -0.540100 0.206200
vn 0.968300 0.051300 0.244300
vn 0.904500 0.027000 -0.425500
vn -0.484300 -0.197000 -0.852400
vn -0.938800 -0.199100 -0.281100
vn -0.874800 -0.219700 0.431700
vn -0.813000 0.095000 -0.574400
vn -0.375300 0.451300 -0.809600
vn -0.474500 0.001600 -0.880200
vn -0.820400 0.503400 -0.271000
vn 0.874700 0.039300 0.483000
vn -0.684700 0.017800 0.728600
vn 0.500100 -0.865700 -0.020000
vn -0.537400 -0.843100 -0.019000
vn -0.281000 -0.699900 -0.656600
vn 0.261800 -0.710300 0.653400
vn 0.558600 -0.757300 -0.338100
vn 0.127800 -0.708800 -0.693700
vn 0.280600 -0.091300 -0.955400
vn 0.755400 -0.613600 0.229600
vn 0.862200 -0.420700 0.282200
vn 0.807600 -0.354300 -0.471400
vn 0.118600 -0.937500 -0.327200
vn 0.716100 -0.055600 0.695800
vn -0.352200 -0.055400 0.934200
vn -0.507200 -0.861800 0.009300
vn -0.300900 -0.076600 0.950600
vn 0.187300 0.390000 -0.901500
vn -0.915900 -0.142600 0.375100
vn -0.982700 -0.088600 0.162600
vn 0.916200 0.007300 -0.400700
vn 0.957600 -0.048700 0.283900
vn -0.956000 -0.184000 -0.228600
vn 0.562300 -0.076700 0.823300
vn 0.335200 0.115000 0.935100
vn -0.375000 -0.768600 -0.518200
vn 0.525800 0.461100 0.714800
vn 0.622500 0.540400 0.566100
vn 0.502100 -0.654900 0.564700
vn 0.332700 -0.783600 0.524600
vn 0.628900 -0.756900 0.177600
vn -0.509500 -0.051300 -0.858900
vn -0.956900 0.072900 -0.280900
vn -0.976900 0.011800 -0.213400
vn -0.605200 0.643200 -0.469100
vn -0.331400 0.379500 -0.863800
vn -0.576000 -0.788000 -0.217400
vn 0.759100 0.006400 -0.651000
vn -0.443300 -0.586300 -0.678000
vn -0.292100 -0.642200 0.708600
vn -0.680400 -0.071300 -0.729300
vn -0.367300 -0.042500 0.929100
vn -0.364800 -0.772300 0.520000
vn 0.098600 -0.817400 0.567500
vn 0.528400 -0.777800 0.340300
vn 0.198000 -0.158800 0.967200
vn -0.417800 -0.254500 0.872200
vn 0.583300 -0.360800 0.727700
vn 0.941100 0.234800 0.243300
vn 0.841500 -0.332700 0.425800
vn 0.742000 0.442700 0.503300
vn 0.182000 0.506600 0.842700
vn 0.242800 -0.782800 -0.572900
vn 0.287000 -0.603400 -0.744000
vn -0.200500 0.815700 -0.542500
vn -0.696700 0.090900 0.711600
vn -0.159600 -0.932200 0.324800
vn 0.253300 -0.727400 -0.637700
vn 0.754800 -0.346400 -0.557000
vn -0.031400 -0.858500 -0.511800
vn 0.199400 -0.735000 -0.648100
vn 0.744500 0.370500 -0.555300
vn -0.893700 0.412500 -0.176500
vn -0.292900 0.855700 -0.426600
vn -0.873600 -0.151300 -0.462500
vn -0.800000 -0.507300 -0.320300
vn -0.414900 0.766000 -0.491000
vn -0.984000 -0.137900 0.112600
vn 0.911000 -0.331800 0.244800
vn -0.317800 0.022600 -0.947900
vn 0.484500 -0.678500 0.552100
vn 0.753200 0.511100 -0.414000
vn -0.947300 0.023900 0.319300
vn -0.478800 -0.146100 -0.865700
vn 0.824400 -0.086800 -0.559300
vn 0.696000 0.049600 0.716300
vn -0.535800 -0.062000 -0.842000
vn -0.850800 0.228500 0.473100
vn -0.858700 0.321600 0.399000
vn 0.387800 0.216800 0.895800
vn 0.875500 -0.343900 -0.339400
vn 0.394100 0.107300 0.912700
vn 0.882300 -0.219600 -0.416300
vn -0.208900 -0.819900 -0.532900
vn -0.685600 -0.686500 -0.242000
vn 0.739400 -0.151600 0.655900
vn 0.063100 -0.585000 -0.808600
vn 0.809400 -0.103800 -0.578000
vn 0.584900 -0.184500 -0.789800
vn -0.620800 0.625800 0.472100
vn -0.722300 -0.042200 0.690300
vn 0.868100 -0.157500 -0.470700
vn 0.313600 0.377400 -0.871300
vn -0.586200 -0.180300 -0.789800
vn 0.002600 0.100100 0.995000
vn -0.214200 0.727900 -0.651300
vn -0.210400 0.693000 -0.689500
vn -0.371600 0.064300 0.926100
vn 0.893500 -0.185000 0.409200
vn 0.545600 -0.771000 0.328300
vn 0.359100 0.067300 0.930800
vn -0.893600 -0.185500 0.408700
vn 0.158500 -0.852600 0.497900
vn 0.396300 0.074400 -0.915100
vn -0.875800 -0.183300 -0.446500
vn -0.410500 0.076400 -0.908600
vn -0.132100 -0.855700 -0.500300
vn 0.153100 -0.852000 -0.500500
vn -0.135800 -0.856300 0.498200
vn -0.785500 -0.587600 -0.193800
vn 0.544300 0.651400 0.528500
vn 0.269400 -0.589900 0.761200
vn 0.414800 0.027300 0.909500
vn -0.129200 -0.527500 0.839600
vn -0.924200 -0.338600 -0.176500
vn -0.467900 -0.757500 -0.455200
vn -0.195800 -0.864000 -0.463800
vn -0.908200 0.401100 -0.119500
vn 0.778200 0.395600 -0.487700
vn 0.659800 -0.161200 -0.733900
vn 0.144900 0.864100 -0.481900
vn 0.600700 -0.545400 -0.584500
vn 0.953100 -0.158000 -0.258000
vn 0.200400 0.770100 -0.605600
vn 0.992300 0.123500 0.006600
vn -0.048600 0.095500 -0.994200
vn -0.283300 -0.693400 0.662500
vn -0.857200 0.508000 -0.083800
vn 0.915500 0.355900 0.187400
vn 0.301600 -0.030600 -0.952900
vn -0.357100 -0.115100 0.926900
vn -0.972600 -0.120500 -0.198800
vn 0.934500 0.196200 0.296900
vn 0.372100 -0.037400 -0.927400
vn -0.145200 0.144000 0.978900
vn -0.900800 -0.387100 -0.196700
vn -0.217300 0.081800 0.972700
vn -0.944500 -0.188400 -0.269200
vn 0.670800 -0.581700 -0.460000
vn 0.428000 -0.323000 0.844100
vn 0.842500 0.324900 -0.429700
vn -0.249500 -0.092300 0.963900
vn -0.903300 0.065100 0.423900
vn 0.309100 -0.201600 -0.929400
vn 0.458800 -0.016600 0.888400
vn -0.031800 -0.899000 0.436900
vn 0.128300 -0.970400 -0.204700
vn 0.998500 -0.024200 -0.048100
vn 0.579400 -0.343100 -0.739300
vn -0.728300 0.094500 0.678700
vn 0.543500 0.376900 -0.750000
vn 0.699700 0.062100 -0.711700
vn 0.816600 0.057900 0.574200
vn 0.359400 -0.769300 0.528200
vn 0.585900 0.573600 -0.572400
vn -0.908200 0.020400 0.418100
vn 0.748000 0.557800 -0.359600
vn 0.492900 -0.811300 -0.314400
vn 0.866500 -0.160700 -0.472600
vn 0.948800 -0.123200 0.290700
vn 0.978200 0.022800 0.206200
vn -0.436000 0.217600 -0.873200
vn -0.596800 0.239100 -0.765900
vn -0.992000 0.108500 -0.064700
vn -0.346800 0.561500 -0.751200
vn -0.750800 0.502800 0.428400
vn -0.686300 0.612300 0.392400
vn 0.682100 -0.078400 -0.727000
vn 0.973900 -0.222600 0.043500
vn 0.963800 0.004000 -0.266400
vn -0.409000 0.088200 -0.908200
vn 0.868900 0.430600 0.244300
vn 0.910700 0.324200 0.256000
vn -0.948300 0.101200 0.300800
vn -0.979900 0.013700 0.198900
vn -0.836200 0.062000 0.544800
vn 0.803700 0.431200 -0.410000
vn -0.208200 0.449800 0.868500
vn 0.479200 0.375800 0.793100
vn 0.452600 0.484700 0.748500
vn -0.192000 0.560000 0.806000
vn -0.243900 0.067400 0.967400
vn -0.662500 -0.685400 0.302200
vn 0.778300 -0.088000 0.621700
vn -0.967900 0.112500 -0.224500
vn 0.296200 0.486300 -0.822000
vn 0.836000 0.102900 0.538900
vn 0.997000 -0.063800 -0.043200
vn 0.599000 0.120900 -0.791500
vn 0.965500 -0.184900 -0.183100
vn -0.986100 0.077800 -0.146600
vn -0.560000 0.017000 -0.828300
vn -0.654400 -0.087000 -0.751100
vn -0.981400 -0.089100 -0.170000
vn -0.967800 0.063300 0.243600
vn -0.815400 -0.029300 0.578200
vn -0.118100 -0.268700 0.955900
vn 0.051200 -0.992000 -0.115400
vn -0.826300 -0.247000 0.506100
vn 0.941300 -0.330700 -0.066600
vn -0.201500 -0.551700 -0.809400
vn -0.512000 -0.824200 -0.241700
vn -0.450800 0.397700 0.799100
vn 0.773900 0.428200 0.466600
vn 0.802100 -0.408000 -0.436000
vn 0.698400 -0.690400 -0.188300
vn 0.364400 -0.925200 0.105900
vn 0.911400 -0.408500 -0.049900
vn -0.961700 -0.023100 0.273100
vn -0.789900 0.060500 0.610200
vn -0.215100 -0.038800 0.975800
vn 0.786600 -0.539800 0.299600
vn 0.780900 -0.171400 0.600600
vn 0.985700 -0.147100 0.081800
vn -0.274400 -0.356100 0.893200
vn -0.549000 -0.781500 0.296200
vn 0.614700 -0.704400 0.354800
vn 0.743700 -0.251200 0.619400
vn 0.990400 -0.086400 -0.108200
vn -0.325600 0.153900 -0.932900
vn 0.377900 -0.036400 -0.925100
vn -0.909900 0.285500 -0.300900
vn -0.112100 0.703600 0.701600
vn -0.547100 0.764500 0.340700
vn -0.882100 -0.118600 0.455800
vn -0.596700 -0.731600 0.329700
vn -0.603300 0.765300 -0.224300
vn -0.734500 -0.597400 0.322000
vn -0.188300 0.030900 0.981600
vn -0.750100 0.612900 -0.248400
vn 0.209300 -0.766400 0.607200
vn 0.519200 -0.125400 0.845400
vn 0.311800 0.619500 -0.720400
vn 0.543700 -0.814200 0.203400
vn -0.099400 0.812100 0.574900
vn -0.683200 0.036600 -0.729300
vn 0.930100 0.031800 -0.365800
vn 0.507200 -0.861800 0.009300
vn 0.914000 0.043500 -0.403300
vn 0.000000 -0.990500 0.137400
vn -0.716100 -0.055600 0.695800
vn -0.550600 -0.654400 0.518100
vn 0.450200 0.636000 -0.626700
vn 0.961000 0.185300 -0.205100
vn -0.451700 -0.075300 -0.889000
vn -0.642500 -0.731200 -0.229100
vn 0.728300 -0.094500 -0.678700
vn 0.530000 0.630900 0.566500
vn -0.765800 0.338400 0.546700
vn -0.599000 -0.754600 0.267900
vn 0.168000 -0.303000 0.938000
vn 0.190000 -0.853400 0.485300
vn -0.513900 -0.538500 0.667800
vn -0.530000 -0.630900 -0.566500
vn -0.499200 -0.846200 -0.186400
vn -0.291700 -0.000300 0.956500
vn 0.611700 -0.168700 0.772900
vn -0.946300 0.189300 -0.261900
vn 0.862100 -0.457200 0.218400
vn 0.797200 -0.483900 -0.360900
vn -0.167300 0.174400 0.970300
vn -0.379600 0.091100 0.920700
vn 0.702700 -0.625300 -0.339400
vn -0.170400 -0.700900 0.692600
vn -0.879200 0.065900 0.471700
vn 0.534300 -0.097800 -0.839600
vn 0.625800 -0.044400 0.778700
vn 0.683100 0.036700 -0.729300
vn 0.537300 -0.843300 0.008300
vn -0.507600 -0.027500 -0.861100
vn -0.608000 -0.296400 -0.736500
vn -0.500100 -0.865700 -0.020000
vn 0.537400 -0.843100 -0.019000
vn -0.001900 0.210200 -0.977600
vn 0.352400 -0.055200 0.934200
vn 0.721400 -0.556600 0.411900
vn -0.005400 -0.850500 0.526000
vn -0.930100 0.031700 -0.365900
vn 0.257800 -0.765700 -0.589200
vn -0.537300 -0.843300 0.008300
vn -0.893800 -0.379300 0.239200
vn -0.420100 -0.634900 0.648400
vn -0.815000 -0.411800 0.407700
vn 0.695400 -0.072900 -0.714900
vn 0.363200 -0.731300 0.577300
vn -0.129500 -0.759100 0.638000
vn 0.592700 -0.275500 0.756800
vn -0.620500 -0.727600 0.292400
vn 0.631000 -0.066600 -0.772900
vn -0.502100 0.654900 -0.564700
vn -0.363200 0.731300 -0.577300
vn 0.838300 -0.098400 0.536300
vn 0.288700 -0.351400 -0.890600
vn 0.284600 0.717200 -0.636000
vn -0.858800 0.207700 0.468200
s off
f 774/1/1 773/2/1 777/3/1
f 306/4/2 304/5/2 302/6/2
f 507/7/3 499/8/3 505/9/3
f 307/10/4 299/11/4 305/12/4
f 650/13/5 654/14/5 646/15/5
f 767/16/6 766/1/6 544/17/6
f 146/18/7 145/19/7 764/20/7
f 762/21/8 154/22/8 760/23/8
f 149/24/9 759/25/9 761/26/9
f 647/27/10 645/28/10 643/29/10
f 443/30/3 441/31/3 439/32/3
f 312/33/2 313/34/2 319/35/2
f 665/36/5 662/37/5 656/33/5
f 655/38/10 661/39/10 666/40/10
f 656/33/5 662/37/5 663/35/5
f 500/41/11 501/42/11 499/43/11
f 306/4/2 302/6/2 308/44/2
f 664/35/10 661/39/10 655/38/10
f 776/45/1 774/1/1 777/3/1
f 307/10/4 309/46/4 299/11/4
f 443/47/12 433/48/12 432/49/12
f 311/38/4 316/50/4 322/40/4
f 443/30/3 439/32/3 435/51/3
f 766/1/13 774/1/13 776/45/13
f 145/19/14 154/52/14 762/53/14
f 148/54/15 761/26/15 760/23/15
f 434/55/16 432/49/16 435/56/16
f 498/57/17 499/43/17 497/58/17
f 442/59/18 432/60/18 444/61/18
f 434/62/19 447/63/19 444/61/19
f 434/62/20 436/64/20 447/63/20
f 302/6/2 300/65/2 310/66/2
f 435/56/21 437/67/21 436/68/21
f 759/25/22 763/69/22 771/69/22
f 506/70/23 508/71/23 496/72/23
f 508/71/24 511/73/24 498/74/24
f 498/74/25 511/73/25 500/75/25
f 562/23/26 691/25/26 771/69/26
f 442/76/12 443/47/12 432/49/12
f 544/17/27 766/1/27 768/45/27
f 435/51/3 433/77/3 443/30/3
f 541/78/28 768/45/28 770/79/28
f 765/2/29 767/16/29 543/80/29
f 769/3/30 765/2/30 549/81/30
f 310/66/2 308/44/2 302/6/2
f 643/29/10 649/82/10 647/27/10
f 314/83/4 311/38/4 320/35/4
f 432/49/16 433/48/16 435/56/16
f 437/67/31 439/84/31 438/85/31
f 502/86/32 503/87/32 501/42/32
f 311/38/4 317/39/4 320/35/4
f 506/88/33 496/89/33 497/58/33
f 503/90/3 505/9/3 499/8/3
f 691/25/34 562/91/34 406/26/34
f 540/92/35 770/79/35 769/93/35
f 2/94/36 68/95/36 3/96/36
f 762/21/37 760/23/37 217/21/37
f 303/97/4 305/12/4 299/11/4
f 654/14/5 644/98/5 646/15/5
f 768/45/13 766/1/13 776/45/13
f 760/23/37 562/23/37 217/21/37
f 767/16/38 765/2/38 773/2/38
f 768/45/39 776/45/39 778/79/39
f 761/26/40 406/26/40 562/23/40
f 763/69/41 764/20/41 772/20/41
f 217/53/42 771/99/42 772/20/42
f 773/2/43 774/100/43 775/16/43
f 776/45/44 777/101/44 778/79/44
f 764/20/45 762/53/45 217/53/45
f 759/25/46 691/25/46 406/26/46
f 770/79/47 778/79/47 777/93/47
f 766/1/48 767/16/48 775/16/48
f 504/102/49 506/88/49 507/103/49
f 658/83/10 664/35/10 655/38/10
f 439/32/3 437/104/3 435/51/3
f 541/78/50 544/17/50 768/45/50
f 543/80/51 767/16/51 544/17/51
f 763/69/52 146/18/52 764/20/52
f 148/54/53 149/24/53 761/26/53
f 759/25/54 149/24/54 763/69/54
f 657/34/5 656/33/5 663/35/5
f 643/29/10 653/105/10 651/106/10
f 217/21/55 562/23/55 771/69/55
f 650/13/5 652/107/5 654/14/5
f 499/8/56 501/108/56 503/90/56
f 498/57/57 500/41/57 499/43/57
f 317/39/4 311/38/4 322/40/4
f 441/109/58 443/47/58 442/76/58
f 764/20/59 145/19/59 762/53/59
f 154/22/60 148/54/60 760/23/60
f 315/50/2 312/33/2 321/36/2
f 691/25/22 759/25/22 771/69/22
f 432/60/61 434/62/61 444/61/61
f 505/110/49 504/102/49 507/103/49
f 318/37/2 312/33/2 319/35/2
f 496/72/62 508/71/62 498/74/62
f 500/41/63 502/86/63 501/42/63
f 651/106/10 649/82/10 643/29/10
f 496/89/17 498/57/17 497/58/17
f 540/92/64 541/78/64 770/79/64
f 549/81/65 765/2/65 543/80/65
f 149/24/54 146/18/54 763/69/54
f 507/103/33 506/88/33 497/58/33
f 436/68/31 437/67/31 438/85/31
f 312/33/2 318/37/2 321/36/2
f 660/50/10 655/38/10 666/40/10
f 659/50/5 665/36/5 656/33/5
f 646/15/5 648/111/5 650/13/5
f 2/94/66 10/112/66 6/113/66
f 440/114/58 441/109/58 442/76/58
f 549/115/67 540/92/67 769/93/67
f 6/113/68 68/95/68 2/94/68
f 11/116/69 3/96/69 7/117/69
f 7/117/70 3/96/70 68/95/70
f 765/2/71 769/3/71 773/2/71
f 299/11/4 301/118/4 303/97/4
f 507/7/3 497/119/3 499/8/3
f 775/16/72 767/16/72 773/2/72
f 770/79/73 768/45/73 778/79/73
f 760/23/74 761/26/74 562/23/74
f 771/69/75 763/69/75 772/20/75
f 434/55/21 435/56/21 436/68/21
f 772/20/76 764/20/76 217/53/76
f 761/26/77 759/25/77 406/26/77
f 769/93/78 770/79/78 777/93/78
f 774/1/79 766/1/79 775/16/79
f 769/3/71 777/3/71 773/2/71
s 1
f 12/120/80 417/121/81 420/122/82
f 5/123/83 121/124/84 43/125/85
f 114/126/86 63/127/87 115/128/88
f 69/129/89 83/130/90 45/131/91
f 30/132/92 29/133/93 112/134/94
f 12/120/80 14/135/95 13/136/96
f 29/133/93 111/137/97 112/134/94
f 129/138/98 130/139/99 72/140/100
f 30/141/92 112/142/94 113/143/101
f 29/144/93 468/145/102 470/146/103
f 7/147/104 18/148/105 17/149/106
f 40/150/107 37/151/108 38/152/109
f 6/153/110 10/154/111 22/155/112
f 30/156/92 469/157/113 468/145/102
f 45/131/91 49/158/114 52/159/115
f 50/160/116 46/161/117 47/162/118
f 46/161/117 84/163/119 70/164/120
f 131/165/121 34/166/122 35/167/123
f 56/168/124 50/160/116 52/169/115
f 428/170/125 56/168/124 58/171/126
f 83/130/90 89/172/127 49/158/114
f 426/173/128 421/174/129 422/175/130
f 431/176/131 101/177/132 426/173/128
f 430/178/133 427/179/134 101/177/132
f 48/180/135 56/168/124 57/181/136
f 61/182/137 108/183/138 103/184/139
f 49/158/114 55/185/140 57/186/136
f 89/172/127 87/187/141 55/185/140
f 106/188/142 104/189/143 105/190/144
f 105/190/144 104/189/143 103/191/139
f 55/185/140 87/187/141 108/183/138
f 56/168/124 48/180/135 51/192/145
f 57/186/136 55/185/140 61/182/137
f 85/193/146 83/130/90 69/129/89
f 82/194/147 77/195/148 73/196/149
f 258/197/150 265/198/151 382/199/152
f 47/162/118 46/161/117 35/200/123
f 480/201/153 73/202/149 486/203/154
f 9/204/155 5/123/83 26/205/156
f 64/206/157 63/207/87 476/208/158
f 76/209/159 74/210/160 78/211/161
f 394/212/162 386/213/163 393/214/164
f 30/156/92 33/215/165 471/216/166
f 94/217/167 91/218/168 85/193/146
f 88/219/169 86/220/170 92/221/171
f 86/220/170 72/140/100 70/164/120
f 35/167/123 34/166/122 45/131/91
f 94/222/167 92/221/171 99/223/172
f 99/223/172 429/224/173 102/225/174
f 91/218/168 89/172/127 83/130/90
f 747/226/175 746/227/176 96/228/177
f 424/229/178 426/173/128 54/230/179
f 97/231/180 92/221/171 86/220/170
f 427/179/134 425/232/181 744/233/182
f 100/234/183 99/223/172 90/235/184
f 109/236/185 105/237/144 103/184/139
f 100/238/183 98/239/186 91/218/168
f 98/239/186 87/187/141 89/172/127
f 110/240/187 90/235/184 106/188/142
f 110/241/187 105/237/144 109/236/185
f 105/190/144 110/240/187 106/188/142
f 58/171/126 101/177/132 431/176/131
f 60/242/188 59/243/189 104/189/143
f 59/243/189 103/244/139 104/189/143
f 98/239/186 109/236/185 108/183/138
f 93/245/190 90/235/184 99/223/172
f 59/243/189 60/242/188 62/246/191
f 100/238/183 110/241/187 109/236/185
f 72/247/100 88/248/169 85/193/146
f 88/219/169 72/140/100 86/220/170
f 8/249/192 125/250/193 121/124/84
f 126/251/194 129/252/98 71/253/195
f 125/250/193 126/251/194 71/253/195
f 27/254/196 26/205/156 124/255/197
f 121/124/84 125/250/193 71/253/195
f 124/255/197 43/125/85 34/166/122
f 113/143/101 2/256/198 33/257/165
f 116/258/199 64/259/157 67/260/200
f 122/261/201 114/126/86 4/262/202
f 111/137/97 123/263/203 1/264/204
f 12/120/80 120/265/205 15/266/206
f 63/127/87 114/126/86 122/261/201
f 118/267/207 23/268/208 22/155/112
f 24/269/209 119/270/210 9/204/155
f 120/265/205 12/120/80 4/262/202
f 8/249/192 13/136/96 126/251/194
f 75/271/211 82/194/147 758/272/212
f 29/133/93 31/273/213 123/263/203
f 3/274/214 11/275/215 117/276/216
f 2/256/198 113/143/101 118/267/207
f 117/276/216 11/275/215 17/149/106
f 5/123/83 8/249/192 121/124/84
f 5/123/83 43/125/85 124/255/197
f 20/277/217 129/252/98 126/251/194
f 131/165/121 27/254/196 124/255/197
f 121/124/84 69/129/89 34/166/122
f 19/278/218 130/139/99 129/138/98
f 23/268/208 118/267/207 128/279/219
f 15/266/206 120/265/205 127/280/220
f 127/280/220 120/265/205 114/126/86
f 117/276/216 127/281/220 115/282/88
f 112/142/94 128/279/219 118/267/207
f 111/137/97 119/270/210 128/283/219
f 21/284/221 28/285/222 132/286/223
f 125/250/193 8/249/192 126/251/194
f 131/287/121 132/286/223 28/285/222
f 34/166/122 131/165/121 124/255/197
f 26/205/156 5/123/83 124/255/197
f 130/139/99 19/278/218 18/148/105
f 37/288/108 473/289/224 474/290/225
f 20/291/217 13/292/96 14/293/95
f 679/294/226 699/295/227 697/296/228
f 68/297/229 6/153/110 132/286/223
f 70/164/120 132/286/223 35/200/123
f 70/164/120 72/140/100 130/139/99
f 68/297/229 70/164/120 130/139/99
f 755/298/230 680/299/231 679/300/226
f 548/301/232 547/302/233 544/303/234
f 322/304/235 316/305/236 321/306/237
f 663/307/238 664/308/239 658/309/240
f 621/310/241 615/311/242 613/312/243
f 141/313/244 144/314/245 378/315/246
f 717/316/247 76/209/159 75/317/211
f 679/294/226 680/318/231 693/319/248
f 388/320/249 387/321/250 396/322/251
f 299/323/252 311/324/253 301/325/254
f 133/326/255 154/327/256 136/328/257
f 638/329/258 640/330/259 630/331/260
f 136/328/257 154/327/256 139/332/261
f 694/333/262 689/334/263 688/335/264
f 139/332/261 154/327/256 142/336/265
f 407/337/266 408/338/267 708/339/268
f 142/336/265 154/327/256 145/340/269
f 402/341/270 714/342/271 401/343/272
f 643/323/273 655/324/274 660/305/275
f 148/344/276 154/327/256 151/345/277
f 714/346/271 407/337/266 708/339/268
f 151/345/277 154/327/256 155/347/278
f 313/348/279 304/349/280 303/325/281
f 693/350/248 692/351/282 701/352/283
f 536/353/284 535/354/285 532/355/286
f 155/347/278 154/327/256 133/326/255
f 158/356/287 159/357/288 164/358/289
f 330/359/290 332/360/291 327/361/292
f 160/362/293 165/363/294 169/364/295
f 161/365/296 166/366/297 167/367/298
f 163/368/299 168/369/300 166/366/297
f 170/370/301 176/371/302 180/372/303
f 177/373/304 181/374/305 175/375/306
f 178/376/307 179/377/308 173/378/309
f 174/379/310 180/372/303 178/376/307
f 176/380/302 181/374/305 194/381/311
f 179/377/308 193/382/312 192/383/313
f 192/383/313 194/381/311 181/374/305
f 178/376/307 180/372/303 186/384/314
f 184/385/315 185/386/316 193/382/312
f 182/387/317 196/388/318 199/389/319
f 195/390/320 194/381/311 187/391/321
f 183/392/322 192/383/313 193/382/312
f 183/392/322 187/391/321 194/381/311
f 197/393/323 198/394/324 185/395/316
f 178/376/307 184/385/315 193/382/312
f 186/396/314 199/389/319 197/393/323
f 189/397/325 188/398/326 187/391/321
f 204/399/327 206/400/328 207/401/329
f 200/402/330 203/403/331 199/389/319
f 197/393/323 201/404/332 202/405/333
f 199/389/319 203/403/331 201/404/332
f 138/406/334 137/407/335 141/313/244
f 198/394/324 190/408/336 189/409/325
f 191/410/337 204/411/327 200/402/330
f 182/387/317 188/412/326 191/410/337
f 200/402/330 204/411/327 207/413/329
f 205/414/338 206/415/328 202/405/333
f 201/404/332 203/403/331 207/413/329
f 208/416/339 211/417/340 222/418/341
f 285/419/342 287/420/343 263/421/344
f 289/422/345 262/423/346 263/424/344
f 209/425/347 219/426/348 223/427/349
f 405/428/350 711/429/351 208/430/339
f 295/431/352 297/432/353 258/197/150
f 220/433/354 224/434/355 213/435/356
f 297/432/353 268/436/357 265/198/151
f 293/437/358 260/438/359 261/439/360
f 291/440/361 261/439/360 262/423/346
f 221/441/362 246/442/363 247/443/364
f 295/431/352 259/444/365 260/438/359
f 211/417/340 213/435/356 224/434/355
f 268/436/357 285/419/342 264/445/366
f 223/427/349 225/446/367 214/447/368
f 231/448/369 223/427/349 219/426/348
f 218/449/370 222/418/341 230/450/371
f 216/451/372 215/452/373 219/426/348
f 230/450/371 253/453/374 254/454/375
f 228/455/376 232/456/377 224/434/355
f 243/457/378 244/458/379 235/459/380
f 222/418/341 224/434/355 232/456/377
f 231/448/369 233/460/381 225/446/367
f 226/461/382 254/454/375 253/453/374
f 214/447/368 242/462/383 234/463/384
f 227/464/385 226/461/382 238/465/386
f 137/407/335 140/466/387 141/313/244
f 245/467/388 248/468/389 246/469/363
f 244/470/379 248/468/389 245/467/388
f 252/471/390 255/472/391 232/456/377
f 235/459/380 251/473/392 252/471/390
f 229/474/393 244/470/379 245/467/388
f 233/460/381 257/475/394 256/476/395
f 221/477/362 234/463/384 242/462/383
f 256/476/395 251/478/392 235/479/380
f 232/456/377 255/472/391 253/453/374
f 231/448/369 250/480/396 257/475/394
f 236/481/397 240/482/398 255/472/391
f 241/483/399 240/482/398 236/481/397
f 750/484/400 756/485/401 676/486/402
f 237/487/403 256/476/395 257/475/394
f 218/488/370 219/426/348 209/425/347
f 238/465/386 253/453/374 255/472/391
f 239/489/404 238/465/386 240/482/398
f 241/490/399 257/475/394 250/480/396
f 225/446/367 233/460/381 245/467/388
f 221/441/362 247/443/364 243/457/378
f 247/443/364 246/442/363 248/491/389
f 234/492/384 243/457/378 220/433/354
f 220/433/354 243/457/378 228/455/376
f 214/447/368 225/446/367 242/462/383
f 177/373/304 173/378/309 179/377/308
f 171/493/405 177/373/304 175/375/306
f 342/494/406 344/495/407 338/496/408
f 175/375/306 169/364/295 165/363/294
f 294/497/409 296/498/410 295/431/352
f 270/499/411 272/500/412 271/501/413
f 696/502/414 687/503/415 707/504/416
f 272/500/412 274/505/417 273/506/418
f 290/507/419 292/508/420 291/440/361
f 148/344/276 151/345/277 152/509/421
f 288/510/422 290/507/419 289/422/345
f 275/511/423 276/512/424 278/513/425
f 295/431/352 296/498/410 298/514/426
f 285/419/342 286/515/427 288/516/422
f 277/517/428 278/513/425 280/518/429
f 297/432/353 298/514/426 267/519/430
f 268/436/357 267/519/430 286/515/427
f 280/518/429 282/520/431 281/521/432
f 284/522/433 270/499/411 269/523/434
f 659/524/435 656/525/436 654/526/437
f 292/508/420 294/497/409 293/437/358
f 660/305/275 659/524/435 651/527/438
f 416/528/439 419/529/440 418/530/441
f 76/531/159 717/532/247 722/533/442
f 701/352/283 684/534/443 699/535/227
f 681/536/444 696/537/414 692/538/282
f 38/539/109 724/540/445 726/541/446
f 316/305/236 315/524/447 321/306/237
f 369/542/448 372/543/449 371/544/450
f 305/323/451 306/545/452 308/526/453
f 67/546/200 479/547/454 471/216/166
f 482/548/455 721/549/456 723/550/457
f 404/551/458 409/552/459 403/553/460
f 684/534/443 686/554/461 697/555/228
f 2/256/198 3/274/214 67/260/200
f 310/526/462 300/545/463 312/525/464
f 323/556/465 324/557/466 328/558/467
f 168/369/300 158/559/287 266/560/468
f 166/366/297 168/369/300 174/379/310
f 175/375/306 181/374/305 176/380/302
f 337/561/469 331/562/470 332/360/291
f 323/563/465 334/564/471 329/565/472
f 345/566/473 351/567/474 360/568/475
f 325/569/476 329/565/472 334/564/471
f 326/570/477 327/361/292 332/360/291
f 331/562/470 333/571/478 328/558/467
f 335/572/479 339/573/480 345/566/473
f 340/574/481 346/575/482 342/494/406
f 338/496/408 344/495/407 343/576/483
f 343/576/483 345/566/473 339/573/480
f 341/577/484 360/578/475 359/579/485
f 357/580/486 358/581/487 344/495/407
f 346/575/482 359/579/485 357/580/486
f 343/576/483 349/582/488 351/567/474
f 349/582/488 358/581/487 350/583/489
f 347/584/490 351/585/474 364/586/491
f 352/587/492 359/579/485 360/578/475
f 316/305/236 311/324/253 299/323/252
f 348/588/493 350/583/489 358/581/487
f 182/589/317 187/391/321 188/398/326
f 348/588/493 357/580/486 359/579/485
f 182/590/317 186/384/314 195/591/320
f 350/592/489 363/593/494 362/594/495
f 343/576/483 344/495/407 358/581/487
f 362/594/495 364/586/491 351/585/474
f 202/405/333 206/415/328 190/408/336
f 352/587/492 353/595/496 354/596/497
f 369/542/448 371/544/450 356/597/498
f 364/586/491 368/598/499 365/599/500
f 189/600/325 190/601/336 191/602/337
f 362/594/495 363/593/494 367/603/501
f 366/604/502 368/598/499 364/586/491
f 205/605/338 207/401/329 206/400/328
f 354/606/497 355/607/503 363/593/494
f 365/599/500 369/608/448 356/609/498
f 347/584/490 361/610/504 356/609/498
f 365/599/500 368/598/499 372/611/449
f 367/603/501 371/612/450 370/613/505
f 366/604/502 370/613/505 372/611/449
f 169/364/295 266/614/468 158/356/287
f 339/573/480 333/571/478 331/562/470
f 339/573/480 335/572/479 373/615/506
f 336/616/507 338/496/408 332/360/291
f 340/574/481 336/616/507 330/359/290
f 278/513/425 375/617/508 374/618/509
f 162/619/510 167/367/298 165/363/294
f 170/620/301 175/375/306 176/380/302
f 346/575/482 340/574/481 341/577/484
f 340/574/481 335/621/479 341/577/484
f 42/622/511 163/368/299 161/365/296
f 41/623/512 40/150/107 161/365/296
f 162/619/510 160/362/293 39/624/513
f 32/625/514 159/626/288 163/368/299
f 80/627/515 78/211/161 326/570/477
f 79/628/516 327/361/292 326/570/477
f 328/558/467 324/557/466 66/629/517
f 82/194/147 66/630/517 324/631/466
f 329/565/472 325/569/476 77/195/148
f 77/195/148 325/569/476 327/361/292
f 282/520/431 280/518/429 374/618/509
f 276/512/424 376/632/518 375/617/508
f 274/633/417 377/634/519 376/632/518
f 378/315/246 377/635/519 274/505/417
f 379/636/520 378/315/246 272/500/412
f 380/637/521 379/636/520 270/499/411
f 381/638/522 380/637/521 284/522/433
f 661/324/523 664/308/239 663/307/238
f 609/639/524 754/640/525 608/641/526
f 725/642/527 727/643/528 730/644/529
f 731/645/530 726/541/446 730/646/529
f 388/320/249 396/322/251 397/647/531
f 756/485/401 677/648/532 676/486/402
f 675/649/533 682/650/534 757/651/535
f 530/652/536 674/653/537 673/654/538
f 311/324/253 314/309/539 301/325/254
f 5/123/83 416/528/439 418/530/441
f 738/655/540 736/656/541 742/657/542
f 137/407/335 136/328/257 139/332/261
f 261/439/360 260/438/359 384/658/543
f 141/313/244 140/466/387 143/659/544
f 401/343/272 403/660/460 402/341/270
f 715/661/545 212/662/546 214/447/368
f 710/663/547 713/664/548 213/435/356
f 711/665/351 710/663/547 211/417/340
f 715/661/545 398/666/549 212/662/546
f 398/666/549 405/428/350 209/425/347
f 712/667/550 210/668/551 213/435/356
f 697/296/228 698/669/552 677/670/532
f 547/302/233 546/671/553 543/672/554
f 300/545/463 302/349/555 313/348/279
f 397/673/531 411/674/556 410/675/557
f 671/676/558 670/677/559 542/678/560
f 542/678/560 541/679/561 538/680/562
f 370/681/505 371/544/450 372/543/449
f 282/520/431 284/522/433 283/682/563
f 8/249/192 418/530/441 417/121/81
f 5/123/83 9/204/155 415/683/564
f 685/684/565 689/334/263 694/333/262
f 9/204/155 1/264/204 419/529/440
f 229/474/393 235/479/380 244/470/379
f 236/481/397 252/471/390 251/473/392
f 247/443/364 248/491/389 244/458/379
f 697/296/228 677/670/532 678/685/566
f 249/686/567 250/480/396 231/448/369
f 709/687/568 214/447/368 210/688/551
f 227/689/385 239/690/404 250/480/396
f 95/691/569 86/220/170 84/163/119
f 51/192/145 48/180/135 60/242/188
f 431/176/131 426/173/128 424/229/178
f 425/232/181 427/179/134 430/178/133
f 101/177/132 421/174/129 426/173/128
f 427/179/134 421/174/129 101/177/132
f 421/174/129 427/179/134 422/175/130
f 748/692/570 53/693/571 96/228/177
f 58/171/126 431/176/131 428/170/125
f 425/232/181 429/224/173 99/223/172
f 58/171/126 749/694/572 101/177/132
f 424/229/178 56/168/124 428/170/125
f 428/170/125 431/176/131 424/229/178
f 50/160/116 56/168/124 424/229/178
f 429/224/173 425/232/181 430/178/133
f 425/232/181 99/223/172 92/221/171
f 97/231/180 95/691/569 423/695/573
f 53/693/571 84/163/119 46/161/117
f 102/225/174 101/177/132 749/694/572
f 102/225/174 429/224/173 430/178/133
f 102/225/174 430/178/133 101/177/132
f 451/696/574 745/697/575 450/698/576
f 748/692/570 95/691/569 84/163/119
f 745/697/575 96/228/177 450/698/576
f 449/699/577 426/173/128 422/175/130
f 97/231/180 425/232/181 92/221/171
f 95/691/569 97/231/180 86/220/170
f 54/230/179 50/160/116 424/229/178
f 50/160/116 54/230/179 46/161/117
f 35/200/123 46/161/117 70/164/120
f 84/163/119 86/220/170 70/164/120
f 47/700/118 35/167/123 45/131/91
f 132/286/223 131/287/121 35/200/123
f 71/253/195 72/247/100 85/193/146
f 71/253/195 129/252/98 72/247/100
f 93/245/190 107/701/578 104/189/143
f 93/245/190 106/188/142 90/235/184
f 60/242/188 48/180/135 62/246/191
f 62/702/191 61/182/137 59/703/189
f 75/317/211 32/704/514 42/622/511
f 75/705/211 80/627/515 66/629/517
f 413/706/579 400/707/580 401/708/272
f 122/261/201 4/262/202 1/264/204
f 666/304/581 661/324/523 662/525/582
f 657/348/583 658/309/240 647/325/584
f 263/421/344 387/321/250 388/320/249
f 436/64/585 438/709/586 446/710/587
f 436/64/585 446/710/587 447/63/588
f 442/59/589 444/61/590 445/711/591
f 440/712/592 442/59/589 445/711/591
f 438/709/586 440/713/592 445/714/591
f 444/61/590 452/715/593 453/716/594
f 450/698/576 96/228/177 53/693/571
f 54/230/179 448/717/595 46/161/117
f 448/717/595 450/698/576 46/161/117
f 747/226/175 745/697/575 451/696/574
f 451/696/574 449/699/577 422/175/130
f 426/173/128 449/699/577 448/717/595
f 449/699/577 451/696/574 450/698/576
f 453/716/594 452/715/593 456/718/596
f 445/714/591 453/719/594 454/720/597
f 444/61/590 447/63/588 455/721/598
f 447/63/588 446/710/587 454/720/597
f 457/722/599 456/718/596 460/723/600
f 454/720/597 453/719/594 457/724/599
f 455/721/598 459/725/601 456/718/596
f 454/720/597 458/726/602 459/725/601
f 460/723/600 464/727/603 465/728/604
f 457/724/599 461/729/605 462/730/606
f 456/718/596 459/725/601 463/731/607
f 458/726/602 462/730/606 463/731/607
f 461/729/605 465/732/604 466/733/608
f 460/723/600 463/731/607 467/734/609
f 463/731/607 462/730/606 466/733/608
f 76/209/159 80/627/515 75/705/211
f 38/152/109 75/317/211 42/622/511
f 39/624/513 164/358/289 758/735/212
f 75/271/211 66/630/517 82/194/147
f 412/736/610 401/708/272 399/737/611
f 546/671/553 547/302/233 550/738/612
f 63/127/87 64/739/157 115/128/88
f 115/282/88 64/259/157 116/258/199
f 79/628/516 73/196/149 77/195/148
f 74/210/160 73/196/149 79/628/516
f 78/211/161 74/210/160 79/628/516
f 686/554/461 685/684/565 698/740/552
f 80/627/515 76/209/159 78/211/161
f 42/622/511 40/150/107 38/152/109
f 40/150/107 41/623/512 37/151/108
f 41/623/512 39/624/513 36/741/613
f 41/623/512 36/741/613 37/151/108
f 692/351/282 707/504/416 701/352/283
f 473/742/224 469/743/113 471/216/166
f 468/744/102 472/745/614 475/746/615
f 479/547/454 477/747/616 481/748/617
f 751/749/618 757/651/535 610/750/619
f 483/751/620 480/752/153 476/753/158
f 479/547/454 719/754/621 471/216/166
f 477/755/616 476/756/158 480/757/153
f 472/758/614 468/759/102 469/760/113
f 63/207/87 65/761/622 478/762/623
f 73/763/149 480/764/153 483/765/620
f 481/766/617 491/767/624 487/768/625
f 36/769/613 44/770/626 475/771/615
f 74/772/160 76/531/159 482/773/455
f 64/206/157 477/774/616 479/547/454
f 489/775/627 485/776/628 493/777/629
f 472/778/614 488/779/630 484/780/631
f 473/781/224 489/782/627 488/783/630
f 481/784/617 480/757/153 490/785/632
f 37/786/108 36/787/613 484/780/631
f 74/788/160 487/768/625 486/203/154
f 473/789/224 37/786/108 485/776/628
f 490/790/632 486/203/154 494/791/633
f 484/780/631 488/779/630 492/792/634
f 490/785/632 494/793/633 495/794/635
f 485/776/628 484/780/631 492/792/634
f 487/768/625 495/795/635 494/791/633
f 488/783/630 489/782/627 493/796/629
f 183/392/322 185/386/316 189/397/325
f 347/797/490 353/595/496 352/587/492
f 356/597/498 355/798/503 354/799/497
f 355/607/503 371/612/450 367/603/501
f 617/800/636 615/311/242 621/310/241
f 348/588/493 354/596/497 350/583/489
f 149/801/637 148/344/276 152/509/421
f 123/263/203 31/273/213 65/802/622
f 552/803/638 551/804/639 547/302/233
f 157/805/640 374/618/509 375/617/508
f 500/75/641 510/806/642 502/807/643
f 500/75/641 511/73/644 510/806/642
f 506/70/645 509/808/646 508/71/647
f 504/809/648 509/808/646 506/70/645
f 502/807/643 510/806/642 509/810/646
f 513/811/649 512/812/650 508/71/647
f 513/811/649 517/813/651 516/814/652
f 514/815/653 513/816/649 509/810/646
f 508/71/647 512/812/650 515/817/654
f 511/73/644 515/817/654 514/815/653
f 517/813/651 521/818/655 520/819/656
f 514/815/653 518/820/657 517/821/651
f 516/814/652 519/822/658 515/817/654
f 519/822/658 518/820/657 514/815/653
f 525/823/659 524/824/660 520/819/656
f 522/825/661 521/826/655 517/821/651
f 516/814/652 520/819/656 523/827/662
f 523/827/662 522/825/661 518/820/657
f 526/828/663 525/829/659 521/826/655
f 520/819/656 524/824/660 527/830/664
f 523/827/662 527/830/664 526/828/663
f 533/831/665 530/652/536 673/654/538
f 552/803/638 667/832/666 674/653/537
f 750/484/400 751/749/618 603/833/667
f 410/834/557 411/835/556 402/836/270
f 264/445/366 263/421/344 388/320/249
f 548/301/232 668/837/668 667/832/666
f 708/838/268 399/839/611 401/343/272
f 669/840/669 668/837/668 548/301/232
f 673/654/538 672/841/670 536/353/284
f 262/423/346 261/439/360 385/842/671
f 528/843/672 531/844/673 549/845/674
f 263/424/344 262/423/346 386/213/163
f 531/844/673 534/846/675 549/845/674
f 656/525/436 644/545/676 654/526/437
f 534/846/675 537/847/677 549/845/674
f 317/324/678 318/525/679 319/307/680
f 537/847/677 540/848/681 549/845/674
f 542/849/560 545/850/682 544/303/234
f 543/672/554 546/671/553 549/845/674
f 31/851/213 470/146/103 478/762/623
f 546/671/553 550/738/612 549/845/674
f 640/330/259 642/852/683 630/331/260
f 627/853/684 628/854/685 626/855/686
f 139/332/261 142/336/265 143/659/544
f 150/856/687 149/801/637 152/509/421
f 550/738/612 528/843/672 549/845/674
f 553/857/688 563/858/689 567/859/690
f 629/860/691 609/639/524 608/641/526
f 608/861/526 607/862/692 633/863/693
f 554/864/694 557/865/695 568/866/696
f 554/864/694 553/867/688 704/868/697
f 639/869/698 604/870/699 603/833/667
f 558/871/700 569/872/701 565/873/702
f 641/874/703 603/833/667 610/750/619
f 606/875/704 605/876/705 637/877/706
f 607/862/692 606/875/704 635/878/707
f 566/879/708 592/880/709 591/881/710
f 605/876/705 604/870/699 639/869/698
f 556/882/711 567/859/690 569/872/701
f 612/883/712 610/750/619 609/639/524
f 559/884/713 570/885/714 568/866/696
f 564/886/715 568/866/696 576/887/716
f 254/888/375 226/889/382 249/686/567
f 575/890/717 567/859/690 563/858/689
f 561/891/718 563/892/689 564/886/715
f 599/893/719 598/894/720 575/890/717
f 569/872/701 577/895/721 573/896/722
f 580/897/723 589/898/724 588/899/725
f 567/859/690 575/890/717 577/895/721
f 570/885/714 578/900/726 576/887/716
f 571/901/727 583/902/728 598/894/720
f 579/903/729 587/904/730 559/884/713
f 572/905/731 584/906/732 583/902/728
f 409/552/459 410/834/557 403/553/460
f 591/907/710 593/908/733 590/909/734
f 589/910/724 590/909/734 593/908/733
f 577/895/721 600/911/735 597/912/736
f 597/912/736 596/913/737 580/897/723
f 574/914/738 578/900/726 590/909/734
f 601/915/739 602/916/740 578/900/726
f 566/917/708 591/907/710 587/904/730
f 580/918/723 596/919/737 601/915/739
f 598/894/720 600/911/735 577/895/721
f 576/887/716 578/900/726 602/916/740
f 581/920/741 597/912/736 600/911/735
f 581/920/741 585/921/742 586/922/743
f 582/923/744 586/924/743 602/916/740
f 554/864/694 564/886/715 563/892/689
f 583/902/728 585/921/742 600/911/735
f 584/906/732 586/922/743 585/921/742
f 595/925/745 602/916/740 586/924/743
f 570/885/714 587/904/730 590/909/734
f 566/879/708 579/926/729 588/899/725
f 592/880/709 593/927/733 591/881/710
f 565/873/702 588/899/725 579/926/729
f 565/873/702 573/896/722 588/899/725
f 559/884/713 587/904/730 570/885/714
f 639/869/698 640/928/259 638/929/258
f 615/930/242 616/931/746 614/932/747
f 617/933/636 618/934/748 616/931/746
f 635/878/707 636/935/749 634/936/750
f 384/658/543 383/937/751 391/938/752
f 633/863/693 634/936/750 632/939/753
f 619/940/754 621/941/241 622/942/755
f 639/869/698 641/874/703 642/943/683
f 629/860/691 631/944/756 632/945/753
f 621/941/241 623/946/757 624/947/758
f 641/874/703 612/883/712 611/948/759
f 612/883/712 629/860/691 630/949/260
f 625/950/760 626/855/686 624/947/758
f 613/951/243 614/932/747 628/854/685
f 660/305/275 666/304/581 665/306/761
f 637/877/706 638/929/258 636/935/749
f 625/952/760 623/953/757 621/310/241
f 670/954/559 669/840/669 545/850/682
f 735/955/762 733/956/763 740/957/764
f 33/257/165 2/256/198 67/260/200
f 144/314/245 147/958/765 377/635/519
f 44/770/626 716/959/766 734/960/767
f 65/761/622 31/851/213 478/762/623
f 134/961/768 137/407/335 138/406/334
f 144/314/245 143/659/544 146/962/769
f 303/325/281 304/349/280 306/545/452
f 417/121/81 418/530/441 420/122/82
f 416/528/439 415/683/564 419/529/440
f 533/831/665 532/355/286 529/963/770
f 389/964/771 397/647/531 390/965/772
f 649/323/773 651/527/438 652/526/774
f 531/844/673 532/355/286 534/846/675
f 622/942/755 624/947/758 667/832/666
f 626/855/686 674/653/537 667/832/666
f 620/966/775 622/942/755 668/837/668
f 618/967/748 620/966/775 669/840/669
f 618/934/748 670/677/559 671/676/558
f 616/931/746 671/676/558 672/841/670
f 614/932/747 672/841/670 673/654/538
f 628/854/685 673/654/538 674/653/537
f 81/968/776 736/656/541 738/655/540
f 155/347/278 133/326/255 134/961/768
f 726/541/446 724/540/445 730/646/529
f 382/199/152 389/964/771 390/965/772
f 152/509/421 156/969/777 157/805/640
f 439/84/778 441/970/779 440/971/592
f 634/972/750 636/973/749 638/329/258
f 632/974/753 634/972/750 638/329/258
f 541/975/561 542/849/560 544/303/234
f 382/199/152 390/965/772 391/938/752
f 643/323/273 645/325/780 658/309/240
f 411/835/556 407/337/266 714/346/271
f 414/976/781 399/737/611 708/339/268
f 606/875/704 753/977/782 756/485/401
f 706/978/783 559/884/713 557/865/695
f 705/979/784 556/882/711 558/871/700
f 704/980/697 553/857/688 556/882/711
f 700/981/785 557/865/695 683/982/786
f 683/982/786 557/865/695 554/864/694
f 558/871/700 555/983/787 703/984/788
f 322/304/235 321/306/237 318/525/679
f 190/601/336 206/400/328 191/602/337
f 604/870/699 750/484/400 603/833/667
f 681/985/444 680/986/231 755/987/230
f 387/321/250 395/988/789 396/322/251
f 393/989/164 392/990/790 412/991/610
f 613/312/243 627/992/684 621/310/241
f 752/993/791 679/300/226 678/994/566
f 574/914/738 589/910/724 580/918/723
f 581/920/741 596/913/737 597/912/736
f 589/898/724 593/927/733 592/880/709
f 237/487/403 236/995/397 251/478/392
f 576/887/716 595/925/745 594/996/792
f 555/997/787 559/884/713 706/978/783
f 572/998/731 594/996/792 595/925/745
f 171/493/405 165/363/294 167/367/298
f 333/571/478 339/573/480 373/615/506
f 336/616/507 340/574/481 342/494/406
f 336/616/507 342/494/406 338/496/408
f 174/379/310 168/369/300 266/560/468
f 175/375/306 170/620/301 266/614/468
f 172/999/793 178/376/307 173/378/309
f 174/379/310 170/370/301 180/372/303
f 341/1000/484 335/572/479 345/566/473
f 337/561/469 338/496/408 343/576/483
f 195/591/320 186/384/314 180/372/303
f 170/370/301 174/379/310 266/560/468
f 171/493/405 173/378/309 177/373/304
f 423/695/573 744/233/182 97/231/180
f 104/189/143 107/701/578 51/192/145
f 739/1001/794 743/1002/795 742/1003/542
f 532/355/286 535/354/285 534/846/675
f 487/768/625 491/767/624 495/795/635
f 333/571/478 373/615/506 323/556/465
f 158/559/287 168/369/300 163/368/299
f 373/1004/506 335/621/479 340/574/481
f 347/1005/490 360/568/475 351/567/474
f 323/563/465 373/1004/506 334/564/471
f 717/532/247 719/1006/621 723/1007/457
f 717/1008/247 726/541/446 727/1009/528
f 474/1010/225 719/754/621 727/643/528
f 392/990/790 391/1011/752 413/1012/579
f 482/773/455 76/531/159 720/1013/796
f 338/496/408 337/561/469 332/360/291
f 19/1014/218 20/291/217 14/293/95
f 672/841/670 671/676/558 539/1015/797
f 474/290/225 725/1016/527 724/540/445
f 167/367/298 166/366/297 172/999/793
f 754/640/525 755/987/230 608/641/526
f 727/1009/528 726/541/446 731/645/530
f 721/1017/456 720/1013/796 728/1018/798
f 727/643/528 731/1019/530 730/644/529
f 152/509/421 151/345/277 155/347/278
f 173/378/309 167/367/298 172/999/793
f 722/533/442 723/1007/457 729/1020/799
f 724/540/445 725/1016/527 730/646/529
f 716/1021/766 738/655/540 739/1022/794
f 716/959/766 718/1023/800 735/1024/762
f 475/771/615 44/770/626 732/1025/801
f 504/1026/648 505/1027/802 503/87/803
f 729/1028/799 723/550/457 728/1029/798
f 412/736/610 413/706/579 401/708/272
f 686/1030/461 684/1031/443 687/1032/415
f 483/765/620 737/1033/804 736/656/541
f 736/656/541 737/1033/804 742/657/542
f 82/194/147 81/1034/776 716/1035/766
f 313/348/279 314/309/539 320/308/805
f 734/960/767 735/1024/762 741/1036/806
f 260/438/359 259/444/365 383/937/751
f 739/1022/794 738/655/540 743/1037/795
f 733/1038/763 732/1025/801 740/1039/764
f 423/695/573 746/227/176 747/226/175
f 427/179/134 744/233/182 747/226/175
f 748/692/570 746/227/176 423/695/573
f 425/232/181 97/231/180 744/233/182
f 102/225/174 749/694/572 107/701/578
f 107/701/578 749/694/572 58/171/126
f 24/269/209 23/1040/208 128/283/219
f 117/276/216 16/1041/807 127/281/220
f 16/1041/807 117/276/216 17/149/106
f 10/154/111 118/267/207 22/155/112
f 11/275/215 7/147/104 17/149/106
f 21/284/221 6/153/110 22/155/112
f 7/147/104 130/139/99 18/148/105
f 6/153/110 21/284/221 132/286/223
f 27/254/196 131/165/121 28/1042/222
f 20/277/217 19/1043/218 129/252/98
f 7/147/104 68/297/229 130/139/99
f 70/164/120 68/297/229 132/286/223
f 113/143/101 112/142/94 118/267/207
f 112/134/94 111/137/97 128/283/219
f 115/128/88 127/280/220 114/126/86
f 116/258/199 117/276/216 115/282/88
f 1/264/204 9/204/155 119/270/210
f 657/348/583 646/349/808 644/545/676
f 135/1044/809 157/805/640 134/961/768
f 682/650/534 681/985/444 754/640/525
f 385/842/671 384/658/543 392/1045/790
f 386/213/163 385/842/671 393/214/164
f 684/1031/443 701/1046/283 687/1032/415
f 605/876/705 756/485/401 750/484/400
f 140/466/387 139/332/261 143/659/544
f 4/262/202 420/122/82 419/529/440
f 617/1047/636 619/940/754 620/966/775
f 474/1010/225 471/216/166 719/754/621
f 533/831/665 673/654/538 536/353/284
f 146/1048/769 149/801/637 150/856/687
f 4/262/202 12/120/80 420/122/82
f 34/166/122 69/129/89 45/131/91
f 8/249/192 12/120/80 13/136/96
f 31/851/213 29/144/93 470/146/103
f 29/144/93 30/156/92 468/145/102
f 47/700/118 45/131/91 52/159/115
f 52/169/115 50/160/116 47/162/118
f 57/181/136 56/168/124 52/169/115
f 45/131/91 83/130/90 49/158/114
f 62/246/191 48/180/135 57/181/136
f 59/703/189 61/182/137 103/184/139
f 52/159/115 49/158/114 57/186/136
f 49/158/114 89/172/127 55/185/140
f 61/182/137 55/185/140 108/183/138
f 58/171/126 56/168/124 51/192/145
f 62/702/191 57/186/136 61/182/137
f 71/253/195 85/193/146 69/129/89
f 81/1034/776 82/194/147 73/196/149
f 381/638/522 135/1044/809 380/637/521
f 490/790/632 480/201/153 486/203/154
f 25/1049/810 9/204/155 26/205/156
f 477/774/616 64/206/157 476/208/158
f 380/637/521 138/406/334 379/636/520
f 757/651/535 754/640/525 609/639/524
f 475/746/615 733/956/763 735/955/762
f 470/146/103 718/1050/800 478/762/623
f 469/157/113 30/156/92 471/216/166
f 88/248/169 94/217/167 85/193/146
f 94/222/167 88/219/169 92/221/171
f 100/234/183 94/222/167 99/223/172
f 85/193/146 91/218/168 83/130/90
f 745/697/575 747/226/175 96/228/177
f 110/240/187 100/234/183 90/235/184
f 108/183/138 109/236/185 103/184/139
f 94/217/167 100/238/183 91/218/168
f 91/218/168 98/239/186 89/172/127
f 87/187/141 98/239/186 108/183/138
f 102/225/174 93/245/190 99/223/172
f 98/239/186 100/238/183 109/236/185
f 69/129/89 121/124/84 71/253/195
f 30/141/92 113/143/101 33/257/165
f 3/274/214 116/258/199 67/260/200
f 14/135/95 12/120/80 15/266/206
f 390/1051/772 397/673/531 410/675/557
f 65/802/622 63/127/87 122/261/201
f 25/1049/810 24/269/209 9/204/155
f 114/126/86 120/265/205 4/262/202
f 111/137/97 29/133/93 123/263/203
f 116/258/199 3/274/214 117/276/216
f 10/154/111 2/256/198 118/267/207
f 13/136/96 20/277/217 126/251/194
f 43/125/85 121/124/84 34/166/122
f 16/1052/807 15/266/206 127/280/220
f 38/539/109 37/288/108 474/290/225
f 157/805/640 156/969/777 134/961/768
f 723/550/457 721/549/456 728/1029/798
f 538/680/562 537/847/677 534/846/675
f 719/754/621 482/548/455 723/550/457
f 701/1046/283 707/1053/416 687/1032/415
f 258/197/150 382/199/152 383/937/751
f 625/950/760 627/853/684 626/855/686
f 536/353/284 539/1015/797 538/680/562
f 630/331/260 632/974/753 638/329/258
f 265/198/151 264/445/366 389/964/771
f 319/307/680 313/348/279 320/308/805
f 529/963/770 532/355/286 528/843/672
f 662/525/582 661/324/523 663/307/238
f 645/325/780 647/325/584 658/309/240
f 414/976/781 412/736/610 399/737/611
f 408/1054/267 395/1055/789 394/1056/162
f 642/852/683 611/1057/759 630/331/260
f 665/306/761 666/304/581 662/525/582
f 386/213/163 262/423/346 385/842/671
f 16/1058/807 17/1059/106 18/1060/105
f 753/977/782 752/993/791 678/994/566
f 391/1011/752 409/1061/459 413/1012/579
f 275/511/423 273/1062/418 276/512/424
f 551/804/639 529/963/770 550/738/612
f 544/303/234 547/302/233 543/672/554
f 355/798/503 356/597/498 371/544/450
f 659/524/435 654/526/437 652/526/774
f 215/452/373 254/888/375 249/686/567
f 679/294/226 693/319/248 699/295/227
f 169/364/295 158/356/287 164/358/289
f 325/569/476 330/359/290 327/361/292
f 164/358/289 160/362/293 169/364/295
f 162/619/510 161/365/296 167/367/298
f 161/365/296 163/368/299 166/366/297
f 172/999/793 174/379/310 178/376/307
f 195/390/320 176/380/302 194/381/311
f 177/373/304 179/377/308 192/383/313
f 177/373/304 192/383/313 181/374/305
f 184/385/315 178/376/307 186/384/314
f 186/396/314 182/387/317 199/389/319
f 182/589/317 195/390/320 187/391/321
f 185/386/316 183/392/322 193/382/312
f 192/383/313 183/392/322 194/381/311
f 184/1063/315 197/393/323 185/395/316
f 179/377/308 178/376/307 193/382/312
f 184/1063/315 186/396/314 197/393/323
f 183/392/322 189/397/325 187/391/321
f 693/319/248 680/318/231 681/536/444
f 196/388/318 200/402/330 199/389/319
f 198/394/324 197/393/323 202/405/333
f 197/393/323 199/389/319 201/404/332
f 185/395/316 198/394/324 189/409/325
f 196/388/318 191/410/337 200/402/330
f 196/388/318 182/387/317 191/410/337
f 203/403/331 200/402/330 207/413/329
f 201/404/332 205/414/338 202/405/333
f 205/414/338 201/404/332 207/413/329
f 218/449/370 208/416/339 222/418/341
f 264/445/366 285/419/342 263/421/344
f 287/1064/343 289/422/345 263/424/344
f 212/662/546 209/425/347 223/427/349
f 209/425/347 405/428/350 208/430/339
f 259/444/365 295/431/352 258/197/150
f 210/668/551 220/433/354 213/435/356
f 258/197/150 297/432/353 265/198/151
f 291/440/361 293/437/358 261/439/360
f 289/422/345 291/440/361 262/423/346
f 293/437/358 295/431/352 260/438/359
f 222/418/341 211/417/340 224/434/355
f 265/198/151 268/436/357 264/445/366
f 212/662/546 223/427/349 214/447/368
f 215/452/373 231/448/369 219/426/348
f 216/1065/372 218/449/370 230/450/371
f 218/488/370 216/451/372 219/426/348
f 216/1065/372 230/450/371 254/454/375
f 220/433/354 228/455/376 224/434/355
f 228/455/376 243/457/378 235/459/380
f 230/450/371 222/418/341 232/456/377
f 223/427/349 231/448/369 225/446/367
f 238/465/386 226/461/382 253/453/374
f 210/688/551 214/447/368 234/463/384
f 239/489/404 227/464/385 238/465/386
f 216/451/372 254/888/375 215/452/373
f 242/462/383 245/467/388 246/469/363
f 228/455/376 252/471/390 232/456/377
f 228/455/376 235/459/380 252/471/390
f 233/460/381 229/474/393 245/467/388
f 229/474/393 233/460/381 256/476/395
f 246/469/363 221/477/362 242/462/383
f 229/474/393 256/476/395 235/479/380
f 230/450/371 232/456/377 253/453/374
f 233/460/381 231/448/369 257/475/394
f 252/471/390 236/481/397 255/472/391
f 237/1066/403 241/483/399 236/481/397
f 227/689/385 249/686/567 226/889/382
f 241/490/399 237/487/403 257/475/394
f 208/430/339 218/488/370 209/425/347
f 240/482/398 238/465/386 255/472/391
f 241/483/399 239/489/404 240/482/398
f 239/690/404 241/490/399 250/480/396
f 242/462/383 225/446/367 245/467/388
f 234/492/384 221/441/362 243/457/378
f 210/668/551 234/492/384 220/433/354
f 171/493/405 175/375/306 165/363/294
f 293/437/358 294/497/409 295/431/352
f 269/523/434 270/499/411 271/501/413
f 393/214/164 385/842/671 392/1045/790
f 157/805/640 135/1044/809 381/638/522
f 657/348/583 647/325/584 648/349/811
f 720/1013/796 722/533/442 728/1018/798
f 610/750/619 757/651/535 609/639/524
f 271/501/413 272/500/412 273/506/418
f 289/422/345 290/507/419 291/440/361
f 387/1067/250 263/424/344 386/213/163
f 287/1064/343 288/510/422 289/422/345
f 277/517/428 275/511/423 278/513/425
f 297/432/353 295/431/352 298/514/426
f 287/420/343 285/419/342 288/516/422
f 279/1068/812 277/517/428 280/518/429
f 268/436/357 297/432/353 267/519/430
f 285/419/342 268/436/357 286/515/427
f 279/1068/812 280/518/429 281/521/432
f 283/682/563 284/522/433 269/523/434
f 718/1050/800 475/746/615 735/955/762
f 291/440/361 292/508/420 293/437/358
f 539/1015/797 542/678/560 538/680/562
f 315/524/447 310/526/462 312/525/464
f 153/1069/813 375/617/508 376/632/518
f 734/960/767 741/1036/806 740/1039/764
f 1/264/204 4/262/202 419/529/440
f 698/740/552 685/684/565 694/333/262
f 695/1070/814 688/335/264 687/503/415
f 15/1071/206 16/1058/807 18/1060/105
f 143/659/544 142/336/265 145/340/269
f 414/1072/781 394/1056/162 393/989/164
f 269/1073/434 271/1074/413 281/1075/432
f 732/1025/801 44/770/626 734/960/767
f 265/198/151 389/964/771 382/199/152
f 374/618/509 157/805/640 381/638/522
f 302/349/555 304/349/280 313/348/279
f 138/406/334 141/313/244 379/636/520
f 312/525/464 300/545/463 313/348/279
f 408/338/267 414/976/781 708/339/268
f 545/850/682 669/840/669 548/301/232
f 414/1072/781 408/1054/267 394/1056/162
f 552/803/638 548/301/232 667/832/666
f 14/293/95 15/1071/206 18/1060/105
f 135/1044/809 138/406/334 380/637/521
f 599/1076/719 560/1077/815 594/996/792
f 22/1078/112 23/1079/208 26/1080/156
f 754/640/525 681/985/444 755/987/230
f 693/350/248 701/352/283 699/535/227
f 315/524/447 316/305/236 307/527/816
f 717/1008/247 38/539/109 726/541/446
f 720/1013/796 76/531/159 722/533/442
f 571/1081/727 599/1076/719 594/996/792
f 533/831/665 536/353/284 532/355/286
f 333/571/478 323/556/465 328/558/467
f 172/999/793 166/366/297 174/379/310
f 324/631/466 323/563/465 329/565/472
f 341/1000/484 345/566/473 360/568/475
f 330/359/290 325/569/476 334/564/471
f 331/562/470 326/570/477 332/360/291
f 326/570/477 331/562/470 328/558/467
f 337/561/469 343/576/483 339/573/480
f 346/575/482 341/577/484 359/579/485
f 342/494/406 357/580/486 344/495/407
f 342/494/406 346/575/482 357/580/486
f 345/566/473 343/576/483 351/567/474
f 361/610/504 347/584/490 364/586/491
f 347/797/490 352/587/492 360/578/475
f 357/580/486 348/588/493 358/581/487
f 352/587/492 348/588/493 359/579/485
f 349/1082/488 350/592/489 362/594/495
f 349/582/488 343/576/483 358/581/487
f 349/1082/488 362/594/495 351/585/474
f 198/394/324 202/405/333 190/408/336
f 348/588/493 352/587/492 354/596/497
f 692/538/282 693/319/248 681/536/444
f 361/610/504 364/586/491 365/599/500
f 188/1083/326 189/600/325 191/602/337
f 366/604/502 362/594/495 367/603/501
f 362/594/495 366/604/502 364/586/491
f 350/592/489 354/606/497 363/593/494
f 361/610/504 365/599/500 356/609/498
f 353/1084/496 347/584/490 356/609/498
f 369/608/448 365/599/500 372/611/449
f 366/604/502 367/603/501 370/613/505
f 368/598/499 366/604/502 372/611/449
f 337/561/469 339/573/480 331/562/470
f 330/359/290 336/616/507 332/360/291
f 334/564/471 340/574/481 330/359/290
f 280/518/429 278/513/425 374/618/509
f 160/362/293 162/619/510 165/363/294
f 40/150/107 42/622/511 161/365/296
f 162/619/510 41/623/512 161/365/296
f 41/623/512 162/619/510 39/624/513
f 42/1085/511 32/625/514 163/368/299
f 328/558/467 80/627/515 326/570/477
f 78/211/161 79/628/516 326/570/477
f 80/627/515 328/558/467 66/629/517
f 329/565/472 82/194/147 324/631/466
f 82/194/147 329/565/472 77/195/148
f 79/628/516 77/195/148 327/361/292
f 381/638/522 282/520/431 374/618/509
f 278/513/425 276/512/424 375/617/508
f 276/512/424 274/633/417 376/632/518
f 272/500/412 378/315/246 274/505/417
f 270/499/411 379/636/520 272/500/412
f 284/522/433 380/637/521 270/499/411
f 282/520/431 381/638/522 284/522/433
f 153/1069/813 157/805/640 375/617/508
f 408/1054/267 396/1086/251 395/1055/789
f 687/1032/415 688/1087/264 686/1030/461
f 688/1087/264 689/1088/263 686/1030/461
f 656/525/436 657/348/583 644/545/676
f 389/964/771 388/320/249 397/647/531
f 752/993/791 755/298/230 679/300/226
f 695/1070/814 694/333/262 688/335/264
f 273/1089/418 275/1090/423 281/1075/432
f 314/309/539 313/348/279 303/325/281
f 24/1091/209 25/1092/810 26/1080/156
f 286/1093/427 267/1094/430 296/1095/410
f 150/856/687 153/1069/813 376/632/518
f 606/875/704 607/862/692 753/977/782
f 401/343/272 400/1096/580 404/1097/458
f 709/687/568 715/661/545 214/447/368
f 211/417/340 710/663/547 213/435/356
f 208/416/339 711/665/351 211/417/340
f 212/662/546 398/666/549 209/425/347
f 713/664/548 712/667/550 213/435/356
f 296/1095/410 290/1098/419 288/1099/422
f 153/1069/813 150/856/687 152/509/421
f 123/263/203 122/261/201 1/264/204
f 529/963/770 528/843/672 550/738/612
f 409/552/459 404/551/458 400/707/580
f 397/673/531 396/1086/251 411/674/556
f 714/342/271 708/838/268 401/343/272
f 653/527/817 660/305/275 651/527/438
f 483/751/620 478/762/623 718/1050/800
f 722/533/442 729/1020/799 728/1018/798
f 12/120/80 8/249/192 417/121/81
f 416/528/439 5/123/83 415/683/564
f 415/683/564 9/204/155 419/529/440
f 243/457/378 247/443/364 244/458/379
f 627/992/684 625/952/760 621/310/241
f 215/452/373 249/686/567 231/448/369
f 712/1100/550 709/687/568 210/688/551
f 249/686/567 227/689/385 250/480/396
f 746/227/176 748/692/570 96/228/177
f 53/693/571 748/692/570 84/163/119
f 106/188/142 93/245/190 104/189/143
f 408/1054/267 407/1101/266 396/1086/251
f 699/535/227 684/534/443 697/555/228
f 134/961/768 133/326/255 137/407/335
f 483/751/620 718/1050/800 739/1001/794
f 296/1095/410 294/1102/409 292/1103/420
f 750/484/400 676/486/402 751/749/618
f 689/1088/263 685/1104/565 686/1030/461
f 446/710/587 438/709/586 445/714/591
f 445/711/591 444/61/590 453/716/594
f 46/161/117 450/698/576 53/693/571
f 422/175/130 747/226/175 451/696/574
f 54/230/179 426/173/128 448/717/595
f 448/717/595 449/699/577 450/698/576
f 457/722/599 453/716/594 456/718/596
f 446/710/587 445/714/591 454/720/597
f 452/715/593 444/61/590 455/721/598
f 455/721/598 447/63/588 454/720/597
f 461/1105/605 457/722/599 460/723/600
f 458/726/602 454/720/597 457/724/599
f 452/715/593 455/721/598 456/718/596
f 455/721/598 454/720/597 459/725/601
f 461/1105/605 460/723/600 465/728/604
f 458/726/602 457/724/599 462/730/606
f 460/723/600 456/718/596 463/731/607
f 459/725/601 458/726/602 463/731/607
f 462/730/606 461/729/605 466/733/608
f 464/727/603 460/723/600 467/734/609
f 467/734/609 463/731/607 466/733/608
f 32/1106/514 75/1107/211 758/735/212
f 82/194/147 716/1035/766 758/272/212
f 44/1108/626 36/741/613 758/735/212
f 39/624/513 160/362/293 164/358/289
f 164/358/289 159/357/288 32/1106/514
f 32/1106/514 758/735/212 164/358/289
f 36/741/613 39/624/513 758/735/212
f 732/1025/801 734/960/767 740/1039/764
f 648/349/811 647/325/584 650/545/818
f 28/1109/222 21/1110/221 22/1078/112
f 474/1010/225 473/742/224 471/216/166
f 470/146/103 468/744/102 475/746/615
f 482/548/455 479/547/454 481/748/617
f 264/445/366 388/320/249 389/964/771
f 478/762/623 483/751/620 476/753/158
f 537/847/677 538/680/562 540/848/681
f 133/326/255 136/328/257 137/407/335
f 481/784/617 477/755/616 480/757/153
f 473/781/224 472/758/614 469/760/113
f 476/208/158 63/207/87 478/762/623
f 81/968/776 73/763/149 483/765/620
f 74/788/160 481/766/617 487/768/625
f 472/1111/614 36/769/613 475/771/615
f 481/1112/617 74/772/160 482/773/455
f 67/546/200 64/206/157 479/547/454
f 36/787/613 472/778/614 484/780/631
f 472/758/614 473/781/224 488/783/630
f 491/1113/624 481/784/617 490/785/632
f 485/776/628 37/786/108 484/780/631
f 73/202/149 74/788/160 486/203/154
f 489/775/627 473/789/224 485/776/628
f 491/1113/624 490/785/632 495/794/635
f 493/777/629 485/776/628 492/792/634
f 486/203/154 487/768/625 494/791/633
f 492/1114/634 488/783/630 493/796/629
f 353/1115/496 356/597/498 354/799/497
f 363/593/494 355/607/503 367/603/501
f 275/1090/423 277/1116/428 281/1075/432
f 390/1051/772 410/675/557 409/1061/459
f 696/502/414 695/1070/814 687/503/415
f 156/969/777 155/347/278 134/961/768
f 403/553/460 410/834/557 402/836/270
f 725/642/527 474/1010/225 727/643/528
f 413/706/579 409/552/459 400/707/580
f 504/1117/648 502/807/643 509/810/646
f 509/808/646 513/811/649 508/71/647
f 512/812/650 513/811/649 516/814/652
f 510/806/642 514/815/653 509/810/646
f 511/73/644 508/71/647 515/817/654
f 510/806/642 511/73/644 514/815/653
f 516/814/652 517/813/651 520/819/656
f 513/816/649 514/815/653 517/821/651
f 512/812/650 516/814/652 515/817/654
f 515/817/654 519/822/658 514/815/653
f 521/818/655 525/823/659 520/819/656
f 518/820/657 522/825/661 517/821/651
f 519/822/658 516/814/652 523/827/662
f 519/822/658 523/827/662 518/820/657
f 522/825/661 526/828/663 521/826/655
f 523/827/662 520/819/656 527/830/664
f 522/825/661 523/827/662 526/828/663
f 122/261/201 123/263/203 65/802/622
f 320/308/805 317/324/678 319/307/680
f 694/1118/262 675/1119/533 676/1120/402
f 678/685/566 679/294/226 697/296/228
f 737/1121/804 739/1001/794 742/1003/542
f 404/1097/458 403/660/460 401/343/272
f 305/323/451 303/325/281 306/545/452
f 392/1045/790 384/658/543 391/938/752
f 552/803/638 530/652/536 551/804/639
f 385/842/671 261/439/360 384/658/543
f 542/849/560 670/954/559 545/850/682
f 391/1011/752 390/1051/772 409/1061/459
f 655/324/274 643/323/273 658/309/240
f 438/85/586 439/84/778 440/971/592
f 659/524/435 660/305/275 665/306/761
f 698/669/552 676/1120/402 677/670/532
f 23/1079/208 24/1091/209 26/1080/156
f 652/526/774 651/527/438 659/524/435
f 140/466/387 137/407/335 139/332/261
f 697/555/228 686/554/461 698/740/552
f 556/882/711 553/857/688 567/859/690
f 631/944/756 629/860/691 608/641/526
f 631/1122/756 608/861/526 633/863/693
f 564/886/715 554/864/694 568/866/696
f 690/1123/819 554/864/694 704/868/697
f 641/874/703 639/869/698 603/833/667
f 555/983/787 558/871/700 565/873/702
f 612/883/712 641/874/703 610/750/619
f 635/878/707 606/875/704 637/877/706
f 633/863/693 607/862/692 635/878/707
f 637/877/706 605/876/705 639/869/698
f 558/871/700 556/882/711 569/872/701
f 629/860/691 612/883/712 609/639/524
f 557/865/695 559/884/713 568/866/696
f 560/1077/815 564/886/715 576/887/716
f 530/652/536 533/831/665 529/963/770
f 561/1124/718 575/890/717 563/858/689
f 560/1077/815 561/891/718 564/886/715
f 561/1124/718 599/893/719 575/890/717
f 565/873/702 569/872/701 573/896/722
f 573/896/722 580/897/723 588/899/725
f 569/872/701 567/859/690 577/895/721
f 568/866/696 570/885/714 576/887/716
f 599/893/719 571/901/727 598/894/720
f 555/997/787 579/903/729 559/884/713
f 571/901/727 572/905/731 583/902/728
f 561/891/718 560/1077/815 599/1076/719
f 587/904/730 591/907/710 590/909/734
f 573/896/722 577/895/721 597/912/736
f 573/896/722 597/912/736 580/897/723
f 589/910/724 574/914/738 590/909/734
f 574/914/738 601/915/739 578/900/726
f 579/903/729 566/917/708 587/904/730
f 574/914/738 580/918/723 601/915/739
f 575/890/717 598/894/720 577/895/721
f 595/925/745 576/887/716 602/916/740
f 585/921/742 581/920/741 600/911/735
f 582/1125/744 581/920/741 586/922/743
f 572/998/731 571/1081/727 594/996/792
f 601/915/739 582/923/744 602/916/740
f 553/867/688 554/864/694 563/892/689
f 598/894/720 583/902/728 600/911/735
f 583/902/728 584/906/732 585/921/742
f 584/1126/732 595/925/745 586/924/743
f 578/900/726 570/885/714 590/909/734
f 592/880/709 566/879/708 588/899/725
f 555/983/787 565/873/702 579/926/729
f 637/877/706 639/869/698 638/929/258
f 613/951/243 615/930/242 614/932/747
f 387/1067/250 386/213/163 394/212/162
f 716/1021/766 81/968/776 738/655/540
f 753/977/782 678/994/566 677/648/532
f 277/1116/428 279/1127/812 281/1075/432
f 615/930/242 617/933/636 616/931/746
f 633/863/693 635/878/707 634/936/750
f 307/527/816 305/323/451 308/526/453
f 631/1122/756 633/863/693 632/939/753
f 620/966/775 619/940/754 622/942/755
f 640/928/259 639/869/698 642/943/683
f 630/949/260 629/860/691 632/945/753
f 622/942/755 621/941/241 624/947/758
f 642/943/683 641/874/703 611/948/759
f 611/948/759 612/883/712 630/949/260
f 623/946/757 625/950/760 624/947/758
f 627/853/684 613/951/243 628/854/685
f 743/1037/795 738/655/540 742/657/542
f 635/878/707 637/877/706 636/935/749
f 530/652/536 529/963/770 551/804/639
f 532/355/286 531/844/673 528/843/672
f 147/958/765 144/314/245 146/962/769
f 547/302/233 551/804/639 550/738/612
f 741/1128/806 735/955/762 740/957/764
f 751/749/618 675/649/533 757/651/535
f 538/680/562 541/679/561 540/848/681
f 267/1094/430 298/1129/426 296/1095/410
f 412/991/610 414/1072/781 393/989/164
f 647/325/584 649/323/773 650/545/818
f 479/547/454 482/548/455 719/754/621
f 535/354/285 536/353/284 538/680/562
f 27/1130/196 28/1109/222 22/1078/112
f 153/1069/813 152/509/421 157/805/640
f 378/315/246 144/314/245 377/635/519
f 281/521/432 282/520/431 283/682/563
f 281/1075/432 271/1074/413 273/1089/418
f 676/486/402 675/649/533 751/749/618
f 384/658/543 260/438/359 383/937/751
f 530/652/536 552/803/638 674/653/537
f 607/862/692 752/993/791 753/977/782
f 539/1015/797 671/676/558 542/678/560
f 694/1118/262 695/1131/814 675/1119/533
f 8/249/192 5/123/83 418/530/441
f 309/527/820 316/305/236 299/323/252
f 548/301/232 552/803/638 547/302/233
f 681/536/444 682/1132/534 696/537/414
f 419/529/440 420/122/82 418/530/441
f 648/349/811 646/349/808 657/348/583
f 668/837/668 622/942/755 667/832/666
f 624/947/758 626/855/686 667/832/666
f 669/840/669 620/966/775 668/837/668
f 670/954/559 618/967/748 669/840/669
f 616/931/746 618/934/748 671/676/558
f 614/932/747 616/931/746 672/841/670
f 628/854/685 614/932/747 673/654/538
f 626/855/686 628/854/685 674/653/537
f 147/1133/765 146/1048/769 150/856/687
f 698/669/552 694/1118/262 676/1120/402
f 156/969/777 152/509/421 155/347/278
f 256/476/395 237/487/403 251/478/392
f 395/1134/789 387/1067/250 394/212/162
f 650/545/818 649/323/773 652/526/774
f 536/353/284 672/841/670 539/1015/797
f 281/1075/432 283/1135/563 269/1073/434
f 607/862/692 608/861/526 752/993/791
f 26/1080/156 27/1130/196 22/1078/112
f 307/527/816 308/526/453 315/524/447
f 756/485/401 753/977/782 677/648/532
f 700/981/785 706/978/783 557/865/695
f 702/1136/821 705/979/784 558/871/700
f 705/979/784 704/980/697 556/882/711
f 690/1123/819 683/982/786 554/864/694
f 702/1136/821 558/871/700 703/984/788
f 308/526/453 310/526/462 315/524/447
f 682/1132/534 695/1131/814 696/537/414
f 657/348/583 663/307/238 658/309/240
f 695/1131/814 682/1132/534 675/1119/533
f 621/310/241 619/1137/754 617/800/636
f 303/325/281 301/325/254 314/309/539
f 692/351/282 696/502/414 707/504/416
f 653/527/817 643/323/273 660/305/275
f 588/899/725 589/898/724 592/880/709
f 379/636/520 141/313/244 378/315/246
f 560/1077/815 576/887/716 594/996/792
f 703/1138/788 555/997/787 706/978/783
f 584/1126/732 572/998/731 595/925/745
f 173/378/309 171/493/405 167/367/298
f 169/364/295 175/375/306 266/614/468
f 176/371/302 195/591/320 180/372/303
f 60/242/188 104/189/143 51/192/145
f 144/314/245 141/313/244 143/659/544
f 316/305/236 309/527/820 307/527/816
f 150/856/687 376/632/518 377/634/519
f 608/861/526 755/298/230 752/993/791
f 581/1139/741 582/923/744 596/919/737
f 135/1044/809 134/961/768 138/406/334
f 273/1062/418 274/633/417 276/512/424
f 147/1133/765 150/856/687 377/634/519
f 582/923/744 601/915/739 596/919/737
f 737/1121/804 483/751/620 739/1001/794
f 159/626/288 158/559/287 163/368/299
f 334/564/471 373/1004/506 340/574/481
f 722/533/442 717/532/247 723/1007/457
f 719/1140/621 717/1008/247 727/1009/528
f 317/324/678 322/304/235 318/525/679
f 392/990/790 413/1012/579 412/991/610
f 721/1017/456 482/773/455 720/1013/796
f 605/876/705 606/875/704 756/485/401
f 402/836/270 411/835/556 714/346/271
f 38/539/109 474/290/225 724/540/445
f 18/1060/105 19/1014/218 14/293/95
f 718/1141/800 716/1021/766 739/1022/794
f 734/960/767 716/959/766 735/1024/762
f 733/1038/763 475/771/615 732/1025/801
f 146/962/769 143/659/544 145/340/269
f 259/444/365 258/197/150 383/937/751
f 44/1108/626 758/272/212 716/1035/766
f 470/146/103 475/746/615 718/1050/800
f 618/967/748 617/1047/636 620/966/775
f 81/968/776 483/765/620 736/656/541
f 288/1099/422 286/1093/427 296/1095/410
f 604/870/699 605/876/705 750/484/400
f 744/233/182 423/695/573 747/226/175
f 422/175/130 427/179/134 747/226/175
f 95/691/569 748/692/570 423/695/573
f 93/245/190 102/225/174 107/701/578
f 51/192/145 107/701/578 58/171/126
f 119/270/210 24/269/209 128/283/219
f 111/137/97 1/264/204 119/270/210
f 383/937/751 382/199/152 391/938/752
f 292/1103/420 290/1098/419 296/1095/410
f 757/651/535 682/650/534 754/640/525
f 545/850/682 548/301/232 544/303/234
f 38/152/109 717/316/247 75/317/211
f 502/86/643 504/1026/648 503/87/803
f 204/399/327 191/602/337 206/400/328
f 603/833/667 751/749/618 610/750/619
f 535/354/285 538/680/562 534/846/675
f 33/215/165 67/546/200 471/216/166
f 407/1101/266 411/674/556 396/1086/251
