# Blender v2.76 (sub 0) OBJ File: 'npc_cyborg_elite.blend'
# www.blender.org
v -0.001836 1.995398 -0.000284
v 0.397189 1.408996 -0.110343
v -0.000954 1.923280 0.012387
v -0.001865 2.058321 0.004533
v -0.001729 2.062611 0.030441
v -0.001524 2.031685 0.004419
v -0.001470 2.036225 0.030627
v -0.001303 1.995454 0.021390
v 0.092887 1.476580 -0.228192
v 0.161666 1.692930 -0.245401
v 0.204060 1.801037 -0.256970
v 0.212926 1.738190 -0.258474
v 0.212539 1.832448 -0.124076
v 0.219460 1.847201 -0.194759
v 0.136328 1.352534 -0.205244
v 0.093159 1.333646 -0.265325
v 0.031617 1.101684 -0.068226
v 0.063061 1.860702 -0.024069
v 0.159829 1.123488 -0.211809
v 0.072724 1.100599 -0.259481
v 0.062189 1.895181 -0.047757
v 0.032565 1.860378 -0.005367
v 0.047235 1.910842 -0.019136
v 0.062040 2.002248 -0.011534
v -0.002092 1.995363 -0.000240
v 0.035391 2.016085 -0.002432
v 0.142583 1.471839 -0.186055
v 0.136520 1.492380 -0.118619
v 0.175428 1.574544 -0.213542
v 0.092880 1.442964 -0.230239
v 0.118490 1.754276 -0.028206
v 0.089910 0.835089 0.050935
v 0.035699 1.026661 -0.027605
v 0.161692 1.019270 -0.113103
v 0.089249 1.000221 -0.135378
v 0.195988 0.869272 -0.044299
v 0.230469 0.889582 0.034979
v 0.121384 0.852156 -0.054168
v 0.157994 0.775927 0.000143
v 0.104851 0.706439 0.064343
v 0.223571 0.732114 -0.019260
v 0.271705 0.720145 0.038351
v 0.145001 0.728073 -0.025064
v 0.241068 0.469791 0.012960
v 0.272597 0.438702 0.056868
v 0.196184 0.462919 0.009922
v 0.183992 0.427391 0.070567
v 0.036261 1.643221 -0.322165
v 0.072408 1.570800 -0.294210
v 0.022412 1.882210 0.001080
v 0.046031 1.967367 -0.016919
v 0.014839 1.951148 -0.002253
v 0.048331 1.998773 -0.029198
v 0.014811 1.997623 -0.009423
v 0.195739 1.312432 -0.241074
v 0.069567 1.323865 -0.273453
v 0.145727 2.111863 0.055616
v 0.144448 2.072921 0.020773
v 0.228132 1.720534 -0.207343
v 0.247321 1.712859 -0.245536
v 0.261208 1.694149 -0.233627
v 0.264987 1.765793 -0.279697
v 0.308381 1.705444 -0.246475
v 0.287066 1.840406 -0.229575
v 0.358059 1.748684 -0.209149
v 0.322587 1.200692 -0.046908
v 0.332414 1.208748 -0.027280
v 0.340868 1.216407 -0.003699
v 0.302565 1.229608 0.021565
v 0.285476 1.140797 -0.027829
v 0.301175 1.140038 -0.030344
v 0.321385 1.190022 0.034996
v 0.264556 1.150563 0.083751
v 0.319613 1.170751 -0.020290
v 0.328687 1.181849 0.010813
v 0.315377 1.163644 0.040479
v 0.316344 1.142698 -0.012444
v 0.320779 1.153676 0.018582
v 0.308286 1.193689 0.071417
v 0.249224 1.076596 0.045675
v 0.256150 1.082923 0.069261
v 0.286158 1.202610 0.069195
v 0.303204 1.174796 0.057776
v 0.283589 1.175087 0.059912
v 0.265373 1.146334 0.072069
v 0.272216 1.107948 -0.009042
v 0.298200 1.128985 0.052889
v 0.294712 1.106320 0.013788
v 0.284227 1.107378 -0.009397
v 0.300814 1.113508 0.038357
v 0.346332 1.406928 -0.136050
v 0.319549 1.410684 -0.131664
v 0.326353 1.446754 -0.019970
v 0.376809 1.439953 -0.024998
v 0.413676 1.425759 -0.062149
v 0.400762 1.410377 -0.109121
v 0.389632 1.450576 -0.127686
v 0.393253 1.435502 -0.114593
v 0.286864 1.579871 -0.183492
v 0.272156 1.600080 -0.215076
v 0.341304 1.578104 -0.180841
v 0.332194 1.618017 -0.212269
v 0.380600 1.599419 -0.151279
v 0.358204 1.657012 -0.098547
v 0.251863 1.553988 -0.148756
v 0.406154 1.449357 -0.075754
v 0.407443 1.465595 -0.091135
v 0.376039 1.459618 -0.044427
v 0.379145 1.475679 -0.059729
v 0.336475 1.464709 -0.037611
v 0.323930 1.435235 -0.125185
v 0.323755 1.450433 -0.122481
v 0.344575 1.432578 -0.129191
v 0.339737 1.449880 -0.129338
v 0.358501 1.533604 -0.158729
v 0.319339 1.517366 -0.163588
v 0.284712 1.512342 -0.138083
v 0.314219 1.475168 -0.134092
v 0.346503 1.480495 -0.155855
v 0.391470 1.497540 -0.147354
v 0.352621 1.715119 -0.130242
v 0.345935 1.693647 -0.176685
v 0.311034 1.674174 -0.230253
v 0.269506 1.663348 -0.224467
v 0.336356 1.314356 -0.100203
v 0.311380 1.318451 -0.097648
v 0.332798 1.349905 0.003781
v 0.351490 1.343858 0.000353
v 0.375806 1.334476 -0.031514
v 0.373260 1.320069 -0.073213
v 0.321311 1.227659 -0.044345
v 0.304554 1.231368 -0.040065
v 0.353641 1.283825 -0.018981
v 0.333416 1.290927 0.002618
v 0.310060 1.274995 -0.064445
v 0.327135 1.271935 -0.067056
v 0.351033 1.274527 -0.047966
v 0.317798 1.296577 0.004960
v 0.325521 1.247136 0.014522
v 0.340375 1.238680 -0.004581
v 0.027551 1.918721 -0.006347
v 0.313081 1.379802 -0.132392
v 0.346051 1.376594 -0.130314
v 0.325636 1.418003 -0.005976
v 0.403245 1.404646 -0.051083
v 0.370668 1.411126 -0.010074
v 0.402203 1.379844 -0.097753
v 0.135040 2.076134 -0.248177
v 0.135674 2.114390 -0.264239
v 0.111637 2.056316 -0.212546
v 0.119898 2.052588 -0.000286
v 0.088020 2.012595 -0.210462
v 0.093041 2.014086 -0.003645
v 0.087344 1.902010 -0.209717
v 0.094299 1.919608 0.010352
v 0.096226 1.843352 0.057718
v 0.063957 1.777633 -0.003680
v 0.062126 2.014948 -0.003054
v 0.063406 1.919021 0.011162
v 0.065221 1.842612 0.058498
v 0.056155 2.062599 -0.001249
v 0.000657 2.056557 0.005728
v -0.001987 2.062598 0.030463
v 0.082329 2.070756 0.002782
v 0.083629 2.070038 0.033394
v 0.060723 2.056752 0.033898
v 0.056402 2.036451 -0.001478
v 0.057160 2.036590 0.029432
v 0.079418 2.023540 -0.002036
v 0.082955 2.019181 0.031298
v 0.102184 2.036802 -0.002469
v 0.102944 2.036902 0.028466
v 0.101938 2.062950 -0.002224
v 0.102688 2.063227 0.028415
v 0.000971 2.030101 0.005283
v -0.001727 2.036210 0.030649
v -0.001561 1.995444 0.021404
v 0.019070 1.995562 0.020982
v 0.018541 1.995423 -0.000584
v 0.070113 2.051410 0.043571
v 0.084143 2.059601 0.043228
v 0.066206 2.041788 0.039336
v 0.080329 2.033809 0.039061
v 0.094295 2.041982 0.038737
v 0.097927 2.052209 0.042210
v 0.021883 1.998205 -0.028746
v 0.020885 1.998572 0.012007
v 0.032238 1.980657 -0.028289
v 0.031239 1.981049 0.012429
v 0.052606 1.980844 -0.027772
v 0.051606 1.981253 0.012924
v 0.062617 1.998597 -0.027734
v 0.061618 1.998987 0.012990
v 0.052260 2.016176 -0.028244
v 0.051264 2.016512 0.012564
v 0.043733 1.996761 -0.011138
v 0.030898 2.016283 0.012098
v 0.115951 1.812514 -0.033265
v 0.092568 1.917836 -0.148694
v 0.091593 1.925084 -0.093728
v 0.142297 1.595081 -0.277098
v 0.174395 1.761988 -0.043344
v 0.193271 1.821274 -0.063485
v 0.156561 1.844451 -0.052270
v 0.180000 1.796834 0.017468
v 0.186946 1.850236 0.005913
v 0.223017 1.781969 -0.012971
v 0.244936 1.810385 -0.044751
v 0.221236 1.856567 -0.031849
v 0.130115 1.434416 -0.196494
v 0.143386 1.360034 -0.123923
v 0.181814 1.353009 -0.137993
v 0.194985 1.814371 -0.032346
v 0.149682 1.234656 -0.224379
v 0.195744 1.264607 -0.232081
v 0.069598 1.273070 -0.281353
v 0.080420 1.041068 -0.155566
v 0.160172 1.065554 -0.128720
v 0.190531 0.932225 -0.070496
v 0.097769 0.917104 -0.087240
v 0.191479 1.466540 -0.322490
v 0.191631 1.384769 -0.337400
v 0.191609 1.344724 -0.310917
v 0.191594 1.335064 -0.264290
v 0.191613 1.361722 -0.225361
v 0.191621 1.444391 -0.211989
v 0.191514 1.483554 -0.239885
v 0.191403 1.492789 -0.284605
v 0.230538 0.653775 -0.051412
v 0.237505 0.560829 -0.037708
v 0.290848 0.636306 0.045148
v 0.280119 0.551838 0.052761
v 0.136214 0.636685 -0.041425
v 0.154397 0.564912 -0.039987
v 0.324790 0.181958 0.089379
v 0.128263 0.123004 0.033271
v 0.317870 0.084747 0.199305
v 0.291072 0.122947 0.033354
v 0.128263 0.100633 0.091032
v 0.317870 0.055379 0.091509
v 0.291072 0.100647 0.091130
v 0.128263 0.125999 0.148260
v 0.317869 0.053417 -0.016675
v 0.291072 0.126021 0.148279
v 0.128263 0.185213 0.170507
v 0.209667 0.186388 0.204127
v 0.291072 0.185253 0.170505
v 0.094544 0.181959 0.089370
v 0.128263 0.244250 0.141659
v 0.209667 0.271009 0.162262
v 0.291072 0.244044 0.141859
v 0.128263 0.262665 0.081440
v 0.209667 0.296106 0.075960
v 0.291072 0.262674 0.081697
v 0.128263 0.233903 0.027435
v 0.209667 0.254501 0.000837
v 0.291072 0.234029 0.027534
v 0.128263 0.178831 0.008211
v 0.209667 0.177803 -0.025451
v 0.291072 0.178828 0.008211
v 0.101465 -0.015413 0.201014
v 0.170858 0.295051 -0.018342
v 0.115972 0.301733 0.036135
v 0.077162 0.199115 0.032526
v 0.089865 0.135730 0.045602
v 0.115972 0.311183 0.113178
v 0.077162 0.212480 0.141481
v 0.089865 0.147813 0.144111
v 0.170858 0.317866 0.167655
v 0.209667 0.085000 0.206307
v 0.101465 0.084788 0.199336
v 0.248478 0.317866 0.167655
v 0.303363 0.311183 0.113178
v 0.342173 0.212480 0.141480
v 0.329470 0.147813 0.144111
v 0.303363 0.301733 0.036135
v 0.342173 0.199115 0.032526
v 0.248477 0.295051 -0.018342
v 0.101465 -0.017375 0.092829
v 0.104995 0.215868 0.169106
v 0.315196 0.215764 0.168256
v 0.315196 0.195831 0.005750
v 0.104995 0.195727 0.004900
v 0.209667 -0.019463 -0.022275
v 0.101465 -0.019337 -0.015355
v 0.317869 -0.019337 -0.015355
v 0.101465 0.080579 -0.017031
v 0.209667 0.080383 -0.023869
v 0.209667 -0.015287 0.207933
v 0.317870 -0.015413 0.201014
v 0.101465 0.082643 0.091027
v 0.317870 -0.017375 0.092829
v 0.331915 0.139697 0.042779
v 0.231438 0.333705 0.124266
v 0.231438 0.320907 0.019932
v 0.187897 0.320907 0.019932
v 0.157110 0.324656 0.050491
v 0.157110 0.329956 0.093707
v 0.187897 0.333705 0.124266
v 0.262226 0.329956 0.093707
v 0.262226 0.324656 0.050491
v 0.209668 0.614643 0.036855
v 0.258508 0.628802 0.153912
v 0.258507 0.600092 -0.080154
v 0.160828 0.600092 -0.080154
v 0.091757 0.608501 -0.011598
v 0.091757 0.620393 0.085355
v 0.160828 0.628802 0.153912
v 0.327578 0.620393 0.085355
v 0.327578 0.608501 -0.011598
v 0.128464 -0.011633 0.409402
v 0.209667 -0.011508 0.416322
v 0.290871 -0.011633 0.409402
v 0.474008 -0.018937 0.006702
v 0.474008 -0.017375 0.092829
v 0.474008 -0.015813 0.178956
v 0.047510 -0.015533 0.194360
v 0.047510 -0.017375 0.092829
v 0.047510 -0.019217 -0.008701
v 0.120376 -0.022579 -0.194058
v 0.209667 -0.022704 -0.200978
v 0.298958 -0.022579 -0.194058
v 0.236586 1.074927 -0.046113
v 0.204556 1.153065 -0.087303
v 0.053222 1.764081 -0.351721
v 0.111421 1.739867 -0.372277
v 0.094634 1.604835 -0.322503
v 0.164718 1.911429 -0.095090
v 0.086752 1.951375 -0.188106
v 0.169762 1.951214 -0.195051
v 0.085155 1.932655 -0.282166
v 0.155624 1.927777 -0.299754
v 0.066410 1.862765 -0.344636
v 0.132565 1.847666 -0.368080
v 0.052796 1.828012 -0.316507
v 0.177335 1.718372 -0.352021
v 0.216515 1.881425 -0.117818
v 0.227845 1.912832 -0.210339
v 0.221561 1.885976 -0.301042
v 0.201730 1.812332 -0.356753
v 0.080846 1.895237 -0.216030
v -0.401449 1.433610 -0.333927
v -0.103685 1.476625 -0.223794
v -0.174374 1.702668 -0.233374
v -0.223740 1.802064 -0.208791
v -0.218660 1.755383 -0.224845
v -0.179715 1.785326 -0.033357
v -0.213301 1.827000 -0.074713
v -0.235686 1.837804 -0.142242
v -0.146471 1.366335 -0.198493
v -0.103501 1.334334 -0.264620
v -0.040400 1.074557 -0.118357
v -0.062790 1.855308 -0.019283
v -0.004315 1.098406 -0.162782
v -0.161499 1.150164 -0.293248
v -0.209660 1.184225 -0.161515
v -0.075157 1.129932 -0.315260
v -0.001478 1.856117 -0.033624
v -0.066446 1.895126 -0.045412
v -0.034162 1.860158 -0.003846
v -0.050401 1.910678 -0.017264
v -0.066193 2.000458 -0.007862
v -0.039777 2.015470 -0.000731
v -0.153720 1.471641 -0.180017
v -0.183914 1.582290 -0.206961
v -0.103707 1.443052 -0.226539
v -0.195130 1.545306 -0.132896
v -0.081163 0.774015 -0.238899
v -0.036375 0.978627 -0.181531
v -0.159264 1.016210 -0.277337
v -0.085456 1.015108 -0.302991
v -0.186999 0.853072 -0.300963
v -0.111464 0.847115 -0.315254
v -0.118829 0.727494 -0.282750
v -0.210506 0.758664 -0.297639
v -0.148077 0.769924 -0.305536
v -0.213687 0.757075 -0.349958
v -0.135097 0.760066 -0.356300
v -0.228004 0.562787 -0.526417
v -0.258693 0.508760 -0.521143
v -0.183070 0.561283 -0.533465
v -0.053105 1.643813 -0.320502
v -0.088420 1.570015 -0.288422
v -0.000993 1.952606 0.022441
v -0.001206 1.944230 0.010411
v -0.024087 1.882100 0.002086
v -0.050185 1.966854 -0.015005
v -0.017993 1.951035 -0.001630
v -0.053684 1.997951 -0.026928
v -0.019212 1.997363 -0.008673
v -0.132752 1.345049 -0.225238
v -0.079954 1.325006 -0.272529
v -0.147115 2.110356 0.062851
v -0.146329 2.071709 0.028244
v -0.212098 1.684405 -0.185483
v -0.217727 1.739806 -0.224773
v -0.244668 1.684049 -0.228693
v -0.264018 1.789163 -0.227268
v -0.287797 1.714124 -0.232347
v -0.311976 1.808608 -0.154785
v -0.344127 1.733583 -0.174588
v -0.316980 1.783352 -0.077849
v -0.348540 1.710760 -0.107308
v -0.525578 1.042359 -0.066985
v -0.381055 1.357517 -0.307639
v -0.359300 1.378162 -0.258050
v -0.403600 1.394626 -0.230587
v -0.519136 1.404162 -0.271910
v -0.497286 1.379897 -0.324879
v -0.437060 1.358891 -0.334104
v -0.404935 1.437245 -0.347318
v -0.426838 1.402882 -0.342014
v -0.315229 1.560828 -0.278579
v -0.275656 1.614162 -0.279999
v -0.370636 1.573641 -0.277076
v -0.333555 1.641331 -0.266629
v -0.413848 1.581500 -0.238468
v -0.383808 1.650355 -0.217042
v -0.478295 1.422023 -0.331064
v -0.459268 1.460550 -0.334689
v -0.481416 1.438315 -0.238119
v -0.367633 1.406703 -0.272132
v -0.384942 1.393870 -0.313171
v -0.402544 1.527175 -0.294750
v -0.358855 1.504992 -0.308441
v -0.384524 1.465777 -0.337663
v -0.441303 1.492733 -0.331521
v -0.462260 1.486486 -0.277674
v -0.338545 1.676059 -0.187521
v -0.295302 1.681522 -0.241257
v -0.256344 1.659019 -0.242379
v -0.030260 1.918594 -0.005221
v -0.000588 1.878765 0.010639
v -0.000696 1.856934 -0.001448
v -0.354553 1.341958 -0.233792
v -0.387642 1.318416 -0.288055
v -0.506695 1.337593 -0.301256
v -0.530841 1.366089 -0.251977
v -0.414568 1.362309 -0.220152
v -0.446784 1.317341 -0.314659
v -0.004023 1.109933 -0.288199
v -0.152517 2.073321 -0.241202
v -0.154675 2.111587 -0.257102
v -0.126973 2.053851 -0.208111
v -0.122143 2.052145 0.005719
v -0.102512 2.010188 -0.209198
v -0.097372 2.012446 0.000775
v -0.103215 1.897992 -0.202020
v -0.096084 1.918162 0.014816
v -0.093097 1.833713 0.063125
v -0.061726 1.764085 -0.002533
v -0.066429 2.013636 0.000171
v -0.064589 1.912831 0.016716
v -0.060866 1.834246 0.062098
v -0.061347 2.061467 0.001635
v -0.007508 1.813162 -0.309035
v -0.009501 2.112988 -0.260671
v -0.002193 2.075569 0.021936
v -0.001674 2.113297 0.057838
v -0.007722 1.643243 -0.321147
v -0.006194 1.896485 -0.211167
v -0.094127 1.896582 -0.206741
v -0.002552 2.055993 -0.000393
v -0.084503 2.071229 0.006286
v -0.083629 2.074609 0.032877
v -0.060600 2.061840 0.032169
v -0.061101 2.035337 0.001380
v -0.060344 2.035505 0.032260
v -0.083869 2.022105 0.001784
v -0.083106 2.022157 0.032833
v -0.106901 2.034754 0.002648
v -0.106123 2.035079 0.033367
v -0.107293 2.059036 0.005220
v -0.106669 2.057694 0.037201
v -0.021929 1.995175 0.021980
v -0.022457 1.995034 0.000416
v -0.069151 2.056753 0.042465
v -0.083273 2.064714 0.042759
v -0.068993 2.040584 0.042539
v -0.082957 2.032380 0.042907
v -0.097079 2.040317 0.043225
v -0.097408 2.054021 0.045572
v -0.027245 1.998045 -0.027979
v -0.024256 1.998597 0.012625
v -0.037224 1.980307 -0.026984
v -0.034236 1.980868 0.013606
v -0.057542 1.980101 -0.025464
v -0.054554 1.980678 0.015105
v -0.067881 1.997657 -0.024968
v -0.064892 1.998219 0.015621
v -0.057904 2.015427 -0.026015
v -0.054913 2.015950 0.014634
v -0.037490 2.003312 -0.012461
v -0.034595 2.016136 0.013139
v -0.097294 1.829693 -0.013724
v -0.101159 1.916647 -0.142107
v -0.098630 1.923334 -0.089191
v -0.155012 1.606414 -0.276671
v -0.159709 1.761625 -0.003394
v -0.183674 1.820350 -0.020134
v -0.005643 1.453056 -0.234293
v -0.006736 1.569047 -0.284737
v -0.005750 1.330057 -0.269176
v -0.006056 1.479198 -0.262985
v -0.145124 1.848732 -0.022936
v -0.153274 1.802723 0.055639
v -0.163413 1.855141 0.042902
v -0.200738 1.782428 0.036045
v -0.227921 1.808461 0.009101
v -0.205074 1.856792 0.013414
v -0.139813 1.434136 -0.187500
v -0.153348 1.365214 -0.114041
v -0.167185 1.341955 -0.140938
v -0.155306 1.439200 -0.115592
v -0.178131 1.815762 0.009679
v -0.148977 1.214310 -0.254496
v -0.141650 1.283588 -0.243758
v -0.079516 1.277165 -0.281403
v -0.181789 1.291811 -0.147812
v -0.079075 1.053164 -0.282504
v -0.159864 1.063381 -0.264573
v -0.045476 0.887084 -0.204997
v -0.184357 0.919299 -0.291571
v -0.090542 0.918849 -0.310231
v -0.201771 1.467393 -0.320887
v -0.005276 1.466161 -0.322767
v -0.201725 1.384769 -0.337373
v -0.005135 1.384320 -0.337721
v -0.201725 1.344859 -0.310758
v -0.005312 1.342991 -0.311942
v -0.201730 1.335304 -0.263850
v -0.201737 1.361850 -0.224454
v -0.201731 1.444511 -0.209716
v -0.201801 1.483847 -0.237315
v -0.201874 1.493132 -0.282811
v -0.005614 1.490728 -0.289015
v -0.220451 0.732268 -0.429831
v -0.226104 0.660809 -0.490980
v -0.094523 0.606835 -0.356169
v -0.279557 0.646988 -0.379808
v -0.267685 0.585984 -0.438506
v -0.125823 0.715024 -0.435896
v -0.143082 0.666532 -0.489155
v -0.307277 0.312283 -0.690816
v -0.110375 0.279379 -0.763628
v -0.297512 0.187024 -0.612890
v -0.273164 0.275383 -0.762513
v -0.109386 0.238079 -0.714943
v -0.298140 0.189894 -0.723951
v -0.272153 0.234608 -0.713438
v -0.109224 0.243639 -0.654212
v -0.299253 0.218831 -0.828206
v -0.271994 0.240625 -0.653108
v -0.109988 0.286652 -0.616344
v -0.191046 0.273843 -0.584483
v -0.272763 0.283739 -0.615721
v -0.077074 0.316615 -0.691611
v -0.111104 0.332343 -0.613354
v -0.192612 0.331581 -0.579539
v -0.273889 0.330531 -0.613580
v -0.111954 0.381449 -0.643690
v -0.193777 0.401818 -0.616047
v -0.274744 0.379229 -0.644703
v -0.112135 0.395985 -0.707283
v -0.194058 0.428707 -0.708907
v -0.274939 0.392864 -0.708481
v -0.111504 0.347982 -0.765523
v -0.193312 0.354595 -0.797981
v -0.274379 0.341399 -0.766343
v -0.079397 0.095089 -0.640301
v -0.155911 0.472844 -0.678588
v -0.100567 0.437007 -0.637630
v -0.060502 0.373004 -0.717305
v -0.072270 0.321341 -0.756580
v -0.099908 0.385090 -0.579933
v -0.059570 0.299582 -0.635708
v -0.071427 0.254958 -0.682805
v -0.154320 0.347505 -0.539294
v -0.189275 0.186830 -0.607735
v -0.081165 0.190836 -0.614952
v -0.231930 0.346270 -0.539519
v -0.287274 0.382107 -0.580477
v -0.324546 0.295364 -0.636478
v -0.311001 0.251143 -0.683501
v -0.287934 0.434024 -0.638174
v -0.325478 0.368786 -0.718074
v -0.233521 0.471609 -0.678813
v -0.080510 0.124026 -0.744556
v -0.087162 0.280523 -0.615100
v -0.297344 0.277749 -0.616347
v -0.298734 0.387259 -0.738049
v -0.088567 0.391177 -0.738075
v -0.189874 0.152697 -0.854912
v -0.081623 0.152963 -0.848812
v -0.297983 0.148729 -0.847677
v -0.083360 0.251550 -0.822902
v -0.191623 0.250801 -0.828778
v -0.187506 0.091122 -0.633066
v -0.295757 0.090856 -0.639166
v -0.082266 0.220795 -0.718738
v -0.296870 0.119793 -0.743422
v -0.314367 0.322220 -0.756142
v -0.215531 0.389667 -0.555999
v -0.216424 0.459975 -0.634135
v -0.172889 0.460668 -0.634009
v -0.141844 0.440565 -0.611034
v -0.141474 0.411443 -0.578669
v -0.171996 0.390360 -0.555872
v -0.246576 0.409769 -0.578974
v -0.246946 0.438892 -0.611339
v -0.198197 0.640320 -0.401360
v -0.246027 0.560530 -0.313987
v -0.248029 0.718262 -0.489281
v -0.150362 0.719817 -0.488997
v -0.080715 0.674718 -0.437454
v -0.079885 0.609383 -0.364845
v -0.148360 0.562085 -0.313703
v -0.315675 0.605630 -0.365530
v -0.316504 0.670964 -0.438139
v -0.104246 0.038822 -0.439340
v -0.185362 0.035382 -0.432246
v -0.266620 0.035645 -0.438488
v -0.453862 0.139775 -0.825602
v -0.452976 0.116738 -0.742603
v -0.452090 0.093701 -0.659604
v -0.025521 0.097924 -0.646996
v -0.026566 0.125082 -0.744839
v -0.027611 0.152239 -0.842682
v -0.102369 0.200392 -1.020925
v -0.191713 0.200496 -1.027124
v -0.280915 0.196898 -1.019988
v -0.241197 0.900745 -0.236610
v -0.238410 1.022766 -0.194347
v -0.089491 1.753497 -0.339094
v -0.150670 1.734920 -0.348977
v -0.112543 1.606530 -0.319871
v -0.165692 1.912355 -0.072186
v -0.100795 1.945979 -0.190652
v -0.192340 1.942931 -0.169778
v -0.116772 1.920756 -0.274495
v -0.196007 1.914777 -0.273170
v -0.107472 1.848397 -0.332844
v -0.179810 1.836011 -0.341232
v -0.088127 1.817539 -0.305897
v -0.207009 1.724220 -0.324524
v -0.221893 1.876337 -0.074681
v -0.252809 1.900582 -0.163009
v -0.257946 1.876469 -0.254974
v -0.241387 1.808679 -0.316427
v -0.599296 0.899580 0.135848
v -0.643709 0.895532 0.116812
v -0.651753 0.847120 0.031714
v -0.668040 0.871200 0.068513
v -0.491626 1.405939 -0.162471
v -0.521976 1.415955 -0.153590
v -0.544082 1.353480 -0.266605
v -0.574432 1.363496 -0.257723
v -0.622958 0.821734 -0.003914
v -0.546617 0.898079 0.147634
v -0.515287 1.328093 -0.302233
v -0.438946 1.404438 -0.150685
v -0.573632 0.800517 -0.026806
v -0.489865 0.884288 0.139484
v -0.465962 1.306876 -0.325125
v -0.382194 1.390648 -0.158835
v -0.502843 0.795971 -0.015300
v -0.447368 0.851449 0.094826
v -0.395173 1.302330 -0.313619
v -0.339698 1.357808 -0.203493
v -0.453175 0.816472 0.033345
v -0.345504 1.322831 -0.264974
v -0.531062 1.258539 -0.295939
v -0.553781 1.230062 -0.271577
v -0.563117 1.248367 -0.242774
v -0.532112 1.279374 -0.181224
v -0.531517 1.287975 -0.276658
v -0.500512 1.318982 -0.215108
v -0.475111 1.290087 -0.303369
v -0.444106 1.321093 -0.241819
v -0.426942 1.253464 -0.307260
v -0.395937 1.284471 -0.245711
v -0.415226 1.199561 -0.286052
v -0.384221 1.230568 -0.224503
v -0.446826 1.159952 -0.252168
v -0.415821 1.190959 -0.190619
v -0.503231 1.157841 -0.225457
v -0.472227 1.188848 -0.163908
v -0.551401 1.194464 -0.221566
v -0.520396 1.225470 -0.160016
v -0.490509 1.260057 -0.315143
v -0.455877 1.233727 -0.317941
v -0.447453 1.194972 -0.302693
v -0.470173 1.166495 -0.278332
v -0.510726 1.164977 -0.259127
v -0.545358 1.191308 -0.256329
v -0.421601 1.021200 0.062916
v -0.413178 0.982446 0.078164
v -0.403843 0.964141 0.049361
v -0.434848 0.933134 -0.012189
v -0.415559 1.018044 0.028153
v -0.446564 0.987037 -0.033397
v -0.463728 1.054667 0.032044
v -0.494733 1.023660 -0.029506
v -0.520133 1.052555 0.058755
v -0.551138 1.021548 -0.002795
v -0.551733 1.012947 0.092639
v -0.582738 0.981940 0.031089
v -0.540017 0.959043 0.113847
v -0.571022 0.928036 0.052297
v -0.491848 0.922421 0.109956
v -0.522853 0.891414 0.048406
v -0.435443 0.924532 0.083244
v -0.466448 0.893525 0.021695
v -0.456233 1.047531 0.065714
v -0.496786 1.046013 0.084918
v -0.519506 1.017535 0.109279
v -0.511082 0.978781 0.124527
v -0.476451 0.952450 0.121730
v -0.435897 0.953969 0.102525
v -0.356264 1.328471 -0.118111
v -0.347841 1.289716 -0.102863
v -0.338506 1.271411 -0.131666
v -0.369511 1.240405 -0.193216
v -0.350222 1.325315 -0.152874
v -0.381227 1.294308 -0.214424
v -0.398391 1.361937 -0.148983
v -0.429396 1.330930 -0.210533
v -0.454796 1.359825 -0.122272
v -0.485801 1.328819 -0.183822
v -0.486396 1.320217 -0.088388
v -0.517401 1.289211 -0.149938
v -0.474680 1.266314 -0.067180
v -0.505685 1.235307 -0.128730
v -0.426511 1.229692 -0.071071
v -0.457516 1.198685 -0.132621
v -0.370106 1.231803 -0.097782
v -0.401111 1.200796 -0.159332
v -0.390896 1.354801 -0.115313
v -0.431449 1.353283 -0.096109
v -0.454169 1.324806 -0.071747
v -0.445745 1.286052 -0.056500
v -0.411114 1.259721 -0.059297
v -0.370560 1.261239 -0.078502
v -0.642623 0.878993 0.088784
v -0.618331 0.784476 0.124266
v -0.595059 0.795534 0.149544
v -0.607768 0.753721 0.074476
v -0.566765 0.794728 0.155875
v -0.623234 0.767357 0.093612
v -0.581275 0.742325 0.062180
v -0.536282 0.787321 0.151497
v -0.516575 0.750895 0.094488
v -0.513457 0.769682 0.127511
v -0.543253 0.739884 0.068360
v -0.533008 0.931653 0.012968
v -0.656898 0.929793 0.029685
v -0.629900 0.956250 0.083976
v -0.681806 0.906571 0.109061
v -0.692877 0.895499 0.087082
v -0.687808 0.922162 0.069413
v -0.675522 0.934201 0.094118
v -0.343850 1.141284 -0.039749
v -0.479983 1.186210 0.000088
v -0.417305 1.072824 -0.191985
v -0.583517 1.088245 -0.212601
v -0.334322 1.187200 -0.067569
v -0.470455 1.232126 -0.027732
v -0.411788 1.099246 -0.207884
v -0.578463 1.112418 -0.227124
v -0.507887 1.089049 -0.190613
v -0.502833 1.113221 -0.205137
v -0.598107 1.074440 -0.242574
v -0.593684 1.095548 -0.255224
v -0.556562 1.088728 -0.206782
v -0.552139 1.109837 -0.219431
v -0.630122 1.044146 -0.308342
v -0.627083 1.058531 -0.316880
v -0.609628 1.037383 -0.314339
v -0.606589 1.051768 -0.322878
v -0.638278 1.036429 -0.325096
v -0.635591 1.049101 -0.332587
v -0.600541 1.023976 -0.336140
v -0.597854 1.036648 -0.343630
v -0.583228 1.024867 -0.328579
v -0.580188 1.039252 -0.337117
v -0.588524 1.020010 -0.339656
v -0.585837 1.032682 -0.347147
v -0.359164 1.168475 -0.019179
v -0.442331 1.195921 0.005159
v -0.436510 1.223973 -0.011837
v -0.353343 1.196526 -0.036175
v -0.007286 2.011452 -0.210468
v -0.007709 2.055149 -0.210499
v -0.008738 2.074746 -0.244643
v 0.058868 1.507021 -0.005157
v 0.163270 1.727167 -0.026600
v 0.119529 1.622567 0.010814
v 0.208437 1.727254 -0.205613
v 0.209082 1.716472 -0.154064
v 0.216128 1.697796 -0.062817
v 0.193850 1.794034 -0.077559
v 0.119534 1.336929 -0.049276
v 0.056048 1.293171 -0.039058
v 0.150132 1.200238 -0.027282
v 0.188141 1.220242 -0.113911
v 0.063827 1.143982 -0.028946
v 0.104452 1.503844 -0.056649
v 0.148231 1.620879 -0.050689
v 0.176976 1.557055 -0.141696
v 0.163612 1.084907 0.084507
v 0.224108 1.091035 0.004855
v 0.095558 1.056166 0.086694
v 0.176426 0.892317 0.102443
v 0.142436 0.887974 0.112492
v 0.129003 0.761021 0.048295
v 0.220454 0.771855 0.014350
v 0.211317 0.797499 0.143665
v 0.148647 0.781012 0.140218
v 0.224556 0.711137 0.096082
v 0.157335 0.711069 0.136485
v 0.157363 1.328552 -0.026731
v 0.037339 1.252126 0.026347
v 0.210812 1.735557 -0.172324
v 0.306457 1.842570 -0.155951
v 0.355160 1.773149 -0.147203
v 0.288424 1.789079 -0.102951
v 0.293029 1.745679 -0.112362
v 0.244995 1.741961 -0.097480
v 0.255078 1.748596 -0.123503
v 0.303573 1.204323 -0.029972
v 0.319522 1.230479 0.029495
v 0.292010 1.220729 0.002500
v 0.310206 1.166833 -0.037846
v 0.294269 1.165700 -0.033598
v 0.279812 1.188987 0.004548
v 0.274641 1.190128 0.039497
v 0.245335 1.086047 0.007627
v 0.241334 1.097140 0.014736
v 0.285113 1.168077 0.053972
v 0.282330 1.164964 0.007273
v 0.282561 1.164055 0.041522
v 0.294403 1.163766 0.058635
v 0.263600 1.103898 0.082343
v 0.259633 1.109746 0.077771
v 0.235315 1.097847 0.043456
v 0.243808 1.101228 0.071164
v 0.279034 1.178507 0.054736
v 0.253531 1.156103 0.079811
v 0.253906 1.150210 0.070969
v 0.262776 1.121615 0.028735
v 0.287604 1.131464 0.070965
v 0.284659 1.107171 -0.009385
v 0.280332 1.136941 0.066418
v 0.270488 1.129890 0.057069
v 0.304101 1.422988 -0.090411
v 0.299454 1.432700 -0.053854
v 0.378562 1.646056 -0.173680
v 0.368526 1.611554 -0.095567
v 0.333678 1.613930 -0.038566
v 0.317793 1.650601 -0.047250
v 0.264305 1.585065 -0.053825
v 0.243514 1.637320 -0.060189
v 0.232836 1.560690 -0.090086
v 0.206069 1.615404 -0.101389
v 0.221926 1.598868 -0.164648
v 0.343937 1.480292 -0.048875
v 0.309409 1.458150 -0.060722
v 0.315591 1.473562 -0.064624
v 0.311763 1.446071 -0.089838
v 0.306180 1.462497 -0.091983
v 0.286982 1.537392 -0.062472
v 0.345924 1.560320 -0.048279
v 0.388199 1.551476 -0.131373
v 0.374800 1.560784 -0.090170
v 0.272809 1.523553 -0.090176
v 0.297886 1.485902 -0.094694
v 0.380005 1.519073 -0.075081
v 0.392816 1.511753 -0.109185
v 0.347009 1.514360 -0.055865
v 0.310925 1.499166 -0.073541
v 0.237650 1.710690 -0.119434
v 0.291262 1.710480 -0.108728
v 0.231674 1.690386 -0.188778
v 0.225312 1.700183 -0.150426
v 0.304532 1.330943 -0.064294
v 0.315374 1.339360 -0.039643
v 0.292894 1.234100 -0.022848
v 0.304063 1.249802 0.014825
v 0.293491 1.244781 -0.002467
v 0.308138 1.289912 -0.021054
v 0.300210 1.284035 -0.041308
v 0.300660 1.408391 -0.049488
v 0.309626 1.398176 -0.082998
v 0.074146 1.566268 0.004781
v 0.245872 1.778848 -0.092065
v 0.077747 1.379293 -0.006965
v 0.108081 1.416174 -0.058885
v 0.147535 1.443858 -0.129664
v 0.115012 1.252289 -0.073012
v 0.187023 1.283941 -0.142184
v 0.080715 1.216207 -0.049387
v 0.171450 1.283122 -0.029940
v 0.059294 1.215566 0.009394
v 0.196224 1.307342 -0.135314
v 0.035018 1.129885 -0.023321
v 0.082111 1.107821 0.011938
v 0.156037 1.158071 0.027079
v 0.202070 1.165285 -0.046310
v 0.037988 1.089422 -0.070407
v 0.183639 0.994208 0.115320
v 0.107183 0.972345 0.115239
v 0.048831 0.947046 0.018878
v 0.233933 0.976398 0.054412
v 0.106408 0.625452 0.092825
v 0.158239 0.539878 0.090277
v 0.256277 0.607513 0.114305
v 0.260729 0.497122 0.092361
v 0.191266 0.598998 0.134292
v 0.214480 0.492911 0.110903
v 0.245283 0.950303 -0.013303
v -0.002943 1.311864 -0.037388
v -0.059583 1.508624 -0.002857
v -0.147839 1.730279 0.009946
v -0.109532 1.627803 0.026252
v -0.214794 1.710438 -0.176419
v -0.215236 1.692865 -0.123525
v -0.194260 1.684653 -0.021877
v -0.128295 1.344280 -0.058626
v -0.051137 1.293930 -0.036858
v 0.004733 1.692736 0.013085
v -0.005285 1.763151 -0.013799
v -0.004342 1.103893 -0.161003
v -0.160350 1.128168 -0.088384
v -0.054898 1.102605 -0.073088
v -0.143028 1.493713 -0.115253
v -0.108026 1.505056 -0.052007
v -0.144002 1.616131 -0.037611
v -0.105278 1.776862 0.001018
v -0.168869 0.960755 -0.076852
v -0.227892 1.008198 -0.142481
v -0.099451 0.937858 -0.087765
v -0.171664 0.789887 -0.169000
v -0.224088 0.823589 -0.227939
v -0.137569 0.781220 -0.161319
v -0.201839 0.683570 -0.191935
v -0.138327 0.672879 -0.207330
v -0.094248 0.682306 -0.314011
v -0.213640 0.658391 -0.289388
v -0.261332 0.705881 -0.320841
v -0.146084 0.629275 -0.263067
v -0.169818 0.492413 -0.520427
v -0.140852 1.293433 -0.066516
v -0.044716 1.247089 0.026286
v -0.206649 1.679979 -0.132007
v -0.268541 1.711691 -0.046558
v -0.287040 1.658965 -0.096119
v -0.229525 1.706512 -0.050071
v -0.248215 1.675909 -0.088941
v 0.000373 1.520668 -0.002762
v -0.441650 1.412270 -0.202059
v -0.501426 1.422112 -0.224859
v -0.411900 1.552028 -0.183454
v -0.376899 1.598146 -0.145821
v -0.388659 1.508091 -0.133625
v -0.350134 1.558306 -0.109420
v -0.328392 1.468446 -0.138961
v -0.284541 1.528100 -0.112525
v -0.292182 1.475547 -0.197942
v -0.253348 1.533440 -0.166335
v -0.287101 1.508643 -0.262591
v -0.236530 1.568697 -0.238743
v -0.492817 1.442247 -0.292442
v -0.474952 1.464354 -0.286736
v -0.461729 1.449470 -0.247667
v -0.444409 1.429378 -0.228707
v -0.440337 1.437127 -0.226882
v -0.399943 1.412354 -0.248600
v -0.402743 1.419647 -0.234680
v -0.380482 1.411955 -0.263949
v -0.371993 1.413679 -0.309676
v -0.360245 1.437640 -0.176572
v -0.414320 1.475213 -0.175183
v -0.439057 1.532991 -0.258415
v -0.432623 1.509288 -0.212863
v -0.328201 1.447398 -0.231839
v -0.325743 1.471554 -0.283538
v -0.354495 1.435500 -0.303435
v -0.367318 1.426343 -0.255115
v -0.448142 1.468609 -0.237946
v -0.430678 1.449560 -0.212640
v -0.389009 1.426401 -0.218054
v -0.240425 1.629045 -0.123640
v -0.295259 1.633908 -0.121313
v -0.351405 1.660422 -0.137814
v -0.229581 1.651826 -0.191468
v -0.227467 1.635507 -0.152120
v -0.512716 1.387601 -0.204145
v -0.450388 1.376871 -0.197507
v 0.002753 1.618483 0.024841
v 0.001641 1.571940 0.010294
v -0.069368 1.574096 0.011437
v -0.234000 1.745622 -0.034367
v -0.081431 1.376271 -0.003336
v -0.113763 1.412175 -0.052364
v -0.156780 1.200882 -0.084894
v -0.199857 1.241307 -0.151350
v -0.069730 1.162543 -0.064119
v -0.155948 1.241380 -0.082500
v -0.067210 1.204051 0.006664
v -0.004655 1.100989 -0.043164
v -0.044448 1.108439 -0.043249
v -0.089377 1.030368 -0.094589
v -0.164264 1.055064 -0.079536
v -0.208729 1.099024 -0.142773
v -0.045201 1.058896 -0.140312
v -0.184719 0.867653 -0.102495
v -0.107229 0.852000 -0.111082
v -0.232691 0.885120 -0.165346
v -0.001680 1.379043 -0.019553
v -0.145291 0.551774 -0.422552
v -0.243928 0.576474 -0.356039
v -0.247206 0.520512 -0.453737
v -0.178616 0.556842 -0.349155
v -0.200722 0.504497 -0.444610
v -0.209690 1.111594 -0.183725
v -0.080534 1.207505 -0.037624
v -0.070740 1.262680 -0.028674
v -0.004376 1.249352 0.026415
v 0.010891 1.257146 -0.271247
v 0.007597 1.106357 -0.177551
v 0.007241 1.102621 -0.125488
v 0.008721 1.113169 -0.285470
v -0.013336 1.104343 -0.186082
v -0.021124 1.256842 -0.270577
v -0.013880 1.118200 -0.294053
v -0.013094 1.096081 -0.156550
v -0.022651 1.328742 -0.269892
v 0.010346 1.328777 -0.270201
v -0.003964 1.111461 -0.309904
v -0.005796 1.256371 -0.289609
v 0.008982 1.115827 -0.304767
v 0.010732 1.259440 -0.287225
v -0.014190 1.118058 -0.308019
v -0.021344 1.259039 -0.286673
v -0.005910 1.332366 -0.290606
v 0.010170 1.330084 -0.286558
v -0.022828 1.330118 -0.286202
v -0.486388 1.231966 -0.286759
v -0.473346 1.248000 -0.291322
v -0.451664 1.247523 -0.295955
v -0.436586 1.232404 -0.308499
v -0.437034 1.210178 -0.316380
v -0.446863 1.191879 -0.303702
v -0.463203 1.189182 -0.286120
v -0.481235 1.206652 -0.281349
v -0.517329 1.194102 -0.316621
v -0.511164 1.208997 -0.327265
v -0.491358 1.212015 -0.336271
v -0.469299 1.201094 -0.341468
v -0.458931 1.182377 -0.338745
v -0.462834 1.165906 -0.321175
v -0.480742 1.161977 -0.306322
v -0.503864 1.173820 -0.304521
v -0.536284 1.143553 -0.355794
v -0.532488 1.153383 -0.371883
v -0.512261 1.157276 -0.381111
v -0.485983 1.152365 -0.374050
v -0.469775 1.141012 -0.359830
v -0.472017 1.129719 -0.342099
v -0.489769 1.124394 -0.326856
v -0.517980 1.130907 -0.334315
v -0.546536 1.085435 -0.391242
v -0.541278 1.089305 -0.409738
v -0.520138 1.092480 -0.419515
v -0.492381 1.092291 -0.409591
v -0.471783 1.087667 -0.383494
v -0.472573 1.080800 -0.360822
v -0.494601 1.077195 -0.353444
v -0.529388 1.081393 -0.370980
v -0.549660 1.022900 -0.405742
v -0.539822 1.021851 -0.423349
v -0.518230 1.024449 -0.432530
v -0.494329 1.027590 -0.427233
v -0.482697 1.029208 -0.409146
v -0.489879 1.029098 -0.389745
v -0.512867 1.027893 -0.381278
v -0.538128 1.025688 -0.388756
v -0.526054 0.958909 -0.414075
v -0.517940 0.955354 -0.431480
v -0.502446 0.957711 -0.441032
v -0.485587 0.962829 -0.435339
v -0.477716 0.968046 -0.414611
v -0.487781 0.971117 -0.391271
v -0.506704 0.970654 -0.383296
v -0.522108 0.965801 -0.393974
v -0.521860 0.908830 -0.414018
v -0.516674 0.902448 -0.432691
v -0.494357 0.900524 -0.439305
v -0.478066 0.905121 -0.431087
v -0.474904 0.912549 -0.409741
v -0.481398 0.918666 -0.388617
v -0.494536 0.920028 -0.381787
v -0.511291 0.915709 -0.392060
v -0.524546 0.875145 -0.405433
v -0.520382 0.864160 -0.423924
v -0.502893 0.856707 -0.430003
v -0.481070 0.857106 -0.420887
v -0.468447 0.864987 -0.400824
v -0.473821 0.875427 -0.380454
v -0.492799 0.882789 -0.372992
v -0.513635 0.882865 -0.383824
v -0.528185 0.864423 -0.401307
v -0.526130 0.847081 -0.418000
v -0.513239 0.830174 -0.419410
v -0.494959 0.824049 -0.406842
v -0.482536 0.832349 -0.386998
v -0.484495 0.849576 -0.370193
v -0.499437 0.865732 -0.366299
v -0.517305 0.872162 -0.379662
v -0.545954 0.855146 -0.392900
v -0.551356 0.833929 -0.405200
v -0.547983 0.811957 -0.402062
v -0.538109 0.801989 -0.384916
v -0.527330 0.809933 -0.364073
v -0.521960 0.831141 -0.351745
v -0.525578 0.852795 -0.354245
v -0.535839 0.862672 -0.370868
v -0.550952 0.855065 -0.391180
v -0.565727 0.836058 -0.400502
v -0.576810 0.817350 -0.392540
v -0.577706 0.809902 -0.371952
v -0.567894 0.818072 -0.350800
v -0.553118 0.837079 -0.341477
v -0.542283 0.855559 -0.348874
v -0.541678 0.862911 -0.369057
v -0.554623 0.863299 -0.392191
v -0.575045 0.851185 -0.401292
v -0.594541 0.842745 -0.393000
v -0.601687 0.842925 -0.372166
v -0.592302 0.851617 -0.350998
v -0.571880 0.863731 -0.341897
v -0.552691 0.871935 -0.349507
v -0.545410 0.871898 -0.370717
v -0.559458 0.889603 -0.397529
v -0.581008 0.881845 -0.407378
v -0.602120 0.879646 -0.400158
v -0.610424 0.884297 -0.380092
v -0.601060 0.893071 -0.358938
v -0.579509 0.900828 -0.349089
v -0.558398 0.903027 -0.356309
v -0.550094 0.898377 -0.376375
v -0.560432 0.929263 -0.407243
v -0.576671 0.921451 -0.415197
v -0.596297 0.921017 -0.407526
v -0.612420 0.931169 -0.391774
v -0.610100 0.943436 -0.374031
v -0.585935 0.947542 -0.362155
v -0.560835 0.944905 -0.366937
v -0.551057 0.937796 -0.386032
v -0.558787 0.976507 -0.419771
v -0.573718 0.969367 -0.426161
v -0.599243 0.973199 -0.422736
v -0.617936 0.986034 -0.410912
v -0.617767 0.999406 -0.395617
v -0.600432 1.005316 -0.386314
v -0.578223 1.001466 -0.390535
v -0.561725 0.989742 -0.405104
v -0.558034 1.027702 -0.435701
v -0.574395 1.022256 -0.442305
v -0.598341 1.026428 -0.439237
v -0.612105 1.036872 -0.425333
v -0.607976 1.047362 -0.408153
v -0.590199 1.052199 -0.399138
v -0.568728 1.048218 -0.403659
v -0.555916 1.038222 -0.419467
v -0.549290 1.072667 -0.443579
v -0.569531 1.071497 -0.454345
v -0.591864 1.076722 -0.451013
v -0.603084 1.085610 -0.435397
v -0.598408 1.093943 -0.418298
v -0.579871 1.095850 -0.408342
v -0.557642 1.089903 -0.411418
v -0.544511 1.080098 -0.425898
v -0.529811 1.129531 -0.447601
v -0.549897 1.133987 -0.461248
v -0.572188 1.144217 -0.462872
v -0.581261 1.152640 -0.444790
v -0.574123 1.155536 -0.422581
v -0.556235 1.152099 -0.411665
v -0.536118 1.142916 -0.415050
v -0.525027 1.133499 -0.430231
v -0.494973 1.182431 -0.441534
v -0.513517 1.192516 -0.459074
v -0.530581 1.204887 -0.453907
v -0.534987 1.210207 -0.422950
v -0.528251 1.209294 -0.401662
v -0.515801 1.203578 -0.400968
v -0.500646 1.192172 -0.408531
v -0.491156 1.182894 -0.425708
v -0.446983 1.232227 -0.419669
v -0.463635 1.245737 -0.438869
v -0.478823 1.260578 -0.434265
v -0.485812 1.268715 -0.416065
v -0.478724 1.263512 -0.386242
v -0.468539 1.253646 -0.390058
v -0.448026 1.235427 -0.378226
v -0.441602 1.228294 -0.400079
v -0.394675 1.280017 -0.396446
v -0.406885 1.296817 -0.391467
v -0.420604 1.311831 -0.385728
v -0.427015 1.318296 -0.380667
v -0.420938 1.310855 -0.353304
v -0.406758 1.294207 -0.341272
v -0.395644 1.279298 -0.358307
v -0.387625 1.272816 -0.370358
v -0.338751 1.323804 -0.368967
v -0.349996 1.344484 -0.364980
v -0.361430 1.362283 -0.338353
v -0.365103 1.364674 -0.322091
v -0.366920 1.357327 -0.306071
v -0.355388 1.338136 -0.306020
v -0.336488 1.318189 -0.320890
v -0.334715 1.313097 -0.353623
v -0.278966 1.368094 -0.321594
v -0.290360 1.393255 -0.314545
v -0.300604 1.409655 -0.294831
v -0.302620 1.408753 -0.272664
v -0.300179 1.392975 -0.269283
v -0.289047 1.370484 -0.267825
v -0.274929 1.353354 -0.277632
v -0.272091 1.353062 -0.301278
v -0.223886 1.393697 -0.309558
v -0.230322 1.419469 -0.308310
v -0.236752 1.436978 -0.289871
v -0.239092 1.436499 -0.263982
v -0.235958 1.418440 -0.245584
v -0.229308 1.393314 -0.245809
v -0.223209 1.375704 -0.264797
v -0.221013 1.375807 -0.291211
v -0.173355 1.399768 -0.304176
v -0.171307 1.426352 -0.302504
v -0.172365 1.444592 -0.283334
v -0.175587 1.444047 -0.257512
v -0.178973 1.425338 -0.239780
v -0.180596 1.399408 -0.240603
v -0.179625 1.381372 -0.259652
v -0.176826 1.381431 -0.286222
v 0.090140 1.657989 -0.012355
v 0.084216 1.668537 -0.014502
v 0.072833 1.672423 -0.012750
v 0.062663 1.667448 -0.008062
v 0.059667 1.656604 -0.003111
v 0.065598 1.646171 -0.000853
v 0.076976 1.642206 -0.002661
v 0.087139 1.647070 -0.007458
v 0.095490 1.662379 0.007786
v 0.090496 1.673457 0.009137
v 0.079320 1.677513 0.011728
v 0.068511 1.672230 0.014062
v 0.064399 1.660692 0.014781
v 0.069395 1.649621 0.013454
v 0.080568 1.645508 0.010852
v 0.091376 1.650788 0.008500
v 0.098317 1.658417 0.022959
v 0.094279 1.667961 0.029408
v 0.083351 1.671659 0.033339
v 0.071933 1.667398 0.032421
v 0.066711 1.657571 0.027233
v 0.070748 1.648003 0.020783
v 0.081676 1.644277 0.016866
v 0.093095 1.648592 0.017771
v 0.099138 1.647416 0.032704
v 0.095486 1.652990 0.042923
v 0.084673 1.655496 0.047978
v 0.073033 1.653515 0.044886
v 0.067382 1.648108 0.035496
v 0.071034 1.642504 0.025284
v 0.081846 1.639968 0.020240
v 0.093487 1.642006 0.023315
v 0.098710 1.631379 0.037450
v 0.095015 1.633343 0.048915
v 0.084188 1.634539 0.054414
v 0.072568 1.634284 0.050718
v 0.066961 1.632689 0.040008
v 0.070655 1.630677 0.028557
v 0.081483 1.629446 0.023067
v 0.093103 1.629745 0.026749
v 0.097777 1.611669 0.038154
v 0.093993 1.611301 0.049761
v 0.083123 1.611388 0.055322
v 0.071534 1.611916 0.051573
v 0.066013 1.612521 0.040724
v 0.069798 1.613237 0.029053
v 0.080667 1.612686 0.023578
v 0.092256 1.612216 0.027314
v 0.096991 1.589443 0.035502
v 0.093161 1.587573 0.046937
v 0.082263 1.586704 0.052386
v 0.070680 1.587386 0.048653
v 0.065197 1.589181 0.037933
v 0.069027 1.591172 0.026492
v 0.079925 1.591835 0.021059
v 0.091507 1.591189 0.024785
v 0.096980 1.565558 0.030104
v 0.093155 1.562531 0.041278
v 0.082262 1.560764 0.046506
v 0.070680 1.561312 0.042724
v 0.065193 1.563820 0.032151
v 0.069018 1.566951 0.020984
v 0.079911 1.568564 0.015753
v 0.091492 1.568046 0.019532
v 0.098354 1.540995 0.022462
v 0.094597 1.536915 0.033311
v 0.083771 1.534138 0.038210
v 0.072216 1.534281 0.034283
v 0.066699 1.537231 0.023830
v 0.070456 1.541283 0.012980
v 0.081282 1.544071 0.008086
v 0.092837 1.543953 0.012014
v 0.101687 1.517228 0.013109
v 0.098094 1.512114 0.023556
v 0.087458 1.508151 0.027982
v 0.076009 1.507621 0.023776
v 0.070452 1.510773 0.013386
v 0.074045 1.516626 0.003149
v 0.084681 1.519848 -0.001481
v 0.096131 1.520438 0.002742
v 0.107479 1.495431 0.002604
v 0.104215 1.489145 0.012503
v 0.094014 1.483639 0.016196
v 0.082849 1.482136 0.011514
v 0.077261 1.485440 0.001165
v 0.080525 1.492497 -0.008404
v 0.090726 1.497194 -0.012443
v 0.101890 1.498772 -0.007723
v 0.116100 1.476775 -0.008478
v 0.113463 1.469152 0.000642
v 0.104160 1.461746 0.003215
v 0.093639 1.458888 -0.002276
v 0.088064 1.462223 -0.012634
v 0.090701 1.470539 -0.021348
v 0.100004 1.477230 -0.024341
v 0.110524 1.480125 -0.018820
v 0.128155 1.461966 -0.019902
v 0.126278 1.453357 -0.011492
v 0.118300 1.444256 -0.010154
v 0.108893 1.439978 -0.016690
v 0.103566 1.443032 -0.027273
v 0.105442 1.452245 -0.035230
v 0.113420 1.460752 -0.037015
v 0.122828 1.465034 -0.030468
v 0.138028 1.454221 -0.026682
v 0.136546 1.445278 -0.018541
v 0.129849 1.435111 -0.018076
v 0.121857 1.429659 -0.025584
v 0.117253 1.432123 -0.036663
v 0.118734 1.441601 -0.044342
v 0.125432 1.451263 -0.045244
v 0.133424 1.456704 -0.037737
v 0.148478 1.448155 -0.031632
v 0.147245 1.439061 -0.023612
v 0.141898 1.428116 -0.023790
v 0.135569 1.421710 -0.032092
v 0.131965 1.423606 -0.043649
v 0.133198 1.432714 -0.051666
v 0.138545 1.443679 -0.051460
v 0.144874 1.450071 -0.043161
v 0.158630 1.444263 -0.034841
v 0.158018 1.434931 -0.027021
v 0.154566 1.423284 -0.027800
v 0.150295 1.416118 -0.036751
v 0.147708 1.417645 -0.048623
v 0.148320 1.426991 -0.056438
v 0.151772 1.438661 -0.055632
v 0.156042 1.445812 -0.046686
v 0.167885 1.442619 -0.036605
v 0.168427 1.433095 -0.029015
v 0.167575 1.421025 -0.030298
v 0.165827 1.413460 -0.039728
v 0.164208 1.414848 -0.051768
v 0.163667 1.424387 -0.059351
v 0.164519 1.436474 -0.058049
v 0.166267 1.444022 -0.048628
v 0.175865 1.443097 -0.037275
v 0.178169 1.433701 -0.029853
v 0.180621 1.421881 -0.031444
v 0.181784 1.414554 -0.041127
v 0.180977 1.416022 -0.053219
v 0.178673 1.425440 -0.060624
v 0.176221 1.437266 -0.059030
v 0.175058 1.444574 -0.049361
v 0.182741 1.445615 -0.037174
v 0.187191 1.437016 -0.029755
v 0.193202 1.426539 -0.031334
v 0.197879 1.420141 -0.042547
v 0.196971 1.421995 -0.053070
v 0.192521 1.430602 -0.060483
v 0.186510 1.441088 -0.058899
v 0.182459 1.447298 -0.049250
v 0.189091 1.450706 -0.036449
v 0.195510 1.443651 -0.028841
v 0.204510 1.435556 -0.030106
v 0.210818 1.431160 -0.039501
v 0.210742 1.432986 -0.051568
v 0.204323 1.440010 -0.059206
v 0.195323 1.448133 -0.057923
v 0.189015 1.452559 -0.048499
v 0.195047 1.459573 -0.035080
v 0.202810 1.454449 -0.027185
v 0.213711 1.449107 -0.028031
v 0.221364 1.446653 -0.037135
v 0.221288 1.448488 -0.049194
v 0.213525 1.453565 -0.057129
v 0.202629 1.458937 -0.056280
v 0.194973 1.461432 -0.047132
v 0.199964 1.473315 -0.033102
v 0.208422 1.470062 -0.024925
v 0.220253 1.467192 -0.025426
v 0.228522 1.466364 -0.034317
v 0.228389 1.468061 -0.046389
v 0.219961 1.471288 -0.054660
v 0.208184 1.474155 -0.054291
v 0.199877 1.475008 -0.045285
v 0.203084 1.492484 -0.031019
v 0.211685 1.490842 -0.022384
v 0.223823 1.489914 -0.022619
v 0.232329 1.490266 -0.031461
v 0.232301 1.491699 -0.043918
v 0.223844 1.493333 -0.052945
v 0.211812 1.494217 -0.052967
v 0.203164 1.493870 -0.043736
v 0.204442 1.517142 -0.030717
v 0.212818 1.516847 -0.021396
v 0.225012 1.517418 -0.021569
v 0.233811 1.518569 -0.031009
v 0.234224 1.519620 -0.044640
v 0.226110 1.519899 -0.054749
v 0.214048 1.519249 -0.054846
v 0.205007 1.518106 -0.044656
v 0.204805 1.547524 -0.034865
v 0.213372 1.547884 -0.025813
v 0.225871 1.549063 -0.026719
v 0.234725 1.550503 -0.036629
v 0.234821 1.551368 -0.049966
v 0.226306 1.551054 -0.059319
v 0.214104 1.549727 -0.058938
v 0.205186 1.548246 -0.048703
v 0.204839 1.571090 -0.038430
v 0.213587 1.571476 -0.029612
v 0.226168 1.572408 -0.030692
v 0.234957 1.573498 -0.040644
v 0.234895 1.574096 -0.053884
v 0.226122 1.573759 -0.062822
v 0.213813 1.572654 -0.062180
v 0.205051 1.571514 -0.052115
v 0.206196 1.597533 -0.042899
v 0.215633 1.597625 -0.035146
v 0.228926 1.597989 -0.037532
v 0.238302 1.598524 -0.048899
v 0.238267 1.598918 -0.062679
v 0.228867 1.598855 -0.070653
v 0.215225 1.598402 -0.067246
v 0.206035 1.597806 -0.056122
v 0.207956 1.625985 -0.047045
v 0.217203 1.626015 -0.038808
v 0.230007 1.626179 -0.040342
v 0.238457 1.626561 -0.050135
v 0.237641 1.626891 -0.062498
v 0.228255 1.626874 -0.070545
v 0.215870 1.626510 -0.069672
v 0.207556 1.626113 -0.060070
v 0.207342 1.656051 -0.046690
v 0.216662 1.656082 -0.038553
v 0.229995 1.655912 -0.040869
v 0.238845 1.655953 -0.051353
v 0.238078 1.656119 -0.063906
v 0.228622 1.656102 -0.071891
v 0.216016 1.655923 -0.070601
v 0.207286 1.655872 -0.060250
v 0.209613 1.685490 -0.050915
v 0.218823 1.685633 -0.042506
v 0.231549 1.685664 -0.043879
v 0.239816 1.685831 -0.053530
v 0.238897 1.685945 -0.065954
v 0.229652 1.685789 -0.074383
v 0.217526 1.685452 -0.073889
v 0.209333 1.685282 -0.064280
v 0.214668 1.713202 -0.058993
v 0.224142 1.713455 -0.050873
v 0.236403 1.713936 -0.051847
v 0.243953 1.714504 -0.060872
v 0.242691 1.714712 -0.073153
v 0.233530 1.714381 -0.081868
v 0.221647 1.713741 -0.081516
v 0.213785 1.713250 -0.071895
v 0.219226 1.739223 -0.065684
v 0.229350 1.739417 -0.058325
v 0.241990 1.740191 -0.060179
v 0.249599 1.741156 -0.069985
v 0.247900 1.741675 -0.082254
v 0.237936 1.741431 -0.089890
v 0.225459 1.740585 -0.088248
v 0.217691 1.739670 -0.078164
v 0.219513 1.764516 -0.066855
v 0.229866 1.764891 -0.059735
v 0.242555 1.766150 -0.061802
v 0.250124 1.767569 -0.071840
v 0.248231 1.768282 -0.084090
v 0.237961 1.767877 -0.091342
v 0.225299 1.766598 -0.089277
v 0.217647 1.765208 -0.079105
v 0.216576 1.788364 -0.064868
v 0.227469 1.788401 -0.058459
v 0.240063 1.790422 -0.060501
v 0.247510 1.792484 -0.070499
v 0.245497 1.793362 -0.082659
v 0.235188 1.792543 -0.089830
v 0.222605 1.790507 -0.087770
v 0.214344 1.789519 -0.076641
v 0.209082 1.812696 -0.059196
v 0.220413 1.812660 -0.053328
v 0.234613 1.813255 -0.057113
v 0.243038 1.814691 -0.068241
v 0.240852 1.815920 -0.080245
v 0.229268 1.816159 -0.085751
v 0.215365 1.814991 -0.081930
v 0.207069 1.813515 -0.071029
v 0.201902 1.829950 -0.055687
v 0.211873 1.832383 -0.048782
v 0.223948 1.836783 -0.050822
v 0.231060 1.840599 -0.060700
v 0.229062 1.841541 -0.072651
v 0.219107 1.839023 -0.079579
v 0.207038 1.834553 -0.077423
v 0.199907 1.830826 -0.067519
v 0.194224 1.841322 -0.052963
v 0.203189 1.845304 -0.045570
v 0.213483 1.852377 -0.046767
v 0.219206 1.858206 -0.055966
v 0.217129 1.859213 -0.067858
v 0.208317 1.855002 -0.075363
v 0.197877 1.848131 -0.074030
v 0.191998 1.842532 -0.064717
v 0.175097 1.864997 -0.046804
v 0.183993 1.869086 -0.039358
v 0.193915 1.876588 -0.040459
v 0.199399 1.882583 -0.049605
v 0.197395 1.883365 -0.061479
v 0.188715 1.878977 -0.068994
v 0.178389 1.872064 -0.067730
v 0.172691 1.866363 -0.058516
v 0.158750 1.890903 -0.041349
v 0.168461 1.893835 -0.034285
v 0.179646 1.899787 -0.036217
v 0.185817 1.904607 -0.045713
v 0.183855 1.905269 -0.057545
v 0.174576 1.901942 -0.064790
v 0.163313 1.896718 -0.063207
v 0.156641 1.892254 -0.053425
v 0.145507 1.917831 -0.038046
v 0.155654 1.919536 -0.030978
v 0.167676 1.923245 -0.032880
v 0.174765 1.926477 -0.042662
v 0.173107 1.927001 -0.054646
v 0.163327 1.924817 -0.061655
v 0.150995 1.921393 -0.059624
v 0.143546 1.918631 -0.049902
v 0.136135 1.944158 -0.037968
v 0.146374 1.944934 -0.030669
v 0.159032 1.946644 -0.032301
v 0.166681 1.948258 -0.041832
v 0.165111 1.948511 -0.053590
v 0.155143 1.947356 -0.060705
v 0.142503 1.945631 -0.059137
v 0.134589 1.944383 -0.049783
v 0.129647 1.968095 -0.039528
v 0.139695 1.968489 -0.031989
v 0.152530 1.969146 -0.033284
v 0.160477 1.969864 -0.042619
v 0.159033 1.970013 -0.054380
v 0.149091 1.969456 -0.061735
v 0.136404 1.968628 -0.060514
v 0.128334 1.968095 -0.051367
v 0.126169 1.987080 -0.040615
v 0.135835 1.987731 -0.033070
v 0.148243 1.988781 -0.034326
v 0.155986 1.989826 -0.043726
v 0.154562 1.990183 -0.055683
v 0.144914 1.989480 -0.063122
v 0.132634 1.988232 -0.061790
v 0.124868 1.987244 -0.052496
v 0.123968 2.001684 -0.040599
v 0.133406 2.002920 -0.033075
v 0.145385 2.005190 -0.034415
v 0.152863 2.007214 -0.043887
v 0.151482 2.007758 -0.055887
v 0.142065 2.006474 -0.063331
v 0.130105 2.004155 -0.061923
v 0.122606 2.002182 -0.052530
v 0.121293 2.013094 -0.039959
v 0.130406 2.015484 -0.032339
v 0.141843 2.019680 -0.033554
v 0.148902 2.023243 -0.042940
v 0.147457 2.024062 -0.054963
v 0.138354 2.021646 -0.062532
v 0.126921 2.017423 -0.061243
v 0.119851 2.013888 -0.051910
v 0.117283 2.021959 -0.038945
v 0.125554 2.026075 -0.031080
v 0.135704 2.032906 -0.031944
v 0.141785 2.038467 -0.041077
v 0.140237 2.039496 -0.053113
v 0.131968 2.035374 -0.060950
v 0.121824 2.028516 -0.060008
v 0.115742 2.022960 -0.050902
v 0.110939 2.029335 -0.037541
v 0.117695 2.035187 -0.029314
v 0.125634 2.044551 -0.029661
v 0.130101 2.051962 -0.038429
v 0.128482 2.053071 -0.050464
v 0.121727 2.047222 -0.058678
v 0.113793 2.037834 -0.058255
v 0.109325 2.030422 -0.049503
v 0.100383 2.036089 -0.035554
v 0.105358 2.043113 -0.026970
v 0.110777 2.054139 -0.026820
v 0.113463 2.062721 -0.035241
v 0.111844 2.063832 -0.047285
v 0.106870 2.056810 -0.055858
v 0.101455 2.045764 -0.055937
v 0.098769 2.037178 -0.047528
v 0.083768 2.042070 -0.032868
v 0.087156 2.049681 -0.024007
v 0.090386 2.061519 -0.023486
v 0.091562 2.070662 -0.031652
v 0.089998 2.071753 -0.043709
v 0.086611 2.064140 -0.052554
v 0.083385 2.052281 -0.053009
v 0.082207 2.043138 -0.044857
v -0.473626 1.258175 -0.254383
v -0.460021 1.273928 -0.258317
v -0.435280 1.274069 -0.259198
v -0.417130 1.260923 -0.267578
v -0.416483 1.240881 -0.273117
v -0.426456 1.222299 -0.260681
v -0.444847 1.217851 -0.246214
v -0.466261 1.233816 -0.245967
vt -0.208695 0.326957
vt -0.212925 0.328980
vt -0.215196 0.327380
vt -0.194931 0.327949
vt -0.208233 0.328671
vt 0.294083 0.891398
vt 0.302792 0.912859
vt 0.281421 0.900521
vt 0.265234 0.892371
vt 0.260051 0.912859
vt 0.240287 0.893619
vt 0.316537 0.932182
vt 0.472394 0.303175
vt 0.343753 0.303175
vt 0.336057 0.321572
vt 0.339435 0.950504
vt 0.340739 0.986212
vt 0.205199 0.986212
vt 0.274637 0.214470
vt 0.274637 0.330224
vt 0.326821 0.330224
vt 0.461729 0.293735
vt 0.360169 0.293735
vt 0.204892 0.941410
vt 0.256841 0.941410
vt 0.205199 0.950504
vt 0.265234 0.800700
vt 0.294083 0.800700
vt 0.461729 0.272723
vt 0.360169 0.272723
vt 0.418803 0.229831
vt 0.390129 0.227997
vt 0.468767 0.225995
vt 0.490767 0.191224
vt 0.453458 0.189557
vt 0.265234 0.733212
vt 0.294083 0.733212
vt 0.265234 0.679484
vt 0.294083 0.679484
vt 0.274637 0.076815
vt 0.301666 0.076815
vt 0.289998 0.013350
vt 0.326821 0.214470
vt 0.326313 0.199403
vt 0.274637 0.185095
vt 0.317400 0.185095
vt 0.308659 0.169219
vt 0.260051 0.937535
vt 0.205079 0.937535
vt 0.205079 0.912859
vt 0.205079 0.874571
vt 0.224338 0.874571
vt 0.910249 0.064626
vt 0.893995 0.064626
vt 0.893995 0.050653
vt 0.302792 0.937535
vt 0.281421 0.949873
vt 0.039050 0.848255
vt 0.037041 0.847394
vt 0.026797 0.865174
vt 0.059546 0.848230
vt 0.057536 0.847369
vt 0.069796 0.865984
vt 0.067787 0.865123
vt 0.059553 0.883763
vt 0.057543 0.882902
vt 0.039057 0.883789
vt 0.037048 0.882928
vt 0.000000 0.000000
vt 0.467170 0.225711
vt 0.438386 0.215080
vt 0.449307 0.199367
vt 0.489170 0.190940
vt 0.460131 0.163259
vt 0.431584 0.158541
vt 0.428714 0.182184
vt 0.458819 0.158056
vt 0.302244 0.076815
vt 0.306286 0.127590
vt 0.274637 0.127590
vt 0.398239 0.159600
vt 0.384039 0.189265
vt 0.370080 0.131675
vt 0.370378 0.075173
vt 0.318680 0.127988
vt 0.271038 0.351330
vt 0.285799 0.336570
vt 0.321433 0.351331
vt 0.143255 0.128856
vt 0.134093 0.094890
vt 0.171085 0.094890
vt 0.198915 0.128856
vt 0.208076 0.085569
vt 0.513678 -0.037298
vt 0.517229 -0.037298
vt 0.513678 -0.024142
vt 0.208076 0.094890
vt 0.085828 0.049737
vt 0.085828 0.065392
vt 0.057451 0.065392
vt 0.543051 -0.011074
vt 0.538616 -0.000368
vt 0.538616 -0.003504
vt 0.517203 -0.003504
vt 0.517203 -0.000368
vt 0.512768 -0.011074
vt 0.085828 0.081048
vt 0.115647 0.060692
vt 0.134093 0.060692
vt 0.141437 0.048510
vt 0.088726 0.019009
vt 0.141437 0.019009
vt 0.145271 0.200852
vt 0.201244 0.200852
vt 0.205289 0.235523
vt 0.198915 0.109177
vt 0.037786 0.044469
vt 0.037786 0.011986
vt 0.054014 0.013244
vt 0.052545 0.122937
vt 0.037786 0.124195
vt 0.037786 0.086315
vt 0.141225 0.235523
vt 0.201536 0.200852
vt 0.144978 0.200852
vt 0.156292 0.178799
vt 0.143255 0.109177
vt 0.155499 0.180262
vt 0.132947 0.341606
vt 0.173257 0.341673
vt 0.156560 0.341606
vt 0.189954 0.341606
vt 0.213568 0.341606
vt 0.023028 0.122937
vt 0.143323 0.060692
vt 0.171085 0.060692
vt 0.198846 0.060692
vt 0.204296 0.049518
vt 0.265764 0.020017
vt 0.204296 0.020017
vt 0.261456 0.060692
vt 0.208076 0.060692
vt 0.197790 0.020017
vt 0.172386 0.020017
vt 0.172386 0.041477
vt 0.146981 0.020017
vt 0.143400 0.019009
vt 0.173348 0.019009
vt 0.173348 0.048510
vt 0.008315 0.083848
vt 0.008315 0.065392
vt 0.018121 0.065392
vt 0.008315 0.046937
vt 0.203296 0.019009
vt 0.140558 0.060692
vt 0.140475 0.020017
vt 0.087763 0.020017
vt 0.140475 0.041477
vt 0.021558 0.013244
vt 0.201611 0.060692
vt 0.057451 0.045727
vt 0.351014 0.114305
vt 0.360062 0.167270
vt 0.335913 0.127203
vt 0.355350 0.032182
vt 0.322961 0.083034
vt 0.342010 0.168564
vt 0.116315 0.891398
vt 0.128977 0.900521
vt 0.107607 0.912859
vt 0.145165 0.892371
vt 0.150348 0.912859
vt 0.170112 0.893619
vt 0.093862 0.932182
vt 0.473106 0.303253
vt 0.489970 0.321650
vt 0.336769 0.321650
vt 0.069660 0.986212
vt 0.070964 0.950504
vt 0.327399 0.214470
vt 0.327399 0.330223
vt 0.344465 0.303253
vt 0.360881 0.293813
vt 0.152942 0.941410
vt 0.116315 0.800700
vt 0.145165 0.800700
vt 0.360881 0.272801
vt 0.462441 0.272801
vt 0.390841 0.228074
vt 0.419515 0.229909
vt 0.469479 0.226072
vt 0.454170 0.189634
vt 0.116315 0.733212
vt 0.145165 0.733212
vt 0.491479 0.191302
vt 0.462441 0.163621
vt 0.116315 0.679484
vt 0.467170 0.226132
vt 0.438386 0.215501
vt 0.456181 0.267142
vt 0.274637 0.169219
vt 0.309237 0.169219
vt 0.274637 0.199402
vt 0.317978 0.185095
vt 0.150348 0.937535
vt 0.205320 0.937535
vt 0.205320 0.912859
vt 0.186061 0.874571
vt 0.107607 0.937535
vt 0.128977 0.949873
vt 0.069297 0.865265
vt 0.059053 0.847485
vt 0.057043 0.848346
vt 0.038558 0.847460
vt 0.036548 0.848321
vt 0.028307 0.865214
vt 0.026297 0.866075
vt 0.038551 0.882993
vt 0.059046 0.883019
vt 0.057036 0.883880
vt 0.489170 0.191361
vt 0.449307 0.199788
vt 0.460131 0.163680
vt 0.459662 0.158056
vt 0.429557 0.182184
vt 0.432427 0.158541
vt 0.384882 0.189265
vt 0.399081 0.159600
vt 0.370923 0.131675
vt 0.342853 0.168564
vt 0.319523 0.127988
vt 0.142713 0.127038
vt 0.170543 0.127038
vt 0.170543 0.093072
vt 0.198373 0.127038
vt 0.204749 0.020689
vt 0.204749 0.050191
vt 0.266217 0.020689
vt 0.207534 0.093072
vt 0.057312 0.065757
vt 0.085689 0.065757
vt 0.085689 0.050102
vt 0.456290 -0.011074
vt 0.460725 -0.003504
vt 0.460725 -0.000368
vt 0.482138 -0.000368
vt 0.486573 -0.011074
vt 0.482138 -0.003504
vt 0.057312 0.085422
vt 0.085689 0.081413
vt 0.133551 0.093072
vt 0.133551 0.058874
vt 0.115105 0.058874
vt 0.140927 0.050191
vt 0.140927 0.020689
vt 0.088216 0.020689
vt 0.205606 0.233840
vt 0.201560 0.199169
vt 0.145587 0.199169
vt 0.198373 0.107359
vt 0.207534 0.083751
vt 0.037647 0.044834
vt 0.057312 0.046092
vt 0.053875 0.013609
vt 0.037647 0.086680
vt 0.037647 0.124560
vt 0.052405 0.123302
vt 0.141542 0.233840
vt 0.198373 0.099208
vt 0.145294 0.199169
vt 0.201853 0.199169
vt 0.142713 0.107359
vt 0.142713 0.099208
vt 0.155816 0.178579
vt 0.133263 0.339923
vt 0.173574 0.339990
vt 0.156877 0.339923
vt 0.190271 0.339923
vt 0.213884 0.339923
vt 0.017982 0.085422
vt 0.022889 0.123302
vt 0.170543 0.058874
vt 0.142781 0.058874
vt 0.198304 0.058874
vt 0.203852 0.048966
vt 0.203852 0.019464
vt 0.265320 0.019464
vt 0.207534 0.058874
vt 0.260914 0.058874
vt 0.171941 0.040925
vt 0.171941 0.019464
vt 0.197345 0.019464
vt 0.140030 0.040925
vt 0.146536 0.019464
vt 0.172838 0.050191
vt 0.172838 0.020689
vt 0.142890 0.020689
vt 0.017982 0.065757
vt 0.008176 0.065757
vt 0.008176 0.084213
vt 0.017982 0.046092
vt 0.008176 0.047302
vt 0.202786 0.020689
vt 0.140016 0.058874
vt 0.140030 0.019464
vt 0.087318 0.019464
vt 0.037647 0.012351
vt 0.021419 0.013609
vt 0.201069 0.058874
vt 0.359082 0.164061
vt 0.396902 0.159255
vt 0.350034 0.111097
vt 0.371221 0.075173
vt 0.323804 0.083034
vt 0.084754 0.634578
vt 0.072513 0.648008
vt 0.079228 0.623130
vt 0.098207 0.605264
vt 0.126387 0.605424
vt 0.098207 0.586302
vt 0.057001 0.651178
vt 0.057001 0.660814
vt 0.018391 0.660814
vt 0.126269 0.605414
vt 0.098207 0.604695
vt 0.098207 0.587963
vt 0.126490 0.633274
vt 0.340196 0.599846
vt 0.018391 0.651178
vt 0.009601 0.638245
vt 0.065791 0.638245
vt 0.006868 0.621406
vt 0.068524 0.621406
vt 0.037696 0.596461
vt 0.069355 0.475774
vt 0.030234 0.475774
vt 0.030234 0.436653
vt 0.084513 0.611568
vt 0.098349 0.617762
vt 0.109776 0.618302
vt 0.110404 0.628912
vt 0.098459 0.628233
vt 0.098989 0.618204
vt 0.110176 0.617939
vt 0.074082 0.817731
vt 0.082259 0.817731
vt 0.082213 0.817731
vt 0.063503 0.804401
vt 0.016548 0.817731
vt 0.057545 0.785477
vt 0.016384 0.817731
vt 0.011329 0.791751
vt 0.011329 0.811456
vt 0.016384 0.785477
vt 0.063442 0.804401
vt 0.070695 0.812875
vt 0.450839 0.193013
vt 0.446632 0.198764
vt 0.450839 0.198764
vt 0.100069 0.812875
vt 0.100069 0.817731
vt 0.070650 0.812875
vt 0.104600 0.817731
vt 0.104606 0.808790
vt 0.101626 0.805943
vt 0.104606 0.805943
vt 0.446632 0.188174
vt 0.450839 0.184802
vt 0.446632 0.184802
vt 0.011429 0.811456
vt 0.011429 0.791751
vt 0.016548 0.785477
vt 0.305707 0.127590
vt 0.326892 0.199403
vt 0.290577 0.013350
vt 0.146389 0.372639
vt 0.171637 0.422919
vt 0.146389 0.437741
vt 0.125632 0.423030
vt 0.340196 0.587963
vt 0.340196 0.586303
vt 0.340196 0.599219
vt 0.333525 0.949092
vt 0.108115 0.937558
vt 0.068331 0.936488
vt 0.071311 0.950454
vt 0.173945 0.932182
vt 0.265622 0.935874
vt 0.071993 0.598398
vt 0.058112 0.603423
vt 0.017280 0.603423
vt 0.049795 0.428551
vt 0.069355 0.436653
vt 0.077457 0.456213
vt 0.049795 0.483876
vt 0.022132 0.456213
vt 0.308661 0.127212
vt 0.309239 0.127212
vt 0.163067 0.438702
vt 0.161503 0.379810
vt 0.132924 0.438153
vt 0.132749 0.380810
vt 0.360169 0.217128
vt -0.238255 0.353641
vt -0.278064 0.330190
vt -0.252512 0.331758
vt -0.204790 0.255530
vt -0.222948 0.277888
vt -0.246249 0.276307
vt -0.257266 0.250134
vt -0.250314 0.252832
vt -0.230480 0.255338
vt 0.360881 0.217205
vt -0.232638 0.330614
vt -0.225534 0.328364
vt -0.261521 0.353641
vt 0.340072 0.081069
vt 0.397882 0.162464
vt 0.357746 0.030578
vt 0.403293 0.185965
vt 0.356767 0.027370
vt 0.339092 0.077860
vt 0.334933 0.123994
vt 0.402313 0.182757
vt 0.031919 0.436407
vt 0.031919 0.475528
vt 0.051479 0.483630
vt 0.306672 0.402791
vt 0.285798 0.402791
vt 0.271038 0.388030
vt 0.306672 0.336570
vt 0.321433 0.388030
vt 0.300695 0.401936
vt 0.315154 0.387477
vt 0.265787 0.387477
vt 0.315154 0.351525
vt 0.300695 0.337066
vt 0.280246 0.337066
vt 0.265787 0.351525
vt 0.280246 0.401936
vt 0.033097 0.475169
vt 0.033097 0.436049
vt 0.052657 0.427946
vt 0.071040 0.475528
vt 0.079142 0.455967
vt 0.071040 0.436407
vt 0.051479 0.428304
vt 0.023817 0.455967
vt 0.072218 0.436049
vt 0.080320 0.455609
vt 0.072218 0.475169
vt 0.052657 0.483272
vt 0.024995 0.455609
vt 0.018121 0.085057
vt 0.018121 0.045727
vt 0.057451 0.085057
vt -0.214523 0.327893
vt 0.489258 0.321572
vt 0.274637 0.013350
vt 0.910249 0.050653
vt 0.028807 0.866034
vt 0.455064 0.141031
vt 0.171085 0.128856
vt 0.198915 0.101026
vt 0.190222 0.178799
vt 0.143255 0.101026
vt 0.205259 0.048510
vt 0.462441 0.293813
vt 0.145165 0.679484
vt 0.460131 0.273361
vt 0.205320 0.874571
vt 0.067287 0.866125
vt 0.036541 0.883855
vt 0.455907 0.141031
vt 0.190539 0.177116
vt 0.356193 0.032182
vt 0.340196 0.651175
vt 0.221081 0.876536
vt 0.220523 0.832542
vt 0.228166 0.439809
vt 0.263678 0.439809
vt 0.263678 0.459608
vt 0.265234 0.780066
vt 0.205199 0.660531
vt 0.265234 0.749568
vt 0.265234 0.880298
vt 0.252818 0.877424
vt 0.232181 0.802561
vt 0.250108 0.847526
vt 0.751427 0.702210
vt 0.747543 0.728067
vt 0.777373 0.727372
vt 0.787562 0.838869
vt 0.816581 0.847403
vt 0.793486 0.780578
vt -0.222108 0.170441
vt -0.222108 0.158480
vt -0.192226 0.167412
vt 0.778074 0.698521
vt 0.775847 0.789418
vt 0.217022 0.152737
vt 0.224448 0.152237
vt 0.223886 0.148803
vt 0.816904 0.764520
vt 0.774798 0.727412
vt 0.805734 0.203224
vt 0.807362 0.228185
vt 0.832965 0.186582
vt 0.719080 0.406474
vt 0.753074 0.413991
vt 0.749997 0.355420
vt 0.806523 0.351853
vt 0.803786 0.308949
vt 0.757717 0.307531
vt 0.770048 0.235850
vt 0.758139 0.208232
vt 0.748670 0.084210
vt 0.749838 0.109072
vt 0.765839 0.040823
vt 0.823530 0.083689
vt 0.809346 0.016354
vt 0.793442 0.040870
vt 0.799554 0.099351
vt 0.823535 0.298725
vt 0.730976 0.190784
vt 0.750581 0.224279
vt 0.751234 0.439182
vt 0.800673 0.438631
vt 0.797431 0.412703
vt 0.844537 0.420168
vt 0.694871 0.728169
vt 0.694871 0.774141
vt 0.737897 0.774141
vt 0.236346 0.749225
vt 0.205199 0.747209
vt 0.205199 0.833646
vt 0.205199 0.826076
vt 0.250768 0.794934
vt 0.226903 0.769435
vt 0.205199 0.746439
vt 0.216444 0.148663
vt 0.223037 0.143619
vt 0.810223 0.712472
vt 0.789223 0.641683
vt 0.297088 0.439809
vt 0.297088 0.459608
vt 0.843552 0.845227
vt 0.844828 0.854172
vt 0.866053 0.891799
vt 0.893371 0.860991
vt 0.883582 0.926045
vt 0.918667 0.887795
vt 0.889181 0.934100
vt 0.871708 0.842031
vt 0.904949 0.841121
vt 0.930032 0.894312
vt 0.930983 0.852350
vt 0.884001 0.829968
vt 0.864659 0.835733
vt 0.926099 0.850118
vt 0.923630 0.567003
vt 0.935689 0.569757
vt 0.934093 0.548120
vt 0.951530 0.707819
vt 0.959214 0.696355
vt 0.940654 0.694110
vt 0.422802 0.705908
vt 0.413357 0.693687
vt 0.408973 0.694818
vt 0.491998 0.691774
vt 0.495953 0.676516
vt 0.487955 0.679563
vt 0.964857 0.553356
vt 0.952426 0.550670
vt 0.949671 0.571634
vt 0.911826 0.702295
vt 0.911671 0.689144
vt 0.891735 0.686119
vt 0.218286 0.317471
vt 0.937530 0.706670
vt 0.923658 0.546523
vt 0.934776 0.532812
vt 0.467974 0.501734
vt 0.472237 0.506438
vt 0.451595 0.512183
vt 0.943639 0.507851
vt 0.930701 0.508953
vt 0.966274 0.538358
vt 0.952986 0.535302
vt 0.977149 0.543133
vt 0.979017 0.540536
vt 0.976708 0.534448
vt 0.935620 0.483815
vt 0.705793 0.592138
vt 0.702187 0.616349
vt 0.668655 0.613687
vt 0.968161 0.514886
vt 0.958025 0.509539
vt 0.978055 0.511932
vt 1.125638 0.118618
vt 1.100535 0.133020
vt 1.108996 0.136375
vt 0.978806 0.489361
vt 0.969330 0.479768
vt 0.955281 0.477671
vt 1.006181 0.538229
vt 1.001952 0.532908
vt 0.983214 0.559247
vt 0.888701 0.809426
vt 0.921398 0.813573
vt 0.927742 0.769513
vt 0.935737 0.715732
vt 0.933457 0.736569
vt 0.944997 0.738408
vt 0.949053 0.818766
vt 0.415025 0.707437
vt 0.420260 0.718769
vt 0.428314 0.716212
vt 0.484576 0.693372
vt 0.485418 0.702938
vt 0.496324 0.699970
vt 0.947331 0.717087
vt 0.896273 0.699563
vt 0.894607 0.707925
vt 0.908425 0.711042
vt 0.875961 0.763429
vt 0.864133 0.805306
vt 0.945874 0.790858
vt 0.945491 0.762210
vt 0.926092 0.759360
vt 0.421193 0.742664
vt 0.431983 0.738537
vt 0.903593 0.731851
vt 0.887955 0.727976
vt 0.902314 0.754719
vt 0.883549 0.751032
vt 0.961351 0.823820
vt 0.913829 0.672243
vt 0.893342 0.669135
vt 0.408490 0.674946
vt 0.973505 0.678191
vt 0.942851 0.676619
vt 0.492768 0.657779
vt 0.487466 0.659151
vt 0.930642 0.607441
vt 0.947288 0.610263
vt 0.951183 0.583677
vt 0.408480 0.599966
vt 0.405763 0.569871
vt 0.400905 0.570245
vt 0.452851 0.591037
vt 0.458749 0.589528
vt 0.447057 0.561342
vt 0.971871 0.613474
vt 0.970044 0.584651
vt 0.918992 0.605894
vt 0.927803 0.579999
vt 0.967836 0.576424
vt 0.400106 0.632376
vt 0.406199 0.631914
vt 0.921804 0.634877
vt 0.945973 0.638546
vt 0.470813 0.619835
vt 0.477169 0.617684
vt 0.970518 0.640825
vt 0.403396 0.557948
vt 0.398826 0.564443
vt 0.733902 0.276089
vt 0.205199 0.806826
vt 0.205199 0.766347
vt 0.361484 0.735450
vt 0.403134 0.729970
vt 0.357081 0.702404
vt 0.401614 0.673848
vt 0.407764 0.674892
vt 0.808848 0.935983
vt 0.815122 0.868767
vt 0.808160 0.903861
vt 0.461729 0.163543
vt 0.456181 0.266720
vt 0.747786 0.728169
vt 0.717670 0.811546
vt -0.267247 0.250222
vt -0.268340 0.249403
vt -0.274466 0.247695
vt -0.288093 0.247539
vt -0.267551 0.249188
vt 0.281422 0.940336
vt 0.294533 0.932767
vt -0.271259 0.250097
vt 0.268310 0.932767
vt 0.281422 0.910058
vt 0.268310 0.917627
vt 0.294533 0.917627
vt 0.347399 0.774869
vt 0.382672 0.774457
vt 0.330799 0.757678
vt 0.379553 0.708601
vt 0.341877 0.683445
vt 0.318962 0.439809
vt 0.338278 0.728492
vt 0.358987 0.734672
vt 0.294010 0.729976
vt 0.818242 0.670921
vt 0.798403 0.566885
vt 0.821134 0.588181
vt 0.821814 0.539368
vt 0.749756 0.582091
vt 0.752545 0.482853
vt 0.807358 0.490680
vt 0.263678 0.425674
vt 0.297088 0.425674
vt 0.319353 0.415336
vt 0.222780 0.129097
vt 0.224553 0.216603
vt 0.263678 0.415827
vt 0.809824 0.490960
vt 0.799471 0.439478
vt 0.751500 0.438875
vt 0.727200 0.454576
vt 0.719135 0.349972
vt 0.719138 0.811546
vt 0.694871 0.811546
vt 0.317855 0.351202
vt 0.402967 0.351202
vt 0.402967 0.387698
vt 0.317855 0.336523
vt 0.402967 0.336523
vt 0.360420 0.336523
vt 0.402967 0.402376
vt 0.360420 0.402376
vt 0.317855 0.387698
vt 0.317855 0.402376
vt 0.360420 0.387698
vt 0.803393 0.156560
vt 0.744991 0.153676
vt 0.837250 0.133858
vt 0.724674 0.139648
vt 0.131727 0.128856
vt 0.210442 0.128856
vt 0.198915 0.148535
vt 0.171085 0.156686
vt 0.143255 0.148535
vt 0.171085 0.168214
vt 0.143255 0.156686
vt 0.198915 0.156686
vt 0.250015 0.242835
vt 0.249472 0.339005
vt 0.218128 0.339005
vt 0.187159 0.242835
vt 0.186616 0.339005
vt 0.156145 0.339005
vt 0.192021 0.200852
vt 0.154493 0.200852
vt 0.129235 0.242835
vt 0.127722 0.339005
vt 0.102287 0.339005
vt 0.186525 0.235523
vt 0.186404 0.242835
vt 0.184797 0.339005
vt 0.216010 0.339005
vt 0.159989 0.235523
vt 0.158931 0.242835
vt 0.156864 0.339005
vt 0.155289 0.242704
vt 0.165814 0.242704
vt 0.180700 0.242704
vt 0.191225 0.242704
vt 0.754842 0.016164
vt 0.838908 0.342854
vt 0.832778 0.476049
vt 0.927140 0.168133
vt 0.927140 0.103158
vt 0.965403 0.110702
vt 0.927140 0.416928
vt 0.927140 0.376688
vt 0.964943 0.377818
vt 0.927140 0.324940
vt 0.965403 0.327843
vt 0.927140 0.273400
vt 0.965403 0.276623
vt 0.927140 0.221528
vt 0.965403 0.224689
vt 0.965403 0.172336
vt 0.898215 0.218218
vt 0.898215 0.270005
vt 0.898215 0.321717
vt 0.898215 0.373379
vt 0.898215 0.419294
vt 0.898215 0.166462
vt 0.927140 0.077930
vt 0.898215 0.096037
vt 0.189318 0.876536
vt 0.189876 0.832542
vt 0.789637 0.642378
vt 0.753334 0.611309
vt 0.791226 0.644072
vt 0.145164 0.780066
vt 0.145164 0.749568
vt 0.145164 0.880298
vt 0.157580 0.877424
vt 0.160291 0.847526
vt 0.178218 0.802561
vt 0.748508 0.705116
vt 0.776744 0.728991
vt 0.748508 0.728238
vt 0.789028 0.838869
vt 0.794953 0.780578
vt 0.818048 0.847403
vt -0.250651 0.177437
vt -0.251989 0.167412
vt 0.776861 0.698710
vt 0.777314 0.789418
vt 0.222150 0.148770
vt 0.222780 0.152350
vt 0.820021 0.767820
vt 0.776265 0.727412
vt 0.770051 0.235850
vt 0.801674 0.439629
vt 0.749253 0.728169
vt 0.739364 0.774141
vt 0.174053 0.749225
vt 0.159630 0.794934
vt 0.183496 0.769435
vt 0.221456 0.144829
vt 0.811538 0.713342
vt 0.818178 0.765394
vt 0.748508 0.624505
vt 0.704679 0.618878
vt 0.872700 0.840950
vt 0.846132 0.853501
vt 0.894363 0.859910
vt 0.867357 0.891127
vt 0.919660 0.886715
vt 0.882703 0.923736
vt 0.929933 0.893777
vt 0.889939 0.935066
vt 0.884715 0.828685
vt 0.905662 0.839840
vt 0.926812 0.848837
vt 0.931697 0.851068
vt 0.865372 0.834452
vt 0.942296 0.687724
vt 0.946413 0.670064
vt 0.968305 0.672582
vt 0.916492 0.664410
vt 0.945845 0.669410
vt 0.943537 0.686198
vt 0.655672 0.028679
vt 0.893707 0.679168
vt 0.888785 0.660531
vt 0.912279 0.664091
vt 0.912022 0.682468
vt 0.926005 0.770203
vt 0.922406 0.810796
vt 0.888045 0.806439
vt 0.939871 0.700449
vt 0.953548 0.701954
vt 0.950943 0.716533
vt 0.950783 0.774052
vt 0.951470 0.816254
vt 0.958827 0.688861
vt 0.907706 0.694805
vt 0.873139 0.759489
vt 0.896459 0.774598
vt 0.929920 0.739832
vt 0.951492 0.743002
vt 0.938110 0.714488
vt 0.891455 0.690911
vt 0.904900 0.709242
vt 0.887510 0.704931
vt 0.903477 0.734671
vt 0.880124 0.743708
vt 0.956899 0.824165
vt 0.862226 0.802109
vt 0.915397 0.640399
vt 0.920853 0.639998
vt 0.950993 0.645831
vt 0.949598 0.645546
vt 0.972967 0.649123
vt 0.452988 0.628872
vt 0.486825 0.646318
vt 0.455612 0.650480
vt 0.048915 0.735450
vt 0.053318 0.702404
vt 0.007265 0.729970
vt 0.810315 0.935983
vt 0.809627 0.903861
vt 0.816589 0.868767
vt -0.215614 0.328758
vt 0.115866 0.932767
vt 0.128977 0.940336
vt 0.142089 0.932767
vt 0.142089 0.917627
vt 0.128977 0.910058
vt 0.115866 0.917627
vt 0.079600 0.757678
vt 0.027727 0.774457
vt 0.063000 0.774869
vt 0.068522 0.683445
vt 0.030846 0.708601
vt 0.752352 0.624622
vt 0.704224 0.618185
vt 0.713668 0.616909
vt 0.072121 0.728492
vt 0.051412 0.734672
vt 0.116389 0.729976
vt 0.818159 0.671848
vt 0.829688 0.539368
vt 0.822369 0.574909
vt 0.794283 0.547033
vt 0.749756 0.612033
vt 0.787605 0.589812
vt 0.712865 0.573148
vt 0.781923 0.629343
vt 0.811056 0.605210
vt 0.324328 0.439809
vt 0.724972 0.466492
vt 0.488079 0.351202
vt 0.488079 0.336523
vt 0.445513 0.336523
vt 0.445513 0.402376
vt 0.488079 0.402376
vt 0.488079 0.387698
vt 0.445513 0.387698
vt 0.837252 0.133857
vt 0.131185 0.127038
vt 0.209900 0.127038
vt 0.198373 0.146717
vt 0.142713 0.146717
vt 0.170543 0.154868
vt 0.142713 0.154868
vt 0.170543 0.166396
vt 0.198373 0.154868
vt 0.219287 0.242835
vt 0.218642 0.339005
vt 0.187130 0.339005
vt 0.215857 0.242835
vt 0.215445 0.339005
vt 0.248908 0.339005
vt 0.154810 0.199169
vt 0.192338 0.199169
vt 0.157685 0.242835
vt 0.156300 0.339005
vt 0.184232 0.339005
vt 0.160306 0.233840
vt 0.186842 0.233840
vt 0.158324 0.242835
vt 0.156659 0.339005
vt 0.128236 0.339005
vt 0.188293 0.242835
vt 0.248769 0.242835
vt 0.185158 0.242835
vt 0.130369 0.242835
vt 0.102802 0.339005
vt 0.156609 0.177116
vt 0.166131 0.241021
vt 0.155605 0.241021
vt 0.181016 0.241021
vt 0.191542 0.241021
vt 0.966451 0.109970
vt 0.928188 0.102977
vt 0.928188 0.167945
vt 0.965902 0.377259
vt 0.928188 0.376559
vt 0.928188 0.416903
vt 0.966451 0.327150
vt 0.928188 0.324765
vt 0.966451 0.275863
vt 0.928188 0.273203
vt 0.966451 0.223922
vt 0.928188 0.221332
vt 0.966451 0.171604
vt 0.899263 0.166817
vt 0.899263 0.218594
vt 0.899263 0.270375
vt 0.899263 0.322058
vt 0.899263 0.373699
vt 0.899263 0.419607
vt 0.899263 0.096353
vt 0.928188 0.077698
vt 0.098207 0.566863
vt 0.098207 0.543845
vt 0.340196 0.543845
vt 0.340196 0.565336
vt 0.081061 0.518894
vt 0.057996 0.538831
vt 0.053291 0.535209
vt 0.340196 0.542463
vt 0.340196 0.514101
vt 0.098207 0.514101
vt 0.098207 0.542463
vt 0.012486 0.567568
vt 0.039245 0.552183
vt 0.045050 0.557878
vt 0.340196 0.485689
vt 0.340196 0.515806
vt 0.098207 0.515806
vt 0.063925 0.587125
vt 0.033887 0.586381
vt 0.098207 0.485689
vt 0.088270 0.456213
vt 0.077001 0.483419
vt 0.024273 0.483174
vt 0.051479 0.494443
vt 0.078686 0.483174
vt 0.022588 0.483419
vt 0.078686 0.428761
vt 0.089955 0.455967
vt 0.077001 0.429007
vt 0.024273 0.428761
vt 0.013004 0.455967
vt 0.051479 0.417492
vt 0.049795 0.417737
vt 0.022588 0.429007
vt 0.011319 0.456213
vt 0.049795 0.494689
vt 0.091133 0.455609
vt 0.079864 0.482815
vt 0.025451 0.482815
vt 0.014182 0.455609
vt 0.079864 0.428403
vt 0.052657 0.417134
vt 0.025451 0.428403
vt 0.052657 0.494085
vt 0.043219 0.756156
vt 0.040306 0.747613
vt 0.052985 0.747613
vt 0.057788 0.759369
vt 0.050743 0.760512
vt 0.053415 0.557354
vt 0.060256 0.552511
vt 0.007752 0.544772
vt 0.013671 0.524854
vt 0.039610 0.540039
vt 0.091686 0.539610
vt 0.086838 0.567689
vt 0.035678 0.507106
vt 0.063950 0.507106
vt 0.061199 0.544433
vt 0.045851 0.535924
vt 0.038221 0.545811
vt 0.043219 0.739071
vt 0.050743 0.734715
vt 0.057788 0.735858
vt 0.063200 0.739536
vt 0.065471 0.747613
vt 0.063200 0.755691
vt 0.896397 0.774851
vt 0.599774 0.883448
vt 0.561297 0.854960
vt 0.582870 0.921745
vt 0.616042 0.820824
vt 0.678225 0.861730
vt 0.614803 0.685013
vt 0.633951 0.665259
vt 0.646018 0.613967
vt 0.640268 0.786305
vt 0.593797 0.806894
vt 0.597587 0.730558
vt 0.568600 0.761657
vt 0.643245 0.906679
vt 0.678225 0.894221
vt 0.531662 0.421193
vt 0.550643 0.419930
vt 0.555430 0.343234
vt 0.668889 0.351962
vt 0.634903 0.336648
vt 0.634375 0.391180
vt 0.585851 0.227519
vt 0.563660 0.300331
vt 0.598594 0.290127
vt 0.619876 0.288566
vt 0.637173 0.225287
vt 0.625473 0.183991
vt 0.624897 0.226022
vt 0.579947 0.229234
vt 0.584206 0.181269
vt 0.554134 0.187309
vt 0.653993 0.277501
vt 0.635282 0.444310
vt 0.590704 0.401767
vt 0.587334 0.458643
vt 0.660780 0.457389
vt 0.668954 0.408908
vt 0.678969 0.484350
vt 0.663029 0.469399
vt 0.640490 0.487849
vt 0.169750 0.472554
vt 0.205123 0.439809
vt 0.527708 0.847873
vt 0.554713 0.849633
vt 0.543531 0.836136
vt 0.460419 0.913259
vt 0.498288 0.950814
vt 0.513817 0.904756
vt 0.488955 0.882214
vt 0.548893 0.877028
vt 0.507255 0.872475
vt 0.505794 0.849918
vt 0.475602 0.858692
vt 0.511708 0.842833
vt 0.519261 0.829598
vt 0.515433 0.832208
vt 0.441009 0.856961
vt 0.439010 0.554933
vt 0.442428 0.522070
vt 0.418199 0.531674
vt 0.449716 0.546913
vt 0.459754 0.696221
vt 0.459705 0.681441
vt 0.438027 0.686106
vt 0.441217 0.701279
vt 0.413539 0.693072
vt 0.486425 0.677958
vt 0.415183 0.552311
vt 0.398208 0.530200
vt 0.418535 0.515586
vt 0.396596 0.514140
vt 0.398629 0.563832
vt 0.403730 0.556972
vt 0.381295 0.539880
vt 0.422353 0.458923
vt 0.427648 0.456365
vt 0.405527 0.450647
vt 0.386290 0.523060
vt 0.357116 0.512710
vt 0.354317 0.519453
vt 0.382711 0.521604
vt 0.387791 0.516669
vt 0.392142 0.485298
vt 0.384591 0.491676
vt 0.382194 0.489863
vt 0.384932 0.514731
vt 0.411074 0.481401
vt 0.387689 0.456455
vt 0.390079 0.453748
vt 0.380113 0.464899
vt 0.434769 0.480896
vt 0.441109 0.479491
vt 0.382298 0.466552
vt 0.447358 0.524393
vt 0.404868 0.453368
vt 0.466186 0.706799
vt 0.422706 0.705318
vt 0.428041 0.715303
vt 0.444893 0.711449
vt 0.426987 0.798805
vt 0.431300 0.828173
vt 0.441305 0.820272
vt 0.439821 0.796121
vt 0.461024 0.813811
vt 0.501095 0.809680
vt 0.493148 0.779884
vt 0.518992 0.805161
vt 0.513171 0.775985
vt 0.528663 0.800905
vt 0.490564 0.725229
vt 0.500079 0.721637
vt 0.474127 0.728787
vt 0.448998 0.734797
vt 0.450476 0.759869
vt 0.484005 0.750581
vt 0.431862 0.738836
vt 0.436926 0.764936
vt 0.425575 0.767985
vt 0.609248 0.577293
vt 0.630515 0.553988
vt 0.496567 0.749736
vt 0.522741 0.772259
vt 0.507851 0.746163
vt 0.456320 0.666457
vt 0.436190 0.669420
vt 0.425537 0.596724
vt 0.416352 0.567532
vt 0.405135 0.570191
vt 0.438548 0.593768
vt 0.429428 0.562449
vt 0.448869 0.624290
vt 0.469577 0.619359
vt 0.432912 0.628749
vt 0.408676 0.599661
vt 0.656926 0.191525
vt 0.638761 0.906679
vt 0.619797 0.906679
vt 0.595291 0.883448
vt 0.592426 0.714092
vt 0.618598 0.740454
vt 0.406348 0.632091
vt 0.678225 0.820170
vt 0.678225 0.752763
vt 0.647339 0.744871
vt 0.456884 0.910500
vt 0.440113 0.852568
vt 0.485420 0.879455
vt 0.592865 0.909282
vt 0.624280 0.906679
vt 0.591919 0.647269
vt 0.589918 0.699250
vt 0.228166 0.459608
vt 0.420813 0.743732
vt 0.564878 0.591328
vt 0.585018 0.501287
vt 0.228166 0.425674
vt 0.205123 0.425674
vt 0.228166 0.415827
vt 0.205123 0.415827
vt 0.194362 0.406656
vt 0.174978 0.369568
vt 0.557960 0.525512
vt 0.556385 0.475740
vt 0.537258 0.476623
vt 0.586751 0.342137
vt 0.534378 0.342854
vt 0.573993 0.114675
vt 0.549807 0.134171
vt 0.580495 0.049359
vt 0.563624 0.083606
vt 0.614420 0.113662
vt 0.609143 0.049432
vt 0.663268 0.139987
vt 0.639073 0.084118
vt 0.577908 0.015739
vt 0.632840 0.015538
vt 0.678225 0.625270
vt 0.148629 0.474160
vt 0.647453 0.488836
vt 0.580579 0.500657
vt 0.630843 0.443681
vt 0.545666 0.523769
vt 0.559152 0.577952
vt 0.678225 0.665259
vt 0.550185 0.909702
vt 0.557447 0.947771
vt 0.578387 0.921745
vt 0.556814 0.854960
vt 0.611559 0.820824
vt 0.610319 0.685013
vt 0.602423 0.645671
vt 0.649016 0.615720
vt 0.635785 0.786305
vt 0.589314 0.806894
vt 0.564116 0.761657
vt 0.593103 0.730558
vt 0.550991 0.342605
vt 0.546204 0.419300
vt 0.526890 0.420516
vt 0.664451 0.351333
vt 0.664515 0.408278
vt 0.629936 0.390551
vt 0.581412 0.226890
vt 0.594155 0.289498
vt 0.563927 0.301593
vt 0.615438 0.287937
vt 0.630464 0.336019
vt 0.632734 0.224658
vt 0.620457 0.225392
vt 0.621033 0.183362
vt 0.575508 0.228604
vt 0.549695 0.186680
vt 0.579767 0.180639
vt 0.649554 0.276871
vt 0.582894 0.458014
vt 0.586265 0.401138
vt 0.658591 0.468769
vt 0.595333 0.617545
vt 0.523196 0.846415
vt 0.521906 0.832842
vt 0.535578 0.839159
vt 0.509568 0.903323
vt 0.503007 0.871043
vt 0.544508 0.876092
vt 0.474706 0.854299
vt 0.502260 0.847159
vt 0.508173 0.840074
vt 0.514091 0.832273
vt 0.550230 0.849633
vt 0.434855 0.677085
vt 0.430401 0.655797
vt 0.455935 0.650247
vt 0.410838 0.662198
vt 0.487509 0.646566
vt 0.484023 0.667611
vt 0.463611 0.669428
vt 0.480767 0.681915
vt 0.415843 0.681622
vt 0.439666 0.691420
vt 0.418034 0.779344
vt 0.430435 0.774554
vt 0.438427 0.814422
vt 0.405804 0.683842
vt 0.426839 0.694622
vt 0.449349 0.768298
vt 0.459150 0.807632
vt 0.492875 0.665489
vt 0.490547 0.757495
vt 0.501262 0.803291
vt 0.512019 0.753314
vt 0.520070 0.798541
vt 0.520843 0.750879
vt 0.525997 0.802117
vt 0.464744 0.685876
vt 0.430564 0.710693
vt 0.422979 0.712223
vt 0.492610 0.695861
vt 0.484474 0.697879
vt 0.470552 0.700947
vt 0.481537 0.725183
vt 0.444251 0.735512
vt 0.442607 0.707631
vt 0.429183 0.741146
vt 0.417992 0.742339
vt 0.638594 0.533669
vt 0.586235 0.559533
vt 0.499761 0.723376
vt 0.427486 0.632459
vt 0.410802 0.633422
vt 0.652486 0.190896
vt 0.607123 0.545888
vt 0.628471 0.568792
vt 0.610924 0.533762
vt 0.614114 0.740454
vt 0.678225 0.789462
vt 0.642855 0.744871
vt 0.588381 0.909282
vt 0.508333 0.719183
vt 0.629468 0.665259
vt 0.585435 0.699250
vt 0.587435 0.655460
vt 0.579457 0.639179
vt 0.570554 0.608491
vt 0.637364 0.600084
vt 0.586554 0.586925
vt 0.110819 0.396713
vt 0.125345 0.370950
vt 0.151252 0.351223
vt 0.532211 0.475907
vt 0.551947 0.475110
vt 0.656341 0.456760
vt 0.582311 0.341508
vt 0.529530 0.342166
vt 0.545368 0.133542
vt 0.569554 0.114046
vt 0.559185 0.082977
vt 0.609980 0.113033
vt 0.576056 0.048729
vt 0.604704 0.048802
vt 0.658829 0.139357
vt 0.634634 0.083489
vt 0.573469 0.015110
vt 0.628401 0.014909
vt 0.116927 0.464980
vt 0.545801 0.908765
vt 0.553062 0.946835
vt 0.494040 0.949382
vt 0.110800 0.449468
vt 0.106767 0.421271
vt 0.631808 0.565239
vt 0.606907 0.638211
vt 0.487722 0.620614
vt 0.891255 0.636741
vt 0.712198 0.482095
vt 0.712760 0.485530
vt 0.713478 0.573297
vt 0.710462 0.482062
vt 0.709768 0.478121
vt 0.711092 0.485642
vt 0.225356 0.260364
vt 0.215913 0.237761
vt 0.225166 0.240005
vt 0.244553 0.275489
vt 0.244943 0.251015
vt 0.224553 0.239856
vt 0.225356 0.283617
vt 0.215913 0.284893
vt 0.199683 0.244974
vt 0.208939 0.240361
vt 0.209015 0.285152
vt 0.224448 0.128984
vt 0.225166 0.216752
vt 0.451258 0.629214
vt 0.049353 0.061778
vt 0.049332 0.061733
vt 0.049333 0.061757
vt 0.049355 0.061732
vt 0.049338 0.061650
vt 0.049315 0.061498
vt 0.049317 0.061416
vt 0.049320 0.061344
vt 0.049326 0.061238
vt 0.049322 0.061855
vt 0.049359 0.061896
vt 0.049385 0.061960
vt 0.049406 0.062063
vt 0.049458 0.062045
vt 0.049462 0.062079
vt 0.045119 0.872961
vt 0.045041 0.873030
vt 0.045083 0.872937
vt 0.045032 0.872931
vt 0.045141 0.872842
vt 0.045030 0.872848
vt 0.045139 0.872677
vt 0.045046 0.872672
vt 0.045144 0.872587
vt 0.045034 0.872576
vt 0.045157 0.872499
vt 0.045138 0.872502
vt 0.045048 0.872477
vt 0.045178 0.872416
vt 0.045130 0.872385
vt 0.045208 0.872344
vt 0.045130 0.872287
vt 0.045251 0.872286
vt 0.045216 0.872232
vt 0.045280 0.872230
vt 0.045278 0.872139
vt 0.045359 0.872214
vt 0.045389 0.872138
vt 0.045458 0.872193
vt 0.045493 0.872128
vt 0.045485 0.872266
vt 0.045577 0.872221
vt 0.045572 0.872300
vt 0.045512 0.872383
vt 0.045585 0.872380
vt 0.045513 0.872470
vt 0.045585 0.872477
vt 0.045501 0.872580
vt 0.045573 0.872592
vt 0.045491 0.872665
vt 0.045563 0.872677
vt 0.045485 0.872760
vt 0.045557 0.872770
vt 0.045481 0.872859
vt 0.045553 0.872869
vt 0.045479 0.872962
vt 0.045551 0.872971
vt 0.045477 0.873065
vt 0.045580 0.873067
vt 0.045475 0.873166
vt 0.045578 0.873169
vt 0.045472 0.873262
vt 0.045574 0.873268
vt 0.045466 0.873351
vt 0.045568 0.873361
vt 0.045443 0.873497
vt 0.045472 0.873511
vt 0.045454 0.873564
vt 0.045405 0.873578
vt 0.045348 0.873651
vt 0.045346 0.873645
vt 0.045374 0.873672
vt 0.045373 0.873760
vt 0.045278 0.873800
vt 0.045262 0.873868
vt 0.045363 0.873886
vt 0.045249 0.873986
vt 0.045281 0.873989
vt 0.045350 0.873997
vt 0.045344 0.874052
vt 0.045235 0.874072
vt 0.045307 0.874158
vt 0.045239 0.874189
vt 0.045105 0.874173
vt 0.045133 0.874272
vt -0.193565 0.177437
vt 0.817866 0.766007
vt 0.751886 0.624045
vt 0.924177 0.531200
vt 0.446432 0.506906
vt 0.672380 0.586493
vt 1.129668 0.119587
vt 0.402414 0.674288
vt 0.403463 0.600830
vt 0.904566 0.632260
vt 0.809192 0.956139
vt 0.460131 0.272940
vt -0.274705 0.248896
vt 0.751572 0.483513
vt 0.218152 0.242835
vt 0.157189 0.242835
vt 0.104219 0.242835
vt 0.217103 0.242835
vt 0.957352 0.420874
vt 0.844544 0.844147
vt 0.911486 0.692680
vt 0.809847 0.956595
vt 0.802222 0.635659
vt 0.105353 0.242835
vt 0.958403 0.418327
vt 0.340196 0.566863
vt 0.098207 0.565336
vt 0.205123 0.459608
vt 0.441890 0.505427
vt 0.377838 0.547250
vt 0.454734 0.789958
vt 0.496537 0.700114
vt 0.408310 0.674793
vt 0.427914 0.822725
vt 0.419287 0.696216
vt 0.711349 0.476911
vt 0.200156 0.285397
vn 1.000000 0.004700 -0.002900
vn 0.999900 0.009800 -0.006800
vn 0.063900 -0.077300 0.995000
vn -0.019800 -0.078300 0.996700
vn 0.014800 -0.147000 0.989000
vn 0.020300 -0.067700 0.997500
vn -0.119300 -0.003400 0.992900
vn 0.998900 -0.031400 -0.035300
vn 0.004700 -0.666900 0.745200
vn 0.009700 1.000000 -0.001200
vn 0.656900 -0.753000 -0.038800
vn 0.093900 -0.749400 0.655500
vn 0.023100 0.146800 0.988900
vn 0.879300 -0.475900 -0.017900
vn 0.998400 0.054800 0.010500
vn 0.977300 0.129100 0.168100
vn 0.008800 0.527800 0.849300
vn 0.028600 -0.691400 0.721900
vn -0.133100 0.042200 -0.990200
vn -0.018900 -0.386800 -0.922000
vn -0.016800 -0.038600 -0.999100
vn -0.135700 0.959000 -0.248700
vn 0.021200 -0.221100 0.975000
vn -0.054100 0.006500 0.998500
vn 0.662200 -0.749200 -0.013800
vn 0.999700 0.009700 -0.024600
vn 0.371200 0.928500 0.006000
vn -0.860600 -0.509000 -0.016200
vn 0.009800 -0.999900 0.010300
vn 0.870700 -0.491100 0.026100
vn 0.861200 0.507900 0.016800
vn 0.006000 0.767300 -0.641300
vn -0.870200 0.492100 -0.025700
vn -0.999700 -0.008700 0.024200
vn -0.999700 -0.004600 0.025100
vn 0.952700 -0.113400 0.282000
vn -0.030600 0.780700 -0.624200
vn -0.113200 -0.010300 0.993500
vn 0.990700 -0.106300 0.085200
vn 0.926800 -0.370200 -0.063500
vn 1.000000 -0.000700 0.000000
vn -0.062100 0.290700 0.954800
vn 0.118600 0.217600 -0.968800
vn -0.991700 0.002200 0.128400
vn 0.062500 0.290300 0.954900
vn -0.000000 -0.999800 0.018100
vn 0.911700 0.392400 0.121500
vn -0.911800 0.392700 0.120100
vn 0.911900 0.362700 -0.191800
vn -0.912000 0.362100 -0.192800
vn -0.122400 0.016600 0.992300
vn -0.994400 -0.001800 -0.105200
vn -0.835400 -0.545500 0.066900
vn 0.918600 0.138900 -0.370100
vn 0.940500 0.139500 0.309900
vn 0.931500 0.363800 -0.006600
vn -0.122400 -0.016600 -0.992300
vn 0.000000 -0.992600 0.121700
vn 0.893200 0.433800 -0.118200
vn -0.060400 0.263800 -0.962700
vn 0.838700 -0.540600 0.066300
vn 0.973600 -0.226600 0.027800
vn -0.844300 0.535800 -0.010600
vn -0.839800 0.542800 -0.010400
vn -0.920800 0.159700 0.355800
vn -0.918600 0.139000 -0.369900
vn -0.963600 -0.265500 0.032600
vn -0.000000 0.992400 -0.123400
vn -0.001200 0.992400 -0.122900
vn -0.001700 0.992600 -0.121700
vn -0.001200 0.992700 -0.120600
vn -0.000000 0.992800 -0.120100
vn 0.001200 0.992700 -0.120600
vn 0.001700 0.992600 -0.121700
vn 0.001200 0.992400 -0.122900
vn -0.037000 0.908000 0.417300
vn 0.037000 0.908000 0.417300
vn 0.991700 0.002200 0.128400
vn 0.139900 -0.018000 -0.990000
vn 0.139900 0.016900 0.990000
vn 0.422400 0.906300 -0.016400
vn -0.880100 0.474600 -0.008600
vn -0.037700 0.863600 -0.502700
vn 0.994400 -0.001900 -0.105200
vn 0.037700 0.863600 -0.502700
vn -0.946500 0.315200 -0.068600
vn 0.971000 -0.221300 0.089900
vn 0.969900 -0.234200 -0.066300
vn -0.011200 -0.088400 0.996000
vn 0.058200 -0.069800 0.995900
vn 0.024600 -0.137800 0.990100
vn 0.038200 -0.064900 0.997200
vn 0.202000 0.004100 0.979400
vn -0.998900 -0.041300 0.023400
vn 0.039100 -0.666100 0.744800
vn -0.009600 0.999900 0.004100
vn -0.613800 -0.789400 0.009400
vn 0.044500 -0.876500 0.479300
vn -0.034800 0.146700 0.988600
vn -0.871800 -0.489100 0.026600
vn -0.998800 0.018200 0.045400
vn -0.999700 0.005700 0.024800
vn 0.019400 0.497000 0.867600
vn -0.985800 0.161600 0.045400
vn 0.033600 -0.740500 0.671200
vn 0.999400 0.009200 -0.032500
vn -0.013300 -0.000900 -0.999900
vn -0.003600 -0.872900 -0.487800
vn -0.000500 -0.867300 -0.497800
vn -0.013500 0.999800 -0.011900
vn 0.029700 -0.220200 0.975000
vn 0.027700 0.003700 0.999600
vn -0.489000 -0.872000 0.021600
vn -0.999500 -0.027200 0.018400
vn -0.585600 0.809300 0.045400
vn 0.868600 -0.492100 -0.057200
vn 0.010300 -0.999900 0.013500
vn -0.858400 -0.508000 0.070400
vn -0.868700 0.492100 0.057100
vn -0.040900 0.895200 -0.443800
vn 0.858500 0.508100 -0.070100
vn 0.999100 0.039600 -0.013400
vn 0.999700 0.007700 -0.021600
vn -0.876200 -0.152900 0.457000
vn 0.081400 -0.103700 0.991300
vn -0.944300 -0.163000 0.285800
vn -0.929100 -0.345800 0.131100
vn 0.387300 -0.230600 0.892600
vn -0.387300 0.256500 -0.885500
vn 0.992800 -0.013200 0.119100
vn -0.047500 0.041400 0.998000
vn 0.017400 -0.963400 -0.267600
vn -0.915000 0.205700 0.347000
vn -0.918000 0.387200 0.085600
vn 0.903900 0.417600 0.092900
vn 0.132400 -0.251400 0.958800
vn 0.993200 0.045700 -0.107100
vn 0.842900 -0.395200 -0.365200
vn -0.930800 0.229900 -0.284200
vn -0.930600 0.004100 0.366000
vn -0.942300 0.319900 0.098800
vn 0.112400 0.254400 -0.960500
vn 0.013800 -0.743200 -0.668900
vn -0.858600 0.510400 -0.048600
vn 0.042700 0.520100 -0.853100
vn -0.831000 -0.418100 -0.366800
vn 0.822700 0.548400 0.149600
vn 0.501200 0.664900 0.553800
vn 0.914200 0.026200 0.404400
vn 0.917600 0.271800 -0.290200
vn 0.967100 -0.183500 -0.176100
vn -0.013800 0.744300 0.667700
vn -0.012600 0.744000 0.668000
vn -0.012100 0.743200 0.668900
vn -0.012600 0.742400 0.669800
vn -0.013800 0.742100 0.670200
vn -0.014900 0.742400 0.669800
vn -0.015400 0.743200 0.668900
vn -0.015000 0.744000 0.668000
vn 0.025000 0.757100 0.652800
vn -0.030000 0.752200 0.658200
vn -0.990200 -0.053300 0.129100
vn -0.150100 0.262100 -0.953300
vn -0.129800 -0.263500 0.955900
vn -0.438100 0.864900 0.244700
vn 0.871900 0.474100 0.122300
vn 0.869700 0.476600 0.128300
vn 0.006900 0.968000 -0.250700
vn -0.995300 0.008700 -0.096200
vn -0.058700 0.967600 -0.245400
vn 0.927700 0.317300 -0.196800
vn -0.893800 -0.385700 0.228800
vn -0.967400 -0.226400 0.113400
vn -0.136100 -0.855500 0.499600
vn -0.927800 -0.066800 -0.367000
vn 0.136100 0.855500 -0.499600
vn -0.378400 0.505400 0.775500
vn -0.895200 0.351700 0.273800
vn 0.378000 0.409000 0.830600
vn -0.333700 -0.763600 0.552800
vn -0.461400 0.866000 -0.192600
vn -0.038400 0.482100 0.875300
vn -0.733000 -0.273400 -0.622800
vn 0.108200 0.816500 -0.567000
vn 0.042700 -0.587400 0.808200
vn 0.895200 -0.351700 -0.273800
vn -0.102300 -0.497100 -0.861600
vn 0.268700 -0.536700 -0.799800
vn 0.248600 0.765100 -0.594000
vn 0.109900 0.824800 -0.554700
vn -0.378200 -0.410300 -0.829800
vn 0.564500 0.329800 0.756700
vn 0.095800 0.807100 -0.582600
vn -0.081000 -0.889700 0.449300
vn 0.379900 0.420400 0.824000
vn 0.864400 0.116900 0.489000
vn -0.247500 0.539100 0.805000
vn 0.281600 0.952900 -0.112500
vn -0.000500 0.047400 -0.998900
vn -0.013000 -0.022600 -0.999700
vn -0.019000 -0.384600 -0.922900
vn -0.258900 0.737200 -0.624100
vn -0.034600 0.076800 -0.996400
vn 0.016700 -0.424600 0.905200
vn 0.021600 -0.424500 0.905200
vn -0.337200 0.530100 0.778000
vn 0.368900 0.356900 0.858200
vn -0.897100 -0.066600 -0.436800
vn -0.385500 -0.457700 -0.801200
vn -0.012300 -0.885500 0.464400
vn -0.344400 -0.442000 0.828200
vn -0.047200 -0.750700 0.658900
vn 0.282900 -0.552800 0.783800
vn 0.088600 -0.801600 0.591300
vn 0.015100 -0.927300 0.374100
vn 0.378000 0.408900 0.830600
vn 0.103000 0.816200 -0.568500
vn 0.157000 0.806900 -0.569500
vn -0.102000 -0.496600 -0.862000
vn 0.269300 -0.535900 -0.800200
vn 0.279300 -0.013400 -0.960100
vn 0.205300 0.803300 -0.559000
vn -0.895200 0.351600 0.273800
vn -0.378300 -0.410300 -0.829800
vn 0.086300 0.822100 -0.562700
vn -0.148500 -0.868800 0.472400
vn -0.154900 -0.875400 0.457900
vn -0.159600 -0.869200 0.468000
vn -0.151600 -0.872100 0.465300
vn -0.149100 -0.872100 0.466100
vn -0.102700 -0.877000 0.469300
vn -0.055700 0.005500 -0.998400
vn 0.701600 -0.009100 -0.712500
vn -0.466800 -0.053500 -0.882700
vn -0.050300 0.005600 -0.998700
vn 0.028500 -0.406400 0.913300
vn -0.258700 -0.279700 0.924600
vn 0.020900 -0.423800 0.905500
vn -0.091300 -0.477800 0.873700
vn 0.999700 0.008400 -0.024300
vn 0.999600 0.009500 -0.025500
vn 0.996500 -0.006700 -0.083600
vn -0.002200 0.091200 -0.995800
vn -0.024300 0.009100 -0.999700
vn -0.019400 0.008600 -0.999800
vn -0.024200 0.010000 0.999700
vn -0.024400 0.009600 0.999700
vn 0.073300 0.014100 0.997200
vn -0.022900 0.007800 0.999700
vn 0.123100 0.093200 -0.988000
vn -0.592700 -0.370000 -0.715400
vn 0.025500 -0.012300 -0.999600
vn -0.999700 -0.010100 0.024000
vn -0.999500 0.008300 0.031700
vn -0.999600 -0.010700 0.024600
vn -0.023300 0.009500 -0.999700
vn 0.020700 0.105700 -0.994200
vn 0.073500 0.013800 0.997200
vn 0.073300 0.013900 0.997200
vn -0.034300 0.939300 -0.341500
vn 0.024900 -0.011300 -0.999600
vn -0.074400 -0.015600 -0.997100
vn 0.409500 -0.281100 -0.867900
vn -0.949300 0.146800 -0.278000
vn -0.959400 0.267500 0.088900
vn -0.979100 0.093100 -0.181000
vn -0.994300 0.106800 -0.004400
vn 0.869300 0.212700 -0.446100
vn 0.904100 0.332500 -0.268300
vn 0.947700 0.207000 -0.242900
vn 0.889000 0.195700 -0.414100
vn -0.378000 -0.409000 -0.830600
vn 1.000000 0.001100 -0.002200
vn 1.000000 -0.000400 0.000200
vn 1.000000 0.003700 -0.000600
vn -1.000000 -0.003500 -0.000400
vn -1.000000 -0.000100 -0.000100
vn -1.000000 -0.000700 0.001500
vn 1.000000 -0.000100 0.000100
vn -0.378000 -0.408900 -0.830600
vn -1.000000 -0.000600 0.000200
vn 1.000000 0.000000 -0.000000
vn -0.999800 -0.019600 0.005200
vn 0.999700 -0.005400 -0.024500
vn 0.999900 0.012800 -0.004300
vn 0.999500 -0.004700 -0.031500
vn -0.006700 -0.689300 0.724400
vn -0.009500 0.999900 0.008200
vn 0.618000 -0.785600 -0.031000
vn 0.023000 0.146900 0.988900
vn 0.821200 -0.569100 -0.042000
vn 0.978900 0.203900 -0.014700
vn 0.012300 0.526800 0.849900
vn 0.034700 -0.689300 0.723600
vn -0.023000 0.071100 -0.997200
vn 0.000100 -0.000700 -1.000000
vn 0.083400 0.984700 0.152900
vn 0.021600 -0.220900 0.975100
vn 0.021600 -0.219900 0.975300
vn 0.494200 -0.853700 -0.164100
vn 0.332600 0.942900 -0.016700
vn -0.860900 -0.508500 -0.016500
vn 0.008900 -0.999900 0.009800
vn 0.870500 -0.491500 0.026300
vn 0.860700 0.508900 0.016200
vn -0.923400 0.382900 -0.025700
vn 0.409900 0.797100 -0.443300
vn 0.952000 -0.124300 0.279800
vn 0.016100 0.761200 -0.648300
vn 0.992800 -0.090600 0.078300
vn 0.973000 -0.225500 -0.048200
vn -0.381900 0.019900 0.924000
vn 0.382300 -0.015000 -0.923900
vn 0.381900 0.019900 0.924000
vn 0.843600 0.501000 0.193400
vn 0.840200 0.495600 -0.220000
vn -0.382300 -0.015000 -0.923900
vn -0.523000 0.779200 -0.345400
vn -0.530700 0.790400 0.306100
vn -0.979100 -0.203100 -0.007400
vn -0.028800 0.907000 0.420000
vn 0.029300 0.907100 0.419900
vn 0.506300 0.832000 -0.226700
vn -0.879900 0.475000 -0.009100
vn -0.880500 0.474000 -0.009400
vn -0.030400 0.862200 -0.505700
vn 0.246400 0.881100 -0.403700
vn 0.965600 -0.246500 0.083100
vn 0.990600 -0.133500 -0.029100
vn -0.998600 -0.046900 0.022700
vn 0.050100 -0.688900 0.723200
vn -0.020200 0.999800 -0.000500
vn -0.624400 -0.781000 0.007900
vn 0.013000 0.162200 0.986700
vn -0.847500 -0.530600 0.014900
vn -0.998500 -0.004000 0.054700
vn 0.032600 0.501000 0.864800
vn -0.137200 -0.670200 0.729400
vn 0.999800 0.018200 -0.000400
vn -0.020200 0.013600 -0.999700
vn -0.000100 -0.867300 -0.497800
vn -0.003500 -0.863100 -0.505100
vn 0.060000 0.984700 -0.163400
vn 0.030800 -0.220700 0.974800
vn 0.029200 0.007400 0.999500
vn -0.481000 -0.876600 0.013300
vn -0.999500 -0.018800 0.025500
vn -0.466000 0.879500 -0.096500
vn 0.868700 -0.492000 -0.057300
vn 0.011100 -0.999900 0.013000
vn -0.858700 -0.507700 0.070300
vn -0.869100 0.491300 0.057600
vn 0.534100 0.843900 -0.050100
vn -0.185200 0.886800 -0.423300
vn 0.997000 0.060600 -0.047100
vn -0.861200 -0.261800 0.435600
vn -0.943800 -0.164500 0.286500
vn -0.878000 -0.464600 0.115400
vn 0.065300 0.034100 0.997300
vn -0.143900 0.469000 -0.871400
vn -0.372000 -0.246700 0.894900
vn -0.842200 0.406100 0.354700
vn -0.897900 0.439800 0.016400
vn 0.373900 0.269400 -0.887500
vn 0.527900 0.845600 -0.078800
vn 0.845000 0.515200 0.143200
vn 0.981500 -0.112100 -0.155200
vn 0.015800 0.755000 0.655600
vn -0.047700 0.755700 0.653200
vn -0.522200 0.852500 0.025000
vn 0.875500 0.465900 0.128400
vn 0.018200 0.969100 -0.245800
vn -0.282800 0.949500 -0.135600
vn -0.918300 -0.300600 0.257700
vn -0.918200 -0.393300 0.046400
vn -0.018200 -0.386800 -0.922000
vn -0.018900 0.833400 -0.552300
vn -0.013300 0.071100 -0.997400
vn -0.160400 0.088000 -0.983100
vn 0.073600 0.014100 0.997200
vn -0.203800 0.111800 -0.972600
vn -0.073800 -0.014400 -0.997200
vn -0.012000 0.995300 0.096500
vn 1.000000 0.002000 -0.000900
vn -1.000000 0.000100 -0.000100
vn 0.474300 -0.295800 0.829200
vn -0.048300 -0.948500 0.313200
vn 0.572600 0.081000 0.815800
vn 0.649000 0.758400 0.059500
vn 0.720700 0.318200 -0.615800
vn 0.665900 0.608100 -0.432200
vn -0.341700 -0.172900 0.923800
vn 0.013500 0.304600 0.952400
vn -0.883100 0.216700 0.416000
vn -0.803300 -0.325200 0.498900
vn 0.142000 -0.623900 0.768500
vn -0.188700 -0.234500 0.953600
vn 0.537700 0.061500 0.840900
vn 0.359700 -0.013000 0.933000
vn 0.906100 -0.048200 -0.420200
vn 0.608500 0.279400 -0.742700
vn 0.893600 -0.241900 -0.377900
vn 0.886700 -0.281600 -0.366600
vn 0.436900 -0.890900 -0.123700
vn 0.885500 -0.288900 -0.363900
vn -0.017900 -0.623100 -0.781900
vn -0.019900 0.066700 -0.997600
vn 0.857000 -0.012500 -0.515200
vn 0.716600 -0.423100 -0.554400
vn -0.177600 -0.979600 -0.094200
vn 0.531200 -0.768100 -0.357600
vn 0.196300 -0.979000 -0.055100
vn 0.932200 -0.299700 0.202900
vn 0.436200 0.464300 -0.770800
vn 0.837100 0.288900 -0.464400
vn 0.875500 0.477100 0.075600
vn -0.998500 -0.028300 0.047300
vn -0.319700 -0.487700 -0.812400
vn -0.437800 -0.494200 -0.751000
vn 0.514300 -0.267300 -0.814900
vn 0.569900 -0.346700 -0.745000
vn -0.375000 -0.563500 -0.736000
vn -0.439900 -0.091400 -0.893400
vn -0.533800 0.374700 -0.758000
vn -0.803600 -0.402600 0.438200
vn -0.576700 -0.377500 -0.724400
vn -0.401100 -0.668100 -0.626700
vn 0.992700 -0.116600 -0.031400
vn 0.693700 -0.720200 0.009500
vn 0.453300 -0.523800 -0.721200
vn 0.498600 -0.252400 -0.829200
vn 0.986100 -0.093800 0.137400
vn -0.963600 0.243000 0.111000
vn -0.988800 -0.052600 -0.139800
vn -0.401500 -0.655000 -0.640100
vn 0.671700 -0.380100 -0.635800
vn 0.525700 -0.269600 -0.806800
vn 0.955700 0.098500 -0.277200
vn -0.031700 -0.326200 -0.944800
vn 0.113700 -0.504700 -0.855700
vn 0.562200 -0.684600 0.463900
vn 0.020100 -0.567600 0.823000
vn 0.024400 -0.163700 0.986200
vn 0.020800 -0.400500 0.916000
vn 0.759500 -0.012400 0.650300
vn 0.456600 -0.074800 0.886500
vn 0.016100 -0.815100 0.579100
vn 0.281600 -0.948000 -0.148100
vn 0.171500 -0.982700 -0.069300
vn 0.987100 0.025500 0.157900
vn 0.101100 0.345800 -0.932800
vn 0.350500 -0.523700 -0.776400
vn -0.643600 -0.753600 -0.133400
vn -0.383800 -0.662000 -0.643700
vn 0.048000 0.054000 -0.997400
vn 0.412900 -0.354300 -0.839000
vn 0.291700 0.777600 -0.556900
vn 0.905900 0.066900 -0.418000
vn 0.483800 0.832800 0.269000
vn -0.443100 -0.528700 -0.724000
vn 0.426000 -0.249800 -0.869500
vn 0.866800 0.329000 0.374700
vn 0.849200 0.162100 0.502500
vn -0.394600 -0.258900 -0.881600
vn -0.909700 -0.174100 -0.376900
vn 0.943800 0.005900 -0.330500
vn 0.270200 -0.143500 -0.952000
vn 0.927500 -0.140800 -0.346400
vn 0.917500 -0.295300 -0.266500
vn 0.484500 0.580900 0.654000
vn 0.496700 0.449900 0.742200
vn 0.961100 0.107700 0.254400
vn -0.192100 0.685400 0.702400
vn -0.388800 0.537500 0.748300
vn 0.017300 0.095600 -0.995300
vn 0.158800 0.034400 -0.986700
vn -0.625800 0.178100 -0.759300
vn 0.913100 -0.078600 0.400100
vn 0.960900 -0.259700 0.096000
vn 0.992900 -0.091200 0.075900
vn 0.738200 -0.123200 -0.663200
vn 0.774100 -0.058100 -0.630300
vn 0.014400 -0.541100 0.840800
vn -0.873500 0.040900 0.485000
vn 0.105700 -0.957700 -0.267700
vn 0.944100 0.278800 0.175700
vn 0.321100 -0.226400 -0.919600
vn 0.866500 -0.421700 -0.267100
vn 0.294700 -0.465800 -0.834300
vn -0.653700 -0.085400 -0.751900
vn -0.627100 0.067500 -0.776000
vn 0.663800 -0.736500 -0.129700
vn 0.362600 -0.736500 -0.571000
vn 0.840500 -0.185700 0.508900
vn 0.942700 -0.306500 0.131700
vn 0.700000 -0.451100 0.553600
vn -0.366600 -0.831300 -0.417700
vn 0.236000 -0.024700 0.971400
vn -0.484800 -0.645400 -0.590100
vn -0.524400 -0.145900 -0.838900
vn 0.818200 -0.240500 0.522200
vn 0.807800 -0.540200 0.235800
vn 0.464300 0.067000 0.883100
vn 0.617500 0.102700 0.779800
vn -0.442600 0.640800 0.627200
vn 0.134500 -0.153600 0.978900
vn -0.020100 -0.835100 0.549700
vn -0.241100 -0.967700 0.073200
vn -0.784100 -0.503100 -0.363500
vn -0.259500 -0.469600 -0.843800
vn 0.455100 -0.245300 -0.856000
vn 0.418600 -0.371500 -0.828700
vn 0.986600 0.134900 0.091700
vn 0.727300 -0.043400 -0.685000
vn 0.965300 0.219900 0.140600
vn 0.905000 0.209100 -0.370400
vn 0.594900 0.426700 0.681200
vn -0.079300 0.459600 0.884500
vn -0.622600 0.197400 -0.757200
vn -0.734300 -0.225400 -0.640300
vn -0.193200 -0.315300 -0.929100
vn 0.587100 -0.393200 -0.707600
vn -0.629300 -0.647800 -0.429400
vn -0.847200 -0.315800 -0.427200
vn 0.955400 -0.014400 -0.295100
vn 0.966500 0.127800 -0.222700
vn 0.430600 -0.103700 -0.896500
vn 0.797300 0.163800 0.581000
vn -0.044400 -0.415400 -0.908600
vn -0.637800 -0.544600 -0.544500
vn -0.173700 -0.384000 -0.906900
vn -0.678900 -0.598800 -0.424900
vn 0.799400 0.403100 0.445400
vn 0.833700 -0.369800 -0.410000
vn 0.258400 -0.353300 -0.899100
vn -0.443600 0.249600 0.860700
vn 0.493300 0.159100 0.855200
vn 0.876400 -0.177300 0.447700
vn -0.652000 -0.148600 -0.743500
vn 0.814400 -0.488400 -0.313300
vn 0.894500 -0.240300 0.377000
vn 0.965100 -0.101400 0.241200
vn -0.515100 0.253400 0.818800
vn -0.553500 0.390800 0.735400
vn 0.545900 0.253500 0.798500
vn -0.674200 -0.340000 -0.655600
vn 0.190600 -0.562600 -0.804400
vn 0.312300 -0.333500 -0.889500
vn 0.476900 0.009900 0.878900
vn 0.460500 0.516700 0.721700
vn 0.500000 -0.063500 0.863700
vn -0.405000 0.074100 0.911300
vn 0.789600 -0.514800 -0.333900
vn 0.882700 -0.278100 0.378800
vn -0.692200 -0.345700 -0.633600
vn 0.209100 -0.540200 -0.815100
vn -0.673300 0.550200 0.493800
vn -0.933100 -0.326200 0.150900
vn 0.020900 0.083100 0.996300
vn 0.022300 -0.273300 0.961700
vn 0.791600 0.516300 -0.326600
vn 0.997100 0.027000 -0.070300
vn 0.953300 0.021300 0.301100
vn 0.832300 0.534100 -0.148100
vn 0.107400 -0.357400 -0.927700
vn 0.814900 0.008400 -0.579500
vn 0.534400 -0.048400 0.843800
vn 0.437100 0.290200 0.851300
vn 0.467500 0.440300 0.766500
vn -0.742900 0.218900 0.632600
vn -0.114900 -0.154500 0.981300
vn -0.159200 -0.102200 0.981900
vn -0.189500 -0.252500 -0.948800
vn -0.036100 0.850700 -0.524400
vn -0.266900 0.115700 -0.956700
vn -0.381500 0.612600 0.692200
vn 0.284700 -0.682400 -0.673200
vn -0.720300 0.058300 -0.691200
vn -0.623200 0.467900 -0.626600
vn -0.022400 -0.871900 0.489200
vn 0.064800 -0.914000 0.400500
vn -0.181400 -0.666500 0.723100
vn -0.598200 -0.618000 0.510100
vn 0.032600 0.381500 0.923800
vn 0.641900 -0.050800 0.765000
vn 0.793900 0.545400 0.268800
vn -0.719600 -0.099300 0.687200
vn 0.320600 -0.780800 0.536100
vn 0.015100 -0.688700 -0.724900
vn -0.225600 0.011000 0.974100
vn -0.030900 0.919300 0.392300
vn -0.006600 -0.367600 0.930000
vn -0.455400 -0.264300 0.850200
vn 0.479600 -0.294400 0.826600
vn 0.198200 0.617800 0.760900
vn 0.696900 0.711000 0.094400
vn 0.030100 0.838600 0.543800
vn 0.759500 -0.392500 0.518700
vn 0.697100 -0.515500 0.498300
vn 0.291300 0.685000 -0.667800
vn 0.153100 -0.170700 0.973400
vn 0.662000 0.175000 0.728800
vn 0.741800 0.643900 0.187100
vn 0.702700 -0.364700 -0.610800
vn 0.929300 -0.347500 0.125400
vn 0.983400 0.179800 0.024700
vn -0.161000 0.193900 -0.967700
vn 0.145700 -0.228300 -0.962600
vn -0.636300 0.077800 -0.767400
vn 0.763100 -0.488800 -0.422700
vn 0.152700 -0.019700 -0.988100
vn 0.661200 -0.034300 -0.749400
vn -0.598600 -0.744800 -0.294800
vn -0.596900 0.083200 -0.797900
vn -0.788700 0.009300 -0.614700
vn 0.742300 -0.332400 -0.581700
vn 0.182000 -0.663600 -0.725600
vn -0.960400 -0.276100 0.036700
vn -0.961900 -0.220900 0.160700
vn 0.105800 -0.209100 -0.972100
vn -0.019600 -0.192500 -0.981100
vn 0.633000 -0.154600 -0.758600
vn -0.000200 -0.189900 -0.981800
vn -0.000900 0.531800 -0.846900
vn 0.634100 -0.638500 -0.436200
vn -0.002000 -0.801300 -0.598200
vn 0.632900 -0.758600 0.154800
vn 0.002400 0.989700 -0.142900
vn 0.630500 0.420500 -0.652300
vn 0.595500 0.128100 0.793100
vn 0.633800 0.661700 0.400600
vn 0.564900 -0.403100 0.719900
vn 0.423000 0.124300 -0.897500
vn -0.663100 -0.024800 -0.748100
vn 0.994800 0.099800 0.016200
vn -0.896100 -0.225000 0.382600
vn -0.702700 0.150700 -0.695200
vn -0.987500 0.155600 0.024100
vn -1.000000 0.000700 0.001300
vn 1.000000 0.000700 0.001300
vn 0.997800 0.063000 0.019200
vn 0.702900 0.137200 -0.697900
vn -0.907700 0.419500 -0.012700
vn 0.983800 0.179000 -0.006200
vn -0.987900 0.151100 -0.034000
vn 0.993900 0.094300 -0.056200
vn -0.694700 0.207000 0.688900
vn 0.694600 0.206700 0.689000
vn 0.659700 0.569900 0.489800
vn 0.000200 0.768500 0.639800
vn -0.659900 0.571000 0.488300
vn 0.000400 0.993600 -0.113000
vn -0.661400 0.746700 -0.070700
vn 0.661100 0.747200 -0.068100
vn 0.000200 0.642200 -0.766500
vn -0.663200 0.488300 -0.567100
vn 0.663000 0.489700 -0.566100
vn 0.000100 0.150100 -0.988600
vn 0.797600 0.460600 -0.389400
vn 0.778800 0.494600 -0.385700
vn 0.778800 0.573100 0.254700
vn 0.330400 0.597900 0.730300
vn 0.322600 0.628700 0.707500
vn -0.322600 0.628700 0.707500
vn -0.027400 -0.861400 0.507100
vn -0.920500 0.131000 0.368100
vn -0.920500 0.038200 -0.388800
vn -0.797600 0.541000 0.266500
vn -0.778800 0.573100 0.254700
vn -0.778800 0.494600 -0.385700
vn -0.703300 0.679100 0.210200
vn 0.166000 -0.170900 0.971200
vn 0.070400 0.230500 0.970500
vn -0.330400 0.403700 -0.853100
vn -0.322600 0.439000 -0.838500
vn 0.322600 0.439000 -0.838500
vn 0.919400 0.133500 0.370000
vn 0.919900 0.055400 -0.388100
vn 0.703300 0.608100 -0.368100
vn -0.168600 -0.404500 -0.898800
vn -0.068000 -0.014500 -0.997600
vn -0.797700 0.460600 -0.389400
vn 0.166000 -0.400600 -0.901100
vn -0.703300 0.608100 -0.368100
vn -0.163300 -0.176900 0.970600
vn 0.703300 0.679100 0.210200
vn -0.027400 -0.958500 -0.283900
vn 0.004500 -0.870300 0.492500
vn 0.059300 -0.951500 -0.301700
vn 0.330400 0.403700 -0.853100
vn 0.797700 0.541000 0.266500
vn -0.068000 0.227000 0.971500
vn -0.330400 0.597900 0.730300
vn 0.070400 -0.010900 -0.997400
vn -0.500600 -0.842700 0.198000
vn 0.958800 -0.134000 -0.250300
vn 0.959400 0.107800 -0.260500
vn -0.069700 -0.139700 -0.987700
vn 0.112200 -0.557800 -0.822300
vn 0.354400 0.711800 0.606400
vn 0.857700 0.446900 0.254200
vn 0.300100 0.950900 0.074800
vn -0.246300 0.966500 0.071600
vn 0.195600 0.824800 -0.530500
vn -0.579300 0.752800 -0.312500
vn 0.028100 0.356300 -0.933900
vn -0.646500 0.424400 -0.633900
vn -0.733200 0.045000 -0.678500
vn 0.742200 -0.004000 -0.670100
vn 0.834000 0.357200 -0.420500
vn 0.877300 0.480000 0.003800
vn 0.856200 0.332100 0.395700
vn 0.735900 -0.331600 -0.590300
vn -0.430300 -0.305300 0.849500
vn -0.538300 0.070400 0.839800
vn 0.092600 -0.975900 0.197600
vn -0.911600 0.105200 -0.397400
vn -0.659300 0.412800 -0.628300
vn -0.946700 0.319800 0.038000
vn 0.400100 -0.160700 0.902200
vn 0.915300 0.231500 0.329600
vn 0.842700 -0.291300 0.452700
vn 0.253300 -0.239100 0.937400
vn -0.080800 -0.624100 0.777100
vn -0.301200 -0.027300 0.953200
vn -0.503000 0.052500 0.862700
vn -0.941300 -0.053500 -0.333300
vn -0.888300 -0.278800 -0.365000
vn -0.644700 0.280500 -0.711100
vn -0.932700 -0.292300 -0.211100
vn -0.877300 -0.254500 -0.407000
vn 0.096900 -0.292800 -0.951200
vn -0.889700 -0.038100 -0.455000
vn -0.762800 -0.433100 -0.480100
vn -0.069300 -0.977100 -0.201100
vn -0.906600 -0.361300 0.217600
vn -0.439300 0.886700 -0.144000
vn -0.878300 0.243600 0.411500
vn -0.885900 0.443700 -0.135300
vn 0.478100 0.011500 -0.878200
vn 0.379100 0.220300 -0.898700
vn 0.996100 -0.029100 0.083000
vn -0.482800 0.191500 -0.854500
vn 0.394500 -0.116300 -0.911500
vn 0.476500 0.453300 -0.753200
vn 0.516800 0.834000 -0.193200
vn 0.813100 -0.582000 -0.013700
vn 0.513200 -0.694400 -0.504300
vn 0.403200 0.040700 -0.914200
vn -0.453900 0.193100 -0.869800
vn -0.684400 -0.490800 -0.539100
vn -0.991400 -0.068600 -0.111400
vn -0.503700 0.451900 -0.736200
vn 0.574100 0.307800 -0.758700
vn -0.981800 -0.188500 0.021900
vn -0.522500 0.059600 -0.850500
vn 0.962500 0.097800 0.253100
vn 0.988300 0.040300 -0.147400
vn 0.607800 0.004100 -0.794100
vn 0.976000 -0.192600 0.102100
vn -0.462500 0.240800 -0.853300
vn -0.582800 0.015900 -0.812500
vn -0.953500 0.205200 -0.220800
vn -0.173100 -0.506500 -0.844600
vn -0.533900 -0.689200 0.489800
vn -0.730800 -0.026300 0.682100
vn -0.417300 -0.079800 0.905200
vn 0.277600 -0.924600 -0.260900
vn -0.968200 0.056200 0.243800
vn -0.867600 -0.199100 0.455500
vn -0.192500 -0.977800 0.083100
vn -0.210900 0.357900 -0.909600
vn 0.600800 -0.017800 -0.799100
vn 0.742600 -0.062100 -0.666800
vn -0.328300 0.197100 -0.923700
vn -0.205700 0.540800 -0.815600
vn -0.897200 0.250900 -0.363500
vn -0.644400 0.745900 -0.168600
vn -0.887700 -0.044600 0.458200
vn -0.665500 0.480800 0.570800
vn 0.584400 0.286300 -0.759200
vn -0.216100 0.493100 -0.842600
vn -0.766500 0.533000 -0.358300
vn -0.833800 0.045200 0.550100
vn 0.928000 -0.173700 -0.329500
vn -0.568500 0.170000 -0.804900
vn -0.632100 -0.063400 -0.772300
vn -0.917500 0.366000 -0.155600
vn -0.568300 0.697500 0.436500
vn -0.386200 0.802200 0.455300
vn 0.956600 0.216900 0.194500
vn 0.713800 -0.239200 -0.658200
vn 0.712100 -0.228600 -0.663700
vn 0.088700 -0.317700 -0.944000
vn 0.109200 -0.191100 -0.975500
vn -0.298000 0.420300 -0.857000
vn -0.278800 0.552700 -0.785300
vn 0.370900 0.201300 -0.906600
vn -0.556400 0.326400 -0.764100
vn -0.831300 0.552600 0.059300
vn -0.856000 0.514600 0.049300
vn -0.837900 0.491600 -0.237000
vn -0.728000 0.658700 -0.190000
vn -0.819900 0.554100 -0.143800
vn 0.242900 -0.079400 -0.966800
vn 0.717400 -0.387900 -0.578600
vn 0.186700 0.027500 -0.982000
vn -0.286200 0.619000 -0.731300
vn -0.847100 0.495700 -0.191300
vn -0.387800 0.621600 -0.680600
vn 0.805400 -0.407200 -0.430700
vn 0.433300 0.187400 -0.881500
vn 0.803100 -0.437200 -0.404800
vn 0.337900 0.266500 -0.902700
vn 0.714600 -0.403500 -0.571400
vn -0.737800 0.297000 0.606200
vn 0.892900 -0.239000 -0.381400
vn 0.025900 -0.429100 -0.902900
vn -0.963000 0.228200 -0.142900
vn -0.634900 0.479700 0.605600
vn -0.676600 -0.205500 -0.707100
vn 0.524100 0.181000 0.832100
vn 0.581400 0.325800 0.745500
vn 0.938400 0.268700 0.217400
vn 0.684100 -0.384800 -0.619600
vn 0.935900 -0.348900 -0.049100
vn -0.899500 0.365500 -0.239300
vn -0.875500 -0.128900 0.465700
vn -0.990100 0.015300 0.139700
vn -0.914500 0.389400 0.109200
vn -0.870700 0.156700 -0.466200
vn 0.165500 0.103900 -0.980700
vn 0.158900 -0.132100 0.978400
vn 0.230900 0.045900 0.971900
vn -0.027200 0.951500 0.306400
vn 0.409800 0.706500 0.576900
vn 0.263300 0.095200 -0.960000
vn 0.733700 0.039300 -0.678300
vn -0.306600 -0.696000 -0.649300
vn 0.608000 0.513500 -0.605400
vn -0.048700 -0.691300 -0.720900
vn 0.237300 -0.618900 0.748800
vn 0.018200 -0.936300 0.350600
vn -0.817700 0.385900 0.427000
vn -0.260200 0.136100 0.955900
vn -0.279100 -0.786300 0.551100
vn 0.607000 -0.625100 0.490700
vn 0.028700 0.488200 0.872200
vn 0.431000 0.247500 0.867700
vn 0.435600 -0.231400 0.869900
vn 0.026000 -0.474200 0.880000
vn -0.346500 -0.298300 0.889300
vn -0.789700 -0.501400 0.353400
vn -0.015800 0.899000 0.437500
vn -0.720300 0.664100 0.200300
vn -0.080300 0.648500 0.756900
vn -0.577200 -0.505900 0.641000
vn -0.608800 -0.393000 0.689100
vn -0.009300 0.177600 -0.984000
vn -0.295100 0.646100 -0.703800
vn 0.067300 -0.134200 0.988600
vn -0.501600 0.199200 0.841800
vn 0.043600 -0.249500 0.967400
vn -0.561300 0.569000 0.601000
vn -0.955000 0.146200 0.258000
vn -0.985700 0.154800 0.066200
vn -0.973900 0.214700 0.073500
vn -0.755300 0.348700 -0.554900
vn -0.720600 0.231900 -0.653300
vn -0.957900 0.283800 0.043500
vn 0.662500 0.581500 -0.472200
vn 0.809100 -0.507600 0.295900
vn 0.972400 -0.231800 0.026600
vn -0.632000 -0.151900 -0.759900
vn -0.633600 -0.640900 -0.433300
vn -0.625300 0.767600 -0.140700
vn -0.633800 0.427900 -0.644400
vn -0.600000 0.116700 0.791400
vn -0.567700 -0.413500 0.711800
vn -0.632600 -0.759300 0.152500
vn 0.654000 0.563900 -0.504300
vn -0.431600 0.759400 -0.486800
vn -0.995800 0.039600 0.082800
vn 0.902600 -0.422000 0.084400
vn 0.665200 0.454300 -0.592500
vn 0.999700 0.022200 -0.007700
vn 0.986600 0.143300 0.077200
vn -0.999900 -0.014400 -0.001800
vn -0.693900 0.398600 -0.599700
vn -0.998200 0.028100 0.053000
vn 0.900200 0.414300 0.133700
vn -0.986500 0.150900 0.063800
vn 0.983600 0.179400 0.020500
vn -0.996100 0.087100 -0.012700
vn 0.721200 -0.062300 0.689900
vn -0.713700 -0.087600 0.695000
vn -0.677300 0.175000 0.714500
vn 0.669400 0.190400 0.718000
vn -0.003200 0.188200 0.982100
vn 0.007500 -0.175700 0.984400
vn 0.657000 0.620600 0.427900
vn -0.013000 0.768900 0.639100
vn 0.642500 0.742900 -0.187600
vn -0.015000 0.979900 -0.198600
vn -0.679500 0.603400 0.417300
vn -0.669600 0.714800 -0.201500
vn -0.013000 0.532700 -0.846200
vn -0.801700 0.141300 0.580800
vn -0.783400 0.171600 0.597300
vn -0.788900 0.603100 0.117700
vn 0.330200 -0.153300 0.931400
vn 0.321800 -0.116000 0.939700
vn -0.323300 -0.126300 0.937800
vn 0.916000 0.333000 -0.223700
vn 0.922500 -0.177000 0.343100
vn 0.043400 -0.947400 -0.317000
vn 0.787800 0.608700 0.094200
vn 0.768600 0.627900 0.122200
vn 0.774100 0.196400 0.601900
vn 0.691800 0.688000 0.219200
vn 0.696700 0.298300 0.652300
vn -0.063500 -0.582000 0.810700
vn -0.154000 -0.847500 0.508000
vn -0.344100 0.903200 -0.256400
vn -0.336600 0.915600 -0.220100
vn 0.308500 0.925800 -0.218200
vn -0.807300 0.583300 0.089600
vn -0.330500 -0.163800 0.929400
vn -0.917200 -0.206200 0.340900
vn -0.709700 0.275900 0.648200
vn -0.714600 0.665600 0.215200
vn 0.793400 0.166700 0.585400
vn 0.058100 0.744100 -0.665500
vn 0.164600 0.415300 -0.894700
vn 0.316600 0.913800 -0.254500
vn -0.170000 0.414200 -0.894100
vn -0.080300 0.744200 -0.663100
vn 0.175300 -0.845700 0.504000
vn 0.075000 -0.582800 0.809100
vn 0.036600 -0.414400 -0.909300
vn 0.011500 -0.942700 -0.333300
vn -0.924400 0.314500 -0.215600
vn -0.050300 -0.397800 -0.916100
vn -0.942500 -0.009000 -0.333900
vn -0.961600 0.132800 -0.240100
vn -0.178900 -0.537900 -0.823800
vn -0.106700 -0.099700 -0.989300
vn -0.815500 0.498200 0.294500
vn -0.208200 0.778800 0.591700
vn 0.246900 0.963900 -0.099300
vn -0.310200 0.948200 0.068700
vn 0.448600 0.743900 -0.495300
vn -0.325400 0.791600 -0.517100
vn 0.500400 0.407100 -0.764100
vn -0.213300 0.335700 -0.917500
vn 0.551600 0.111500 -0.826600
vn -0.801800 -0.351100 -0.483600
vn -0.853200 -0.049400 -0.519300
vn -0.919100 0.293300 -0.263200
vn -0.891600 0.425200 0.155700
vn -0.766700 0.335400 0.547400
vn 0.156500 0.972500 0.172400
vn -0.391000 0.257000 0.883700
vn 0.002000 0.306900 0.951700
vn 0.490400 0.142000 0.859800
vn 0.508500 0.816800 0.272300
vn -0.925300 -0.302000 -0.229400
vn -0.301100 0.474400 -0.827200
vn -0.414400 0.364600 -0.833800
vn -0.700800 -0.442200 -0.559800
vn -0.178100 -0.873200 0.453600
vn -0.290700 -0.838900 0.460100
vn -0.072100 0.192000 -0.978700
vn 0.431100 0.146200 -0.890300
vn 0.389800 -0.698800 -0.599700
vn -0.242700 -0.640000 -0.729000
vn -0.101800 -0.816300 0.568600
vn -0.059400 -0.847700 0.527200
vn 0.792300 0.288300 -0.537700
vn 0.831400 0.551700 -0.065700
vn 0.879300 -0.197100 0.433500
vn 0.835100 -0.529500 -0.149100
vn -0.133500 0.403300 -0.905200
vn -0.375800 0.921800 0.095300
vn 0.255400 0.940500 -0.224100
vn -0.829900 -0.487400 0.271400
vn -0.712900 -0.552400 -0.431800
vn -0.399800 -0.795100 -0.456000
vn -0.455600 0.519900 0.722500
vn -0.156300 0.906400 0.392400
vn -0.613000 0.675900 -0.409000
vn -0.581200 -0.228500 0.781000
vn 0.256900 -0.089600 0.962200
vn -0.046600 0.155400 0.986700
vn 0.581200 0.228500 -0.781000
vn 0.046600 -0.155400 -0.986700
vn -0.256900 0.089600 -0.962200
vn 0.356900 0.923900 0.137600
vn 0.019200 0.686800 -0.726500
vn 0.333800 0.038700 -0.941800
vn 0.829900 0.487400 -0.271400
vn -0.980000 0.198700 0.002300
vn -0.795600 -0.174400 -0.580100
vn 0.826500 0.555500 0.091000
vn 0.399800 0.795100 0.456000
vn 0.375800 -0.921800 -0.095300
vn -0.255400 -0.940500 0.224100
vn 0.949700 -0.007900 0.313100
vn 0.980000 -0.198700 -0.002300
vn -0.594800 0.083100 -0.799600
vn 0.648100 -0.391100 0.653400
vn 0.613000 -0.675900 0.409000
vn -0.019200 -0.686800 0.726500
vn 0.133500 -0.403300 0.905200
vn -0.333800 -0.038700 0.941800
vn 0.594800 -0.083100 0.799600
vn 0.730400 -0.450100 -0.513700
vn 0.127800 -0.525400 -0.841200
vn -0.063300 -0.781000 -0.621300
vn -0.648200 0.391100 -0.653400
vn -0.730400 0.450100 0.513700
vn 0.712900 0.552400 0.431800
vn -0.949700 0.007900 -0.313100
vn 0.795600 0.174400 0.580100
vn -0.356900 -0.923900 -0.137600
vn 0.156300 -0.906400 -0.392400
vn -0.127800 0.525400 0.841200
vn 0.063300 0.781000 0.621300
vn 0.455600 -0.519900 -0.722500
vn -0.019200 -0.686800 0.726600
vn -0.826500 -0.555500 -0.091000
vn -0.104600 -0.897300 0.428800
vn -0.081700 -0.876400 0.474500
vn -0.177200 -0.848000 0.499500
vn -0.161700 -0.898600 0.407800
vn -0.209100 -0.780300 0.589300
vn -0.546100 -0.605600 0.578700
vn -0.242600 -0.809200 0.535000
vn -0.137800 -0.834900 0.532900
vn -0.062800 -0.710900 -0.700500
vn 0.447900 0.227900 0.864500
vn 0.857300 -0.316800 0.405700
vn 0.508600 -0.240000 0.826900
vn 0.074600 0.207500 0.975400
vn 0.854900 0.015400 0.518400
vn 0.491700 -0.218400 0.842900
vn 0.004700 0.503900 0.863700
vn 0.386300 -0.311200 0.868300
vn 0.805900 -0.451600 0.382700
vn 0.916100 -0.160800 0.367300
vn 0.856500 0.360900 0.368800
vn 0.894900 0.060600 0.442200
vn -0.482300 -0.022800 0.875700
vn -0.557100 0.404100 0.725400
vn 0.601600 0.102900 0.792100
vn 0.498200 0.211000 0.841000
vn -0.313700 0.102400 0.943900
vn -0.303000 -0.022600 0.952700
vn -0.573000 -0.039300 0.818600
vn 0.730800 0.182300 0.657800
vn -0.683100 0.455500 0.570700
vn 0.231800 0.537500 0.810800
vn 0.083400 0.710700 0.698500
vn 0.367700 -0.890300 0.268500
vn -0.932200 -0.184500 0.311300
vn -0.122300 -0.028700 0.992100
vn 0.108600 0.211200 0.971300
vn 0.425500 0.610200 0.668200
vn 0.235900 -0.959600 -0.153500
vn 0.890500 -0.433800 -0.137000
vn 0.327200 0.314700 0.891000
vn 0.242000 -0.087500 0.966300
vn 0.633800 -0.522100 0.570700
vn -0.024700 -0.783200 0.621300
vn -0.642800 0.377500 0.666500
vn 0.051500 0.424900 0.903700
vn -0.996600 -0.014700 0.081100
vn -0.766700 0.023700 -0.641600
vn -0.952800 0.127300 -0.275400
vn -0.967500 0.021900 -0.251700
vn -0.962500 0.033300 -0.269200
vn -0.960100 0.188400 0.206500
vn -0.880400 0.393000 0.265200
vn -0.970500 0.240100 -0.021000
vn -0.985600 0.157800 0.061200
vn -0.980200 0.077800 -0.182200
vn -0.992200 0.044800 0.116600
vn -0.907500 0.230000 -0.351500
vn -0.977800 -0.178100 -0.109900
vn -0.817500 -0.250100 0.518800
vn -0.771400 0.594600 0.226700
vn -0.512700 0.504700 0.694500
vn -0.806000 0.572200 -0.151200
vn -0.823600 0.103200 0.557600
vn -0.057700 -0.558800 -0.827300
vn -0.459400 0.553500 0.694700
vn -0.995600 0.084800 0.040000
vn -0.967300 -0.248500 -0.051200
vn -0.776300 0.294200 0.557400
vn 0.903000 0.215200 0.371700
vn 0.220900 0.488600 0.844000
vn -0.512200 0.244600 0.823300
vn -0.410200 -0.182400 0.893600
vn -0.963500 -0.062900 0.260000
vn -0.785300 -0.526200 0.326200
vn -0.853500 -0.468900 0.227100
vn -0.597800 -0.240500 0.764700
vn 0.114200 -0.037300 0.992700
vn 0.394400 -0.037200 0.918200
vn -0.394000 -0.411800 0.821600
vn 0.887900 0.208400 0.410000
vn 0.645200 -0.306400 0.699900
vn 0.760200 -0.192100 0.620700
vn -0.716000 -0.635400 0.289000
vn -0.980800 -0.130300 -0.144700
vn -0.979100 -0.078000 0.187700
vn -0.911400 0.305800 0.275400
vn -0.946800 0.226200 0.228800
vn -0.991400 0.110300 -0.070700
vn -0.958900 -0.073800 -0.273800
vn -0.629800 -0.259900 -0.732000
vn -0.995800 0.079000 0.046700
vn -0.946400 0.103800 0.305900
vn -0.346100 0.153200 0.925600
vn 0.810100 -0.139400 0.569400
vn 0.054800 -0.069100 0.996100
vn 0.023100 -0.176000 0.984100
vn 0.356600 -0.128900 0.925300
vn -0.231600 -0.611600 0.756500
vn 0.166800 0.704500 0.689800
vn 0.989300 -0.003100 0.145600
vn 0.783800 -0.346300 0.515500
vn 0.443400 -0.411200 0.796400
vn 0.174700 -0.633200 0.754000
vn 0.155800 -0.874900 0.458400
vn 0.821600 0.509000 0.256500
vn 0.425300 0.149100 0.892700
vn 0.631600 0.078300 0.771300
vn 0.675000 -0.206800 0.708200
vn -0.077600 -0.112600 0.990600
vn -0.032000 -0.346900 0.937300
vn 0.015000 0.173700 0.984600
vn -0.130600 -0.696000 0.706000
vn -0.486800 0.026300 0.873100
vn 0.474200 -0.162800 0.865200
vn 0.023300 -0.159800 0.986800
vn 0.262000 0.209100 0.942100
vn 0.775100 0.396000 0.492300
vn -0.742500 -0.321900 0.587500
vn -0.371300 -0.277300 0.886100
vn -0.814800 0.003300 0.579600
vn -0.635100 0.054000 0.770500
vn -0.349000 0.262100 0.899700
vn -0.306900 -0.338400 0.889500
vn -0.737400 -0.447900 0.505500
vn -0.906300 -0.222500 0.359300
vn -0.886400 0.062200 0.458700
vn 0.511000 -0.156200 0.845200
vn -0.559900 -0.446700 0.697800
vn -0.498000 -0.373400 0.782600
vn 0.238100 -0.492400 0.837100
vn 0.468700 -0.485700 0.737800
vn 0.560300 -0.568700 0.602200
vn 0.309100 -0.726100 0.614200
vn -0.722800 -0.389200 0.571000
vn -0.304900 0.103400 0.946700
vn -0.328700 -0.069600 0.941900
vn -0.684600 0.054000 0.726900
vn 0.954200 -0.061300 0.292800
vn 0.922800 -0.063500 -0.379900
vn -0.308200 -0.336100 0.890000
vn 0.447600 -0.684000 0.575900
vn -0.197300 -0.630400 0.750700
vn -0.203300 -0.246400 0.947600
vn 0.607300 -0.388900 0.692800
vn 0.937500 -0.333000 0.100900
vn -0.119200 -0.416000 0.901500
vn 0.074100 0.345000 0.935600
vn 0.304900 0.490000 0.816600
vn 0.847400 0.515800 0.126000
vn 0.562300 -0.153600 0.812500
vn 0.774300 -0.177600 0.607300
vn -0.366600 -0.173600 0.914000
vn -0.887900 0.263100 0.377400
vn -0.600800 0.592700 0.536300
vn -0.584300 -0.201400 0.786200
vn -0.317400 0.065900 0.946000
vn 0.216500 -0.698400 0.682100
vn 0.434200 -0.367800 0.822300
vn 0.729200 -0.683100 0.039000
vn 0.858700 -0.473800 0.195300
vn -0.004300 -0.871400 0.490500
vn -0.841200 0.156000 0.517600
vn 0.561600 -0.815600 0.138900
vn -0.029400 -0.923000 0.383600
vn 0.025300 -0.891300 0.452600
vn -0.714500 -0.340100 0.611400
vn -0.631300 -0.411900 0.657100
vn -0.916000 0.155300 0.369900
vn -0.668400 -0.363900 0.648600
vn -0.645200 -0.077600 0.760000
vn 0.581000 -0.809000 -0.089100
vn 0.264700 0.080900 0.960900
vn -0.785400 -0.123600 0.606500
vn 0.029400 -0.273700 0.961400
vn -0.325800 -0.128100 0.936700
vn -0.469900 -0.258200 0.844100
vn -0.647200 0.293000 0.703700
vn -0.732000 0.019400 0.681000
vn -0.483400 -0.668400 0.565300
vn -0.640900 -0.250800 0.725500
vn -0.899600 0.157400 0.407400
vn -0.451800 -0.384500 0.805000
vn -0.625100 -0.541200 0.562300
vn 0.089500 -0.820400 0.564700
vn -0.665200 -0.680700 0.306900
vn 0.045900 -0.934300 0.353600
vn -0.372900 0.210200 0.903700
vn -0.102600 0.016200 0.994600
vn -0.773200 0.246700 0.584200
vn -0.777000 -0.225900 0.587500
vn 0.117300 0.607300 0.785700
vn -0.014000 0.177600 0.984000
vn -0.674800 0.574700 -0.462900
vn -0.017700 0.067700 -0.997500
vn 0.766000 0.028300 -0.642300
vn 0.746200 -0.410000 -0.524500
vn -0.723000 -0.344900 -0.598600
vn -0.002300 0.719000 -0.695000
vn -0.036300 -0.677800 -0.734300
vn 0.620700 0.770400 -0.145300
vn -0.635500 0.660400 0.400000
vn -0.826500 -0.555500 -0.090900
vn -0.905100 0.337000 0.259100
vn -0.893300 0.198300 0.403200
vn -0.520200 -0.303400 0.798300
vn -0.461600 0.774300 -0.432900
vn -0.700500 0.679400 -0.218400
vn 0.040200 0.769900 -0.636900
vn -0.141400 0.740800 -0.656700
vn 0.368400 0.470100 -0.802000
vn 0.847600 -0.052300 -0.528000
vn 0.516500 0.483100 -0.706900
vn 0.821900 -0.509300 0.254900
vn 0.840000 -0.115000 -0.530300
vn 0.179400 -0.586500 0.789800
vn 0.752400 -0.639300 0.158800
vn -0.613500 -0.317100 0.723200
vn -0.961500 0.066300 0.266400
vn -0.582400 -0.343800 0.736600
vn -0.771200 0.479000 -0.419100
vn -0.093000 0.576000 -0.812100
vn 0.518600 0.363700 -0.773800
vn 0.935800 0.037500 -0.350500
vn 0.877200 -0.320400 0.357500
vn 0.158200 -0.517200 0.841100
vn -0.987000 0.028500 0.158000
vn -0.633400 -0.251800 0.731600
vn -0.754200 0.268000 -0.599400
vn -0.072300 0.353200 -0.932700
vn 0.552700 0.283800 -0.783600
vn 0.952200 0.038600 -0.302800
vn 0.797700 -0.327200 0.506500
vn 0.005600 -0.455700 0.890100
vn -0.990000 -0.135700 0.039300
vn -0.624300 -0.213800 0.751300
vn -0.693400 -0.002300 -0.720500
vn -0.125300 0.138600 -0.982400
vn 0.524100 0.196400 -0.828700
vn 0.984400 0.000200 -0.175900
vn 0.692900 -0.290100 0.660100
vn -0.001400 -0.302900 0.953000
vn -0.978300 -0.194300 -0.072200
vn -0.780400 -0.163100 0.603600
vn -0.734600 -0.073200 -0.674500
vn -0.099300 0.038800 -0.994300
vn 0.656600 0.108300 -0.746400
vn 0.995600 0.093000 -0.013500
vn 0.707500 0.068500 0.703400
vn -0.112000 -0.024400 0.993400
vn -0.999400 0.006700 0.035200
vn -0.746000 0.036600 0.665000
vn -0.700300 -0.071500 -0.710200
vn 0.126300 -0.150800 -0.980400
vn 0.808900 -0.081100 -0.582400
vn 0.997600 0.067800 0.014600
vn 0.772900 0.169800 0.611400
vn -0.002000 0.128800 0.991600
vn -0.977800 0.208300 0.021000
vn -0.705700 0.323700 0.630200
vn -0.717300 -0.027600 -0.696200
vn 0.018100 -0.287100 -0.957700
vn 0.676900 -0.329900 -0.658000
vn 0.982100 -0.153900 -0.108400
vn 0.803200 0.093200 0.588200
vn 0.052200 0.292400 0.954900
vn -0.805500 0.550200 -0.219700
vn -0.522700 0.707100 0.476100
vn -0.575800 0.045600 -0.816300
vn -0.004600 -0.516200 -0.856400
vn 0.513800 -0.752500 -0.412000
vn 0.780400 -0.600200 0.174900
vn 0.674500 -0.171100 0.718200
vn 0.132800 0.395700 0.908700
vn -0.399600 0.770900 -0.495900
vn -0.139700 0.971500 0.191600
vn -0.389100 0.129700 -0.912000
vn -0.215800 -0.650800 -0.727900
vn 0.079700 -0.992100 -0.096600
vn 0.317300 -0.800900 0.507800
vn 0.399500 -0.258700 0.879500
vn 0.234700 0.515000 0.824400
vn 0.233700 0.552100 -0.800300
vn 0.588500 0.808500 0.007300
vn -0.176500 0.008700 -0.984300
vn -0.513900 -0.601100 -0.612000
vn -0.526700 -0.840400 0.127600
vn -0.271600 -0.634300 0.723700
vn 0.084800 -0.169300 0.981900
vn 0.449200 0.451700 0.770800
vn 0.674500 0.087600 -0.733100
vn 0.961300 0.266900 -0.067500
vn 0.020700 -0.122300 -0.992200
vn -0.675600 -0.368900 -0.638300
vn -0.910000 -0.395200 0.125100
vn -0.645700 -0.204200 0.735700
vn -0.096400 0.074300 0.992600
vn 0.611600 0.326100 0.720800
vn 0.724600 -0.082400 -0.684200
vn 0.994700 0.099900 -0.025300
vn 0.044300 -0.180500 -0.982500
vn -0.679900 -0.199600 -0.705600
vn -0.989600 -0.138000 0.040000
vn -0.714100 0.032600 0.699200
vn -0.097900 0.216400 0.971400
vn 0.654400 0.255500 0.711700
vn 0.766000 -0.126100 -0.630200
vn 0.991100 0.132300 0.009600
vn 0.104300 -0.230500 -0.967500
vn -0.540400 -0.173900 -0.823200
vn -0.963400 -0.119700 -0.239700
vn -0.799200 0.101000 0.592500
vn -0.118900 0.305900 0.944600
vn 0.628700 0.335100 0.701700
vn 0.900300 -0.156000 -0.406300
vn 0.907000 0.118500 0.404100
vn 0.176500 -0.259500 -0.949400
vn -0.433100 -0.246200 -0.867000
vn -0.910900 -0.100800 -0.400000
vn -0.891600 0.190700 0.410600
vn -0.213000 0.313000 0.925500
vn 0.482200 0.284300 0.828600
vn 0.796800 -0.219200 -0.563100
vn 0.937300 -0.095600 0.335100
vn 0.134500 -0.270200 -0.953300
vn -0.494700 -0.201400 -0.845400
vn -0.952000 0.041800 -0.303100
vn -0.821900 0.280000 0.496000
vn -0.150100 0.260400 0.953700
vn 0.517900 0.080400 0.851600
vn 0.770300 -0.276200 -0.574800
vn 0.915600 -0.236300 0.325100
vn 0.136000 -0.194800 -0.971400
vn -0.517700 -0.044200 -0.854400
vn -0.948600 0.192200 -0.251400
vn -0.805600 0.322200 0.497100
vn -0.188200 0.192500 0.963100
vn 0.448300 -0.028500 0.893400
vn 0.746100 -0.362300 -0.558500
vn 0.844800 -0.447600 0.293200
vn 0.245400 -0.143300 -0.958700
vn -0.425500 0.213600 -0.879400
vn -0.844500 0.487000 -0.222800
vn -0.754200 0.389000 0.529000
vn -0.219200 0.026700 0.975300
vn 0.380500 -0.264400 0.886100
vn 0.727200 -0.443900 -0.523500
vn 0.715400 -0.671300 0.193400
vn 0.234200 0.007000 -0.972100
vn -0.492300 0.506200 -0.708100
vn -0.784100 0.620200 0.024200
vn -0.563600 0.287200 0.774500
vn 0.037000 -0.240300 0.970000
vn 0.295700 -0.496400 0.816200
vn 0.718800 -0.405300 -0.564800
vn 0.655100 -0.754300 0.042400
vn 0.420800 0.122900 -0.898800
vn -0.165500 0.617400 -0.769000
vn -0.642900 0.752400 -0.143200
vn -0.547400 0.210100 0.810000
vn -0.264700 -0.229300 0.936600
vn -0.009900 -0.568700 0.822400
vn 0.511300 -0.159300 -0.844400
vn 0.535600 -0.835000 0.125600
vn 0.184500 0.439200 -0.879200
vn 0.145600 0.607700 -0.780700
vn -0.401400 0.866300 -0.297100
vn -0.726800 0.320100 0.607600
vn -0.286000 -0.358700 0.888500
vn 0.218000 -0.731700 0.645800
vn 0.553100 -0.075600 -0.829600
vn 0.668800 -0.706500 -0.231500
vn 0.036000 0.582800 -0.811800
vn -0.346700 0.828800 -0.439100
vn -0.586900 0.809300 0.024900
vn -0.663500 0.296600 0.686800
vn -0.294100 -0.448300 0.844100
vn 0.187800 -0.838900 0.510800
vn 0.489700 -0.083500 -0.867900
vn 0.536200 -0.805800 -0.251300
vn -0.002800 0.575200 -0.818000
vn -0.399700 0.857300 -0.324500
vn -0.595400 0.600200 0.534000
vn -0.465500 0.013500 0.884900
vn -0.236800 -0.359400 0.902600
vn 0.169700 -0.815900 0.552800
vn 0.204300 -0.277000 -0.938900
vn 0.308800 -0.878200 -0.365100
vn -0.029500 0.438000 -0.898500
vn -0.207800 0.903200 -0.375600
vn -0.282100 0.886700 0.366200
vn -0.255300 0.327200 0.909800
vn -0.111900 -0.397000 0.911000
vn 0.140600 -0.897500 0.417900
vn 0.133800 -0.309000 -0.941600
vn 0.155500 -0.909700 -0.385100
vn 0.034800 0.455400 -0.889600
vn -0.073800 0.930900 -0.357800
vn -0.146100 0.920600 0.362200
vn -0.140300 0.403900 0.904000
vn -0.050500 -0.371000 0.927200
vn 0.073900 -0.917600 0.390500
vn 0.960000 0.074900 -0.269800
vn 0.971600 0.098100 -0.215300
vn 0.753000 -0.635300 -0.171300
vn 0.594700 0.740300 -0.313400
vn 0.639200 0.759500 -0.120700
vn -0.094900 0.978800 -0.181300
vn -0.033700 0.998700 0.037700
vn -0.689500 0.703100 0.173700
vn -0.975200 0.009600 0.220900
vn -0.733100 0.678500 0.045900
vn -0.678300 -0.717500 0.158400
vn -0.965400 -0.013900 0.260200
vn 0.066500 -0.997800 0.001700
vn -0.619100 -0.709600 0.336300
vn 0.766800 -0.639700 -0.051800
vn 0.992300 0.078400 -0.095600
vn 0.716100 -0.543700 -0.437700
vn 0.710800 0.640700 0.290100
vn 0.058800 0.853800 0.517100
vn -0.625800 0.620300 0.472900
vn -0.984600 0.043700 0.169200
vn -0.775600 -0.579300 -0.250500
vn -0.029600 -0.850000 -0.526000
vn 0.999200 -0.002700 -0.039700
vn 0.672700 -0.340400 -0.656900
vn 0.744900 0.340800 0.573500
vn 0.092600 0.492100 0.865600
vn -0.611500 0.378900 0.694600
vn -0.990100 0.056200 0.128300
vn -0.788700 -0.285400 -0.544400
vn -0.084100 -0.445300 -0.891400
vn 0.997800 -0.044300 -0.048400
vn 0.659100 -0.139300 -0.739000
vn 0.750200 0.083900 0.655800
vn 0.086000 0.163200 0.982800
vn -0.627100 0.150300 0.764300
vn -0.992800 0.055200 0.106600
vn -0.777400 -0.062100 -0.625900
vn -0.085100 -0.141200 -0.986300
vn 0.997400 -0.038600 -0.060700
vn 0.657000 0.005500 -0.753800
vn 0.749700 -0.056900 0.659300
vn 0.076100 -0.042900 0.996200
vn -0.640800 -0.005100 0.767700
vn -0.994400 0.037400 0.098500
vn -0.767600 0.059300 -0.638100
vn -0.078700 0.048100 -0.995700
vn 0.997900 -0.007100 -0.063800
vn 0.655100 0.117200 -0.746300
vn 0.749700 -0.125000 0.649800
vn 0.070800 -0.170400 0.982800
vn -0.648100 -0.118500 0.752300
vn -0.996100 0.002000 0.088300
vn -0.764700 0.122700 -0.632500
vn -0.079600 0.172400 -0.981800
vn 0.997500 0.042400 -0.056400
vn 0.651700 0.213700 -0.727700
vn 0.749900 -0.151900 0.643800
vn 0.068500 -0.257000 0.964000
vn -0.650300 -0.214400 0.728800
vn -0.996100 -0.047900 0.073800
vn -0.764300 0.148000 -0.627600
vn -0.081900 0.257700 -0.962700
vn 0.993300 0.109700 -0.037200
vn 0.643700 0.309500 -0.699900
vn 0.749000 -0.153500 0.644500
vn 0.069300 -0.325100 0.943100
vn -0.646200 -0.309500 0.697600
vn -0.991800 -0.116500 0.051600
vn -0.765800 0.145200 -0.626400
vn -0.089200 0.323900 -0.941900
vn 0.979900 0.199000 -0.003900
vn 0.625600 0.415100 -0.660500
vn 0.745100 -0.134600 0.653200
vn 0.074600 -0.386000 0.919500
vn -0.632000 -0.414100 0.655000
vn -0.978400 -0.206300 0.013300
vn -0.760600 0.124500 -0.637100
vn -0.100400 0.382600 -0.918400
vn 0.948100 0.313900 0.050400
vn 0.589200 0.536500 -0.604100
vn 0.732700 -0.096600 0.673600
vn 0.086400 -0.445200 0.891200
vn -0.600200 -0.534700 0.594800
vn -0.946300 -0.320200 -0.045200
vn -0.751100 0.079100 -0.655400
vn -0.123700 0.433700 -0.892500
vn 0.879700 0.455600 0.136100
vn 0.518300 0.676600 -0.523000
vn 0.702000 -0.041800 0.710900
vn 0.109100 -0.506300 0.855400
vn -0.535600 -0.673600 0.509200
vn -0.878500 -0.458900 -0.132500
vn -0.723100 0.014900 -0.690500
vn -0.159600 0.480300 -0.862500
vn 0.768600 0.597000 0.229700
vn 0.422300 0.791400 -0.441800
vn 0.646300 0.036800 0.762200
vn 0.134600 -0.537400 0.832500
vn -0.446500 -0.789800 0.420400
vn -0.772500 -0.587300 -0.241500
vn -0.658500 -0.055800 -0.750500
vn -0.179800 0.502900 -0.845400
vn 0.646400 0.699700 0.304100
vn 0.348500 0.850400 -0.394200
vn 0.554300 0.123100 0.823100
vn 0.126000 -0.524800 0.841800
vn -0.370600 -0.853600 0.366000
vn -0.655400 -0.681200 -0.326000
vn -0.565000 -0.121000 -0.816200
vn -0.158500 0.489200 -0.857600
vn 0.513100 0.774400 0.370000
vn 0.280500 0.888800 -0.362500
vn 0.433900 0.187700 0.881200
vn 0.093200 -0.508300 0.856100
vn -0.295600 -0.896200 0.330700
vn -0.512500 -0.771400 -0.377200
vn -0.445800 -0.204400 -0.871500
vn -0.119300 0.474900 -0.871900
vn 0.338800 0.837400 0.428900
vn 0.172400 0.928600 -0.328600
vn 0.297300 0.233500 0.925700
vn 0.078200 -0.506000 0.858900
vn -0.180800 -0.938700 0.293500
vn -0.334700 -0.837900 -0.431100
vn -0.300900 -0.265800 -0.915800
vn -0.094000 0.463700 -0.881000
vn 0.114600 0.871400 0.476900
vn 0.011500 0.954500 -0.297900
vn 0.146100 0.251400 0.956800
vn 0.092200 -0.512500 0.853700
vn -0.012000 -0.965700 0.259500
vn -0.107600 -0.874800 -0.472400
vn -0.143200 -0.296300 -0.944300
vn -0.096500 0.459400 -0.883000
vn -0.158600 0.847300 0.506900
vn -0.208000 0.937700 -0.278300
vn -0.010500 0.230900 0.972900
vn 0.144400 -0.512700 0.846300
vn 0.214800 -0.946700 0.239900
vn 0.165200 -0.853300 -0.494600
vn 0.025300 -0.287400 -0.957500
vn -0.129700 0.452200 -0.882400
vn -0.444900 0.736000 0.510200
vn -0.460100 0.843400 -0.277400
vn -0.150800 0.172000 0.973500
vn 0.233100 -0.493100 0.838100
vn 0.475000 -0.862300 0.175500
vn 0.436400 -0.739500 -0.512600
vn 0.182900 -0.231100 -0.955500
vn -0.191900 0.427000 -0.883600
vn -0.676600 0.550500 0.488900
vn -0.681100 0.670200 -0.294800
vn -0.253400 0.093300 0.962800
vn 0.309800 -0.412600 0.856600
vn 0.690200 -0.669400 0.274500
vn 0.685700 -0.556700 -0.468900
vn 0.299300 -0.139800 -0.943800
vn -0.263900 0.374100 -0.889000
vn -0.819100 0.346200 0.457400
vn -0.825900 0.464400 -0.319600
vn -0.313700 0.017900 0.949300
vn 0.368100 -0.317800 0.873800
vn 0.830200 -0.469000 0.301200
vn 0.826600 -0.358300 -0.434000
vn 0.360400 -0.047800 -0.931600
vn -0.325500 0.294100 -0.898600
vn -0.887400 0.174500 0.426600
vn -0.899900 0.273900 -0.339200
vn -0.341800 -0.038100 0.939000
vn 0.398000 -0.221100 0.890300
vn 0.901000 -0.277700 0.333300
vn 0.894800 -0.183900 -0.406800
vn 0.386400 0.000700 -0.922300
vn -0.366500 0.189700 -0.910900
vn -0.916000 0.074100 0.394300
vn -0.929500 0.119800 -0.348800
vn -0.359800 -0.036700 0.932300
vn 0.404800 -0.112100 0.907500
vn 0.920400 -0.124500 0.370500
vn 0.926000 -0.095600 -0.365300
vn 0.413400 -0.043900 -0.909500
vn -0.391800 0.048700 -0.918800
vn -0.931700 0.056100 0.358900
vn -0.931200 0.004300 -0.364500
vn -0.383000 0.065000 0.921400
vn 0.397200 0.043100 0.916700
vn 0.917600 -0.001600 0.397400
vn 0.947800 -0.073400 -0.310100
vn 0.442900 -0.123200 -0.888000
vn -0.395000 -0.080300 -0.915100
vn -0.931600 0.059500 0.358400
vn -0.928800 -0.050500 -0.367000
vn -0.365600 0.143700 0.919600
vn 0.426200 0.136900 0.894200
vn 0.930800 0.045000 0.362600
vn 0.934800 -0.065800 -0.349100
vn 0.396300 -0.138100 -0.907700
vn -0.414200 -0.128500 -0.901000
vn -0.925800 0.082300 0.368800
vn -0.933500 -0.034200 -0.356900
vn -0.349900 0.172800 0.920700
vn 0.429700 0.157600 0.889100
vn 0.928600 0.026800 0.369900
vn 0.919900 -0.149600 -0.362400
vn 0.343900 -0.209400 -0.915300
vn -0.437200 -0.135400 -0.889100
vn -0.901500 0.122100 0.415300
vn -0.942200 -0.007500 -0.335000
vn -0.259900 0.194300 0.945900
vn 0.506500 0.127700 0.852700
vn 0.951300 -0.015000 0.307700
vn 0.885300 -0.128700 -0.446800
vn 0.250900 -0.169500 -0.953100
vn -0.506900 -0.123900 -0.853100
vn -0.910600 0.041400 0.411100
vn -0.936300 -0.005900 -0.351000
vn -0.291100 0.057600 0.955000
vn 0.481200 0.035100 0.875900
vn 0.946900 0.010100 0.321400
vn 0.896000 -0.005000 -0.444000
vn 0.309700 -0.015600 -0.950700
vn -0.454600 -0.027500 -0.890300
vn -0.902600 0.056100 0.426700
vn -0.945300 0.007000 -0.326000
vn -0.279300 0.072600 0.957500
vn 0.485200 0.046300 0.873200
vn 0.947800 -0.002900 0.318600
vn 0.894100 -0.049400 -0.445100
vn 0.298000 -0.075400 -0.951600
vn -0.472500 -0.052400 -0.879800
vn -0.891400 0.197100 0.408200
vn -0.946400 0.052700 -0.318600
vn -0.302700 0.225300 0.926100
vn 0.445200 0.125100 0.886600
vn 0.941600 -0.023200 0.335800
vn 0.896500 -0.144100 -0.418900
vn 0.334400 -0.189600 -0.923200
vn -0.456700 -0.112700 -0.882400
vn -0.869400 0.266400 0.416200
vn -0.949000 0.070200 -0.307200
vn -0.292600 0.312300 0.903800
vn 0.450900 0.171900 0.875900
vn 0.949300 -0.075300 0.305100
vn 0.866700 -0.263000 -0.423800
vn 0.340700 -0.289800 -0.894400
vn -0.437000 -0.162400 -0.884700
vn -0.863100 0.156700 0.480100
vn -0.956500 0.024100 -0.290600
vn -0.229700 0.196500 0.953200
vn 0.526200 0.094500 0.845100
vn 0.971700 -0.071100 0.225100
vn 0.842600 -0.177100 -0.508600
vn 0.272700 -0.184400 -0.944200
vn -0.464200 -0.109700 -0.878900
vn -0.851300 -0.056300 0.521600
vn -0.962100 -0.056400 -0.266900
vn -0.203300 -0.011300 0.979000
vn 0.530400 0.025200 0.847300
vn 0.972200 0.042900 0.230000
vn 0.846300 0.038900 -0.531200
vn 0.236200 0.013700 -0.971600
vn -0.499300 -0.022700 -0.866100
vn -0.802300 -0.255900 0.539300
vn -0.951300 -0.166500 -0.259600
vn -0.151800 -0.158800 0.975600
vn 0.540700 0.000100 0.841200
vn 0.962100 0.129100 0.240300
vn 0.825300 0.186200 -0.533000
vn 0.207300 0.157100 -0.965500
vn -0.502300 0.028000 -0.864200
vn -0.746400 -0.384900 0.542900
vn -0.925400 -0.276900 -0.258700
vn -0.089400 -0.231100 0.968800
vn 0.566700 0.034900 0.823200
vn 0.936700 0.260100 0.234300
vn 0.756800 0.341700 -0.557200
vn 0.104700 0.235600 -0.966200
vn -0.544600 -0.005800 -0.838700
vn -0.704300 -0.501100 0.502800
vn -0.868300 -0.403400 -0.288600
vn -0.104000 -0.289900 0.951400
vn 0.522100 0.068500 0.850100
vn 0.868400 0.406600 0.283900
vn 0.707500 0.527900 -0.469800
vn 0.124500 0.329300 -0.936000
vn -0.503600 -0.054700 -0.862100
vn -0.650400 -0.598800 0.467400
vn -0.799800 -0.517500 -0.304100
vn -0.111400 -0.320100 0.940800
vn 0.478800 0.130100 0.868200
vn 0.802000 0.516000 0.300700
vn 0.653000 0.605600 -0.454800
vn 0.121200 0.335600 -0.934100
vn -0.468800 -0.123600 -0.874600
vn -0.665000 -0.583700 0.465900
vn -0.809800 -0.510700 -0.288600
vn -0.139300 -0.317500 0.938000
vn 0.459400 0.127000 0.879100
vn 0.807700 0.504700 0.304600
vn 0.665600 0.578100 -0.471800
vn 0.121700 0.296800 -0.947100
vn -0.479100 -0.147600 -0.865200
vn -0.725200 -0.483000 0.490600
vn -0.858700 -0.430000 -0.278700
vn -0.155800 -0.244000 0.957200
vn 0.482100 0.133300 0.865900
vn 0.855300 0.434800 0.281900
vn 0.725100 0.482300 -0.491400
vn 0.156600 0.240200 -0.958000
vn -0.486300 -0.129900 -0.864100
vn -0.778600 -0.359500 0.514200
vn -0.896800 -0.357900 -0.259800
vn -0.203000 -0.156200 0.966600
vn 0.466000 0.132100 0.874800
vn 0.885800 0.361400 0.291200
vn 0.778900 0.381000 -0.498100
vn 0.181700 0.158600 -0.970500
vn -0.491500 -0.143500 -0.859000
vn -0.825800 -0.239400 0.510600
vn -0.917800 -0.286000 -0.275500
vn -0.245600 -0.059400 0.967500
vn 0.450900 0.155700 0.878800
vn 0.908400 0.300200 0.290700
vn 0.821200 0.271200 -0.502100
vn 0.231100 0.069400 -0.970400
vn -0.463400 -0.159700 -0.871600
vn -0.855700 -0.165700 0.490100
vn -0.929000 -0.223700 -0.294900
vn -0.276400 -0.014700 0.960900
vn 0.442000 0.153400 0.883800
vn 0.923700 0.249200 0.291000
vn 0.845700 0.187500 -0.499600
vn 0.259200 0.008100 -0.965800
vn -0.449100 -0.154100 -0.880100
vn -0.867200 -0.133800 0.479500
vn -0.939400 -0.167600 -0.299000
vn -0.282600 -0.024000 0.958900
vn 0.456300 0.116100 0.882200
vn 0.938600 0.197900 0.282400
vn 0.854500 0.149500 -0.497500
vn 0.263200 0.012300 -0.964700
vn -0.459800 -0.111800 -0.880900
vn -0.858400 -0.179300 0.480600
vn -0.938100 -0.175600 -0.298500
vn -0.261700 -0.077700 0.962000
vn 0.480200 0.078400 0.873700
vn 0.941300 0.192800 0.277000
vn 0.853400 0.190600 -0.485100
vn 0.268100 0.075600 -0.960400
vn -0.462400 -0.073600 -0.883600
vn -0.820300 -0.318600 0.474900
vn -0.907300 -0.284600 -0.309400
vn -0.227200 -0.161600 0.960300
vn 0.486500 0.092900 0.868700
vn 0.912000 0.296100 0.283600
vn 0.821900 0.330600 -0.463800
vn 0.260700 0.171000 -0.950100
vn -0.448300 -0.083600 -0.890000
vn -0.720000 -0.526100 0.452500
vn -0.815100 -0.471000 -0.337300
vn -0.173200 -0.256500 0.950900
vn 0.458500 0.160300 0.874100
vn 0.819500 0.483000 0.308300
vn 0.725200 0.536900 -0.431100
vn 0.220100 0.283200 -0.933400
vn -0.411900 -0.132800 -0.901500
vn -0.547700 -0.727300 0.413500
vn -0.649900 -0.661500 -0.374200
vn -0.102800 -0.339900 0.934800
vn 0.390000 0.236200 0.890000
vn 0.655200 0.670600 0.347800
vn 0.556900 0.733400 -0.389800
vn 0.142800 0.379300 -0.914200
vn -0.353700 -0.194500 -0.914900
vn -0.356500 -0.856500 0.373200
vn -0.459300 -0.789400 -0.407300
vn -0.033900 -0.395600 0.917800
vn 0.302500 0.286000 0.909200
vn 0.463900 0.796300 0.388200
vn 0.365100 0.861300 -0.353300
vn 0.056600 0.432700 -0.899700
vn -0.283300 -0.247200 -0.926600
vn -0.265800 -0.897100 0.352900
vn -0.366500 -0.830200 -0.420100
vn -0.002600 -0.417200 0.908800
vn 0.258600 0.300300 0.918100
vn 0.369400 0.836100 0.405400
vn 0.271500 0.901300 -0.337600
vn 0.016100 0.446800 -0.894500
vn -0.247400 -0.268700 -0.930900
vn 0.095300 0.777500 -0.621600
vn 0.448700 0.615000 -0.648400
vn 0.141700 -0.746500 0.650100
vn -0.005100 -0.808300 0.588700
vn 0.922700 -0.086800 -0.375600
vn 0.714000 -0.683700 0.151100
vn -0.324900 0.803000 -0.499600
vn -0.734900 -0.356700 0.576700
vn -0.925200 0.371800 0.075300
vn -0.620000 0.617800 0.483500
vn 0.868800 -0.374300 0.323900
vn -0.000000 0.228400 0.973600
vn -0.079200 0.784700 -0.614800
vn 0.011400 -0.828700 0.559600
vn 0.118500 0.941600 0.315000
vn 0.384700 0.160900 0.908900
vn 0.110500 -0.971800 0.208100
s off
f 6/1/1 7/2/1 8/3/1
f 4/4/2 5/5/2 7/2/2
f 153/6/3 171/7/3 169/8/3
f 158/9/4 169/8/4 167/10/4
f 158/9/5 153/6/5 169/8/5
f 158/9/6 167/10/6 26/11/6
f 151/12/7 171/7/7 153/6/7
f 58/13/8 148/14/8 149/15/8
f 58/16/9 57/17/9 459/18/9
f 457/19/10 459/20/10 57/21/10
f 58/13/11 151/22/11 150/23/11
f 463/24/12 161/25/12 458/26/12
f 159/27/13 155/28/13 153/6/13
f 153/29/14 152/30/14 150/23/14
f 200/31/15 199/32/15 152/30/15
f 155/33/16 156/34/16 198/35/16
f 160/36/17 156/37/17 155/28/17
f 160/36/18 157/38/18 31/39/18
f 456/40/19 335/41/19 48/42/19
f 457/19/20 149/43/20 148/44/20
f 793/45/21 150/46/21 152/47/21
f 161/48/22 162/49/22 163/49/22
f 176/50/23 177/51/23 178/52/23
f 166/48/24 163/49/24 176/50/24
f 171/7/25 172/7/25 170/8/25
f 173/53/26 174/54/26 172/55/26
f 173/56/27 164/57/27 165/57/27
f 188/58/28 189/59/28 187/60/28
f 190/61/29 191/62/29 189/59/29
f 190/61/30 192/63/30 193/64/30
f 192/63/31 194/65/31 195/66/31
f 196/67/32 197/68/32 195/66/32
f 186/69/33 187/69/33 197/69/33
f 159/70/34 21/71/34 18/72/34
f 160/73/35 18/72/35 157/74/35
f 13/75/36 337/76/36 203/77/36
f 644/78/37 462/79/37 461/80/37
f 173/56/38 171/7/38 151/12/38
f 14/81/39 338/82/39 337/76/39
f 11/83/40 10/84/40 340/85/40
f 225/86/41 224/87/41 222/88/41
f 245/89/42 271/90/42 270/91/42
f 260/92/43 243/93/43 288/91/43
f 261/94/44 311/95/44 271/96/44
f 270/91/45 237/97/45 247/92/45
f 314/98/46 315/99/46 292/100/46
f 235/101/47 254/102/47 251/103/47
f 249/104/48 252/105/48 248/106/48
f 235/101/49 257/103/49 254/102/49
f 252/105/50 255/104/50 248/106/50
f 292/100/46 315/99/46 316/107/46
f 271/90/51 317/108/51 261/109/51
f 287/110/52 320/111/52 285/112/52
f 282/113/53 281/114/53 272/115/53
f 247/92/54 237/97/54 244/116/54
f 238/116/55 243/93/55 260/92/55
f 240/93/56 243/93/56 238/116/56
f 284/117/46 321/118/46 322/119/46
f 285/109/57 319/108/57 287/90/57
f 313/120/46 312/121/46 289/122/46
f 269/115/58 262/123/58 278/123/58
f 244/116/59 237/97/59 240/93/59
f 288/91/60 287/90/60 258/89/60
f 269/115/61 280/124/61 283/125/61
f 265/126/62 283/125/62 280/124/62
f 291/90/63 271/90/63 242/127/63
f 236/127/64 287/90/64 291/90/64
f 258/89/65 287/90/65 236/127/65
f 242/127/66 271/90/66 245/89/66
f 281/114/67 282/113/67 293/128/67
f 304/129/68 305/129/68 302/130/68
f 305/129/69 306/131/69 302/130/69
f 306/131/70 307/132/70 302/130/70
f 307/132/71 308/133/71 302/130/71
f 308/133/72 303/133/72 302/130/72
f 303/133/73 309/132/73 302/130/73
f 309/132/74 310/131/74 302/130/74
f 310/131/75 304/129/75 302/130/75
f 289/122/46 312/121/46 311/134/46
f 311/135/76 312/136/76 270/91/76
f 270/91/77 312/136/77 313/137/77
f 237/138/78 313/139/78 290/140/78
f 243/93/79 314/141/79 286/142/79
f 290/142/80 316/141/80 237/97/80
f 316/143/81 315/144/81 240/145/81
f 240/145/81 315/144/81 314/146/81
f 319/147/82 318/148/82 291/149/82
f 317/150/46 318/151/46 279/152/46
f 279/152/46 318/151/46 319/153/46
f 291/149/82 318/148/82 317/154/82
f 288/91/83 321/136/83 320/155/83
f 286/156/84 322/157/84 243/158/84
f 320/159/46 321/118/46 284/117/46
f 322/160/85 321/136/85 288/91/85
f 284/117/46 286/161/46 292/100/46
f 335/162/86 331/163/86 333/164/86
f 10/84/87 201/165/87 336/166/87
f 14/81/88 11/83/88 339/167/88
f 447/168/89 469/169/89 471/170/89
f 452/171/90 467/172/90 469/169/90
f 452/171/91 469/169/91 447/168/91
f 452/171/92 363/173/92 467/172/92
f 445/174/93 447/168/93 471/170/93
f 394/175/94 393/176/94 443/177/94
f 459/18/95 393/178/95 394/179/95
f 457/19/96 443/180/96 393/181/96
f 394/175/97 442/182/97 444/183/97
f 394/179/98 455/184/98 458/26/98
f 447/168/99 449/185/99 453/186/99
f 444/183/100 446/187/100 447/188/100
f 446/187/101 496/189/101 497/190/101
f 449/191/102 497/190/102 495/192/102
f 449/185/103 450/193/103 454/194/103
f 450/195/104 495/192/104 938/196/104
f 454/194/105 450/193/105 938/197/105
f 453/198/106 359/199/106 362/200/106
f 793/45/107 792/201/107 446/202/107
f 794/203/108 148/44/108 150/46/108
f 794/203/109 793/45/109 444/204/109
f 455/205/110 466/205/110 5/206/110
f 7/207/111 468/172/111 475/208/111
f 466/205/112 468/172/112 7/207/112
f 470/169/113 472/170/113 471/170/113
f 472/170/114 474/209/114 473/209/114
f 473/209/115 474/209/115 465/210/115
f 484/211/116 486/212/116 485/213/116
f 486/212/117 488/214/117 487/215/117
f 487/215/118 488/214/118 490/216/118
f 489/217/119 490/216/119 492/218/119
f 492/218/120 494/219/120 493/220/120
f 494/69/121 484/69/121 483/69/121
f 453/198/122 454/221/122 353/222/122
f 454/221/123 451/223/123 353/222/123
f 500/224/124 646/225/124 348/226/124
f 473/209/125 445/174/125 471/170/125
f 646/225/126 647/227/126 349/228/126
f 345/229/127 648/230/127 649/231/127
f 554/232/128 555/233/128 579/234/128
f 569/235/129 568/233/129 597/234/129
f 570/236/130 580/237/130 620/238/130
f 556/235/131 546/239/131 579/234/131
f 601/240/132 624/241/132 623/242/132
f 544/243/133 560/244/133 563/245/133
f 544/243/134 563/245/134 566/244/134
f 561/246/135 557/247/135 564/248/135
f 601/240/132 599/249/132 625/250/132
f 580/251/136 570/252/136 626/253/136
f 596/254/137 594/255/137 629/256/137
f 581/257/138 590/258/138 591/259/138
f 556/235/139 553/260/139 546/239/139
f 547/260/140 569/235/140 552/261/140
f 547/260/141 552/261/141 549/261/141
f 593/262/132 595/263/132 631/264/132
f 594/252/142 596/251/142 628/253/142
f 598/265/132 621/266/132 622/267/132
f 578/257/143 581/257/143 587/268/143
f 553/260/144 550/269/144 549/261/144
f 567/232/145 596/251/145 597/234/145
f 571/268/146 592/270/146 589/271/146
f 551/272/147 580/251/147 600/251/147
f 545/272/148 548/273/148 600/251/148
f 567/232/149 545/272/149 596/251/149
f 551/272/150 554/232/150 580/251/150
f 602/274/151 591/259/151 590/258/151
f 613/275/152 611/276/152 614/275/152
f 614/275/153 611/276/153 615/277/153
f 615/277/154 611/276/154 616/278/154
f 616/278/155 611/276/155 617/279/155
f 617/279/156 611/276/156 612/279/156
f 612/279/157 611/276/157 618/278/157
f 618/278/158 611/276/158 619/277/158
f 619/277/159 611/276/159 613/275/159
f 598/265/132 570/280/132 620/281/132
f 579/234/160 621/282/160 620/283/160
f 579/234/161 546/239/161 622/284/161
f 546/285/162 599/286/162 622/287/162
f 552/261/163 595/288/163 623/289/163
f 599/288/164 546/239/164 625/289/164
f 549/290/165 624/291/165 625/292/165
f 549/290/165 552/293/165 623/294/165
f 600/295/166 627/296/166 628/297/166
f 588/298/132 627/299/132 626/300/132
f 588/298/132 594/301/132 628/302/132
f 600/295/167 580/237/167 626/303/167
f 597/234/168 596/251/168 629/304/168
f 595/305/169 552/293/169 631/306/169
f 593/262/132 630/307/132 629/308/132
f 597/234/170 630/282/170 631/309/170
f 640/310/171 462/311/171 644/312/171
f 344/313/172 649/231/172 645/314/172
f 349/228/173 647/227/173 648/230/173
f 653/315/174 652/316/174 744/317/174
f 653/318/175 756/319/175 652/320/175
f 656/321/176 657/322/176 655/323/176
f 757/324/177 651/325/177 650/326/177
f 756/327/178 757/324/178 655/328/178
f 654/329/176 661/330/176 660/331/176
f 661/330/176 665/332/176 664/333/176
f 665/332/176 671/334/176 664/333/176
f 715/335/179 717/336/179 719/337/179
f 653/315/180 651/338/180 758/339/180
f 761/340/178 760/341/178 759/342/178
f 757/324/181 756/327/181 760/341/181
f 651/325/182 757/324/182 761/340/182
f 653/318/183 759/343/183 760/344/183
f 765/345/178 773/346/178 772/347/178
f 771/348/184 767/349/184 768/350/184
f 763/351/185 788/352/185 789/353/185
f 768/350/186 762/354/186 764/350/186
f 769/345/178 763/351/178 767/349/178
f 764/350/187 771/348/187 768/350/187
f 770/355/188 775/356/188 771/348/188
f 769/345/189 775/356/189 773/346/189
f 779/357/190 781/358/190 777/359/190
f 773/346/190 779/360/190 777/361/190
f 772/347/178 777/361/178 776/361/178
f 774/362/186 779/360/186 775/356/186
f 780/363/191 783/364/191 782/364/191
f 776/361/178 781/363/178 780/363/178
f 784/365/186 787/366/186 785/365/186
f 783/364/191 786/366/191 782/364/191
f 779/360/192 784/365/192 785/365/192
f 783/367/193 785/368/193 787/369/193
f 774/362/194 763/351/194 765/345/194
f 790/370/195 788/352/195 791/371/195
f 762/354/196 791/371/196 788/352/196
f 763/351/197 790/370/197 767/349/197
f 767/349/198 791/371/198 766/372/198
f 152/47/199 341/373/199 792/201/199
f 792/201/200 462/79/200 446/202/200
f 442/374/201 443/180/201 457/19/201
f 335/41/202 456/40/202 461/80/202
f 382/375/203 644/78/203 456/40/203
f 1010/376/204 903/377/204 1028/378/204
f 1009/379/205 1010/376/205 1028/378/205
f 650/326/206 654/380/206 757/324/206
f 655/328/207 757/324/207 654/380/207
f 656/381/208 652/320/208 756/319/208
f 756/319/209 657/382/209 656/381/209
f 58/16/210 458/26/210 161/25/210
f 58/383/211 173/56/211 151/12/211
f 463/24/212 458/26/212 455/184/212
f 394/384/213 445/385/213 473/386/213
f 394/179/214 473/209/214 455/387/214
f 161/388/215 173/56/215 58/383/215
f 744/317/174 650/389/174 651/338/174
f 651/338/174 653/315/174 744/317/174
f 668/390/176 664/333/176 671/334/176
f 665/332/176 669/391/176 671/334/176
f 719/337/179 697/392/179 715/335/179
f 696/393/216 714/394/216 715/335/216
f 715/335/216 716/395/216 717/336/216
f 717/336/179 718/396/179 719/337/179
f 697/392/216 696/393/216 715/335/216
f 765/345/178 769/345/178 773/346/178
f 766/372/217 768/350/217 767/349/217
f 771/348/218 769/345/218 767/349/218
f 763/351/185 762/354/185 788/352/185
f 768/350/186 766/372/186 762/354/186
f 769/345/178 765/345/178 763/351/178
f 764/350/219 770/355/219 771/348/219
f 770/355/220 774/362/220 775/356/220
f 769/345/221 771/348/221 775/356/221
f 779/357/190 783/367/190 781/358/190
f 773/346/222 775/356/222 779/360/222
f 772/347/178 773/346/178 777/361/178
f 774/362/186 778/360/186 779/360/186
f 780/363/191 781/363/191 783/364/191
f 776/361/223 777/361/223 781/363/223
f 784/365/186 786/366/186 787/366/186
f 783/364/224 787/366/224 786/366/224
f 779/360/192 778/360/192 784/365/192
f 783/367/225 779/357/225 785/368/225
f 780/363/226 782/364/226 778/360/226
f 786/366/227 784/365/227 782/364/227
f 782/364/228 784/365/228 778/360/228
f 772/347/226 776/361/226 778/360/226
f 762/354/229 763/351/229 764/350/229
f 765/345/194 772/347/194 774/362/194
f 780/363/226 778/360/226 776/361/226
f 770/355/230 764/350/230 763/351/230
f 772/347/231 778/360/231 774/362/231
f 774/362/230 770/355/230 763/351/230
f 790/370/195 789/353/195 788/352/195
f 762/354/196 766/372/196 791/371/196
f 763/351/197 789/353/197 790/370/197
f 767/349/198 790/370/198 791/371/198
f 461/80/232 792/201/232 341/373/232
f 152/47/233 154/397/233 341/373/233
f 448/398/234 446/202/234 462/79/234
f 792/201/235 461/80/235 462/79/235
f 822/399/236 1028/378/236 903/377/236
f 1010/376/237 905/400/237 903/377/237
f 1028/378/238 953/401/238 1009/379/238
f 1009/379/239 1011/402/239 1010/376/239
f 152/30/240 153/29/240 200/31/240
f 153/29/241 155/33/241 200/31/241
f 199/32/242 154/403/242 152/30/242
f 469/404/243 473/405/243 464/406/243
f 173/407/244 171/408/244 169/409/244
f 169/409/245 167/410/245 161/411/245
f 195/66/246 187/60/246 191/62/246
f 187/60/247 189/59/247 191/62/247
f 488/214/248 484/211/248 492/218/248
f 195/66/249 197/68/249 187/60/249
f 169/409/250 161/411/250 164/412/250
f 196/69/251 194/69/251 192/69/251
f 192/69/252 190/69/252 188/69/252
f 449/191/253 447/188/253 497/190/253
f 446/187/254 448/413/254 496/189/254
f 497/190/255 447/188/255 446/187/255
f 455/414/256 467/415/256 469/404/256
f 469/404/257 471/416/257 473/405/257
f 488/214/258 486/212/258 484/211/258
f 484/211/259 494/219/259 492/218/259
f 489/69/260 493/69/260 483/69/260
f 192/69/261 188/69/261 186/69/261
f 485/69/262 487/69/262 489/69/262
f 489/69/263 491/69/263 493/69/263
f 333/164/264 325/417/264 335/162/264
f 335/162/265 341/418/265 331/163/265
f 325/417/266 48/419/266 335/162/266
f 329/420/267 331/163/267 341/418/267
f 382/421/268 634/422/268 644/312/268
f 642/423/269 640/310/269 644/312/269
f 638/424/270 462/311/270 640/310/270
f 644/312/271 634/422/271 642/423/271
f 693/425/272 695/426/272 673/427/272
f 228/428/273 227/429/273 226/430/273
f 224/87/274 223/431/274 222/88/274
f 221/432/275 228/428/275 226/430/275
f 535/433/276 525/434/276 533/435/276
f 527/436/277 529/437/277 531/438/277
f 531/438/277 532/439/277 527/436/277
f 533/435/278 534/440/278 535/433/278
f 226/430/279 225/86/279 222/88/279
f 741/441/216 743/442/216 721/443/216
f 672/444/272 690/445/272 691/446/272
f 691/446/280 692/447/280 693/425/280
f 693/425/272 694/448/272 695/426/272
f 673/427/280 672/444/280 691/446/280
f 720/449/216 738/450/216 739/451/216
f 739/451/179 740/452/179 741/441/179
f 741/441/216 742/453/216 743/442/216
f 721/443/179 720/449/179 739/451/179
f 533/435/281 525/434/281 527/436/281
f 289/122/46 261/454/46 279/152/46
f 279/152/46 285/455/46 284/117/46
f 601/240/132 593/262/132 588/298/132
f 290/456/46 289/122/46 292/100/46
f 588/298/132 570/280/132 598/265/132
f 598/265/132 599/249/132 601/240/132
f 292/100/282 286/161/282 243/161/282
f 595/263/132 593/262/132 601/240/132
f 292/100/46 289/122/46 279/152/46
f 593/262/132 594/301/132 588/298/132
f 552/263/283 595/263/283 601/240/283
f 1/457/284 6/1/284 8/3/284
f 6/1/285 4/4/285 7/2/285
f 57/458/286 58/13/286 149/15/286
f 458/26/287 58/16/287 459/18/287
f 149/43/288 457/19/288 57/21/288
f 148/14/289 58/13/289 150/23/289
f 158/9/290 159/27/290 153/6/290
f 151/22/291 153/29/291 150/23/291
f 200/31/292 155/33/292 198/35/292
f 159/27/293 160/36/293 155/28/293
f 156/37/294 160/36/294 31/39/294
f 460/459/295 456/40/295 48/42/295
f 794/203/20 457/19/20 148/44/20
f 792/201/296 793/45/296 152/47/296
f 166/48/297 161/48/297 163/49/297
f 168/10/298 176/50/298 178/52/298
f 168/10/299 166/48/299 176/50/299
f 169/8/300 171/7/300 170/8/300
f 171/460/26 173/53/26 172/55/26
f 174/56/301 173/56/301 165/57/301
f 186/461/302 188/58/302 187/60/302
f 188/58/303 190/61/303 189/59/303
f 191/62/304 190/61/304 193/64/304
f 193/64/305 192/63/305 195/66/305
f 194/65/306 196/67/306 195/66/306
f 196/69/307 186/69/307 197/69/307
f 160/73/34 159/70/34 18/72/34
f 801/462/308 13/75/308 203/77/308
f 456/40/309 644/78/309 461/80/309
f 13/75/310 14/81/310 337/76/310
f 339/167/311 11/83/311 340/85/311
f 246/463/312 245/89/312 270/91/312
f 259/463/313 260/92/313 288/91/313
f 246/463/314 270/91/314 247/92/314
f 286/161/46 314/98/46 292/100/46
f 290/456/46 292/100/46 316/107/46
f 278/123/53 282/113/53 272/115/53
f 241/464/315 240/93/315 238/116/315
f 286/161/46 284/117/46 322/119/46
f 290/456/46 313/120/46 289/122/46
f 272/115/58 269/115/58 278/123/58
f 241/464/316 244/116/316 240/93/316
f 259/463/317 288/91/317 258/89/317
f 262/123/61 269/115/61 283/125/61
f 268/465/62 265/126/62 280/124/62
f 239/466/318 291/90/318 242/127/318
f 239/466/319 236/127/319 291/90/319
f 275/465/320 281/114/320 293/128/320
f 261/454/46 289/122/46 311/134/46
f 271/90/321 311/135/321 270/91/321
f 237/97/322 270/91/322 313/137/322
f 237/138/323 316/143/323 240/145/323
f 243/158/81 240/145/81 314/146/81
f 287/110/324 319/147/324 291/149/324
f 261/454/46 317/150/46 279/152/46
f 285/455/46 279/152/46 319/153/46
f 271/467/325 291/149/325 317/154/325
f 287/90/326 288/91/326 320/155/326
f 285/455/46 320/159/46 284/117/46
f 243/93/327 322/160/327 288/91/327
f 340/85/328 10/84/328 336/166/328
f 338/82/329 14/81/329 339/167/329
f 442/182/330 394/175/330 443/177/330
f 458/26/331 459/18/331 394/179/331
f 459/20/332 457/19/332 393/181/332
f 445/468/333 394/175/333 444/183/333
f 452/171/334 447/168/334 453/186/334
f 445/468/335 444/183/335 447/188/335
f 450/195/336 449/191/336 495/192/336
f 453/186/337 449/185/337 454/194/337
f 451/469/338 454/194/338 938/197/338
f 452/470/339 453/198/339 362/200/339
f 444/204/340 793/45/340 446/202/340
f 793/45/341 794/203/341 150/46/341
f 442/374/342 794/203/342 444/204/342
f 4/206/343 455/205/343 5/206/343
f 8/471/344 7/207/344 475/208/344
f 5/206/345 466/205/345 7/207/345
f 469/169/346 470/169/346 471/170/346
f 471/170/347 472/170/347 473/209/347
f 464/210/348 473/209/348 465/210/348
f 483/472/349 484/211/349 485/213/349
f 485/213/350 486/212/350 487/215/350
f 489/217/351 487/215/351 490/216/351
f 491/473/352 489/217/352 492/218/352
f 491/473/353 492/218/353 493/220/353
f 493/69/354 494/69/354 483/69/354
f 359/199/355 453/198/355 353/222/355
f 347/474/356 500/224/356 348/226/356
f 348/226/357 646/225/357 349/228/357
f 344/313/358 345/229/358 649/231/358
f 580/251/359 554/232/359 579/234/359
f 552/261/360 569/235/360 597/234/360
f 555/233/361 556/235/361 579/234/361
f 595/263/132 601/240/132 623/242/132
f 624/241/132 601/240/132 625/250/132
f 587/268/138 581/257/138 591/259/138
f 550/269/362 547/260/362 549/261/362
f 630/307/132 593/262/132 631/264/132
f 599/249/132 598/265/132 622/267/132
f 571/268/143 578/257/143 587/268/143
f 546/239/363 553/260/363 549/261/363
f 568/233/364 567/232/364 597/234/364
f 578/257/146 571/268/146 589/271/146
f 548/273/365 551/272/365 600/251/365
f 596/251/366 545/272/366 600/251/366
f 584/475/367 602/274/367 590/258/367
f 621/266/132 598/265/132 620/281/132
f 580/251/368 579/234/368 620/283/368
f 621/282/369 579/234/369 622/284/369
f 546/285/370 549/290/370 625/292/370
f 624/291/165 549/290/165 623/294/165
f 596/254/371 600/295/371 628/297/371
f 570/280/132 588/298/132 626/300/132
f 627/299/132 588/298/132 628/302/132
f 627/296/166 600/295/166 626/303/166
f 630/282/372 597/234/372 629/304/372
f 594/301/132 593/262/132 629/308/132
f 552/261/373 597/234/373 631/309/373
f 498/476/374 344/313/374 645/314/374
f 345/229/375 349/228/375 648/230/375
f 654/329/176 656/321/176 655/323/176
f 657/477/178 756/327/178 655/328/178
f 656/321/176 654/329/176 660/331/176
f 660/331/176 661/330/176 664/333/176
f 759/342/180 653/315/180 758/339/180
f 758/339/178 761/340/178 759/342/178
f 761/340/181 757/324/181 760/341/181
f 758/339/182 651/325/182 761/340/182
f 756/319/183 653/318/183 760/344/183
f 794/203/376 442/374/376 457/19/376
f 341/373/377 335/41/377 461/80/377
f 460/459/378 382/375/378 456/40/378
f 455/414/379 469/404/379 464/406/379
f 193/64/246 195/66/246 191/62/246
f 490/216/380 488/214/380 492/218/380
f 173/407/381 169/409/381 164/412/381
f 485/69/382 489/69/382 483/69/382
f 196/69/383 192/69/383 186/69/383
f 691/446/272 693/425/272 673/427/272
f 221/432/384 226/430/384 222/88/384
f 739/451/179 741/441/179 721/443/179
f 532/439/385 533/435/385 527/436/385
f 598/265/132 601/240/132 588/298/132
f 240/100/282 292/100/282 243/161/282
f 284/117/46 292/100/46 279/152/46
f 549/240/283 552/263/283 601/240/283
s 1
f 54/478/386 25/51/387 52/479/388
f 212/480/389 55/481/390 15/482/391
f 21/483/392 931/484/393 18/485/394
f 24/486/395 26/11/396 53/487/397
f 52/479/388 141/488/398 51/489/399
f 30/490/400 9/491/401 27/492/402
f 10/493/403 798/494/404 29/495/405
f 501/496/406 504/497/407 9/498/401
f 30/490/400 27/492/402 210/499/408
f 29/495/405 201/500/409 10/493/403
f 441/501/410 1032/502/411 1030/503/412
f 798/494/404 809/504/413 29/495/405
f 809/504/413 27/505/402 29/495/405
f 41/506/414 816/507/415 42/508/416
f 33/509/417 35/510/418 220/511/419
f 219/512/420 36/513/421 38/514/422
f 39/515/423 41/506/414 43/516/424
f 915/517/425 234/518/426 46/519/427
f 232/520/428 45/521/429 44/522/430
f 230/523/431 44/522/430 46/519/427
f 816/507/415 36/513/421 37/524/432
f 39/515/423 38/514/422 36/513/421
f 43/516/424 40/525/433 39/515/423
f 39/515/423 40/525/433 815/526/434
f 217/527/435 35/510/418 33/509/417
f 217/527/435 218/528/436 34/529/437
f 323/530/438 34/529/437 218/528/436
f 504/531/407 502/532/439 49/533/440
f 22/534/441 358/535/442 21/483/392
f 51/489/399 54/478/386 52/479/388
f 52/479/388 25/51/387 384/536/443
f 384/536/443 385/537/444 52/479/388
f 51/489/399 24/486/395 53/487/397
f 53/487/397 54/478/386 51/489/399
f 51/489/399 21/483/392 24/486/395
f 23/538/445 50/539/446 22/534/441
f 26/11/396 54/478/386 53/487/397
f 26/11/396 25/51/387 54/478/386
f 434/540/447 358/535/442 22/534/441
f 23/538/445 21/483/392 51/489/399
f 22/534/441 21/483/392 23/538/445
f 358/535/442 931/484/393 21/483/392
f 354/541/448 1030/503/412 1031/542/449
f 898/543/450 210/499/408 27/492/402
f 30/490/400 210/499/408 15/544/391
f 55/481/390 56/545/451 16/546/452
f 59/547/453 798/494/404 60/548/454
f 60/548/454 62/549/455 63/550/456
f 62/549/455 64/551/457 65/552/458
f 65/552/458 64/551/457 824/553/459
f 61/554/460 63/550/456 123/555/461
f 65/552/458 825/556/462 121/557/463
f 61/554/460 124/558/464 883/559/465
f 63/550/456 65/552/458 122/560/466
f 66/561/467 67/562/468 74/563/469
f 108/564/470 94/565/471 95/566/472
f 110/567/473 93/568/474 94/569/471
f 113/570/475 91/571/476 92/572/477
f 72/573/478 75/574/479 68/575/480
f 98/576/481 96/577/482 91/578/476
f 73/579/483 848/579/484 85/579/485
f 67/562/468 68/575/480 75/574/479
f 106/580/486 95/566/472 96/577/482
f 833/581/487 74/563/469 77/582/488
f 71/583/489 70/584/490 834/585/491
f 77/582/488 88/586/492 89/587/493
f 76/588/494 78/589/495 75/574/479
f 83/590/496 84/591/497 842/592/498
f 74/563/469 75/574/479 78/589/495
f 837/593/499 89/587/493 88/586/492
f 89/594/493 86/595/500 70/596/490
f 87/597/501 90/598/502 78/589/495
f 842/592/498 851/599/503 87/597/501
f 73/600/483 79/601/504 82/602/505
f 78/589/495 90/598/502 88/586/492
f 843/603/506 81/604/507 90/598/502
f 80/605/508 88/586/492 90/598/502
f 73/606/483 85/607/485 83/590/496
f 85/579/485 848/579/484 849/579/509
f 79/608/504 83/590/496 72/573/478
f 72/573/478 83/590/496 76/588/494
f 100/609/510 102/610/511 101/611/512
f 107/612/513 120/613/514 878/614/515
f 101/611/512 102/610/511 857/615/516
f 108/616/470 109/617/517 866/618/518
f 111/619/519 112/620/520 114/621/521
f 106/580/486 107/612/513 109/622/517
f 113/623/475 114/624/521 97/625/522
f 98/576/481 97/625/522 107/612/513
f 105/626/523 865/627/524 100/609/510
f 103/628/525 873/629/526 115/630/527
f 109/617/517 878/631/515 877/632/528
f 97/625/522 119/633/529 120/613/514
f 114/624/521 118/634/530 119/633/529
f 119/633/529 116/635/531 115/630/527
f 118/634/530 117/636/532 116/635/531
f 120/613/514 115/630/527 873/629/526
f 116/635/531 117/636/532 105/626/523
f 101/611/512 115/630/527 116/635/531
f 122/560/466 121/557/463 104/637/533
f 102/610/511 123/555/461 122/560/466
f 124/558/464 123/555/461 102/610/511
f 865/627/524 883/559/465 124/558/464
f 96/577/482 147/638/534 143/639/535
f 94/569/471 93/568/474 144/640/536
f 94/565/471 146/641/537 145/642/538
f 91/571/476 143/643/535 142/644/539
f 95/566/472 145/642/538 147/638/534
f 137/645/540 133/646/541 140/647/542
f 138/648/543 888/649/544 139/650/545
f 135/651/546 136/652/547 131/653/548
f 134/654/549 139/655/545 140/647/542
f 136/656/547 137/645/540 131/657/548
f 140/647/542 68/575/480 67/562/468
f 131/657/548 67/562/468 66/561/467
f 139/655/545 831/658/550 68/575/480
f 128/659/551 127/660/552 138/648/543
f 130/661/553 137/645/540 136/656/547
f 129/662/554 133/646/541 137/645/540
f 126/663/555 125/664/556 136/652/547
f 128/665/551 134/654/549 133/646/541
f 843/603/506 87/597/501 851/599/503
f 85/579/485 849/579/509 84/579/497
f 888/649/544 69/666/557 831/667/550
f 816/507/415 41/506/414 39/515/423
f 50/539/446 23/538/445 141/488/398
f 32/668/558 38/514/422 39/515/423
f 3/669/559 433/670/560 50/539/446
f 52/479/388 385/537/444 3/669/559
f 50/539/446 433/670/560 434/540/447
f 51/489/399 141/488/398 23/538/445
f 203/671/561 208/672/562 801/673/563
f 147/638/534 145/642/538 129/662/554
f 143/639/535 147/638/534 130/661/553
f 146/674/537 144/675/536 127/660/552
f 146/641/537 128/665/551 129/662/554
f 143/643/535 125/664/556 126/663/555
f 824/553/459 64/551/457 14/676/564
f 14/676/564 64/551/457 62/549/455
f 12/677/565 60/548/454 798/494/404
f 11/678/566 62/549/455 60/548/454
f 156/34/567 31/679/568 198/35/569
f 24/680/395 21/71/392 159/70/570
f 24/486/395 158/9/571 26/11/396
f 18/485/394 931/484/393 157/38/572
f 9/681/401 201/500/409 29/495/405
f 49/533/440 502/532/439 48/682/573
f 164/57/574 161/48/575 166/48/576
f 179/683/577 25/684/387 175/685/578
f 175/685/578 162/686/579 161/411/575
f 169/8/580 170/8/581 168/10/582
f 175/685/578 25/684/387 177/687/583
f 181/688/584 185/689/585 174/56/586
f 162/686/579 175/685/578 176/690/587
f 178/52/588 179/52/577 167/10/589
f 177/51/583 25/51/387 179/52/577
f 180/691/590 181/688/584 165/57/591
f 170/8/581 183/692/592 182/693/593
f 184/694/594 183/692/592 170/8/581
f 174/56/586 185/689/585 184/694/594
f 168/10/582 182/693/593 180/691/590
f 206/695/595 209/696/596 204/697/597
f 207/698/598 202/699/599 801/673/563
f 209/696/596 208/672/562 203/671/561
f 12/677/565 10/493/403 11/678/566
f 12/677/565 798/494/404 10/493/403
f 16/546/452 56/545/451 1038/700/600
f 205/701/601 213/702/602 206/695/595
f 208/672/562 213/702/602 207/698/598
f 202/699/599 207/698/598 205/701/601
f 205/701/601 206/695/595 198/703/569
f 211/704/603 15/544/391 210/499/408
f 207/698/598 213/702/602 205/701/601
f 206/695/595 213/702/602 209/696/596
f 209/696/596 213/702/602 208/672/562
f 214/705/604 900/706/605 805/707/606
f 518/708/607 357/709/608 355/710/609
f 215/711/610 216/712/611 56/545/451
f 216/712/611 1029/713/612 1038/700/600
f 1035/714/613 1034/715/614 1044/715/615
f 216/712/611 215/711/610 214/716/604
f 19/717/616 218/718/436 217/719/435
f 20/709/617 217/527/435 909/720/618
f 34/529/437 219/512/420 220/511/419
f 912/721/619 220/511/419 38/514/422
f 502/532/439 382/722/620 460/723/621
f 222/724/622 528/725/623 526/726/624
f 223/727/625 530/728/626 528/725/623
f 224/727/627 16/729/452 223/727/625
f 536/730/628 504/730/407 9/731/401
f 221/732/629 526/726/624 536/730/628
f 226/732/630 227/733/631 9/731/401
f 225/724/632 226/732/630 30/734/400
f 224/727/627 225/724/632 16/729/452
f 229/735/633 233/736/634 43/516/424
f 229/735/633 230/523/431 234/518/426
f 42/508/416 231/737/635 229/735/633
f 231/737/635 232/520/428 230/523/431
f 40/525/433 43/516/424 233/736/634
f 914/738/636 233/736/634 234/518/426
f 258/89/637 236/127/638 248/739/639
f 235/740/640 238/116/641 260/92/642
f 236/127/638 239/466/643 248/739/639
f 235/740/640 241/464/644 238/116/641
f 239/466/643 242/127/645 248/739/639
f 235/740/640 244/116/646 241/464/644
f 242/127/645 245/89/647 248/739/639
f 235/740/640 247/92/648 244/116/646
f 235/740/640 251/741/649 247/92/648
f 250/742/650 249/743/651 245/89/647
f 247/92/648 251/741/649 250/742/650
f 245/89/647 249/743/651 248/739/639
f 253/744/652 252/745/653 249/743/651
f 251/741/649 254/746/654 253/744/652
f 256/742/655 255/743/656 252/745/653
f 254/746/654 257/741/657 256/742/655
f 235/740/640 260/92/642 257/741/657
f 259/463/658 258/89/637 255/743/656
f 257/741/657 260/92/642 259/463/658
f 255/743/656 258/89/637 248/739/639
f 301/747/659 310/748/660 309/749/661
f 294/750/662 303/751/663 308/752/664
f 268/465/665 267/753/666 264/754/667
f 298/755/668 307/756/669 306/757/670
f 264/754/667 267/753/666 266/758/671
f 280/124/672 269/115/673 266/758/671
f 296/759/674 305/760/675 304/761/676
f 304/761/676 310/748/660 301/747/659
f 309/749/661 303/751/663 294/750/662
f 274/753/677 277/754/678 276/762/679
f 308/752/664 307/756/669 298/755/668
f 282/113/680 278/123/681 276/762/679
f 297/763/682 306/764/670 305/760/675
f 280/124/672 267/753/666 268/465/665
f 283/125/683 264/754/667 263/762/684
f 281/114/685 274/753/677 273/758/686
f 265/126/687 264/754/667 283/125/683
f 275/465/688 274/753/677 281/114/685
f 277/754/678 293/128/689 282/113/680
f 274/753/677 275/465/688 293/128/689
f 276/762/679 278/123/681 295/765/690
f 273/758/686 276/762/679 301/766/659
f 273/758/686 300/767/691 294/768/662
f 272/115/692 294/768/662 299/768/693
f 269/115/673 299/768/693 298/767/668
f 266/758/671 298/767/668 297/766/682
f 263/762/684 297/766/682 296/765/674
f 278/123/681 262/123/694 296/765/674
f 47/769/695 46/519/427 44/522/430
f 219/512/420 34/529/437 323/530/438
f 36/513/421 219/512/420 920/770/696
f 19/710/616 805/707/606 324/771/697
f 326/772/698 327/773/699 48/774/573
f 204/775/597 328/776/700 200/777/701
f 328/776/700 330/778/702 329/779/703
f 330/778/702 332/780/704 331/781/705
f 332/780/704 334/782/706 333/783/707
f 334/782/706 326/772/698 325/784/708
f 326/772/698 334/782/706 340/785/709
f 334/782/706 332/780/704 339/786/710
f 332/780/704 330/778/702 338/787/711
f 330/778/702 328/776/700 337/788/712
f 204/775/597 203/789/561 337/788/712
f 327/773/699 326/772/698 336/790/713
f 49/791/440 327/773/699 201/792/409
f 49/791/440 48/774/573 327/773/699
f 9/681/401 49/533/440 201/500/409
f 390/793/714 388/794/715 1/471/716
f 350/795/717 391/796/718 513/797/719
f 359/798/720 353/799/721 931/484/393
f 362/800/722 389/801/723 363/173/724
f 388/794/715 387/802/725 432/803/726
f 366/804/727 364/805/728 343/806/729
f 344/807/730 365/808/731 925/809/732
f 501/496/406 366/810/727 343/811/729
f 366/804/727 511/812/733 364/805/728
f 365/808/731 344/807/730 498/813/734
f 1033/814/735 1035/815/613 441/501/410
f 925/809/732 365/808/731 367/816/736
f 367/816/736 365/808/731 364/817/728
f 377/506/737 949/508/738 375/507/739
f 524/511/740 371/510/741 369/509/742
f 523/512/743 524/511/740 373/514/744
f 376/818/745 378/516/746 377/506/737
f 1020/517/747 951/769/748 381/519/749
f 379/522/750 380/521/751 541/520/752
f 538/523/753 543/518/754 381/519/749
f 375/507/739 943/524/755 372/513/756
f 376/818/745 375/507/739 372/513/756
f 378/516/746 376/818/745 947/525/757
f 376/818/745 374/526/758 947/525/757
f 520/527/759 1015/720/760 369/509/742
f 520/527/759 371/510/741 370/529/761
f 521/819/762 370/529/761 633/530/763
f 504/531/407 343/820/729 383/821/764
f 360/822/765 359/798/720 358/535/442
f 387/802/725 388/794/715 390/793/714
f 388/794/715 384/536/443 1/471/716
f 384/536/443 388/794/715 385/537/444
f 387/802/725 389/801/723 362/800/722
f 389/801/723 387/802/725 390/793/714
f 387/802/725 362/800/722 359/798/720
f 361/823/766 360/822/765 386/824/767
f 363/173/724 389/801/723 390/793/714
f 363/173/724 390/793/714 1/471/716
f 434/540/447 360/822/765 358/535/442
f 361/823/766 387/802/725 359/798/720
f 360/822/765 361/823/766 359/798/720
f 358/535/442 359/798/720 931/484/393
f 354/541/448 1036/825/768 1033/814/735
f 514/826/769 935/827/770 364/805/728
f 350/795/717 511/812/733 366/804/727
f 350/795/717 351/828/771 392/829/772
f 397/830/773 396/831/774 925/809/732
f 399/832/775 398/833/776 396/831/774
f 401/834/777 400/835/778 398/833/776
f 401/834/777 403/836/779 402/837/780
f 397/830/773 431/838/781 430/839/782
f 401/834/777 429/840/783 994/841/784
f 995/842/785 431/838/781 397/830/773
f 399/832/775 430/839/782 429/840/783
f 419/843/786 409/844/787 408/845/788
f 408/846/788 961/847/789 421/848/790
f 406/849/791 405/849/792 423/849/793
f 423/850/793 405/851/792 410/852/794
f 412/853/795 410/852/794 409/844/787
f 415/854/796 416/855/797 414/856/798
f 420/857/799 973/858/800 428/859/801
f 415/854/796 417/860/802 418/861/803
f 972/862/804 973/858/800 420/857/799
f 423/850/793 412/853/795 411/863/805
f 412/853/795 419/843/786 420/857/799
f 970/864/806 413/865/807 414/856/798
f 415/854/796 424/866/808 983/867/809
f 411/863/805 420/857/799 427/868/810
f 980/869/811 411/863/805 426/870/812
f 426/870/812 427/868/810 424/866/808
f 987/871/813 426/870/812 425/872/814
f 428/859/801 983/867/809 424/866/808
f 970/864/806 986/873/815 425/872/814
f 415/854/796 413/865/807 425/872/814
f 418/861/803 963/874/816 994/841/784
f 416/855/797 418/861/803 429/840/783
f 416/855/797 430/839/782 431/838/781
f 971/875/817 414/856/798 431/838/781
f 405/851/792 440/876/818 410/852/794
f 438/877/819 997/878/820 961/847/789
f 437/879/821 438/880/819 408/845/788
f 439/881/822 406/882/791 407/883/823
f 406/849/791 435/849/824 436/849/825
f 410/852/794 440/876/818 437/879/821
f 375/507/739 376/818/745 377/506/737
f 386/824/767 432/803/726 361/823/766
f 368/668/826 374/526/758 376/818/745
f 386/824/767 433/670/560 3/669/559
f 388/794/715 432/803/726 3/669/559
f 434/540/447 433/670/560 386/824/767
f 387/802/725 361/823/766 432/803/726
f 500/884/827 347/885/828 509/886/829
f 349/887/830 400/835/778 402/837/780
f 345/888/831 398/833/776 400/835/778
f 346/889/832 925/809/732 396/831/774
f 346/889/832 396/831/774 398/833/776
f 362/800/722 363/173/724 452/171/833
f 353/799/721 451/469/834 931/484/393
f 365/808/731 498/813/734 343/820/729
f 465/210/835 466/205/836 455/205/837
f 6/1/838 1/457/716 476/890/839
f 455/414/837 4/4/840 6/1/838
f 467/172/841 468/172/842 470/169/843
f 465/210/835 474/209/844 482/891/845
f 467/172/841 476/208/839 475/208/846
f 476/208/839 1/471/716 8/471/847
f 465/210/835 478/892/848 477/893/849
f 470/169/843 468/172/842 479/894/850
f 470/169/843 480/895/851 481/896/852
f 474/209/844 472/170/853 481/896/852
f 466/205/836 477/893/849 479/894/850
f 505/897/854 510/898/855 507/899/856
f 347/885/828 499/900/857 508/901/858
f 500/884/827 509/886/829 510/898/855
f 346/889/832 345/888/831 344/807/730
f 346/889/832 344/807/730 925/809/732
f 351/902/771 503/903/859 1037/904/860
f 506/905/861 507/899/856 515/906/862
f 509/886/829 508/901/858 515/906/862
f 499/900/857 938/197/863 506/905/861
f 495/907/864 507/899/856 506/905/861
f 512/908/865 514/826/769 511/812/733
f 508/901/858 506/905/861 515/906/862
f 507/899/856 510/898/855 515/906/862
f 510/898/855 509/886/829 515/906/862
f 356/909/866 1006/910/867 516/911/868
f 20/709/617 216/708/611 19/710/616
f 392/912/772 518/708/607 517/913/869
f 1037/904/860 1034/914/614 518/708/607
f 391/915/718 517/913/869 519/916/870
f 503/917/859 1038/700/600 1046/700/871
f 516/911/868 518/708/607 355/710/609
f 518/708/607 516/911/868 517/913/869
f 1006/910/867 519/916/870 517/913/869
f 357/709/608 520/527/759 521/819/762
f 357/709/608 352/918/872 1015/720/760
f 370/529/761 371/510/741 524/511/740
f 373/514/744 524/511/740 522/721/873
f 383/821/764 382/722/620 502/532/439
f 526/726/624 528/725/623 527/919/874
f 528/725/623 530/728/626 529/920/875
f 530/728/626 351/921/771 529/920/875
f 343/922/729 536/730/628 535/923/876
f 536/730/628 526/726/624 525/924/877
f 533/924/878 366/925/727 343/922/729
f 532/919/879 351/921/771 366/925/727
f 531/920/880 351/921/771 532/919/879
f 378/516/746 542/736/881 537/735/882
f 537/735/882 542/736/881 543/518/754
f 537/735/882 540/926/883 949/508/738
f 538/523/753 541/520/752 540/926/883
f 947/525/757 539/738/884 542/736/881
f 539/738/884 1020/517/747 543/518/754
f 567/232/885 557/927/886 545/272/887
f 544/928/888 569/235/889 547/260/890
f 545/272/887 557/927/886 548/273/891
f 544/928/888 547/260/890 550/269/892
f 548/273/891 557/927/886 551/272/893
f 544/928/888 550/269/892 553/260/894
f 551/272/893 557/927/886 554/232/895
f 544/928/888 553/260/894 556/235/896
f 544/928/888 556/235/896 560/929/897
f 554/232/895 558/930/898 559/931/899
f 556/235/896 555/233/900 559/931/899
f 554/232/895 557/927/886 558/930/898
f 558/930/898 561/932/901 562/933/902
f 560/929/897 559/931/899 562/933/902
f 558/248/898 557/247/886 561/246/901
f 561/932/901 564/930/903 565/931/904
f 563/934/905 562/933/902 565/931/904
f 544/928/888 566/929/906 569/235/889
f 564/930/903 567/232/885 568/233/907
f 566/929/906 565/931/904 568/233/907
f 564/930/903 557/927/886 567/232/885
f 609/935/908 618/936/909 619/937/910
f 608/938/911 617/939/912 612/940/913
f 573/941/914 576/942/915 577/475/916
f 606/943/917 615/944/918 616/945/919
f 572/946/920 575/947/921 576/942/915
f 575/947/921 578/257/922 589/271/923
f 604/948/924 613/949/925 614/950/926
f 610/951/927 619/937/910 613/949/925
f 603/952/928 612/940/913 618/936/909
f 583/942/929 582/947/930 585/946/931
f 608/938/911 607/953/932 616/945/919
f 585/946/931 587/268/933 591/259/934
f 605/954/935 614/950/926 615/955/918
f 589/271/923 577/475/916 576/942/915
f 592/270/936 571/268/937 572/946/920
f 590/258/938 581/257/939 582/947/930
f 574/956/940 592/270/936 573/941/914
f 584/475/941 590/258/938 583/942/929
f 574/956/940 577/475/916 589/271/923
f 586/941/942 591/259/934 602/274/943
f 583/942/929 586/941/942 602/274/943
f 610/957/927 604/958/924 587/268/933
f 582/947/930 609/959/908 610/957/927
f 603/960/928 609/959/908 582/947/930
f 608/960/911 603/960/928 581/257/939
f 607/959/932 608/960/911 578/257/922
f 606/957/917 607/959/932 575/947/921
f 605/958/935 606/957/917 572/946/920
f 587/268/933 604/958/924 605/958/935
f 951/769/748 380/521/751 379/522/750
f 523/512/743 632/770/944 633/530/763
f 372/513/756 943/524/755 632/770/944
f 355/710/609 521/819/762 1025/771/945
f 382/961/620 636/962/946 635/963/947
f 497/964/948 637/965/949 505/966/854
f 638/967/950 639/968/951 637/965/949
f 640/969/952 641/970/953 639/968/951
f 642/971/954 643/972/955 641/970/953
f 634/973/956 635/963/947 643/972/955
f 635/963/947 645/974/957 649/975/958
f 643/972/955 649/975/958 648/976/959
f 641/970/953 648/976/959 647/977/960
f 639/968/951 647/977/960 646/978/961
f 646/978/961 500/979/827 505/966/854
f 636/962/946 498/980/734 645/974/957
f 383/981/764 498/980/734 636/962/946
f 383/981/764 636/962/946 382/961/620
f 343/820/729 498/813/734 383/821/764
f 654/380/962 650/326/963 659/982/964
f 659/982/964 663/983/965 665/984/966
f 652/320/967 656/381/968 660/985/969
f 658/986/970 747/987/971 749/988/972
f 664/989/973 668/990/974 666/991/975
f 660/985/969 664/989/973 662/992/976
f 663/993/965 751/994/977 753/995/978
f 671/996/979 669/997/980 667/998/981
f 670/999/982 667/1000/981 753/995/978
f 663/983/965 667/998/981 669/997/980
f 668/990/974 671/996/979 670/1001/982
f 703/1002/983 704/1003/984 702/1002/985
f 688/1004/986 695/426/987 694/448/988
f 675/1005/989 677/1006/990 676/1006/991
f 708/1007/992 718/396/993 717/336/994
f 680/1008/995 691/446/996 690/445/997
f 677/1006/990 679/1009/998 678/1009/999
f 701/1010/1000 702/1002/985 700/1010/1001
f 674/1005/1002 673/427/1003 695/426/987
f 679/1009/998 681/1008/1004 680/1008/995
f 704/1003/984 714/394/1005 702/1002/985
f 684/1011/1006 686/1012/1007 694/448/988
f 680/1008/995 681/1008/1004 683/1013/1008
f 698/1014/1009 701/1010/1000 700/1010/1001
f 678/1009/999 690/445/997 672/444/1010
f 683/1013/1008 685/1011/1011 684/1011/1006
f 712/1015/1012 718/396/993 710/1016/1013
f 676/1006/991 672/444/1010 673/427/1003
f 685/1011/1011 687/1012/1014 686/1012/1007
f 687/1012/1014 681/1008/1004 679/1009/998
f 687/1012/1014 689/1004/1015 688/1004/986
f 698/1014/1009 719/337/1016 712/1015/1012
f 682/1013/1017 692/447/1018 691/446/996
f 689/1004/1015 675/1005/989 674/1005/1002
f 684/1011/1006 693/425/1019 692/447/1018
f 705/1003/1020 706/1017/1021 704/1003/984
f 700/1010/1001 714/394/1005 696/393/1022
f 707/1017/1023 708/1007/992 706/1017/1021
f 700/1010/1001 697/392/1024 698/1014/1009
f 708/1007/992 711/1016/1025 710/1016/1013
f 711/1016/1025 705/1003/1020 703/1002/983
f 710/1016/1013 713/1015/1026 712/1015/1012
f 704/1003/984 716/395/1027 715/335/1028
f 712/1015/1012 699/1014/1029 698/1014/1009
f 706/1017/1021 717/336/994 716/395/1027
f 727/1018/983 729/1019/1020 728/1019/984
f 732/1020/992 734/1021/1030 742/453/993
f 725/1022/1000 727/1018/983 726/1018/985
f 728/1019/984 739/451/1028 738/450/1005
f 723/1023/1029 725/1022/1000 724/1022/1001
f 736/1024/1012 743/442/1016 742/453/993
f 722/1023/1009 721/443/1024 743/442/1016
f 729/1019/1020 731/1025/1023 730/1025/1021
f 724/1022/1001 726/1018/985 738/450/1005
f 731/1025/1023 733/1020/1031 732/1020/992
f 722/1023/1009 724/1022/1001 720/449/1022
f 732/1020/992 733/1020/1031 735/1021/1025
f 735/1021/1025 729/1019/1020 727/1018/983
f 734/1021/1030 735/1021/1025 737/1024/1026
f 728/1019/984 730/1025/1021 740/452/1027
f 736/1024/1012 737/1024/1026 723/1023/1029
f 730/1025/1021 732/1020/992 741/441/994
f 754/1026/1032 752/1027/1033 755/1028/1034
f 747/1029/971 750/1030/1035 755/1028/1034
f 670/999/982 752/1031/1033 754/1032/1032
f 659/1033/964 650/1034/963 746/1035/1036
f 662/1036/976 666/1037/975 754/1032/1032
f 744/1038/1037 652/1039/967 749/988/972
f 658/986/970 662/1036/976 750/1040/1035
f 744/1038/1037 745/1041/1038 746/1035/1036
f 659/1033/964 748/1042/1039 751/994/977
f 750/1030/1035 754/1026/1032 755/1028/1034
f 752/1027/1033 753/1043/978 755/1028/1034
f 753/1043/978 751/1044/977 755/1028/1034
f 751/1044/977 748/1045/1039 755/1028/1034
f 748/1045/1039 746/1046/1036 755/1028/1034
f 746/1046/1036 745/1047/1038 755/1028/1034
f 745/1047/1038 749/1048/972 755/1028/1034
f 749/1048/972 747/1029/971 755/1028/1034
f 216/708/611 214/705/604 19/710/616
f 413/865/807 415/854/796 414/856/798
f 971/875/817 970/864/806 414/856/798
f 99/1049/1040 100/609/510 101/611/512
f 99/1049/1040 105/626/523 100/609/510
f 48/682/573 502/532/439 460/723/621
f 505/897/854 500/884/827 510/898/855
f 495/907/864 505/897/854 507/899/856
f 796/1050/1041 800/1051/1042 801/1052/563
f 797/1053/1043 796/1050/1041 930/1054/1044
f 897/1055/1045 896/1056/1046 803/1057/1047
f 894/1058/1048 808/1059/1049 797/1053/1043
f 808/1059/1049 800/1051/1042 797/1053/1043
f 808/1059/1049 28/1060/1050 809/1061/413
f 930/1054/1044 157/1062/572 931/1063/393
f 323/1064/438 811/1065/1051 913/1066/1052
f 912/1067/619 911/1068/1053 812/1069/1054
f 817/1070/1055 37/1071/432 813/1072/1056
f 813/1072/1056 37/1071/432 913/1066/1052
f 911/1068/1053 814/1073/1057 813/1072/1056
f 815/1074/434 820/1075/1058 818/1076/1059
f 816/1077/415 819/1078/1060 42/1079/416
f 817/1070/1055 818/1076/1059 820/1075/1058
f 817/1070/1055 813/1072/1056 814/1073/1057
f 818/1076/1059 32/1080/558 815/1074/434
f 906/1081/1061 812/1069/1054 810/1082/1062
f 907/1083/1063 810/1082/1062 811/1065/1051
f 906/1081/1061 909/1084/618 33/1085/417
f 932/1086/1064 17/1087/1065 806/1088/1066
f 803/1089/1047 822/399/1067 821/1090/1068
f 823/1091/1069 799/1092/1070 798/1093/404
f 825/1094/462 824/1095/459 826/1096/1071
f 827/1097/1072 826/1096/1071 828/1098/1073
f 829/1099/1074 881/1100/1075 882/1101/1076
f 823/1091/1069 884/1102/1077 881/1100/1075
f 59/1103/453 883/1104/465 884/1102/1077
f 827/1097/1072 882/1101/1076 121/1105/463
f 829/1099/1074 828/1098/1073 799/1092/1070
f 830/1106/1078 834/1107/491 835/1108/1079
f 131/653/548 66/1109/467 830/1106/1078
f 869/1110/1080 855/1111/1081 856/1112/1082
f 867/1113/1083 856/1112/1082 93/1114/474
f 111/619/519 92/1115/477 855/1111/1081
f 832/1116/1084 835/1108/1079 836/1117/1085
f 840/1118/1086 835/1108/1079 834/1107/491
f 840/1118/1086 841/1119/1087 836/1117/1085
f 831/1120/550 69/1121/557 82/1122/505
f 838/1123/1088 837/1124/499 80/1125/508
f 847/1126/1089 849/1127/509 848/1128/484
f 84/1129/497 849/1127/509 847/1126/1089
f 839/1130/1090 84/1129/497 847/1126/1089
f 841/1119/1087 854/1131/1091 853/1132/1092
f 853/1132/1092 851/1133/503 842/1134/498
f 850/1135/1093 854/1131/1091 841/1119/1087
f 846/1136/1094 81/1137/507 843/1138/506
f 86/1139/500 852/1140/1095 837/1124/499
f 844/1141/1096 853/1132/1092 854/1131/1091
f 833/1142/487 834/1107/491 830/1106/1078
f 845/1143/1097 80/1125/508 81/1137/507
f 845/1143/1097 846/1136/1094 854/1131/1091
f 836/1117/1085 841/1119/1087 847/1126/1089
f 69/1121/557 836/1117/1085 82/1122/505
f 869/1110/1080 870/1144/1098 112/620/520
f 110/1145/473 866/1146/518 868/1147/1099
f 103/1148/525 857/1149/516 104/1150/533
f 858/1151/1100 104/1150/533 860/1152/1101
f 860/1152/1101 862/1153/1102 861/1154/1103
f 861/1154/1103 862/1153/1102 864/1155/1104
f 863/1156/1105 864/1155/1104 865/1157/524
f 867/1113/1083 868/1147/1099 870/1144/1098
f 112/620/520 876/1158/1106 118/1159/530
f 870/1144/1098 880/1160/1107 876/1158/1106
f 879/1161/1108 872/1162/1109 871/1163/1110
f 868/1147/1099 879/1161/1108 880/1160/1107
f 866/1146/518 877/1164/528 879/1161/1108
f 877/1164/528 874/1165/1111 872/1162/1109
f 858/1151/1100 874/1165/1111 873/1166/526
f 872/1162/1109 874/1165/1111 858/1151/1100
f 899/1167/1112 901/1168/1113 806/1088/1066
f 863/1156/1105 875/1169/1114 871/1163/1110
f 861/1154/1103 871/1163/1110 872/1162/1109
f 105/1170/523 117/1171/532 875/1169/1114
f 882/1101/1076 881/1100/1075 862/1153/1102
f 864/1155/1104 862/1153/1102 881/1100/1075
f 104/1150/533 121/1105/463 882/1101/1076
f 884/1102/1077 883/1104/465 865/1157/524
f 92/1115/477 142/644/539 893/1172/1115
f 855/1111/1081 893/1172/1115 892/1173/1116
f 93/1114/474 856/1112/1082 892/1173/1116
f 890/1174/1117 889/1175/1118 888/1176/544
f 891/1177/1119 887/1178/1120 889/1175/1118
f 891/1177/1119 135/651/546 132/1106/1121
f 889/1175/1118 832/1116/1084 69/1121/557
f 889/1175/1118 887/1178/1120 832/1116/1084
f 887/1178/1120 132/1106/1121 830/1106/1078
f 885/1179/1122 126/1180/555 135/651/546
f 886/1181/1123 890/1174/1117 138/1182/543
f 886/1181/1123 885/1179/1122 891/1177/1119
f 839/1130/1090 842/1134/498 84/1129/497
f 844/1141/1096 843/1138/506 851/1133/503
f 86/1139/500 850/1135/1093 840/1118/1086
f 838/1123/1088 845/1143/1097 850/1135/1093
f 814/1073/1057 32/1080/558 818/1076/1059
f 40/1183/433 820/1075/1058 815/1074/434
f 817/1070/1055 819/1078/1060 816/1077/415
f 816/1077/415 37/1071/432 817/1070/1055
f 808/1059/1049 809/1061/413 799/1092/1070
f 799/1092/1070 800/1051/1042 808/1059/1049
f 797/1053/1043 800/1051/1042 796/1050/1041
f 451/1184/834 938/1185/863 923/1186/1124
f 28/1060/1050 27/1187/402 809/1061/413
f 807/1188/1125 28/1060/1050 808/1059/1049
f 893/1172/1115 885/1179/1122 886/1181/1123
f 892/1173/1116 886/1181/1123 127/1189/552
f 893/1172/1115 142/644/539 126/1180/555
f 894/1058/1048 797/1053/1043 999/1190/1126
f 959/1191/1127 795/1192/1128 894/1058/1048
f 807/1188/1125 808/1059/1049 894/1058/1048
f 799/1092/1070 828/1098/1073 800/1051/1042
f 801/1052/563 800/1051/1042 828/1098/1073
f 403/1193/779 994/1194/784 956/1195/1129
f 801/1052/563 202/1196/599 796/1050/1041
f 796/1050/1041 202/1196/599 31/1197/568
f 876/1158/1106 875/1169/1114 117/1171/532
f 807/1188/1125 795/1192/1128 896/1056/1046
f 211/1198/603 898/1199/450 897/1055/1045
f 821/1090/1068 212/480/389 211/1200/603
f 897/1055/1045 898/1199/450 28/1060/1050
f 880/1160/1107 871/1163/1110 875/1169/1114
f 878/1201/515 873/1166/526 874/1165/1111
f 900/1202/605 899/1167/1112 804/1203/1130
f 904/1204/1131 215/711/610 55/481/390
f 821/1090/1068 902/1205/1132 904/1204/1131
f 822/399/1067 903/377/1133 902/1205/1132
f 215/711/610 904/1204/1131 900/1206/605
f 900/1206/605 904/1204/1131 902/1205/1132
f 899/1207/1112 902/1205/1132 903/377/1133
f 901/1208/1113 903/377/1133 806/1209/1066
f 806/1209/1066 905/400/1134 1010/376/1135
f 806/1209/1066 903/377/1133 905/400/1134
f 805/1210/606 908/1211/1136 324/1212/697
f 17/1087/1065 909/1084/618 906/1081/1061
f 804/1203/1130 907/1083/1063 908/1211/1136
f 906/1081/1061 907/1083/1063 804/1203/1130
f 812/1069/1054 911/1068/1053 910/1213/1137
f 810/1082/1062 910/1213/1137 913/1066/1052
f 814/1073/1057 911/1068/1053 912/1067/619
f 37/1071/432 920/1214/696 913/1066/1052
f 799/1092/1070 809/1061/413 798/1093/404
f 819/1078/1060 916/1215/1138 231/1216/635
f 916/1215/1138 917/1217/1139 232/1218/428
f 819/1078/1060 820/1075/1058 918/1219/1140
f 916/1215/1138 918/1219/1140 919/1220/1141
f 914/1221/636 918/1219/1140 820/1075/1058
f 915/1222/425 919/1220/1141 918/1219/1140
f 45/1223/429 232/1218/428 917/1217/1139
f 915/1222/425 47/1224/695 919/1220/1141
f 919/1220/1141 47/1224/695 45/1223/429
f 908/1211/1136 811/1065/1051 323/1064/438
f 921/1225/1142 803/1057/1047 896/1056/1046
f 822/399/1067 803/1089/1047 921/1226/1142
f 934/1227/1143 933/1228/1144 1012/1229/1145
f 356/1230/866 933/1228/1144 1006/1231/867
f 795/1192/1128 959/1191/1127 1019/1232/1146
f 895/1233/1147 801/1052/563 828/1098/1073
f 157/1062/572 930/1054/1044 796/1050/1041
f 826/1096/1071 895/1233/1147 828/1098/1073
f 801/1052/563 895/1233/1147 13/1234/1148
f 895/1233/1147 826/1096/1071 824/1095/459
f 923/1186/1124 347/1235/828 927/1236/1149
f 930/1054/1044 923/1186/1124 924/1237/1150
f 1004/1238/1151 928/1239/1152 929/1240/1153
f 1001/1241/1154 924/1237/1150 937/1242/1155
f 937/1242/1155 924/1237/1150 927/1236/1149
f 937/1242/1155 367/1243/736 935/1244/770
f 930/1054/1044 931/1063/393 451/1184/834
f 1018/1245/1156 940/1246/1157 633/1247/763
f 522/1248/873 369/1249/742 941/1250/1158
f 945/1251/1159 942/1252/1160 943/1253/755
f 1018/1245/1156 943/1253/755 942/1252/1160
f 942/1252/1160 944/1254/1161 1017/1255/1162
f 374/1256/758 946/1257/1163 950/1258/1164
f 375/1259/739 949/1260/738 948/1261/1165
f 945/1251/1159 948/1261/1165 950/1258/1164
f 946/1257/1163 944/1254/1161 942/1252/1160
f 946/1257/1163 374/1256/758 368/1262/826
f 1012/1229/1145 1013/1263/1166 939/1264/1167
f 940/1246/1157 939/1264/1167 1013/1263/1166
f 1012/1229/1145 941/1250/1158 369/1249/742
f 932/1086/1064 934/1227/1143 352/1265/872
f 929/1240/1153 928/1239/1152 952/1266/1168
f 954/1267/1169 395/1268/1170 925/1269/732
f 403/1193/779 956/1195/1129 955/1270/1171
f 956/1195/1129 958/1271/1172 957/1272/1173
f 956/1195/1129 993/1273/1174 992/1274/1175
f 992/1274/1175 996/1275/1176 954/1267/1169
f 996/1275/1176 995/1276/785 395/1268/1170
f 994/1194/784 993/1273/1174 956/1195/1129
f 958/1271/1172 954/1267/1169 926/1277/1177
f 975/1278/1178 960/1279/1179 407/1280/823
f 961/1281/789 960/1279/1179 975/1278/1178
f 407/1280/823 406/1282/791 422/1283/1180
f 977/1284/1181 422/1283/1180 979/1285/1182
f 421/1286/790 975/1278/1178 976/1287/1183
f 417/1288/802 962/1289/1184 963/1290/816
f 972/1291/804 421/1286/790 974/1292/1185
f 964/1293/1186 965/1294/1187 963/1290/816
f 422/1283/1180 423/1295/793 980/572/811
f 966/1296/1188 967/1297/1189 965/1294/1187
f 966/1296/1188 968/1298/1190 969/1299/1191
f 970/1300/806 971/1301/817 969/1299/1191
f 975/1278/1178 977/1284/1181 978/1302/1192
f 974/1292/1185 989/1303/1193 428/1304/801
f 979/1285/1182 980/572/811 987/1305/813
f 978/1302/1192 979/1285/1182 988/1306/1194
f 991/1307/1195 981/1308/1196 982/1309/1197
f 978/1302/1192 991/1307/1195 990/1310/1198
f 976/1287/1183 990/1310/1198 989/1303/1193
f 990/1310/1198 982/1309/1197 984/1311/1199
f 417/1288/802 983/1312/809 984/1311/1199
f 962/1289/1184 984/1311/1199 982/1309/1197
f 934/1227/1143 1007/1313/1200 1005/1314/1201
f 968/1298/1190 966/1296/1188 981/1308/1196
f 964/1293/1186 982/1309/1197 981/1308/1196
f 970/1300/806 968/1298/1190 985/1315/1202
f 967/1297/1189 992/1274/1175 993/1273/1174
f 969/1299/1191 996/1275/1176 992/1274/1175
f 963/1290/816 965/1294/1187 993/1273/1174
f 971/1301/817 995/1276/785 996/1275/1176
f 998/1316/1203 407/1280/823 960/1279/1179
f 997/1317/820 998/1316/1203 960/1279/1179
f 944/1254/1161 946/1257/1163 368/1262/826
f 947/1318/757 374/1256/758 950/1258/1164
f 945/1251/1159 375/1259/739 948/1261/1165
f 375/1259/739 945/1251/1159 943/1253/755
f 937/1242/1155 926/1277/1177 367/1243/736
f 926/1277/1177 937/1242/1155 927/1236/1149
f 924/1237/1150 923/1186/1124 927/1236/1149
f 955/1270/1171 956/1195/1129 957/1272/1173
f 935/1319/770 367/1320/736 364/1321/728
f 936/1322/1204 937/1242/1155 935/1244/770
f 999/1190/1126 924/1237/1150 1001/1241/1154
f 959/1191/1127 1000/1323/1205 1001/1241/1154
f 1001/1241/1154 937/1242/1155 936/1322/1204
f 926/1277/1177 927/1236/1149 957/1272/1173
f 347/1235/828 957/1272/1173 927/1236/1149
f 795/1192/1128 807/1188/1125 894/1058/1048
f 922/1324/1206 1001/1241/1154 936/1322/1204
f 829/1099/1074 827/1097/1072 828/1098/1073
f 347/1235/828 923/1186/1124 499/1325/857
f 923/1186/1124 938/1185/863 499/1325/857
f 988/1306/1194 987/1305/813 986/1326/815
f 936/1322/1204 1004/1238/1151 1003/1327/1207
f 1004/1238/1151 514/1328/769 512/1329/865
f 512/1329/865 513/1330/719 952/1266/1168
f 1004/1238/1151 936/1322/1204 935/1244/770
f 991/1307/1195 988/1306/1194 985/1315/1202
f 989/1303/1193 984/1311/1199 983/1312/809
f 933/1228/1144 1005/1314/1201 1006/1231/867
f 952/1266/1168 513/1330/719 519/1331/870
f 1027/1332/1208 952/1266/1168 1008/1333/1209
f 1006/1231/867 1005/1314/1201 1008/1333/1209
f 1011/402/1210 1009/379/1211 1007/1334/1200
f 934/1335/1143 932/1336/1064 1010/376/1135
f 356/1230/866 1025/1337/945 1014/1338/1212
f 1012/1229/1145 1015/1339/760 352/1265/872
f 1014/1338/1212 1013/1263/1166 933/1228/1144
f 933/1228/1144 1013/1263/1166 1012/1229/1145
f 1016/1340/1213 1017/1255/1162 941/1250/1158
f 939/1264/1167 940/1246/1157 1018/1245/1156
f 522/1248/873 1017/1255/1162 944/1254/1161
f 943/1253/755 1018/1245/1156 632/1341/944
f 926/1277/1177 925/1269/732 367/1243/736
f 948/1261/1165 949/1260/738 540/1342/883
f 1021/1343/1214 540/1342/883 541/1344/752
f 948/1261/1165 1021/1343/1214 1023/1345/1215
f 1021/1343/1214 1022/1346/1216 1024/1347/1217
f 950/1258/1164 1023/1345/1215 539/1348/884
f 1023/1345/1215 1024/1347/1217 1020/1349/747
f 380/1350/751 1022/1346/1216 541/1344/752
f 1020/1349/747 1024/1347/1217 951/1351/748
f 380/1350/751 951/1351/748 1024/1347/1217
f 1014/1338/1212 1025/1337/945 633/1247/763
f 921/1225/1142 1019/1232/1146 1003/1327/1207
f 953/401/1218 921/1226/1142 929/1352/1153
f 805/1210/606 900/1202/605 804/1203/1130
f 922/1324/1206 1003/1327/1207 1019/1232/1146
f 1002/1353/1219 957/1272/1173 347/1235/828
f 825/1094/462 827/1097/1072 121/1105/463
f 955/1270/1171 957/1272/1173 1002/1353/1219
f 347/1235/828 348/1354/1220 1002/1353/1219
f 1002/1353/1219 348/1354/1220 402/1355/780
f 1027/1356/1208 1026/1357/1221 1009/379/1211
f 1005/1314/1201 1007/1313/1200 1026/1358/1221
f 953/401/1218 929/1352/1153 1027/1356/1208
f 892/1173/1116 893/1172/1115 886/1181/1123
f 885/1179/1122 893/1172/1115 126/1180/555
f 514/1328/769 1004/1238/1151 935/1244/770
f 922/1324/1206 936/1322/1204 1003/1327/1207
f 1003/1327/1207 1004/1238/1151 929/1240/1153
f 802/1359/1222 897/1055/1045 803/1057/1047
f 807/1188/1125 897/1055/1045 28/1060/1050
f 897/1055/1045 807/1188/1125 896/1056/1046
f 806/1088/1066 906/1081/1061 804/1203/1130
f 804/1203/1130 899/1167/1112 806/1088/1066
f 933/1228/1144 934/1227/1143 1005/1314/1201
f 1028/378/1223 822/399/1067 921/1226/1142
f 953/401/1218 1028/378/1223 921/1226/1142
f 439/881/822 435/1360/824 406/882/791
f 405/851/792 436/1361/825 440/876/818
f 1030/1362/412 1032/1363/411 20/709/617
f 1029/1364/612 216/708/611 20/709/617
f 1030/1362/412 20/709/617 17/918/1065
f 1033/1365/735 1036/1366/768 352/918/872
f 1035/1367/613 1033/1365/735 357/709/608
f 1034/914/614 1035/1367/613 357/709/608
f 1037/1368/860 1047/1368/1224 1044/715/615
f 1040/1369/1225 1042/1370/1226 1041/502/1227
f 1038/1371/600 1029/1372/612 1042/1372/1226
f 1043/815/1228 1044/1373/615 1040/1369/1225
f 1044/1373/615 1047/1374/1224 1045/1375/1229
f 1042/1376/1226 1040/1377/1225 1045/1378/1229
f 1032/1379/411 1041/1379/1227 1042/1380/1226
f 1035/815/613 1043/815/1228 1039/501/1230
f 503/903/859 1045/903/1229 1047/904/1224
f 441/501/410 1039/501/1230 1041/502/1227
f 530/728/626 223/727/625 16/729/452
f 16/729/452 503/728/859 530/728/626
f 9/731/401 227/733/631 228/733/1231
f 228/733/1231 536/730/628 9/731/401
f 531/920/880 529/920/875 351/921/771
f 530/728/626 503/728/859 351/921/771
f 535/923/876 534/923/1232 343/922/729
f 343/922/729 504/730/407 536/730/628
f 703/1002/983 705/1003/1020 704/1003/984
f 708/1007/992 710/1016/1013 718/396/993
f 701/1010/1000 703/1002/983 702/1002/985
f 704/1003/984 715/335/1028 714/394/1005
f 698/1014/1009 699/1014/1029 701/1010/1000
f 712/1015/1012 719/337/1016 718/396/993
f 698/1014/1009 697/392/1024 719/337/1016
f 705/1003/1020 707/1017/1023 706/1017/1021
f 700/1010/1001 702/1002/985 714/394/1005
f 707/1017/1023 709/1007/1233 708/1007/992
f 700/1010/1001 696/393/1022 697/392/1024
f 708/1007/992 709/1007/1233 711/1016/1025
f 703/1002/983 701/1010/1000 711/1016/1025
f 699/1014/1029 713/1015/1026 711/1016/1025
f 711/1016/1025 709/1007/1233 707/1017/1023
f 707/1017/1023 705/1003/1020 711/1016/1025
f 701/1010/1000 699/1014/1029 711/1016/1025
f 710/1016/1013 711/1016/1025 713/1015/1026
f 704/1003/984 706/1017/1021 716/395/1027
f 712/1015/1012 713/1015/1026 699/1014/1029
f 706/1017/1021 708/1007/992 717/336/994
f 998/1316/1203 439/1381/822 407/1280/823
f 1026/1357/1221 1007/1334/1200 1009/379/1211
f 934/1335/1143 1011/402/1210 1007/1334/1200
f 181/688/584 180/691/590 182/693/593
f 184/694/594 185/689/585 181/688/584
f 479/894/850 477/893/849 478/892/848
f 478/892/848 482/891/845 481/896/852
f 183/692/592 184/694/594 181/688/584
f 480/895/851 479/894/850 478/892/848
f 679/1009/998 677/1006/990 687/1012/1014
f 675/1005/989 689/1004/1015 687/1012/1014
f 687/1012/1014 685/1011/1011 683/1013/1008
f 683/1013/1008 681/1008/1004 687/1012/1014
f 677/1006/990 675/1005/989 687/1012/1014
f 727/1018/983 725/1022/1000 735/1021/1025
f 723/1023/1029 737/1024/1026 735/1021/1025
f 735/1021/1025 733/1020/1031 731/1025/1023
f 731/1025/1023 729/1019/1020 735/1021/1025
f 725/1022/1000 723/1023/1029 735/1021/1025
f 1048/1382/1234 1056/1383/1235 1063/1383/1236
f 1049/1382/1237 1057/1384/1238 1056/1383/1235
f 1050/1382/1239 1058/1384/1240 1057/1384/1238
f 1059/1382/1241 1058/1384/1240 1050/1382/1239
f 1060/1385/1242 1059/1382/1241 1051/1382/1243
f 1061/1385/1244 1060/1385/1242 1052/1382/1245
f 1062/1383/1246 1061/1385/1244 1053/1385/1247
f 1055/1385/1248 1063/1383/1236 1062/1383/1246
f 1064/1383/1249 1071/1383/1250 1063/1383/1236
f 1065/1383/1251 1064/1383/1249 1056/1383/1235
f 1058/1384/1240 1066/1383/1252 1065/1383/1251
f 1059/1382/1241 1067/1383/1253 1066/1383/1252
f 1060/1385/1242 1068/1383/1254 1067/1383/1253
f 1061/1385/1244 1069/1383/1255 1068/1383/1254
f 1070/1386/1256 1069/1383/1255 1061/1385/1244
f 1071/1383/1250 1070/1386/1256 1062/1383/1246
f 1072/1386/1257 1079/1386/1258 1071/1383/1250
f 1073/1386/1259 1072/1386/1257 1064/1383/1249
f 1066/1383/1252 1074/1386/1260 1073/1386/1259
f 1067/1383/1253 1075/1386/1261 1074/1386/1260
f 1068/1383/1254 1076/1386/1262 1075/1386/1261
f 1069/1383/1255 1077/1386/1263 1076/1386/1262
f 1078/1386/1264 1077/1386/1263 1069/1383/1255
f 1079/1386/1258 1078/1386/1264 1070/1386/1256
f 1080/1387/1265 1087/1387/1266 1079/1386/1258
f 1081/1387/1267 1080/1387/1265 1072/1386/1257
f 1074/1386/1260 1082/1387/1268 1081/1387/1267
f 1075/1386/1261 1083/1387/1269 1082/1387/1268
f 1076/1386/1262 1084/1387/1270 1083/1387/1269
f 1077/1386/1263 1085/1387/1271 1084/1387/1270
f 1086/1387/1272 1085/1387/1271 1077/1386/1263
f 1087/1387/1266 1086/1387/1272 1078/1386/1264
f 1088/1388/1273 1095/1388/1274 1087/1387/1266
f 1089/1388/1275 1088/1388/1273 1080/1387/1265
f 1082/1387/1268 1090/1388/1276 1089/1388/1275
f 1083/1387/1269 1091/1388/1277 1090/1388/1276
f 1084/1387/1270 1092/1388/1278 1091/1388/1277
f 1085/1387/1271 1093/1388/1279 1092/1388/1278
f 1094/1388/1280 1093/1388/1279 1085/1387/1271
f 1095/1388/1274 1094/1388/1280 1086/1387/1272
f 1096/1389/1281 1103/1388/1282 1095/1388/1274
f 1089/1388/1275 1097/1389/1283 1096/1389/1281
f 1090/1388/1276 1098/1389/1284 1097/1389/1283
f 1091/1388/1277 1099/1388/1285 1098/1389/1284
f 1092/1388/1278 1100/1388/1286 1099/1388/1285
f 1101/1388/1287 1100/1388/1286 1092/1388/1278
f 1102/1388/1288 1101/1388/1287 1093/1388/1279
f 1103/1388/1282 1102/1388/1288 1094/1388/1280
f 1104/1389/1289 1111/1389/1290 1103/1388/1282
f 1097/1389/1283 1105/1389/1291 1104/1389/1289
f 1098/1389/1284 1106/1389/1292 1105/1389/1291
f 1099/1388/1285 1107/1389/1293 1106/1389/1292
f 1100/1388/1286 1108/1389/1294 1107/1389/1293
f 1109/1389/1295 1108/1389/1294 1100/1388/1286
f 1110/1389/1296 1109/1389/1295 1101/1388/1287
f 1111/1389/1290 1110/1389/1296 1102/1388/1288
f 1112/1389/1297 1119/1389/1298 1111/1389/1290
f 1105/1389/1291 1113/1389/1299 1112/1389/1297
f 1106/1389/1292 1114/1390/1300 1113/1389/1299
f 1107/1389/1293 1115/1390/1301 1114/1390/1300
f 1108/1389/1294 1116/1390/1302 1115/1390/1301
f 1117/1389/1303 1116/1390/1302 1108/1389/1294
f 1118/1389/1304 1117/1389/1303 1109/1389/1295
f 1119/1389/1298 1118/1389/1304 1110/1389/1296
f 1120/1389/1305 1127/1389/1306 1119/1389/1298
f 1121/1390/1307 1120/1389/1305 1112/1389/1297
f 1122/1390/1308 1121/1390/1307 1113/1389/1299
f 1115/1390/1301 1123/1390/1309 1122/1390/1308
f 1116/1390/1302 1124/1390/1310 1123/1390/1309
f 1117/1389/1303 1125/1390/1311 1124/1390/1310
f 1118/1389/1304 1126/1390/1312 1125/1390/1311
f 1127/1389/1306 1126/1390/1312 1118/1389/1304
f 1128/1389/1313 1135/1389/1314 1127/1389/1306
f 1121/1390/1307 1129/1390/1315 1128/1389/1313
f 1122/1390/1308 1130/1390/1316 1129/1390/1315
f 1123/1390/1309 1131/1390/1317 1130/1390/1316
f 1124/1390/1310 1132/1390/1318 1131/1390/1317
f 1133/1390/1319 1132/1390/1318 1124/1390/1310
f 1134/1390/1320 1133/1390/1319 1125/1390/1311
f 1135/1389/1314 1134/1390/1320 1126/1390/1312
f 1128/1389/1313 1136/1389/1321 1143/1389/1322
f 1137/1390/1323 1136/1389/1321 1128/1389/1313
f 1138/1390/1324 1137/1390/1323 1129/1390/1315
f 1139/1390/1325 1138/1390/1324 1130/1390/1316
f 1140/1390/1326 1139/1390/1325 1131/1390/1317
f 1133/1390/1319 1141/1390/1327 1140/1390/1326
f 1134/1390/1320 1142/1389/1328 1141/1390/1327
f 1135/1389/1314 1143/1389/1322 1142/1389/1328
f 1136/1389/1321 1144/1389/1329 1151/1389/1330
f 1145/1389/1331 1144/1389/1329 1136/1389/1321
f 1146/1389/1332 1145/1389/1331 1137/1390/1323
f 1147/1389/1333 1146/1389/1332 1138/1390/1324
f 1148/1389/1334 1147/1389/1333 1139/1390/1325
f 1141/1390/1327 1149/1389/1335 1148/1389/1334
f 1142/1389/1328 1150/1389/1336 1149/1389/1335
f 1143/1389/1322 1151/1389/1330 1150/1389/1336
f 1144/1389/1329 1152/1388/1337 1159/1388/1338
f 1153/1389/1339 1152/1388/1337 1144/1389/1329
f 1154/1389/1340 1153/1389/1339 1145/1389/1331
f 1155/1389/1341 1154/1389/1340 1146/1389/1332
f 1156/1388/1342 1155/1389/1341 1147/1389/1333
f 1149/1389/1335 1157/1388/1343 1156/1388/1342
f 1150/1389/1336 1158/1388/1344 1157/1388/1343
f 1151/1389/1330 1159/1388/1338 1158/1388/1344
f 1152/1388/1337 1160/1388/1345 1167/1388/1346
f 1161/1388/1347 1160/1388/1345 1152/1388/1337
f 1162/1388/1348 1161/1388/1347 1153/1389/1339
f 1163/1388/1349 1162/1388/1348 1154/1389/1340
f 1164/1388/1350 1163/1388/1349 1155/1389/1341
f 1157/1388/1343 1165/1388/1351 1164/1388/1350
f 1158/1388/1344 1166/1388/1352 1165/1388/1351
f 1159/1388/1338 1167/1388/1346 1166/1388/1352
f 1160/1388/1345 1168/1387/1353 1175/1387/1354
f 1169/1387/1355 1168/1387/1353 1160/1388/1345
f 1170/1387/1356 1169/1387/1355 1161/1388/1347
f 1171/1387/1357 1170/1387/1356 1162/1388/1348
f 1172/1387/1358 1171/1387/1357 1163/1388/1349
f 1165/1388/1351 1173/1387/1359 1172/1387/1358
f 1166/1388/1352 1174/1387/1360 1173/1387/1359
f 1167/1388/1346 1175/1387/1354 1174/1387/1360
f 1168/1387/1353 1176/1386/1361 1183/1386/1362
f 1169/1387/1355 1177/1386/1363 1176/1386/1361
f 1170/1387/1356 1178/1386/1364 1177/1386/1363
f 1171/1387/1357 1179/1386/1365 1178/1386/1364
f 1180/1386/1366 1179/1386/1365 1171/1387/1357
f 1181/1386/1367 1180/1386/1366 1172/1387/1358
f 1182/1386/1368 1181/1386/1367 1173/1387/1359
f 1183/1386/1362 1182/1386/1368 1174/1387/1360
f 1176/1386/1361 1184/1383/1369 1191/1383/1370
f 1177/1386/1363 1185/1383/1371 1184/1383/1369
f 1178/1386/1364 1186/1383/1372 1185/1383/1371
f 1179/1386/1365 1187/1383/1373 1186/1383/1372
f 1188/1383/1374 1187/1383/1373 1179/1386/1365
f 1189/1383/1375 1188/1383/1374 1180/1386/1366
f 1190/1383/1376 1189/1383/1375 1181/1386/1367
f 1191/1383/1370 1190/1383/1376 1182/1386/1368
f 1192/1383/1377 1199/1383/1378 1191/1383/1370
f 1193/1384/1379 1192/1383/1377 1184/1383/1369
f 1194/1384/1380 1193/1384/1379 1185/1383/1371
f 1195/1384/1381 1194/1384/1380 1186/1383/1372
f 1188/1383/1374 1196/1384/1382 1195/1384/1381
f 1189/1383/1375 1197/1384/1383 1196/1384/1382
f 1190/1383/1376 1198/1383/1384 1197/1384/1383
f 1191/1383/1370 1199/1383/1378 1198/1383/1384
f 1200/1384/1385 1207/1384/1386 1199/1383/1378
f 1201/1384/1387 1200/1384/1385 1192/1383/1377
f 1202/1391/1388 1201/1384/1387 1193/1384/1379
f 1203/1391/1389 1202/1391/1388 1194/1384/1380
f 1196/1384/1382 1204/1391/1390 1203/1391/1389
f 1197/1384/1383 1205/1384/1391 1204/1391/1390
f 1198/1383/1384 1206/1384/1392 1205/1384/1391
f 1199/1383/1378 1207/1384/1386 1206/1384/1392
f 1208/1392/1393 1215/1392/1394 1207/1384/1386
f 1209/1392/1395 1208/1392/1393 1200/1384/1385
f 1210/1391/1396 1209/1392/1395 1201/1384/1387
f 1211/1391/1397 1210/1391/1396 1202/1391/1388
f 1204/1391/1390 1212/1392/1398 1211/1391/1397
f 1205/1384/1391 1213/1392/1399 1212/1392/1398
f 1206/1384/1392 1214/1392/1400 1213/1392/1399
f 1207/1384/1386 1215/1392/1394 1214/1392/1400
f 1208/1392/1393 1216/1393/1401 1223/1392/1402
f 1209/1392/1395 1217/1393/1403 1216/1393/1401
f 1218/1393/1404 1217/1393/1403 1209/1392/1395
f 1219/1393/1405 1218/1393/1404 1210/1391/1396
f 1220/1393/1406 1219/1393/1405 1211/1391/1397
f 1221/1393/1407 1220/1393/1406 1212/1392/1398
f 1214/1392/1400 1222/1393/1408 1221/1393/1407
f 1215/1392/1394 1223/1392/1402 1222/1393/1408
f 1216/1393/1401 1224/1393/1409 1231/1393/1410
f 1217/1393/1403 1225/1393/1411 1224/1393/1409
f 1218/1393/1404 1226/1394/1412 1225/1393/1411
f 1227/1394/1413 1226/1394/1412 1218/1393/1404
f 1228/1394/1414 1227/1394/1413 1219/1393/1405
f 1229/1393/1415 1228/1394/1414 1220/1393/1406
f 1230/1393/1416 1229/1393/1415 1221/1393/1407
f 1223/1392/1402 1231/1393/1410 1230/1393/1416
f 1224/1393/1409 1232/1393/1417 1239/1393/1418
f 1225/1393/1411 1233/1394/1419 1232/1393/1417
f 1226/1394/1412 1234/1394/1420 1233/1394/1419
f 1235/1394/1421 1234/1394/1420 1226/1394/1412
f 1236/1394/1422 1235/1394/1421 1227/1394/1413
f 1237/1394/1423 1236/1394/1422 1228/1394/1414
f 1238/1393/1424 1237/1394/1423 1229/1393/1415
f 1231/1393/1410 1239/1393/1418 1238/1393/1424
f 1232/1393/1417 1240/1395/1425 1247/1395/1426
f 1233/1394/1419 1241/1396/1427 1240/1395/1425
f 1234/1394/1420 1242/1396/1428 1241/1396/1427
f 1243/1396/1429 1242/1396/1428 1234/1394/1420
f 1244/1396/1430 1243/1396/1429 1235/1394/1421
f 1245/1396/1431 1244/1396/1430 1236/1394/1422
f 1246/1395/1432 1245/1396/1431 1237/1394/1423
f 1239/1393/1418 1247/1395/1426 1246/1395/1432
f 1248/1397/1433 1256/1397/1434 1263/1397/1435
f 1249/1397/1436 1257/1397/1437 1256/1397/1434
f 1250/1397/1438 1258/1397/1439 1257/1397/1437
f 1259/1398/1440 1258/1397/1439 1250/1397/1438
f 1260/1398/1441 1259/1398/1440 1251/1398/1442
f 1261/1398/1443 1260/1398/1441 1252/1398/1444
f 1262/1399/1445 1261/1398/1443 1253/1400/1446
f 1255/1399/1447 1263/1397/1435 1262/1399/1445
f 1256/1397/1434 1264/1397/1448 1271/1397/1449
f 1257/1397/1437 1265/1397/1450 1264/1397/1448
f 1258/1397/1439 1266/1397/1451 1265/1397/1450
f 1267/1397/1452 1266/1397/1451 1258/1397/1439
f 1268/1398/1453 1267/1397/1452 1259/1398/1440
f 1269/1398/1454 1268/1398/1453 1260/1398/1441
f 1270/1399/1455 1269/1398/1454 1261/1398/1443
f 1263/1397/1435 1271/1397/1449 1270/1399/1455
f 1272/1397/1456 1279/1399/1457 1271/1397/1449
f 1273/1397/1458 1272/1397/1456 1264/1397/1448
f 1274/1397/1459 1273/1397/1458 1265/1397/1450
f 1267/1397/1452 1275/1397/1460 1274/1397/1459
f 1268/1398/1453 1276/1398/1461 1275/1397/1460
f 1269/1398/1454 1277/1400/1462 1276/1398/1461
f 1270/1399/1455 1278/1399/1463 1277/1400/1462
f 1279/1399/1457 1278/1399/1463 1270/1399/1455
f 1280/1399/1464 1287/1399/1465 1279/1399/1457
f 1281/1399/1466 1280/1399/1464 1272/1397/1456
f 1282/1399/1467 1281/1399/1466 1273/1397/1458
f 1275/1397/1460 1283/1399/1468 1282/1399/1467
f 1276/1398/1461 1284/1400/1469 1283/1399/1468
f 1277/1400/1462 1285/1400/1470 1284/1400/1469
f 1278/1399/1463 1286/1399/1471 1285/1400/1470
f 1287/1399/1465 1286/1399/1471 1278/1399/1463
f 1288/1401/1472 1295/1401/1473 1287/1399/1465
f 1289/1401/1474 1288/1401/1472 1280/1399/1464
f 1290/1399/1475 1289/1401/1474 1281/1399/1466
f 1283/1399/1468 1291/1400/1476 1290/1399/1475
f 1284/1400/1469 1292/1402/1477 1291/1400/1476
f 1285/1400/1470 1293/1402/1478 1292/1402/1477
f 1286/1399/1471 1294/1401/1479 1293/1402/1478
f 1295/1401/1473 1294/1401/1479 1286/1399/1471
f 1296/1401/1480 1303/1401/1481 1295/1401/1473
f 1297/1401/1482 1296/1401/1480 1288/1401/1472
f 1298/1401/1483 1297/1401/1482 1289/1401/1474
f 1291/1400/1476 1299/1402/1484 1298/1401/1483
f 1292/1402/1477 1300/1402/1485 1299/1402/1484
f 1293/1402/1478 1301/1402/1486 1300/1402/1485
f 1294/1401/1479 1302/1401/1487 1301/1402/1486
f 1303/1401/1481 1302/1401/1487 1294/1401/1479
f 1304/1403/1488 1311/1403/1489 1303/1401/1481
f 1305/1403/1490 1304/1403/1488 1296/1401/1480
f 1298/1401/1483 1306/1403/1491 1305/1403/1490
f 1299/1402/1484 1307/1404/1492 1306/1403/1491
f 1300/1402/1485 1308/1404/1493 1307/1404/1492
f 1301/1402/1486 1309/1404/1494 1308/1404/1493
f 1310/1403/1495 1309/1404/1494 1301/1402/1486
f 1311/1403/1489 1310/1403/1495 1302/1401/1487
f 1312/1405/1496 1319/1405/1497 1311/1403/1489
f 1313/1405/1498 1312/1405/1496 1304/1403/1488
f 1306/1403/1491 1314/1405/1499 1313/1405/1498
f 1307/1404/1492 1315/1405/1500 1314/1405/1499
f 1308/1404/1493 1316/1406/1501 1315/1405/1500
f 1309/1404/1494 1317/1406/1502 1316/1406/1501
f 1318/1405/1503 1317/1406/1502 1309/1404/1494
f 1319/1405/1497 1318/1405/1503 1310/1403/1495
f 1320/1407/1504 1327/1408/1505 1319/1405/1497
f 1313/1405/1498 1321/1408/1506 1320/1407/1504
f 1314/1405/1499 1322/1408/1507 1321/1408/1506
f 1315/1405/1500 1323/1408/1508 1322/1408/1507
f 1316/1406/1501 1324/1409/1509 1323/1408/1508
f 1325/1408/1510 1324/1409/1509 1316/1406/1501
f 1326/1408/1511 1325/1408/1510 1317/1406/1502
f 1327/1408/1505 1326/1408/1511 1318/1405/1503
f 1328/1410/1512 1335/1410/1513 1327/1408/1505
f 1321/1408/1506 1329/1410/1514 1328/1410/1512
f 1322/1408/1507 1330/1411/1515 1329/1410/1514
f 1323/1408/1508 1331/1411/1516 1330/1411/1515
f 1324/1409/1509 1332/1411/1517 1331/1411/1516
f 1333/1411/1518 1332/1411/1517 1324/1409/1509
f 1334/1411/1519 1333/1411/1518 1325/1408/1510
f 1335/1410/1513 1334/1411/1519 1326/1408/1511
f 1336/1412/1520 1343/1412/1521 1335/1410/1513
f 1329/1410/1514 1337/1412/1522 1336/1412/1520
f 1330/1411/1515 1338/1412/1523 1337/1412/1522
f 1331/1411/1516 1339/1413/1524 1338/1412/1523
f 1332/1411/1517 1340/1413/1525 1339/1413/1524
f 1341/1413/1526 1340/1413/1525 1332/1411/1517
f 1342/1412/1527 1341/1413/1526 1333/1411/1518
f 1343/1412/1521 1342/1412/1527 1334/1411/1519
f 1344/1414/1528 1351/1412/1529 1343/1412/1521
f 1345/1412/1530 1344/1414/1528 1336/1412/1520
f 1346/1415/1531 1345/1412/1530 1337/1412/1522
f 1339/1413/1524 1347/1415/1532 1346/1415/1531
f 1340/1413/1525 1348/1415/1533 1347/1415/1532
f 1341/1413/1526 1349/1415/1534 1348/1415/1533
f 1342/1412/1527 1350/1412/1535 1349/1415/1534
f 1351/1412/1529 1350/1412/1535 1342/1412/1527
f 1352/1414/1536 1359/1414/1537 1351/1412/1529
f 1353/1416/1538 1352/1414/1536 1344/1414/1528
f 1354/1416/1539 1353/1416/1538 1345/1412/1530
f 1355/1415/1540 1354/1416/1539 1346/1415/1531
f 1348/1415/1533 1356/1415/1541 1355/1415/1540
f 1349/1415/1534 1357/1415/1542 1356/1415/1541
f 1350/1412/1535 1358/1415/1543 1357/1415/1542
f 1351/1412/1529 1359/1414/1537 1358/1415/1543
f 1352/1414/1536 1360/1416/1544 1367/1416/1545
f 1353/1416/1538 1361/1416/1546 1360/1416/1544
f 1354/1416/1539 1362/1416/1547 1361/1416/1546
f 1355/1415/1540 1363/1417/1548 1362/1416/1547
f 1364/1417/1549 1363/1417/1548 1355/1415/1540
f 1365/1416/1550 1364/1417/1549 1356/1415/1541
f 1366/1416/1551 1365/1416/1550 1357/1415/1542
f 1367/1416/1545 1366/1416/1551 1358/1415/1543
f 1360/1416/1544 1368/1418/1552 1375/1418/1553
f 1361/1416/1546 1369/1418/1554 1368/1418/1552
f 1362/1416/1547 1370/1417/1555 1369/1418/1554
f 1363/1417/1548 1371/1417/1556 1370/1417/1555
f 1372/1417/1557 1371/1417/1556 1363/1417/1548
f 1373/1417/1558 1372/1417/1557 1364/1417/1549
f 1374/1416/1559 1373/1417/1558 1365/1416/1550
f 1375/1418/1553 1374/1416/1559 1366/1416/1551
f 1368/1418/1552 1376/1418/1560 1383/1418/1561
f 1369/1418/1554 1377/1418/1562 1376/1418/1560
f 1370/1417/1555 1378/1419/1563 1377/1418/1562
f 1371/1417/1556 1379/1419/1564 1378/1419/1563
f 1380/1419/1565 1379/1419/1564 1371/1417/1556
f 1381/1419/1566 1380/1419/1565 1372/1417/1557
f 1382/1418/1567 1381/1419/1566 1373/1417/1558
f 1383/1418/1561 1382/1418/1567 1374/1416/1559
f 1376/1418/1560 1384/1418/1568 1391/1418/1569
f 1377/1418/1562 1385/1418/1570 1384/1418/1568
f 1378/1419/1563 1386/1419/1571 1385/1418/1570
f 1379/1419/1564 1387/1419/1572 1386/1419/1571
f 1388/1419/1573 1387/1419/1572 1379/1419/1564
f 1389/1419/1574 1388/1419/1573 1380/1419/1565
f 1390/1418/1575 1389/1419/1574 1381/1419/1566
f 1391/1418/1569 1390/1418/1575 1382/1418/1567
f 1384/1418/1568 1392/1418/1576 1399/1418/1577
f 1385/1418/1570 1393/1420/1578 1392/1418/1576
f 1386/1419/1571 1394/1420/1579 1393/1420/1578
f 1387/1419/1572 1395/1421/1580 1394/1420/1579
f 1396/1421/1581 1395/1421/1580 1387/1419/1572
f 1397/1421/1582 1396/1421/1581 1388/1419/1573
f 1398/1420/1583 1397/1421/1582 1389/1419/1574
f 1399/1418/1577 1398/1420/1583 1390/1418/1575
f 1392/1418/1576 1400/1420/1584 1407/1420/1585
f 1393/1420/1578 1401/1420/1586 1400/1420/1584
f 1402/1420/1587 1401/1420/1586 1393/1420/1578
f 1403/1420/1588 1402/1420/1587 1394/1420/1579
f 1404/1420/1589 1403/1420/1588 1395/1421/1580
f 1405/1420/1590 1404/1420/1589 1396/1421/1581
f 1398/1420/1583 1406/1420/1591 1405/1420/1590
f 1399/1418/1577 1407/1420/1585 1406/1420/1591
f 1400/1420/1584 1408/1422/1592 1415/1422/1593
f 1409/1422/1594 1408/1422/1592 1400/1420/1584
f 1410/1420/1595 1409/1422/1594 1401/1420/1586
f 1411/1423/1596 1410/1420/1595 1402/1420/1587
f 1412/1423/1597 1411/1423/1596 1403/1420/1588
f 1405/1420/1590 1413/1423/1598 1412/1423/1597
f 1406/1420/1591 1414/1420/1599 1413/1423/1598
f 1407/1420/1585 1415/1422/1593 1414/1420/1599
f 1408/1422/1592 1416/1422/1600 1423/1422/1601
f 1417/1422/1602 1416/1422/1600 1408/1422/1592
f 1418/1424/1603 1417/1422/1602 1409/1422/1594
f 1419/1424/1604 1418/1424/1603 1410/1420/1595
f 1420/1424/1605 1419/1424/1604 1411/1423/1596
f 1413/1423/1598 1421/1424/1606 1420/1424/1605
f 1414/1420/1599 1422/1422/1607 1421/1424/1606
f 1415/1422/1593 1423/1422/1601 1422/1422/1607
f 1416/1422/1600 1424/1425/1608 1431/1425/1609
f 1425/1425/1610 1424/1425/1608 1416/1422/1600
f 1426/1426/1611 1425/1425/1610 1417/1422/1602
f 1427/1426/1612 1426/1426/1611 1418/1424/1603
f 1428/1426/1613 1427/1426/1612 1419/1424/1604
f 1421/1424/1606 1429/1426/1614 1428/1426/1613
f 1422/1422/1607 1430/1425/1615 1429/1426/1614
f 1423/1422/1601 1431/1425/1609 1430/1425/1615
f 1424/1425/1608 1432/1427/1616 1439/1427/1617
f 1433/1427/1618 1432/1427/1616 1424/1425/1608
f 1434/1428/1619 1433/1427/1618 1425/1425/1610
f 1435/1428/1620 1434/1428/1619 1426/1426/1611
f 1436/1428/1621 1435/1428/1620 1427/1426/1612
f 1429/1426/1614 1437/1428/1622 1436/1428/1621
f 1430/1425/1615 1438/1427/1623 1437/1428/1622
f 1431/1425/1609 1439/1427/1617 1438/1427/1623
f 1432/1427/1616 1440/1429/1624 1447/1429/1625
f 1441/1429/1626 1440/1429/1624 1432/1427/1616
f 1442/1430/1627 1441/1429/1626 1433/1427/1618
f 1443/1430/1628 1442/1430/1627 1434/1428/1619
f 1444/1430/1629 1443/1430/1628 1435/1428/1620
f 1437/1428/1622 1445/1430/1630 1444/1430/1629
f 1438/1427/1623 1446/1429/1631 1445/1430/1630
f 1439/1427/1617 1447/1429/1625 1446/1429/1631
f 1440/1429/1624 1448/1431/1632 1455/1431/1633
f 1449/1431/1634 1448/1431/1632 1440/1429/1624
f 1450/1432/1635 1449/1431/1634 1441/1429/1626
f 1451/1432/1636 1450/1432/1635 1442/1430/1627
f 1452/1432/1637 1451/1432/1636 1443/1430/1628
f 1445/1430/1630 1453/1432/1638 1452/1432/1637
f 1446/1429/1631 1454/1431/1639 1453/1432/1638
f 1447/1429/1625 1455/1431/1633 1454/1431/1639
f 1456/1433/1640 1463/1433/1641 1455/1431/1633
f 1449/1431/1634 1457/1433/1642 1456/1433/1640
f 1450/1432/1635 1458/1434/1643 1457/1433/1642
f 1451/1432/1636 1459/1434/1644 1458/1434/1643
f 1452/1432/1637 1460/1434/1645 1459/1434/1644
f 1461/1432/1646 1460/1434/1645 1452/1432/1637
f 1462/1431/1647 1461/1432/1646 1453/1432/1638
f 1463/1433/1641 1462/1431/1647 1454/1431/1639
f 1464/1435/1648 1471/1433/1649 1463/1433/1641
f 1457/1433/1642 1465/1435/1650 1464/1435/1648
f 1458/1434/1643 1466/1436/1651 1465/1435/1650
f 1459/1434/1644 1467/1436/1652 1466/1436/1651
f 1460/1434/1645 1468/1436/1653 1467/1436/1652
f 1469/1434/1654 1468/1436/1653 1460/1434/1645
f 1470/1433/1655 1469/1434/1654 1461/1432/1646
f 1471/1433/1649 1470/1433/1655 1462/1431/1647
f 1472/1437/1656 1479/1437/1657 1471/1433/1649
f 1465/1435/1650 1473/1437/1658 1472/1437/1656
f 1466/1436/1651 1474/1438/1659 1473/1437/1658
f 1467/1436/1652 1475/1438/1660 1474/1438/1659
f 1468/1436/1653 1476/1438/1661 1475/1438/1660
f 1477/1436/1662 1476/1438/1661 1468/1436/1653
f 1478/1435/1663 1477/1436/1662 1469/1434/1654
f 1479/1437/1657 1478/1435/1663 1470/1433/1655
f 1480/1439/1664 1487/1439/1665 1479/1437/1657
f 1473/1437/1658 1481/1439/1666 1480/1439/1664
f 1474/1438/1659 1482/1439/1667 1481/1439/1666
f 1475/1438/1660 1483/1440/1668 1482/1439/1667
f 1476/1438/1661 1484/1440/1669 1483/1440/1668
f 1485/1438/1670 1484/1440/1669 1476/1438/1661
f 1486/1437/1671 1485/1438/1670 1477/1436/1662
f 1487/1439/1665 1486/1437/1671 1478/1435/1663
f 1488/1441/1672 1495/1441/1673 1487/1439/1665
f 1481/1439/1666 1489/1441/1674 1488/1441/1672
f 1482/1439/1667 1490/1441/1675 1489/1441/1674
f 1483/1440/1668 1491/1442/1676 1490/1441/1675
f 1484/1440/1669 1492/1442/1677 1491/1442/1676
f 1493/1439/1678 1492/1442/1677 1484/1440/1669
f 1494/1439/1679 1493/1439/1678 1485/1438/1670
f 1495/1441/1673 1494/1439/1679 1486/1437/1671
f 1496/1443/1680 1503/1443/1681 1495/1441/1673
f 1489/1441/1674 1497/1443/1682 1496/1443/1680
f 1490/1441/1675 1498/1443/1683 1497/1443/1682
f 1491/1442/1676 1499/1444/1684 1498/1443/1683
f 1492/1442/1677 1500/1444/1685 1499/1444/1684
f 1501/1441/1686 1500/1444/1685 1492/1442/1677
f 1502/1441/1687 1501/1441/1686 1493/1439/1678
f 1503/1443/1681 1502/1441/1687 1494/1439/1679
f 1504/1445/1688 1511/1443/1689 1503/1443/1681
f 1497/1443/1682 1505/1445/1690 1504/1445/1688
f 1498/1443/1683 1506/1445/1691 1505/1445/1690
f 1499/1444/1684 1507/1446/1692 1506/1445/1691
f 1500/1444/1685 1508/1444/1693 1507/1446/1692
f 1509/1443/1694 1508/1444/1693 1500/1444/1685
f 1510/1443/1695 1509/1443/1694 1501/1441/1686
f 1511/1443/1689 1510/1443/1695 1502/1441/1687
f 1512/1445/1696 1519/1445/1697 1511/1443/1689
f 1505/1445/1690 1513/1445/1698 1512/1445/1696
f 1506/1445/1691 1514/1445/1699 1513/1445/1698
f 1507/1446/1692 1515/1446/1700 1514/1445/1699
f 1508/1444/1693 1516/1446/1701 1515/1446/1700
f 1517/1445/1702 1516/1446/1701 1508/1444/1693
f 1518/1445/1703 1517/1445/1702 1509/1443/1694
f 1519/1445/1697 1518/1445/1703 1510/1443/1695
f 1520/1447/1704 1527/1447/1705 1519/1445/1697
f 1513/1445/1698 1521/1448/1706 1520/1447/1704
f 1514/1445/1699 1522/1448/1707 1521/1448/1706
f 1515/1446/1700 1523/1448/1708 1522/1448/1707
f 1516/1446/1701 1524/1448/1709 1523/1448/1708
f 1525/1448/1710 1524/1448/1709 1516/1446/1701
f 1526/1448/1711 1525/1448/1710 1517/1445/1702
f 1527/1447/1705 1526/1448/1711 1518/1445/1703
f 1528/1447/1712 1535/1447/1713 1527/1447/1705
f 1521/1448/1706 1529/1449/1714 1528/1447/1712
f 1522/1448/1707 1530/1449/1715 1529/1449/1714
f 1523/1448/1708 1531/1449/1716 1530/1449/1715
f 1524/1448/1709 1532/1449/1717 1531/1449/1716
f 1533/1449/1718 1532/1449/1717 1524/1448/1709
f 1534/1448/1719 1533/1449/1718 1525/1448/1710
f 1535/1447/1713 1534/1448/1719 1526/1448/1711
f 1536/1450/1720 1543/1450/1721 1535/1447/1713
f 1537/1450/1722 1536/1450/1720 1528/1447/1712
f 1538/1449/1723 1537/1450/1722 1529/1449/1714
f 1539/1449/1724 1538/1449/1723 1530/1449/1715
f 1532/1449/1717 1540/1449/1725 1539/1449/1724
f 1533/1449/1718 1541/1449/1726 1540/1449/1725
f 1534/1448/1719 1542/1450/1727 1541/1449/1726
f 1535/1447/1713 1543/1450/1721 1542/1450/1727
f 1536/1450/1720 1544/1451/1728 1551/1452/1729
f 1545/1453/1730 1544/1451/1728 1536/1450/1720
f 1546/1453/1731 1545/1453/1730 1537/1450/1722
f 1547/1453/1732 1546/1453/1731 1538/1449/1723
f 1548/1453/1733 1547/1453/1732 1539/1449/1724
f 1541/1449/1726 1549/1453/1734 1548/1453/1733
f 1542/1450/1727 1550/1453/1735 1549/1453/1734
f 1543/1450/1721 1551/1452/1729 1550/1453/1735
f 1552/1451/1736 1559/1451/1737 1551/1452/1729
f 1553/1451/1738 1552/1451/1736 1544/1451/1728
f 1546/1453/1731 1554/1454/1739 1553/1451/1738
f 1547/1453/1732 1555/1454/1740 1554/1454/1739
f 1548/1453/1733 1556/1454/1741 1555/1454/1740
f 1549/1453/1734 1557/1453/1742 1556/1454/1741
f 1558/1451/1743 1557/1453/1742 1549/1453/1734
f 1559/1451/1737 1558/1451/1743 1550/1453/1735
f 1560/1455/1744 1567/1455/1745 1559/1451/1737
f 1553/1451/1738 1561/1455/1746 1560/1455/1744
f 1554/1454/1739 1562/1455/1747 1561/1455/1746
f 1555/1454/1740 1563/1454/1748 1562/1455/1747
f 1556/1454/1741 1564/1454/1749 1563/1454/1748
f 1565/1455/1750 1564/1454/1749 1556/1454/1741
f 1566/1455/1751 1565/1455/1750 1557/1453/1742
f 1567/1455/1745 1566/1455/1751 1558/1451/1743
f 1568/1456/1752 1575/1456/1753 1567/1455/1745
f 1561/1455/1746 1569/1456/1754 1568/1456/1752
f 1562/1455/1747 1570/1456/1755 1569/1456/1754
f 1563/1454/1748 1571/1457/1756 1570/1456/1755
f 1564/1454/1749 1572/1457/1757 1571/1457/1756
f 1573/1456/1758 1572/1457/1757 1564/1454/1749
f 1574/1456/1759 1573/1456/1758 1565/1455/1750
f 1575/1456/1753 1574/1456/1759 1566/1455/1751
f 1568/1456/1752 1576/1456/1760 1583/1456/1761
f 1569/1456/1754 1577/1456/1762 1576/1456/1760
f 1570/1456/1755 1578/1456/1763 1577/1456/1762
f 1571/1457/1756 1579/1457/1764 1578/1456/1763
f 1580/1457/1765 1579/1457/1764 1571/1457/1756
f 1581/1456/1766 1580/1457/1765 1572/1457/1757
f 1582/1456/1767 1581/1456/1766 1573/1456/1758
f 1583/1456/1761 1582/1456/1767 1574/1456/1759
f 1576/1456/1760 1584/1458/1768 1591/1458/1769
f 1577/1456/1762 1585/1459/1770 1584/1458/1768
f 1578/1456/1763 1586/1459/1771 1585/1459/1770
f 1579/1457/1764 1587/1460/1772 1586/1459/1771
f 1588/1459/1773 1587/1460/1772 1579/1457/1764
f 1589/1459/1774 1588/1459/1773 1580/1457/1765
f 1590/1459/1775 1589/1459/1774 1581/1456/1766
f 1591/1458/1769 1590/1459/1775 1582/1456/1767
f 1584/1458/1768 1592/1458/1776 1599/1458/1777
f 1585/1459/1770 1593/1459/1778 1592/1458/1776
f 1586/1459/1771 1594/1459/1779 1593/1459/1778
f 1587/1460/1772 1595/1461/1780 1594/1459/1779
f 1596/1461/1781 1595/1461/1780 1587/1460/1772
f 1597/1459/1782 1596/1461/1781 1588/1459/1773
f 1598/1459/1783 1597/1459/1782 1589/1459/1774
f 1599/1458/1777 1598/1459/1783 1590/1459/1775
f 1592/1458/1776 1600/1462/1784 1607/1462/1785
f 1593/1459/1778 1601/1461/1786 1600/1462/1784
f 1594/1459/1779 1602/1461/1787 1601/1461/1786
f 1595/1461/1780 1603/1461/1788 1602/1461/1787
f 1604/1461/1789 1603/1461/1788 1595/1461/1780
f 1605/1461/1790 1604/1461/1789 1596/1461/1781
f 1606/1461/1791 1605/1461/1790 1597/1459/1782
f 1607/1462/1785 1606/1461/1791 1598/1459/1783
f 1600/1462/1784 1608/1462/1792 1615/1462/1793
f 1601/1461/1786 1609/1462/1794 1608/1462/1792
f 1602/1461/1787 1610/1461/1795 1609/1462/1794
f 1603/1461/1788 1611/1463/1796 1610/1461/1795
f 1612/1463/1797 1611/1463/1796 1603/1461/1788
f 1613/1461/1798 1612/1463/1797 1604/1461/1789
f 1614/1462/1799 1613/1461/1798 1605/1461/1790
f 1615/1462/1793 1614/1462/1799 1606/1461/1791
f 1608/1462/1792 1616/1462/1800 1623/1462/1801
f 1609/1462/1794 1617/1462/1802 1616/1462/1800
f 1610/1461/1795 1618/1463/1803 1617/1462/1802
f 1619/1463/1804 1618/1463/1803 1610/1461/1795
f 1620/1463/1805 1619/1463/1804 1611/1463/1796
f 1621/1464/1806 1620/1463/1805 1612/1463/1797
f 1622/1464/1807 1621/1464/1806 1613/1461/1798
f 1615/1462/1793 1623/1462/1801 1622/1464/1807
f 1616/1462/1800 1624/1464/1808 1631/1464/1809
f 1625/1464/1810 1624/1464/1808 1616/1462/1800
f 1626/1464/1811 1625/1464/1810 1617/1462/1802
f 1627/1464/1812 1626/1464/1811 1618/1463/1803
f 1628/1464/1813 1627/1464/1812 1619/1463/1804
f 1621/1464/1806 1629/1464/1814 1628/1464/1813
f 1622/1464/1807 1630/1464/1815 1629/1464/1814
f 1623/1462/1801 1631/1464/1809 1630/1464/1815
f 1624/1464/1808 1632/1465/1816 1639/1465/1817
f 1633/1465/1818 1632/1465/1816 1624/1464/1808
f 1634/1465/1819 1633/1465/1818 1625/1464/1810
f 1635/1466/1820 1634/1465/1819 1626/1464/1811
f 1636/1466/1821 1635/1466/1820 1627/1464/1812
f 1629/1464/1814 1637/1465/1822 1636/1466/1821
f 1630/1464/1815 1638/1465/1823 1637/1465/1822
f 1631/1464/1809 1639/1465/1817 1638/1465/1823
f 1050/1382/1239 1642/1382/1824 1643/1382/1825
f 1055/1385/1248 1054/1385/1826 1646/1385/1827
f 1052/1382/1245 1644/1382/1828 1645/1385/1829
f 1051/1382/1243 1643/1382/1825 1644/1382/1828
f 1049/1382/1237 1641/1382/1830 1642/1382/1824
f 1048/1382/1234 1055/1385/1248 1647/1385/1831
f 1054/1385/1826 1053/1385/1247 1645/1385/1829
f 1049/1382/1237 1048/1382/1234 1640/1382/1832
f 211/1200/603 212/480/389 15/482/391
f 30/1467/400 501/496/406 9/498/401
f 354/541/448 441/501/410 1030/503/412
f 912/721/619 33/509/417 220/511/419
f 220/511/419 219/512/420 38/514/422
f 47/769/695 915/517/425 46/519/427
f 230/523/431 232/520/428 44/522/430
f 234/518/426 230/523/431 46/519/427
f 816/507/415 39/515/423 36/513/421
f 909/720/618 217/527/435 33/509/417
f 35/510/418 217/527/435 34/529/437
f 324/771/697 323/530/438 218/528/436
f 9/681/401 504/531/407 49/533/440
f 28/1468/1050 898/543/450 27/492/402
f 16/1469/452 30/490/400 15/544/391
f 15/482/391 55/481/390 16/546/452
f 61/554/460 59/547/453 60/548/454
f 61/554/460 60/548/454 63/550/456
f 63/550/456 62/549/455 65/552/458
f 825/556/462 65/552/458 824/553/459
f 124/558/464 61/554/460 123/555/461
f 122/560/466 65/552/458 121/557/463
f 59/547/453 61/554/460 883/559/465
f 123/555/461 63/550/456 122/560/466
f 833/581/487 66/561/467 74/563/469
f 106/580/486 108/564/470 95/566/472
f 108/616/470 110/567/473 94/569/471
f 111/619/519 113/570/475 92/572/477
f 831/658/550 72/573/478 68/575/480
f 113/623/475 98/576/481 91/578/476
f 74/563/469 67/562/468 75/574/479
f 98/576/481 106/580/486 96/577/482
f 71/1470/489 833/581/487 77/582/488
f 833/1471/487 71/583/489 834/585/491
f 71/1470/489 77/582/488 89/587/493
f 72/573/478 76/588/494 75/574/479
f 76/588/494 83/590/496 842/592/498
f 77/582/488 74/563/469 78/589/495
f 80/605/508 837/593/499 88/586/492
f 71/1472/489 89/594/493 70/596/490
f 76/588/494 87/597/501 78/589/495
f 76/588/494 842/592/498 87/597/501
f 848/1473/484 73/600/483 82/602/505
f 77/582/488 78/589/495 88/586/492
f 87/597/501 843/603/506 90/598/502
f 81/604/507 80/605/508 90/598/502
f 79/608/504 73/606/483 83/590/496
f 831/658/550 79/608/504 72/573/478
f 109/622/517 107/612/513 878/614/515
f 103/628/525 101/611/512 857/615/516
f 110/567/473 108/616/470 866/618/518
f 113/570/475 111/619/519 114/621/521
f 108/564/470 106/580/486 109/622/517
f 98/576/481 113/623/475 97/625/522
f 106/580/486 98/576/481 107/612/513
f 101/611/512 103/628/525 115/630/527
f 866/618/518 109/617/517 877/632/528
f 107/612/513 97/625/522 120/613/514
f 97/625/522 114/624/521 119/633/529
f 120/613/514 119/633/529 115/630/527
f 119/633/529 118/634/530 116/635/531
f 878/614/515 120/613/514 873/629/526
f 99/1049/1040 116/635/531 105/626/523
f 99/1049/1040 101/611/512 116/635/531
f 857/615/516 122/560/466 104/637/533
f 857/615/516 102/610/511 122/560/466
f 100/609/510 124/558/464 102/610/511
f 100/609/510 865/627/524 124/558/464
f 91/578/476 96/577/482 143/639/535
f 146/1474/537 94/569/471 144/640/536
f 95/566/472 94/565/471 145/642/538
f 92/572/477 91/571/476 142/644/539
f 96/577/482 95/566/472 147/638/534
f 131/657/548 137/645/540 140/647/542
f 134/1475/549 138/648/543 139/650/545
f 132/1106/1121 135/651/546 131/653/548
f 133/646/541 134/654/549 140/647/542
f 131/657/548 140/647/542 67/562/468
f 140/647/542 139/655/545 68/575/480
f 134/1475/549 128/659/551 138/648/543
f 125/1476/556 130/661/553 136/656/547
f 130/661/553 129/662/554 137/645/540
f 135/651/546 126/663/555 136/652/547
f 129/662/554 128/665/551 133/646/541
f 83/579/496 85/579/485 84/579/497
f 139/650/545 888/649/544 831/667/550
f 815/526/434 32/668/558 39/515/423
f 141/488/398 3/669/559 50/539/446
f 141/488/398 52/479/388 3/669/559
f 22/534/441 50/539/446 434/540/447
f 130/661/553 147/638/534 129/662/554
f 125/1476/556 143/639/535 130/661/553
f 128/659/551 146/674/537 127/660/552
f 145/642/538 146/641/537 129/662/554
f 142/644/539 143/643/535 126/663/555
f 13/1477/1148 824/553/459 14/676/564
f 11/678/566 14/676/564 62/549/455
f 12/677/565 11/678/566 60/548/454
f 158/1478/571 24/680/395 159/70/570
f 27/505/402 9/681/401 29/495/405
f 165/57/591 164/57/574 166/48/576
f 167/410/589 179/683/577 175/685/578
f 167/410/589 175/685/578 161/411/575
f 167/10/589 169/8/580 168/10/582
f 176/690/587 175/685/578 177/687/583
f 165/57/591 181/688/584 174/56/586
f 163/1479/1833 162/686/579 176/690/587
f 168/10/582 178/52/588 167/10/589
f 178/52/588 177/51/583 179/52/577
f 166/48/576 180/691/590 165/57/591
f 168/10/582 170/8/581 182/693/593
f 172/7/1834 184/694/594 170/8/581
f 172/7/1834 174/56/586 184/694/594
f 166/48/576 168/10/582 180/691/590
f 198/703/569 206/695/595 204/697/597
f 208/672/562 207/698/598 801/673/563
f 204/697/597 209/696/596 203/671/561
f 503/917/859 16/546/452 1038/700/600
f 31/39/568 202/699/599 205/701/601
f 31/39/568 205/701/601 198/703/569
f 898/543/450 211/704/603 210/499/408
f 19/710/616 214/705/604 805/707/606
f 55/481/390 215/711/610 56/545/451
f 56/545/451 216/712/611 1038/700/600
f 1043/714/1228 1035/714/613 1044/715/615
f 20/1480/617 19/717/616 217/719/435
f 17/918/1065 20/709/617 909/720/618
f 35/510/418 34/529/437 220/511/419
f 32/668/558 912/721/619 38/514/422
f 221/732/629 222/724/622 526/726/624
f 222/724/622 223/727/625 528/725/623
f 228/733/1231 221/732/629 536/730/628
f 30/734/400 226/732/630 9/731/401
f 16/729/452 225/724/632 30/734/400
f 41/506/414 229/735/633 43/516/424
f 233/736/634 229/735/633 234/518/426
f 41/506/414 42/508/416 229/735/633
f 229/735/633 231/737/635 230/523/431
f 914/738/636 40/525/433 233/736/634
f 915/517/425 914/738/636 234/518/426
f 246/463/1835 250/742/650 245/89/647
f 246/463/1835 247/92/648 250/742/650
f 250/742/650 253/744/652 249/743/651
f 250/742/650 251/741/649 253/744/652
f 253/744/652 256/742/655 252/745/653
f 253/744/652 254/746/654 256/742/655
f 256/742/655 259/463/658 255/743/656
f 256/742/655 257/741/657 259/463/658
f 300/1481/691 301/747/659 309/749/661
f 299/1482/693 294/750/662 308/752/664
f 265/126/687 268/465/665 264/754/667
f 297/1483/682 298/755/668 306/757/670
f 263/762/684 264/754/667 266/758/671
f 267/753/666 280/124/672 266/758/671
f 295/1484/690 296/759/674 304/761/676
f 295/1484/690 304/761/676 301/747/659
f 300/1481/691 309/749/661 294/750/662
f 273/758/686 274/753/677 276/762/679
f 299/1482/693 308/752/664 298/755/668
f 277/754/678 282/113/680 276/762/679
f 296/759/674 297/763/682 305/760/675
f 262/123/694 283/125/683 263/762/684
f 272/115/692 281/114/685 273/758/686
f 277/754/678 274/753/677 293/128/689
f 301/766/659 276/762/679 295/765/690
f 300/767/691 273/758/686 301/766/659
f 272/115/692 273/758/686 294/768/662
f 269/115/673 272/115/692 299/768/693
f 266/758/671 269/115/673 298/767/668
f 263/762/684 266/758/671 297/766/682
f 262/123/694 263/762/684 296/765/674
f 295/765/690 278/123/681 296/765/674
f 45/521/429 47/769/695 44/522/430
f 920/770/696 219/512/420 323/530/438
f 37/524/432 36/513/421 920/770/696
f 218/528/436 19/710/616 324/771/697
f 325/784/708 326/772/698 48/774/573
f 198/1485/569 204/775/597 200/777/701
f 200/777/701 328/776/700 329/779/703
f 329/779/703 330/778/702 331/781/705
f 331/781/705 332/780/704 333/783/707
f 333/783/707 334/782/706 325/784/708
f 336/790/713 326/772/698 340/785/709
f 340/785/709 334/782/706 339/786/710
f 339/786/710 332/780/704 338/787/711
f 338/787/711 330/778/702 337/788/712
f 328/776/700 204/775/597 337/788/712
f 201/792/409 327/773/699 336/790/713
f 512/908/865 350/795/717 513/797/719
f 504/497/407 501/496/406 343/811/729
f 354/541/448 1033/814/735 441/501/410
f 522/721/873 524/511/740 369/509/742
f 372/513/756 523/512/743 373/514/744
f 543/518/754 1020/517/747 381/519/749
f 538/523/753 379/522/750 541/520/752
f 379/522/750 538/523/753 381/519/749
f 373/514/744 376/818/745 372/513/756
f 371/510/741 520/527/759 369/509/742
f 521/819/762 520/527/759 370/529/761
f 1025/771/945 521/819/762 633/530/763
f 502/532/439 504/531/407 383/821/764
f 511/812/733 514/826/769 364/805/728
f 351/828/771 350/795/717 366/804/727
f 391/796/718 350/795/717 392/829/772
f 395/1486/1170 397/830/773 925/809/732
f 397/830/773 399/832/775 396/831/774
f 399/832/775 401/834/777 398/833/776
f 400/835/778 401/834/777 402/837/780
f 399/832/775 397/830/773 430/839/782
f 403/836/779 401/834/777 994/841/784
f 395/1486/1170 995/842/785 397/830/773
f 401/834/777 399/832/775 429/840/783
f 972/862/804 419/843/786 408/845/788
f 972/1487/804 408/846/788 421/848/790
f 422/849/1180 406/849/791 423/849/793
f 412/853/795 423/850/793 410/852/794
f 419/843/786 412/853/795 409/844/787
f 427/868/810 420/857/799 428/859/801
f 416/855/797 415/854/796 418/861/803
f 419/843/786 972/862/804 420/857/799
f 980/869/811 423/850/793 411/863/805
f 411/863/805 412/853/795 420/857/799
f 417/860/802 415/854/796 983/867/809
f 426/870/812 411/863/805 427/868/810
f 987/871/813 980/869/811 426/870/812
f 425/872/814 426/870/812 424/866/808
f 986/873/815 987/871/813 425/872/814
f 427/868/810 428/859/801 424/866/808
f 413/865/807 970/864/806 425/872/814
f 424/866/808 415/854/796 425/872/814
f 429/840/783 418/861/803 994/841/784
f 430/839/782 416/855/797 429/840/783
f 414/856/798 416/855/797 431/838/781
f 995/842/785 971/875/817 431/838/781
f 408/846/788 438/877/819 961/847/789
f 409/844/787 437/879/821 408/845/788
f 405/849/792 406/849/791 436/849/825
f 409/844/787 410/852/794 437/879/821
f 373/514/744 368/668/826 376/818/745
f 432/803/726 386/824/767 3/669/559
f 385/537/444 388/794/715 3/669/559
f 360/822/765 434/540/447 386/824/767
f 348/1488/1220 349/887/830 402/837/780
f 349/887/830 345/888/831 400/835/778
f 345/888/831 346/889/832 398/833/776
f 364/817/728 365/808/731 343/820/729
f 464/210/1836 465/210/835 455/205/837
f 467/415/841 6/1/838 476/890/839
f 467/415/841 455/414/837 6/1/838
f 469/169/1837 467/172/841 470/169/843
f 478/892/848 465/210/835 482/891/845
f 468/172/842 467/172/841 475/208/846
f 475/208/846 476/208/839 8/471/847
f 466/205/836 465/210/835 477/893/849
f 480/895/851 470/169/843 479/894/850
f 472/170/853 470/169/843 481/896/852
f 482/891/845 474/209/844 481/896/852
f 468/172/842 466/205/836 479/894/850
f 509/886/829 347/885/828 508/901/858
f 392/912/772 351/902/771 1037/904/860
f 508/901/858 499/900/857 506/905/861
f 938/197/863 495/907/864 506/905/861
f 350/795/717 512/908/865 511/812/733
f 355/710/609 356/909/866 516/911/868
f 391/915/718 392/912/772 517/913/869
f 392/912/772 1037/904/860 518/708/607
f 513/1489/719 391/915/718 519/916/870
f 1045/917/1229 503/917/859 1046/700/871
f 516/911/868 1006/910/867 517/913/869
f 355/710/609 357/709/608 521/819/762
f 520/527/759 357/709/608 1015/720/760
f 523/512/743 370/529/761 524/511/740
f 368/668/826 373/514/744 522/721/873
f 525/924/877 526/726/624 527/919/874
f 527/919/874 528/725/623 529/920/875
f 535/923/876 536/730/628 525/924/877
f 534/923/1232 533/924/878 343/922/729
f 533/924/878 532/919/879 366/925/727
f 377/506/737 378/516/746 537/735/882
f 538/523/753 537/735/882 543/518/754
f 377/506/737 537/735/882 949/508/738
f 537/735/882 538/523/753 540/926/883
f 378/516/746 947/525/757 542/736/881
f 542/736/881 539/738/884 543/518/754
f 555/233/900 554/232/895 559/931/899
f 560/929/897 556/235/896 559/931/899
f 559/931/899 558/930/898 562/933/902
f 563/934/905 560/929/897 562/933/902
f 562/933/902 561/932/901 565/931/904
f 566/929/906 563/934/905 565/931/904
f 565/931/904 564/930/903 568/233/907
f 569/235/889 566/929/906 568/233/907
f 610/951/927 609/935/908 619/937/910
f 603/952/928 608/938/911 612/940/913
f 574/956/940 573/941/914 577/475/916
f 607/953/932 606/943/917 616/945/919
f 573/941/914 572/946/920 576/942/915
f 576/942/915 575/947/921 589/271/923
f 605/954/935 604/948/924 614/950/926
f 604/948/924 610/951/927 613/949/925
f 609/935/908 603/952/928 618/936/909
f 586/941/942 583/942/929 585/946/931
f 617/939/912 608/938/911 616/945/919
f 586/941/942 585/946/931 591/259/934
f 606/1490/917 605/954/935 615/955/918
f 573/941/914 592/270/936 572/946/920
f 583/942/929 590/258/938 582/947/930
f 592/270/936 574/956/940 589/271/923
f 584/475/941 583/942/929 602/274/943
f 585/946/931 610/957/927 587/268/933
f 585/946/931 582/947/930 610/957/927
f 581/257/939 603/960/928 582/947/930
f 578/257/922 608/960/911 581/257/939
f 575/947/921 607/959/932 578/257/922
f 572/946/920 606/957/917 575/947/921
f 571/268/937 605/958/935 572/946/920
f 571/268/937 587/268/933 605/958/935
f 381/519/749 951/769/748 379/522/750
f 370/529/761 523/512/743 633/530/763
f 523/512/743 372/513/756 632/770/944
f 356/909/866 355/710/609 1025/771/945
f 634/973/956 382/961/620 635/963/947
f 495/1491/864 497/964/948 505/966/854
f 497/964/948 638/967/950 637/965/949
f 638/967/950 640/969/952 639/968/951
f 640/969/952 642/971/954 641/970/953
f 642/971/954 634/973/956 643/972/955
f 643/972/955 635/963/947 649/975/958
f 641/970/953 643/972/955 648/976/959
f 639/968/951 641/970/953 647/977/960
f 637/965/949 639/968/951 646/978/961
f 637/965/949 646/978/961 505/966/854
f 635/963/947 636/962/946 645/974/957
f 661/1492/1838 654/380/962 659/982/964
f 661/1492/1838 659/982/964 665/984/966
f 658/1493/970 652/320/967 660/985/969
f 652/1039/967 658/986/970 749/988/972
f 662/992/976 664/989/973 666/991/975
f 658/1493/970 660/985/969 662/992/976
f 667/1000/981 663/993/965 753/995/978
f 670/1001/982 671/996/979 667/998/981
f 752/1031/1033 670/999/982 753/995/978
f 665/984/966 663/983/965 669/997/980
f 666/991/975 668/990/974 670/1001/982
f 686/1012/1007 688/1004/986 694/448/988
f 674/1005/1002 675/1005/989 676/1006/991
f 678/1009/999 680/1008/995 690/445/997
f 676/1006/991 677/1006/990 678/1009/999
f 688/1004/986 674/1005/1002 695/426/987
f 678/1009/999 679/1009/998 680/1008/995
f 693/425/1019 684/1011/1006 694/448/988
f 682/1013/1017 680/1008/995 683/1013/1008
f 676/1006/991 678/1009/999 672/444/1010
f 682/1013/1017 683/1013/1008 684/1011/1006
f 674/1005/1002 676/1006/991 673/427/1003
f 684/1011/1006 685/1011/1011 686/1012/1007
f 686/1012/1007 687/1012/1014 688/1004/986
f 680/1008/995 682/1013/1017 691/446/996
f 688/1004/986 689/1004/1015 674/1005/1002
f 682/1013/1017 684/1011/1006 692/447/1018
f 726/1018/985 727/1018/983 728/1019/984
f 741/441/994 732/1020/992 742/453/993
f 724/1022/1001 725/1022/1000 726/1018/985
f 726/1018/985 728/1019/984 738/450/1005
f 722/1023/1009 723/1023/1029 724/1022/1001
f 734/1021/1030 736/1024/1012 742/453/993
f 736/1024/1012 722/1023/1009 743/442/1016
f 728/1019/984 729/1019/1020 730/1025/1021
f 720/449/1022 724/1022/1001 738/450/1005
f 730/1025/1021 731/1025/1023 732/1020/992
f 721/443/1024 722/1023/1009 720/449/1022
f 734/1021/1030 732/1020/992 735/1021/1025
f 736/1024/1012 734/1021/1030 737/1024/1026
f 739/451/1028 728/1019/984 740/452/1027
f 722/1023/1009 736/1024/1012 723/1023/1029
f 740/452/1027 730/1025/1021 741/441/994
f 666/1037/975 670/999/982 754/1032/1032
f 748/1042/1039 659/1033/964 746/1035/1036
f 750/1040/1035 662/1036/976 754/1032/1032
f 745/1041/1038 744/1038/1037 749/988/972
f 747/987/971 658/986/970 750/1040/1035
f 650/1034/963 744/1038/1037 746/1035/1036
f 663/993/965 659/1033/964 751/994/977
f 999/1190/1126 797/1053/1043 930/1054/1044
f 920/1214/696 323/1064/438 913/1066/1052
f 33/1085/417 912/1067/619 812/1069/1054
f 910/1213/1137 813/1072/1056 913/1066/1052
f 910/1213/1137 911/1068/1053 813/1072/1056
f 819/1078/1060 817/1070/1055 820/1075/1058
f 818/1076/1059 817/1070/1055 814/1073/1057
f 907/1083/1063 906/1081/1061 810/1082/1062
f 908/1211/1136 907/1083/1063 811/1065/1051
f 812/1069/1054 906/1081/1061 33/1085/417
f 802/1494/1222 803/1089/1047 821/1090/1068
f 59/1103/453 823/1091/1069 798/1093/404
f 827/1097/1072 825/1094/462 826/1096/1071
f 827/1097/1072 829/1099/1074 882/1101/1076
f 829/1099/1074 823/1091/1069 881/1100/1075
f 823/1091/1069 59/1103/453 884/1102/1077
f 823/1091/1069 829/1099/1074 799/1092/1070
f 832/1116/1084 830/1106/1078 835/1108/1079
f 132/1106/1121 131/653/548 830/1106/1078
f 867/1113/1083 869/1110/1080 856/1112/1082
f 110/1145/473 867/1113/1083 93/1114/474
f 869/1110/1080 111/619/519 855/1111/1081
f 69/1121/557 832/1116/1084 836/1117/1085
f 70/1495/490 840/1118/1086 834/1107/491
f 835/1108/1079 840/1118/1086 836/1117/1085
f 79/1496/504 831/1120/550 82/1122/505
f 845/1143/1097 838/1123/1088 80/1125/508
f 82/1122/505 847/1126/1089 848/1128/484
f 841/1119/1087 839/1130/1090 847/1126/1089
f 839/1130/1090 841/1119/1087 853/1132/1092
f 839/1130/1090 853/1132/1092 842/1134/498
f 840/1118/1086 850/1135/1093 841/1119/1087
f 844/1141/1096 846/1136/1094 843/1138/506
f 838/1123/1088 86/1139/500 837/1124/499
f 846/1136/1094 844/1141/1096 854/1131/1091
f 66/1109/467 833/1142/487 830/1106/1078
f 846/1136/1094 845/1143/1097 81/1137/507
f 850/1135/1093 845/1143/1097 854/1131/1091
f 82/1122/505 836/1117/1085 847/1126/1089
f 111/619/519 869/1110/1080 112/620/520
f 867/1113/1083 110/1145/473 868/1147/1099
f 858/1151/1100 103/1148/525 104/1150/533
f 859/1497/1839 858/1151/1100 860/1152/1101
f 859/1497/1839 860/1152/1101 861/1154/1103
f 863/1156/1105 861/1154/1103 864/1155/1104
f 105/1170/523 863/1156/1105 865/1157/524
f 869/1110/1080 867/1113/1083 870/1144/1098
f 114/1498/521 112/620/520 118/1159/530
f 112/620/520 870/1144/1098 876/1158/1106
f 880/1160/1107 879/1161/1108 871/1163/1110
f 870/1144/1098 868/1147/1099 880/1160/1107
f 868/1147/1099 866/1146/518 879/1161/1108
f 879/1161/1108 877/1164/528 872/1162/1109
f 103/1148/525 858/1151/1100 873/1166/526
f 859/1497/1839 872/1162/1109 858/1151/1100
f 861/1154/1103 863/1156/1105 871/1163/1110
f 859/1497/1839 861/1154/1103 872/1162/1109
f 863/1156/1105 105/1170/523 875/1169/1114
f 860/1152/1101 882/1101/1076 862/1153/1102
f 884/1102/1077 864/1155/1104 881/1100/1075
f 860/1152/1101 104/1150/533 882/1101/1076
f 864/1155/1104 884/1102/1077 865/1157/524
f 855/1111/1081 92/1115/477 893/1172/1115
f 856/1112/1082 855/1111/1081 892/1173/1116
f 144/1499/536 93/1114/474 892/1173/1116
f 138/1182/543 890/1174/1117 888/1176/544
f 890/1174/1117 891/1177/1119 889/1175/1118
f 887/1178/1120 891/1177/1119 132/1106/1121
f 888/1176/544 889/1175/1118 69/1121/557
f 832/1116/1084 887/1178/1120 830/1106/1078
f 891/1177/1119 885/1179/1122 135/651/546
f 127/1189/552 886/1181/1123 138/1182/543
f 890/1174/1117 886/1181/1123 891/1177/1119
f 853/1132/1092 844/1141/1096 851/1133/503
f 70/1495/490 86/1139/500 840/1118/1086
f 86/1139/500 838/1123/1088 850/1135/1093
f 930/1054/1044 451/1184/834 923/1186/1124
f 144/1499/536 892/1173/1116 127/1189/552
f 1000/1323/1205 894/1058/1048 999/1190/1126
f 1000/1323/1205 959/1191/1127 894/1058/1048
f 118/1159/530 876/1158/1106 117/1171/532
f 802/1359/1222 211/1198/603 897/1055/1045
f 802/1494/1222 821/1090/1068 211/1200/603
f 876/1158/1106 880/1160/1107 875/1169/1114
f 877/1164/528 878/1201/515 874/1165/1111
f 212/480/389 904/1204/1131 55/481/390
f 212/480/389 821/1090/1068 904/1204/1131
f 821/1090/1068 822/399/1067 902/1205/1132
f 214/716/604 215/711/610 900/1206/605
f 899/1207/1112 900/1206/605 902/1205/1132
f 901/1208/1113 899/1207/1112 903/377/1133
f 932/1336/1064 806/1209/1066 1010/376/1135
f 806/1088/1066 17/1087/1065 906/1081/1061
f 805/1210/606 804/1203/1130 908/1211/1136
f 810/1082/1062 812/1069/1054 910/1213/1137
f 811/1065/1051 810/1082/1062 913/1066/1052
f 32/1080/558 814/1073/1057 912/1067/619
f 42/1079/416 819/1078/1060 231/1216/635
f 231/1216/635 916/1215/1138 232/1218/428
f 916/1215/1138 819/1078/1060 918/1219/1140
f 917/1217/1139 916/1215/1138 919/1220/1141
f 40/1183/433 914/1221/636 820/1075/1058
f 914/1221/636 915/1222/425 918/1219/1140
f 917/1217/1139 919/1220/1141 45/1223/429
f 324/1212/697 908/1211/1136 323/1064/438
f 1019/1232/1146 921/1225/1142 896/1056/1046
f 896/1056/1046 795/1192/1128 1019/1232/1146
f 31/1197/568 157/1062/572 796/1050/1041
f 13/1234/1148 895/1233/1147 824/1095/459
f 999/1190/1126 930/1054/1044 924/1237/1150
f 632/1341/944 1018/1245/1156 633/1247/763
f 1017/1255/1162 522/1248/873 941/1250/1158
f 1016/1340/1213 1018/1245/1156 942/1252/1160
f 1016/1340/1213 942/1252/1160 1017/1255/1162
f 946/1257/1163 945/1251/1159 950/1258/1164
f 945/1251/1159 946/1257/1163 942/1252/1160
f 941/1250/1158 1012/1229/1145 939/1264/1167
f 1014/1338/1212 940/1246/1157 1013/1263/1166
f 1015/1339/760 1012/1229/1145 369/1249/742
f 1027/1332/1208 929/1240/1153 952/1266/1168
f 926/1277/1177 954/1267/1169 925/1269/732
f 402/1355/780 403/1193/779 955/1270/1171
f 958/1271/1172 956/1195/1129 992/1274/1175
f 958/1271/1172 992/1274/1175 954/1267/1169
f 954/1267/1169 996/1275/1176 395/1268/1170
f 957/1272/1173 958/1271/1172 926/1277/1177
f 977/1284/1181 975/1278/1178 407/1280/823
f 421/1286/790 961/1281/789 975/1278/1178
f 977/1284/1181 407/1280/823 422/1283/1180
f 978/1302/1192 977/1284/1181 979/1285/1182
f 974/1292/1185 421/1286/790 976/1287/1183
f 418/1500/803 417/1288/802 963/1290/816
f 973/1501/800 972/1291/804 974/1292/1185
f 962/1289/1184 964/1293/1186 963/1290/816
f 979/1285/1182 422/1283/1180 980/572/811
f 964/1293/1186 966/1296/1188 965/1294/1187
f 967/1297/1189 966/1296/1188 969/1299/1191
f 968/1298/1190 970/1300/806 969/1299/1191
f 976/1287/1183 975/1278/1178 978/1302/1192
f 973/1501/800 974/1292/1185 428/1304/801
f 988/1306/1194 979/1285/1182 987/1305/813
f 991/1307/1195 978/1302/1192 988/1306/1194
f 990/1310/1198 991/1307/1195 982/1309/1197
f 976/1287/1183 978/1302/1192 990/1310/1198
f 974/1292/1185 976/1287/1183 989/1303/1193
f 989/1303/1193 990/1310/1198 984/1311/1199
f 962/1289/1184 417/1288/802 984/1311/1199
f 964/1293/1186 962/1289/1184 982/1309/1197
f 985/1315/1202 968/1298/1190 981/1308/1196
f 966/1296/1188 964/1293/1186 981/1308/1196
f 986/1326/815 970/1300/806 985/1315/1202
f 965/1294/1187 967/1297/1189 993/1273/1174
f 967/1297/1189 969/1299/1191 992/1274/1175
f 994/1194/784 963/1290/816 993/1273/1174
f 969/1299/1191 971/1301/817 996/1275/1176
f 961/1281/789 997/1317/820 960/1279/1179
f 1000/1323/1205 999/1190/1126 1001/1241/1154
f 922/1324/1206 959/1191/1127 1001/1241/1154
f 985/1315/1202 988/1306/1194 986/1326/815
f 928/1239/1152 1004/1238/1151 512/1329/865
f 928/1239/1152 512/1329/865 952/1266/1168
f 981/1308/1196 991/1307/1195 985/1315/1202
f 428/1304/801 989/1303/1193 983/1312/809
f 1008/1333/1209 952/1266/1168 519/1331/870
f 1026/1358/1221 1027/1332/1208 1008/1333/1209
f 519/1331/870 1006/1231/867 1008/1333/1209
f 1011/402/1210 934/1335/1143 1010/376/1135
f 934/1227/1143 1012/1229/1145 352/1265/872
f 356/1230/866 1014/1338/1212 933/1228/1144
f 939/1264/1167 1016/1340/1213 941/1250/1158
f 1016/1340/1213 939/1264/1167 1018/1245/1156
f 368/1262/826 522/1248/873 944/1254/1161
f 1021/1343/1214 948/1261/1165 540/1342/883
f 1022/1346/1216 1021/1343/1214 541/1344/752
f 950/1258/1164 948/1261/1165 1023/1345/1215
f 1023/1345/1215 1021/1343/1214 1024/1347/1217
f 947/1318/757 950/1258/1164 539/1348/884
f 539/1348/884 1023/1345/1215 1020/1349/747
f 1022/1346/1216 380/1350/751 1024/1347/1217
f 940/1246/1157 1014/1338/1212 633/1247/763
f 929/1240/1153 921/1225/1142 1003/1327/1207
f 959/1191/1127 922/1324/1206 1019/1232/1146
f 955/1270/1171 1002/1353/1219 402/1355/780
f 953/401/1218 1027/1356/1208 1009/379/1211
f 1008/1333/1209 1005/1314/1201 1026/1358/1221
f 1032/1363/411 1029/1364/612 20/709/617
f 1031/1502/449 1030/1362/412 17/918/1065
f 357/709/608 1033/1365/735 352/918/872
f 518/708/607 1034/914/614 357/709/608
f 1034/715/614 1037/1368/860 1044/715/615
f 1039/501/1230 1040/1369/1225 1041/502/1227
f 1046/1371/871 1038/1371/600 1042/1372/1226
f 1039/501/1230 1043/815/1228 1040/1369/1225
f 1040/1369/1225 1044/1373/615 1045/1375/1229
f 1046/1503/871 1042/1376/1226 1045/1378/1229
f 1029/1380/612 1032/1379/411 1042/1380/1226
f 441/501/410 1035/815/613 1039/501/1230
f 1037/904/860 503/903/859 1047/904/1224
f 1032/502/411 441/501/410 1041/502/1227
f 182/693/593 183/692/592 181/688/584
f 481/896/852 480/895/851 478/892/848
f 1055/1385/1248 1048/1382/1234 1063/1383/1236
f 1048/1382/1234 1049/1382/1237 1056/1383/1235
f 1049/1382/1237 1050/1382/1239 1057/1384/1238
f 1051/1382/1243 1059/1382/1241 1050/1382/1239
f 1052/1382/1245 1060/1385/1242 1051/1382/1243
f 1053/1385/1247 1061/1385/1244 1052/1382/1245
f 1054/1385/1826 1062/1383/1246 1053/1385/1247
f 1054/1385/1826 1055/1385/1248 1062/1383/1246
f 1056/1383/1235 1064/1383/1249 1063/1383/1236
f 1057/1384/1238 1065/1383/1251 1056/1383/1235
f 1057/1384/1238 1058/1384/1240 1065/1383/1251
f 1058/1384/1240 1059/1382/1241 1066/1383/1252
f 1059/1382/1241 1060/1385/1242 1067/1383/1253
f 1060/1385/1242 1061/1385/1244 1068/1383/1254
f 1062/1383/1246 1070/1386/1256 1061/1385/1244
f 1063/1383/1236 1071/1383/1250 1062/1383/1246
f 1064/1383/1249 1072/1386/1257 1071/1383/1250
f 1065/1383/1251 1073/1386/1259 1064/1383/1249
f 1065/1383/1251 1066/1383/1252 1073/1386/1259
f 1066/1383/1252 1067/1383/1253 1074/1386/1260
f 1067/1383/1253 1068/1383/1254 1075/1386/1261
f 1068/1383/1254 1069/1383/1255 1076/1386/1262
f 1070/1386/1256 1078/1386/1264 1069/1383/1255
f 1071/1383/1250 1079/1386/1258 1070/1386/1256
f 1072/1386/1257 1080/1387/1265 1079/1386/1258
f 1073/1386/1259 1081/1387/1267 1072/1386/1257
f 1073/1386/1259 1074/1386/1260 1081/1387/1267
f 1074/1386/1260 1075/1386/1261 1082/1387/1268
f 1075/1386/1261 1076/1386/1262 1083/1387/1269
f 1076/1386/1262 1077/1386/1263 1084/1387/1270
f 1078/1386/1264 1086/1387/1272 1077/1386/1263
f 1079/1386/1258 1087/1387/1266 1078/1386/1264
f 1080/1387/1265 1088/1388/1273 1087/1387/1266
f 1081/1387/1267 1089/1388/1275 1080/1387/1265
f 1081/1387/1267 1082/1387/1268 1089/1388/1275
f 1082/1387/1268 1083/1387/1269 1090/1388/1276
f 1083/1387/1269 1084/1387/1270 1091/1388/1277
f 1084/1387/1270 1085/1387/1271 1092/1388/1278
f 1086/1387/1272 1094/1388/1280 1085/1387/1271
f 1087/1387/1266 1095/1388/1274 1086/1387/1272
f 1088/1388/1273 1096/1389/1281 1095/1388/1274
f 1088/1388/1273 1089/1388/1275 1096/1389/1281
f 1089/1388/1275 1090/1388/1276 1097/1389/1283
f 1090/1388/1276 1091/1388/1277 1098/1389/1284
f 1091/1388/1277 1092/1388/1278 1099/1388/1285
f 1093/1388/1279 1101/1388/1287 1092/1388/1278
f 1094/1388/1280 1102/1388/1288 1093/1388/1279
f 1095/1388/1274 1103/1388/1282 1094/1388/1280
f 1096/1389/1281 1104/1389/1289 1103/1388/1282
f 1096/1389/1281 1097/1389/1283 1104/1389/1289
f 1097/1389/1283 1098/1389/1284 1105/1389/1291
f 1098/1389/1284 1099/1388/1285 1106/1389/1292
f 1099/1388/1285 1100/1388/1286 1107/1389/1293
f 1101/1388/1287 1109/1389/1295 1100/1388/1286
f 1102/1388/1288 1110/1389/1296 1101/1388/1287
f 1103/1388/1282 1111/1389/1290 1102/1388/1288
f 1104/1389/1289 1112/1389/1297 1111/1389/1290
f 1104/1389/1289 1105/1389/1291 1112/1389/1297
f 1105/1389/1291 1106/1389/1292 1113/1389/1299
f 1106/1389/1292 1107/1389/1293 1114/1390/1300
f 1107/1389/1293 1108/1389/1294 1115/1390/1301
f 1109/1389/1295 1117/1389/1303 1108/1389/1294
f 1110/1389/1296 1118/1389/1304 1109/1389/1295
f 1111/1389/1290 1119/1389/1298 1110/1389/1296
f 1112/1389/1297 1120/1389/1305 1119/1389/1298
f 1113/1389/1299 1121/1390/1307 1112/1389/1297
f 1114/1390/1300 1122/1390/1308 1113/1389/1299
f 1114/1390/1300 1115/1390/1301 1122/1390/1308
f 1115/1390/1301 1116/1390/1302 1123/1390/1309
f 1116/1390/1302 1117/1389/1303 1124/1390/1310
f 1117/1389/1303 1118/1389/1304 1125/1390/1311
f 1119/1389/1298 1127/1389/1306 1118/1389/1304
f 1120/1389/1305 1128/1389/1313 1127/1389/1306
f 1120/1389/1305 1121/1390/1307 1128/1389/1313
f 1121/1390/1307 1122/1390/1308 1129/1390/1315
f 1122/1390/1308 1123/1390/1309 1130/1390/1316
f 1123/1390/1309 1124/1390/1310 1131/1390/1317
f 1125/1390/1311 1133/1390/1319 1124/1390/1310
f 1126/1390/1312 1134/1390/1320 1125/1390/1311
f 1127/1389/1306 1135/1389/1314 1126/1390/1312
f 1135/1389/1314 1128/1389/1313 1143/1389/1322
f 1129/1390/1315 1137/1390/1323 1128/1389/1313
f 1130/1390/1316 1138/1390/1324 1129/1390/1315
f 1131/1390/1317 1139/1390/1325 1130/1390/1316
f 1132/1390/1318 1140/1390/1326 1131/1390/1317
f 1132/1390/1318 1133/1390/1319 1140/1390/1326
f 1133/1390/1319 1134/1390/1320 1141/1390/1327
f 1134/1390/1320 1135/1389/1314 1142/1389/1328
f 1143/1389/1322 1136/1389/1321 1151/1389/1330
f 1137/1390/1323 1145/1389/1331 1136/1389/1321
f 1138/1390/1324 1146/1389/1332 1137/1390/1323
f 1139/1390/1325 1147/1389/1333 1138/1390/1324
f 1140/1390/1326 1148/1389/1334 1139/1390/1325
f 1140/1390/1326 1141/1390/1327 1148/1389/1334
f 1141/1390/1327 1142/1389/1328 1149/1389/1335
f 1142/1389/1328 1143/1389/1322 1150/1389/1336
f 1151/1389/1330 1144/1389/1329 1159/1388/1338
f 1145/1389/1331 1153/1389/1339 1144/1389/1329
f 1146/1389/1332 1154/1389/1340 1145/1389/1331
f 1147/1389/1333 1155/1389/1341 1146/1389/1332
f 1148/1389/1334 1156/1388/1342 1147/1389/1333
f 1148/1389/1334 1149/1389/1335 1156/1388/1342
f 1149/1389/1335 1150/1389/1336 1157/1388/1343
f 1150/1389/1336 1151/1389/1330 1158/1388/1344
f 1159/1388/1338 1152/1388/1337 1167/1388/1346
f 1153/1389/1339 1161/1388/1347 1152/1388/1337
f 1154/1389/1340 1162/1388/1348 1153/1389/1339
f 1155/1389/1341 1163/1388/1349 1154/1389/1340
f 1156/1388/1342 1164/1388/1350 1155/1389/1341
f 1156/1388/1342 1157/1388/1343 1164/1388/1350
f 1157/1388/1343 1158/1388/1344 1165/1388/1351
f 1158/1388/1344 1159/1388/1338 1166/1388/1352
f 1167/1388/1346 1160/1388/1345 1175/1387/1354
f 1161/1388/1347 1169/1387/1355 1160/1388/1345
f 1162/1388/1348 1170/1387/1356 1161/1388/1347
f 1163/1388/1349 1171/1387/1357 1162/1388/1348
f 1164/1388/1350 1172/1387/1358 1163/1388/1349
f 1164/1388/1350 1165/1388/1351 1172/1387/1358
f 1165/1388/1351 1166/1388/1352 1173/1387/1359
f 1166/1388/1352 1167/1388/1346 1174/1387/1360
f 1175/1387/1354 1168/1387/1353 1183/1386/1362
f 1168/1387/1353 1169/1387/1355 1176/1386/1361
f 1169/1387/1355 1170/1387/1356 1177/1386/1363
f 1170/1387/1356 1171/1387/1357 1178/1386/1364
f 1172/1387/1358 1180/1386/1366 1171/1387/1357
f 1173/1387/1359 1181/1386/1367 1172/1387/1358
f 1174/1387/1360 1182/1386/1368 1173/1387/1359
f 1175/1387/1354 1183/1386/1362 1174/1387/1360
f 1183/1386/1362 1176/1386/1361 1191/1383/1370
f 1176/1386/1361 1177/1386/1363 1184/1383/1369
f 1177/1386/1363 1178/1386/1364 1185/1383/1371
f 1178/1386/1364 1179/1386/1365 1186/1383/1372
f 1180/1386/1366 1188/1383/1374 1179/1386/1365
f 1181/1386/1367 1189/1383/1375 1180/1386/1366
f 1182/1386/1368 1190/1383/1376 1181/1386/1367
f 1183/1386/1362 1191/1383/1370 1182/1386/1368
f 1184/1383/1369 1192/1383/1377 1191/1383/1370
f 1185/1383/1371 1193/1384/1379 1184/1383/1369
f 1186/1383/1372 1194/1384/1380 1185/1383/1371
f 1187/1383/1373 1195/1384/1381 1186/1383/1372
f 1187/1383/1373 1188/1383/1374 1195/1384/1381
f 1188/1383/1374 1189/1383/1375 1196/1384/1382
f 1189/1383/1375 1190/1383/1376 1197/1384/1383
f 1190/1383/1376 1191/1383/1370 1198/1383/1384
f 1192/1383/1377 1200/1384/1385 1199/1383/1378
f 1193/1384/1379 1201/1384/1387 1192/1383/1377
f 1194/1384/1380 1202/1391/1388 1193/1384/1379
f 1195/1384/1381 1203/1391/1389 1194/1384/1380
f 1195/1384/1381 1196/1384/1382 1203/1391/1389
f 1196/1384/1382 1197/1384/1383 1204/1391/1390
f 1197/1384/1383 1198/1383/1384 1205/1384/1391
f 1198/1383/1384 1199/1383/1378 1206/1384/1392
f 1200/1384/1385 1208/1392/1393 1207/1384/1386
f 1201/1384/1387 1209/1392/1395 1200/1384/1385
f 1202/1391/1388 1210/1391/1396 1201/1384/1387
f 1203/1391/1389 1211/1391/1397 1202/1391/1388
f 1203/1391/1389 1204/1391/1390 1211/1391/1397
f 1204/1391/1390 1205/1384/1391 1212/1392/1398
f 1205/1384/1391 1206/1384/1392 1213/1392/1399
f 1206/1384/1392 1207/1384/1386 1214/1392/1400
f 1215/1392/1394 1208/1392/1393 1223/1392/1402
f 1208/1392/1393 1209/1392/1395 1216/1393/1401
f 1210/1391/1396 1218/1393/1404 1209/1392/1395
f 1211/1391/1397 1219/1393/1405 1210/1391/1396
f 1212/1392/1398 1220/1393/1406 1211/1391/1397
f 1213/1392/1399 1221/1393/1407 1212/1392/1398
f 1213/1392/1399 1214/1392/1400 1221/1393/1407
f 1214/1392/1400 1215/1392/1394 1222/1393/1408
f 1223/1392/1402 1216/1393/1401 1231/1393/1410
f 1216/1393/1401 1217/1393/1403 1224/1393/1409
f 1217/1393/1403 1218/1393/1404 1225/1393/1411
f 1219/1393/1405 1227/1394/1413 1218/1393/1404
f 1220/1393/1406 1228/1394/1414 1219/1393/1405
f 1221/1393/1407 1229/1393/1415 1220/1393/1406
f 1222/1393/1408 1230/1393/1416 1221/1393/1407
f 1222/1393/1408 1223/1392/1402 1230/1393/1416
f 1231/1393/1410 1224/1393/1409 1239/1393/1418
f 1224/1393/1409 1225/1393/1411 1232/1393/1417
f 1225/1393/1411 1226/1394/1412 1233/1394/1419
f 1227/1394/1413 1235/1394/1421 1226/1394/1412
f 1228/1394/1414 1236/1394/1422 1227/1394/1413
f 1229/1393/1415 1237/1394/1423 1228/1394/1414
f 1230/1393/1416 1238/1393/1424 1229/1393/1415
f 1230/1393/1416 1231/1393/1410 1238/1393/1424
f 1239/1393/1418 1232/1393/1417 1247/1395/1426
f 1232/1393/1417 1233/1394/1419 1240/1395/1425
f 1233/1394/1419 1234/1394/1420 1241/1396/1427
f 1235/1394/1421 1243/1396/1429 1234/1394/1420
f 1236/1394/1422 1244/1396/1430 1235/1394/1421
f 1237/1394/1423 1245/1396/1431 1236/1394/1422
f 1238/1393/1424 1246/1395/1432 1237/1394/1423
f 1238/1393/1424 1239/1393/1418 1246/1395/1432
f 1255/1399/1447 1248/1397/1433 1263/1397/1435
f 1248/1397/1433 1249/1397/1436 1256/1397/1434
f 1249/1397/1436 1250/1397/1438 1257/1397/1437
f 1251/1398/1442 1259/1398/1440 1250/1397/1438
f 1252/1398/1444 1260/1398/1441 1251/1398/1442
f 1253/1400/1446 1261/1398/1443 1252/1398/1444
f 1254/1399/1840 1262/1399/1445 1253/1400/1446
f 1254/1399/1840 1255/1399/1447 1262/1399/1445
f 1263/1397/1435 1256/1397/1434 1271/1397/1449
f 1256/1397/1434 1257/1397/1437 1264/1397/1448
f 1257/1397/1437 1258/1397/1439 1265/1397/1450
f 1259/1398/1440 1267/1397/1452 1258/1397/1439
f 1260/1398/1441 1268/1398/1453 1259/1398/1440
f 1261/1398/1443 1269/1398/1454 1260/1398/1441
f 1262/1399/1445 1270/1399/1455 1261/1398/1443
f 1262/1399/1445 1263/1397/1435 1270/1399/1455
f 1264/1397/1448 1272/1397/1456 1271/1397/1449
f 1265/1397/1450 1273/1397/1458 1264/1397/1448
f 1266/1397/1451 1274/1397/1459 1265/1397/1450
f 1266/1397/1451 1267/1397/1452 1274/1397/1459
f 1267/1397/1452 1268/1398/1453 1275/1397/1460
f 1268/1398/1453 1269/1398/1454 1276/1398/1461
f 1269/1398/1454 1270/1399/1455 1277/1400/1462
f 1271/1397/1449 1279/1399/1457 1270/1399/1455
f 1272/1397/1456 1280/1399/1464 1279/1399/1457
f 1273/1397/1458 1281/1399/1466 1272/1397/1456
f 1274/1397/1459 1282/1399/1467 1273/1397/1458
f 1274/1397/1459 1275/1397/1460 1282/1399/1467
f 1275/1397/1460 1276/1398/1461 1283/1399/1468
f 1276/1398/1461 1277/1400/1462 1284/1400/1469
f 1277/1400/1462 1278/1399/1463 1285/1400/1470
f 1279/1399/1457 1287/1399/1465 1278/1399/1463
f 1280/1399/1464 1288/1401/1472 1287/1399/1465
f 1281/1399/1466 1289/1401/1474 1280/1399/1464
f 1282/1399/1467 1290/1399/1475 1281/1399/1466
f 1282/1399/1467 1283/1399/1468 1290/1399/1475
f 1283/1399/1468 1284/1400/1469 1291/1400/1476
f 1284/1400/1469 1285/1400/1470 1292/1402/1477
f 1285/1400/1470 1286/1399/1471 1293/1402/1478
f 1287/1399/1465 1295/1401/1473 1286/1399/1471
f 1288/1401/1472 1296/1401/1480 1295/1401/1473
f 1289/1401/1474 1297/1401/1482 1288/1401/1472
f 1290/1399/1475 1298/1401/1483 1289/1401/1474
f 1290/1399/1475 1291/1400/1476 1298/1401/1483
f 1291/1400/1476 1292/1402/1477 1299/1402/1484
f 1292/1402/1477 1293/1402/1478 1300/1402/1485
f 1293/1402/1478 1294/1401/1479 1301/1402/1486
f 1295/1401/1473 1303/1401/1481 1294/1401/1479
f 1296/1401/1480 1304/1403/1488 1303/1401/1481
f 1297/1401/1482 1305/1403/1490 1296/1401/1480
f 1297/1401/1482 1298/1401/1483 1305/1403/1490
f 1298/1401/1483 1299/1402/1484 1306/1403/1491
f 1299/1402/1484 1300/1402/1485 1307/1404/1492
f 1300/1402/1485 1301/1402/1486 1308/1404/1493
f 1302/1401/1487 1310/1403/1495 1301/1402/1486
f 1303/1401/1481 1311/1403/1489 1302/1401/1487
f 1304/1403/1488 1312/1405/1496 1311/1403/1489
f 1305/1403/1490 1313/1405/1498 1304/1403/1488
f 1305/1403/1490 1306/1403/1491 1313/1405/1498
f 1306/1403/1491 1307/1404/1492 1314/1405/1499
f 1307/1404/1492 1308/1404/1493 1315/1405/1500
f 1308/1404/1493 1309/1404/1494 1316/1406/1501
f 1310/1403/1495 1318/1405/1503 1309/1404/1494
f 1311/1403/1489 1319/1405/1497 1310/1403/1495
f 1312/1405/1496 1320/1407/1504 1319/1405/1497
f 1312/1405/1496 1313/1405/1498 1320/1407/1504
f 1313/1405/1498 1314/1405/1499 1321/1408/1506
f 1314/1405/1499 1315/1405/1500 1322/1408/1507
f 1315/1405/1500 1316/1406/1501 1323/1408/1508
f 1317/1406/1502 1325/1408/1510 1316/1406/1501
f 1318/1405/1503 1326/1408/1511 1317/1406/1502
f 1319/1405/1497 1327/1408/1505 1318/1405/1503
f 1320/1407/1504 1328/1410/1512 1327/1408/1505
f 1320/1407/1504 1321/1408/1506 1328/1410/1512
f 1321/1408/1506 1322/1408/1507 1329/1410/1514
f 1322/1408/1507 1323/1408/1508 1330/1411/1515
f 1323/1408/1508 1324/1409/1509 1331/1411/1516
f 1325/1408/1510 1333/1411/1518 1324/1409/1509
f 1326/1408/1511 1334/1411/1519 1325/1408/1510
f 1327/1408/1505 1335/1410/1513 1326/1408/1511
f 1328/1410/1512 1336/1412/1520 1335/1410/1513
f 1328/1410/1512 1329/1410/1514 1336/1412/1520
f 1329/1410/1514 1330/1411/1515 1337/1412/1522
f 1330/1411/1515 1331/1411/1516 1338/1412/1523
f 1331/1411/1516 1332/1411/1517 1339/1413/1524
f 1333/1411/1518 1341/1413/1526 1332/1411/1517
f 1334/1411/1519 1342/1412/1527 1333/1411/1518
f 1335/1410/1513 1343/1412/1521 1334/1411/1519
f 1336/1412/1520 1344/1414/1528 1343/1412/1521
f 1337/1412/1522 1345/1412/1530 1336/1412/1520
f 1338/1412/1523 1346/1415/1531 1337/1412/1522
f 1338/1412/1523 1339/1413/1524 1346/1415/1531
f 1339/1413/1524 1340/1413/1525 1347/1415/1532
f 1340/1413/1525 1341/1413/1526 1348/1415/1533
f 1341/1413/1526 1342/1412/1527 1349/1415/1534
f 1343/1412/1521 1351/1412/1529 1342/1412/1527
f 1344/1414/1528 1352/1414/1536 1351/1412/1529
f 1345/1412/1530 1353/1416/1538 1344/1414/1528
f 1346/1415/1531 1354/1416/1539 1345/1412/1530
f 1347/1415/1532 1355/1415/1540 1346/1415/1531
f 1347/1415/1532 1348/1415/1533 1355/1415/1540
f 1348/1415/1533 1349/1415/1534 1356/1415/1541
f 1349/1415/1534 1350/1412/1535 1357/1415/1542
f 1350/1412/1535 1351/1412/1529 1358/1415/1543
f 1359/1414/1537 1352/1414/1536 1367/1416/1545
f 1352/1414/1536 1353/1416/1538 1360/1416/1544
f 1353/1416/1538 1354/1416/1539 1361/1416/1546
f 1354/1416/1539 1355/1415/1540 1362/1416/1547
f 1356/1415/1541 1364/1417/1549 1355/1415/1540
f 1357/1415/1542 1365/1416/1550 1356/1415/1541
f 1358/1415/1543 1366/1416/1551 1357/1415/1542
f 1359/1414/1537 1367/1416/1545 1358/1415/1543
f 1367/1416/1545 1360/1416/1544 1375/1418/1553
f 1360/1416/1544 1361/1416/1546 1368/1418/1552
f 1361/1416/1546 1362/1416/1547 1369/1418/1554
f 1362/1416/1547 1363/1417/1548 1370/1417/1555
f 1364/1417/1549 1372/1417/1557 1363/1417/1548
f 1365/1416/1550 1373/1417/1558 1364/1417/1549
f 1366/1416/1551 1374/1416/1559 1365/1416/1550
f 1367/1416/1545 1375/1418/1553 1366/1416/1551
f 1375/1418/1553 1368/1418/1552 1383/1418/1561
f 1368/1418/1552 1369/1418/1554 1376/1418/1560
f 1369/1418/1554 1370/1417/1555 1377/1418/1562
f 1370/1417/1555 1371/1417/1556 1378/1419/1563
f 1372/1417/1557 1380/1419/1565 1371/1417/1556
f 1373/1417/1558 1381/1419/1566 1372/1417/1557
f 1374/1416/1559 1382/1418/1567 1373/1417/1558
f 1375/1418/1553 1383/1418/1561 1374/1416/1559
f 1383/1418/1561 1376/1418/1560 1391/1418/1569
f 1376/1418/1560 1377/1418/1562 1384/1418/1568
f 1377/1418/1562 1378/1419/1563 1385/1418/1570
f 1378/1419/1563 1379/1419/1564 1386/1419/1571
f 1380/1419/1565 1388/1419/1573 1379/1419/1564
f 1381/1419/1566 1389/1419/1574 1380/1419/1565
f 1382/1418/1567 1390/1418/1575 1381/1419/1566
f 1383/1418/1561 1391/1418/1569 1382/1418/1567
f 1391/1418/1569 1384/1418/1568 1399/1418/1577
f 1384/1418/1568 1385/1418/1570 1392/1418/1576
f 1385/1418/1570 1386/1419/1571 1393/1420/1578
f 1386/1419/1571 1387/1419/1572 1394/1420/1579
f 1388/1419/1573 1396/1421/1581 1387/1419/1572
f 1389/1419/1574 1397/1421/1582 1388/1419/1573
f 1390/1418/1575 1398/1420/1583 1389/1419/1574
f 1391/1418/1569 1399/1418/1577 1390/1418/1575
f 1399/1418/1577 1392/1418/1576 1407/1420/1585
f 1392/1418/1576 1393/1420/1578 1400/1420/1584
f 1394/1420/1579 1402/1420/1587 1393/1420/1578
f 1395/1421/1580 1403/1420/1588 1394/1420/1579
f 1396/1421/1581 1404/1420/1589 1395/1421/1580
f 1397/1421/1582 1405/1420/1590 1396/1421/1581
f 1397/1421/1582 1398/1420/1583 1405/1420/1590
f 1398/1420/1583 1399/1418/1577 1406/1420/1591
f 1407/1420/1585 1400/1420/1584 1415/1422/1593
f 1401/1420/1586 1409/1422/1594 1400/1420/1584
f 1402/1420/1587 1410/1420/1595 1401/1420/1586
f 1403/1420/1588 1411/1423/1596 1402/1420/1587
f 1404/1420/1589 1412/1423/1597 1403/1420/1588
f 1404/1420/1589 1405/1420/1590 1412/1423/1597
f 1405/1420/1590 1406/1420/1591 1413/1423/1598
f 1406/1420/1591 1407/1420/1585 1414/1420/1599
f 1415/1422/1593 1408/1422/1592 1423/1422/1601
f 1409/1422/1594 1417/1422/1602 1408/1422/1592
f 1410/1420/1595 1418/1424/1603 1409/1422/1594
f 1411/1423/1596 1419/1424/1604 1410/1420/1595
f 1412/1423/1597 1420/1424/1605 1411/1423/1596
f 1412/1423/1597 1413/1423/1598 1420/1424/1605
f 1413/1423/1598 1414/1420/1599 1421/1424/1606
f 1414/1420/1599 1415/1422/1593 1422/1422/1607
f 1423/1422/1601 1416/1422/1600 1431/1425/1609
f 1417/1422/1602 1425/1425/1610 1416/1422/1600
f 1418/1424/1603 1426/1426/1611 1417/1422/1602
f 1419/1424/1604 1427/1426/1612 1418/1424/1603
f 1420/1424/1605 1428/1426/1613 1419/1424/1604
f 1420/1424/1605 1421/1424/1606 1428/1426/1613
f 1421/1424/1606 1422/1422/1607 1429/1426/1614
f 1422/1422/1607 1423/1422/1601 1430/1425/1615
f 1431/1425/1609 1424/1425/1608 1439/1427/1617
f 1425/1425/1610 1433/1427/1618 1424/1425/1608
f 1426/1426/1611 1434/1428/1619 1425/1425/1610
f 1427/1426/1612 1435/1428/1620 1426/1426/1611
f 1428/1426/1613 1436/1428/1621 1427/1426/1612
f 1428/1426/1613 1429/1426/1614 1436/1428/1621
f 1429/1426/1614 1430/1425/1615 1437/1428/1622
f 1430/1425/1615 1431/1425/1609 1438/1427/1623
f 1439/1427/1617 1432/1427/1616 1447/1429/1625
f 1433/1427/1618 1441/1429/1626 1432/1427/1616
f 1434/1428/1619 1442/1430/1627 1433/1427/1618
f 1435/1428/1620 1443/1430/1628 1434/1428/1619
f 1436/1428/1621 1444/1430/1629 1435/1428/1620
f 1436/1428/1621 1437/1428/1622 1444/1430/1629
f 1437/1428/1622 1438/1427/1623 1445/1430/1630
f 1438/1427/1623 1439/1427/1617 1446/1429/1631
f 1447/1429/1625 1440/1429/1624 1455/1431/1633
f 1441/1429/1626 1449/1431/1634 1440/1429/1624
f 1442/1430/1627 1450/1432/1635 1441/1429/1626
f 1443/1430/1628 1451/1432/1636 1442/1430/1627
f 1444/1430/1629 1452/1432/1637 1443/1430/1628
f 1444/1430/1629 1445/1430/1630 1452/1432/1637
f 1445/1430/1630 1446/1429/1631 1453/1432/1638
f 1446/1429/1631 1447/1429/1625 1454/1431/1639
f 1448/1431/1632 1456/1433/1640 1455/1431/1633
f 1448/1431/1632 1449/1431/1634 1456/1433/1640
f 1449/1431/1634 1450/1432/1635 1457/1433/1642
f 1450/1432/1635 1451/1432/1636 1458/1434/1643
f 1451/1432/1636 1452/1432/1637 1459/1434/1644
f 1453/1432/1638 1461/1432/1646 1452/1432/1637
f 1454/1431/1639 1462/1431/1647 1453/1432/1638
f 1455/1431/1633 1463/1433/1641 1454/1431/1639
f 1456/1433/1640 1464/1435/1648 1463/1433/1641
f 1456/1433/1640 1457/1433/1642 1464/1435/1648
f 1457/1433/1642 1458/1434/1643 1465/1435/1650
f 1458/1434/1643 1459/1434/1644 1466/1436/1651
f 1459/1434/1644 1460/1434/1645 1467/1436/1652
f 1461/1432/1646 1469/1434/1654 1460/1434/1645
f 1462/1431/1647 1470/1433/1655 1461/1432/1646
f 1463/1433/1641 1471/1433/1649 1462/1431/1647
f 1464/1435/1648 1472/1437/1656 1471/1433/1649
f 1464/1435/1648 1465/1435/1650 1472/1437/1656
f 1465/1435/1650 1466/1436/1651 1473/1437/1658
f 1466/1436/1651 1467/1436/1652 1474/1438/1659
f 1467/1436/1652 1468/1436/1653 1475/1438/1660
f 1469/1434/1654 1477/1436/1662 1468/1436/1653
f 1470/1433/1655 1478/1435/1663 1469/1434/1654
f 1471/1433/1649 1479/1437/1657 1470/1433/1655
f 1472/1437/1656 1480/1439/1664 1479/1437/1657
f 1472/1437/1656 1473/1437/1658 1480/1439/1664
f 1473/1437/1658 1474/1438/1659 1481/1439/1666
f 1474/1438/1659 1475/1438/1660 1482/1439/1667
f 1475/1438/1660 1476/1438/1661 1483/1440/1668
f 1477/1436/1662 1485/1438/1670 1476/1438/1661
f 1478/1435/1663 1486/1437/1671 1477/1436/1662
f 1479/1437/1657 1487/1439/1665 1478/1435/1663
f 1480/1439/1664 1488/1441/1672 1487/1439/1665
f 1480/1439/1664 1481/1439/1666 1488/1441/1672
f 1481/1439/1666 1482/1439/1667 1489/1441/1674
f 1482/1439/1667 1483/1440/1668 1490/1441/1675
f 1483/1440/1668 1484/1440/1669 1491/1442/1676
f 1485/1438/1670 1493/1439/1678 1484/1440/1669
f 1486/1437/1671 1494/1439/1679 1485/1438/1670
f 1487/1439/1665 1495/1441/1673 1486/1437/1671
f 1488/1441/1672 1496/1443/1680 1495/1441/1673
f 1488/1441/1672 1489/1441/1674 1496/1443/1680
f 1489/1441/1674 1490/1441/1675 1497/1443/1682
f 1490/1441/1675 1491/1442/1676 1498/1443/1683
f 1491/1442/1676 1492/1442/1677 1499/1444/1684
f 1493/1439/1678 1501/1441/1686 1492/1442/1677
f 1494/1439/1679 1502/1441/1687 1493/1439/1678
f 1495/1441/1673 1503/1443/1681 1494/1439/1679
f 1496/1443/1680 1504/1445/1688 1503/1443/1681
f 1496/1443/1680 1497/1443/1682 1504/1445/1688
f 1497/1443/1682 1498/1443/1683 1505/1445/1690
f 1498/1443/1683 1499/1444/1684 1506/1445/1691
f 1499/1444/1684 1500/1444/1685 1507/1446/1692
f 1501/1441/1686 1509/1443/1694 1500/1444/1685
f 1502/1441/1687 1510/1443/1695 1501/1441/1686
f 1503/1443/1681 1511/1443/1689 1502/1441/1687
f 1504/1445/1688 1512/1445/1696 1511/1443/1689
f 1504/1445/1688 1505/1445/1690 1512/1445/1696
f 1505/1445/1690 1506/1445/1691 1513/1445/1698
f 1506/1445/1691 1507/1446/1692 1514/1445/1699
f 1507/1446/1692 1508/1444/1693 1515/1446/1700
f 1509/1443/1694 1517/1445/1702 1508/1444/1693
f 1510/1443/1695 1518/1445/1703 1509/1443/1694
f 1511/1443/1689 1519/1445/1697 1510/1443/1695
f 1512/1445/1696 1520/1447/1704 1519/1445/1697
f 1512/1445/1696 1513/1445/1698 1520/1447/1704
f 1513/1445/1698 1514/1445/1699 1521/1448/1706
f 1514/1445/1699 1515/1446/1700 1522/1448/1707
f 1515/1446/1700 1516/1446/1701 1523/1448/1708
f 1517/1445/1702 1525/1448/1710 1516/1446/1701
f 1518/1445/1703 1526/1448/1711 1517/1445/1702
f 1519/1445/1697 1527/1447/1705 1518/1445/1703
f 1520/1447/1704 1528/1447/1712 1527/1447/1705
f 1520/1447/1704 1521/1448/1706 1528/1447/1712
f 1521/1448/1706 1522/1448/1707 1529/1449/1714
f 1522/1448/1707 1523/1448/1708 1530/1449/1715
f 1523/1448/1708 1524/1448/1709 1531/1449/1716
f 1525/1448/1710 1533/1449/1718 1524/1448/1709
f 1526/1448/1711 1534/1448/1719 1525/1448/1710
f 1527/1447/1705 1535/1447/1713 1526/1448/1711
f 1528/1447/1712 1536/1450/1720 1535/1447/1713
f 1529/1449/1714 1537/1450/1722 1528/1447/1712
f 1530/1449/1715 1538/1449/1723 1529/1449/1714
f 1531/1449/1716 1539/1449/1724 1530/1449/1715
f 1531/1449/1716 1532/1449/1717 1539/1449/1724
f 1532/1449/1717 1533/1449/1718 1540/1449/1725
f 1533/1449/1718 1534/1448/1719 1541/1449/1726
f 1534/1448/1719 1535/1447/1713 1542/1450/1727
f 1543/1450/1721 1536/1450/1720 1551/1452/1729
f 1537/1450/1722 1545/1453/1730 1536/1450/1720
f 1538/1449/1723 1546/1453/1731 1537/1450/1722
f 1539/1449/1724 1547/1453/1732 1538/1449/1723
f 1540/1449/1725 1548/1453/1733 1539/1449/1724
f 1540/1449/1725 1541/1449/1726 1548/1453/1733
f 1541/1449/1726 1542/1450/1727 1549/1453/1734
f 1542/1450/1727 1543/1450/1721 1550/1453/1735
f 1544/1451/1728 1552/1451/1736 1551/1452/1729
f 1545/1453/1730 1553/1451/1738 1544/1451/1728
f 1545/1453/1730 1546/1453/1731 1553/1451/1738
f 1546/1453/1731 1547/1453/1732 1554/1454/1739
f 1547/1453/1732 1548/1453/1733 1555/1454/1740
f 1548/1453/1733 1549/1453/1734 1556/1454/1741
f 1550/1453/1735 1558/1451/1743 1549/1453/1734
f 1551/1452/1729 1559/1451/1737 1550/1453/1735
f 1552/1451/1736 1560/1455/1744 1559/1451/1737
f 1552/1451/1736 1553/1451/1738 1560/1455/1744
f 1553/1451/1738 1554/1454/1739 1561/1455/1746
f 1554/1454/1739 1555/1454/1740 1562/1455/1747
f 1555/1454/1740 1556/1454/1741 1563/1454/1748
f 1557/1453/1742 1565/1455/1750 1556/1454/1741
f 1558/1451/1743 1566/1455/1751 1557/1453/1742
f 1559/1451/1737 1567/1455/1745 1558/1451/1743
f 1560/1455/1744 1568/1456/1752 1567/1455/1745
f 1560/1455/1744 1561/1455/1746 1568/1456/1752
f 1561/1455/1746 1562/1455/1747 1569/1456/1754
f 1562/1455/1747 1563/1454/1748 1570/1456/1755
f 1563/1454/1748 1564/1454/1749 1571/1457/1756
f 1565/1455/1750 1573/1456/1758 1564/1454/1749
f 1566/1455/1751 1574/1456/1759 1565/1455/1750
f 1567/1455/1745 1575/1456/1753 1566/1455/1751
f 1575/1456/1753 1568/1456/1752 1583/1456/1761
f 1568/1456/1752 1569/1456/1754 1576/1456/1760
f 1569/1456/1754 1570/1456/1755 1577/1456/1762
f 1570/1456/1755 1571/1457/1756 1578/1456/1763
f 1572/1457/1757 1580/1457/1765 1571/1457/1756
f 1573/1456/1758 1581/1456/1766 1572/1457/1757
f 1574/1456/1759 1582/1456/1767 1573/1456/1758
f 1575/1456/1753 1583/1456/1761 1574/1456/1759
f 1583/1456/1761 1576/1456/1760 1591/1458/1769
f 1576/1456/1760 1577/1456/1762 1584/1458/1768
f 1577/1456/1762 1578/1456/1763 1585/1459/1770
f 1578/1456/1763 1579/1457/1764 1586/1459/1771
f 1580/1457/1765 1588/1459/1773 1579/1457/1764
f 1581/1456/1766 1589/1459/1774 1580/1457/1765
f 1582/1456/1767 1590/1459/1775 1581/1456/1766
f 1583/1456/1761 1591/1458/1769 1582/1456/1767
f 1591/1458/1769 1584/1458/1768 1599/1458/1777
f 1584/1458/1768 1585/1459/1770 1592/1458/1776
f 1585/1459/1770 1586/1459/1771 1593/1459/1778
f 1586/1459/1771 1587/1460/1772 1594/1459/1779
f 1588/1459/1773 1596/1461/1781 1587/1460/1772
f 1589/1459/1774 1597/1459/1782 1588/1459/1773
f 1590/1459/1775 1598/1459/1783 1589/1459/1774
f 1591/1458/1769 1599/1458/1777 1590/1459/1775
f 1599/1458/1777 1592/1458/1776 1607/1462/1785
f 1592/1458/1776 1593/1459/1778 1600/1462/1784
f 1593/1459/1778 1594/1459/1779 1601/1461/1786
f 1594/1459/1779 1595/1461/1780 1602/1461/1787
f 1596/1461/1781 1604/1461/1789 1595/1461/1780
f 1597/1459/1782 1605/1461/1790 1596/1461/1781
f 1598/1459/1783 1606/1461/1791 1597/1459/1782
f 1599/1458/1777 1607/1462/1785 1598/1459/1783
f 1607/1462/1785 1600/1462/1784 1615/1462/1793
f 1600/1462/1784 1601/1461/1786 1608/1462/1792
f 1601/1461/1786 1602/1461/1787 1609/1462/1794
f 1602/1461/1787 1603/1461/1788 1610/1461/1795
f 1604/1461/1789 1612/1463/1797 1603/1461/1788
f 1605/1461/1790 1613/1461/1798 1604/1461/1789
f 1606/1461/1791 1614/1462/1799 1605/1461/1790
f 1607/1462/1785 1615/1462/1793 1606/1461/1791
f 1615/1462/1793 1608/1462/1792 1623/1462/1801
f 1608/1462/1792 1609/1462/1794 1616/1462/1800
f 1609/1462/1794 1610/1461/1795 1617/1462/1802
f 1611/1463/1796 1619/1463/1804 1610/1461/1795
f 1612/1463/1797 1620/1463/1805 1611/1463/1796
f 1613/1461/1798 1621/1464/1806 1612/1463/1797
f 1614/1462/1799 1622/1464/1807 1613/1461/1798
f 1614/1462/1799 1615/1462/1793 1622/1464/1807
f 1623/1462/1801 1616/1462/1800 1631/1464/1809
f 1617/1462/1802 1625/1464/1810 1616/1462/1800
f 1618/1463/1803 1626/1464/1811 1617/1462/1802
f 1619/1463/1804 1627/1464/1812 1618/1463/1803
f 1620/1463/1805 1628/1464/1813 1619/1463/1804
f 1620/1463/1805 1621/1464/1806 1628/1464/1813
f 1621/1464/1806 1622/1464/1807 1629/1464/1814
f 1622/1464/1807 1623/1462/1801 1630/1464/1815
f 1631/1464/1809 1624/1464/1808 1639/1465/1817
f 1625/1464/1810 1633/1465/1818 1624/1464/1808
f 1626/1464/1811 1634/1465/1819 1625/1464/1810
f 1627/1464/1812 1635/1466/1820 1626/1464/1811
f 1628/1464/1813 1636/1466/1821 1627/1464/1812
f 1628/1464/1813 1629/1464/1814 1636/1466/1821
f 1629/1464/1814 1630/1464/1815 1637/1465/1822
f 1630/1464/1815 1631/1464/1809 1638/1465/1823
f 1051/1382/1243 1050/1382/1239 1643/1382/1825
f 1647/1385/1831 1055/1385/1248 1646/1385/1827
f 1053/1385/1247 1052/1382/1245 1645/1385/1829
f 1052/1382/1245 1051/1382/1243 1644/1382/1828
f 1050/1382/1239 1049/1382/1237 1642/1382/1824
f 1640/1382/1832 1048/1382/1234 1647/1385/1831
f 1646/1385/1827 1054/1385/1826 1645/1385/1829
f 1641/1382/1830 1049/1382/1237 1640/1382/1832
