v 0.065470 0.866829 0.035335
v 0.015486 0.824374 0.287050
v -0.071654 0.826269 0.266387
v -0.022151 0.872810 0.025541
v 0.164497 1.148412 0.128794
v 0.109816 1.161525 0.390087
v -0.155993 1.149769 0.335243
v -0.107903 1.163085 0.070778
v 0.229758 1.071563 0.112885
v 0.175718 1.076398 0.399004
v -0.229705 1.077470 0.309255
v -0.177657 1.094244 0.030288
v -0.186296 1.188765 0.095354
v -0.220810 1.107674 0.101379
v -0.243602 1.053742 0.136768
v -0.253300 1.045368 0.204389
v -0.243744 1.098013 0.272267
v -0.210618 1.200526 0.292716
v -0.175242 1.271323 0.235794
v -0.173258 1.234893 0.150058
v 0.185686 1.195248 0.364455
v 0.205818 1.091119 0.369108
v 0.234384 1.020011 0.302755
v 0.252520 1.026930 0.230443
v 0.249018 1.079848 0.184006
v 0.228765 1.159944 0.174019
v 0.202032 1.236022 0.205992
v 0.184735 1.257737 0.288812
v 0.146552 0.719991 0.110818
v 0.139778 0.722139 0.260270
v 0.089210 0.718013 0.073103
v 0.021908 0.410324 0.201886
v 0.074871 0.710714 0.283317
v 0.070369 1.265804 0.194948
v 0.064566 1.249120 0.263621
v 0.158856 0.580794 0.129168
v 0.159927 0.552338 0.289916
v 0.114348 0.547705 0.313400
v 0.188700 0.418563 0.114428
v 0.162912 0.492644 0.264883
v 0.221306 0.478935 0.189508
v 0.075838 0.433012 0.262336
v 0.102514 1.210326 0.149216
v 0.106516 0.565607 0.050354
v 0.053923 1.317564 0.234782
v 0.059936 1.266646 0.306623
v 0.068176 1.303595 0.263060
v 0.076017 1.413440 0.357268
v 0.075549 1.376361 0.231157
v 0.073895 1.294967 0.306027
v 0.051244 1.410665 0.422185
v 0.095622 1.349049 0.289806
v 0.022162 1.223884 0.345622
v 0.049780 1.271336 0.324444
v 0.076182 1.426101 0.237611
v 0.076780 1.363439 0.355694
v 0.097919 1.402718 0.303153
v 0.034586 1.353108 0.412109
v 0.050572 1.486588 0.318220
v 0.047984 1.466554 0.375856
v 0.076809 1.474290 0.272238
v 0.083190 1.459336 0.330656
v -0.136586 0.723802 0.099201
v -0.144523 0.724679 0.246150
v -0.078304 0.719502 0.066845
v -0.021543 0.408306 0.202058
v -0.080922 0.711059 0.276811
v -0.026969 1.115559 0.352825
v 0.014995 1.272541 0.181465
v -0.007140 1.174779 0.285287
v -0.040452 1.268568 0.186138
v -0.045903 1.247102 0.252812
v -0.156411 0.581532 0.129095
v -0.157488 0.552856 0.289676
v 0.000357 0.414212 0.242833
v -0.112715 0.554133 0.313804
v -0.189026 0.423139 0.110814
v -0.162033 0.493669 0.264477
v -0.221006 0.482016 0.188900
v -0.074581 0.432769 0.262374
v -0.104551 0.569510 0.051236
v -0.053214 0.477793 0.080841
v 0.012309 1.325912 0.218755
v 0.001849 1.237731 0.296338
v -0.031800 1.318761 0.227288
v -0.047737 1.267282 0.297839
v 0.015985 1.439997 0.196328
v -0.051487 1.304629 0.254290
v 0.015787 1.379883 0.189285
v -0.073172 1.415542 0.343514
v -0.050697 1.378140 0.219518
v -0.065136 1.295840 0.295075
v -0.060770 1.412243 0.411858
v -0.081914 1.351663 0.273217
v -0.025809 1.223614 0.341468
v 0.021537 1.236637 0.366135
v -0.046116 1.269956 0.351682
v -0.051108 1.427895 0.225876
v -0.075032 1.365578 0.341698
v -0.085104 1.405298 0.286280
v -0.005133 1.341375 0.410324
v -0.044167 1.354218 0.404849
v 0.007908 1.493637 0.292140
v -0.003138 1.457717 0.406465
v -0.038984 1.487850 0.309964
v -0.047537 1.467901 0.367050
v -0.005808 1.412708 0.428546
v 0.012916 1.484214 0.236372
v -0.056707 1.476172 0.259929
v -0.074075 1.461553 0.316157
v 0.144959 0.859058 0.132917
v 0.142194 0.847735 0.198563
v 0.111353 0.836080 0.260430
v -0.126225 0.871085 0.081508
v -0.147991 0.861526 0.140345
v -0.144437 0.846510 0.204924
v -0.218642 1.014093 0.251024
v 0.178743 1.001129 0.339030
v 0.201137 0.995481 0.154213
v -0.174650 1.014717 0.079358
v 0.023082 1.217613 0.134108
v -0.051465 0.835124 0.038407
v 0.077786 0.830544 0.054928
v 0.153606 1.216403 0.169540
v -0.060541 1.219840 0.123642
v -0.105960 1.231413 0.112064
v -0.191433 0.989593 0.131081
v 0.193194 0.987713 0.246996
v -0.093226 1.258923 0.156463
v -0.093352 1.257816 0.252335
v 0.130020 1.248013 0.183783
v 0.103078 1.251361 0.278258
v 0.216361 1.132941 0.316741
v 0.245158 1.133146 0.306705
v 0.212292 1.197562 0.303182
v 0.226307 1.106002 0.279847
v 0.263346 1.093912 0.304942
v 0.226204 1.169762 0.340676
v 0.234482 1.122206 0.232852
v 0.301296 1.106742 0.256566
v 0.269183 1.173100 0.363571
v 0.229718 1.174494 0.200322
v 0.308288 1.175240 0.183836
v 0.309764 1.208055 0.360838
v 0.226492 1.204517 0.208641
v 0.300017 1.252198 0.205160
v 0.328151 1.252671 0.337554
v 0.209667 1.249796 0.285649
v 0.285088 1.290746 0.273984
v 0.315365 1.280119 0.309347
v 0.204232 1.240300 0.317811
v 0.272245 1.268305 0.349990
v 0.277960 1.274624 0.286950
v 0.185670 1.180856 0.267141
v 0.211082 1.187072 0.330950
v 0.257893 1.201676 0.306444
v 0.233821 1.240943 0.280579
v 0.179505 0.111249 0.178198
v 0.098720 0.308170 0.188393
v 0.204781 0.351539 0.098731
v 0.219107 0.328740 0.249504
v 0.256882 0.360866 0.157254
v 0.155878 0.305126 0.265333
v 0.132757 0.332264 0.089506
v 0.277518 0.138709 0.096239
v 0.278966 0.121495 0.227856
v 0.310990 0.136248 0.152682
v 0.230969 0.102431 0.227704
v 0.227981 0.122687 0.094283
v 0.240452 0.034940 0.149822
v 0.313153 0.096740 0.181344
v 0.325203 0.017145 0.186877
v 0.346257 0.059034 0.165670
v 0.272561 -0.012447 0.154633
v 0.252880 0.091364 0.177150
v 0.222653 0.079848 0.094493
v 0.310305 0.135639 0.148990
v 0.348404 0.043584 0.080185
v 0.368668 0.097172 0.114883
v 0.277356 0.020039 0.059676
v 0.236798 0.149124 0.130561
v 0.281639 0.196172 -0.311616
v 0.319922 0.271930 -0.270285
v 0.376895 0.162574 -0.229896
v 0.358494 0.240466 -0.290565
v 0.327775 0.129620 -0.245422
v 0.279221 0.256446 -0.278929
v 0.249721 0.314004 -0.400739
v 0.304183 0.332050 -0.385137
v 0.450066 0.175960 -0.434581
v 0.354622 0.106806 -0.456992
v 0.323470 0.215895 -0.077625
v 0.372603 0.186849 -0.137872
v 0.263646 0.213592 -0.085872
v 0.258440 0.157627 -0.162117
v 0.345160 0.097942 -0.378753
v 0.411328 0.130563 -0.327998
v 0.436755 0.172653 -0.370435
v 0.372233 0.106795 -0.342689
v 0.433912 -0.016109 -0.362044
v 0.525401 0.028549 -0.352767
v 0.534279 0.074331 -0.408865
v 0.490952 0.001231 -0.340585
v 0.437330 -0.030121 -0.393397
v 0.530883 0.011300 -0.392246
v 0.536326 0.070567 -0.421257
v 0.496268 -0.018347 -0.384178
v 0.809808 0.088621 0.877512
v 0.831446 0.107002 0.855086
v 0.863143 0.059050 0.801539
v 0.818737 0.067353 0.858422
v 0.851754 0.097704 0.815013
v 0.832761 0.046427 0.836930
v 0.865382 0.078690 0.801591
v 0.903416 0.132451 0.922052
v 0.889577 0.103101 0.932069
v 0.276797 1.358731 0.179925
v 0.854689 0.095749 0.909783
v 0.870471 0.125528 0.899404
v 0.897852 0.053086 0.835893
v 0.996796 0.049185 0.782797
v 0.865066 0.081468 0.892821
v 0.888402 0.113513 0.847163
v 0.883783 0.056165 0.863555
v 0.920134 0.103201 0.820384
v 1.013449 0.124956 0.982094
v 1.018392 0.130152 0.966677
v 0.932835 0.057549 0.857119
v 0.956304 0.082836 0.834006
v 0.898211 0.080606 0.918353
v 0.929558 0.110150 0.883705
v 0.918141 0.060647 0.887095
v 0.949468 0.092975 0.848583
v 0.912865 0.053748 0.806123
v 0.961427 0.070735 0.837669
v 1.060277 0.072691 0.910737
v 1.056318 0.083054 0.907167
v 1.052594 0.099390 0.965388
v 1.052518 0.115342 0.952814
v 1.067168 0.082207 0.941745
v 1.068917 0.094290 0.927968
v 0.917830 0.080968 0.796991
v 0.941271 0.059957 0.826490
v 0.954326 0.078685 0.819127
v 0.948066 0.087142 0.819067
v 0.999607 0.064503 0.780985
v 1.001806 0.052382 0.798897
v 1.007994 0.066650 0.795869
v 0.958432 0.128703 0.952073
v 0.991038 0.112746 0.918260
v 1.010644 0.069063 0.874730
v 0.987278 0.065507 0.890564
v 0.965707 0.082055 0.943554
v 0.947983 0.106525 0.956292
v 0.981632 0.064601 0.920077
v 1.006300 0.080434 0.870813
v 1.009192 0.093632 0.888275
v 0.541175 0.164377 0.645128
v 0.570639 0.136364 0.596637
v 0.581951 0.076442 0.579735
v 0.568483 0.019712 0.604324
v 0.538126 -0.000594 0.656000
v 0.508662 0.027419 0.704491
v 0.497351 0.087341 0.721393
v 0.510818 0.144071 0.696804
v 0.212754 0.068581 0.170285
v 0.468855 0.128280 0.655985
v 0.505369 0.131101 0.682312
v 0.123060 1.335431 0.490500
v 0.181871 1.249743 0.446697
v 0.161293 1.362919 0.495295
v 0.253126 1.254966 0.443484
v 0.180240 1.398520 0.470516
v 0.291542 1.299041 0.396614
v 0.168802 1.421378 0.430678
v 0.273958 1.334182 0.335370
v 0.133679 1.418105 0.399118
v 0.179275 1.375828 0.325298
v 0.095447 1.390616 0.394323
v 0.121142 1.350620 0.341756
v 0.076500 1.355016 0.419101
v 0.099807 1.298975 0.371043
v 0.087937 1.332157 0.458939
v 0.114992 1.268628 0.423932
v 0.494477 0.085008 0.702321
v 0.457609 0.085450 0.673893
v 0.503704 0.036320 0.688609
v 0.465390 0.040214 0.660678
v 0.527643 0.013559 0.649209
v 0.487639 0.019069 0.624081
v 0.552273 0.030058 0.607200
v 0.511324 0.034402 0.585540
v 0.563164 0.076151 0.587190
v 0.522570 0.077231 0.567631
v 0.553938 0.124838 0.600902
v 0.514789 0.122468 0.580846
v 0.529999 0.147599 0.640303
v 0.492539 0.143613 0.617444
v 0.425731 0.065687 0.654962
v 0.467640 0.025233 0.586576
v 0.462806 0.085825 0.665771
v 0.504715 0.045372 0.597384
v 0.472282 0.124705 0.648579
v 0.514191 0.084251 0.580193
v 0.444682 0.143445 0.620579
v 0.486592 0.102992 0.552193
v 0.407607 0.123307 0.609771
v 0.449516 0.082854 0.541384
v 0.398131 0.084428 0.626962
v 0.440040 0.043974 0.558576
v 0.493120 0.104590 0.614575
v 0.465521 0.123331 0.586575
v 0.428445 0.103193 0.575767
v 0.438760 0.053110 0.633702
v 0.454378 0.038034 0.608215
v 0.491454 0.058172 0.619024
v 0.475835 0.073249 0.644510
v 0.426779 0.056775 0.580215
v 0.411160 0.071851 0.605702
v 0.427213 0.005731 0.654650
v 0.442830 -0.009344 0.629166
v 0.513974 0.013566 0.659213
v 0.498356 0.028641 0.684697
v 0.382160 0.010718 0.580119
v 0.366543 0.025793 0.605603
v -0.190938 0.113194 0.177717
v -0.103319 0.307674 0.187822
v -0.208586 0.354164 0.098250
v -0.223627 0.331831 0.249023
v -0.260365 0.365137 0.156773
v -0.160953 0.306241 0.265165
v -0.135166 0.335837 0.085665
v -0.288019 0.143473 0.097235
v -0.290024 0.126586 0.227375
v -0.322114 0.139089 0.155676
v -0.242514 0.106749 0.227194
v -0.238989 0.126067 0.094879
v -0.253809 0.041573 0.152911
v -0.324220 0.106034 0.185581
v -0.341030 0.016394 0.178352
v -0.358226 0.071267 0.171678
v -0.287543 -0.005502 0.155968
v -0.264437 0.097543 0.179321
v -0.235007 0.085993 0.097692
v -0.320355 0.145409 0.153080
v -0.361617 0.053627 0.084008
v -0.380021 0.109781 0.118799
v -0.291444 0.027872 0.063146
v -0.246866 0.155688 0.133828
v -0.292144 0.204331 -0.308398
v -0.328175 0.281038 -0.266532
v -0.387820 0.173396 -0.225721
v -0.367599 0.250136 -0.285590
v -0.339911 0.139026 -0.241651
v -0.288038 0.264332 -0.275446
v -0.258770 0.321187 -0.397829
v -0.312466 0.340547 -0.381358
v -0.463664 0.187058 -0.427873
v -0.370128 0.116549 -0.452271
v -0.334219 0.225503 -0.073871
v -0.384184 0.197944 -0.133881
v -0.274539 0.221329 -0.082417
v -0.271242 0.165130 -0.158646
v -0.358950 0.107119 -0.373968
v -0.423185 0.141750 -0.321977
v -0.448849 0.184020 -0.364055
v -0.384905 0.116750 -0.337260
v -0.451859 -0.003237 -0.356111
v -0.541971 0.044256 -0.347289
v -0.549868 0.089830 -0.403163
v -0.508277 0.015894 -0.335386
v -0.456046 -0.017309 -0.387603
v -0.548302 0.027187 -0.386719
v -0.552167 0.086220 -0.415459
v -0.514546 -0.003506 -0.378931
v -0.225204 0.073161 0.169011
v 0.221359 1.252261 0.295799
v 0.257114 1.274087 0.301828
v 0.287503 1.276421 0.325297
v 0.296905 1.257057 0.353725
v 0.281151 1.226862 0.373312
v 0.247077 1.204443 0.373017
v 0.214498 1.202962 0.348898
v 0.205232 1.222237 0.315690
v 0.718452 0.176533 0.750113
v 0.750978 0.145609 0.696583
v 0.763464 0.079461 0.677925
v 0.748598 0.016836 0.705069
v 0.715086 -0.005580 0.762114
v 0.682561 0.025343 0.815644
v 0.670074 0.091492 0.834302
v 0.684941 0.154116 0.807158
v 0.842314 0.159269 0.825470
v 0.867792 0.135046 0.783540
v 0.877568 0.083233 0.768923
v 0.865916 0.034179 0.790181
v 0.839663 0.016621 0.834862
v 0.814186 0.040843 0.876791
v 0.804410 0.092657 0.891408
v 0.816061 0.141710 0.870151
v 0.797302 0.112954 0.808074
v 0.758402 0.028507 0.785065
v 0.789454 0.083077 0.731047
v 0.779909 0.042892 0.748462
v 0.739067 0.130983 0.813975
v 0.760574 0.145367 0.777372
v 0.781445 0.125524 0.743022
v 0.781932 0.106781 0.834098
v 0.274300 1.370433 0.200038
v 0.811022 0.091805 0.880337
v 0.819031 0.049358 0.868362
v 0.862946 0.126531 0.791969
v 0.842075 0.146375 0.826319
v 0.820567 0.131991 0.862922
v 0.861410 0.043899 0.797409
v 0.870955 0.084085 0.779994
v 0.839903 0.029515 0.834013
v 0.243388 1.083218 0.042447
v 0.179450 1.158930 0.041977
v -0.164801 1.093605 -0.018416
v -0.092350 1.173724 -0.013801
v 0.073387 0.878079 0.004041
v -0.016151 0.884878 -0.000098
v -0.005652 1.281686 0.406825
v -0.004317 1.278472 0.391853
v -0.027134 1.237306 0.361522
v 0.048009 1.310151 0.380380
v -0.052758 1.311571 0.371090
v 0.016642 1.294266 0.381705
v -0.020538 1.290186 0.381112
v 0.039275 1.345648 0.381662
v -0.043418 1.346814 0.374038
v -0.021522 1.338962 0.392408
v 0.014180 1.338459 0.395699
v 0.109772 1.504902 0.296731
v 0.096839 1.434748 0.426298
v 0.136079 1.494905 0.293945
v 0.123146 1.424752 0.423512
v 0.140505 1.470161 0.280988
v 0.127571 1.400007 0.410556
v 0.118623 1.455412 0.270818
v 0.105689 1.385258 0.400386
v 0.092316 1.465408 0.273605
v 0.079382 1.395255 0.403172
v 0.087890 1.490153 0.286561
v 0.074957 1.419999 0.416129
v 0.111118 1.500887 0.284093
v 0.099726 1.481227 0.271950
v 0.124534 1.471516 0.269183
v 0.135258 1.491438 0.281401
v 0.050722 1.264140 0.333980
v 0.024217 1.287686 0.391378
v 0.038725 1.261930 0.342305
v 0.016622 1.281018 0.382972
v 0.119806 1.537808 0.186850
v 0.105619 1.510978 0.191589
v 0.132510 1.498000 0.196023
v 0.145971 1.525181 0.191163
v 0.174698 1.419110 0.083814
v 0.157032 1.407630 0.106427
v 0.186436 1.391051 0.118075
v 0.201958 1.404121 0.095265
v 0.122746 1.258381 0.077651
v 0.105061 1.264964 0.101889
v 0.129737 1.265406 0.119268
v 0.146758 1.258811 0.094562
v 0.103897 1.163135 0.064472
v 0.085444 1.157227 0.088309
v 0.109811 1.152499 0.105485
v 0.127607 1.158534 0.081185
v 0.207934 0.707613 0.098293
v 0.201803 0.698027 0.314278
v 0.123661 0.707351 0.047303
v 0.113694 0.680454 0.350598
v 0.229415 0.600355 0.094288
v 0.227577 0.579919 0.327479
v 0.141402 0.561449 0.363048
v 0.151955 0.580395 0.013688
v -0.198480 0.711797 0.087520
v -0.205548 0.700512 0.301704
v -0.114606 0.708756 0.043183
v -0.111699 0.677237 0.348434
v -0.224581 0.603469 0.089635
v -0.228636 0.577515 0.320128
v -0.139306 0.569723 0.363340
v -0.148711 0.581252 0.012249
v 0.242647 0.338395 0.070795
v 0.243428 0.310325 0.277035
v -0.249546 0.342927 0.068511
v -0.250957 0.314280 0.274369
v 0.296374 0.359071 0.040577
v 0.297000 0.333291 0.341178
v -0.295950 0.370409 0.029708
v -0.298179 0.330130 0.326222
v 0.422734 -0.158932 0.053020
v 0.426546 -0.174501 0.228920
v -0.400087 -0.148055 0.018269
v -0.401563 -0.171451 0.187576
v -0.095568 1.507796 0.277801
v -0.108502 1.437642 0.407368
v -0.121191 1.498531 0.270227
v -0.134125 1.428377 0.399794
v -0.123864 1.473887 0.256616
v -0.136822 1.403803 0.386082
v -0.100912 1.458506 0.250579
v -0.113846 1.388352 0.380147
v -0.075289 1.467771 0.258153
v -0.088222 1.397617 0.387721
v -0.072617 1.492415 0.271764
v -0.085550 1.422262 0.401331
v -0.093991 1.504458 0.265095
v -0.079761 1.484361 0.254932
v -0.106576 1.475336 0.247243
v -0.120083 1.495676 0.257613
v -0.085859 1.538698 0.168568
v -0.073533 1.511494 0.175752
v -0.100884 1.499320 0.174621
v -0.112427 1.526849 0.167392
v -0.109116 1.424250 0.048922
v -0.095691 1.410760 0.070687
v -0.123203 1.399747 0.075220
v -0.136247 1.413403 0.054287
v -0.030462 1.268391 0.043258
v -0.024556 1.273597 0.072949
v -0.054132 1.277206 0.077786
v -0.059240 1.271903 0.047964
v -0.015855 1.171293 0.034023
v -0.010469 1.163993 0.063371
v -0.040251 1.162426 0.068029
v -0.044834 1.169767 0.038555
v -0.216277 1.169631 0.235179
v -0.219367 1.237187 0.172468
v -0.200060 1.283546 0.223558
v -0.211638 1.140922 0.200655
v -0.204825 1.171570 0.190252
v -0.186381 1.234591 0.245869
v -0.203759 1.153849 0.161123
v -0.253835 1.145667 0.163658
v -0.217080 1.200036 0.268606
v -0.195493 1.200812 0.141597
v -0.261074 1.200538 0.139928
v -0.261337 1.204742 0.283335
v -0.195125 1.226260 0.152698
v -0.261517 1.274677 0.153696
v -0.300565 1.240153 0.285783
v -0.208699 1.260747 0.220651
v -0.272956 1.309211 0.210884
v -0.316200 1.282278 0.276769
v -0.217809 1.258072 0.239177
v -0.317485 1.295711 0.216764
v -0.296694 1.311162 0.253814
v -0.162946 1.205227 0.212997
v -0.219539 1.218034 0.250596
v -0.273098 1.285461 0.182276
v -0.248418 1.313826 0.226955
v -0.867291 0.010498 0.660753
v -0.881430 0.043631 0.657399
v -0.911837 0.053736 0.585672
v -0.876557 0.010615 0.632283
v -0.896229 0.068974 0.622136
v -0.890319 0.013807 0.602334
v -0.910590 0.067973 0.599329
v -0.957805 0.033530 0.723555
v -0.951128 0.002947 0.710388
v 0.274452 1.364786 0.190735
v -0.914896 0.004476 0.689109
v -0.923326 0.036067 0.702319
v -0.952190 0.034722 0.606421
v -1.040275 0.091408 0.565778
v -0.924696 0.008393 0.667019
v -0.934304 0.067137 0.656393
v -0.942509 0.014881 0.628449
v -0.962543 0.085546 0.630049
v -1.075761 0.014148 0.762016
v -1.077136 0.029348 0.754520
v -0.988846 0.031909 0.624935
v -1.003445 0.070773 0.625877
v -0.961200 -0.001485 0.684939
v -0.980821 0.050009 0.680545
v -0.978932 0.010373 0.648641
v -0.997417 0.066412 0.643390
v -0.961790 0.058825 0.585471
v -1.011130 0.061067 0.620149
v -1.118704 0.036849 0.674513
v -1.112467 0.045556 0.679108
v -1.115506 0.016876 0.732387
v -1.110595 0.036484 0.734377
v -1.128798 0.024266 0.703484
v -1.126136 0.042415 0.701932
v -0.960368 0.085201 0.597769
v -0.991615 0.056239 0.604552
v -0.999819 0.077419 0.612268
v -0.992255 0.081878 0.618065
v -1.040035 0.104014 0.575097
v -1.047211 0.083997 0.579616
v -1.050234 0.097495 0.587343
v -1.016783 0.023839 0.742785
v -1.045708 0.043247 0.707461
v -1.065264 0.046700 0.645874
v -1.045783 0.027962 0.654744
v -1.030600 -0.001311 0.704339
v -1.011198 0.002987 0.730420
v -1.045277 0.006100 0.675373
v -1.058422 0.056252 0.650916
v -1.061777 0.054414 0.672661
v -0.555273 0.155792 0.544827
v -0.580855 0.175904 0.490555
v -0.599541 0.148081 0.436880
v -0.600384 0.088621 0.415243
v -0.582891 0.032356 0.438319
v -0.557309 0.012244 0.492590
v -0.538623 0.040067 0.546266
v -0.537780 0.099527 0.567903
v -0.493125 0.105945 0.527390
v -0.532387 0.098914 0.548448
v -0.115279 1.345727 0.453421
v -0.144378 1.266850 0.374184
v -0.157464 1.341819 0.477000
v -0.207669 1.230774 0.381910
v -0.198676 1.367341 0.477996
v -0.277611 1.260442 0.370969
v -0.214773 1.407343 0.455826
v -0.302359 1.321938 0.336886
v -0.196327 1.438391 0.423476
v -0.245150 1.411583 0.341792
v -0.154142 1.442299 0.399897
v -0.178906 1.419853 0.335448
v -0.112931 1.416777 0.398901
v -0.126902 1.382036 0.328996
v -0.096833 1.376775 0.421071
v -0.105530 1.328930 0.358430
v -0.533126 0.050594 0.530890
v -0.492607 0.061239 0.510579
v -0.548346 0.027982 0.487294
v -0.505903 0.040360 0.469728
v -0.569132 0.044324 0.443198
v -0.525223 0.055539 0.428766
v -0.583307 0.090046 0.424432
v -0.539250 0.097885 0.411690
v -0.582567 0.138365 0.441989
v -0.539768 0.142591 0.428501
v -0.567347 0.160977 0.485585
v -0.526472 0.163469 0.469352
v -0.546562 0.144635 0.529682
v -0.507152 0.148290 0.510313
v -0.462013 0.052546 0.483127
v -0.498602 0.080332 0.405934
v -0.496262 0.068214 0.505001
v -0.532852 0.095999 0.427808
v -0.495867 0.109252 0.519585
v -0.532457 0.137037 0.442393
v -0.461223 0.134622 0.512296
v -0.497813 0.162407 0.435103
v -0.426974 0.118954 0.490422
v -0.463564 0.146739 0.413230
v -0.427369 0.077916 0.475838
v -0.463959 0.105702 0.398645
v -0.514061 0.123068 0.481203
v -0.479417 0.148438 0.473914
v -0.445168 0.132770 0.452040
v -0.473388 0.061184 0.459129
v -0.487024 0.071540 0.430360
v -0.521273 0.087207 0.452234
v -0.507637 0.076852 0.481003
v -0.452381 0.096910 0.423071
v -0.438744 0.086554 0.451839
v -0.473869 0.011177 0.441355
v -0.487504 0.021531 0.412589
v -0.557491 0.034322 0.450368
v -0.543856 0.023968 0.479133
v -0.417081 0.054096 0.390930
v -0.403446 0.043742 0.419696
v -0.237795 1.309038 0.251511
v -0.272510 1.306059 0.272102
v -0.290597 1.281154 0.293568
v -0.278374 1.249074 0.307108
v -0.245625 1.226392 0.306551
v -0.207762 1.228043 0.292993
v -0.189806 1.254206 0.268233
v -0.203546 1.287557 0.249905
v -0.878022 0.102734 0.672310
v -0.900142 0.120124 0.625383
v -0.916295 0.096066 0.578969
v -0.917018 0.044654 0.560258
v -0.901887 -0.003997 0.580209
v -0.879766 -0.021387 0.627136
v -0.863614 0.002670 0.673550
v -0.862891 0.054083 0.692262
v -0.853005 0.074843 0.639696
v -0.821726 0.017698 0.556216
v -0.833529 0.099672 0.555201
v -0.834121 0.057554 0.539872
v -0.789780 0.065278 0.648012
v -0.802176 0.105134 0.631668
v -0.820297 0.119380 0.593224
v -0.843408 0.049322 0.654125
v 0.283376 1.375987 0.203691
v -0.868375 0.011112 0.665001
v -0.881608 -0.008596 0.626978
v -0.898301 0.107333 0.625542
v -0.880179 0.093086 0.663985
v -0.867784 0.053231 0.680330
v -0.912125 0.045506 0.572189
v -0.911533 0.087624 0.587518
v -0.899730 0.005650 0.588534
v -0.866963 0.085752 0.610063
v -0.803605 0.003451 0.594660
v -0.867897 0.024960 0.587785
v -0.877494 0.050480 0.573356
v -0.843795 0.024141 0.644898
v -0.853938 0.014050 0.617418
v -0.877107 0.075661 0.582584
v -0.790372 0.023160 0.632683
v 0.737530 0.048351 0.819415
v 0.820707 0.069737 0.770288
v 0.783601 0.054832 0.833114
v 0.776256 0.082706 0.844470
v 0.815032 0.045662 0.780660
v 0.799662 0.039488 0.806683
v 0.729522 0.090798 0.831390
v 0.813363 0.097610 0.781643
v 0.000951 0.562887 0.050588
v 0.000543 0.543439 0.313275
v 0.001314 0.560239 0.011060
v 0.001000 0.580979 0.363932
v -0.156379 0.344467 0.337922
v -0.207486 0.340686 0.392591
v -0.008794 0.338557 0.338161
v -0.026234 0.320481 0.393022
v 0.155970 0.327949 0.310402
v 0.203598 0.325052 0.375634
v 0.002320 0.325865 0.301812
v 0.021317 0.307614 0.372797
v -0.209588 -0.174598 0.350532
v -0.085255 -0.188779 0.350559
v 0.190688 -0.183440 0.293991
v 0.062242 -0.192764 0.290079
v 0.138170 0.322262 0.029816
v 0.211557 0.323398 -0.025779
v 0.005960 0.319678 0.030285
v 0.022249 0.306992 -0.025417
v -0.137436 0.326062 0.025788
v -0.213424 0.327528 -0.028081
v -0.005158 0.322782 0.026612
v -0.024722 0.307756 -0.027641
v 0.195003 -0.197440 0.011853
v 0.066470 -0.208324 0.011880
v -0.206394 -0.192541 0.004441
v -0.078276 -0.205708 0.004503
v -0.032633 1.267407 0.365874
v 0.028701 1.265494 0.371997
v -0.003600 1.228853 0.370730
v -0.003759 1.264437 0.388073
v -0.002594 1.225356 0.355305
v -0.006336 1.349171 0.424556
v -0.770671 0.158159 0.569622
v -0.742431 0.135957 0.629532
v -0.772919 -0.000304 0.511959
v -0.792229 0.061807 0.486485
v -0.724051 0.008208 0.631121
v -0.744679 -0.022506 0.571869
v -0.791298 0.127445 0.510370
v -0.723121 0.073846 0.655006
v -0.000091 0.468209 0.094210
v 0.280088 1.304510 0.243013
v 0.257796 1.298608 0.224188
v 0.257546 1.304250 0.233474
v 0.260141 1.292553 0.213378
v 0.287947 1.284218 0.206784
v 0.264135 1.287761 0.204034
v -0.204072 1.333694 0.160870
v -0.229794 1.342119 0.173261
v -0.205713 1.338907 0.170264
v -0.229713 1.324487 0.134854
v -0.204048 1.328433 0.149410
v -0.205839 1.324609 0.138999
v 0.291235 1.355694 0.167463
v 0.280900 1.353945 0.170601
v -0.201862 1.402736 0.129178
v -0.212533 1.414655 0.139997
v -0.203600 1.407968 0.138563
v -0.212452 1.397022 0.101590
v -0.201838 1.397475 0.117718
v -0.203737 1.393672 0.107297
vt 0.515582 0.408313
vt 0.423269 0.408313
vt 0.457393 0.207916
vt 0.821721 0.293195
vt 0.835745 0.282957
vt 0.871149 0.276414
vt 0.869367 0.305215
vt 0.850786 0.322923
vt 0.816885 0.295972
vt 0.807604 0.275692
vt 0.816269 0.225632
vt 0.811152 0.273008
vt 0.869367 0.267648
vt 0.834537 0.277088
vt 0.817841 0.273841
vt 0.924203 0.123578
vt 0.869469 0.155234
vt 0.904625 0.092734
vt 0.851601 0.123945
vt 0.906166 0.092442
vt 0.869790 0.155448
vt 0.945312 0.128906
vt 0.984375 0.128906
vt 0.968750 0.179688
vt 0.949219 0.125000
vt 0.933594 0.152344
vt 0.968750 0.175781
vt 0.933594 0.105469
vt 0.968750 0.078125
vt 0.984375 0.125000
vt 0.839209 0.342093
vt 0.811841 0.297203
vt 0.841069 0.244544
vt 0.977292 0.697010
vt 0.914084 0.697011
vt 0.914084 0.684062
vt 0.914084 0.671114
vt 0.977292 0.671114
vt 0.914084 0.658165
vt 0.977292 0.658165
vt 0.958206 0.763465
vt 0.921296 0.763719
vt 0.958069 0.740632
vt 0.914084 0.709959
vt 0.914084 0.722908
vt 0.977292 0.709959
vt 0.824883 0.764830
vt 0.839297 0.768219
vt 0.844007 0.747366
vt 0.853522 0.766736
vt 0.856820 0.747315
vt 0.866781 0.764902
vt 0.976918 0.683746
vt 0.914070 0.683746
vt 0.914070 0.670871
vt 0.976918 0.696620
vt 0.914071 0.696620
vt 0.976918 0.709495
vt 0.914070 0.709495
vt 0.921426 0.740679
vt 0.958443 0.740679
vt 0.921426 0.763577
vt 0.976918 0.657996
vt 0.976918 0.670871
vt 0.976918 0.645122
vt 0.914070 0.657996
vt 0.825333 0.764071
vt 0.844456 0.746607
vt 0.839746 0.767459
vt 0.857269 0.746555
vt 0.853972 0.765976
vt 0.867230 0.764142
vt 0.856897 0.242091
vt 0.826788 0.268115
vt 0.812452 0.273392
vt 0.815926 0.296870
vt 0.854058 0.309848
vt 0.811666 0.295962
vt 0.838574 0.337927
vt 0.869672 0.092937
vt 0.869672 0.155437
vt 0.904828 0.092937
vt 0.852278 0.125276
vt 0.906140 0.094178
vt 0.870232 0.156373
vt 0.829073 0.283267
vt 0.833202 0.234003
vt 0.807377 0.274464
vt 0.831985 0.294549
vt 0.815753 0.295072
vt 0.819893 0.296194
vt 0.812162 0.273942
vt 0.393541 0.207916
vt 0.545238 0.356780
vt 0.337793 0.408313
vt 0.306672 0.356291
vt 0.869469 0.092734
vt 0.904625 0.155234
vt 0.853844 0.123984
vt 0.906166 0.155448
vt 0.869790 0.092442
vt 0.924355 0.123945
vt 0.933594 0.101562
vt 0.977292 0.684062
vt 0.939545 0.729344
vt 0.939820 0.775008
vt 0.921158 0.740887
vt 0.977292 0.722908
vt 0.939934 0.775027
vt 0.939934 0.729229
vt 0.958443 0.763577
vt 0.914071 0.645122
vt 0.924203 0.124187
vt 0.854047 0.124187
vt 0.904828 0.155437
vt 0.906140 0.156373
vt 0.870232 0.094178
vt 0.924094 0.125276
vt 0.815352 0.221530
vt 0.600610 0.640393
vt 0.563144 0.641669
vt 0.511401 0.559041
vt 0.413369 0.699884
vt 0.485596 0.741589
vt 0.438669 0.748232
vt 0.583794 0.509057
vt 0.568541 0.428308
vt 0.620979 0.500699
vt 0.485596 0.795595
vt 0.485596 0.847050
vt 0.452101 0.853868
vt 0.351498 0.428308
vt 0.425983 0.428308
vt 0.371026 0.487045
vt 0.621221 0.650648
vt 0.610242 0.715008
vt 0.404851 0.502855
vt 0.069700 0.778222
vt 0.089757 0.720410
vt 0.113268 0.755418
vt 0.235956 0.414474
vt 0.276003 0.485554
vt 0.229429 0.502270
vt 0.784387 0.652457
vt 0.810493 0.678724
vt 0.779694 0.684114
vt 0.097857 0.650761
vt 0.046187 0.670974
vt 0.035853 0.626663
vt 0.147966 0.358535
vt 0.147048 0.381138
vt 0.162559 0.376941
vt 0.202537 0.650752
vt 0.225565 0.614600
vt 0.269133 0.636480
vt 0.789487 0.607994
vt 0.806837 0.583178
vt 0.451045 0.894978
vt 0.418489 0.906749
vt 0.189471 0.826487
vt 0.179884 0.798752
vt 0.203424 0.800670
vt 0.150514 0.775677
vt 0.152228 0.709466
vt 0.401880 0.787441
vt 0.441707 0.808841
vt 0.394522 0.843875
vt 0.189270 0.863048
vt 0.215167 0.828438
vt 0.172809 0.864886
vt 0.174424 0.876082
vt 0.485596 0.886722
vt 0.161943 0.834056
vt 0.151162 0.835138
vt 0.150417 0.828528
vt 0.159472 0.864570
vt 0.150371 0.868989
vt 0.141787 0.863916
vt 0.140492 0.833680
vt 0.204975 0.895400
vt 0.226562 0.870031
vt 0.455136 0.955508
vt 0.485596 0.950002
vt 0.485596 0.983580
vt 0.454996 0.923872
vt 0.422669 0.939183
vt 0.485596 0.919711
vt 0.118085 0.919252
vt 0.149794 0.929665
vt 0.085820 0.956248
vt 0.096305 0.988986
vt 0.183626 0.894249
vt 0.520340 0.854652
vt 0.058405 0.347616
vt 0.097317 0.328586
vt 0.102445 0.375425
vt 0.173815 0.502270
vt 0.135089 0.502270
vt 0.112739 0.414474
vt 0.187723 0.756728
vt 0.976891 0.321916
vt 0.966925 0.322304
vt 0.969911 0.285721
vt 0.375331 0.630113
vt 0.361123 0.712195
vt 0.691882 0.607274
vt 0.697616 0.651356
vt 0.672485 0.678625
vt 0.161905 0.377063
vt 0.147170 0.380433
vt 0.148528 0.358346
vt 0.763290 0.609012
vt 0.776775 0.578874
vt 0.552612 0.908524
vt 0.520371 0.895818
vt 0.090023 0.800772
vt 0.117136 0.804935
vt 0.113977 0.825139
vt 0.080265 0.827560
vt 0.111080 0.861614
vt 0.129291 0.863262
vt 0.126911 0.876279
vt 0.150806 0.821092
vt 0.150961 0.801158
vt 0.162751 0.801498
vt 0.177807 0.842822
vt 0.179595 0.812723
vt 0.123441 0.818428
vt 0.124572 0.840957
vt 0.135165 0.821467
vt 0.075224 0.869024
vt 0.094618 0.893940
vt 0.514865 0.956265
vt 0.513056 0.987314
vt 0.547678 0.940813
vt 0.515734 0.924616
vt 0.072822 0.908894
vt 0.536483 0.977903
vt 0.178189 0.923193
vt 0.212789 0.956732
vt 0.202074 0.988985
vt 0.116173 0.895475
vt 0.222567 0.925736
vt 0.578792 0.844341
vt 0.547586 0.873527
vt 0.560709 0.702985
vt 0.533788 0.749346
vt 0.567654 0.748371
vt 0.571362 0.785911
vt 0.531372 0.809700
vt 0.360633 0.768983
vt 0.404303 0.747051
vt 0.198883 0.414474
vt 0.081078 0.502270
vt 0.076515 0.414474
vt 0.536460 0.496019
vt 0.524726 0.520736
vt 0.451638 0.495913
vt 0.461241 0.519776
vt 0.606808 0.587159
vt 0.642173 0.605611
vt 0.255118 0.578201
vt 0.305557 0.599976
vt 0.337943 0.589937
vt 0.374641 0.576292
vt 0.005242 0.310736
vt 0.036233 0.362795
vt 0.450890 0.428308
vt 0.081469 0.606728
vt 0.054232 0.571181
vt 0.610695 0.768947
vt 0.045022 0.718762
vt 0.310540 0.559557
vt 0.638837 0.566445
vt 0.000360 0.551761
vt 0.036460 0.483037
vt 0.345878 0.550807
vt 0.253872 0.684431
vt 0.249163 0.734524
vt 0.205115 0.725914
vt 0.219609 0.782051
vt 0.950001 0.319193
vt 0.942217 0.326603
vt 0.941528 0.313102
vt 0.793141 0.162151
vt 0.773695 0.111849
vt 0.840089 0.141315
vt 0.840999 0.113528
vt 0.821552 0.163829
vt 0.794051 0.092692
vt 0.151475 0.650761
vt 0.416609 0.110406
vt 0.416782 0.096004
vt 0.432085 0.095916
vt 0.403100 0.107531
vt 0.403342 0.097052
vt 0.415209 0.081390
vt 0.432085 0.079229
vt 0.400625 0.085836
vt 0.410530 0.062329
vt 0.392932 0.073965
vt 0.432085 0.059859
vt 0.402443 0.036707
vt 0.382940 0.067095
vt 0.399150 0.199248
vt 0.398029 0.169804
vt 0.432085 0.169755
vt 0.407964 0.142735
vt 0.379351 0.136699
vt 0.390968 0.129855
vt 0.399466 0.118253
vt 0.413349 0.125000
vt 0.432085 0.129090
vt 0.377302 0.101208
vt 0.443162 0.059782
vt 0.443162 0.169421
vt 0.443162 0.188330
vt 0.443162 0.129966
vt 0.443162 0.148329
vt 0.443162 0.078633
vt 0.432085 0.112155
vt 0.443162 0.112897
vt 0.443162 0.096049
vt 0.432085 0.037148
vt 0.443162 0.041281
vt 0.432085 0.147284
vt 0.055003 0.237468
vt 0.042427 0.291330
vt 0.072093 0.306103
vt 0.103225 0.236892
vt 0.126171 0.236051
vt 0.118261 0.306806
vt 0.096436 0.307473
vt 0.101471 0.238845
vt 0.086083 0.237777
vt 0.147555 0.305035
vt 0.148957 0.239468
vt 0.124655 0.237243
vt 0.166984 0.304519
vt 0.163265 0.238975
vt 0.178765 0.196553
vt 0.186293 0.176953
vt 0.162376 0.172749
vt 0.104828 0.181375
vt 0.091609 0.173696
vt 0.090636 0.195748
vt 0.141486 0.173827
vt 0.123868 0.175143
vt 0.123057 0.196181
vt 0.161839 0.202881
vt 0.071457 0.172485
vt 0.096386 0.115801
vt 0.125105 0.102151
vt 0.106910 0.116258
vt 0.159638 0.082473
vt 0.143250 0.082268
vt 0.127395 0.054218
vt 0.362071 0.970259
vt 0.347014 0.925006
vt 0.332287 0.933908
vt 0.077581 0.098340
vt 0.098950 0.055198
vt 0.112576 0.057088
vt 0.314976 0.934423
vt 0.293151 0.925870
vt 0.287277 0.970469
vt 0.333728 0.976048
vt 0.113857 0.016824
vt 0.096660 0.013240
vt 0.944586 0.337551
vt 0.958582 0.339862
vt 0.974466 0.279216
vt 0.338492 0.876139
vt 0.325894 0.874731
vt 0.316037 0.875129
vt 0.300658 0.879122
vt 0.975674 0.332384
vt 0.279298 0.910196
vt 0.242489 0.970469
vt 0.370531 0.907609
vt 0.344550 0.867260
vt 0.411292 0.972359
vt 0.326462 0.859984
vt 0.311503 0.863948
vt 0.297879 0.876612
vt 0.969955 0.615576
vt 0.958705 0.618417
vt 0.960731 0.593687
vt 0.236967 0.067930
vt 0.231483 0.050802
vt 0.236178 0.047194
vt 0.236825 0.178808
vt 0.242177 0.180219
vt 0.235761 0.199831
vt 0.924213 0.476287
vt 0.919119 0.451251
vt 0.939486 0.456817
vt 0.920614 0.493450
vt 0.910930 0.491130
vt 0.910228 0.479513
vt 0.240536 0.123447
vt 0.240587 0.104571
vt 0.246889 0.104223
vt 0.931211 0.596880
vt 0.943661 0.595339
vt 0.946010 0.619923
vt 0.239475 0.086035
vt 0.245465 0.085504
vt 0.240587 0.142318
vt 0.246730 0.142433
vt 0.245219 0.161280
vt 0.239434 0.160769
vt 0.886438 0.585193
vt 0.881545 0.579887
vt 0.889654 0.579416
vt 0.247435 0.123301
vt 0.242496 0.066716
vt 0.955132 0.450733
vt 0.955583 0.478892
vt 0.935661 0.434174
vt 0.970232 0.592579
vt 0.960483 0.576263
vt 0.906330 0.441411
vt 0.917300 0.436575
vt 0.954711 0.547622
vt 0.967215 0.548987
vt 0.930349 0.579043
vt 0.943862 0.577366
vt 0.915935 0.583082
vt 0.909155 0.572976
vt 0.917215 0.570351
vt 0.953007 0.432846
vt 0.964146 0.518435
vt 0.965838 0.457192
vt 0.973909 0.465502
vt 0.962402 0.511136
vt 0.946716 0.515864
vt 0.906140 0.416793
vt 0.914776 0.413098
vt 0.964235 0.440413
vt 0.987619 0.427498
vt 0.989923 0.433347
vt 0.966429 0.436187
vt 0.931406 0.551306
vt 0.942067 0.547860
vt 0.922163 0.545317
vt 0.960890 0.432467
vt 0.946886 0.403377
vt 0.954706 0.406608
vt 0.993884 0.437966
vt 0.958312 0.403133
vt 0.964330 0.427488
vt 0.932058 0.405894
vt 0.926894 0.520886
vt 0.937212 0.516427
vt 0.933562 0.511144
vt 0.911215 0.388428
vt 0.948463 0.382654
vt 0.908099 0.457685
vt 0.946912 0.508002
vt 0.941276 0.375361
vt 0.886735 0.573977
vt 0.918617 0.599253
vt 0.105872 0.198437
vt 0.108204 0.180616
vt 0.126970 0.175066
vt 0.125641 0.195637
vt 0.225120 0.141512
vt 0.225422 0.123226
vt 0.481725 0.078092
vt 0.471037 0.059593
vt 0.518092 0.060629
vt 0.957715 0.303401
vt 0.957715 0.265599
vt 0.972329 0.265599
vt 0.463825 0.034417
vt 0.518092 0.042519
vt 0.221578 0.175076
vt 0.224046 0.158754
vt 0.518092 0.185920
vt 0.463145 0.192836
vt 0.464807 0.168208
vt 0.217207 0.190474
vt 0.518092 0.168113
vt 0.486276 0.147788
vt 0.225454 0.105004
vt 0.222156 0.071705
vt 0.217719 0.056479
vt 0.518092 0.149936
vt 0.493611 0.131492
vt 0.224580 0.087880
vt 0.492244 0.114040
vt 0.518092 0.114747
vt 0.492132 0.096112
vt 0.518092 0.078442
vt 0.518092 0.096880
vt 0.952426 0.314270
vt 0.952426 0.276457
vt 0.967045 0.276457
vt 0.687500 0.167969
vt 0.687500 0.144531
vt 0.707031 0.144531
vt 0.718750 0.144531
vt 0.718750 0.167969
vt 0.687500 0.195312
vt 0.705078 0.167969
vt 0.718750 0.195312
vt 0.730469 0.195312
vt 0.750000 0.195312
vt 0.750000 0.167969
vt 0.730469 0.167969
vt 0.730469 0.144531
vt 0.750000 0.144531
vt 0.705078 0.195312
vt 0.705078 0.218750
vt 0.707031 0.117188
vt 0.730469 0.218750
vt 0.730469 0.117188
vt 0.183246 0.241715
vt 0.192866 0.301574
vt 0.167296 0.303350
vt 0.182834 0.241980
vt 0.180768 0.227848
vt 0.146226 0.203328
vt 0.150083 0.238778
vt 0.055657 0.236217
vt 0.085849 0.238141
vt 0.073197 0.304858
vt 0.164611 0.173864
vt 0.160513 0.081914
vt 0.182104 0.102769
vt 0.095520 0.305905
vt 0.147935 0.304029
vt 0.164152 0.238523
vt 0.180006 0.197431
vt 0.163386 0.203210
vt 0.090946 0.195551
vt 0.091476 0.173493
vt 0.144242 0.174343
vt 0.071926 0.171668
vt 0.078425 0.097589
vt 0.096308 0.115159
vt 0.108542 0.115481
vt 0.126495 0.102359
vt 0.144596 0.081239
vt 0.128469 0.055146
vt 0.360049 0.970398
vt 0.331636 0.975693
vt 0.330867 0.933549
vt 0.099696 0.054826
vt 0.938915 0.277992
vt 0.932892 0.321108
vt 0.112899 0.056844
vt 0.078107 0.053600
vt 0.175869 0.059691
vt 0.181815 0.103035
vt 0.285297 0.969282
vt 0.291853 0.924826
vt 0.313549 0.933763
vt 0.098354 0.011885
vt 0.113390 0.016169
vt 0.966150 0.280866
vt 0.940878 0.337738
vt 0.927453 0.332912
vt 0.325381 0.874267
vt 0.337954 0.875898
vt 0.948281 0.209311
vt 0.300083 0.878213
vt 0.315519 0.874491
vt 0.958908 0.333480
vt 0.240485 0.968499
vt 0.278248 0.908900
vt 0.344148 0.867126
vt 0.369509 0.907930
vt 0.345726 0.924902
vt 0.326174 0.859533
vt 0.297343 0.875654
vt 0.311158 0.863233
vt 0.061506 0.225125
vt 0.181404 0.227922
vt 0.108757 0.197329
vt 0.118464 0.307888
vt 0.067965 0.192735
vt 0.068437 0.193000
vt 0.173970 0.349867
vt 0.123058 0.345415
vt 0.098659 0.328827
vt 0.194270 0.336883
vt 0.192830 0.303438
vt 0.176602 0.350559
vt 0.123340 0.345098
vt 0.194761 0.336001
vt 0.018038 0.311011
vt 0.043163 0.291219
vt 0.302208 0.080140
vt 0.302208 0.101915
vt 0.302208 0.166815
vt 0.302208 0.033890
vt 0.302208 0.057502
vt 0.302208 0.123460
vt 0.350303 0.060686
vt 0.350303 0.081304
vt 0.350303 0.102228
vt 0.302208 0.145009
vt 0.350303 0.144749
vt 0.302208 0.189515
vt 0.350303 0.165691
vt 0.350303 0.123486
vt 0.302208 0.213213
vt 0.350303 0.186343
vt 0.350303 0.040741
vt 0.287615 0.262137
vt 0.282882 0.286281
vt 0.259440 0.272715
vt 0.244616 0.299577
vt 0.256511 0.273750
vt 0.258207 0.273998
vt 0.246367 0.234043
vt 0.273778 0.239237
vt 0.258356 0.269532
vt 0.265648 0.299349
vt 0.227843 0.282461
vt 0.255566 0.272247
vt 0.226659 0.255009
vt 0.255812 0.270472
vt 0.256909 0.269410
vt 0.259429 0.270851
vt 0.943197 0.495396
vt 0.943789 0.479266
vt 0.956785 0.628473
vt 0.943649 0.629880
vt 0.967685 0.628820
vt 0.930728 0.493717
vt 0.931660 0.631347
vt 0.927821 0.616977
vt 0.208134 0.286460
vt 0.216741 0.282895
vt 0.239587 0.305742
vt 0.275461 0.219133
vt 0.271897 0.227740
vt 0.239587 0.227740
vt 0.208134 0.247021
vt 0.216741 0.250586
vt 0.236022 0.219133
vt 0.303349 0.286460
vt 0.294743 0.282895
vt 0.294743 0.250586
vt 0.275461 0.314348
vt 0.271897 0.305742
vt 0.303349 0.247021
vt 0.236022 0.314348
vt 0.467277 0.559041
vt 0.432656 0.669265
vt 0.537077 0.669265
vt 0.412058 0.633630
vt 0.951774 0.379647
vt 0.955072 0.494989
vt 0.963098 0.482826
vt 0.917444 0.388734
vt 0.928123 0.378103
vt 0.140992 0.793445
vt 0.151121 0.793856
vt 0.162500 0.794579
vt 0.150133 0.874538
vt 0.140615 0.801042
vt 0.160682 0.827582
vt 0.163648 0.821942
vt 0.173882 0.808539
vt 0.162714 0.829942
vt 0.424429 0.871871
vt 0.150117 0.897444
vt 0.433027 0.976570
vt 0.456244 0.986586
vt 0.197111 0.349238
vt 0.194190 0.335714
vt 0.197718 0.348949
vt 0.914084 0.645217
vt 0.977292 0.645217
vt 0.879225 0.763246
vt 0.869386 0.745579
vt 0.831676 0.743044
vt 0.814197 0.753291
vt 0.891881 0.757492
vt 0.880176 0.742765
vt 0.845098 0.689349
vt 0.834527 0.691789
vt 0.175968 0.807494
vt 0.847049 0.612241
vt 0.880123 0.692987
vt 0.867754 0.691693
vt 0.856547 0.688458
vt 0.836278 0.614229
vt 0.845547 0.507370
vt 0.875670 0.614025
vt 0.856396 0.610757
vt 0.865864 0.612196
vt 0.844840 0.442350
vt 0.835801 0.435531
vt 0.877152 0.506307
vt 0.866591 0.508960
vt 0.856378 0.509694
vt 0.875385 0.435622
vt 0.864591 0.435531
vt 0.856110 0.441949
vt 0.036821 0.364526
vt 0.535887 0.428308
vt 0.717355 0.605409
vt 0.704446 0.578728
vt 0.641198 0.428308
vt 0.193732 0.381532
vt 0.100606 0.375047
vt 0.763998 0.661924
vt 0.702150 0.684115
vt 0.813421 0.546048
vt 0.807173 0.583810
vt 0.810573 0.678467
vt 0.820938 0.715190
vt 0.788008 0.725447
vt 0.673798 0.583810
vt 0.667550 0.546048
vt 0.741226 0.725447
vt 0.694445 0.725447
vt 0.661514 0.715189
vt 0.671880 0.678467
vt 0.740485 0.538610
vt 0.783613 0.538610
vt 0.642010 0.350091
vt 0.573670 0.350091
vt 0.571007 0.311832
vt 0.645250 0.308170
vt 0.642558 0.346427
vt 0.574219 0.346369
vt 0.718863 0.657333
vt 0.955139 0.332361
vt 0.945892 0.336212
vt 0.945249 0.321141
vt 0.935410 0.321936
vt 0.933401 0.286751
vt 0.942706 0.285788
vt 0.959069 0.330150
vt 0.961417 0.317632
vt 0.968959 0.318930
vt 0.964747 0.327199
vt 0.965699 0.319341
vt 0.973219 0.321109
vt 0.674110 0.583612
vt 0.982727 0.293691
vt 0.973429 0.292607
vt 0.971335 0.220308
vt 0.939079 0.328912
vt 0.937896 0.293612
vt 0.946399 0.292574
vt 0.571472 0.308132
vt 0.560980 0.223813
vt 0.655265 0.223760
vt 0.644785 0.311856
vt 0.561065 0.227134
vt 0.970465 0.329207
vt 0.949138 0.329143
vt 0.945806 0.322304
vt 0.980982 0.329021
vt 0.978430 0.286653
vt 0.967180 0.213389
vt 0.948984 0.220308
vt 0.580611 0.049169
vt 0.634433 0.049217
vt 0.944954 0.213381
vt 0.582025 0.045675
vt 0.079458 0.052663
vt 0.931310 0.273187
vt 0.951434 0.207210
vt 0.918537 0.314578
vt 0.976918 0.722370
vt 0.914070 0.722370
vt 0.869835 0.744819
vt 0.879674 0.762487
vt 0.832125 0.742285
vt 0.814646 0.752532
vt 0.880625 0.742005
vt 0.834975 0.691030
vt 0.845546 0.688590
vt 0.836725 0.613470
vt 0.847496 0.611482
vt 0.868203 0.690933
vt 0.880571 0.692227
vt 0.856995 0.687698
vt 0.835298 0.505926
vt 0.845994 0.506610
vt 0.866312 0.611437
vt 0.876117 0.613266
vt 0.856844 0.609998
vt 0.836246 0.434772
vt 0.845286 0.441590
vt 0.867037 0.508201
vt 0.877598 0.505547
vt 0.856825 0.508935
vt 0.865037 0.434771
vt 0.875830 0.434862
vt 0.856556 0.441189
vt 0.432085 0.098450
vt 0.417068 0.098601
vt 0.416668 0.112575
vt 0.403557 0.099187
vt 0.403249 0.109863
vt 0.432085 0.081701
vt 0.415071 0.083950
vt 0.400662 0.088260
vt 0.432085 0.062232
vt 0.410459 0.064810
vt 0.392962 0.076511
vt 0.432085 0.039282
vt 0.402230 0.039076
vt 0.382957 0.069742
vt 0.432085 0.196361
vt 0.432085 0.171721
vt 0.397590 0.171235
vt 0.432085 0.149379
vt 0.407683 0.144683
vt 0.391191 0.131889
vt 0.379758 0.138498
vt 0.414098 0.126959
vt 0.399649 0.120892
vt 0.432085 0.131175
vt 0.377747 0.103670
vt 0.443162 0.081106
vt 0.443162 0.062148
vt 0.443162 0.190511
vt 0.443162 0.171649
vt 0.443162 0.150619
vt 0.443162 0.132297
vt 0.443162 0.098587
vt 0.443162 0.115437
vt 0.432085 0.114601
vt 0.443162 0.043461
vt 0.967565 0.618067
vt 0.969229 0.595111
vt 0.959686 0.595597
vt 0.237802 0.069711
vt 0.243332 0.068497
vt 0.237016 0.048975
vt 0.236582 0.201611
vt 0.243001 0.182000
vt 0.237648 0.180589
vt 0.923575 0.476105
vt 0.944224 0.478793
vt 0.939503 0.455898
vt 0.908872 0.477993
vt 0.911109 0.489749
vt 0.241365 0.125228
vt 0.248265 0.125083
vt 0.247720 0.106004
vt 0.943767 0.620282
vt 0.942653 0.596201
vt 0.930173 0.597133
vt 0.241418 0.106351
vt 0.246299 0.087286
vt 0.246044 0.163061
vt 0.247557 0.144215
vt 0.241415 0.144099
vt 0.240260 0.162550
vt 0.885827 0.583058
vt 0.889321 0.577435
vt 0.881165 0.577474
vt 0.956151 0.619950
vt 0.240309 0.087816
vt 0.956464 0.478218
vt 0.955224 0.449622
vt 0.919012 0.450027
vt 0.935684 0.433136
vt 0.960371 0.578203
vt 0.906496 0.440015
vt 0.907930 0.456062
vt 0.968511 0.551315
vt 0.956064 0.549213
vt 0.943721 0.578321
vt 0.930129 0.579248
vt 0.917392 0.569825
vt 0.909183 0.572020
vt 0.915503 0.582518
vt 0.952971 0.431759
vt 0.966992 0.520541
vt 0.949667 0.516953
vt 0.974262 0.463859
vt 0.966060 0.455860
vt 0.965615 0.513130
vt 0.950262 0.509090
vt 0.917384 0.435376
vt 0.915016 0.412109
vt 0.906467 0.415725
vt 0.989536 0.431731
vt 0.987168 0.425987
vt 0.964200 0.439193
vt 0.966326 0.434958
vt 0.943397 0.548717
vt 0.932552 0.551553
vt 0.923595 0.545025
vt 0.960802 0.431321
vt 0.954584 0.405710
vt 0.946830 0.402524
vt 0.993537 0.436227
vt 0.964186 0.426358
vt 0.958146 0.402260
vt 0.929563 0.520831
vt 0.940121 0.516964
vt 0.936733 0.511462
vt 0.911546 0.387705
vt 0.948374 0.382010
vt 0.941262 0.374805
vt 0.932141 0.405019
vt 0.917450 0.598878
vt 0.886647 0.571824
vt 0.226252 0.125005
vt 0.225947 0.143291
vt 0.518092 0.063722
vt 0.471525 0.062107
vt 0.482149 0.080886
vt 0.940864 0.301717
vt 0.965812 0.312788
vt 0.951198 0.274987
vt 0.518092 0.045422
vt 0.464379 0.036562
vt 0.224872 0.160533
vt 0.222402 0.176855
vt 0.518092 0.189773
vt 0.518092 0.171943
vt 0.463858 0.170897
vt 0.218029 0.192252
vt 0.518092 0.153718
vt 0.485691 0.150934
vt 0.226286 0.106783
vt 0.232320 0.052582
vt 0.218556 0.058257
vt 0.518092 0.135860
vt 0.493341 0.134753
vt 0.225413 0.089659
vt 0.222991 0.073484
vt 0.518092 0.118384
vt 0.492264 0.117242
vt 0.518092 0.081733
vt 0.492413 0.099177
vt 0.518092 0.100362
vt 0.948543 0.260236
vt 0.938206 0.286974
vt 0.973498 0.271311
vt 0.461736 0.195420
vt 0.302208 0.103704
vt 0.302208 0.081929
vt 0.302208 0.215002
vt 0.302208 0.191304
vt 0.302208 0.059291
vt 0.302208 0.035679
vt 0.302208 0.146797
vt 0.302208 0.125249
vt 0.302208 0.168604
vt 0.286950 0.262379
vt 0.260238 0.269946
vt 0.260221 0.273276
vt 0.258003 0.275554
vt 0.254970 0.275093
vt 0.243533 0.299853
vt 0.246163 0.233939
vt 0.255743 0.267301
vt 0.258341 0.267554
vt 0.282218 0.286399
vt 0.253280 0.272386
vt 0.226760 0.282234
vt 0.253743 0.269194
vt 0.226074 0.254512
vt 0.273255 0.239709
vt 0.954860 0.495092
vt 0.954446 0.631129
vt 0.966399 0.631004
vt 0.943533 0.495024
vt 0.931067 0.494115
vt 0.925949 0.617134
vt 0.929268 0.632004
vt 0.272022 0.306007
vt 0.294868 0.283161
vt 0.303474 0.286726
vt 0.272022 0.228005
vt 0.239712 0.228005
vt 0.236147 0.219399
vt 0.294868 0.250851
vt 0.275586 0.219399
vt 0.216866 0.250851
vt 0.216866 0.283161
vt 0.208260 0.286726
vt 0.239712 0.306007
vt 0.236147 0.314613
vt 0.208260 0.247286
vt 0.275587 0.314613
vt 0.964214 0.481518
vt 0.917702 0.388022
vt 0.144278 0.203434
vt 0.187735 0.178568
vt 0.953265 0.293962
vt 0.953265 0.279268
vt 0.976677 0.268878
vt 0.961107 0.306455
vt 0.974822 0.306455
vt 0.984519 0.281371
vt 0.064121 0.222841
vt 0.177601 0.060533
vt 0.193113 0.381667
vt 0.951520 0.319953
vt 0.944770 0.321619
vt 0.943417 0.289413
vt 0.963228 0.311947
vt 0.964415 0.281977
vt 0.971331 0.281406
vt 0.697358 0.538610
vt 0.684148 0.460993
vt 0.740195 0.460994
vt 0.950332 0.289984
vt 0.969213 0.289569
vt 0.740776 0.460994
vt 0.949048 0.311334
vt 0.945534 0.281562
vt 0.937323 0.280938
vt 0.740706 0.288486
vt 0.779171 0.288486
vt 0.948553 0.210221
vt 0.964262 0.210221
vt 0.977424 0.288945
vt 0.966194 0.218227
vt 0.701800 0.288486
vt 0.950486 0.218227
vt 0.966033 0.320195
vt 0.966839 0.285870
vt 0.972987 0.285794
vt 0.948175 0.317984
vt 0.943425 0.319362
vt 0.941221 0.283583
vt 0.964317 0.283447
vt 0.799871 0.812007
vt 0.741560 0.812007
vt 0.947368 0.283659
vt 0.740892 0.812007
vt 0.740958 0.985546
vt 0.701334 0.985546
vt 0.952791 0.319843
vt 0.949891 0.285658
vt 0.940294 0.285534
vt 0.950489 0.214085
vt 0.781117 0.985546
vt 0.947520 0.211874
vt 0.963719 0.211874
vt 0.966688 0.214085
vt 0.973914 0.283323
vt 0.313767 0.553276
vt 0.003270 0.590317
vt 0.339160 0.819788
vt 0.630777 0.818111
vt 0.350303 0.083099
vt 0.350303 0.062481
vt 0.350303 0.104022
vt 0.350303 0.167486
vt 0.350303 0.146543
vt 0.350303 0.188138
vt 0.350303 0.125281
vt 0.350303 0.208129
vt 0.350303 0.042536
vt 0.080557 0.386659
vt 0.053556 0.392069
vt 0.354402 0.638504
vt 0.669860 0.572995
vt 0.820642 0.091014
vt 0.840089 0.111849
vt 0.820642 0.162151
vt 0.773695 0.141315
vt 0.793141 0.091014
vt 0.774604 0.142993
vt 0.774604 0.113528
vt 0.821552 0.092693
vt 0.840998 0.142994
vt 0.794050 0.163829
vt 0.432085 0.194471
vt 0.315987 0.977359
vt 0.231213 0.195943
vt 0.971156 0.575129
vt 0.924527 0.516736
vt 0.982663 0.276671
vt 0.982663 0.292329
vt 0.972329 0.303401
vt 0.947381 0.292329
vt 0.947381 0.276671
vt 0.518092 0.132140
vt 0.977381 0.287532
vt 0.977381 0.303195
vt 0.967045 0.314270
vt 0.942089 0.303195
vt 0.942089 0.287532
vt 0.313882 0.976700
vt 0.966121 0.205541
vt 0.409241 0.973412
vt 0.174066 0.350103
vt 0.350303 0.206334
vt 0.965379 0.496987
vt 0.834852 0.506685
vt 0.018153 0.311823
vt 0.005602 0.311284
vt 0.053233 0.392514
vt 0.080132 0.386796
vt 0.968317 0.334001
vt 0.972530 0.334609
vt 0.655350 0.227266
vt 0.635847 0.045673
vt 0.969612 0.206742
vt 0.892330 0.756732
vt 0.398954 0.200371
vt 0.232035 0.197723
vt 0.920244 0.492567
vt 0.971099 0.577718
vt 0.927402 0.516538
vt 0.928260 0.377519
vt 0.976146 0.286059
vt 0.965812 0.274987
vt 0.940864 0.286059
vt 0.951198 0.312788
vt 0.976146 0.301717
vt 0.963161 0.298049
vt 0.973498 0.286974
vt 0.963161 0.260236
vt 0.938206 0.271311
vt 0.948543 0.298049
vt 0.264849 0.299432
vt 0.941145 0.631450
vt 0.303474 0.247286
vt 0.951646 0.379030
vt 0.965031 0.496499
vt 0.986375 0.279268
vt 0.986375 0.293962
vt 0.976677 0.304352
vt 0.962962 0.304352
vt 0.962963 0.268878
vt 0.974822 0.270981
vt 0.951410 0.296065
vt 0.961107 0.270981
vt 0.951410 0.281371
vt 0.984519 0.296065
vt 0.969977 0.313612
vt 0.796822 0.460994
vt 0.740265 0.288486
vt 0.970783 0.321573
vt 0.682581 0.812007
vt 0.741494 0.985546
vn -0.178700 -0.241500 0.953800
vn 0.178100 0.630300 0.755700
vn -0.016200 -0.047900 -0.998700
vn -0.841400 0.372700 -0.391300
vn -0.189700 0.885500 0.424200
vn 0.466500 -0.450300 -0.761300
vn -0.466500 0.450300 0.761300
vn 0.466500 -0.450400 -0.761300
vn -0.466600 0.450300 0.761300
vn -0.830000 0.341000 -0.441300
vn -0.840100 0.453200 -0.298000
vn 0.356400 0.806300 0.472100
vn 0.983800 0.097000 0.150700
vn 0.627400 -0.709300 -0.321400
vn -0.087400 -0.474300 0.876000
vn -0.627400 0.709300 0.321400
vn -0.983800 -0.097000 -0.150700
vn -0.425500 0.848400 -0.314800
vn 0.324400 0.906100 -0.271700
vn 0.962200 0.239800 -0.129300
vn -0.414000 0.817100 0.401100
vn -0.991500 0.126100 -0.031000
vn -0.577400 -0.692500 -0.432600
vn -0.090300 -0.477700 0.873900
vn 0.577700 0.692300 0.432500
vn 0.991700 -0.124900 0.031400
vn 0.521300 0.839000 -0.155700
vn -0.249000 0.939700 -0.234600
vn -0.976500 0.175200 -0.125400
vn 0.156200 -0.435200 -0.886700
vn -0.726600 0.623800 -0.287900
vn 0.988300 0.054100 0.142600
vn 0.958700 0.259400 -0.117100
vn -0.407300 0.309300 -0.859300
vn 0.407300 -0.309300 0.859300
vn -0.297200 0.814000 -0.499000
vn 0.977200 0.079000 -0.197200
vn 0.981700 0.055000 0.182100
vn 0.987700 0.037900 0.151500
vn 0.357000 -0.458200 -0.814000
vn -0.974900 0.182700 -0.126900
vn -0.957800 0.106000 -0.267200
vn 0.034500 -0.457600 -0.888500
vn 0.935800 0.352500 0.005600
vn -0.296500 0.790300 -0.536100
vn 0.529100 0.779000 -0.336300
vn 0.535900 0.757000 -0.373900
vn -0.273200 0.812800 -0.514500
vn 0.510500 0.781900 -0.357900
vn -0.914300 0.025900 -0.404100
vn -0.548700 0.422200 0.721600
vn -0.977400 0.191400 -0.089900
vn 0.984800 -0.096300 -0.144400
vn 0.166100 0.407200 0.898100
vn 0.999600 -0.025600 0.013900
vn -0.228700 -0.246100 0.941900
vn -0.356900 -0.180300 0.916600
vn -0.196100 -0.252800 0.947400
vn -0.110600 -0.234400 0.965800
vn 0.264800 0.515300 0.815100
vn 0.128600 0.098500 -0.986800
vn -0.351300 0.790100 0.502300
vn -0.794400 0.331000 -0.509300
vn -0.849400 0.390900 -0.354700
vn 0.319600 0.912400 -0.255800
vn -0.991700 0.124900 -0.031400
vn -0.577700 -0.692200 -0.432600
vn -0.089500 -0.470300 0.878000
vn -0.253900 0.927300 -0.275100
vn -0.124300 -0.150200 -0.980800
vn -0.834200 0.382200 -0.397600
vn 0.653100 0.454800 0.605500
vn 0.889500 0.063100 -0.452600
vn 0.986400 0.042700 0.158800
vn 0.157600 -0.415900 -0.895600
vn -0.974900 0.177600 -0.134100
vn -0.957800 0.106000 -0.267100
vn -0.183500 -0.467300 -0.864800
vn -0.910800 0.022400 -0.412300
vn -0.344200 0.491300 0.800100
vn 0.986400 -0.093700 -0.135300
vn 0.373600 0.311700 0.873600
vn -0.826000 0.107700 -0.553200
vn -0.704300 0.064800 -0.706900
vn -0.264300 -0.520900 -0.811700
vn 0.440200 0.773900 -0.455300
vn 0.158400 0.611400 -0.775300
vn 0.212100 0.590000 -0.779000
vn -0.717100 -0.140100 -0.682700
vn -0.569500 0.703000 -0.425900
vn -0.962600 -0.190800 -0.192400
vn 0.070800 0.640400 -0.764800
vn 0.089600 0.090200 -0.991900
vn 0.736900 0.064400 -0.672900
vn 0.481600 0.739500 0.470200
vn 0.580200 0.743900 -0.331600
vn 0.971300 -0.176500 0.159400
vn -0.913600 0.257700 -0.314500
vn -0.604400 0.555900 -0.570600
vn 0.926200 -0.139900 -0.350000
vn -0.011300 0.941800 -0.335900
vn 0.139000 0.872200 0.468900
vn -0.777700 0.429800 0.458700
vn 0.630200 -0.209500 0.747600
vn 0.686300 0.646600 -0.333000
vn 0.195900 0.668500 -0.717400
vn -0.221800 0.229900 0.947600
vn -0.694500 0.489200 0.527500
vn -0.957200 0.128900 0.259000
vn 0.531800 -0.200300 0.822800
vn 0.055100 -0.643500 0.763400
vn 0.708600 -0.702600 0.064100
vn -0.157500 0.357200 0.920700
vn 0.324500 -0.106700 0.939800
vn 0.806600 0.043200 0.589500
vn 0.606000 0.625600 0.491300
vn 0.765400 -0.116600 -0.632900
vn 0.975400 -0.206700 -0.076400
vn 0.902100 -0.414700 0.118900
vn 0.847600 -0.448700 0.283200
vn 0.915700 -0.209400 -0.342900
vn -0.072800 -0.774300 0.628600
vn -0.115900 0.520700 0.845800
vn 0.099200 0.795600 -0.597600
vn 0.446500 0.789000 -0.422000
vn 0.689400 0.484700 0.538300
vn 0.884600 -0.183700 0.428500
vn 0.602200 -0.416100 0.681300
vn 0.479200 -0.559900 0.675900
vn 0.088100 -0.169200 -0.981600
vn 0.599400 0.113800 0.792300
vn -0.073200 -0.595400 0.800000
vn -0.110700 -0.672700 0.731600
vn 0.437600 -0.526900 0.728600
vn -0.071700 -0.723100 0.687000
vn -0.585700 -0.497100 0.640100
vn -0.638800 -0.247300 0.728500
vn 0.908900 0.112100 0.401700
vn 0.997500 0.057900 0.039300
vn 0.693200 0.661600 -0.286000
vn 0.062500 0.832100 -0.551000
vn 0.013400 0.999900 0.007500
vn 0.777800 0.242000 -0.580000
vn 0.089500 0.407700 -0.908700
vn -0.531500 0.743200 0.406300
vn -0.052700 0.728000 0.683500
vn -0.301500 0.947100 0.109400
vn 0.581600 0.127700 0.803300
vn -0.611600 0.058800 -0.788900
vn 0.032000 -0.447600 -0.893600
vn -0.509600 0.254700 -0.821800
vn -0.121500 -0.508000 -0.852700
vn -0.020000 -0.148000 0.988800
vn -0.424200 -0.103800 0.899600
vn -0.162300 0.641100 0.750100
vn -0.832600 -0.018700 -0.553500
vn 0.854000 -0.201200 -0.479700
vn 0.980900 -0.047800 -0.188600
vn 0.833500 0.426300 -0.351500
vn -0.462800 0.771800 0.435900
vn -0.652200 0.655700 -0.380300
vn -0.623700 -0.775300 0.099200
vn -0.066400 -0.624700 0.778000
vn -0.528400 -0.184100 0.828800
vn 0.082300 0.606800 0.790600
vn 0.098700 0.559400 0.823000
vn -0.949000 -0.179800 -0.259000
vn -0.639400 -0.097700 -0.762600
vn -0.845300 -0.226400 -0.483900
vn -0.876600 -0.480800 0.019200
vn -0.909000 -0.406600 -0.091500
vn -0.953000 -0.155500 0.260100
vn -0.728000 -0.397300 0.558700
vn -0.610200 -0.544600 0.575400
vn -0.102900 -0.310500 0.945000
vn -0.070200 -0.781000 0.620600
vn 0.593100 -0.548800 0.589100
vn 0.581100 -0.356800 0.731400
vn 0.896500 0.016600 0.442700
vn -0.870600 -0.364400 0.330400
vn -0.755100 -0.187800 0.628100
vn -0.643500 -0.267100 0.717300
vn -0.985900 0.086100 -0.143300
vn -0.963500 0.138400 0.229000
vn -0.610500 0.680000 -0.406200
vn -0.651600 0.262200 -0.711800
vn -0.865100 0.485700 0.125100
vn 0.468900 0.729100 0.498600
vn 0.302700 0.938600 0.165100
vn -0.714900 0.146000 0.683800
vn 0.840900 0.461600 0.282400
vn -0.145000 0.818100 -0.556400
vn 0.215700 0.655400 -0.723700
vn 0.036700 0.705900 -0.707400
vn -0.308300 0.853700 -0.419700
vn 0.697900 0.649100 -0.302600
vn 0.300900 0.548400 -0.780200
vn -0.907600 -0.205600 0.366000
vn -0.247100 -0.144800 -0.958100
vn -0.314800 -0.514300 -0.797700
vn 0.472800 -0.156800 -0.867100
vn 0.476100 -0.636400 -0.606800
vn -0.701600 -0.392200 -0.594800
vn -0.936500 -0.162700 -0.310500
vn 0.566000 -0.576500 0.589300
vn 0.839300 -0.423200 0.341100
vn 0.938900 -0.340000 0.053200
vn 0.827000 -0.503700 -0.249700
vn 0.003300 -0.889600 0.456800
vn -0.067300 -0.648500 -0.758100
vn 0.224400 0.590300 -0.775300
vn -0.697300 -0.088200 0.711300
vn -0.819400 -0.506700 0.268000
vn -0.544800 0.739800 -0.394700
vn -0.461000 0.867500 0.187100
vn 0.761700 -0.639800 0.102500
vn -0.842600 -0.444000 -0.304600
vn 0.533600 0.503700 0.679400
vn 0.490900 0.821400 0.290200
vn -0.190700 0.918500 0.346400
vn 0.712900 -0.015800 0.701000
vn 0.467000 -0.190100 0.863600
vn 0.992600 0.106500 -0.058500
vn -0.181200 0.176900 0.967400
vn -0.435900 -0.458400 0.774500
vn 0.125100 -0.899000 0.419600
vn -0.735700 -0.503000 0.453500
vn -0.471600 -0.440200 0.764100
vn -0.568300 -0.819500 -0.073500
vn 0.717900 -0.680600 -0.146100
vn 0.242600 -0.561400 0.791100
vn -0.417200 -0.708700 -0.568800
vn 0.595900 -0.185400 -0.781300
vn -0.515800 -0.164000 -0.840800
vn 0.757200 -0.312200 0.573700
vn 0.679400 0.223700 -0.698800
vn -0.612800 0.227700 -0.756600
vn 0.199500 0.969800 0.140000
vn 0.637800 0.763500 0.101200
vn 0.462000 0.415400 0.783600
vn -0.772800 0.633600 -0.035800
vn -0.771400 0.455300 0.444500
vn -0.397600 -0.194500 0.896700
vn 0.961500 -0.263900 -0.076900
vn -0.022700 0.119900 -0.992500
vn -0.987100 -0.075400 -0.140900
vn 0.591600 -0.270100 0.759600
vn 0.553600 0.825300 -0.110600
vn 0.810400 0.301700 0.502200
vn -0.473700 0.160500 -0.865900
vn -0.017000 0.648100 -0.761300
vn -0.058300 -0.663800 0.745600
vn -0.830200 -0.281900 -0.480800
vn -0.827100 -0.320800 -0.461600
vn -0.694300 -0.673100 0.254600
vn 0.921100 0.187300 0.341200
vn 0.600100 0.275600 -0.750900
vn -0.857600 -0.508000 0.080200
vn -0.858400 -0.508800 0.064900
vn -0.387900 -0.187300 -0.902400
vn -0.539200 -0.291800 -0.790000
vn -0.994400 -0.033700 -0.099800
vn -0.936300 0.312100 -0.161000
vn 0.398300 0.219700 -0.890500
vn 0.519300 -0.294900 -0.802100
vn -0.196200 -0.546400 -0.814200
vn 0.594000 0.116800 0.795900
vn 0.547000 -0.074600 0.833800
vn 0.993100 0.016400 -0.116300
vn -0.264500 -0.195200 0.944400
vn -0.272000 -0.444800 0.853300
vn -0.894500 -0.398300 -0.203000
vn -0.980500 -0.194100 -0.030900
vn -0.269100 -0.904200 -0.331600
vn 0.324500 0.745500 0.582100
vn -0.619700 0.652800 0.435700
vn -0.687000 -0.717900 -0.112200
vn 0.740100 -0.660100 -0.128400
vn 0.945500 0.180600 0.271000
vn 0.799400 0.010500 0.600700
vn -0.225600 -0.954900 0.193100
vn -0.668300 0.731700 0.134000
vn 0.921500 0.363700 0.136000
vn 0.346600 0.894000 0.283900
vn -0.177600 -0.974500 -0.136800
vn 0.958100 -0.271800 0.090300
vn 0.793600 0.564700 0.226400
vn -0.916100 -0.389300 -0.095600
vn -0.791100 -0.592800 0.150600
vn -0.344600 -0.684500 0.642300
vn -0.935300 -0.278500 -0.218300
vn -0.842100 0.497200 0.208800
vn 0.211700 0.923200 0.320700
vn 0.589200 -0.165000 0.790900
vn 0.756800 0.498000 0.423400
vn 0.168800 0.959700 -0.224500
vn -0.735300 0.521000 -0.433300
vn 0.769000 -0.509800 -0.385800
vn 0.404300 -0.874900 -0.266600
vn -0.446800 -0.302200 -0.842000
vn -0.433600 -0.702900 0.563700
vn 0.259700 -0.461600 0.848200
vn 0.737900 -0.048700 0.673100
vn 0.882600 0.402100 0.243800
vn -0.263400 -0.898600 -0.350800
vn 0.599800 0.501300 -0.623500
vn 0.663400 -0.028800 -0.747700
vn -0.556400 0.064600 0.828400
vn -0.279200 -0.714800 0.641200
vn -0.276300 -0.812300 0.513600
vn -0.886000 0.035300 0.462400
vn -0.765600 -0.575400 0.287500
vn -0.690400 -0.608800 0.390800
vn -0.465800 -0.860500 -0.206000
vn -0.363200 -0.919900 -0.147900
vn -0.190800 0.974900 0.115100
vn -0.372200 0.906100 0.201000
vn 0.023500 0.949500 -0.312800
vn -0.335200 0.839500 0.427600
vn -0.627700 -0.099000 0.772100
vn -0.135200 0.546300 -0.826600
vn -0.441300 0.837300 -0.322700
vn -0.350800 0.893600 -0.279800
vn 0.063800 -0.997800 0.015800
vn -0.072000 -0.929600 0.361500
vn -0.003200 -0.956300 0.292200
vn -0.753500 0.622100 0.212600
vn -0.677400 0.676400 0.289100
vn -0.018700 -0.076500 -0.996900
vn 0.101300 -0.064100 -0.992800
vn -0.034800 -0.690300 -0.722600
vn -0.157400 -0.657500 -0.736800
vn 0.340600 -0.724500 -0.599200
vn 0.477300 0.335900 -0.812000
vn 0.637600 -0.629800 0.443500
vn -0.030100 0.588500 -0.807900
vn -0.819800 0.056100 0.569800
vn 0.189100 0.867900 -0.459300
vn 0.282600 0.396000 -0.873700
vn 0.227500 0.930600 -0.286700
vn -0.647400 -0.126300 0.751600
vn -0.285400 -0.760200 0.583600
vn -0.474800 -0.034500 0.879400
vn -0.194100 0.946700 0.257200
vn -0.148600 -0.722900 0.674700
vn -0.362900 -0.141500 0.921000
vn 0.162300 -0.986400 0.023000
vn -0.093500 -0.949200 0.300200
vn 0.319300 -0.930200 0.180700
vn 0.827600 0.228600 0.512600
vn 0.650000 -0.570700 -0.501800
vn 0.404500 0.867100 -0.290600
vn 0.088400 0.327900 0.940500
vn -0.047200 0.349300 -0.935800
vn -0.057400 -0.850800 -0.522300
vn 0.284300 0.955100 0.082900
vn 0.537000 -0.198600 0.819800
vn -0.211600 0.904600 0.369900
vn 0.475800 0.842900 -0.251200
vn 0.916700 0.366200 0.159600
vn 0.101600 -0.993300 -0.054600
vn -0.003300 -0.948900 0.315600
vn 0.442100 -0.691500 -0.571300
vn 0.730100 0.569900 -0.377000
vn 0.317000 0.802800 -0.505000
vn 0.541400 0.359700 -0.759900
vn 0.178500 0.899500 -0.398700
vn 0.674600 -0.657700 -0.335100
vn 0.736700 -0.519400 0.432900
vn 0.873500 0.417000 -0.251300
vn 0.614400 0.328600 -0.717300
vn 0.628600 0.772600 0.088900
vn 0.816500 -0.391500 0.424200
vn -0.281900 0.756600 0.590000
vn -0.936600 0.216000 0.275800
vn -0.630100 0.030400 0.775900
vn -0.182300 -0.043300 -0.982300
vn -0.273200 0.496100 -0.824200
vn -0.148100 -0.718700 0.679300
vn 0.503000 -0.395600 0.768400
vn 0.001900 0.298900 0.954300
vn -0.601700 -0.735400 -0.311400
vn -0.866200 -0.484100 0.123500
vn 0.912600 0.229500 0.338500
vn 0.231600 0.712100 0.662700
vn -0.318600 -0.553300 -0.769600
vn 0.693800 0.582300 -0.423700
vn 0.100600 0.967700 0.231100
vn -0.005000 0.634000 -0.773200
vn -0.538300 0.748000 -0.388100
vn -0.957900 0.054200 0.281800
vn -0.338100 0.935500 -0.102600
vn -0.607900 0.209900 -0.765700
vn -0.822200 0.564800 0.070200
vn -0.831200 -0.359900 -0.423800
vn -0.966700 0.232900 0.105500
vn -0.666400 -0.704600 0.243600
vn -0.426100 -0.007600 0.904600
vn -0.840000 -0.020100 0.542100
vn 0.112200 -0.982000 -0.151600
vn 0.786700 -0.615600 0.045000
vn 0.941700 -0.188600 0.278600
vn 0.959100 0.091700 -0.267700
vn 0.851200 0.462400 0.248100
vn 0.457000 0.432600 -0.777200
vn 0.217500 0.892700 -0.394700
vn -0.217500 0.066300 -0.973800
vn -0.389900 -0.641100 -0.661000
vn 0.272700 -0.863900 -0.423400
vn -0.633700 0.430300 -0.642900
vn -0.973700 0.057400 -0.220600
vn -0.786700 0.615600 -0.045000
vn -0.112200 0.982000 0.151600
vn -0.509800 -0.108600 0.853400
vn 0.650400 0.092500 0.753900
vn 0.217500 -0.066300 0.973800
vn -0.682400 -0.223700 -0.695900
vn -0.469300 -0.489300 -0.735000
vn -0.457000 -0.432700 0.777200
vn -0.467300 -0.390900 0.792900
vn 0.135000 -0.972400 -0.190000
vn 0.884500 -0.460100 0.077300
vn -0.992700 0.015900 0.119100
vn 0.361000 0.045100 0.931500
vn 0.835700 -0.543000 0.081500
vn 0.849200 -0.525000 0.056000
vn 0.255100 -0.204200 0.945100
vn -0.667100 -0.713400 -0.214300
vn -0.547100 -0.633600 0.547000
vn -0.548500 -0.067100 0.833500
vn 0.166300 -0.561400 -0.810600
vn 0.398800 -0.204800 -0.893800
vn 0.242700 -0.908800 -0.339200
vn 0.155300 -0.979100 -0.130900
vn 0.927900 -0.302200 -0.218000
vn -0.421000 0.212700 -0.881700
vn -0.590200 0.137300 0.795500
vn 0.261700 -0.454400 0.851500
vn 0.870700 -0.420400 -0.255200
vn 0.229300 -0.954600 0.189900
vn 0.639200 -0.768800 -0.017500
vn 0.646300 0.628300 0.433000
vn -0.767300 -0.627000 -0.134400
vn 0.974600 -0.220700 -0.037100
vn 0.688300 0.713600 0.130800
vn -0.319300 0.904000 0.284300
vn -0.915500 0.380000 0.131900
vn -0.964500 -0.248600 0.088700
vn -0.778000 0.584900 0.229300
vn 0.906200 -0.410600 -0.100600
vn 0.335100 -0.696400 0.634600
vn 0.858300 0.470600 0.204200
vn -0.181200 0.929900 0.320000
vn -0.736800 0.514600 0.438400
vn -0.583400 -0.159500 0.796400
vn 0.741200 0.502500 -0.445000
vn -0.148900 0.963600 -0.222100
vn 0.424900 -0.311300 -0.850000
vn -0.433500 -0.860900 -0.266200
vn -0.787300 -0.484800 -0.380900
vn -0.274300 -0.452700 0.848400
vn 0.409600 -0.716400 0.564700
vn -0.866500 0.430500 0.252400
vn -0.734800 -0.025100 0.677800
vn 0.235000 -0.909400 -0.343200
vn -0.595100 0.521100 -0.611700
vn 0.777300 -0.615300 0.131000
vn -0.667600 -0.004200 -0.744500
vn 0.601500 -0.760000 -0.246200
vn -0.589500 -0.421600 0.688900
vn 0.944000 0.286900 -0.162700
vn -0.154700 -0.388500 0.908300
vn 0.948000 0.316900 0.029800
vn 0.464600 0.260100 -0.846400
vn -0.605500 -0.795900 0.001100
vn 0.154100 -0.386100 0.909500
vn -0.937200 0.347000 0.035500
vn 0.748500 -0.652600 -0.117700
vn -0.308500 0.752100 0.582400
vn 0.058600 0.997400 -0.041700
vn 0.387800 -0.750400 -0.535200
vn -0.335300 -0.657300 0.674900
vn -0.471700 0.066700 0.879200
vn 0.414500 0.659000 -0.627600
vn 0.209500 0.060200 0.975900
vn 0.329100 0.562900 0.758100
vn 0.598300 0.742800 0.300300
vn 0.550900 -0.065000 -0.832000
vn 0.959500 -0.036300 -0.279300
vn 0.020700 -0.995800 0.088900
vn 0.840000 -0.539100 -0.061600
vn 0.859400 0.494600 -0.129400
vn 0.570800 -0.719100 0.396300
vn 0.309600 -0.470800 0.826100
vn 0.898100 -0.432900 0.077300
vn 0.995100 -0.023800 -0.096300
vn 0.939100 -0.041300 -0.341100
vn 0.703700 0.604500 0.373300
vn 0.557800 0.783600 0.273600
vn 0.834200 0.520800 -0.181200
vn 0.464900 -0.378900 0.800100
vn 0.678200 -0.581600 0.449300
vn 0.524200 -0.765600 0.372700
vn 0.914200 0.404400 0.026900
vn 0.485000 0.461100 0.743000
vn 0.271400 0.593500 0.757700
vn 0.385300 0.054500 0.921100
vn 0.142600 0.061000 0.987900
vn 0.247300 -0.502300 0.828500
vn 0.810900 -0.574300 -0.111900
vn 0.400700 0.722000 -0.564000
vn 0.259700 0.857400 -0.444300
vn -0.294800 -0.701000 0.649300
vn 0.075100 -0.986700 0.144100
vn 0.154300 0.985100 -0.076300
vn 0.398200 -0.817100 -0.416900
vn 0.308200 -0.664700 -0.680500
vn 0.401700 -0.580100 -0.708600
vn 0.434300 0.757300 -0.487700
vn -0.198100 0.745500 -0.636300
vn 0.885600 0.064200 -0.459900
vn 0.518100 0.001400 -0.855300
vn -0.460500 -0.887500 0.013400
vn -0.023700 -0.985900 0.165700
vn 0.449000 -0.888600 0.093000
vn -0.086000 -0.511000 0.855300
vn -0.643900 -0.532700 0.549100
vn 0.389300 -0.638800 0.663600
vn 0.819400 0.029500 0.572400
vn 0.733500 -0.518800 0.439100
vn 0.548300 0.157900 0.821200
vn -0.088500 0.153700 0.984100
vn 0.070700 -0.982700 0.171300
vn -0.666500 -0.702600 0.249400
vn -0.654100 -0.296000 -0.696000
vn 0.895700 -0.178200 -0.407200
vn 0.148800 -0.611500 -0.777100
vn 0.404800 -0.464900 -0.787400
vn 0.860300 0.488500 -0.146000
vn -0.817800 0.514400 -0.258000
vn -0.186200 0.971400 -0.147500
vn -0.695700 0.091700 -0.712400
vn -0.281400 0.921100 -0.268900
vn -0.969400 -0.095500 -0.226300
vn 0.842000 -0.454500 0.290600
vn -0.051100 0.401700 -0.914300
vn 0.329400 -0.869100 0.368800
vn 0.823700 0.565900 0.035600
vn -0.997000 -0.071600 0.028100
vn -0.154000 0.135800 -0.978700
vn 0.945100 0.061600 -0.320900
vn 0.479400 -0.244700 0.842700
vn -0.238000 0.179200 -0.954600
vn -0.961800 0.157400 0.223900
vn -0.958000 0.238000 0.160000
vn 0.085000 -0.099200 0.991400
vn 0.954300 -0.256800 -0.152900
vn 0.080200 -0.143900 0.986300
vn 0.973300 -0.164500 -0.159800
vn -0.155300 0.543300 -0.825000
vn -0.128500 0.562300 0.816800
vn -0.121400 -0.992300 0.021600
vn 0.075400 -0.549200 -0.832300
vn -0.154100 0.648700 -0.745300
vn 0.839200 -0.012600 -0.543600
vn 0.604000 -0.174900 -0.777600
vn -0.625800 0.633500 0.454900
vn -0.718200 -0.011200 0.695700
vn 0.008500 0.134400 -0.990900
vn -0.602700 -0.178400 -0.777700
vn 0.009500 0.077900 0.996900
vn -0.369600 -0.017500 0.929000
vn 0.864800 -0.318400 0.388300
vn 0.566200 -0.727100 0.388300
vn -0.470600 -0.121200 0.874000
vn 0.339100 0.024100 0.940400
vn -0.876700 -0.317600 0.361300
vn 0.263800 -0.861500 0.433900
vn 0.462600 0.212000 -0.860800
vn -0.807700 -0.205000 -0.552800
vn -0.402300 0.224400 -0.887600
vn -0.207100 -0.762600 -0.612800
vn 0.241500 -0.777200 -0.580900
vn -0.216200 -0.901200 0.375600
vn 0.763400 -0.341800 -0.548100
vn 0.589300 -0.720500 0.365400
vn -0.129000 -0.979400 0.155200
vn -0.820600 -0.181700 -0.541800
vn -0.289000 -0.505600 -0.812900
vn -0.022200 -0.621500 -0.783000
vn -0.847500 0.484800 -0.216200
vn 0.871900 0.484900 -0.067400
vn 0.850100 0.064800 -0.522600
vn 0.248000 0.966200 -0.070100
vn 0.991800 -0.127100 -0.008400
vn 0.338300 0.921900 -0.188600
vn 0.950100 0.060500 0.306100
vn 0.228700 0.461300 -0.857200
vn -0.441100 -0.864600 0.240600
vn -0.814900 0.563400 -0.135600
vn 0.812300 0.230800 0.535600
vn 0.572800 0.222500 -0.788900
vn -0.576600 -0.441700 0.687200
vn -0.878700 0.034600 -0.476000
vn 0.786800 0.059800 0.614300
vn 0.649100 0.168200 -0.741800
vn -0.452100 -0.172700 0.875100
vn -0.772200 -0.206700 -0.600800
vn -0.517800 -0.145800 0.843000
vn -0.805200 -0.058400 -0.590100
vn 0.986900 -0.152500 0.052800
vn -0.555500 -0.831200 0.022300
vn 0.069100 -0.198100 -0.977700
vn -0.347400 -0.935500 0.063900
vn -0.430000 -0.611600 0.664100
vn 0.367600 -0.820900 0.436900
vn -0.561700 -0.809100 -0.172400
vn 0.396400 -0.819500 -0.413800
vn -0.307500 -0.853900 0.419800
vn -0.619500 -0.195100 -0.760300
vn 0.515000 -0.030800 -0.856600
vn -0.852500 -0.428200 0.299600
vn -0.677400 0.111000 -0.727200
vn 0.591500 0.164000 -0.789500
vn -0.975000 0.162600 0.151000
vn -0.747300 0.312300 0.586500
vn -0.600800 0.797800 -0.050300
vn -0.869900 0.416500 0.264100
vn 0.333400 0.593100 0.732800
vn 0.558600 0.595200 0.577600
vn -0.336600 0.121000 -0.933800
vn -0.280400 -0.227200 0.932600
vn 0.194500 0.941300 -0.275800
vn 0.951900 -0.096700 0.290700
vn 0.564300 -0.807100 0.173900
vn -0.177400 -0.883700 0.433100
vn -0.712900 -0.528300 0.461100
vn -0.895800 0.220400 0.386000
vn -0.492000 0.864200 -0.105700
vn 0.158900 0.896600 -0.413400
vn 0.957200 -0.240000 -0.161900
vn 0.744700 0.513200 -0.426500
vn 0.762500 0.544300 -0.349600
vn 0.522100 -0.616700 0.589100
vn 0.483900 -0.749300 0.452100
vn 0.042600 -0.980100 -0.193600
vn 0.790900 -0.498500 0.354800
vn 0.712800 -0.540500 0.446900
vn 0.500200 -0.854100 -0.142600
vn 0.216200 -0.630600 -0.745400
vn 0.335700 -0.574500 -0.746500
vn 0.286400 0.502400 0.815800
vn -0.138800 0.956500 0.256700
vn 0.194000 0.880400 0.432700
vn 0.421600 -0.599700 0.680200
vn 0.361600 0.906500 -0.217700
vn 0.263900 0.948600 -0.174600
vn 0.542400 0.729600 0.416400
vn -0.111600 -0.856300 -0.504200
vn -0.151400 -0.910900 -0.383800
vn -0.238700 -0.693300 -0.679900
vn 0.627400 0.697500 0.346100
vn 0.728600 0.116500 0.674900
vn 0.031300 -0.004400 -0.999500
vn 0.052600 0.648100 -0.759700
vn 0.167500 0.613500 -0.771700
vn 0.158400 -0.001200 -0.987400
vn -0.359300 -0.021800 -0.933000
vn -0.801500 -0.586800 -0.114600
vn -0.272200 0.895900 -0.350900
vn 0.114300 -0.992200 -0.049200
vn 0.805500 0.111800 0.581800
vn -0.060000 0.936100 -0.346500
vn 0.042900 0.961600 0.271000
vn 0.486800 0.409400 0.771600
vn -0.011600 0.898300 0.439100
vn 0.049100 -0.993000 -0.107100
vn 0.311400 -0.729900 0.608400
vn 0.177300 -0.806100 0.564600
vn -0.092100 -0.995600 -0.015100
vn -0.123900 -0.888500 -0.441700
vn -0.333500 -0.666600 -0.666600
vn -0.648800 0.094200 -0.755100
vn -0.847400 0.012400 0.530800
vn -0.502000 -0.696000 -0.513400
vn -0.193900 0.898900 0.392800
vn -0.182200 -0.383000 0.905600
vn -0.690000 -0.562800 0.455200
vn -0.007500 -0.257000 -0.966400
vn 0.259600 0.863400 -0.432600
vn -0.122800 0.680200 0.722700
vn -0.489900 0.630700 0.601700
vn 0.311700 0.442500 0.840800
vn 0.303000 0.333000 0.892900
vn -0.852300 0.367700 0.372000
vn -0.273900 0.872500 0.404600
vn -0.213900 -0.877000 -0.430100
vn -0.263200 -0.633700 -0.727400
vn -0.456700 0.006800 -0.889600
vn -0.547800 0.827100 0.125600
vn -0.338800 0.892800 -0.296600
vn -0.085200 0.977400 0.193400
vn -0.715100 -0.073100 -0.695100
vn -0.876800 -0.478700 -0.045400
vn -0.734300 0.669700 0.110800
vn -0.422100 0.859800 -0.287200
vn 0.048800 0.940400 0.336600
vn 0.486400 0.836800 -0.251200
vn 0.329900 0.587700 -0.738700
vn 0.237800 -0.173700 0.955600
vn 0.045700 -0.887500 0.458400
vn 0.688000 -0.709600 0.151800
vn 0.338500 0.055200 -0.939400
vn 0.736400 -0.628900 -0.249400
vn -0.238600 0.111500 0.964700
vn -0.721500 -0.506200 0.472300
vn 0.506700 -0.448400 -0.736200
vn -0.406400 0.544300 0.733800
vn -0.982500 0.182600 0.037700
vn -0.162000 0.904600 0.394300
vn -0.563400 0.773000 -0.291400
vn 0.716700 0.655900 0.236800
vn 0.596000 -0.779100 -0.194100
vn 0.285700 0.948700 0.135400
vn 0.113700 0.805700 -0.581300
vn 0.885600 0.151200 0.439200
vn 0.893600 -0.380900 0.237500
vn 0.732400 0.670900 0.115900
vn 0.671400 0.383300 -0.634200
vn 0.699900 -0.131800 0.702000
vn 0.939900 -0.228200 -0.253800
vn 0.904600 0.240300 0.351900
vn -0.992800 -0.094500 0.073300
vn -0.878700 -0.272900 -0.391600
vn -0.255600 -0.557900 -0.789500
vn -0.786300 0.359700 0.502200
vn -0.871600 0.473700 -0.126200
vn 0.009000 0.942200 0.334800
vn -0.241300 0.935300 -0.258800
vn 0.795400 0.582500 -0.167400
vn 0.381800 0.650200 -0.656800
vn -0.346500 -0.253900 -0.903000
vn 0.374600 -0.096300 -0.922100
vn 0.991500 -0.044000 -0.122500
vn 0.737200 0.149100 -0.659000
vn 0.255600 0.557900 0.789500
vn 0.878700 0.272900 0.391600
vn 0.241300 -0.935300 0.258800
vn -0.381800 -0.650200 0.656800
vn -0.738500 -0.287600 0.609800
vn 0.947300 -0.306400 0.093500
vn 0.490300 0.040600 -0.870600
vn 0.336600 -0.772600 0.538200
vn 0.256100 -0.919200 0.299100
vn -0.494800 -0.509500 0.704000
vn -0.951800 -0.162400 -0.260100
vn -0.269900 -0.519800 -0.810500
vn 0.124100 0.739700 0.661300
vn 0.335800 0.060000 0.940000
vn 0.100600 -0.994500 0.029800
vn -0.208500 -0.751500 -0.625900
vn 0.326100 -0.658300 0.678400
vn -0.410400 0.646600 -0.642900
vn -0.185000 0.982700 0.005600
vn -0.420100 -0.071700 -0.904600
vn -0.960100 -0.139200 -0.242500
vn -0.868600 -0.133700 -0.477100
vn -0.864300 0.423700 -0.271200
vn -0.691700 0.683400 0.233600
vn -0.451900 0.494900 0.742100
vn -0.641000 0.337700 0.689200
vn -0.646000 -0.695000 0.315400
vn -0.460700 -0.852000 0.248600
vn -0.701400 -0.662800 -0.262100
vn -0.954800 0.286000 -0.080900
vn -0.284700 -0.031800 0.958100
vn -0.513000 -0.061200 0.856200
vn -0.288000 -0.590000 0.754200
vn -0.513800 -0.490000 0.704200
vn -0.832300 -0.548600 -0.079500
vn -0.421700 0.766200 -0.484800
vn 0.201200 -0.978500 -0.044100
vn -0.433100 0.883600 0.178000
vn -0.223100 0.691100 0.687400
vn -0.257100 0.054800 -0.964800
vn -0.329800 -0.164200 -0.929700
vn -0.822700 0.480500 0.303900
vn -0.744500 -0.633500 -0.210800
vn -0.727000 0.638500 0.252400
vn -0.892400 0.392000 -0.223200
vn -0.345100 -0.038200 0.937800
vn -0.352300 -0.565100 0.746000
vn -0.500300 0.460300 0.733300
vn -0.517700 -0.811700 0.270200
vn 0.508600 -0.566700 0.648200
vn 0.588900 -0.044000 0.806900
vn -0.780600 -0.024800 -0.624500
vn -0.604100 -0.088000 0.792000
vn -0.898700 0.134600 0.417400
vn 0.817300 -0.104700 -0.566700
vn -0.423400 0.021600 -0.905700
vn 0.492100 0.090100 -0.865900
vn 0.876400 0.073400 0.475900
vn -0.460700 -0.882400 -0.095000
vn 0.580500 -0.811600 -0.065500
vn -0.601500 -0.798400 -0.026400
vn 0.429800 -0.902600 -0.024800
vn 0.032200 -0.998300 0.047900
vn 0.826500 -0.096300 0.554500
vn 0.572900 -0.015700 -0.819500
vn -0.592000 -0.014100 -0.805800
vn 0.325000 -0.015400 0.945600
vn 0.930800 0.104300 -0.350200
vn -0.808100 -0.081500 0.583300
vn 0.438700 -0.898600 0.008800
vn -0.600600 -0.799500 0.010000
vn -0.648200 -0.712300 0.269200
vn -0.312900 -0.020900 0.949500
vn -0.933800 0.125400 -0.335100
vn 0.584700 -0.811100 0.017200
vn -0.456200 -0.889700 0.015700
vn -0.962800 -0.269400 0.019900
vn -0.899700 -0.134800 -0.415200
vn -0.756100 0.633800 -0.162900
vn 0.389900 0.641100 0.661000
vn -0.959100 -0.091700 0.267700
vn 0.073700 0.079100 0.994100
vn -0.374600 0.096300 0.922100
vn 0.871600 -0.473700 0.126200
vn -0.076800 -0.730600 -0.678400
s off
f 6/1/1 68/2/1 2/3/1
f 773/4/2 772/5/2 547/6/2
f 146/7/3 145/8/3 770/9/3
f 768/10/4 154/11/4 766/12/4
f 149/13/5 765/14/5 767/15/5
f 300/16/6 308/17/6 302/18/6
f 301/19/7 305/20/7 299/21/7
f 315/22/8 321/23/8 324/24/8
f 314/25/9 319/26/9 325/27/9
f 315/22/6 316/28/6 322/29/6
f 314/25/7 320/30/7 323/29/7
f 145/8/10 154/31/10 768/32/10
f 148/33/11 767/15/11 766/12/11
f 435/34/12 436/35/12 438/36/12
f 438/36/13 440/37/13 439/38/13
f 440/37/14 442/39/14 441/40/14
f 436/41/15 444/42/15 438/43/15
f 446/44/16 436/35/16 435/34/16
f 444/45/17 446/44/17 445/46/17
f 445/47/18 435/48/18 447/49/18
f 437/50/19 450/51/19 447/49/19
f 437/50/20 439/52/20 450/51/20
f 501/53/21 502/54/21 500/55/21
f 503/56/22 504/57/22 502/54/22
f 505/58/23 506/59/23 504/57/23
f 504/60/24 508/61/24 502/62/24
f 509/63/25 499/64/25 500/55/25
f 507/65/26 509/63/26 510/66/26
f 509/67/27 511/68/27 499/69/27
f 511/68/28 514/70/28 501/71/28
f 501/71/29 514/70/29 503/72/29
f 544/73/30 774/74/30 776/75/30
f 547/6/31 772/5/31 774/74/31
f 771/76/32 773/4/32 546/77/32
f 775/78/33 771/76/33 552/79/33
f 651/80/34 655/81/34 649/82/34
f 656/83/35 652/84/35 646/85/35
f 671/24/34 668/23/34 662/22/34
f 661/25/35 667/30/35 672/27/35
f 662/22/34 668/23/34 669/29/34
f 670/29/35 667/30/35 661/25/35
f 697/14/36 565/86/36 409/15/36
f 543/87/37 776/75/37 775/88/37
f 765/14/38 769/89/38 777/89/38
f 773/4/39 771/76/39 779/76/39
f 774/74/40 782/74/40 784/75/40
f 767/15/41 409/15/41 565/12/41
f 766/12/42 565/12/42 217/10/42
f 769/89/43 770/9/43 778/9/43
f 149/13/44 146/7/44 769/89/44
f 217/32/45 777/90/45 778/9/45
f 779/76/46 780/91/46 781/4/46
f 782/74/47 783/92/47 784/75/47
f 565/12/48 697/14/48 777/89/48
f 780/5/49 779/76/49 783/78/49
f 770/9/50 768/32/50 217/32/50
f 765/14/51 697/14/51 409/15/51
f 772/5/52 780/5/52 782/74/52
f 776/75/53 784/75/53 783/88/53
f 772/5/54 773/4/54 781/4/54
f 775/78/55 783/78/55 779/76/55
f 3/93/56 2/3/56 68/2/56
f 10/94/57 6/1/57 2/3/57
f 68/2/58 7/95/58 3/93/58
f 11/96/59 3/93/59 7/95/59
f 546/77/60 773/4/60 547/6/60
f 769/89/61 146/7/61 770/9/61
f 148/33/62 149/13/62 767/15/62
f 304/97/6 302/18/6 308/17/6
f 300/16/6 310/98/6 308/17/6
f 308/17/6 306/99/6 304/97/6
f 309/100/7 299/21/7 305/20/7
f 301/19/7 303/101/7 305/20/7
f 305/20/7 307/102/7 309/100/7
f 318/26/8 315/22/8 324/24/8
f 320/30/7 314/25/7 325/27/7
f 321/23/8 315/22/8 322/29/8
f 317/103/7 314/25/7 323/29/7
f 770/9/63 145/8/63 768/32/63
f 154/11/64 148/33/64 766/12/64
f 437/104/12 435/34/12 438/36/12
f 437/104/13 438/36/13 439/38/13
f 439/38/14 440/37/14 441/40/14
f 440/105/15 438/43/15 444/42/15
f 436/41/15 446/106/15 444/42/15
f 444/42/15 442/107/15 440/105/15
f 445/46/16 446/44/16 435/34/16
f 443/108/17 444/45/17 445/46/17
f 435/48/65 437/50/65 447/49/65
f 499/64/21 501/53/21 500/55/21
f 501/53/66 503/56/66 502/54/66
f 503/56/67 505/58/67 504/57/67
f 500/109/15 502/62/15 508/61/15
f 504/60/68 506/110/68 508/61/68
f 508/61/15 510/111/15 500/109/15
f 510/66/25 509/63/25 500/55/25
f 508/112/26 507/65/26 510/66/26
f 499/69/69 511/68/69 501/71/69
f 543/87/70 544/73/70 776/75/70
f 544/73/71 547/6/71 774/74/71
f 552/79/72 771/76/72 546/77/72
f 647/113/34 649/82/34 655/81/34
f 651/80/34 653/114/34 655/81/34
f 655/81/34 657/115/34 647/113/34
f 648/116/35 646/85/35 652/84/35
f 656/83/35 654/117/35 652/84/35
f 652/84/35 650/118/35 648/116/35
f 665/26/34 671/24/34 662/22/34
f 666/26/35 661/25/35 672/27/35
f 663/28/34 662/22/34 669/29/34
f 664/103/35 670/29/35 661/25/35
f 552/119/73 543/87/73 775/88/73
f 697/14/38 765/14/38 777/89/38
f 781/4/74 773/4/74 779/76/74
f 776/75/75 774/74/75 784/75/75
f 766/12/76 767/15/76 565/12/76
f 768/10/77 766/12/77 217/10/77
f 777/89/78 769/89/78 778/9/78
f 765/14/44 149/13/44 769/89/44
f 217/10/48 565/12/48 777/89/48
f 782/74/49 780/5/49 783/78/49
f 778/9/79 770/9/79 217/32/79
f 767/15/80 765/14/80 409/15/80
f 774/74/52 772/5/52 782/74/52
f 775/88/81 776/75/81 783/88/81
f 780/5/82 772/5/82 781/4/82
f 771/76/55 775/78/55 779/76/55
s 1
f 12/120/83 420/121/84 423/122/85
f 5/123/86 121/124/87 43/125/88
f 114/126/89 63/127/90 115/128/91
f 69/129/92 83/130/93 45/131/94
f 30/132/95 29/133/96 112/134/97
f 12/120/83 14/135/98 13/136/99
f 29/133/96 111/137/100 112/134/97
f 129/138/101 130/139/102 72/140/103
f 30/141/95 112/142/97 113/143/104
f 29/144/96 471/145/105 473/146/106
f 7/147/107 18/148/108 17/149/109
f 40/150/110 37/151/111 38/152/112
f 6/153/113 10/154/114 22/155/115
f 30/156/95 472/157/116 471/145/105
f 45/131/94 49/158/117 52/159/118
f 50/160/119 46/161/120 47/162/121
f 46/161/120 84/163/122 70/164/123
f 131/165/124 34/166/125 35/167/126
f 56/168/127 50/160/119 52/169/118
f 431/170/128 56/168/127 58/171/129
f 83/130/93 89/172/130 49/158/117
f 429/173/131 424/174/132 425/175/133
f 434/176/134 101/177/135 429/173/131
f 433/178/136 430/179/137 101/177/135
f 48/180/138 56/168/127 57/181/139
f 61/182/140 108/183/141 103/184/142
f 49/158/117 55/185/143 57/186/139
f 89/172/130 87/187/144 55/185/143
f 106/188/145 104/189/146 105/190/147
f 105/190/147 104/189/146 103/191/142
f 55/185/143 87/187/144 108/183/141
f 56/168/127 48/180/138 51/192/148
f 57/186/139 55/185/143 61/182/140
f 85/193/149 83/130/93 69/129/92
f 82/194/150 77/195/151 73/196/152
f 2/197/153 3/198/154 67/199/155
f 47/162/121 46/161/120 35/200/126
f 483/201/156 73/202/152 489/203/157
f 9/204/158 5/123/86 26/205/159
f 64/206/160 63/207/90 479/208/161
f 76/209/162 74/210/163 78/211/164
f 30/156/95 33/212/165 474/213/166
f 94/214/167 91/215/168 85/193/149
f 88/216/169 86/217/170 92/218/171
f 86/217/170 72/140/103 70/164/123
f 35/167/126 34/166/125 45/131/94
f 94/219/167 92/218/171 99/220/172
f 99/220/172 432/221/173 102/222/174
f 91/215/168 89/172/130 83/130/93
f 753/223/175 752/224/176 96/225/177
f 427/226/178 429/173/131 54/227/179
f 97/228/180 92/218/171 86/217/170
f 430/179/137 428/229/181 750/230/182
f 100/231/183 99/220/172 90/232/184
f 109/233/185 105/234/147 103/184/142
f 100/235/183 98/236/186 91/215/168
f 98/236/186 87/187/144 89/172/130
f 110/237/187 90/232/184 106/188/145
f 110/238/187 105/234/147 109/233/185
f 105/190/147 110/237/187 106/188/145
f 58/171/129 101/177/135 434/176/134
f 60/239/188 59/240/189 104/189/146
f 59/240/189 103/241/142 104/189/146
f 98/236/186 109/233/185 108/183/141
f 93/242/190 90/232/184 99/220/172
f 59/240/189 60/239/188 62/243/191
f 100/235/183 110/238/187 109/233/185
f 72/244/103 88/245/169 85/193/149
f 88/216/169 72/140/103 86/217/170
f 8/246/192 125/247/193 121/124/87
f 126/248/194 129/249/101 71/250/195
f 125/247/193 126/248/194 71/250/195
f 27/251/196 26/205/159 124/252/197
f 121/124/87 125/247/193 71/250/195
f 124/252/197 43/125/88 34/166/125
f 113/143/104 2/197/153 33/253/165
f 116/254/198 64/255/160 67/199/155
f 122/256/199 114/126/89 4/257/200
f 111/137/100 123/258/201 1/259/202
f 12/120/83 120/260/203 15/261/204
f 122/256/199 4/257/200 1/259/202
f 63/127/90 114/126/89 122/256/199
f 118/262/205 23/263/206 22/155/115
f 24/264/207 119/265/208 9/204/158
f 120/260/203 12/120/83 4/257/200
f 8/246/192 13/136/99 126/248/194
f 75/266/209 82/194/150 764/267/210
f 29/133/96 31/268/211 123/258/201
f 3/198/154 11/269/212 117/270/213
f 2/197/153 113/143/104 118/262/205
f 117/270/213 11/269/212 17/149/109
f 5/123/86 8/246/192 121/124/87
f 5/123/86 43/125/88 124/252/197
f 20/271/214 129/249/101 126/248/194
f 131/165/124 27/251/196 124/252/197
f 121/124/87 69/129/92 34/166/125
f 19/272/215 130/139/102 129/138/101
f 23/263/206 118/262/205 128/273/216
f 15/261/204 120/260/203 127/274/217
f 127/274/217 120/260/203 114/126/89
f 117/270/213 127/275/217 115/276/91
f 112/142/97 128/273/216 118/262/205
f 111/137/100 119/265/208 128/277/216
f 21/278/218 28/279/219 132/280/220
f 125/247/193 8/246/192 126/248/194
f 131/281/124 132/280/220 28/279/219
f 34/166/125 131/165/124 124/252/197
f 26/205/159 5/123/86 124/252/197
f 130/139/102 19/272/215 18/148/108
f 37/282/111 476/283/221 477/284/222
f 17/285/109 19/286/215 15/287/204
f 25/288/223 27/289/196 23/290/206
f 68/291/224 6/153/113 132/280/220
f 70/164/123 132/280/220 35/200/126
f 70/164/123 72/140/103 130/139/102
f 68/291/224 70/164/123 130/139/102
f 134/292/225 137/293/226 138/294/227
f 133/295/228 136/296/229 137/293/226
f 137/293/226 140/297/230 141/298/231
f 137/293/226 136/296/229 139/299/232
f 141/298/231 140/297/230 143/300/233
f 139/299/232 142/301/234 143/300/233
f 144/302/235 143/300/233 146/303/236
f 143/300/233 142/301/234 145/304/237
f 146/305/236 149/306/238 150/307/239
f 150/307/239 149/306/238 152/308/240
f 148/309/241 151/310/242 152/308/240
f 152/308/240 151/310/242 155/311/243
f 152/308/240 156/312/244 157/313/245
f 133/295/228 154/314/246 136/296/229
f 141/298/231 144/302/235 381/315/247
f 136/296/229 154/314/246 139/299/232
f 150/307/239 379/316/248 380/317/249
f 139/299/232 154/314/246 142/301/234
f 157/313/245 377/318/250 378/319/251
f 142/301/234 154/314/246 145/304/237
f 138/294/227 141/298/231 382/320/252
f 157/313/245 135/321/253 384/322/254
f 148/309/241 154/314/246 151/310/242
f 135/321/253 138/294/227 383/323/255
f 151/310/242 154/314/246 155/311/243
f 144/302/235 147/324/256 380/325/249
f 153/326/257 378/319/251 379/316/248
f 155/311/243 133/295/228 134/292/225
f 157/313/245 156/312/244 134/292/225
f 155/311/243 154/314/246 133/295/228
f 158/327/258 159/328/259 164/329/260
f 333/330/261 335/331/262 330/332/263
f 160/333/264 165/334/265 169/335/266
f 161/336/267 166/337/268 167/338/269
f 163/339/270 168/340/271 166/337/268
f 170/341/272 176/342/273 180/343/274
f 177/344/275 181/345/276 175/346/277
f 178/347/278 179/348/279 173/349/280
f 174/350/281 180/343/274 178/347/278
f 176/351/273 181/345/276 194/352/282
f 179/348/279 193/353/283 192/354/284
f 192/354/284 194/352/282 181/345/276
f 178/347/278 180/343/274 186/355/285
f 184/356/286 185/357/287 193/353/283
f 182/358/288 196/359/289 199/360/290
f 195/361/291 194/352/282 187/362/292
f 183/363/293 192/354/284 193/353/283
f 183/363/293 187/362/292 194/352/282
f 197/364/294 198/365/295 185/366/287
f 178/347/278 184/356/286 193/353/283
f 186/367/285 199/360/290 197/364/294
f 189/368/296 188/369/297 187/362/292
f 205/370/298 207/371/299 191/372/300
f 200/373/301 203/374/302 199/360/290
f 197/364/294 201/375/303 202/376/304
f 199/360/290 203/374/302 201/375/303
f 191/372/300 207/371/299 204/377/305
f 198/365/295 190/378/306 189/379/296
f 191/380/300 204/381/305 200/373/301
f 182/358/288 188/382/297 191/380/300
f 200/373/301 204/381/305 207/383/299
f 205/384/298 206/385/307 202/376/304
f 201/375/303 203/374/302 207/383/299
f 208/386/308 211/387/309 222/388/310
f 285/389/311 287/390/312 263/391/313
f 289/392/314 262/393/315 263/394/313
f 209/395/316 219/396/317 223/397/318
f 408/398/319 717/399/320 208/400/308
f 295/401/321 297/402/322 258/403/323
f 220/404/324 224/405/325 213/406/326
f 297/402/322 268/407/327 265/408/328
f 293/409/329 260/410/330 261/411/331
f 291/412/332 261/411/331 262/393/315
f 221/413/333 246/414/334 247/415/335
f 295/401/321 259/416/336 260/410/330
f 211/387/309 213/406/326 224/405/325
f 268/407/327 285/389/311 264/417/337
f 223/397/318 225/418/338 214/419/339
f 231/420/340 223/397/318 219/396/317
f 218/421/341 222/388/310 230/422/342
f 216/423/343 215/424/344 219/396/317
f 230/422/342 253/425/345 254/426/346
f 228/427/347 232/428/348 224/405/325
f 243/429/349 244/430/350 235/431/351
f 222/388/310 224/405/325 232/428/348
f 231/420/340 233/432/352 225/418/338
f 226/433/353 254/426/346 253/425/345
f 214/419/339 242/434/354 234/435/355
f 227/436/356 226/433/353 238/437/357
f 254/438/346 249/439/358 215/424/344
f 245/440/359 248/441/360 246/442/334
f 244/443/350 248/441/360 245/440/359
f 252/444/361 255/445/362 232/428/348
f 235/431/351 251/446/363 252/444/361
f 229/447/364 244/443/350 245/440/359
f 233/432/352 257/448/365 256/449/366
f 221/450/333 234/435/355 242/434/354
f 256/449/366 251/451/363 235/452/351
f 232/428/348 255/445/362 253/425/345
f 231/420/340 250/453/367 257/448/365
f 236/454/368 240/455/369 255/445/362
f 241/456/370 240/455/369 236/454/368
f 249/439/358 254/438/346 226/457/353
f 237/458/371 256/449/366 257/448/365
f 218/459/341 219/396/317 209/395/316
f 238/437/357 253/425/345 255/445/362
f 239/460/372 238/437/357 240/455/369
f 241/461/370 257/448/365 250/453/367
f 225/418/338 233/432/352 245/440/359
f 221/413/333 247/415/335 243/429/349
f 247/415/335 246/414/334 248/462/360
f 234/463/355 243/429/349 220/404/324
f 220/404/324 243/429/349 228/427/347
f 214/419/339 225/418/338 242/434/354
f 177/344/275 173/349/280 179/348/279
f 171/464/373 177/344/275 175/346/277
f 345/465/374 347/466/375 341/467/376
f 175/346/277 169/335/266 165/334/265
f 294/468/377 296/469/378 295/401/321
f 270/470/379 272/471/380 271/472/381
f 296/473/378 290/474/382 288/475/383
f 272/471/380 274/476/384 273/477/385
f 290/478/382 292/479/386 291/412/332
f 273/480/385 274/481/384 276/482/387
f 288/483/383 290/478/382 289/392/314
f 275/484/388 276/482/387 278/485/389
f 295/401/321 296/469/378 298/486/390
f 285/389/311 286/487/391 288/488/383
f 277/489/392 278/485/389 280/490/393
f 297/402/322 298/486/390 267/491/394
f 268/407/327 267/491/394 286/487/391
f 280/490/393 282/492/395 281/493/396
f 284/494/397 270/470/379 269/495/398
f 282/492/395 284/494/397 283/496/399
f 292/479/386 294/468/377 293/409/329
f 275/497/388 281/498/396 283/499/399
f 300/500/400 302/501/401 316/502/402
f 316/502/402 304/501/403 311/503/404
f 311/503/404 304/501/403 306/500/405
f 312/504/406 306/500/405 308/505/407
f 310/505/408 300/500/400 315/506/409
f 313/507/410 319/508/411 307/509/412
f 311/503/404 312/504/406 305/510/413
f 305/510/413 312/504/406 313/507/410
f 314/511/414 317/512/415 301/513/416
f 319/508/411 318/514/417 324/515/418
f 319/508/411 314/511/414 299/510/419
f 320/511/420 321/506/421 322/516/422
f 325/517/423 324/515/418 321/506/421
f 316/502/402 317/512/415 323/518/424
f 326/519/425 327/520/426 331/521/427
f 168/340/271 158/522/258 266/523/428
f 166/337/268 168/340/271 174/350/281
f 175/346/277 181/345/276 176/351/273
f 340/524/429 334/525/430 335/331/262
f 326/526/425 337/527/431 332/528/432
f 348/529/433 354/530/434 363/531/435
f 328/532/436 332/528/432 337/527/431
f 329/533/437 330/332/263 335/331/262
f 334/525/430 336/534/438 331/521/427
f 338/535/439 342/536/440 348/529/433
f 343/537/441 349/538/442 345/465/374
f 341/467/376 347/466/375 346/539/443
f 346/539/443 348/529/433 342/536/440
f 344/540/444 363/541/435 362/542/445
f 360/543/446 361/544/447 347/466/375
f 349/538/442 362/542/445 360/543/446
f 346/539/443 352/545/448 354/530/434
f 352/545/448 361/544/447 353/546/449
f 350/547/450 354/548/434 367/549/451
f 355/550/452 362/542/445 363/541/435
f 190/551/306 206/552/307 205/370/298
f 351/553/453 353/546/449 361/544/447
f 182/554/288 187/362/292 188/369/297
f 351/553/453 360/543/446 362/542/445
f 182/555/288 186/355/285 195/556/291
f 353/557/449 366/558/454 365/559/455
f 346/539/443 347/466/375 361/544/447
f 365/559/455 367/549/451 354/548/434
f 202/376/304 206/385/307 190/378/306
f 355/550/452 356/560/456 357/561/457
f 359/562/458 375/563/459 373/564/460
f 367/549/451 371/565/461 368/566/462
f 189/567/296 190/551/306 191/372/300
f 365/559/455 366/558/454 370/568/463
f 369/569/464 371/565/461 367/549/451
f 359/562/458 372/570/465 375/563/459
f 357/571/457 358/572/466 366/558/454
f 368/566/462 372/573/465 359/574/458
f 350/547/450 364/575/467 359/574/458
f 368/566/462 371/565/461 375/576/459
f 370/568/463 374/577/468 373/578/460
f 369/569/464 373/578/460 375/576/459
f 169/335/266 266/579/428 158/327/258
f 342/536/440 336/534/438 334/525/430
f 342/536/440 338/535/439 376/580/469
f 339/581/470 341/467/376 335/331/262
f 343/537/441 339/581/470 333/330/261
f 278/485/389 378/319/251 377/318/250
f 162/582/471 167/338/269 165/334/265
f 170/583/272 175/346/277 176/351/273
f 349/538/442 343/537/441 344/540/444
f 343/537/441 338/584/439 344/540/444
f 42/585/472 163/339/270 161/336/267
f 41/586/473 40/150/110 161/336/267
f 162/582/471 160/333/264 39/587/474
f 32/588/475 159/589/259 163/339/270
f 80/590/476 78/211/164 329/533/437
f 79/591/477 330/332/263 329/533/437
f 331/521/427 327/520/426 66/592/478
f 82/194/150 66/593/478 327/594/426
f 332/528/432 328/532/436 77/195/151
f 77/195/151 328/532/436 330/332/263
f 282/492/395 280/490/393 377/318/250
f 276/482/387 379/316/248 378/319/251
f 274/481/384 380/317/249 379/316/248
f 381/315/247 380/325/249 274/476/384
f 382/320/252 381/315/247 272/471/380
f 383/323/255 382/320/252 270/470/379
f 384/322/254 383/323/255 284/494/397
f 265/408/328 392/595/479 385/596/480
f 262/393/315 261/411/331 388/597/481
f 263/391/313 390/598/482 391/599/483
f 260/410/330 259/416/336 386/600/484
f 258/403/323 385/596/480 386/600/484
f 264/417/337 391/599/483 392/595/479
f 391/599/483 399/601/485 400/602/486
f 392/595/479 400/602/486 393/603/487
f 388/597/481 387/604/488 395/605/489
f 389/606/490 388/597/481 396/607/491
f 387/604/488 386/600/484 394/608/492
f 390/609/482 389/606/490 397/610/493
f 390/598/482 398/611/494 399/601/485
f 385/596/480 393/603/487 394/608/492
f 414/612/495 410/613/496 720/614/497
f 417/615/498 402/616/499 714/617/500
f 412/618/501 413/619/502 406/620/503
f 410/613/496 411/621/504 714/617/500
f 415/622/505 404/623/506 402/616/499
f 416/624/507 403/625/508 404/623/506
f 412/618/501 407/626/509 403/625/508
f 413/619/502 414/612/495 405/627/510
f 721/628/511 212/629/512 214/419/339
f 716/630/513 719/631/514 213/406/326
f 717/632/320 716/630/513 211/387/309
f 721/628/511 401/633/515 212/629/512
f 401/633/515 408/398/319 209/395/316
f 718/634/516 210/635/517 213/406/326
f 397/636/493 417/637/498 411/638/504
f 394/639/492 412/640/501 416/641/507
f 396/642/491 415/643/505 417/637/498
f 395/644/489 416/641/507 415/643/505
f 400/645/486 414/646/495 413/647/502
f 399/648/485 410/649/496 414/646/495
f 394/639/492 393/650/487 413/647/502
f 399/648/485 398/651/494 411/638/504
f 422/652/518 423/122/85 419/653/519
f 8/246/192 421/654/520 420/121/84
f 5/123/86 9/204/158 418/655/521
f 5/123/86 419/653/519 421/654/520
f 9/204/158 1/259/202 422/652/518
f 4/257/200 423/122/85 422/652/518
f 229/447/364 235/452/351 244/443/350
f 236/454/368 252/444/361 251/446/363
f 247/415/335 248/462/360 244/430/350
f 237/458/371 236/656/368 251/451/363
f 249/439/358 250/453/367 231/420/340
f 715/657/522 214/419/339 210/658/517
f 227/659/356 239/660/372 250/453/367
f 95/661/523 86/217/170 84/163/122
f 51/192/148 48/180/138 60/239/188
f 434/176/134 429/173/131 427/226/178
f 428/229/181 430/179/137 433/178/136
f 101/177/135 424/174/132 429/173/131
f 430/179/137 424/174/132 101/177/135
f 424/174/132 430/179/137 425/175/133
f 754/662/524 53/663/525 96/225/177
f 58/171/129 434/176/134 431/170/128
f 428/229/181 432/221/173 99/220/172
f 58/171/129 755/664/526 101/177/135
f 427/226/178 56/168/127 431/170/128
f 431/170/128 434/176/134 427/226/178
f 50/160/119 56/168/127 427/226/178
f 432/221/173 428/229/181 433/178/136
f 428/229/181 99/220/172 92/218/171
f 97/228/180 95/661/523 426/665/527
f 53/663/525 84/163/122 46/161/120
f 102/222/174 101/177/135 755/664/526
f 102/222/174 432/221/173 433/178/136
f 102/222/174 433/178/136 101/177/135
f 454/666/528 751/667/529 453/668/530
f 754/662/524 95/661/523 84/163/122
f 751/667/529 96/225/177 453/668/530
f 452/669/531 429/173/131 425/175/133
f 97/228/180 428/229/181 92/218/171
f 95/661/523 97/228/180 86/217/170
f 54/227/179 50/160/119 427/226/178
f 50/160/119 54/227/179 46/161/120
f 35/200/126 46/161/120 70/164/123
f 84/163/122 86/217/170 70/164/123
f 47/670/121 35/167/126 45/131/94
f 132/280/220 131/281/124 35/200/126
f 71/250/195 72/244/103 85/193/149
f 71/250/195 129/249/101 72/244/103
f 93/242/190 107/671/532 104/189/146
f 93/242/190 106/188/145 90/232/184
f 60/239/188 48/180/138 62/243/191
f 62/672/191 61/182/140 59/673/189
f 75/674/209 32/675/475 42/585/472
f 75/676/209 80/590/476 66/592/478
f 442/39/533 444/677/534 443/678/535
f 439/52/536 441/679/537 449/680/538
f 439/52/536 449/680/538 450/51/539
f 445/47/540 447/49/541 448/681/542
f 443/682/535 445/47/540 448/681/542
f 441/679/537 443/683/535 448/684/542
f 447/49/541 455/685/543 456/686/544
f 453/668/530 96/225/177 53/663/525
f 54/227/179 451/687/545 46/161/120
f 451/687/545 453/668/530 46/161/120
f 753/223/175 751/667/529 454/666/528
f 454/666/528 452/669/531 425/175/133
f 429/173/131 452/669/531 451/687/545
f 452/669/531 454/666/528 453/668/530
f 456/686/544 455/685/543 459/688/546
f 448/684/542 456/689/544 457/690/547
f 447/49/541 450/51/539 458/691/548
f 450/51/539 449/680/538 457/690/547
f 460/692/549 459/688/546 463/693/550
f 457/690/547 456/689/544 460/694/549
f 458/691/548 462/695/551 459/688/546
f 457/690/547 461/696/552 462/695/551
f 463/693/550 467/697/553 468/698/554
f 460/694/549 464/699/555 465/700/556
f 459/688/546 462/695/551 466/701/557
f 461/696/552 465/700/556 466/701/557
f 464/699/555 468/702/554 469/703/558
f 463/693/550 466/701/557 470/704/559
f 466/701/557 465/700/556 469/703/558
f 76/209/162 80/590/476 75/676/209
f 38/152/112 75/674/209 42/585/472
f 39/587/474 164/329/260 764/705/210
f 75/266/209 66/593/478 82/194/150
f 123/258/201 31/268/211 65/706/560
f 67/707/155 482/708/561 474/213/166
f 63/127/90 64/709/160 115/128/91
f 115/276/91 64/255/160 116/254/198
f 79/591/477 73/196/152 77/195/151
f 74/210/163 73/196/152 79/591/477
f 78/211/164 74/210/163 79/591/477
f 723/710/562 76/209/162 75/676/209
f 80/590/476 76/209/162 78/211/164
f 42/585/472 40/150/110 38/152/112
f 40/150/110 41/586/473 37/151/111
f 41/586/473 39/587/474 36/711/563
f 41/586/473 36/711/563 37/151/111
f 31/712/211 473/146/106 481/713/564
f 476/714/221 472/715/116 474/213/166
f 471/716/105 475/717/565 478/718/566
f 482/708/561 480/719/567 484/720/568
f 473/146/106 478/718/566 724/721/569
f 486/722/570 483/723/156 479/724/161
f 725/725/571 477/726/222 474/213/166
f 480/727/567 479/728/161 483/729/156
f 475/730/565 471/731/105 472/732/116
f 63/207/90 65/733/560 481/713/564
f 73/734/152 483/735/156 486/736/570
f 484/737/568 494/738/572 490/739/573
f 36/740/563 44/741/574 478/742/566
f 74/743/163 76/744/162 485/745/575
f 64/206/160 480/746/567 482/708/561
f 492/747/576 488/748/577 496/749/578
f 475/750/565 491/751/579 487/752/580
f 476/753/221 492/754/576 491/755/579
f 484/756/568 483/729/156 493/757/581
f 37/758/111 36/759/563 487/752/580
f 74/760/163 490/739/573 489/203/157
f 476/761/221 37/758/111 488/748/577
f 493/762/581 489/203/157 497/763/582
f 487/752/580 491/751/579 495/764/583
f 493/757/581 497/765/582 498/766/584
f 488/748/577 487/752/580 495/764/583
f 490/739/573 498/767/584 497/763/582
f 491/755/579 492/754/576 496/768/578
f 183/363/293 185/357/287 189/368/296
f 350/769/450 356/560/456 355/550/452
f 359/562/458 358/770/466 357/771/457
f 358/572/466 374/577/468 370/568/463
f 358/770/466 373/564/460 374/772/468
f 351/553/453 357/561/457 353/546/449
f 507/773/585 508/774/586 506/59/587
f 503/72/588 513/775/589 505/776/590
f 503/72/588 514/70/591 513/775/589
f 509/67/592 512/777/593 511/68/594
f 507/778/585 512/777/593 509/67/592
f 505/776/590 513/775/589 512/779/593
f 516/780/595 515/781/596 511/68/594
f 516/780/595 520/782/597 519/783/598
f 517/784/599 516/785/595 512/779/593
f 511/68/594 515/781/596 518/786/600
f 514/70/591 518/786/600 517/784/599
f 520/782/597 524/787/601 523/788/602
f 517/784/599 521/789/603 520/790/597
f 519/783/598 522/791/604 518/786/600
f 522/791/604 521/789/603 517/784/599
f 528/792/605 527/793/606 523/788/602
f 525/794/607 524/795/601 520/790/597
f 519/783/598 523/788/602 526/796/608
f 526/796/608 525/794/607 521/789/603
f 529/797/609 528/798/605 524/795/601
f 523/788/602 527/793/606 530/799/610
f 526/796/608 530/799/610 529/797/609
f 536/800/611 535/801/612 532/802/613
f 535/801/612 534/803/614 531/804/615
f 539/805/616 538/806/617 535/801/612
f 535/801/612 538/806/617 537/807/618
f 539/805/616 542/808/619 541/809/620
f 541/809/620 540/810/621 537/807/618
f 545/811/622 544/812/623 541/809/620
f 541/809/620 544/812/623 543/813/624
f 545/814/622 548/815/625 547/816/626
f 551/817/627 550/818/628 547/816/626
f 550/818/628 549/819/629 546/820/630
f 550/818/628 554/821/631 553/822/632
f 555/823/633 554/821/631 550/818/628
f 531/804/615 534/803/614 552/824/634
f 678/825/635 677/826/636 542/808/619
f 534/803/614 537/807/618 552/824/634
f 676/827/637 675/828/638 548/815/625
f 537/807/618 540/810/621 552/824/634
f 551/817/627 674/829/639 673/830/640
f 540/810/621 543/813/624 552/824/634
f 679/831/641 678/825/635 539/805/616
f 555/823/633 673/830/640 680/832/642
f 546/820/630 549/819/629 552/824/634
f 533/833/643 680/832/642 679/831/641
f 549/819/629 553/822/632 552/824/634
f 677/826/636 676/834/637 545/811/622
f 675/828/638 674/829/639 551/817/627
f 532/802/613 531/804/615 553/822/632
f 533/833/643 532/802/613 554/821/631
f 553/822/632 531/804/615 552/824/634
f 556/835/644 566/836/645 570/837/646
f 632/838/647 612/839/648 611/840/649
f 611/841/649 610/842/650 636/843/651
f 557/844/652 560/845/653 571/846/654
f 557/844/652 556/847/644 710/848/655
f 642/849/656 607/850/657 606/851/658
f 561/852/659 572/853/660 568/854/661
f 644/855/662 606/851/658 613/856/663
f 609/857/664 608/858/665 640/859/666
f 610/842/650 609/857/664 638/860/667
f 569/861/668 595/862/669 594/863/670
f 608/858/665 607/850/657 642/849/656
f 559/864/671 570/837/646 572/853/660
f 615/865/672 613/856/663 612/839/648
f 562/866/673 573/867/674 571/846/654
f 567/868/675 571/846/654 579/869/676
f 578/870/677 570/837/646 566/836/645
f 564/871/678 566/872/645 567/868/675
f 602/873/679 601/874/680 578/870/677
f 572/853/660 580/875/681 576/876/682
f 583/877/683 592/878/684 591/879/685
f 570/837/646 578/870/677 580/875/681
f 573/867/674 581/880/686 579/869/676
f 574/881/687 586/882/688 601/874/680
f 582/883/689 590/884/690 562/866/673
f 575/885/691 587/886/692 586/882/688
f 563/887/693 597/888/694 602/889/679
f 594/890/670 596/891/695 593/892/696
f 592/893/684 593/892/696 596/891/695
f 580/875/681 603/894/697 600/895/698
f 600/895/698 599/896/699 583/877/683
f 577/897/700 581/880/686 593/892/696
f 604/898/701 605/899/702 581/880/686
f 569/900/668 594/890/670 590/884/690
f 583/901/683 599/902/699 604/898/701
f 601/874/680 603/894/697 580/875/681
f 579/869/676 581/880/686 605/899/702
f 584/903/703 600/895/698 603/894/697
f 584/903/703 588/904/704 589/905/705
f 574/906/687 602/889/679 597/888/694
f 585/907/706 589/908/705 605/899/702
f 557/844/652 567/868/675 566/872/645
f 586/882/688 588/904/704 603/894/697
f 587/886/692 589/905/705 588/904/704
f 598/909/707 605/899/702 589/908/705
f 573/867/674 590/884/690 593/892/696
f 569/861/668 582/910/689 591/879/685
f 595/862/669 596/911/695 594/863/670
f 568/854/661 591/879/685 582/910/689
f 568/854/661 576/876/682 591/879/685
f 562/866/673 590/884/690 573/867/674
f 642/849/656 643/912/708 641/913/709
f 618/914/710 619/915/711 617/916/712
f 639/917/713 643/918/708 635/919/714
f 620/920/715 621/921/716 619/915/711
f 638/860/667 639/922/713 637/923/717
f 620/924/715 622/925/718 623/926/719
f 636/843/651 637/923/717 635/927/714
f 622/925/718 624/928/720 625/929/721
f 642/849/656 644/855/662 645/930/722
f 632/838/647 634/931/723 635/932/714
f 624/928/720 626/933/724 627/934/725
f 644/855/662 615/865/672 614/935/726
f 615/865/672 632/838/647 633/936/727
f 628/937/728 629/938/729 627/934/725
f 616/939/730 617/916/712 631/940/731
f 630/941/732 631/940/731 629/938/729
f 640/859/666 641/913/709 639/922/713
f 626/942/724 622/943/718 630/944/732
f 663/502/733 649/501/734 647/500/735
f 658/503/736 651/501/737 663/502/733
f 658/503/736 659/504/738 653/500/739
f 659/504/738 660/507/740 655/505/741
f 662/506/742 647/500/735 657/505/743
f 666/508/744 665/514/745 660/507/740
f 652/510/746 659/504/738 658/503/736
f 652/510/746 654/509/747 660/507/740
f 646/510/748 648/513/749 664/512/750
f 666/508/744 672/517/751 671/515/752
f 646/510/748 661/511/753 666/508/744
f 667/511/754 670/518/755 669/516/756
f 672/517/751 667/511/754 668/506/757
f 669/516/756 670/518/755 664/512/750
f 625/929/721 627/934/725 673/830/640
f 629/938/729 680/832/642 673/830/640
f 623/926/719 625/929/721 674/829/639
f 621/945/716 623/926/719 675/828/638
f 621/921/716 676/834/637 677/826/636
f 619/915/711 677/826/636 678/825/635
f 617/916/712 678/825/635 679/831/641
f 631/940/731 679/831/641 680/832/642
f 757/946/758 763/947/759 613/856/663
f 611/841/649 761/948/760 758/949/761
f 760/950/762 761/951/760 611/840/649
f 608/858/665 762/952/763 756/953/764
f 756/953/764 757/946/758 606/851/658
f 609/857/664 759/954/765 762/952/763
f 610/842/650 758/949/761 759/954/765
f 763/947/759 760/950/762 612/839/648
f 702/955/766 693/956/767 713/957/768
f 707/958/769 690/959/770 705/960/771
f 700/961/772 695/962/773 694/963/774
f 698/964/775 713/957/768 707/958/769
f 690/959/770 692/965/776 703/966/777
f 692/965/776 691/967/778 704/968/779
f 691/967/778 695/962/773 700/961/772
f 701/969/780 694/963/774 693/956/767
f 712/970/781 562/866/673 560/845/653
f 711/971/782 559/864/671 561/852/659
f 710/972/655 556/835/644 559/864/671
f 706/973/783 560/845/653 689/974/784
f 689/974/784 560/845/653 557/844/652
f 561/852/659 558/975/785 709/976/786
f 699/977/787 705/978/771 685/979/788
f 704/980/779 700/981/772 682/982/789
f 685/979/788 705/978/771 703/983/777
f 703/983/777 704/980/779 683/984/790
f 701/985/780 702/986/766 688/987/791
f 702/986/766 698/988/775 687/989/792
f 700/981/772 701/985/780 681/990/793
f 698/988/775 699/977/787 686/991/794
f 577/897/700 592/893/684 583/901/683
f 584/903/703 599/896/699 600/895/698
f 592/878/684 596/911/695 595/862/669
f 585/907/706 604/898/701 599/902/699
f 579/869/676 598/909/707 597/888/694
f 558/992/785 562/866/673 712/970/781
f 575/993/691 597/888/694 598/909/707
f 171/464/373 165/334/265 167/338/269
f 336/534/438 342/536/440 376/580/469
f 339/581/470 343/537/441 345/465/374
f 339/581/470 345/465/374 341/467/376
f 174/350/281 168/340/271 266/523/428
f 175/346/277 170/583/272 266/579/428
f 172/994/795 178/347/278 173/349/280
f 174/350/281 170/341/272 180/343/274
f 344/995/444 338/535/439 348/529/433
f 340/524/429 341/467/376 346/539/443
f 195/556/291 186/355/285 180/343/274
f 170/341/272 174/350/281 266/523/428
f 171/464/373 173/349/280 177/344/275
f 426/665/527 750/230/182 97/228/180
f 104/189/146 107/671/532 51/192/148
f 402/996/499 404/997/506 407/998/509
f 690/999/770 707/1000/769 693/1001/767
f 490/739/573 494/738/572 498/767/584
f 336/534/438 376/580/469 326/519/425
f 158/522/258 168/340/271 163/339/270
f 376/1002/469 338/584/439 343/537/441
f 350/1003/450 363/531/435 354/530/434
f 326/526/425 376/1002/469 337/527/431
f 38/152/112 723/1004/562 75/674/209
f 723/1005/562 725/1006/571 729/1007/796
f 723/1008/562 732/1009/797 733/1010/798
f 485/1011/575 727/1012/799 729/1013/796
f 76/744/162 723/1005/562 728/1014/800
f 485/745/575 76/744/162 726/1015/801
f 341/467/376 340/524/429 335/331/262
f 477/726/222 725/725/571 733/1016/798
f 38/1017/112 730/1018/802 732/1009/797
f 477/284/222 731/1019/803 730/1018/802
f 167/338/269 166/337/268 172/994/795
f 733/1016/798 737/1020/804 736/1021/805
f 732/1009/797 730/1018/802 736/1022/805
f 733/1010/798 732/1009/797 737/1023/804
f 727/1024/799 726/1015/801 734/1025/806
f 729/1013/796 727/1012/799 734/1026/806
f 728/1014/800 735/1027/807 734/1025/806
f 173/349/280 167/338/269 172/994/795
f 728/1014/800 729/1007/796 735/1027/807
f 730/1018/802 731/1019/803 736/1022/805
f 722/1028/808 744/1029/809 745/1030/810
f 722/1031/808 724/1032/569 741/1033/811
f 478/742/566 44/741/574 738/1034/812
f 478/718/566 739/1035/813 741/1036/811
f 44/741/574 722/1031/808 740/1037/814
f 745/1038/810 749/1039/815 748/1040/816
f 486/722/570 724/721/569 745/1038/810
f 81/1041/817 742/1042/818 744/1029/809
f 486/736/570 743/1043/819 742/1042/818
f 742/1042/818 743/1043/819 748/1044/816
f 744/1029/809 742/1042/818 748/1044/816
f 741/1036/811 739/1035/813 746/1045/820
f 740/1037/814 741/1033/811 747/1046/821
f 740/1037/814 747/1046/821 746/1047/820
f 745/1030/810 744/1029/809 749/1048/815
f 739/1049/813 738/1034/812 746/1047/820
f 426/665/527 752/224/176 753/223/175
f 430/179/137 750/230/182 753/223/175
f 754/662/524 752/224/176 426/665/527
f 428/229/181 97/228/180 750/230/182
f 102/222/174 755/664/526 107/671/532
f 107/671/532 755/664/526 58/171/129
f 24/264/207 23/1050/206 128/277/216
f 117/270/213 16/1051/822 127/275/217
f 16/1051/822 117/270/213 17/149/109
f 10/154/114 118/262/205 22/155/115
f 11/269/212 7/147/107 17/149/109
f 21/278/218 6/153/113 22/155/115
f 7/147/107 130/139/102 18/148/108
f 6/153/113 21/278/218 132/280/220
f 27/251/196 131/165/124 28/1052/219
f 20/271/214 19/1053/215 129/249/101
f 7/147/107 68/291/224 130/139/102
f 70/164/123 68/291/224 132/280/220
f 113/143/104 112/142/97 118/262/205
f 112/134/97 111/137/100 128/277/216
f 115/128/91 127/274/217 114/126/89
f 116/254/198 117/270/213 115/276/91
f 1/259/202 9/204/158 119/265/208
f 263/394/313 262/393/315 389/606/490
f 261/411/331 260/410/330 387/604/488
f 688/1054/791 687/1055/792 760/950/762
f 681/1056/793 688/1054/791 763/947/759
f 759/954/765 684/1057/823 683/1058/790
f 758/949/761 685/1059/788 684/1057/823
f 762/952/763 683/1058/790 682/1060/789
f 761/948/760 686/1061/794 685/1059/788
f 687/1055/792 686/1062/794 761/951/760
f 682/1060/789 681/1056/793 757/946/758
f 82/194/150 81/1063/817 722/1064/808
f 4/257/200 12/120/83 423/122/85
f 34/166/125 69/129/92 45/131/94
f 8/246/192 12/120/83 13/136/99
f 31/712/211 29/144/96 473/146/106
f 29/144/96 30/156/95 471/145/105
f 47/670/121 45/131/94 52/159/118
f 52/169/118 50/160/119 47/162/121
f 57/181/139 56/168/127 52/169/118
f 45/131/94 83/130/93 49/158/117
f 62/243/191 48/180/138 57/181/139
f 59/673/189 61/182/140 103/184/142
f 52/159/118 49/158/117 57/186/139
f 49/158/117 89/172/130 55/185/143
f 61/182/140 55/185/143 108/183/141
f 58/171/129 56/168/127 51/192/148
f 62/672/191 57/186/139 61/182/140
f 71/250/195 85/193/149 69/129/92
f 81/1063/817 82/194/150 73/196/152
f 33/253/165 2/197/153 67/199/155
f 493/762/581 483/201/156 489/203/157
f 25/1065/223 9/204/158 26/205/159
f 480/746/567 64/206/160 479/208/161
f 472/157/116 30/156/95 474/213/166
f 88/245/169 94/214/167 85/193/149
f 94/219/167 88/216/169 92/218/171
f 100/231/183 94/219/167 99/220/172
f 85/193/149 91/215/168 83/130/93
f 751/667/529 753/223/175 96/225/177
f 110/237/187 100/231/183 90/232/184
f 108/183/141 109/233/185 103/184/142
f 94/214/167 100/235/183 91/215/168
f 91/215/168 98/236/186 89/172/130
f 87/187/144 98/236/186 108/183/141
f 102/222/174 93/242/190 99/220/172
f 98/236/186 100/235/183 109/233/185
f 69/129/92 121/124/87 71/250/195
f 30/141/95 113/143/104 33/253/165
f 3/198/154 116/254/198 67/199/155
f 14/135/98 12/120/83 15/261/204
f 123/258/201 122/256/199 1/259/202
f 65/706/560 63/127/90 122/256/199
f 25/1065/223 24/264/207 9/204/158
f 114/126/89 120/260/203 4/257/200
f 111/137/100 29/133/96 123/258/201
f 116/254/198 3/198/154 117/270/213
f 10/154/114 2/197/153 118/262/205
f 13/136/99 20/271/214 126/248/194
f 43/125/88 121/124/87 34/166/125
f 16/1066/822 15/261/204 127/274/217
f 38/1017/112 37/282/111 477/284/222
f 13/1067/99 14/1068/98 15/287/204
f 15/287/204 16/1069/822 17/285/109
f 17/285/109 18/1070/108 19/286/215
f 19/286/215 20/1071/214 13/1067/99
f 13/1067/99 15/287/204 19/286/215
f 21/1072/218 22/1073/115 23/290/206
f 23/290/206 24/1074/207 25/288/223
f 25/288/223 26/1075/159 27/289/196
f 27/289/196 28/1076/219 21/1072/218
f 21/1072/218 23/290/206 27/289/196
f 135/321/253 134/292/225 138/294/227
f 134/292/225 133/295/228 137/293/226
f 138/294/227 137/293/226 141/298/231
f 140/297/230 137/293/226 139/299/232
f 144/302/235 141/298/231 143/300/233
f 140/297/230 139/299/232 143/300/233
f 147/324/256 144/302/235 146/303/236
f 146/303/236 143/300/233 145/304/237
f 147/1077/256 146/305/236 150/307/239
f 153/326/257 150/307/239 152/308/240
f 149/306/238 148/309/241 152/308/240
f 156/312/244 152/308/240 155/311/243
f 153/326/257 152/308/240 157/313/245
f 382/320/252 141/298/231 381/315/247
f 147/1077/256 150/307/239 380/317/249
f 153/326/257 157/313/245 378/319/251
f 383/323/255 138/294/227 382/320/252
f 377/318/250 157/313/245 384/322/254
f 384/322/254 135/321/253 383/323/255
f 381/315/247 144/302/235 380/325/249
f 150/307/239 153/326/257 379/316/248
f 156/312/244 155/311/243 134/292/225
f 135/321/253 157/313/245 134/292/225
f 169/335/266 158/327/258 164/329/260
f 328/532/436 333/330/261 330/332/263
f 164/329/260 160/333/264 169/335/266
f 162/582/471 161/336/267 167/338/269
f 161/336/267 163/339/270 166/337/268
f 172/994/795 174/350/281 178/347/278
f 195/361/291 176/351/273 194/352/282
f 177/344/275 179/348/279 192/354/284
f 177/344/275 192/354/284 181/345/276
f 184/356/286 178/347/278 186/355/285
f 186/367/285 182/358/288 199/360/290
f 182/554/288 195/361/291 187/362/292
f 185/357/287 183/363/293 193/353/283
f 192/354/284 183/363/293 194/352/282
f 184/1078/286 197/364/294 185/366/287
f 179/348/279 178/347/278 193/353/283
f 184/1078/286 186/367/285 197/364/294
f 183/363/293 189/368/296 187/362/292
f 190/551/306 205/370/298 191/372/300
f 196/359/289 200/373/301 199/360/290
f 198/365/295 197/364/294 202/376/304
f 197/364/294 199/360/290 201/375/303
f 185/366/287 198/365/295 189/379/296
f 196/359/289 191/380/300 200/373/301
f 196/359/289 182/358/288 191/380/300
f 203/374/302 200/373/301 207/383/299
f 201/375/303 205/384/298 202/376/304
f 205/384/298 201/375/303 207/383/299
f 218/421/341 208/386/308 222/388/310
f 264/417/337 285/389/311 263/391/313
f 287/1079/312 289/392/314 263/394/313
f 212/629/512 209/395/316 223/397/318
f 209/395/316 408/398/319 208/400/308
f 259/416/336 295/401/321 258/403/323
f 210/635/517 220/404/324 213/406/326
f 258/403/323 297/402/322 265/408/328
f 291/412/332 293/409/329 261/411/331
f 289/392/314 291/412/332 262/393/315
f 293/409/329 295/401/321 260/410/330
f 222/388/310 211/387/309 224/405/325
f 265/408/328 268/407/327 264/417/337
f 212/629/512 223/397/318 214/419/339
f 215/424/344 231/420/340 219/396/317
f 216/1080/343 218/421/341 230/422/342
f 218/459/341 216/423/343 219/396/317
f 216/1080/343 230/422/342 254/426/346
f 220/404/324 228/427/347 224/405/325
f 228/427/347 243/429/349 235/431/351
f 230/422/342 222/388/310 232/428/348
f 223/397/318 231/420/340 225/418/338
f 238/437/357 226/433/353 253/425/345
f 210/658/517 214/419/339 234/435/355
f 239/460/372 227/436/356 238/437/357
f 216/423/343 254/438/346 215/424/344
f 242/434/354 245/440/359 246/442/334
f 228/427/347 252/444/361 232/428/348
f 228/427/347 235/431/351 252/444/361
f 233/432/352 229/447/364 245/440/359
f 229/447/364 233/432/352 256/449/366
f 246/442/334 221/450/333 242/434/354
f 229/447/364 256/449/366 235/452/351
f 230/422/342 232/428/348 253/425/345
f 233/432/352 231/420/340 257/448/365
f 252/444/361 236/454/368 255/445/362
f 237/1081/371 241/456/370 236/454/368
f 227/659/356 249/439/358 226/457/353
f 241/461/370 237/458/371 257/448/365
f 208/400/308 218/459/341 209/395/316
f 240/455/369 238/437/357 255/445/362
f 241/456/370 239/460/372 240/455/369
f 239/660/372 241/461/370 250/453/367
f 242/434/354 225/418/338 245/440/359
f 234/463/355 221/413/333 243/429/349
f 210/635/517 234/463/355 220/404/324
f 171/464/373 175/346/277 165/334/265
f 293/409/329 294/468/377 295/401/321
f 269/495/398 270/470/379 271/472/381
f 288/475/383 286/1082/391 296/473/378
f 267/1083/394 298/1084/390 296/473/378
f 296/473/378 294/1085/377 292/1086/386
f 292/1086/386 290/474/382 296/473/378
f 286/1082/391 267/1083/394 296/473/378
f 271/472/381 272/471/380 273/477/385
f 289/392/314 290/478/382 291/412/332
f 275/484/388 273/480/385 276/482/387
f 287/1079/312 288/483/383 289/392/314
f 277/489/392 275/484/388 278/485/389
f 297/402/322 295/401/321 298/486/390
f 287/390/312 285/389/311 288/488/383
f 279/1087/824 277/489/392 280/490/393
f 268/407/327 297/402/322 267/491/394
f 285/389/311 268/407/327 286/487/391
f 279/1087/824 280/490/393 281/493/396
f 283/496/399 284/494/397 269/495/398
f 281/493/396 282/492/395 283/496/399
f 291/412/332 292/479/386 293/409/329
f 283/499/399 269/1088/398 271/1089/381
f 271/1089/381 273/1090/385 275/497/388
f 275/497/388 277/1091/392 279/1092/824
f 279/1092/824 281/498/396 275/497/388
f 283/499/399 271/1089/381 275/497/388
f 315/506/409 300/500/400 316/502/402
f 303/513/825 301/513/416 317/512/415
f 317/512/415 316/502/402 311/503/404
f 302/501/401 304/501/403 316/502/402
f 311/503/404 303/513/825 317/512/415
f 312/504/406 311/503/404 306/500/405
f 313/507/410 312/504/406 308/505/407
f 318/514/417 310/505/408 315/506/409
f 309/509/826 307/509/412 319/508/411
f 313/507/410 308/505/407 318/514/417
f 318/514/417 319/508/411 313/507/410
f 308/505/407 310/505/408 318/514/417
f 303/513/825 311/503/404 305/510/413
f 307/509/412 305/510/413 313/507/410
f 299/510/419 314/511/414 301/513/416
f 325/517/423 319/508/411 324/515/418
f 309/509/826 319/508/411 299/510/419
f 323/518/424 320/511/420 322/516/422
f 320/511/420 325/517/423 321/506/421
f 322/516/422 316/502/402 323/518/424
f 336/534/438 326/519/425 331/521/427
f 172/994/795 166/337/268 174/350/281
f 327/594/426 326/526/425 332/528/432
f 344/995/444 348/529/433 363/531/435
f 333/330/261 328/532/436 337/527/431
f 334/525/430 329/533/437 335/331/262
f 329/533/437 334/525/430 331/521/427
f 340/524/429 346/539/443 342/536/440
f 349/538/442 344/540/444 362/542/445
f 345/465/374 360/543/446 347/466/375
f 345/465/374 349/538/442 360/543/446
f 348/529/433 346/539/443 354/530/434
f 364/575/467 350/547/450 367/549/451
f 350/769/450 355/550/452 363/541/435
f 360/543/446 351/553/453 361/544/447
f 355/550/452 351/553/453 362/542/445
f 352/1093/448 353/557/449 365/559/455
f 352/545/448 346/539/443 361/544/447
f 352/1093/448 365/559/455 354/548/434
f 198/365/295 202/376/304 190/378/306
f 351/553/453 355/550/452 357/561/457
f 358/770/466 359/562/458 373/564/460
f 364/575/467 367/549/451 368/566/462
f 188/1094/297 189/567/296 191/372/300
f 369/569/464 365/559/455 370/568/463
f 365/559/455 369/569/464 367/549/451
f 353/557/449 357/571/457 366/558/454
f 364/575/467 368/566/462 359/574/458
f 356/1095/456 350/547/450 359/574/458
f 372/573/465 368/566/462 375/576/459
f 369/569/464 370/568/463 373/578/460
f 371/565/461 369/569/464 375/576/459
f 340/524/429 342/536/440 334/525/430
f 333/330/261 339/581/470 335/331/262
f 337/527/431 343/537/441 333/330/261
f 280/490/393 278/485/389 377/318/250
f 160/333/264 162/582/471 165/334/265
f 40/150/110 42/585/472 161/336/267
f 162/582/471 41/586/473 161/336/267
f 41/586/473 162/582/471 39/587/474
f 42/1096/472 32/588/475 163/339/270
f 331/521/427 80/590/476 329/533/437
f 78/211/164 79/591/477 329/533/437
f 80/590/476 331/521/427 66/592/478
f 332/528/432 82/194/150 327/594/426
f 82/194/150 332/528/432 77/195/151
f 79/591/477 77/195/151 330/332/263
f 384/322/254 282/492/395 377/318/250
f 278/485/389 276/482/387 378/319/251
f 276/482/387 274/481/384 379/316/248
f 272/471/380 381/315/247 274/476/384
f 270/470/379 382/320/252 272/471/380
f 284/494/397 383/323/255 270/470/379
f 282/492/395 384/322/254 284/494/397
f 258/403/323 265/408/328 385/596/480
f 389/606/490 262/393/315 388/597/481
f 264/417/337 263/391/313 391/599/483
f 387/604/488 260/410/330 386/600/484
f 259/416/336 258/403/323 386/600/484
f 265/408/328 264/417/337 392/595/479
f 392/595/479 391/599/483 400/602/486
f 385/596/480 392/595/479 393/603/487
f 396/607/491 388/597/481 395/605/489
f 397/610/493 389/606/490 396/607/491
f 395/605/489 387/604/488 394/608/492
f 398/1097/494 390/609/482 397/610/493
f 391/599/483 390/598/482 399/601/485
f 386/600/484 385/596/480 394/608/492
f 405/627/510 414/612/495 720/614/497
f 411/621/504 417/615/498 714/617/500
f 407/626/509 412/618/501 406/620/503
f 720/614/497 410/613/496 714/617/500
f 417/615/498 415/622/505 402/616/499
f 415/622/505 416/624/507 404/623/506
f 416/624/507 412/618/501 403/625/508
f 406/620/503 413/619/502 405/627/510
f 715/657/522 721/628/511 214/419/339
f 211/387/309 716/630/513 213/406/326
f 208/386/308 717/632/320 211/387/309
f 212/629/512 401/633/515 209/395/316
f 719/631/514 718/634/516 213/406/326
f 398/651/494 397/636/493 411/638/504
f 395/644/489 394/639/492 416/641/507
f 397/636/493 396/642/491 417/637/498
f 396/642/491 395/644/489 415/643/505
f 393/650/487 400/645/486 413/647/502
f 400/645/486 399/648/485 414/646/495
f 412/640/501 394/639/492 413/647/502
f 410/649/496 399/648/485 411/638/504
f 421/654/520 419/653/519 423/122/85
f 418/655/521 422/652/518 419/653/519
f 423/122/85 420/121/84 421/654/520
f 12/120/83 8/246/192 420/121/84
f 419/653/519 5/123/86 418/655/521
f 8/246/192 5/123/86 421/654/520
f 418/655/521 9/204/158 422/652/518
f 1/259/202 4/257/200 422/652/518
f 243/429/349 247/415/335 244/430/350
f 256/449/366 237/458/371 251/451/363
f 215/424/344 249/439/358 231/420/340
f 718/1098/516 715/657/522 210/658/517
f 249/439/358 227/659/356 250/453/367
f 752/224/176 754/662/524 96/225/177
f 53/663/525 754/662/524 84/163/122
f 106/188/145 93/242/190 104/189/146
f 441/40/537 442/39/533 443/678/535
f 449/680/538 441/679/537 448/684/542
f 448/681/542 447/49/541 456/686/544
f 46/161/120 453/668/530 53/663/525
f 425/175/133 753/223/175 454/666/528
f 54/227/179 429/173/131 451/687/545
f 451/687/545 452/669/531 453/668/530
f 460/692/549 456/686/544 459/688/546
f 449/680/538 448/684/542 457/690/547
f 455/685/543 447/49/541 458/691/548
f 458/691/548 450/51/539 457/690/547
f 464/1099/555 460/692/549 463/693/550
f 461/696/552 457/690/547 460/694/549
f 455/685/543 458/691/548 459/688/546
f 458/691/548 457/690/547 462/695/551
f 464/1099/555 463/693/550 468/698/554
f 461/696/552 460/694/549 465/700/556
f 463/693/550 459/688/546 466/701/557
f 462/695/551 461/696/552 466/701/557
f 465/700/556 464/699/555 469/703/558
f 467/697/553 463/693/550 470/704/559
f 470/704/559 466/701/557 469/703/558
f 32/1100/475 75/1101/209 764/705/210
f 764/705/210 722/1102/808 44/1103/574
f 44/1103/574 36/711/563 764/705/210
f 39/587/474 160/333/264 164/329/260
f 164/329/260 159/328/259 32/1100/475
f 32/1100/475 764/705/210 164/329/260
f 36/711/563 39/587/474 764/705/210
f 122/256/199 123/258/201 65/706/560
f 33/212/165 67/707/155 474/213/166
f 65/733/560 31/712/211 481/713/564
f 477/726/222 476/714/221 474/213/166
f 473/146/106 471/716/105 478/718/566
f 485/1011/575 482/708/561 484/720/568
f 724/721/569 486/722/570 481/713/564
f 481/713/564 473/146/106 724/721/569
f 481/713/564 486/722/570 479/724/161
f 474/213/166 482/708/561 725/725/571
f 485/1011/575 725/725/571 482/708/561
f 484/756/568 480/727/567 483/729/156
f 476/753/221 475/730/565 472/732/116
f 479/208/161 63/207/90 481/713/564
f 81/1041/817 73/734/152 486/736/570
f 74/760/163 484/737/568 490/739/573
f 475/1104/565 36/740/563 478/742/566
f 484/1105/568 74/743/163 485/745/575
f 67/707/155 64/206/160 482/708/561
f 36/759/563 475/750/565 487/752/580
f 475/730/565 476/753/221 491/755/579
f 494/1106/572 484/756/568 493/757/581
f 488/748/577 37/758/111 487/752/580
f 73/202/152 74/760/163 489/203/157
f 492/747/576 476/761/221 488/748/577
f 494/1106/572 493/757/581 498/766/584
f 496/749/578 488/748/577 495/764/583
f 489/203/157 490/739/573 497/763/582
f 495/1107/583 491/755/579 496/768/578
f 356/1108/456 359/562/458 357/771/457
f 366/558/454 358/572/466 370/568/463
f 505/58/590 507/773/585 506/59/587
f 507/1109/585 505/776/590 512/779/593
f 512/777/593 516/780/595 511/68/594
f 515/781/596 516/780/595 519/783/598
f 513/775/589 517/784/599 512/779/593
f 514/70/591 511/68/594 518/786/600
f 513/775/589 514/70/591 517/784/599
f 519/783/598 520/782/597 523/788/602
f 516/785/595 517/784/599 520/790/597
f 515/781/596 519/783/598 518/786/600
f 518/786/600 522/791/604 517/784/599
f 524/787/601 528/792/605 523/788/602
f 521/789/603 525/794/607 520/790/597
f 522/791/604 519/783/598 526/796/608
f 522/791/604 526/796/608 521/789/603
f 525/794/607 529/797/609 524/795/601
f 526/796/608 523/788/602 530/799/610
f 525/794/607 526/796/608 529/797/609
f 533/833/643 536/800/611 532/802/613
f 532/802/613 535/801/612 531/804/615
f 536/800/611 539/805/616 535/801/612
f 534/803/614 535/801/612 537/807/618
f 538/806/617 539/805/616 541/809/620
f 538/806/617 541/809/620 537/807/618
f 542/808/619 545/811/622 541/809/620
f 540/810/621 541/809/620 543/813/624
f 544/1110/623 545/814/622 547/816/626
f 548/815/625 551/817/627 547/816/626
f 547/816/626 550/818/628 546/820/630
f 549/819/629 550/818/628 553/822/632
f 551/817/627 555/823/633 550/818/628
f 539/805/616 678/825/635 542/808/619
f 545/814/622 676/827/637 548/815/625
f 555/823/633 551/817/627 673/830/640
f 536/800/611 679/831/641 539/805/616
f 533/833/643 555/823/633 680/832/642
f 536/800/611 533/833/643 679/831/641
f 542/808/619 677/826/636 545/811/622
f 548/815/625 675/828/638 551/817/627
f 554/821/631 532/802/613 553/822/632
f 555/823/633 533/833/643 554/821/631
f 559/864/671 556/835/644 570/837/646
f 634/931/723 632/838/647 611/840/649
f 634/1111/723 611/841/649 636/843/651
f 567/868/675 557/844/652 571/846/654
f 696/1112/827 557/844/652 710/848/655
f 644/855/662 642/849/656 606/851/658
f 558/975/785 561/852/659 568/854/661
f 615/865/672 644/855/662 613/856/663
f 638/860/667 609/857/664 640/859/666
f 636/843/651 610/842/650 638/860/667
f 640/859/666 608/858/665 642/849/656
f 561/852/659 559/864/671 572/853/660
f 632/838/647 615/865/672 612/839/648
f 560/845/653 562/866/673 571/846/654
f 563/887/693 567/868/675 579/869/676
f 564/1113/678 578/870/677 566/836/645
f 563/887/693 564/871/678 567/868/675
f 564/1113/678 602/873/679 578/870/677
f 568/854/661 572/853/660 576/876/682
f 576/876/682 583/877/683 591/879/685
f 572/853/660 570/837/646 580/875/681
f 571/846/654 573/867/674 579/869/676
f 602/873/679 574/881/687 601/874/680
f 558/992/785 582/883/689 562/866/673
f 574/881/687 575/885/691 586/882/688
f 564/871/678 563/887/693 602/889/679
f 590/884/690 594/890/670 593/892/696
f 576/876/682 580/875/681 600/895/698
f 576/876/682 600/895/698 583/877/683
f 592/893/684 577/897/700 593/892/696
f 577/897/700 604/898/701 581/880/686
f 582/883/689 569/900/668 590/884/690
f 577/897/700 583/901/683 604/898/701
f 578/870/677 601/874/680 580/875/681
f 598/909/707 579/869/676 605/899/702
f 588/904/704 584/903/703 603/894/697
f 585/1114/706 584/903/703 589/905/705
f 575/993/691 574/906/687 597/888/694
f 604/898/701 585/907/706 605/899/702
f 556/847/644 557/844/652 566/872/645
f 601/874/680 586/882/688 603/894/697
f 586/882/688 587/886/692 588/904/704
f 587/1115/692 598/909/707 589/908/705
f 581/880/686 573/867/674 593/892/696
f 595/862/669 569/861/668 591/879/685
f 558/975/785 568/854/661 582/910/689
f 640/859/666 642/849/656 641/913/709
f 616/939/730 618/914/710 617/916/712
f 614/1116/726 633/1117/727 635/919/714
f 635/919/714 637/1118/717 639/917/713
f 639/917/713 641/1119/709 643/918/708
f 643/918/708 645/1120/722 614/1116/726
f 614/1116/726 635/919/714 643/918/708
f 618/914/710 620/920/715 619/915/711
f 636/843/651 638/860/667 637/923/717
f 621/945/716 620/924/715 623/926/719
f 634/1111/723 636/843/651 635/927/714
f 623/926/719 622/925/718 625/929/721
f 643/912/708 642/849/656 645/930/722
f 633/936/727 632/838/647 635/932/714
f 625/929/721 624/928/720 627/934/725
f 645/930/722 644/855/662 614/935/726
f 614/935/726 615/865/672 633/936/727
f 626/933/724 628/937/728 627/934/725
f 630/941/732 616/939/730 631/940/731
f 628/937/728 630/941/732 629/938/729
f 638/860/667 640/859/666 639/922/713
f 618/1121/710 616/1122/730 630/944/732
f 630/944/732 628/1123/728 626/942/724
f 626/942/724 624/1124/720 622/943/718
f 622/943/718 620/1125/715 618/1121/710
f 618/1121/710 630/944/732 622/943/718
f 662/506/742 663/502/733 647/500/735
f 664/512/750 648/513/749 650/513/828
f 650/513/828 658/503/736 664/512/750
f 651/501/737 649/501/734 663/502/733
f 663/502/733 664/512/750 658/503/736
f 651/501/737 658/503/736 653/500/739
f 653/500/739 659/504/738 655/505/741
f 665/514/745 662/506/742 657/505/743
f 660/507/740 654/509/747 666/508/744
f 656/509/829 666/508/744 654/509/747
f 665/514/745 657/505/743 655/505/741
f 655/505/741 660/507/740 665/514/745
f 650/513/828 652/510/746 658/503/736
f 659/504/738 652/510/746 660/507/740
f 661/511/753 646/510/748 664/512/750
f 665/514/745 666/508/744 671/515/752
f 656/509/829 646/510/748 666/508/744
f 668/506/757 667/511/754 669/516/756
f 671/515/752 672/517/751 668/506/757
f 663/502/733 669/516/756 664/512/750
f 674/829/639 625/929/721 673/830/640
f 627/934/725 629/938/729 673/830/640
f 675/828/638 623/926/719 674/829/639
f 676/827/637 621/945/716 675/828/638
f 619/915/711 621/921/716 677/826/636
f 617/916/712 619/915/711 678/825/635
f 631/940/731 617/916/712 679/831/641
f 629/938/729 631/940/731 680/832/642
f 606/851/658 757/946/758 613/856/663
f 610/842/650 611/841/649 758/949/761
f 612/839/648 760/950/762 611/840/649
f 607/850/657 608/858/665 756/953/764
f 607/850/657 756/953/764 606/851/658
f 608/858/665 609/857/664 762/952/763
f 609/857/664 610/842/650 759/954/765
f 613/856/663 763/947/759 612/839/648
f 698/964/775 702/955/766 713/957/768
f 699/1126/787 707/958/769 705/960/771
f 701/969/780 700/961/772 694/963/774
f 699/1126/787 698/964/775 707/958/769
f 705/960/771 690/959/770 703/966/777
f 703/966/777 692/965/776 704/968/779
f 704/968/779 691/967/778 700/961/772
f 702/955/766 701/969/780 693/956/767
f 706/973/783 712/970/781 560/845/653
f 708/1127/830 711/971/782 561/852/659
f 711/971/782 710/972/655 559/864/671
f 696/1112/827 689/974/784 557/844/652
f 708/1127/830 561/852/659 709/976/786
f 686/991/794 699/977/787 685/979/788
f 683/984/790 704/980/779 682/982/789
f 684/1128/823 685/979/788 703/983/777
f 684/1128/823 703/983/777 683/984/790
f 681/990/793 701/985/780 688/987/791
f 688/987/791 702/986/766 687/989/792
f 682/982/789 700/981/772 681/990/793
f 687/989/792 698/988/775 686/991/794
f 591/879/685 592/878/684 595/862/669
f 584/1129/703 585/907/706 599/902/699
f 563/887/693 579/869/676 597/888/694
f 709/1130/786 558/992/785 712/970/781
f 587/1115/692 575/993/691 598/909/707
f 173/349/280 171/464/373 167/338/269
f 169/335/266 175/346/277 266/579/428
f 176/342/273 195/556/291 180/343/274
f 60/239/188 104/189/146 51/192/148
f 407/998/509 406/1131/503 405/1132/510
f 405/1132/510 720/1133/497 407/998/509
f 714/1134/500 402/996/499 407/998/509
f 404/997/506 403/1135/508 407/998/509
f 407/998/509 720/1133/497 714/1134/500
f 693/1001/767 694/1136/774 692/1137/776
f 695/1138/773 691/1139/778 692/1137/776
f 692/1137/776 690/999/770 693/1001/767
f 707/1000/769 713/1140/768 693/1001/767
f 694/1136/774 695/1138/773 692/1137/776
f 159/589/259 158/522/258 163/339/270
f 337/527/431 376/1002/469 343/537/441
f 728/1014/800 723/1005/562 729/1007/796
f 725/1141/571 723/1008/562 733/1010/798
f 725/725/571 485/1011/575 729/1013/796
f 726/1015/801 76/744/162 728/1014/800
f 727/1024/799 485/745/575 726/1015/801
f 731/1142/803 477/726/222 733/1016/798
f 723/1008/562 38/1017/112 732/1009/797
f 38/1017/112 477/284/222 730/1018/802
f 731/1142/803 733/1016/798 736/1021/805
f 737/1023/804 732/1009/797 736/1022/805
f 735/1143/807 729/1013/796 734/1026/806
f 726/1015/801 728/1014/800 734/1025/806
f 724/1144/569 722/1028/808 745/1030/810
f 740/1037/814 722/1031/808 741/1033/811
f 739/1049/813 478/742/566 738/1034/812
f 724/721/569 478/718/566 741/1036/811
f 738/1034/812 44/741/574 740/1037/814
f 743/1145/819 745/1038/810 748/1040/816
f 743/1145/819 486/722/570 745/1038/810
f 722/1028/808 81/1041/817 744/1029/809
f 81/1041/817 486/736/570 742/1042/818
f 749/1048/815 744/1029/809 748/1044/816
f 747/1146/821 741/1036/811 746/1045/820
f 738/1034/812 740/1037/814 746/1047/820
f 750/230/182 426/665/527 753/223/175
f 425/175/133 430/179/137 753/223/175
f 95/661/523 754/662/524 426/665/527
f 93/242/190 102/222/174 107/671/532
f 51/192/148 107/671/532 58/171/129
f 119/265/208 24/264/207 128/277/216
f 111/137/100 1/259/202 119/265/208
f 390/609/482 263/394/313 389/606/490
f 388/597/481 261/411/331 387/604/488
f 763/947/759 688/1054/791 760/950/762
f 757/946/758 681/1056/793 763/947/759
f 762/952/763 759/954/765 683/1058/790
f 759/954/765 758/949/761 684/1057/823
f 756/953/764 762/952/763 682/1060/789
f 758/949/761 761/948/760 685/1059/788
f 760/950/762 687/1055/792 761/951/760
f 756/953/764 682/1060/789 757/946/758
f 764/267/210 82/194/150 722/1064/808
