# Blender v2.76 (sub 0) OBJ File: 'npc_cyborg_diego_die.blend'
# www.blender.org
v 0.074970 0.872101 0.056812
v -0.000518 0.811061 0.296190
v -0.084649 0.813174 0.265154
v -0.010049 0.877828 0.038322
v 0.156770 1.150024 0.185546
v 0.072850 1.128675 0.435520
v -0.187952 1.121823 0.346272
v -0.105671 1.165297 0.092140
v 0.224056 1.073704 0.168157
v 0.139034 1.046511 0.443744
v -0.255319 1.052337 0.304029
v -0.169284 1.096115 0.039651
v -0.187374 1.186992 0.107752
v -0.220095 1.103951 0.100681
v -0.245519 1.044667 0.129307
v -0.263486 1.029759 0.195202
v -0.264996 1.075847 0.267453
v -0.238554 1.174991 0.301790
v -0.198620 1.252152 0.258798
v -0.183246 1.227744 0.167986
v 0.150649 1.165486 0.421811
v 0.172235 1.064379 0.418308
v 0.209849 1.002714 0.349617
v 0.236330 1.016041 0.276442
v 0.236124 1.074247 0.231503
v 0.214685 1.156946 0.230755
v 0.183426 1.226420 0.267864
v 0.156917 1.235851 0.353345
v 0.148587 0.719180 0.123149
v 0.138342 0.716242 0.271294
v 0.091953 0.718085 0.084151
v 0.021959 0.405184 0.205325
v 0.073677 0.704001 0.291968
v 0.050938 1.255600 0.253012
v 0.037239 1.227345 0.315870
v 0.158840 0.577147 0.136012
v 0.159860 0.545486 0.296161
v 0.114338 0.540603 0.319199
v 0.189194 0.415297 0.118105
v 0.163024 0.486292 0.269972
v 0.221546 0.474265 0.194413
v 0.075896 0.426678 0.266183
v 0.090787 1.209648 0.203227
v 0.106533 0.564387 0.056392
v 0.027686 1.298824 0.300046
v 0.025964 1.235408 0.361007
v 0.038513 1.279876 0.326751
v 0.030101 1.370003 0.440106
v 0.047690 1.357393 0.310450
v 0.038783 1.263358 0.367723
v -0.003021 1.354859 0.499344
v 0.060620 1.319635 0.365183
v -0.015484 1.186733 0.386006
v 0.013256 1.236538 0.377973
v 0.045843 1.405024 0.326071
v 0.032687 1.321203 0.429375
v 0.059373 1.369834 0.388470
v -0.016309 1.300129 0.476545
v 0.007746 1.449036 0.412233
v -0.001869 1.418466 0.464224
v 0.040276 1.445813 0.368813
v 0.039276 1.420144 0.423741
v -0.132064 0.723018 0.104530
v -0.143507 0.718712 0.249157
v -0.074420 0.719625 0.074497
v -0.021543 0.403185 0.205500
v -0.080919 0.704333 0.281612
v -0.060831 1.090957 0.378141
v -0.002286 1.264418 0.234470
v -0.034374 1.155841 0.318358
v -0.057875 1.258991 0.230078
v -0.071501 1.226384 0.289882
v -0.156411 0.577872 0.135966
v -0.157488 0.546008 0.295934
v 0.000376 0.408248 0.246395
v -0.112715 0.547086 0.319698
v -0.189026 0.419819 0.114579
v -0.162033 0.487306 0.269584
v -0.221006 0.477132 0.193822
v -0.074581 0.426480 0.266227
v -0.104544 0.568211 0.057397
v -0.053214 0.475373 0.085395
v -0.011658 1.309772 0.280311
v -0.029408 1.210534 0.337419
v -0.056257 1.300845 0.281226
v -0.079898 1.236999 0.337773
v -0.008716 1.426062 0.280226
v -0.078929 1.281736 0.302093
v -0.006024 1.368357 0.262161
v -0.115902 1.373671 0.406628
v -0.075860 1.360497 0.282121
v -0.097626 1.265338 0.338217
v -0.112643 1.357613 0.474209
v -0.113096 1.324213 0.325027
v -0.062504 1.186815 0.375310
v -0.019321 1.194816 0.408281
v -0.085478 1.229344 0.391199
v -0.078729 1.408154 0.297508
v -0.115883 1.324937 0.395309
v -0.119741 1.374335 0.347400
v -0.055033 1.288680 0.467169
v -0.093381 1.302066 0.458872
v -0.031257 1.460596 0.382313
v -0.056310 1.403670 0.485338
v -0.079898 1.451238 0.392137
v -0.095350 1.420815 0.442789
v -0.060447 1.355285 0.498078
v -0.018539 1.461903 0.326992
v -0.090388 1.449097 0.338852
v -0.114631 1.424011 0.388451
v 0.144798 0.858279 0.159645
v 0.135253 0.842491 0.224715
v 0.097862 0.825727 0.281562
v -0.117983 0.870640 0.080956
v -0.145407 0.856488 0.134797
v -0.149050 0.836832 0.197492
v -0.234266 0.995834 0.243715
v 0.150747 0.980226 0.378374
v 0.193382 0.994436 0.199752
v -0.169737 1.013358 0.082871
v 0.013691 1.216795 0.177925
v -0.043128 0.838020 0.048452
v 0.083135 0.833100 0.072611
v 0.138446 1.213549 0.229935
v -0.067881 1.219329 0.156871
v -0.111374 1.228900 0.139317
v -0.191478 0.984167 0.129177
v 0.176310 0.975967 0.286569
v -0.106386 1.252830 0.190658
v -0.119124 1.237815 0.284205
v 0.113118 1.240994 0.242325
v 0.076940 1.229316 0.333546
v 0.190732 1.105853 0.360223
v 0.220250 1.107936 0.353011
v 0.186375 1.171930 0.357360
v 0.204428 1.085671 0.320364
v 0.239434 1.069864 0.346395
v 0.197671 1.138475 0.390872
v 0.216229 1.109696 0.277652
v 0.281108 1.091071 0.304303
v 0.238470 1.138378 0.417685
v 0.213064 1.166702 0.254058
v 0.292719 1.170889 0.244942
v 0.278346 1.173652 0.424303
v 0.208441 1.194852 0.266989
v 0.280869 1.243045 0.278088
v 0.297637 1.221620 0.410368
v 0.184033 1.226277 0.348722
v 0.259207 1.269240 0.350821
v 0.286676 1.253182 0.386029
v 0.176084 1.211421 0.378221
v 0.240422 1.234131 0.420535
v 0.251440 1.251111 0.359812
v 0.163316 1.161275 0.316837
v 0.183007 1.156746 0.382778
v 0.231385 1.175561 0.365234
v 0.208770 1.218592 0.344142
v 0.181080 0.106728 0.175784
v 0.099505 0.303147 0.189831
v 0.205538 0.348636 0.101116
v 0.219850 0.322903 0.251417
v 0.257568 0.356988 0.159849
v 0.156653 0.298759 0.266732
v 0.133572 0.329295 0.091461
v 0.279045 0.136332 0.094405
v 0.280472 0.116345 0.225705
v 0.312490 0.132713 0.150863
v 0.232543 0.097137 0.225168
v 0.229568 0.120170 0.092099
v 0.242334 0.030905 0.145474
v 0.314812 0.093238 0.177105
v 0.327110 0.012974 0.182761
v 0.348048 0.055499 0.161450
v 0.274587 -0.016466 0.150343
v 0.254561 0.087605 0.172809
v 0.224438 0.075703 0.090145
v 0.311871 0.131855 0.144662
v 0.350313 0.039825 0.075954
v 0.370382 0.093508 0.110627
v 0.279355 0.016049 0.055400
v 0.238337 0.145039 0.126193
v 0.283382 0.192021 -0.315971
v 0.321396 0.267918 -0.274645
v 0.378677 0.158759 -0.234160
v 0.360082 0.236565 -0.294879
v 0.329673 0.125645 -0.249709
v 0.280750 0.252303 -0.283314
v 0.251167 0.309712 -0.405173
v 0.305560 0.327935 -0.389537
v 0.451967 0.172294 -0.438782
v 0.356764 0.102846 -0.461280
v 0.324965 0.211984 -0.081956
v 0.374237 0.183063 -0.142151
v 0.265156 0.209490 -0.090249
v 0.260185 0.153473 -0.166472
v 0.347263 0.093947 -0.383009
v 0.413288 0.126807 -0.332216
v 0.438616 0.168960 -0.374648
v 0.374279 0.102909 -0.346928
v 0.436404 -0.019955 -0.366497
v 0.527734 0.025012 -0.357089
v 0.536493 0.070932 -0.413066
v 0.493372 -0.002452 -0.344992
v 0.439897 -0.033890 -0.397890
v 0.533307 0.007866 -0.396600
v 0.538563 0.067197 -0.425465
v 0.498790 -0.021918 -0.388622
v 0.809808 0.088621 0.877512
v 0.831446 0.107002 0.855086
v 0.863143 0.059050 0.801539
v 0.818737 0.067353 0.858422
v 0.851754 0.097704 0.815013
v 0.832761 0.046427 0.836930
v 0.865382 0.078690 0.801591
v 0.903416 0.132451 0.922052
v 0.889577 0.103101 0.932069
v 0.257433 1.352117 0.269175
v 0.854689 0.095749 0.909783
v 0.870471 0.125528 0.899404
v 0.897852 0.053086 0.835893
v 0.996796 0.049185 0.782797
v 0.865066 0.081468 0.892821
v 0.888402 0.113513 0.847163
v 0.883783 0.056165 0.863555
v 0.920134 0.103201 0.820384
v 1.013449 0.124956 0.982094
v 1.018392 0.130152 0.966677
v 0.932835 0.057549 0.857119
v 0.956304 0.082836 0.834006
v 0.898211 0.080606 0.918353
v 0.929558 0.110150 0.883705
v 0.918141 0.060647 0.887095
v 0.949468 0.092975 0.848583
v 0.912865 0.053748 0.806123
v 0.961427 0.070735 0.837669
v 1.060277 0.072691 0.910737
v 1.056318 0.083054 0.907167
v 1.052594 0.099390 0.965388
v 1.052518 0.115342 0.952814
v 1.067168 0.082207 0.941745
v 1.068917 0.094290 0.927968
v 0.917830 0.080968 0.796991
v 0.941271 0.059957 0.826490
v 0.954326 0.078685 0.819127
v 0.948066 0.087142 0.819067
v 0.999607 0.064503 0.780985
v 1.001806 0.052382 0.798897
v 1.007994 0.066650 0.795869
v 0.958432 0.128703 0.952073
v 0.991038 0.112746 0.918260
v 1.010644 0.069063 0.874730
v 0.987278 0.065507 0.890564
v 0.965707 0.082055 0.943554
v 0.947983 0.106525 0.956292
v 0.981632 0.064601 0.920077
v 1.006300 0.080434 0.870813
v 1.009192 0.093632 0.888275
v 0.541175 0.164377 0.645128
v 0.570639 0.136364 0.596637
v 0.581951 0.076442 0.579735
v 0.568483 0.019712 0.604324
v 0.538126 -0.000594 0.656000
v 0.508662 0.027419 0.704491
v 0.497351 0.087341 0.721393
v 0.510818 0.144071 0.696804
v 0.214485 0.064508 0.167109
v 0.468855 0.128280 0.655985
v 0.505369 0.131101 0.682312
v 0.078507 1.276391 0.556163
v 0.142718 1.199555 0.504269
v 0.115574 1.303019 0.568709
v 0.213855 1.205803 0.508197
v 0.135762 1.342363 0.551831
v 0.255126 1.257298 0.472698
v 0.127246 1.371376 0.515416
v 0.242033 1.301901 0.416715
v 0.095014 1.373063 0.480795
v 0.147646 1.343881 0.405337
v 0.057947 1.346436 0.468249
v 0.088899 1.315846 0.412307
v 0.037759 1.307092 0.485126
v 0.066306 1.259915 0.430787
v 0.046275 1.278078 0.521542
v 0.077612 1.221397 0.479132
v 0.494477 0.085008 0.702321
v 0.457609 0.085450 0.673893
v 0.503704 0.036320 0.688609
v 0.465390 0.040214 0.660678
v 0.527643 0.013559 0.649209
v 0.487639 0.019069 0.624081
v 0.552273 0.030058 0.607200
v 0.511324 0.034402 0.585540
v 0.563164 0.076151 0.587190
v 0.522570 0.077231 0.567631
v 0.553938 0.124838 0.600902
v 0.514789 0.122468 0.580846
v 0.529999 0.147599 0.640303
v 0.492539 0.143613 0.617444
v 0.425731 0.065687 0.654962
v 0.467640 0.025233 0.586576
v 0.462806 0.085825 0.665771
v 0.504715 0.045372 0.597384
v 0.472282 0.124705 0.648579
v 0.514191 0.084251 0.580193
v 0.444682 0.143445 0.620579
v 0.486592 0.102992 0.552193
v 0.407607 0.123307 0.609771
v 0.449516 0.082854 0.541384
v 0.398131 0.084428 0.626962
v 0.440040 0.043974 0.558576
v 0.493120 0.104590 0.614575
v 0.465521 0.123331 0.586575
v 0.428445 0.103193 0.575767
v 0.438760 0.053110 0.633702
v 0.454378 0.038034 0.608215
v 0.491454 0.058172 0.619024
v 0.475835 0.073249 0.644510
v 0.426779 0.056775 0.580215
v 0.411160 0.071851 0.605702
v 0.427213 0.005731 0.654650
v 0.442830 -0.009344 0.629166
v 0.513974 0.013566 0.659213
v 0.498356 0.028641 0.684697
v 0.382160 0.010718 0.580119
v 0.366543 0.025793 0.605603
v -0.190938 0.108604 0.175327
v -0.103319 0.302846 0.189286
v -0.208586 0.351103 0.100654
v -0.223627 0.325783 0.250954
v -0.260365 0.360913 0.159383
v -0.160953 0.299879 0.266586
v -0.135166 0.333029 0.087708
v -0.288066 0.140661 0.095401
v -0.290024 0.121009 0.225240
v -0.322128 0.135000 0.153802
v -0.242515 0.101195 0.224685
v -0.239033 0.123302 0.092721
v -0.253810 0.037289 0.148784
v -0.324580 0.101865 0.181251
v -0.341003 0.011707 0.174075
v -0.358402 0.066850 0.167211
v -0.287412 -0.009936 0.151743
v -0.264749 0.093478 0.175150
v -0.234886 0.081714 0.093671
v -0.320642 0.140969 0.148666
v -0.361349 0.048996 0.079468
v -0.380053 0.105113 0.114160
v -0.291019 0.023426 0.058910
v -0.247088 0.151390 0.129731
v -0.290643 0.199748 -0.312699
v -0.327060 0.276371 -0.271013
v -0.386580 0.168581 -0.230413
v -0.366318 0.245354 -0.290225
v -0.338510 0.134337 -0.246129
v -0.286839 0.259772 -0.279752
v -0.257215 0.316663 -0.402033
v -0.311032 0.335882 -0.385794
v -0.461613 0.181989 -0.432859
v -0.367782 0.111774 -0.456925
v -0.333760 0.220889 -0.078359
v -0.383397 0.193171 -0.138567
v -0.274033 0.216876 -0.086653
v -0.270263 0.160658 -0.162846
v -0.356907 0.102309 -0.378508
v -0.421454 0.136793 -0.326794
v -0.447057 0.178985 -0.368985
v -0.383042 0.111895 -0.341912
v -0.449584 -0.008595 -0.361607
v -0.539862 0.038623 -0.353001
v -0.547651 0.084428 -0.408665
v -0.506140 0.010299 -0.341089
v -0.453600 -0.022535 -0.393205
v -0.545981 0.021722 -0.392537
v -0.549889 0.080860 -0.420988
v -0.512173 -0.008915 -0.384750
v -0.225227 0.068905 0.165900
v 0.194821 1.227195 0.359849
v 0.229437 1.248007 0.372477
v 0.257660 1.246693 0.398593
v 0.265043 1.223001 0.424187
v 0.248360 1.189872 0.437110
v 0.214941 1.167529 0.430169
v 0.184570 1.169775 0.403377
v 0.177733 1.194179 0.373081
v 0.718452 0.176533 0.750113
v 0.750978 0.145609 0.696583
v 0.763464 0.079461 0.677925
v 0.748598 0.016836 0.705069
v 0.715086 -0.005580 0.762114
v 0.682561 0.025343 0.815644
v 0.670074 0.091492 0.834302
v 0.684941 0.154116 0.807158
v 0.842314 0.159269 0.825470
v 0.867792 0.135046 0.783540
v 0.877568 0.083233 0.768923
v 0.865916 0.034179 0.790181
v 0.839663 0.016621 0.834862
v 0.814186 0.040843 0.876791
v 0.804410 0.092657 0.891408
v 0.816061 0.141710 0.870151
v 0.797302 0.112954 0.808074
v 0.758402 0.028507 0.785065
v 0.789454 0.083077 0.731047
v 0.779909 0.042892 0.748462
v 0.739067 0.130983 0.813975
v 0.760574 0.145367 0.777372
v 0.781445 0.125524 0.743022
v 0.781932 0.106781 0.834098
v 0.252951 1.360218 0.290670
v 0.811022 0.091805 0.880337
v 0.819031 0.049358 0.868362
v 0.862946 0.126531 0.791969
v 0.842075 0.146375 0.826319
v 0.820567 0.131991 0.862922
v 0.861410 0.043899 0.797409
v 0.870955 0.084085 0.779994
v 0.839903 0.029515 0.834013
v 0.244812 1.090324 0.100473
v 0.180728 1.166098 0.100270
v -0.151677 1.100926 -0.008038
v -0.081471 1.180833 0.012382
v 0.086955 0.886136 0.028005
v 0.000027 0.892286 0.013212
v -0.053146 1.230722 0.452587
v -0.049719 1.230401 0.437607
v -0.066933 1.195928 0.397234
v 0.002617 1.264024 0.439525
v -0.095998 1.266501 0.416913
v -0.028115 1.247966 0.433550
v -0.064730 1.243824 0.427109
v -0.007355 1.298582 0.446178
v -0.088282 1.300616 0.427622
v -0.068794 1.289583 0.447039
v -0.033855 1.288705 0.455051
v 0.068662 1.471470 0.402865
v 0.040811 1.378035 0.514089
v 0.095416 1.462354 0.401906
v 0.067565 1.368920 0.513131
v 0.102332 1.440530 0.385305
v 0.074481 1.347095 0.496529
v 0.082494 1.427821 0.369661
v 0.054643 1.334386 0.480886
v 0.055741 1.436936 0.370620
v 0.027890 1.343502 0.481844
v 0.048825 1.458761 0.387222
v 0.020974 1.365326 0.498446
v 0.071814 1.469922 0.390007
v 0.062789 1.452832 0.372971
v 0.088046 1.443983 0.371879
v 0.096390 1.461312 0.388945
v 0.013158 1.227681 0.386053
v -0.021691 1.239729 0.442778
v 0.000186 1.223842 0.392152
v -0.027875 1.234717 0.432315
v 0.092217 1.524591 0.303463
v 0.078401 1.497255 0.301134
v 0.104864 1.483853 0.306725
v 0.117966 1.511551 0.308904
v 0.164309 1.426769 0.183820
v 0.144135 1.411636 0.202321
v 0.172332 1.393335 0.210296
v 0.190319 1.409979 0.193415
v 0.118978 1.262198 0.138217
v 0.098001 1.266459 0.160249
v 0.120090 1.265977 0.180815
v 0.140471 1.261728 0.158229
v 0.104955 1.167978 0.115264
v 0.083650 1.159809 0.135830
v 0.105616 1.154184 0.155755
v 0.126329 1.162505 0.134651
v 0.209382 0.706569 0.110432
v 0.200047 0.690695 0.324948
v 0.125388 0.707076 0.057931
v 0.112182 0.672090 0.359012
v 0.230145 0.598330 0.102175
v 0.227233 0.572498 0.334479
v 0.141363 0.553313 0.369101
v 0.152001 0.579823 0.020179
v -0.194796 0.710722 0.093322
v -0.205068 0.693072 0.305261
v -0.111999 0.708517 0.051310
v -0.112034 0.668831 0.354164
v -0.222941 0.601399 0.095247
v -0.228100 0.570018 0.324205
v -0.139288 0.561565 0.369406
v -0.148428 0.580587 0.018698
v 0.243286 0.336398 0.072643
v 0.243855 0.304021 0.278233
v -0.248896 0.340869 0.069775
v -0.250587 0.307855 0.274869
v 0.297140 0.357804 0.043049
v 0.297417 0.325815 0.342994
v -0.295028 0.369243 0.031302
v -0.297765 0.322597 0.326609
v 0.424735 -0.160044 0.044909
v 0.428415 -0.179213 0.220466
v -0.398892 -0.148963 0.008824
v -0.400636 -0.175970 0.177513
v -0.132292 1.476519 0.356787
v -0.160143 1.383085 0.468012
v -0.156360 1.468681 0.344176
v -0.184211 1.375246 0.455400
v -0.156390 1.447031 0.325981
v -0.184254 1.353727 0.437065
v -0.132352 1.433219 0.320398
v -0.160203 1.339785 0.431623
v -0.108284 1.441058 0.333010
v -0.136135 1.347624 0.444234
v -0.108254 1.462708 0.351204
v -0.136105 1.369274 0.462429
v -0.128924 1.475651 0.344021
v -0.112821 1.457928 0.332348
v -0.138062 1.450338 0.319506
v -0.153485 1.468265 0.331525
v -0.109081 1.527549 0.257599
v -0.096951 1.499560 0.261219
v -0.123489 1.487611 0.253723
v -0.134847 1.515921 0.250184
v -0.112283 1.434154 0.111045
v -0.101405 1.416173 0.129286
v -0.128909 1.404195 0.128108
v -0.139534 1.422450 0.111036
v -0.028442 1.271976 0.084107
v -0.026744 1.274883 0.114640
v -0.056797 1.277516 0.115658
v -0.057684 1.274538 0.085098
v -0.009802 1.176241 0.069475
v -0.008195 1.166703 0.098631
v -0.038273 1.164187 0.099044
v -0.039068 1.173793 0.069877
v -0.234494 1.149502 0.238159
v -0.232471 1.225712 0.186275
v -0.222372 1.264319 0.245736
v -0.224119 1.126402 0.200788
v -0.217381 1.158565 0.196150
v -0.209471 1.212952 0.262356
v -0.211782 1.145270 0.164960
v -0.261347 1.135556 0.159519
v -0.241265 1.174531 0.275347
v -0.203180 1.194806 0.153727
v -0.267925 1.193104 0.143161
v -0.287259 1.175737 0.284317
v -0.205394 1.218561 0.168343
v -0.273512 1.264294 0.167311
v -0.328075 1.209290 0.286432
v -0.229264 1.241981 0.237977
v -0.293851 1.289569 0.226799
v -0.344330 1.251862 0.281578
v -0.240538 1.236234 0.254619
v -0.338170 1.274171 0.224545
v -0.323357 1.284400 0.266009
v -0.180450 1.189321 0.228771
v -0.241921 1.194936 0.259814
v -0.289215 1.270470 0.195458
v -0.272135 1.292406 0.246778
v -0.867291 0.010498 0.660753
v -0.881430 0.043631 0.657399
v -0.911837 0.053736 0.585672
v -0.876557 0.010615 0.632283
v -0.896229 0.068974 0.622136
v -0.890319 0.013807 0.602334
v -0.910590 0.067973 0.599329
v -0.957805 0.033530 0.723555
v -0.951128 0.002947 0.710388
v 0.254031 1.356231 0.280599
v -0.914896 0.004476 0.689109
v -0.923326 0.036067 0.702319
v -0.952190 0.034722 0.606421
v -1.040275 0.091408 0.565778
v -0.924696 0.008393 0.667019
v -0.934304 0.067137 0.656393
v -0.942509 0.014881 0.628449
v -0.962543 0.085546 0.630049
v -1.075761 0.014148 0.762016
v -1.077136 0.029348 0.754520
v -0.988846 0.031909 0.624935
v -1.003445 0.070773 0.625877
v -0.961200 -0.001485 0.684939
v -0.980821 0.050009 0.680545
v -0.978932 0.010373 0.648641
v -0.997417 0.066412 0.643390
v -0.961790 0.058825 0.585471
v -1.011130 0.061067 0.620149
v -1.118704 0.036849 0.674513
v -1.112467 0.045556 0.679108
v -1.115506 0.016876 0.732387
v -1.110595 0.036484 0.734377
v -1.128798 0.024266 0.703484
v -1.126136 0.042415 0.701932
v -0.960368 0.085201 0.597769
v -0.991615 0.056239 0.604552
v -0.999819 0.077419 0.612268
v -0.992255 0.081878 0.618065
v -1.040035 0.104014 0.575097
v -1.047211 0.083997 0.579616
v -1.050234 0.097495 0.587343
v -1.016783 0.023839 0.742785
v -1.045708 0.043247 0.707461
v -1.065264 0.046700 0.645874
v -1.045783 0.027962 0.654744
v -1.030600 -0.001311 0.704339
v -1.011198 0.002987 0.730420
v -1.045277 0.006100 0.675373
v -1.058422 0.056252 0.650916
v -1.061777 0.054414 0.672661
v -0.555273 0.155792 0.544827
v -0.580855 0.175904 0.490555
v -0.599541 0.148081 0.436880
v -0.600384 0.088621 0.415243
v -0.582891 0.032356 0.438319
v -0.557309 0.012244 0.492590
v -0.538623 0.040067 0.546266
v -0.537780 0.099527 0.567903
v -0.493125 0.105945 0.527390
v -0.532387 0.098914 0.548448
v -0.171979 1.293367 0.491708
v -0.186481 1.226593 0.398554
v -0.216689 1.284789 0.508387
v -0.248441 1.188043 0.392087
v -0.258840 1.308729 0.507373
v -0.317644 1.217096 0.376002
v -0.273739 1.351163 0.489259
v -0.340549 1.282331 0.348154
v -0.252659 1.387235 0.464656
v -0.288850 1.371741 0.373966
v -0.207949 1.395813 0.447977
v -0.222822 1.382687 0.378140
v -0.165799 1.371873 0.448991
v -0.168675 1.347717 0.373513
v -0.150900 1.329439 0.467105
v -0.148894 1.291381 0.397561
v -0.533126 0.050594 0.530890
v -0.492607 0.061239 0.510579
v -0.548346 0.027982 0.487294
v -0.505903 0.040360 0.469728
v -0.569132 0.044324 0.443198
v -0.525223 0.055539 0.428766
v -0.583307 0.090046 0.424432
v -0.539250 0.097885 0.411690
v -0.582567 0.138365 0.441989
v -0.539768 0.142591 0.428501
v -0.567347 0.160977 0.485585
v -0.526472 0.163469 0.469352
v -0.546562 0.144635 0.529682
v -0.507152 0.148290 0.510313
v -0.462013 0.052546 0.483127
v -0.498602 0.080332 0.405934
v -0.496262 0.068214 0.505001
v -0.532852 0.095999 0.427808
v -0.495867 0.109252 0.519585
v -0.532457 0.137037 0.442393
v -0.461223 0.134622 0.512296
v -0.497813 0.162407 0.435103
v -0.426974 0.118954 0.490422
v -0.463564 0.146739 0.413230
v -0.427369 0.077916 0.475838
v -0.463959 0.105702 0.398645
v -0.514061 0.123068 0.481203
v -0.479417 0.148438 0.473914
v -0.445168 0.132770 0.452040
v -0.473388 0.061184 0.459129
v -0.487024 0.071540 0.430360
v -0.521273 0.087207 0.452234
v -0.507637 0.076852 0.481003
v -0.452381 0.096910 0.423071
v -0.438744 0.086554 0.451839
v -0.473869 0.011177 0.441355
v -0.487504 0.021531 0.412589
v -0.557491 0.034322 0.450368
v -0.543856 0.023968 0.479133
v -0.417081 0.054096 0.390930
v -0.403446 0.043742 0.419696
v -0.264664 1.284246 0.271594
v -0.301626 1.277242 0.286517
v -0.321188 1.248904 0.301414
v -0.309366 1.215492 0.311694
v -0.275795 1.194058 0.312381
v -0.236583 1.198772 0.304583
v -0.216760 1.228854 0.286629
v -0.229518 1.264201 0.271635
v -0.878022 0.102734 0.672310
v -0.900142 0.120124 0.625383
v -0.916295 0.096066 0.578969
v -0.917018 0.044654 0.560258
v -0.901887 -0.003997 0.580209
v -0.879766 -0.021387 0.627136
v -0.863614 0.002670 0.673550
v -0.862891 0.054083 0.692262
v -0.853005 0.074843 0.639696
v -0.821726 0.017698 0.556216
v -0.833529 0.099672 0.555201
v -0.834121 0.057554 0.539872
v -0.789780 0.065278 0.648012
v -0.802176 0.105134 0.631668
v -0.820297 0.119380 0.593224
v -0.843408 0.049322 0.654125
v 0.261550 1.365148 0.295992
v -0.868375 0.011112 0.665001
v -0.881608 -0.008596 0.626978
v -0.898301 0.107333 0.625542
v -0.880179 0.093086 0.663985
v -0.867784 0.053231 0.680330
v -0.912125 0.045506 0.572189
v -0.911533 0.087624 0.587518
v -0.899730 0.005650 0.588534
v -0.866963 0.085752 0.610063
v -0.803605 0.003451 0.594660
v -0.867897 0.024960 0.587785
v -0.877494 0.050480 0.573356
v -0.843795 0.024141 0.644898
v -0.853938 0.014050 0.617418
v -0.877107 0.075661 0.582584
v -0.790372 0.023160 0.632683
v 0.737530 0.048351 0.819415
v 0.820707 0.069737 0.770288
v 0.783601 0.054832 0.833114
v 0.776256 0.082706 0.844470
v 0.815032 0.045662 0.780660
v 0.799662 0.039488 0.806683
v 0.729522 0.090798 0.831390
v 0.813363 0.097610 0.781643
v 0.000963 0.561806 0.056484
v 0.000545 0.536329 0.318995
v 0.001339 0.559460 0.017171
v 0.001000 0.572919 0.370263
v -0.156359 0.336822 0.339221
v -0.207486 0.331834 0.394196
v -0.008768 0.330918 0.339341
v -0.026234 0.311626 0.394219
v 0.156101 0.320835 0.311654
v 0.203934 0.316644 0.377091
v 0.002340 0.318911 0.302936
v 0.021702 0.298929 0.373861
v -0.209588 -0.182583 0.341316
v -0.085255 -0.196761 0.341061
v 0.192024 -0.190122 0.284973
v 0.063539 -0.199596 0.280787
v 0.138341 0.321568 0.030404
v 0.212082 0.323547 -0.024590
v 0.006139 0.318903 0.030796
v 0.022834 0.306770 -0.024634
v -0.137368 0.325338 0.026495
v -0.213385 0.327512 -0.026811
v -0.005090 0.322086 0.027239
v -0.024686 0.307765 -0.026768
v 0.196578 -0.198046 0.002036
v 0.068087 -0.209182 0.001797
v -0.206292 -0.193238 -0.005252
v -0.078177 -0.206388 -0.005449
v -0.073937 1.224251 0.406384
v -0.013941 1.221624 0.420408
v -0.044581 1.186124 0.407868
v -0.048206 1.217336 0.431394
v -0.041411 1.185919 0.392321
v -0.058379 1.293642 0.482302
v -0.770671 0.158159 0.569622
v -0.742431 0.135957 0.629532
v -0.772919 -0.000304 0.511959
v -0.792229 0.061807 0.486485
v -0.724051 0.008208 0.631121
v -0.744679 -0.022506 0.571869
v -0.791298 0.127445 0.510370
v -0.723121 0.073846 0.655006
v -0.000066 0.465930 0.098156
v 0.256562 1.288014 0.322287
v 0.236108 1.285203 0.300843
v 0.234933 1.289187 0.310886
v 0.239511 1.281089 0.289419
v 0.267966 1.274224 0.284000
v 0.244401 1.277984 0.279792
v -0.220194 1.323056 0.190718
v -0.247663 1.328879 0.200604
v -0.223276 1.326762 0.200459
v -0.241793 1.317195 0.160416
v -0.218443 1.319569 0.178727
v -0.218691 1.317301 0.167726
v 0.272953 1.351358 0.257706
v 0.262430 1.349015 0.259579
v -0.216995 1.396093 0.169952
v -0.229508 1.405986 0.180840
v -0.220172 1.399817 0.179674
v -0.223639 1.394303 0.140651
v -0.215244 1.392607 0.157961
v -0.215599 1.390359 0.146939
vt 0.457393 0.207916
vt 0.545238 0.356780
vt 0.515582 0.408313
vt 0.423269 0.408313
vt 0.337793 0.408313
vt 0.306672 0.356291
vt 0.393541 0.207916
vt 0.854058 0.309848
vt 0.821721 0.293195
vt 0.835745 0.282957
vt 0.871149 0.276414
vt 0.869367 0.305215
vt 0.850786 0.322923
vt 0.816885 0.295972
vt 0.831985 0.294549
vt 0.807604 0.275692
vt 0.816269 0.225632
vt 0.811152 0.273008
vt 0.841069 0.244544
vt 0.869367 0.267648
vt 0.834537 0.277088
vt 0.817841 0.273841
vt 0.904625 0.092734
vt 0.924203 0.123578
vt 0.904625 0.155234
vt 0.869469 0.155234
vt 0.853844 0.123984
vt 0.869469 0.092734
vt 0.869790 0.155448
vt 0.851601 0.123945
vt 0.869790 0.092442
vt 0.906166 0.092442
vt 0.924355 0.123945
vt 0.906166 0.155448
vt 0.933594 0.152344
vt 0.945312 0.128906
vt 0.984375 0.128906
vt 0.968750 0.179688
vt 0.949219 0.125000
vt 0.968750 0.175781
vt 0.984375 0.125000
vt 0.933594 0.105469
vt 0.968750 0.078125
vt 0.933594 0.101562
vt 0.839209 0.342093
vt 0.811841 0.297203
vt 0.977292 0.697010
vt 0.914084 0.697011
vt 0.914084 0.684062
vt 0.977292 0.684062
vt 0.914084 0.671114
vt 0.977292 0.671114
vt 0.914084 0.658165
vt 0.977292 0.658165
vt 0.958069 0.740632
vt 0.958206 0.763465
vt 0.939820 0.775008
vt 0.921296 0.763719
vt 0.921158 0.740887
vt 0.939545 0.729344
vt 0.977292 0.709959
vt 0.914084 0.709959
vt 0.977292 0.722908
vt 0.914084 0.722908
vt 0.824883 0.764830
vt 0.839297 0.768219
vt 0.844007 0.747366
vt 0.853522 0.766736
vt 0.856820 0.747315
vt 0.866781 0.764902
vt 0.976918 0.670871
vt 0.976918 0.683746
vt 0.914070 0.683746
vt 0.914070 0.670871
vt 0.976918 0.696620
vt 0.914071 0.696620
vt 0.976918 0.709495
vt 0.914070 0.709495
vt 0.921426 0.763577
vt 0.921426 0.740679
vt 0.939934 0.729229
vt 0.958443 0.740679
vt 0.958443 0.763577
vt 0.939934 0.775027
vt 0.976918 0.657996
vt 0.914070 0.657996
vt 0.976918 0.645122
vt 0.914071 0.645122
vt 0.825333 0.764071
vt 0.844456 0.746607
vt 0.839746 0.767459
vt 0.857269 0.746555
vt 0.853972 0.765976
vt 0.867230 0.764142
vt 0.856897 0.242091
vt 0.826788 0.268115
vt 0.812452 0.273392
vt 0.833202 0.234003
vt 0.838574 0.337927
vt 0.815926 0.296870
vt 0.811666 0.295962
vt 0.904828 0.092937
vt 0.869672 0.092937
vt 0.854047 0.124187
vt 0.869672 0.155437
vt 0.904828 0.155437
vt 0.924203 0.124187
vt 0.870232 0.156373
vt 0.852278 0.125276
vt 0.870232 0.094178
vt 0.906140 0.094178
vt 0.924094 0.125276
vt 0.906140 0.156373
vt 0.829073 0.283267
vt 0.807377 0.274464
vt 0.815352 0.221530
vt 0.815753 0.295072
vt 0.819893 0.296194
vt 0.812162 0.273942
vt 0.524726 0.520736
vt 0.600610 0.640393
vt 0.563144 0.641669
vt 0.511401 0.559041
vt 0.413369 0.699884
vt 0.485596 0.741589
vt 0.438669 0.748232
vt 0.583794 0.509057
vt 0.568541 0.428308
vt 0.620979 0.500699
vt 0.441707 0.808841
vt 0.485596 0.795595
vt 0.485596 0.847050
vt 0.452101 0.853868
vt 0.351498 0.428308
vt 0.425983 0.428308
vt 0.371026 0.487045
vt 0.560709 0.702985
vt 0.621221 0.650648
vt 0.610242 0.715008
vt 0.404851 0.502855
vt 0.069700 0.778222
vt 0.089757 0.720410
vt 0.113268 0.755418
vt 0.235956 0.414474
vt 0.276003 0.485554
vt 0.229429 0.502270
vt 0.763998 0.661924
vt 0.784387 0.652457
vt 0.810493 0.678724
vt 0.779694 0.684114
vt 0.097857 0.650761
vt 0.046187 0.670974
vt 0.035853 0.626663
vt 0.147966 0.358535
vt 0.147048 0.381138
vt 0.162559 0.376941
vt 0.202537 0.650752
vt 0.225565 0.614600
vt 0.269133 0.636480
vt 0.789487 0.607994
vt 0.806837 0.583178
vt 0.424429 0.871871
vt 0.451045 0.894978
vt 0.418489 0.906749
vt 0.215167 0.828438
vt 0.189471 0.826487
vt 0.179884 0.798752
vt 0.203424 0.800670
vt 0.150514 0.775677
vt 0.152228 0.709466
vt 0.401880 0.787441
vt 0.394522 0.843875
vt 0.226562 0.870031
vt 0.189270 0.863048
vt 0.172809 0.864886
vt 0.174424 0.876082
vt 0.485596 0.886722
vt 0.161943 0.834056
vt 0.151162 0.835138
vt 0.150417 0.828528
vt 0.159472 0.864570
vt 0.150371 0.868989
vt 0.141787 0.863916
vt 0.140492 0.833680
vt 0.222567 0.925736
vt 0.204975 0.895400
vt 0.455136 0.955508
vt 0.485596 0.950002
vt 0.485596 0.983580
vt 0.456244 0.986586
vt 0.454996 0.923872
vt 0.422669 0.939183
vt 0.485596 0.919711
vt 0.118085 0.919252
vt 0.149794 0.929665
vt 0.085820 0.956248
vt 0.096305 0.988986
vt 0.183626 0.894249
vt 0.433027 0.976570
vt 0.531372 0.809700
vt 0.520340 0.854652
vt 0.080557 0.386659
vt 0.058405 0.347616
vt 0.097317 0.328586
vt 0.102445 0.375425
vt 0.173815 0.502270
vt 0.135089 0.502270
vt 0.112739 0.414474
vt 0.198883 0.414474
vt 0.187723 0.756728
vt 0.976891 0.321916
vt 0.966925 0.322304
vt 0.969911 0.285721
vt 0.978430 0.286653
vt 0.375331 0.630113
vt 0.361123 0.712195
vt 0.354402 0.638504
vt 0.691882 0.607274
vt 0.697616 0.651356
vt 0.672485 0.678625
vt 0.674110 0.583612
vt 0.161905 0.377063
vt 0.147170 0.380433
vt 0.148528 0.358346
vt 0.763290 0.609012
vt 0.776775 0.578874
vt 0.547586 0.873527
vt 0.552612 0.908524
vt 0.520371 0.895818
vt 0.080265 0.827560
vt 0.090023 0.800772
vt 0.117136 0.804935
vt 0.113977 0.825139
vt 0.075224 0.869024
vt 0.111080 0.861614
vt 0.129291 0.863262
vt 0.126911 0.876279
vt 0.150806 0.821092
vt 0.150961 0.801158
vt 0.162751 0.801498
vt 0.163648 0.821942
vt 0.177807 0.842822
vt 0.179595 0.812723
vt 0.123441 0.818428
vt 0.124572 0.840957
vt 0.135165 0.821467
vt 0.072822 0.908894
vt 0.094618 0.893940
vt 0.514865 0.956265
vt 0.513056 0.987314
vt 0.547678 0.940813
vt 0.515734 0.924616
vt 0.536483 0.977903
vt 0.178189 0.923193
vt 0.212789 0.956732
vt 0.202074 0.988985
vt 0.116173 0.895475
vt 0.578792 0.844341
vt 0.533788 0.749346
vt 0.567654 0.748371
vt 0.571362 0.785911
vt 0.360633 0.768983
vt 0.404303 0.747051
vt 0.081078 0.502270
vt 0.076515 0.414474
vt 0.536460 0.496019
vt 0.451638 0.495913
vt 0.461241 0.519776
vt 0.606808 0.587159
vt 0.642173 0.605611
vt 0.535887 0.428308
vt 0.255118 0.578201
vt 0.305557 0.599976
vt 0.337943 0.589937
vt 0.374641 0.576292
vt 0.005242 0.310736
vt 0.036233 0.362795
vt 0.450890 0.428308
vt 0.081469 0.606728
vt 0.054232 0.571181
vt 0.610695 0.768947
vt 0.045022 0.718762
vt 0.310540 0.559557
vt 0.669860 0.572995
vt 0.638837 0.566445
vt 0.000360 0.551761
vt 0.036460 0.483037
vt 0.345878 0.550807
vt 0.253872 0.684431
vt 0.249163 0.734524
vt 0.205115 0.725914
vt 0.219609 0.782051
vt 0.949048 0.311334
vt 0.950001 0.319193
vt 0.942217 0.326603
vt 0.941528 0.313102
vt 0.840089 0.111849
vt 0.840089 0.141315
vt 0.820642 0.162151
vt 0.793141 0.162151
vt 0.773695 0.141315
vt 0.773695 0.111849
vt 0.793141 0.091014
vt 0.820642 0.091014
vt 0.774604 0.113528
vt 0.794051 0.092692
vt 0.821552 0.092693
vt 0.840999 0.113528
vt 0.840998 0.142994
vt 0.821552 0.163829
vt 0.794050 0.163829
vt 0.774604 0.142993
vt 0.151475 0.650761
vt 0.432085 0.112155
vt 0.416609 0.110406
vt 0.416782 0.096004
vt 0.432085 0.095916
vt 0.403100 0.107531
vt 0.403342 0.097052
vt 0.415209 0.081390
vt 0.432085 0.079229
vt 0.400625 0.085836
vt 0.410530 0.062329
vt 0.432085 0.059859
vt 0.392932 0.073965
vt 0.402443 0.036707
vt 0.432085 0.037148
vt 0.382940 0.067095
vt 0.432085 0.194471
vt 0.399150 0.199248
vt 0.398029 0.169804
vt 0.432085 0.169755
vt 0.407964 0.142735
vt 0.432085 0.147284
vt 0.379351 0.136699
vt 0.390968 0.129855
vt 0.399466 0.118253
vt 0.413349 0.125000
vt 0.432085 0.129090
vt 0.377302 0.101208
vt 0.443162 0.059782
vt 0.443162 0.078633
vt 0.443162 0.169421
vt 0.443162 0.188330
vt 0.443162 0.129966
vt 0.443162 0.148329
vt 0.443162 0.096049
vt 0.443162 0.112897
vt 0.443162 0.041281
vt 0.055003 0.237468
vt 0.042427 0.291330
vt 0.072093 0.306103
vt 0.086083 0.237777
vt 0.103225 0.236892
vt 0.126171 0.236051
vt 0.118261 0.306806
vt 0.095520 0.305905
vt 0.096436 0.307473
vt 0.101471 0.238845
vt 0.147555 0.305035
vt 0.148957 0.239468
vt 0.124655 0.237243
vt 0.118464 0.307888
vt 0.166984 0.304519
vt 0.163265 0.238975
vt 0.178765 0.196553
vt 0.186293 0.176953
vt 0.162376 0.172749
vt 0.104828 0.181375
vt 0.091609 0.173696
vt 0.090636 0.195748
vt 0.141486 0.173827
vt 0.123868 0.175143
vt 0.123057 0.196181
vt 0.144278 0.203434
vt 0.161839 0.202881
vt 0.071457 0.172485
vt 0.096386 0.115801
vt 0.077581 0.098340
vt 0.125105 0.102151
vt 0.106910 0.116258
vt 0.159638 0.082473
vt 0.143250 0.082268
vt 0.127395 0.054218
vt 0.362071 0.970259
vt 0.347014 0.925006
vt 0.332287 0.933908
vt 0.333728 0.976048
vt 0.078107 0.053600
vt 0.098950 0.055198
vt 0.112576 0.057088
vt 0.315987 0.977359
vt 0.314976 0.934423
vt 0.293151 0.925870
vt 0.287277 0.970469
vt 0.113857 0.016824
vt 0.096660 0.013240
vt 0.938915 0.277992
vt 0.944586 0.337551
vt 0.958582 0.339862
vt 0.974466 0.279216
vt 0.338492 0.876139
vt 0.325894 0.874731
vt 0.316037 0.875129
vt 0.300658 0.879122
vt 0.975674 0.332384
vt 0.279298 0.910196
vt 0.242489 0.970469
vt 0.370531 0.907609
vt 0.344550 0.867260
vt 0.411292 0.972359
vt 0.326462 0.859984
vt 0.311503 0.863948
vt 0.297879 0.876612
vt 0.969955 0.615576
vt 0.958705 0.618417
vt 0.960731 0.593687
vt 0.970232 0.592579
vt 0.236967 0.067930
vt 0.231483 0.050802
vt 0.236178 0.047194
vt 0.242496 0.066716
vt 0.231213 0.195943
vt 0.236825 0.178808
vt 0.242177 0.180219
vt 0.235761 0.199831
vt 0.924213 0.476287
vt 0.919119 0.451251
vt 0.939486 0.456817
vt 0.943789 0.479266
vt 0.920614 0.493450
vt 0.910930 0.491130
vt 0.910228 0.479513
vt 0.240536 0.123447
vt 0.240587 0.104571
vt 0.246889 0.104223
vt 0.247435 0.123301
vt 0.927821 0.616977
vt 0.931211 0.596880
vt 0.943661 0.595339
vt 0.946010 0.619923
vt 0.239475 0.086035
vt 0.245465 0.085504
vt 0.239434 0.160769
vt 0.240587 0.142318
vt 0.246730 0.142433
vt 0.245219 0.161280
vt 0.886438 0.585193
vt 0.881545 0.579887
vt 0.889654 0.579416
vt 0.955132 0.450733
vt 0.955583 0.478892
vt 0.917300 0.436575
vt 0.935661 0.434174
vt 0.971156 0.575129
vt 0.960483 0.576263
vt 0.906330 0.441411
vt 0.908099 0.457685
vt 0.954711 0.547622
vt 0.967215 0.548987
vt 0.930349 0.579043
vt 0.943862 0.577366
vt 0.915935 0.583082
vt 0.909155 0.572976
vt 0.917215 0.570351
vt 0.953007 0.432846
vt 0.964146 0.518435
vt 0.946716 0.515864
vt 0.963098 0.482826
vt 0.965838 0.457192
vt 0.973909 0.465502
vt 0.962402 0.511136
vt 0.946912 0.508002
vt 0.906140 0.416793
vt 0.914776 0.413098
vt 0.964235 0.440413
vt 0.987619 0.427498
vt 0.989923 0.433347
vt 0.966429 0.436187
vt 0.931406 0.551306
vt 0.942067 0.547860
vt 0.922163 0.545317
vt 0.960890 0.432467
vt 0.946886 0.403377
vt 0.954706 0.406608
vt 0.993884 0.437966
vt 0.958312 0.403133
vt 0.964330 0.427488
vt 0.932058 0.405894
vt 0.926894 0.520886
vt 0.937212 0.516427
vt 0.924527 0.516736
vt 0.933562 0.511144
vt 0.917444 0.388734
vt 0.911215 0.388428
vt 0.948463 0.382654
vt 0.941276 0.375361
vt 0.928123 0.378103
vt 0.918617 0.599253
vt 0.886735 0.573977
vt 0.105872 0.198437
vt 0.108204 0.180616
vt 0.126970 0.175066
vt 0.125641 0.195637
vt 0.225120 0.141512
vt 0.225422 0.123226
vt 0.518092 0.078442
vt 0.481725 0.078092
vt 0.471037 0.059593
vt 0.518092 0.060629
vt 0.982663 0.276671
vt 0.982663 0.292329
vt 0.972329 0.303401
vt 0.957715 0.303401
vt 0.947381 0.292329
vt 0.947381 0.276671
vt 0.957715 0.265599
vt 0.972329 0.265599
vt 0.463825 0.034417
vt 0.518092 0.042519
vt 0.221578 0.175076
vt 0.224046 0.158754
vt 0.518092 0.185920
vt 0.463145 0.192836
vt 0.464807 0.168208
vt 0.518092 0.168113
vt 0.217207 0.190474
vt 0.486276 0.147788
vt 0.518092 0.149936
vt 0.225454 0.105004
vt 0.222156 0.071705
vt 0.217719 0.056479
vt 0.493611 0.131492
vt 0.518092 0.132140
vt 0.224580 0.087880
vt 0.492244 0.114040
vt 0.518092 0.114747
vt 0.518092 0.096880
vt 0.492132 0.096112
vt 0.977381 0.287532
vt 0.977381 0.303195
vt 0.967045 0.314270
vt 0.952426 0.314270
vt 0.942089 0.303195
vt 0.942089 0.287532
vt 0.952426 0.276457
vt 0.967045 0.276457
vt 0.705078 0.167969
vt 0.687500 0.167969
vt 0.687500 0.144531
vt 0.707031 0.144531
vt 0.750000 0.144531
vt 0.730469 0.144531
vt 0.718750 0.144531
vt 0.718750 0.167969
vt 0.687500 0.195312
vt 0.718750 0.195312
vt 0.705078 0.195312
vt 0.750000 0.195312
vt 0.730469 0.195312
vt 0.750000 0.167969
vt 0.730469 0.167969
vt 0.705078 0.218750
vt 0.730469 0.218750
vt 0.707031 0.117188
vt 0.730469 0.117188
vt 0.183246 0.241715
vt 0.192866 0.301574
vt 0.167296 0.303350
vt 0.164152 0.238523
vt 0.182834 0.241980
vt 0.180768 0.227848
vt 0.146226 0.203328
vt 0.150083 0.238778
vt 0.055657 0.236217
vt 0.085849 0.238141
vt 0.073197 0.304858
vt 0.043163 0.291219
vt 0.187735 0.178568
vt 0.164611 0.173864
vt 0.160513 0.081914
vt 0.182104 0.102769
vt 0.147935 0.304029
vt 0.180006 0.197431
vt 0.163386 0.203210
vt 0.090946 0.195551
vt 0.091476 0.173493
vt 0.144242 0.174343
vt 0.071926 0.171668
vt 0.078425 0.097589
vt 0.096308 0.115159
vt 0.108542 0.115481
vt 0.126495 0.102359
vt 0.144596 0.081239
vt 0.128469 0.055146
vt 0.360049 0.970398
vt 0.331636 0.975693
vt 0.330867 0.933549
vt 0.345726 0.924902
vt 0.079458 0.052663
vt 0.099696 0.054826
vt 0.932892 0.321108
vt 0.112899 0.056844
vt 0.175869 0.059691
vt 0.181815 0.103035
vt 0.313882 0.976700
vt 0.285297 0.969282
vt 0.291853 0.924826
vt 0.313549 0.933763
vt 0.098354 0.011885
vt 0.113390 0.016169
vt 0.931310 0.273187
vt 0.966150 0.280866
vt 0.940878 0.337738
vt 0.927453 0.332912
vt 0.325381 0.874267
vt 0.337954 0.875898
vt 0.966121 0.205541
vt 0.948281 0.209311
vt 0.300083 0.878213
vt 0.315519 0.874491
vt 0.958908 0.333480
vt 0.240485 0.968499
vt 0.278248 0.908900
vt 0.344148 0.867126
vt 0.369509 0.907930
vt 0.409241 0.973412
vt 0.326174 0.859533
vt 0.297343 0.875654
vt 0.311158 0.863233
vt 0.061506 0.225125
vt 0.181404 0.227922
vt 0.108757 0.197329
vt 0.067965 0.192735
vt 0.068437 0.193000
vt 0.173970 0.349867
vt 0.123058 0.345415
vt 0.098659 0.328827
vt 0.194270 0.336883
vt 0.192830 0.303438
vt 0.174066 0.350103
vt 0.176602 0.350559
vt 0.123340 0.345098
vt 0.194761 0.336001
vt 0.018038 0.311011
vt 0.302208 0.080140
vt 0.302208 0.101915
vt 0.302208 0.166815
vt 0.302208 0.189515
vt 0.302208 0.033890
vt 0.302208 0.057502
vt 0.302208 0.123460
vt 0.302208 0.145009
vt 0.350303 0.060686
vt 0.350303 0.081304
vt 0.350303 0.102228
vt 0.350303 0.144749
vt 0.350303 0.165691
vt 0.350303 0.186343
vt 0.350303 0.123486
vt 0.302208 0.213213
vt 0.350303 0.206334
vt 0.350303 0.040741
vt 0.287615 0.262137
vt 0.282882 0.286281
vt 0.259440 0.272715
vt 0.259429 0.270851
vt 0.265648 0.299349
vt 0.244616 0.299577
vt 0.256511 0.273750
vt 0.258207 0.273998
vt 0.246367 0.234043
vt 0.273778 0.239237
vt 0.258356 0.269532
vt 0.256909 0.269410
vt 0.227843 0.282461
vt 0.255566 0.272247
vt 0.226659 0.255009
vt 0.255812 0.270472
vt 0.955072 0.494989
vt 0.943197 0.495396
vt 0.956785 0.628473
vt 0.943649 0.629880
vt 0.967685 0.628820
vt 0.930728 0.493717
vt 0.931660 0.631347
vt 0.236022 0.314348
vt 0.208134 0.286460
vt 0.216741 0.282895
vt 0.239587 0.305742
vt 0.236022 0.219133
vt 0.275461 0.219133
vt 0.271897 0.227740
vt 0.239587 0.227740
vt 0.208134 0.247021
vt 0.216741 0.250586
vt 0.303349 0.247021
vt 0.303349 0.286460
vt 0.294743 0.282895
vt 0.294743 0.250586
vt 0.275461 0.314348
vt 0.271897 0.305742
vt 0.432656 0.669265
vt 0.412058 0.633630
vt 0.467277 0.559041
vt 0.537077 0.669265
vt 0.951774 0.379647
vt 0.965379 0.496987
vt 0.140992 0.793445
vt 0.151121 0.793856
vt 0.162500 0.794579
vt 0.150133 0.874538
vt 0.140615 0.801042
vt 0.160682 0.827582
vt 0.173882 0.808539
vt 0.162714 0.829942
vt 0.150117 0.897444
vt 0.197111 0.349238
vt 0.194190 0.335714
vt 0.197718 0.348949
vt 0.914084 0.645217
vt 0.977292 0.645217
vt 0.879225 0.763246
vt 0.869386 0.745579
vt 0.831676 0.743044
vt 0.814197 0.753291
vt 0.891881 0.757492
vt 0.880176 0.742765
vt 0.845098 0.689349
vt 0.834527 0.691789
vt 0.175968 0.807494
vt 0.847049 0.612241
vt 0.836278 0.614229
vt 0.880123 0.692987
vt 0.867754 0.691693
vt 0.856547 0.688458
vt 0.845547 0.507370
vt 0.834852 0.506685
vt 0.875670 0.614025
vt 0.865864 0.612196
vt 0.856396 0.610757
vt 0.844840 0.442350
vt 0.835801 0.435531
vt 0.877152 0.506307
vt 0.866591 0.508960
vt 0.856378 0.509694
vt 0.875385 0.435622
vt 0.864591 0.435531
vt 0.856110 0.441949
vt 0.005602 0.311284
vt 0.036821 0.364526
vt 0.053233 0.392514
vt 0.080132 0.386796
vt 0.100606 0.375047
vt 0.018153 0.311823
vt 0.717355 0.605409
vt 0.704446 0.578728
vt 0.641198 0.428308
vt 0.193732 0.381532
vt 0.718863 0.657333
vt 0.702150 0.684115
vt 0.783613 0.538610
vt 0.813421 0.546048
vt 0.807173 0.583810
vt 0.810573 0.678467
vt 0.820938 0.715190
vt 0.788008 0.725447
vt 0.697358 0.538610
vt 0.673798 0.583810
vt 0.667550 0.546048
vt 0.694445 0.725447
vt 0.741226 0.725447
vt 0.661514 0.715189
vt 0.671880 0.678467
vt 0.740485 0.538610
vt 0.644785 0.311856
vt 0.642010 0.350091
vt 0.573670 0.350091
vt 0.571007 0.311832
vt 0.571472 0.308132
vt 0.645250 0.308170
vt 0.642558 0.346427
vt 0.574219 0.346369
vt 0.952791 0.319843
vt 0.955139 0.332361
vt 0.945892 0.336212
vt 0.945249 0.321141
vt 0.945806 0.322304
vt 0.935410 0.321936
vt 0.933401 0.286751
vt 0.942706 0.285788
vt 0.959069 0.330150
vt 0.961417 0.317632
vt 0.968959 0.318930
vt 0.968317 0.334001
vt 0.964747 0.327199
vt 0.965699 0.319341
vt 0.973219 0.321109
vt 0.972530 0.334609
vt 0.982727 0.293691
vt 0.973429 0.292607
vt 0.971335 0.220308
vt 0.949138 0.329143
vt 0.939079 0.328912
vt 0.937896 0.293612
vt 0.946399 0.292574
vt 0.560980 0.223813
vt 0.655265 0.223760
vt 0.561065 0.227134
vt 0.655350 0.227266
vt 0.970465 0.329207
vt 0.980982 0.329021
vt 0.967180 0.213389
vt 0.948984 0.220308
vt 0.580611 0.049169
vt 0.634433 0.049217
vt 0.944954 0.213381
vt 0.582025 0.045675
vt 0.635847 0.045673
vt 0.969612 0.206742
vt 0.951434 0.207210
vt 0.918537 0.314578
vt 0.976918 0.722370
vt 0.914070 0.722370
vt 0.869835 0.744819
vt 0.879674 0.762487
vt 0.832125 0.742285
vt 0.814646 0.752532
vt 0.880625 0.742005
vt 0.892330 0.756732
vt 0.834975 0.691030
vt 0.845546 0.688590
vt 0.836725 0.613470
vt 0.847496 0.611482
vt 0.868203 0.690933
vt 0.880571 0.692227
vt 0.856995 0.687698
vt 0.835298 0.505926
vt 0.845994 0.506610
vt 0.866312 0.611437
vt 0.876117 0.613266
vt 0.856844 0.609998
vt 0.836246 0.434772
vt 0.845286 0.441590
vt 0.867037 0.508201
vt 0.877598 0.505547
vt 0.856825 0.508935
vt 0.865037 0.434771
vt 0.875830 0.434862
vt 0.856556 0.441189
vt 0.432085 0.114601
vt 0.432085 0.098450
vt 0.417068 0.098601
vt 0.416668 0.112575
vt 0.403557 0.099187
vt 0.403249 0.109863
vt 0.432085 0.081701
vt 0.415071 0.083950
vt 0.400662 0.088260
vt 0.432085 0.062232
vt 0.410459 0.064810
vt 0.392962 0.076511
vt 0.432085 0.039282
vt 0.402230 0.039076
vt 0.382957 0.069742
vt 0.432085 0.196361
vt 0.432085 0.171721
vt 0.397590 0.171235
vt 0.398954 0.200371
vt 0.432085 0.149379
vt 0.407683 0.144683
vt 0.391191 0.131889
vt 0.379758 0.138498
vt 0.414098 0.126959
vt 0.399649 0.120892
vt 0.432085 0.131175
vt 0.377747 0.103670
vt 0.443162 0.081106
vt 0.443162 0.062148
vt 0.443162 0.190511
vt 0.443162 0.171649
vt 0.443162 0.150619
vt 0.443162 0.132297
vt 0.443162 0.098587
vt 0.443162 0.115437
vt 0.443162 0.043461
vt 0.967565 0.618067
vt 0.969229 0.595111
vt 0.959686 0.595597
vt 0.956151 0.619950
vt 0.237802 0.069711
vt 0.243332 0.068497
vt 0.237016 0.048975
vt 0.232320 0.052582
vt 0.232035 0.197723
vt 0.236582 0.201611
vt 0.243001 0.182000
vt 0.237648 0.180589
vt 0.923575 0.476105
vt 0.944224 0.478793
vt 0.939503 0.455898
vt 0.919012 0.450027
vt 0.920244 0.492567
vt 0.908872 0.477993
vt 0.911109 0.489749
vt 0.241365 0.125228
vt 0.248265 0.125083
vt 0.247720 0.106004
vt 0.241418 0.106351
vt 0.925949 0.617134
vt 0.943767 0.620282
vt 0.942653 0.596201
vt 0.930173 0.597133
vt 0.246299 0.087286
vt 0.240309 0.087816
vt 0.240260 0.162550
vt 0.246044 0.163061
vt 0.247557 0.144215
vt 0.241415 0.144099
vt 0.885827 0.583058
vt 0.889321 0.577435
vt 0.881165 0.577474
vt 0.956464 0.478218
vt 0.955224 0.449622
vt 0.917384 0.435376
vt 0.935684 0.433136
vt 0.971099 0.577718
vt 0.960371 0.578203
vt 0.906496 0.440015
vt 0.907930 0.456062
vt 0.968511 0.551315
vt 0.956064 0.549213
vt 0.943721 0.578321
vt 0.930129 0.579248
vt 0.917392 0.569825
vt 0.909183 0.572020
vt 0.915503 0.582518
vt 0.952971 0.431759
vt 0.966992 0.520541
vt 0.949667 0.516953
vt 0.964214 0.481518
vt 0.974262 0.463859
vt 0.966060 0.455860
vt 0.965615 0.513130
vt 0.950262 0.509090
vt 0.915016 0.412109
vt 0.906467 0.415725
vt 0.989536 0.431731
vt 0.987168 0.425987
vt 0.964200 0.439193
vt 0.966326 0.434958
vt 0.943397 0.548717
vt 0.932552 0.551553
vt 0.923595 0.545025
vt 0.960802 0.431321
vt 0.954584 0.405710
vt 0.946830 0.402524
vt 0.993537 0.436227
vt 0.964186 0.426358
vt 0.958146 0.402260
vt 0.932141 0.405019
vt 0.929563 0.520831
vt 0.940121 0.516964
vt 0.927402 0.516538
vt 0.936733 0.511462
vt 0.917702 0.388022
vt 0.911546 0.387705
vt 0.948374 0.382010
vt 0.941262 0.374805
vt 0.928260 0.377519
vt 0.917450 0.598878
vt 0.886647 0.571824
vt 0.226252 0.125005
vt 0.225947 0.143291
vt 0.518092 0.081733
vt 0.518092 0.063722
vt 0.471525 0.062107
vt 0.482149 0.080886
vt 0.965812 0.274987
vt 0.951198 0.274987
vt 0.940864 0.286059
vt 0.940864 0.301717
vt 0.951198 0.312788
vt 0.965812 0.312788
vt 0.976146 0.301717
vt 0.976146 0.286059
vt 0.518092 0.045422
vt 0.464379 0.036562
vt 0.224872 0.160533
vt 0.222402 0.176855
vt 0.518092 0.189773
vt 0.518092 0.171943
vt 0.463858 0.170897
vt 0.461736 0.195420
vt 0.218029 0.192252
vt 0.518092 0.153718
vt 0.485691 0.150934
vt 0.226286 0.106783
vt 0.218556 0.058257
vt 0.222991 0.073484
vt 0.518092 0.135860
vt 0.493341 0.134753
vt 0.225413 0.089659
vt 0.518092 0.118384
vt 0.492264 0.117242
vt 0.518092 0.100362
vt 0.492413 0.099177
vt 0.973498 0.286974
vt 0.973498 0.271311
vt 0.963161 0.260236
vt 0.948543 0.260236
vt 0.938206 0.271311
vt 0.938206 0.286974
vt 0.948543 0.298049
vt 0.963161 0.298049
vt 0.302208 0.103704
vt 0.302208 0.081929
vt 0.302208 0.215002
vt 0.302208 0.191304
vt 0.302208 0.059291
vt 0.302208 0.035679
vt 0.302208 0.146797
vt 0.302208 0.125249
vt 0.302208 0.168604
vt 0.286950 0.262379
vt 0.260238 0.269946
vt 0.260221 0.273276
vt 0.282218 0.286399
vt 0.264849 0.299432
vt 0.258003 0.275554
vt 0.254970 0.275093
vt 0.243533 0.299853
vt 0.246163 0.233939
vt 0.255743 0.267301
vt 0.258341 0.267554
vt 0.273255 0.239709
vt 0.253280 0.272386
vt 0.226760 0.282234
vt 0.253743 0.269194
vt 0.226074 0.254512
vt 0.954860 0.495092
vt 0.943533 0.495024
vt 0.954446 0.631129
vt 0.941145 0.631450
vt 0.966399 0.631004
vt 0.931067 0.494115
vt 0.929268 0.632004
vt 0.275587 0.314613
vt 0.272022 0.306007
vt 0.294868 0.283161
vt 0.303474 0.286726
vt 0.275586 0.219399
vt 0.272022 0.228005
vt 0.239712 0.228005
vt 0.236147 0.219399
vt 0.294868 0.250851
vt 0.303474 0.247286
vt 0.208260 0.247286
vt 0.216866 0.250851
vt 0.216866 0.283161
vt 0.208260 0.286726
vt 0.239712 0.306007
vt 0.236147 0.314613
vt 0.951646 0.379030
vt 0.965031 0.496499
vt 0.986375 0.279268
vt 0.986375 0.293962
vt 0.976677 0.304352
vt 0.962962 0.304352
vt 0.953265 0.293962
vt 0.953265 0.279268
vt 0.962963 0.268878
vt 0.976677 0.268878
vt 0.974822 0.270981
vt 0.961107 0.270981
vt 0.951410 0.281371
vt 0.951410 0.296065
vt 0.961107 0.306455
vt 0.974822 0.306455
vt 0.984519 0.296065
vt 0.984519 0.281371
vt 0.064121 0.222841
vt 0.177601 0.060533
vt 0.193113 0.381667
vt 0.951520 0.319953
vt 0.944770 0.321619
vt 0.943417 0.289413
vt 0.950332 0.289984
vt 0.969977 0.313612
vt 0.963228 0.311947
vt 0.964415 0.281977
vt 0.971331 0.281406
vt 0.684148 0.460993
vt 0.740195 0.460994
vt 0.969213 0.289569
vt 0.977424 0.288945
vt 0.740776 0.460994
vt 0.796822 0.460994
vt 0.945534 0.281562
vt 0.937323 0.280938
vt 0.740706 0.288486
vt 0.779171 0.288486
vt 0.948553 0.210221
vt 0.964262 0.210221
vt 0.966194 0.218227
vt 0.701800 0.288486
vt 0.740265 0.288486
vt 0.950486 0.218227
vt 0.970783 0.321573
vt 0.966033 0.320195
vt 0.966839 0.285870
vt 0.972987 0.285794
vt 0.948175 0.317984
vt 0.943425 0.319362
vt 0.941221 0.283583
vt 0.947368 0.283659
vt 0.964317 0.283447
vt 0.973914 0.283323
vt 0.799871 0.812007
vt 0.741560 0.812007
vt 0.682581 0.812007
vt 0.740892 0.812007
vt 0.740958 0.985546
vt 0.701334 0.985546
vt 0.949891 0.285658
vt 0.940294 0.285534
vt 0.950489 0.214085
vt 0.966688 0.214085
vt 0.781117 0.985546
vt 0.741494 0.985546
vt 0.947520 0.211874
vt 0.963719 0.211874
vt 0.313767 0.553276
vt 0.003270 0.590317
vt 0.339160 0.819788
vt 0.630777 0.818111
vt 0.350303 0.083099
vt 0.350303 0.062481
vt 0.350303 0.104022
vt 0.350303 0.167486
vt 0.350303 0.146543
vt 0.350303 0.188138
vt 0.350303 0.125281
vt 0.350303 0.208129
vt 0.350303 0.042536
vt 0.053556 0.392069
vn -0.321600 -0.319300 0.891400
vn 0.119000 0.413400 0.902700
vn 0.091000 0.143000 -0.985500
vn -0.813200 0.426600 -0.395900
vn -0.388000 0.708300 0.589700
vn 0.466500 -0.450300 -0.761300
vn -0.466500 0.450300 0.761300
vn 0.466500 -0.450400 -0.761300
vn -0.791400 0.404400 -0.458400
vn -0.824600 0.445500 -0.348600
vn 0.263800 0.705000 0.658300
vn 0.951200 0.073400 0.299800
vn 0.687400 -0.631700 -0.358500
vn -0.188300 -0.631700 0.752000
vn -0.687400 0.631700 0.358500
vn -0.951200 -0.073400 -0.299800
vn -0.406900 0.889700 -0.206800
vn 0.324600 0.944900 -0.042900
vn 0.962600 0.266300 0.050900
vn -0.490100 0.724000 0.485400
vn -0.982100 0.122700 -0.143100
vn -0.491700 -0.602100 -0.629000
vn -0.190200 -0.632300 0.751000
vn 0.492000 0.602000 0.628900
vn 0.982100 -0.121900 0.143500
vn 0.510000 0.856800 0.076200
vn -0.245300 0.963300 -0.108900
vn -0.956200 0.189200 -0.223600
vn 0.062600 -0.057000 -0.996400
vn -0.767600 0.508400 -0.390300
vn 0.625300 0.339600 0.702600
vn 0.953100 0.298200 0.052500
vn -0.407300 0.309300 -0.859300
vn 0.407300 -0.309300 0.859300
vn -0.272200 0.884300 -0.379300
vn 0.948700 0.151100 -0.277600
vn 0.961000 0.031600 0.274800
vn 0.955700 0.041700 0.291400
vn 0.352700 -0.290100 -0.889600
vn -0.964100 0.191500 -0.184000
vn -0.933600 0.141800 -0.329100
vn 0.052400 -0.306500 -0.950400
vn 0.923500 0.354200 0.147500
vn -0.267700 0.867300 -0.419600
vn 0.532700 0.833700 -0.145300
vn 0.545300 0.817700 -0.184400
vn -0.246800 0.886000 -0.392600
vn 0.516900 0.839300 -0.168500
vn -0.874500 0.085400 -0.477400
vn -0.488100 0.329500 0.808200
vn -0.965000 0.177800 -0.192600
vn 0.998700 -0.048000 -0.017500
vn 0.098000 0.246500 0.964200
vn 0.989400 -0.002100 0.145100
vn -0.236200 -0.515300 -0.823800
vn -0.740800 0.132200 -0.658600
vn -0.586600 0.150900 -0.795700
vn -0.153600 -0.513400 -0.844300
vn 0.519500 0.788800 -0.328600
vn 0.240300 0.709100 -0.662900
vn 0.294500 0.685900 -0.665400
vn -0.648000 -0.172200 -0.741900
vn -0.588400 0.686900 -0.426400
vn -0.924600 -0.209600 -0.318200
vn 0.483700 0.848400 -0.214600
vn 0.170100 0.786800 -0.593300
vn 0.215600 0.301000 -0.928900
vn 0.843400 0.143600 -0.517700
vn 0.442000 0.744300 0.500600
vn 0.606400 0.750500 -0.262900
vn 0.956000 -0.164600 0.242600
vn -0.167500 0.846800 -0.504900
vn -0.785700 0.219100 -0.578500
vn -0.552200 0.591200 -0.587900
vn 0.954900 -0.164900 -0.246900
vn 0.008800 0.973100 -0.230200
vn 0.055500 0.811900 0.581200
vn -0.827000 0.382800 0.411700
vn 0.563500 -0.256100 0.785400
vn 0.298500 0.621700 -0.724100
vn 0.699600 0.648700 -0.299400
vn 0.244600 0.660000 -0.710300
vn -0.372400 0.136300 0.918000
vn -0.766800 0.415300 0.489300
vn -0.986200 0.089000 0.139300
vn 0.553300 -0.201700 0.808200
vn -0.002400 -0.672800 0.739700
vn 0.723900 -0.688700 0.038800
vn -0.238900 0.253200 0.937400
vn 0.262300 -0.197100 0.944600
vn 0.739400 0.007000 0.673200
vn 0.591700 0.618600 0.516900
vn 0.959500 -0.157400 -0.233400
vn 0.845800 0.018900 -0.533100
vn 0.982900 -0.182800 0.020500
vn 0.897400 -0.409300 0.164700
vn 0.816700 -0.495200 0.296300
vn -0.135500 -0.870000 0.474100
vn -0.223800 0.410300 0.884000
vn 0.082700 0.839300 -0.537300
vn 0.598100 0.394000 0.697900
vn 0.982200 0.037600 0.183700
vn 0.820900 -0.262600 0.507100
vn 0.518900 -0.533200 0.668100
vn 0.429200 -0.653100 0.623800
vn 0.224100 0.076600 -0.971500
vn 0.484500 -0.066400 0.872200
vn -0.160100 -0.736200 0.657500
vn -0.170900 -0.798200 0.577600
vn 0.353100 -0.652000 0.670900
vn -0.139400 -0.840200 0.524000
vn -0.649600 -0.612900 0.449800
vn -0.722100 -0.384600 0.575000
vn 0.797500 0.399100 0.452400
vn 0.831400 -0.008600 0.555600
vn 0.702900 0.710100 -0.039600
vn 0.109300 0.920200 -0.375800
vn -0.020100 0.980500 0.195200
vn 0.247100 0.893800 0.374200
vn 0.847300 0.363800 -0.386900
vn 0.200100 0.546900 -0.812900
vn -0.599200 0.636900 0.485000
vn -0.166300 0.590200 0.789900
vn -0.342500 0.908600 0.239100
vn 0.488500 0.005900 0.872500
vn -0.295300 0.901900 -0.315300
vn -0.535900 0.155600 -0.829800
vn -0.698300 -0.706200 0.116600
vn 0.032900 -0.414800 -0.909300
vn -0.552300 0.226000 -0.802400
vn -0.048800 -0.463300 -0.884900
vn -0.090800 -0.213300 0.972700
vn -0.463600 -0.140200 0.874800
vn -0.187600 0.632900 0.751200
vn 0.028400 0.592200 0.805200
vn -0.807100 0.006300 -0.590400
vn 0.849600 -0.191200 -0.491600
vn -0.422200 0.236500 -0.875100
vn 0.988700 0.016200 -0.148700
vn 0.863600 0.453000 -0.221100
vn 0.989400 0.083000 -0.119200
vn -0.511000 0.750500 0.419000
vn -0.670600 0.648100 -0.360900
vn -0.624300 0.641300 0.445900
vn -0.631500 -0.773900 0.046000
vn -0.016500 -0.651900 0.758100
vn -0.550200 -0.186100 0.814000
vn 0.083900 0.545600 0.833800
vn -0.769300 -0.154100 -0.620000
vn -0.897400 -0.140400 -0.418200
vn -0.527200 0.050300 -0.848200
vn -0.855500 -0.480800 -0.192200
vn -0.885500 -0.365200 -0.287100
vn -0.961200 0.087600 -0.261400
vn -0.971700 -0.215100 0.097500
vn -0.782900 -0.500500 0.369600
vn -0.688700 -0.625000 0.367500
vn -0.212700 -0.490800 0.844900
vn -0.147800 -0.825100 0.545300
vn 0.513000 -0.645900 0.565300
vn 0.723800 -0.096700 0.683100
vn 0.489500 -0.484800 0.724800
vn 0.838700 -0.020600 0.544200
vn -0.893500 -0.428600 0.133600
vn -0.825700 -0.308000 0.472600
vn -0.709700 -0.426000 0.561000
vn -0.894900 0.441600 0.064300
vn -0.989700 0.037100 0.138000
vn -0.580800 0.742400 -0.333900
vn -0.575700 0.400000 -0.713100
vn 0.357800 0.612900 0.704500
vn -0.818800 0.038800 0.572800
vn 0.267600 0.741200 -0.615600
vn 0.106500 0.771400 -0.627300
vn 0.700800 0.696600 -0.153900
vn 0.348900 0.630800 -0.693000
vn -0.941800 -0.284400 0.178900
vn -0.180200 -0.109700 -0.977500
vn 0.517200 -0.113200 -0.848300
vn 0.543900 -0.589900 -0.596700
vn -0.623700 -0.319800 -0.713200
vn -0.863600 -0.163200 -0.476900
vn -0.138900 0.560400 -0.816400
vn 0.501400 -0.615800 0.607700
vn 0.814100 -0.449000 0.368100
vn 0.928500 -0.364500 0.070600
vn 0.879900 -0.415200 -0.231000
vn 0.069600 -0.919300 0.387300
vn -0.085300 -0.590400 -0.802600
vn -0.794900 -0.155400 0.586500
vn -0.827300 -0.544100 0.139600
vn -0.591300 0.723800 -0.355600
vn -0.518500 0.821500 0.237300
vn 0.760900 -0.637300 0.121300
vn -0.947500 -0.273800 -0.164900
vn -0.782600 -0.454700 -0.425100
vn 0.433900 0.441400 0.785400
vn 0.422300 0.785100 0.453000
vn -0.245900 0.868300 0.430800
vn 0.700600 -0.034500 0.712700
vn 0.459200 -0.197700 0.866000
vn -0.301200 0.196100 0.933200
vn -0.659300 -0.222400 -0.718200
vn -0.581800 -0.723300 0.371900
vn -0.034600 -0.955800 0.292000
vn -0.653400 -0.669300 0.353500
vn -0.527800 -0.573000 0.626900
vn -0.530200 -0.834100 -0.152000
vn 0.544900 -0.813400 -0.203300
vn 0.324000 -0.583000 0.745000
vn -0.350300 -0.607600 -0.712800
vn 0.634400 -0.165600 -0.755100
vn 0.752100 -0.181000 0.633600
vn -0.408900 -0.069200 -0.909900
vn 0.735200 0.291000 -0.612100
vn 0.806300 0.353800 0.474000
vn -0.547400 0.349700 -0.760200
vn 0.382200 0.815300 0.434900
vn 0.572100 0.773000 0.274000
vn 0.327200 0.468500 0.820600
vn 0.515700 0.854600 0.060500
vn -0.778600 0.627400 0.004600
vn -0.773900 0.267100 0.574200
vn -0.479200 -0.345300 0.806900
vn 0.788300 -0.614100 -0.037900
vn 0.003700 0.284400 -0.958700
vn -0.969400 -0.057600 -0.238700
vn 0.461300 -0.416800 0.783300
vn -0.144800 -0.780600 0.608000
vn 0.519500 0.852500 0.057300
vn 0.746600 0.210900 0.630900
vn -0.459100 0.296700 -0.837400
vn -0.044400 0.749400 -0.660600
vn -0.686200 -0.723300 0.077300
vn -0.773700 -0.255700 -0.579600
vn -0.862600 -0.501400 0.067400
vn -0.823700 -0.560400 -0.085600
vn -0.329900 -0.264800 -0.906100
vn -0.237800 -0.481800 -0.843300
vn -0.470800 -0.283200 -0.835500
vn -0.979400 -0.058300 -0.193300
vn -0.939000 0.325600 -0.110900
vn -0.469600 0.223400 -0.854100
vn 0.385500 0.075700 -0.919600
vn 0.435700 -0.286700 -0.853200
vn 0.565000 0.075400 0.821600
vn 0.538300 -0.071600 0.839700
vn 0.974100 -0.002200 -0.226100
vn 0.945500 0.304200 -0.116400
vn -0.293400 -0.259800 0.920000
vn -0.323100 -0.436700 0.839600
vn -0.831100 -0.522000 -0.191800
vn -0.975700 -0.214800 -0.043300
vn -0.202800 -0.925000 -0.321200
vn 0.315500 0.754200 0.575900
vn -0.639100 0.644300 0.420000
vn -0.701100 -0.712100 -0.034600
vn 0.777400 -0.620700 -0.101600
vn 0.937400 0.205100 0.281200
vn 0.847900 -0.001900 0.530200
vn 0.569200 -0.570600 0.591900
vn -0.204000 -0.963300 0.174500
vn -0.675700 0.725300 0.131500
vn -0.937800 -0.273300 -0.213900
vn 0.934300 0.337400 0.114700
vn 0.322200 0.902400 0.286200
vn -0.198700 -0.977400 -0.071500
vn 0.933800 -0.335500 0.124100
vn 0.789400 0.565900 0.237800
vn -0.920900 -0.383100 -0.071100
vn -0.816200 -0.567100 0.110400
vn -0.307700 -0.669000 0.676500
vn -0.812500 0.530200 0.242300
vn 0.240400 0.913300 0.328800
vn 0.638400 -0.041000 0.768500
vn 0.764200 0.547200 0.341300
vn 0.130100 0.963800 -0.232600
vn -0.771000 0.476900 -0.421900
vn 0.607400 0.478100 -0.634400
vn 0.805100 -0.446300 -0.390600
vn 0.480100 -0.825300 -0.297300
vn -0.455200 -0.304100 -0.836800
vn -0.459300 -0.745300 0.483300
vn 0.151400 -0.575100 0.803900
vn 0.705100 -0.136200 0.695900
vn 0.866000 0.392700 0.309400
vn -0.211900 -0.884200 -0.416200
vn 0.709500 -0.015200 -0.704500
vn -0.591300 0.018100 0.806200
vn -0.278900 -0.735100 0.617900
vn -0.276500 -0.775500 0.567500
vn -0.621000 -0.072300 0.780400
vn -0.886000 0.035800 0.462200
vn -0.765800 -0.575100 0.287700
vn -0.690300 -0.608800 0.390900
vn -0.819800 0.056300 0.569800
vn -0.465600 -0.860600 -0.206400
vn -0.363000 -0.919900 -0.147900
vn -0.265500 0.953200 0.144700
vn -0.321700 0.926300 0.195900
vn 0.055600 0.937000 -0.344900
vn 0.148900 0.880600 -0.449800
vn -0.174100 0.923100 0.342800
vn -0.559600 0.039500 0.827800
vn -0.135300 0.546200 -0.826600
vn -0.441500 0.837200 -0.322700
vn -0.351000 0.893600 -0.279900
vn -0.030200 0.588500 -0.807900
vn 0.272700 -0.752700 -0.599200
vn 0.064500 -0.997900 -0.002400
vn -0.079700 -0.954800 0.286400
vn -0.003700 -0.959500 0.281700
vn -0.753500 0.622200 0.212300
vn -0.677400 0.676400 0.288900
vn -0.157300 -0.657100 -0.737200
vn -0.018800 -0.076200 -0.996900
vn 0.101100 -0.064000 -0.992800
vn -0.034800 -0.690200 -0.722700
vn 0.328800 -0.759400 -0.561400
vn 0.437500 0.276600 -0.855600
vn 0.650500 -0.607500 0.455800
vn 0.228300 0.862500 -0.451600
vn 0.236200 0.328400 -0.914500
vn -0.187600 0.931700 0.311000
vn 0.221000 0.931200 -0.289700
vn -0.494500 -0.080400 0.865400
vn -0.282900 -0.753700 0.593200
vn -0.136800 -0.730700 0.668900
vn -0.340900 -0.091800 0.935600
vn 0.157000 -0.987500 -0.012200
vn -0.095400 -0.950900 0.294400
vn 0.289700 -0.941000 0.175000
vn 0.778700 0.198000 0.595200
vn 0.639800 -0.603300 -0.476000
vn 0.367400 0.858900 -0.356800
vn -0.019300 0.163600 0.986300
vn 0.545200 -0.183200 0.818000
vn -0.005000 0.419800 -0.907600
vn -0.063300 -0.828500 -0.556400
vn 0.212000 0.944200 0.252100
vn 0.611700 0.787800 0.071400
vn -0.137600 0.947700 0.287900
vn 0.468800 0.845900 -0.254100
vn 0.916000 0.388900 0.097700
vn 0.124100 -0.992100 -0.016100
vn 0.005800 -0.938000 0.346500
vn 0.466300 -0.669100 -0.578600
vn 0.737600 0.542600 -0.401800
vn 0.314500 0.805300 -0.502600
vn 0.540600 0.386900 -0.747000
vn 0.196300 0.896800 -0.396400
vn 0.656300 -0.691400 -0.302000
vn 0.773300 -0.515200 0.369500
vn 0.682400 0.274600 -0.677400
vn 0.853900 0.445000 -0.269700
vn 0.997000 -0.075400 0.013700
vn -0.281900 0.762700 0.582100
vn -0.932700 0.229700 0.278000
vn -0.720100 0.008700 0.693800
vn -0.182000 -0.043800 -0.982300
vn -0.272900 0.496000 -0.824300
vn -0.506200 -0.167300 0.846000
vn -0.160800 -0.824100 0.543100
vn 0.467800 -0.503800 0.726200
vn -0.090000 0.141200 0.985900
vn -0.957900 0.053800 0.282100
vn -0.822300 0.564600 0.070700
vn -0.538300 0.748200 -0.387700
vn -0.318600 -0.553700 -0.769300
vn -0.601700 -0.735400 -0.311400
vn -0.866200 -0.484100 0.123500
vn 0.874100 0.176200 0.452600
vn 0.161700 0.597600 0.785300
vn 0.706900 0.656700 -0.262700
vn 0.079000 0.912900 0.400500
vn 0.083200 0.754800 -0.650700
vn -0.315600 0.948100 0.037300
vn -0.521800 0.343600 -0.780800
vn -0.768100 0.629400 -0.117800
vn -0.785000 -0.287900 -0.548400
vn -0.977500 0.202900 0.056800
vn -0.870400 -0.132100 0.474200
vn -0.666600 -0.742200 0.068400
vn 0.272700 -0.863900 -0.423400
vn 0.112200 -0.982100 -0.151600
vn 0.786700 -0.615600 0.045000
vn 0.941700 -0.188600 0.278600
vn 0.217500 -0.066300 0.973800
vn 0.650400 0.092500 0.753900
vn 0.959100 0.091700 -0.267700
vn 0.851200 0.462400 0.248100
vn 0.389900 0.641100 0.661000
vn 0.457000 0.432600 -0.777200
vn 0.217500 0.892700 -0.394700
vn -0.217500 0.066300 -0.973800
vn -0.633700 0.430300 -0.642900
vn -0.682400 -0.223700 -0.695900
vn -0.389900 -0.641100 -0.661000
vn -0.786700 0.615600 -0.045000
vn -0.973700 0.057400 -0.220600
vn -0.959100 -0.091700 0.267700
vn -0.112200 0.982000 0.151600
vn -0.457000 -0.432600 0.777200
vn -0.509800 -0.108600 0.853400
vn -0.469300 -0.489300 -0.735000
vn -0.992700 0.015900 0.119100
vn -0.467300 -0.390900 0.792900
vn 0.135000 -0.972400 -0.190000
vn 0.884500 -0.460100 0.077300
vn 0.361000 0.045100 0.931500
vn 0.843500 -0.532600 0.069500
vn 0.850300 -0.520900 0.075300
vn 0.283300 -0.269200 0.920400
vn 0.301000 -0.447900 0.841900
vn -0.618500 -0.782100 -0.076000
vn -0.595500 -0.620200 0.510600
vn -0.544900 -0.065200 0.836000
vn 0.201900 -0.501100 -0.841500
vn 0.376300 -0.198900 -0.904800
vn 0.971300 -0.233700 -0.043200
vn 0.199400 -0.918000 -0.342600
vn 0.182300 -0.981000 -0.065800
vn 0.932900 -0.292600 -0.209800
vn -0.562000 0.092100 0.822000
vn 0.807700 -0.541300 -0.233400
vn 0.203200 -0.962200 0.181200
vn 0.637900 -0.767500 0.063300
vn 0.658200 0.623500 0.421800
vn -0.793500 -0.596800 -0.119100
vn 0.691900 0.709900 0.131200
vn -0.299300 0.910500 0.285400
vn -0.929100 0.353300 0.109100
vn -0.940300 -0.318000 0.121200
vn -0.777500 0.582000 0.238200
vn 0.913800 -0.399500 -0.072900
vn 0.295800 -0.676700 0.674200
vn 0.803000 -0.586900 0.103000
vn 0.826300 0.509000 0.241000
vn -0.216800 0.919600 0.327400
vn -0.749100 0.561900 0.350700
vn -0.633800 -0.036900 0.772600
vn 0.773700 0.464100 -0.431200
vn -0.116300 0.965900 -0.231100
vn -0.602700 0.494400 -0.626300
vn 0.440400 -0.310900 -0.842200
vn -0.502900 -0.810100 -0.301300
vn -0.817500 -0.423600 -0.390200
vn -0.168600 -0.575800 0.800000
vn 0.437400 -0.760600 0.479700
vn -0.854500 0.413300 0.314400
vn -0.707000 -0.121900 0.696600
vn 0.188300 -0.891000 -0.413000
vn -0.709700 0.006800 -0.704400
vn 0.569400 -0.816700 -0.093100
vn -0.980200 -0.142500 0.137600
vn -0.161400 -0.432900 0.886800
vn 0.949600 0.312400 0.025400
vn 0.382800 -0.004500 -0.923800
vn -0.351000 -0.895200 -0.274600
vn 0.160300 -0.430100 0.888400
vn -0.940700 0.338000 0.029500
vn 0.754500 -0.644800 -0.122100
vn -0.308500 0.752100 0.582400
vn 0.058600 0.997400 -0.041700
vn 0.387800 -0.750400 -0.535200
vn 0.020700 -0.995800 0.088900
vn -0.335300 -0.657300 0.674900
vn -0.471700 0.066700 0.879200
vn 0.414500 0.659000 -0.627600
vn 0.550900 -0.065000 -0.832000
vn 0.209500 0.060200 0.975900
vn 0.329100 0.562900 0.758100
vn 0.598300 0.742800 0.300300
vn 0.959500 -0.036300 -0.279300
vn 0.840000 -0.539100 -0.061600
vn 0.570800 -0.719100 0.396300
vn 0.859400 0.494600 -0.129400
vn 0.309600 -0.470800 0.826100
vn 0.898100 -0.432900 0.077300
vn 0.995100 -0.023700 -0.096300
vn 0.939100 -0.041300 -0.341100
vn 0.810900 -0.574300 -0.111900
vn 0.914200 0.404400 0.026900
vn 0.703700 0.604500 0.373300
vn 0.557800 0.783600 0.273600
vn 0.834200 0.520800 -0.181200
vn 0.464900 -0.378900 0.800100
vn 0.678200 -0.581600 0.449300
vn 0.524200 -0.765600 0.372700
vn 0.247300 -0.502300 0.828500
vn 0.485000 0.461100 0.743000
vn 0.271400 0.593500 0.757700
vn 0.385300 0.054500 0.921100
vn 0.142600 0.061000 0.987900
vn 0.549400 0.116800 -0.827300
vn 0.398800 0.742300 -0.538400
vn -0.295900 -0.739700 0.604400
vn 0.090700 -0.976600 0.194800
vn 0.197100 0.974300 -0.108700
vn 0.448800 -0.771500 -0.450800
vn 0.491500 0.786400 -0.374100
vn 0.930500 0.070500 -0.359400
vn 0.522400 -0.543100 -0.657300
vn -0.124400 0.796000 -0.592400
vn -0.463500 -0.845500 -0.264900
vn -0.013100 -0.999900 -0.007100
vn 0.507200 -0.861600 -0.021200
vn -0.178500 -0.688300 0.703100
vn -0.695600 -0.637300 0.331500
vn 0.367500 -0.718000 0.591100
vn 0.656400 -0.629600 0.415600
vn 0.471300 -0.051700 0.880400
vn -0.222300 0.040800 0.974100
vn 0.271500 -0.452500 -0.849400
vn 0.078900 -0.996900 -0.006500
vn -0.670700 -0.741400 0.020400
vn -0.546100 -0.164600 -0.821400
vn 0.947400 -0.092200 -0.306300
vn 0.523000 -0.306700 -0.795200
vn 0.854000 0.515700 0.068300
vn -0.792200 0.548400 -0.267600
vn -0.195500 0.980600 0.010900
vn -0.595200 0.224300 -0.771600
vn -0.286400 0.951700 -0.110700
vn -0.930800 -0.085700 -0.355300
vn 0.838600 -0.471900 0.272100
vn 0.071800 0.590200 -0.804000
vn -0.986300 -0.074200 -0.146900
vn 0.329500 -0.918300 0.219400
vn 0.803100 0.539300 0.253300
vn -0.074400 0.261800 -0.962200
vn -0.975500 0.197600 0.096500
vn 0.292500 -0.433600 0.852300
vn 0.988000 0.079000 -0.132700
vn -0.093800 0.241300 -0.965900
vn -0.988700 0.118400 0.091700
vn 0.044600 -0.250900 0.966900
vn 0.973100 -0.188700 -0.132300
vn -0.057100 -0.216600 0.974600
vn 0.991400 -0.129800 -0.018600
vn -0.119300 -0.968700 -0.217500
vn 0.397800 -0.858800 0.322800
vn -0.168300 -0.534300 -0.828300
vn -0.136100 0.553500 0.821600
vn -0.089900 -0.979200 0.181600
vn -0.197600 0.647100 -0.736300
vn 0.819600 0.039300 -0.571600
vn 0.603400 -0.163300 -0.780500
vn -0.471800 -0.129200 0.872200
vn -0.711400 -0.006200 0.702700
vn -0.599000 -0.157600 -0.785100
vn 0.007800 0.171800 -0.985100
vn 0.007100 0.070500 0.997500
vn -0.441700 -0.031800 0.896600
vn 0.846600 -0.332000 0.415900
vn 0.395800 -0.011900 0.918200
vn -0.864200 -0.333700 0.376600
vn 0.270200 -0.885100 0.378900
vn 0.471900 0.229600 -0.851200
vn -0.803400 -0.196400 -0.562100
vn -0.205100 -0.747200 -0.632200
vn 0.242000 -0.752300 -0.612800
vn -0.216700 -0.910800 0.351300
vn 0.103500 -0.463300 -0.880100
vn 0.839800 -0.225200 -0.493900
vn 0.557800 -0.773100 0.301800
vn -0.115900 -0.992000 -0.050400
vn -0.734500 -0.081500 -0.673600
vn -0.158800 -0.340700 -0.926600
vn -0.826900 0.508100 -0.240800
vn 0.857000 0.494700 0.144400
vn 0.911200 0.163800 -0.378100
vn 0.222900 0.963500 0.148200
vn 0.987600 -0.116900 0.104900
vn 0.318300 0.947000 0.041900
vn 0.906200 0.011700 0.422600
vn 0.340400 0.615800 -0.710600
vn -0.431400 -0.902000 0.012000
vn -0.816700 0.559400 -0.141900
vn 0.728800 0.177500 0.661300
vn 0.657500 0.317100 -0.683400
vn -0.638400 -0.566400 0.521200
vn -0.805900 0.137700 -0.575700
vn 0.703000 0.023300 0.710800
vn 0.724400 0.230700 -0.649600
vn -0.580700 -0.310500 0.752600
vn -0.673500 -0.103200 -0.731900
vn -0.615400 -0.218400 0.757300
vn -0.730700 -0.023300 -0.682300
vn 0.778800 0.605300 -0.164400
vn 0.973100 -0.184600 0.137900
vn -0.227600 -0.969400 -0.091600
vn 0.154300 0.101100 -0.982800
vn 0.041800 -0.992600 0.113700
vn -0.356700 -0.850700 0.386000
vn 0.193400 -0.888800 0.415400
vn -0.309900 -0.878100 -0.364600
vn 0.495100 -0.701900 -0.512000
vn -0.620700 -0.743300 0.249300
vn -0.422100 -0.263600 -0.867400
vn 0.632900 0.053000 -0.772400
vn -0.926000 -0.343700 0.155800
vn -0.579800 0.111000 -0.807200
vn 0.699300 0.263000 -0.664600
vn -0.977700 0.103900 0.182600
vn -0.825300 0.438900 0.355100
vn -0.565200 0.814700 0.129900
vn -0.937400 0.322100 -0.132200
vn -0.017700 0.006500 0.999800
vn 0.441700 0.447400 0.777600
vn -0.625900 0.429300 -0.651100
vn -0.351900 -0.647900 0.675500
vn 0.194100 0.974300 -0.113700
vn 0.911300 -0.119100 0.394000
vn 0.612600 -0.770300 0.176900
vn -0.130600 -0.938400 0.320000
vn -0.723200 -0.612400 0.319200
vn -0.953000 0.144900 0.265900
vn -0.449000 0.891900 -0.053100
vn 0.198000 0.948800 -0.246100
vn 0.983900 -0.166400 -0.065600
vn 0.782600 0.563700 -0.264000
vn 0.440600 -0.702400 0.559000
vn 0.462900 -0.724700 0.510400
vn 0.040300 -0.990800 -0.129300
vn 0.127600 -0.986300 -0.104700
vn 0.791100 -0.498000 0.355000
vn 0.712900 -0.540400 0.447000
vn 0.500200 -0.854100 -0.142400
vn 0.596200 -0.779100 -0.193700
vn 0.216000 -0.630600 -0.745400
vn 0.335600 -0.574200 -0.746800
vn 0.301400 0.489300 0.818400
vn -0.037700 0.947900 0.316100
vn 0.165900 0.900900 0.400900
vn 0.442100 0.439000 0.782100
vn 0.048200 0.330100 0.942700
vn 0.437000 -0.590400 0.678500
vn 0.361700 0.906500 -0.217800
vn 0.264000 0.948500 -0.174600
vn 0.542500 0.729600 0.416300
vn 0.627500 0.697400 0.346100
vn -0.244900 -0.056300 -0.967900
vn -0.116400 -0.856800 -0.502200
vn -0.136000 -0.879800 -0.455500
vn -0.236400 -0.680900 -0.693100
vn 0.728700 0.116600 0.674800
vn 0.805600 0.112100 0.581700
vn 0.158500 -0.000600 -0.987400
vn 0.031300 -0.004300 -0.999500
vn 0.052800 0.648100 -0.759700
vn 0.167800 0.613700 -0.771500
vn -0.360200 -0.074500 -0.929900
vn -0.812100 -0.576400 -0.090200
vn -0.236800 0.874400 -0.423600
vn -0.050800 0.896700 -0.439600
vn 0.002600 0.962000 0.272900
vn 0.294100 0.397300 0.869300
vn -0.004600 0.899300 0.437300
vn 0.324700 -0.757400 0.566500
vn 0.046300 -0.994300 -0.095700
vn 0.162200 -0.775800 0.609700
vn -0.104000 -0.994300 -0.024700
vn -0.121500 -0.886200 -0.447100
vn -0.322900 -0.644900 -0.692700
vn -0.648900 0.051500 -0.759100
vn -0.818800 -0.076300 0.569000
vn -0.474200 -0.706800 -0.525000
vn -0.148500 0.928900 0.339300
vn -0.113700 -0.554500 0.824400
vn -0.694900 -0.548800 0.464600
vn 0.007700 -0.219800 -0.975500
vn 0.226400 0.903700 -0.363300
vn -0.082200 0.541200 0.836800
vn -0.468100 0.649100 0.599600
vn 0.252100 0.436000 0.863900
vn -0.837500 0.425200 0.343100
vn -0.266100 0.874900 0.404700
vn -0.226000 -0.888100 -0.400300
vn -0.291100 -0.653400 -0.698800
vn -0.475100 0.033200 -0.879300
vn -0.555800 0.826500 0.088900
vn -0.335300 0.903000 -0.268500
vn -0.082700 0.976900 0.196800
vn 0.030700 0.941200 0.336500
vn -0.708700 -0.123200 -0.694700
vn -0.901200 -0.424400 -0.088000
vn -0.504100 0.811400 -0.295700
vn -0.707400 0.697000 0.116900
vn 0.486200 0.836900 -0.251400
vn 0.329500 0.587500 -0.739100
vn 0.613600 -0.217400 0.759100
vn 0.118000 -0.304300 0.945200
vn -0.005000 -0.948900 0.315400
vn 0.671300 -0.728000 0.139200
vn 0.893400 -0.381300 0.237400
vn 0.736400 -0.628900 -0.249400
vn 0.506800 -0.448400 -0.736200
vn 0.338300 0.054800 -0.939400
vn 0.716700 0.655800 0.237200
vn 0.885500 0.150600 0.439500
vn -0.374200 -0.040800 0.926500
vn -0.751100 -0.592900 0.290300
vn -0.538700 0.398700 0.742100
vn -0.984800 0.158700 -0.070300
vn -0.287500 0.812000 0.508000
vn -0.580400 0.774400 -0.251900
vn 0.241500 0.919500 0.310200
vn 0.127600 0.888100 -0.441400
vn 0.678900 0.664600 0.311900
vn 0.729600 0.496000 -0.470800
vn 0.839400 0.182800 0.511900
vn 0.974500 -0.165900 -0.150700
vn -0.346500 -0.253900 -0.903000
vn -0.992800 -0.094500 0.073300
vn -0.878700 -0.272900 -0.391600
vn -0.255600 -0.557900 -0.789500
vn -0.381800 -0.650200 0.656800
vn -0.374600 0.096300 0.922100
vn -0.786300 0.359700 0.502200
vn -0.871600 0.473700 -0.126200
vn -0.738500 -0.287600 0.609800
vn 0.009000 0.942200 0.334800
vn -0.241300 0.935300 -0.258800
vn 0.795400 0.582500 -0.167400
vn 0.381800 0.650200 -0.656800
vn 0.737200 0.149100 -0.659000
vn 0.374600 -0.096300 -0.922100
vn 0.878700 0.272900 0.391600
vn 0.871600 -0.473700 0.126200
vn 0.991500 -0.044000 -0.122500
vn 0.255600 0.557900 0.789500
vn 0.241300 -0.935300 0.258800
vn 0.336600 -0.772600 0.538200
vn 0.947300 -0.306400 0.093500
vn 0.490300 0.040600 -0.870600
vn 0.256100 -0.919200 0.299100
vn -0.494800 -0.509500 0.704000
vn -0.951800 -0.162400 -0.260100
vn -0.269900 -0.519800 -0.810500
vn 0.124100 0.739700 0.661300
vn 0.335800 0.060000 0.940000
vn 0.100600 -0.994500 0.029800
vn -0.208500 -0.751500 -0.625900
vn 0.326100 -0.658300 0.678400
vn -0.410400 0.646600 -0.642900
vn -0.185000 0.982700 0.005600
vn -0.420100 -0.071700 -0.904600
vn -0.960100 -0.139200 -0.242500
vn -0.868600 -0.133700 -0.477100
vn -0.864300 0.423700 -0.271200
vn -0.954800 0.286000 -0.080900
vn -0.822700 0.480500 0.303900
vn -0.691600 0.683400 0.233600
vn -0.451900 0.494900 0.742100
vn -0.641000 0.337700 0.689200
vn -0.646000 -0.695000 0.315400
vn -0.460700 -0.852000 0.248600
vn -0.701400 -0.662800 -0.262100
vn -0.832300 -0.548600 -0.079500
vn -0.284700 -0.031800 0.958100
vn -0.513000 -0.061200 0.856200
vn -0.288000 -0.590000 0.754200
vn -0.513800 -0.490000 0.704200
vn -0.416200 0.786700 -0.455800
vn -0.345000 0.912200 0.221200
vn 0.237600 -0.960800 -0.143000
vn -0.138600 -0.760200 -0.634700
vn -0.247900 0.702700 0.666800
vn -0.384900 -0.098300 -0.917700
vn -0.517700 -0.811700 0.270200
vn -0.744500 -0.633500 -0.210800
vn -0.892400 0.392000 -0.223200
vn -0.727000 0.638500 0.252400
vn -0.899700 -0.134800 -0.415200
vn -0.500300 0.460300 0.733300
vn -0.345100 -0.038200 0.937800
vn -0.352300 -0.565100 0.746000
vn 0.600600 -0.069100 0.796600
vn 0.787400 -0.112100 -0.606100
vn -0.766300 -0.022600 -0.642000
vn -0.612100 -0.110900 0.783000
vn -0.891800 0.114400 0.437600
vn -0.442000 0.039200 -0.896100
vn 0.873900 0.056300 0.482700
vn 0.489700 0.109800 -0.865000
vn -0.346600 -0.930700 -0.116700
vn 0.658700 -0.748800 -0.072800
vn -0.599200 -0.799400 -0.042800
vn 0.432700 -0.900500 -0.042900
vn 0.796600 -0.127400 0.590900
vn 0.587400 -0.007400 -0.809300
vn -0.601400 -0.005400 -0.798900
vn -0.787100 -0.109300 0.607100
vn 0.323300 -0.035300 0.945600
vn 0.931800 0.109500 -0.346000
vn -0.932400 0.126200 -0.338500
vn 0.437600 -0.899100 -0.009400
vn -0.601400 -0.798900 -0.006300
vn -0.316900 -0.041300 0.947500
vn 0.585200 -0.810900 0.000900
vn -0.455800 -0.890100 -0.002600
s off
f 2/1/1 10/2/1 6/3/1 68/4/1 7/5/1 11/6/1 3/7/1
f 546/8/2 773/9/2 772/10/2 547/11/2
f 146/12/3 145/13/3 770/14/3 769/15/3
f 768/16/4 154/17/4 766/18/4
f 148/19/5 149/20/5 765/21/5 767/22/5
f 302/23/6 300/24/6 310/25/6 308/26/6 306/27/6 304/28/6
f 299/29/7 301/30/7 303/31/7 305/32/7 307/33/7 309/34/7
f 318/35/8 315/36/8 321/37/8 324/38/8
f 314/39/7 319/35/7 325/40/7 320/41/7
f 315/36/8 316/42/8 322/43/8 321/37/8
f 317/44/7 314/39/7 320/41/7 323/43/7
f 145/13/9 154/45/9 768/46/9 770/14/9
f 154/17/10 148/19/10 767/22/10 766/18/10
f 435/47/11 436/48/11 438/49/11 437/50/11
f 437/50/12 438/49/12 440/51/12 439/52/12
f 439/52/13 440/51/13 442/53/13 441/54/13
f 438/55/14 436/56/14 446/57/14 444/58/14 442/59/14 440/60/14
f 445/61/15 446/62/15 436/48/15 435/47/15
f 443/63/16 444/64/16 446/62/16 445/61/16
f 445/65/17 435/66/17 447/67/17
f 435/66/18 437/68/18 450/69/18 447/67/18
f 437/68/19 439/70/19 450/69/19
f 499/71/20 501/72/20 502/73/20 500/74/20
f 501/72/21 503/75/21 504/76/21 502/73/21
f 503/75/22 505/77/22 506/78/22 504/76/22
f 502/79/23 504/80/23 506/81/23 508/82/23 510/83/23 500/84/23
f 509/85/24 499/71/24 500/74/24 510/86/24
f 507/87/25 509/85/25 510/86/25 508/88/25
f 509/89/26 511/90/26 499/91/26
f 499/91/27 511/90/27 514/92/27 501/93/27
f 501/93/28 514/92/28 503/94/28
f 544/95/29 774/96/29 776/97/29 543/98/29
f 547/11/30 772/10/30 774/96/30 544/95/30
f 552/99/31 771/100/31 773/9/31 546/8/31
f 775/101/32 771/100/32 552/99/32
f 649/102/33 651/103/33 653/104/33 655/105/33 657/106/33 647/107/33
f 646/108/34 656/109/34 654/110/34 652/111/34 650/112/34 648/113/34
f 665/35/33 671/38/33 668/37/33 662/36/33
f 661/39/34 667/41/34 672/40/34 666/35/34
f 662/36/33 668/37/33 669/43/33 663/42/33
f 664/44/34 670/43/34 667/41/34 661/39/34
f 697/21/35 565/114/35 409/22/35
f 543/98/36 776/97/36 775/115/36 552/116/36
f 765/21/37 769/15/37 777/15/37 697/21/37
f 773/9/38 771/100/38 779/100/38 781/9/38
f 776/97/39 774/96/39 782/96/39 784/97/39
f 766/18/40 767/22/40 409/22/40 565/18/40
f 768/16/41 766/18/41 565/18/41 217/16/41
f 769/15/42 770/14/42 778/14/42 777/15/42
f 149/20/43 146/12/43 769/15/43 765/21/43
f 217/46/44 777/117/44 778/14/44
f 779/100/45 780/118/45 781/9/45
f 782/96/46 783/119/46 784/97/46
f 217/16/47 565/18/47 697/21/47 777/15/47
f 782/96/48 780/10/48 779/100/48 783/101/48
f 770/14/49 768/46/49 217/46/49 778/14/49
f 767/22/50 765/21/50 697/21/50 409/22/50
f 774/96/51 772/10/51 780/10/51 782/96/51
f 775/115/52 776/97/52 784/97/52 783/115/52
f 772/10/53 773/9/53 781/9/53 780/10/53
f 771/100/54 775/101/54 783/101/54 779/100/54
s 1
f 4/120/55 12/121/56 420/122/57 423/123/58
f 5/124/59 121/125/60 43/126/61
f 114/127/62 63/128/63 115/129/64
f 34/130/65 69/131/66 83/132/67 45/133/68
f 30/134/69 29/135/70 112/136/71
f 8/137/72 12/121/56 14/138/73 13/139/74
f 29/135/70 111/140/75 112/136/71
f 129/141/76 130/142/77 72/143/78
f 30/144/69 112/145/71 113/146/79
f 31/147/80 29/148/70 471/149/81 473/150/82
f 7/151/83 18/152/84 17/153/85
f 40/154/86 37/155/87 38/156/88
f 6/157/89 10/158/90 22/159/91
f 29/148/70 30/160/69 472/161/92 471/149/81
f 47/162/93 45/133/68 49/163/94 52/164/95
f 52/165/95 50/166/96 46/167/97 47/168/93
f 46/167/97 84/169/98 70/170/99
f 131/171/100 34/130/65 35/172/101
f 57/173/102 56/174/103 50/166/96 52/165/95
f 431/175/104 56/174/103 58/176/105
f 45/133/68 83/132/67 89/177/106 49/163/94
f 429/178/107 424/179/108 425/180/109
f 434/181/110 101/182/111 429/178/107
f 433/183/112 430/184/113 101/182/111
f 62/185/114 48/186/115 56/174/103 57/173/102
f 61/187/116 108/188/117 103/189/118 59/190/119
f 52/164/95 49/163/94 55/191/120 57/192/102
f 49/163/94 89/177/106 87/193/121 55/191/120
f 106/194/122 104/195/123 105/196/124
f 105/196/124 104/195/123 103/197/118
f 55/191/120 87/193/121 108/188/117 61/187/116
f 58/176/105 56/174/103 48/186/115 51/198/125
f 57/192/102 55/191/120 61/187/116 62/199/114
f 71/200/126 85/201/127 83/132/67 69/131/66
f 81/202/128 82/203/129 77/204/130 73/205/131
f 2/206/132 3/207/133 67/208/134 33/209/135
f 47/168/93 46/167/97 35/210/101
f 483/211/136 73/212/131 489/213/137 493/214/138
f 9/215/139 5/124/59 26/216/140 25/217/141
f 64/218/142 63/219/63 479/220/143 480/221/144
f 76/222/145 74/223/146 78/224/147
f 30/160/69 33/225/135 474/226/148 472/161/92
f 88/227/149 94/228/150 91/229/151 85/201/127
f 94/230/150 88/231/149 86/232/152 92/233/153
f 86/232/152 72/143/78 70/170/99
f 35/172/101 34/130/65 45/133/68
f 100/234/154 94/230/150 92/233/153 99/235/155
f 99/235/155 432/236/156 102/237/157
f 85/201/127 91/229/151 89/177/106 83/132/67
f 753/238/158 752/239/159 96/240/160 751/241/161
f 427/242/162 429/178/107 54/243/163
f 97/244/164 92/233/153 86/232/152
f 430/184/113 428/245/165 750/246/166
f 110/247/167 100/234/154 99/235/155 90/248/168
f 109/249/169 105/250/124 103/189/118 108/188/117
f 94/228/150 100/251/154 98/252/170 91/229/151
f 91/229/151 98/252/170 87/193/121 89/177/106
f 110/247/167 90/248/168 106/194/122
f 110/253/167 105/250/124 109/249/169
f 105/196/124 110/247/167 106/194/122
f 58/176/105 101/182/111 434/181/110
f 60/254/171 59/255/119 104/195/123
f 59/255/119 103/256/118 104/195/123
f 98/252/170 109/249/169 108/188/117 87/193/121
f 102/237/157 93/257/172 90/248/168 99/235/155
f 59/255/119 60/254/171 62/185/114
f 100/251/154 110/253/167 109/249/169 98/252/170
f 72/258/78 88/227/149 85/201/127
f 88/231/149 72/143/78 86/232/152
f 8/137/72 125/259/173 121/125/60
f 126/260/174 129/261/76 71/200/126
f 125/259/173 126/260/174 71/200/126
f 27/262/175 26/216/140 124/263/176
f 121/125/60 125/259/173 71/200/126 69/131/66
f 124/263/176 43/126/61 34/130/65
f 30/144/69 113/146/79 2/206/132 33/209/135
f 116/264/177 64/265/142 67/208/134 3/207/133
f 122/266/178 114/127/62 4/120/55
f 111/140/75 123/267/179 1/268/180
f 12/121/56 120/269/181 15/270/182 14/138/73
f 123/267/179 122/266/178 4/120/55 1/268/180
f 65/271/183 63/128/63 114/127/62 122/266/178
f 118/272/184 23/273/185 22/159/91
f 24/274/186 119/275/187 9/215/139 25/217/141
f 120/269/181 12/121/56 4/120/55 114/127/62
f 8/137/72 13/139/74 126/260/174
f 75/276/188 82/203/129 764/277/189
f 29/135/70 31/278/80 123/267/179 111/140/75
f 3/207/133 11/279/190 117/280/191 116/264/177
f 2/206/132 113/146/79 118/272/184 10/158/90
f 117/280/191 11/279/190 17/153/85
f 5/124/59 8/137/72 121/125/60
f 5/124/59 43/126/61 124/263/176
f 13/139/74 20/281/192 129/261/76 126/260/174
f 131/171/100 27/262/175 124/263/176
f 43/126/61 121/125/60 69/131/66 34/130/65
f 19/282/193 130/142/77 129/141/76
f 23/273/185 118/272/184 128/283/194
f 16/284/195 15/270/182 120/269/181 127/285/196
f 127/285/196 120/269/181 114/127/62
f 117/280/191 127/286/196 115/287/64
f 112/145/71 128/283/194 118/272/184
f 111/140/75 119/275/187 128/288/194
f 21/289/197 28/290/198 132/291/199
f 125/259/173 8/137/72 126/260/174
f 131/292/100 132/291/199 28/290/198
f 34/130/65 131/171/100 124/263/176
f 26/216/140 5/124/59 124/263/176
f 130/142/77 19/282/193 18/152/84
f 38/293/88 37/294/87 476/295/200 477/296/201
f 14/297/73 15/298/182 16/299/195 17/300/85 18/301/84 19/302/193 20/303/192 13/304/74
f 22/305/91 23/306/185 24/307/186 25/308/141 26/309/140 27/310/175 28/311/198 21/312/197
f 68/313/202 6/157/89 132/291/199
f 70/170/99 132/291/199 35/210/101
f 70/170/99 72/143/78 130/142/77
f 68/313/202 70/170/99 130/142/77
f 135/314/203 134/315/204 137/316/205 138/317/206
f 134/315/204 133/318/207 136/319/208 137/316/205
f 138/317/206 137/316/205 140/320/209 141/321/210
f 137/316/205 136/319/208 139/322/211 140/320/209
f 141/321/210 140/320/209 143/323/212 144/324/213
f 140/320/209 139/322/211 142/325/214 143/323/212
f 144/324/213 143/323/212 146/326/215 147/327/216
f 143/323/212 142/325/214 145/328/217 146/326/215
f 147/329/216 146/330/215 149/331/218 150/332/219
f 150/332/219 149/331/218 152/333/220 153/334/221
f 149/331/218 148/335/222 151/336/223 152/333/220
f 152/333/220 151/336/223 155/337/224 156/338/225
f 153/334/221 152/333/220 156/338/225 157/339/226
f 133/318/207 154/340/227 136/319/208
f 141/321/210 144/324/213 381/341/228 382/342/229
f 136/319/208 154/340/227 139/322/211
f 147/329/216 150/332/219 379/343/230 380/344/231
f 139/322/211 154/340/227 142/325/214
f 153/334/221 157/339/226 377/345/232 378/346/233
f 142/325/214 154/340/227 145/328/217
f 138/317/206 141/321/210 382/342/229 383/347/234
f 157/339/226 135/314/203 384/348/235 377/345/232
f 148/335/222 154/340/227 151/336/223
f 135/314/203 138/317/206 383/347/234 384/348/235
f 151/336/223 154/340/227 155/337/224
f 144/324/213 147/327/216 380/349/231 381/341/228
f 150/332/219 153/334/221 378/346/233 379/343/230
f 156/338/225 155/337/224 133/318/207 134/315/204
f 157/339/226 156/338/225 134/315/204 135/314/203
f 155/337/224 154/340/227 133/318/207
f 158/350/236 159/351/237 164/352/238 169/353/239
f 333/354/240 335/355/241 330/356/242 328/357/243
f 160/358/244 165/359/245 169/353/239 164/352/238
f 161/360/246 166/361/247 167/362/248 162/363/249
f 161/360/246 163/364/250 168/365/251 166/361/247
f 170/366/252 176/367/253 180/368/254
f 177/369/255 181/370/256 175/371/257
f 178/372/258 179/373/259 173/374/260
f 172/375/261 174/376/262 180/368/254 178/372/258
f 176/377/253 181/370/256 194/378/263 195/379/264
f 177/369/255 179/373/259 193/380/265 192/381/266
f 177/369/255 192/381/266 194/378/263 181/370/256
f 178/372/258 180/368/254 186/382/267 184/383/268
f 184/383/268 185/384/269 193/380/265
f 182/385/270 196/386/271 199/387/272 186/388/267
f 182/389/270 195/379/264 194/378/263 187/390/273
f 183/391/274 192/381/266 193/380/265 185/384/269
f 183/391/274 187/390/273 194/378/263 192/381/266
f 184/392/268 197/393/275 198/394/276 185/395/269
f 178/372/258 184/383/268 193/380/265 179/373/259
f 184/392/268 186/388/267 199/387/272 197/393/275
f 183/391/274 189/396/277 188/397/278 187/390/273
f 190/398/279 205/399/280 207/400/281 191/401/282
f 196/386/271 200/402/283 203/403/284 199/387/272
f 197/393/275 201/404/285 202/405/286 198/394/276
f 197/393/275 199/387/272 203/403/284 201/404/285
f 191/401/282 207/400/281 204/406/287
f 185/395/269 198/394/276 190/407/279 189/408/277
f 196/386/271 191/409/282 204/410/287 200/402/283
f 182/385/270 188/411/278 191/409/282 196/386/271
f 200/402/283 204/410/287 207/412/281 203/403/284
f 201/404/285 205/413/280 206/414/288 202/405/286
f 201/404/285 203/403/284 207/412/281 205/413/280
f 208/415/289 211/416/290 222/417/291 218/418/292
f 285/419/293 287/420/294 263/421/295 264/422/296
f 287/423/294 289/424/297 262/425/298 263/426/295
f 209/427/299 219/428/300 223/429/301 212/430/302
f 408/431/303 717/432/304 208/433/289 209/427/299
f 295/434/305 297/435/306 258/436/307 259/437/308
f 210/438/309 220/439/310 224/440/311 213/441/312
f 297/435/306 268/442/313 265/443/314 258/436/307
f 291/444/315 293/445/316 260/446/317 261/447/318
f 289/424/297 291/444/315 261/447/318 262/425/298
f 221/448/319 246/449/320 247/450/321
f 293/445/316 295/434/305 259/437/308 260/446/317
f 211/416/290 213/441/312 224/440/311 222/417/291
f 268/442/313 285/419/293 264/422/296 265/443/314
f 212/430/302 223/429/301 225/451/322 214/452/323
f 215/453/324 231/454/325 223/429/301 219/428/300
f 216/455/326 218/418/292 222/417/291 230/456/327
f 216/457/326 215/453/324 219/428/300 218/458/292
f 216/455/326 230/456/327 253/459/328 254/460/329
f 220/439/310 228/461/330 232/462/331 224/440/311
f 228/461/330 243/463/332 244/464/333 235/465/334
f 222/417/291 224/440/311 232/462/331 230/456/327
f 223/429/301 231/454/325 233/466/335 225/451/322
f 226/467/336 254/460/329 253/459/328 238/468/337
f 210/469/309 214/452/323 242/470/338 234/471/339
f 227/472/340 226/467/336 238/468/337 239/473/341
f 216/457/326 254/474/329 249/475/342 215/453/324
f 242/470/338 245/476/343 248/477/344 246/478/320
f 244/479/333 248/477/344 245/476/343
f 228/461/330 252/480/345 255/481/346 232/462/331
f 228/461/330 235/465/334 251/482/347 252/480/345
f 229/483/348 244/479/333 245/476/343 233/466/335
f 229/483/348 233/466/335 257/484/349 256/485/350
f 221/486/319 234/471/339 242/470/338 246/478/320
f 229/483/348 256/485/350 251/487/347 235/488/334
f 230/456/327 232/462/331 255/481/346 253/459/328
f 231/454/325 250/489/351 257/484/349 233/466/335
f 236/490/352 240/491/353 255/481/346 252/480/345
f 237/492/354 241/493/355 240/491/353 236/490/352
f 227/494/340 249/475/342 254/474/329 226/495/336
f 237/496/354 256/485/350 257/484/349 241/497/355
f 208/433/289 218/458/292 219/428/300 209/427/299
f 238/468/337 253/459/328 255/481/346 240/491/353
f 239/473/341 238/468/337 240/491/353 241/493/355
f 239/498/341 241/497/355 257/484/349 250/489/351
f 225/451/322 233/466/335 245/476/343 242/470/338
f 221/448/319 247/450/321 243/463/332 234/499/339
f 247/450/321 246/449/320 248/500/344
f 210/438/309 234/499/339 243/463/332 220/439/310
f 220/439/310 243/463/332 228/461/330
f 214/452/323 225/451/322 242/470/338
f 177/369/255 173/374/260 179/373/259
f 171/501/356 177/369/255 175/371/257
f 345/502/357 347/503/358 341/504/359
f 175/371/257 169/353/239 165/359/245 171/501/356
f 293/445/316 294/505/360 296/506/361 295/434/305
f 269/507/362 270/508/363 272/509/364 271/510/365
f 286/511/366 267/512/367 298/513/368 296/514/361 294/515/360 292/516/369 290/517/370 288/518/371
f 271/510/365 272/509/364 274/519/372 273/520/373
f 289/424/297 290/521/370 292/522/369 291/444/315
f 273/523/373 274/524/372 276/525/374 275/526/375
f 287/423/294 288/527/371 290/521/370 289/424/297
f 275/526/375 276/525/374 278/528/376 277/529/377
f 295/434/305 296/506/361 298/530/368 297/435/306
f 285/419/293 286/531/366 288/532/371 287/420/294
f 277/529/377 278/528/376 280/533/378 279/534/379
f 297/435/306 298/530/368 267/535/367 268/442/313
f 268/442/313 267/535/367 286/531/366 285/419/293
f 279/534/379 280/533/378 282/536/380 281/537/381
f 283/538/382 284/539/383 270/508/363 269/507/362
f 281/537/381 282/536/380 284/539/383 283/538/382
f 291/444/315 292/522/369 294/505/360 293/445/316
f 269/540/362 271/541/365 273/542/373 275/543/375 277/544/377 279/545/379 281/546/381 283/547/382
f 315/548/384 300/549/385 302/550/386 316/551/387
f 301/552/388 317/553/389 316/551/387 302/550/386 304/550/390 311/554/391 303/552/392
f 311/554/391 304/550/390 306/549/393 312/555/394
f 312/555/394 306/549/393 308/556/395 313/557/396
f 318/558/397 310/556/398 300/549/385 315/548/384
f 307/559/399 313/557/396 308/556/395 310/556/398 318/558/397 319/560/400 309/559/401
f 303/552/392 311/554/391 312/555/394 305/561/402
f 305/561/402 312/555/394 313/557/396 307/559/399
f 299/561/403 314/562/404 317/553/389 301/552/388
f 319/560/400 318/558/397 324/563/405 325/564/406
f 309/559/401 319/560/400 314/562/404 299/561/403
f 320/562/407 321/548/408 322/565/409 323/566/410
f 325/564/406 324/563/405 321/548/408 320/562/407
f 316/551/387 317/553/389 323/566/410 322/565/409
f 326/567/411 327/568/412 331/569/413 336/570/414
f 168/365/251 158/571/236 266/572/415
f 172/375/261 166/361/247 168/365/251 174/376/262
f 175/371/257 181/370/256 176/377/253
f 340/573/416 334/574/417 335/355/241
f 326/575/411 337/576/418 332/577/419 327/578/412
f 344/579/420 348/580/421 354/581/422 363/582/423
f 328/357/243 332/577/419 337/576/418 333/354/240
f 329/583/424 330/356/242 335/355/241 334/574/417
f 329/583/424 334/574/417 336/570/414 331/569/413
f 338/584/425 342/585/426 348/580/421
f 343/586/427 349/587/428 345/502/357
f 341/504/359 347/503/358 346/588/429
f 340/573/416 346/588/429 348/580/421 342/585/426
f 344/589/420 363/590/423 362/591/430 349/587/428
f 345/502/357 360/592/431 361/593/432 347/503/358
f 345/502/357 349/587/428 362/591/430 360/592/431
f 346/588/429 352/594/433 354/581/422 348/580/421
f 352/594/433 361/593/432 353/595/434
f 350/596/435 354/597/422 367/598/436 364/599/437
f 350/600/435 355/601/438 362/591/430 363/590/423
f 190/398/279 206/602/288 205/399/280
f 351/603/439 353/595/434 361/593/432 360/592/431
f 182/389/270 187/390/273 188/397/278
f 351/603/439 360/592/431 362/591/430 355/601/438
f 182/604/270 186/382/267 195/605/264
f 352/606/433 353/607/434 366/608/440 365/609/441
f 346/588/429 347/503/358 361/593/432 352/594/433
f 352/606/433 365/609/441 367/598/436 354/597/422
f 198/394/276 202/405/286 206/414/288 190/407/279
f 351/603/439 355/601/438 356/610/442 357/611/443
f 358/612/444 359/613/445 375/614/446 373/615/447
f 364/599/437 367/598/436 371/616/448 368/617/449
f 188/618/278 189/619/277 190/398/279 191/401/282
f 365/609/441 366/608/440 370/620/450 369/621/451
f 365/609/441 369/621/451 371/616/448 367/598/436
f 359/613/445 372/622/452 375/614/446
f 353/607/434 357/623/443 358/624/444 366/608/440
f 364/599/437 368/617/449 372/625/452 359/626/445
f 350/596/435 364/599/437 359/626/445 356/627/442
f 368/617/449 371/616/448 375/628/446 372/625/452
f 369/621/451 370/620/450 374/629/453 373/630/447
f 369/621/451 373/630/447 375/628/446 371/616/448
f 169/353/239 266/631/415 158/350/236
f 340/573/416 342/585/426 336/570/414 334/574/417
f 342/585/426 338/584/425 376/632/454
f 339/633/455 341/504/359 335/355/241 333/354/240
f 343/586/427 339/633/455 333/354/240 337/576/418
f 278/528/376 378/346/233 377/345/232 280/533/378
f 162/363/249 167/362/248 165/359/245 160/358/244
f 170/634/252 175/371/257 176/377/253
f 349/587/428 343/586/427 344/589/420
f 343/586/427 338/635/425 344/589/420
f 42/636/456 163/364/250 161/360/246 40/154/86
f 41/637/457 40/154/86 161/360/246 162/363/249
f 41/637/457 162/363/249 160/358/244 39/638/458
f 32/639/459 159/640/237 163/364/250 42/641/456
f 80/642/460 78/224/147 329/583/424 331/569/413
f 79/643/461 330/356/242 329/583/424 78/224/147
f 80/642/460 331/569/413 327/568/412 66/644/462
f 82/203/129 66/645/462 327/578/412 332/577/419
f 82/203/129 332/577/419 328/357/243 77/204/130
f 79/643/461 77/204/130 328/357/243 330/356/242
f 282/536/380 280/533/378 377/345/232 384/348/235
f 276/525/374 379/343/230 378/346/233 278/528/376
f 274/524/372 380/344/231 379/343/230 276/525/374
f 272/509/364 381/341/228 380/349/231 274/519/372
f 270/508/363 382/342/229 381/341/228 272/509/364
f 284/539/383 383/347/234 382/342/229 270/508/363
f 282/536/380 384/348/235 383/347/234 284/539/383
f 258/436/307 265/443/314 392/646/463 385/647/464
f 262/425/298 261/447/318 388/648/465 389/649/466
f 264/422/296 263/421/295 390/650/467 391/651/468
f 260/446/317 259/437/308 386/652/469 387/653/470
f 259/437/308 258/436/307 385/647/464 386/652/469
f 265/443/314 264/422/296 391/651/468 392/646/463
f 392/646/463 391/651/468 399/654/471 400/655/472
f 385/647/464 392/646/463 400/655/472 393/656/473
f 388/648/465 387/653/470 395/657/474 396/658/475
f 389/649/466 388/648/465 396/658/475 397/659/476
f 387/653/470 386/652/469 394/660/477 395/657/474
f 390/661/467 389/649/466 397/659/476 398/662/478
f 391/651/468 390/650/467 398/663/478 399/654/471
f 386/652/469 385/647/464 393/656/473 394/660/477
f 414/664/479 410/665/480 720/666/481 405/667/482
f 411/668/483 417/669/484 402/670/485 714/671/486
f 412/672/487 413/673/488 406/674/489 407/675/490
f 410/665/480 411/668/483 714/671/486 720/666/481
f 417/669/484 415/676/491 404/677/492 402/670/485
f 415/676/491 416/678/493 403/679/494 404/677/492
f 416/678/493 412/672/487 407/675/490 403/679/494
f 413/673/488 414/664/479 405/667/482 406/674/489
f 715/680/495 721/681/496 212/430/302 214/452/323
f 716/682/497 719/683/498 213/441/312 211/416/290
f 717/684/304 716/682/497 211/416/290 208/415/289
f 721/681/496 401/685/499 212/430/302
f 401/685/499 408/431/303 209/427/299 212/430/302
f 719/683/498 718/686/500 210/438/309 213/441/312
f 398/687/478 397/688/476 417/689/484 411/690/483
f 395/691/474 394/692/477 412/693/487 416/694/493
f 397/688/476 396/695/475 415/696/491 417/689/484
f 396/695/475 395/691/474 416/694/493 415/696/491
f 393/697/473 400/698/472 414/699/479 413/700/488
f 400/698/472 399/701/471 410/702/480 414/699/479
f 394/692/477 393/697/473 413/700/488 412/693/487
f 399/701/471 398/687/478 411/690/483 410/702/480
f 419/703/501 418/704/502 422/705/503 423/123/58 420/122/57 421/706/504
f 12/121/56 8/137/72 421/706/504 420/122/57
f 5/124/59 9/215/139 418/704/502 419/703/501
f 8/137/72 5/124/59 419/703/501 421/706/504
f 9/215/139 1/268/180 422/705/503 418/704/502
f 1/268/180 4/120/55 423/123/58 422/705/503
f 229/483/348 235/488/334 244/479/333
f 236/490/352 252/480/345 251/482/347
f 243/463/332 247/450/321 248/500/344 244/464/333
f 237/496/354 236/707/352 251/487/347 256/485/350
f 215/453/324 249/475/342 250/489/351 231/454/325
f 718/708/500 715/680/495 214/452/323 210/469/309
f 227/494/340 239/498/341 250/489/351 249/475/342
f 95/709/505 86/232/152 84/169/98
f 51/198/125 48/186/115 60/254/171
f 434/181/110 429/178/107 427/242/162
f 428/245/165 430/184/113 433/183/112
f 101/182/111 424/179/108 429/178/107
f 430/184/113 424/179/108 101/182/111
f 424/179/108 430/184/113 425/180/109
f 754/710/506 53/711/507 96/240/160 752/239/159
f 58/176/105 434/181/110 431/175/104
f 428/245/165 432/236/156 99/235/155
f 58/176/105 755/712/508 101/182/111
f 427/242/162 56/174/103 431/175/104
f 431/175/104 434/181/110 427/242/162
f 50/166/96 56/174/103 427/242/162
f 432/236/156 428/245/165 433/183/112
f 428/245/165 99/235/155 92/233/153
f 97/244/164 95/709/505 426/713/509
f 53/711/507 84/169/98 46/167/97
f 102/237/157 101/182/111 755/712/508
f 102/237/157 432/236/156 433/183/112
f 102/237/157 433/183/112 101/182/111
f 454/714/510 751/241/161 453/715/511
f 53/711/507 754/710/506 95/709/505 84/169/98
f 751/241/161 96/240/160 453/715/511
f 452/716/512 429/178/107 425/180/109
f 97/244/164 428/245/165 92/233/153
f 95/709/505 97/244/164 86/232/152
f 54/243/163 50/166/96 427/242/162
f 50/166/96 54/243/163 46/167/97
f 35/210/101 46/167/97 70/170/99
f 84/169/98 86/232/152 70/170/99
f 47/162/93 35/172/101 45/133/68
f 132/291/199 131/292/100 35/210/101
f 71/200/126 72/258/78 85/201/127
f 71/200/126 129/261/76 72/258/78
f 106/194/122 93/257/172 107/717/513 104/195/123
f 93/257/172 106/194/122 90/248/168
f 60/254/171 48/186/115 62/185/114
f 62/199/114 61/187/116 59/190/119
f 75/718/188 32/719/459 42/636/456
f 75/720/188 80/642/460 66/644/462
f 441/54/514 442/53/515 444/721/516 443/722/517
f 439/70/518 441/723/514 449/724/519
f 439/70/518 449/724/519 450/69/520
f 445/65/521 447/67/522 448/725/523
f 443/726/517 445/65/521 448/725/523
f 441/723/514 443/727/517 448/728/523 449/724/519
f 448/725/523 447/67/522 455/729/524 456/730/525
f 46/167/97 453/715/511 96/240/160 53/711/507
f 54/243/163 451/731/526 46/167/97
f 451/731/526 453/715/511 46/167/97
f 425/180/109 753/238/158 751/241/161 454/714/510
f 454/714/510 452/716/512 425/180/109
f 429/178/107 452/716/512 451/731/526 54/243/163
f 452/716/512 454/714/510 453/715/511 451/731/526
f 456/730/525 455/729/524 459/732/527 460/733/528
f 449/724/519 448/728/523 456/734/525 457/735/529
f 447/67/522 450/69/520 458/736/530 455/729/524
f 450/69/520 449/724/519 457/735/529 458/736/530
f 460/733/528 459/732/527 463/737/531 464/738/532
f 457/735/529 456/734/525 460/739/528 461/740/533
f 455/729/524 458/736/530 462/741/534 459/732/527
f 458/736/530 457/735/529 461/740/533 462/741/534
f 464/738/532 463/737/531 467/742/535 468/743/536
f 461/740/533 460/739/528 464/744/532 465/745/537
f 459/732/527 462/741/534 466/746/538 463/737/531
f 462/741/534 461/740/533 465/745/537 466/746/538
f 465/745/537 464/744/532 468/747/536 469/748/539
f 463/737/531 466/746/538 470/749/540 467/742/535
f 466/746/538 465/745/537 469/748/539 470/749/540
f 76/222/145 80/642/460 75/720/188
f 38/156/88 75/718/188 42/636/456
f 75/750/188 764/751/189 722/752/541 44/753/542 36/754/543 39/638/458 160/358/244 164/352/238 159/351/237 32/755/459
f 75/276/188 66/645/462 82/203/129
f 122/266/178 123/267/179 31/278/80 65/271/183
f 33/225/135 67/756/134 482/757/544 474/226/148
f 63/128/63 64/758/142 115/129/64
f 115/287/64 64/265/142 116/264/177
f 79/643/461 73/205/131 77/204/130
f 74/223/146 73/205/131 79/643/461
f 78/224/147 74/223/146 79/643/461
f 723/759/545 76/222/145 75/720/188
f 80/642/460 76/222/145 78/224/147
f 42/636/456 40/154/86 38/156/88
f 40/154/86 41/637/457 37/155/87
f 41/637/457 39/638/458 36/754/543
f 41/637/457 36/754/543 37/155/87
f 65/760/183 31/147/80 473/150/82 481/761/546
f 477/762/201 476/763/200 472/764/92 474/226/148
f 473/150/82 471/765/81 475/766/547 478/767/548
f 485/768/549 482/757/544 480/769/144 484/770/550
f 486/771/551 481/761/546 473/150/82 478/767/548 724/772/552
f 481/761/546 486/771/551 483/773/136 479/774/143
f 482/757/544 485/768/549 725/775/553 477/762/201 474/226/148
f 484/776/550 480/777/144 479/778/143 483/779/136
f 476/780/200 475/781/547 471/782/81 472/783/92
f 63/219/63 65/760/183 481/761/546 479/220/143
f 81/784/128 73/785/131 483/786/136 486/787/551
f 74/788/146 484/789/550 494/790/554 490/791/555
f 36/792/543 44/793/542 478/794/548 475/795/547
f 74/796/146 76/797/145 485/798/549 484/799/550
f 67/756/134 64/218/142 480/221/144 482/757/544
f 492/800/556 488/801/557 496/802/558
f 36/803/543 475/804/547 491/805/559 487/806/560
f 475/781/547 476/780/200 492/807/556 491/808/559
f 484/776/550 483/779/136 493/809/138 494/810/554
f 37/811/87 36/803/543 487/806/560 488/801/557
f 73/212/131 74/788/146 490/791/555 489/213/137
f 476/812/200 37/811/87 488/801/557 492/800/556
f 493/214/138 489/213/137 497/813/561
f 487/806/560 491/805/559 495/814/562
f 494/810/554 493/809/138 497/815/561 498/816/563
f 488/801/557 487/806/560 495/814/562 496/802/558
f 489/213/137 490/791/555 498/817/563 497/813/561
f 491/808/559 492/807/556 496/818/558 495/819/562
f 183/391/274 185/384/269 189/396/277
f 350/600/435 356/610/442 355/601/438
f 356/820/442 359/613/445 358/612/444 357/821/443
f 366/608/440 358/624/444 374/629/453 370/620/450
f 358/612/444 373/615/447 374/822/453
f 351/603/439 357/611/443 353/595/434
f 505/77/564 507/823/565 508/824/566 506/78/567
f 503/94/568 513/825/569 505/826/564
f 503/94/568 514/92/570 513/825/569
f 509/89/571 512/827/572 511/90/573
f 507/828/565 512/827/572 509/89/571
f 505/826/564 513/825/569 512/829/572 507/830/565
f 512/827/572 516/831/574 515/832/575 511/90/573
f 516/831/574 520/833/576 519/834/577 515/832/575
f 513/825/569 517/835/578 516/836/574 512/829/572
f 511/90/573 515/832/575 518/837/579 514/92/570
f 514/92/570 518/837/579 517/835/578 513/825/569
f 520/833/576 524/838/580 523/839/581 519/834/577
f 517/835/578 521/840/582 520/841/576 516/836/574
f 515/832/575 519/834/577 522/842/583 518/837/579
f 518/837/579 522/842/583 521/840/582 517/835/578
f 524/838/580 528/843/584 527/844/585 523/839/581
f 521/840/582 525/845/586 524/846/580 520/841/576
f 519/834/577 523/839/581 526/847/587 522/842/583
f 522/842/583 526/847/587 525/845/586 521/840/582
f 525/845/586 529/848/588 528/849/584 524/846/580
f 523/839/581 527/844/585 530/850/589 526/847/587
f 526/847/587 530/850/589 529/848/588 525/845/586
f 533/851/590 536/852/591 535/853/592 532/854/593
f 532/854/593 535/853/592 534/855/594 531/856/595
f 536/852/591 539/857/596 538/858/597 535/853/592
f 535/853/592 538/858/597 537/859/598 534/855/594
f 539/857/596 542/860/599 541/861/600 538/858/597
f 538/858/597 541/861/600 540/862/601 537/859/598
f 542/860/599 545/863/602 544/864/603 541/861/600
f 541/861/600 544/864/603 543/865/604 540/862/601
f 545/866/602 548/867/605 547/868/606 544/869/603
f 548/867/605 551/870/607 550/871/608 547/868/606
f 547/868/606 550/871/608 549/872/609 546/873/610
f 550/871/608 554/874/611 553/875/612 549/872/609
f 551/870/607 555/876/613 554/874/611 550/871/608
f 531/856/595 534/855/594 552/877/614
f 539/857/596 678/878/615 677/879/616 542/860/599
f 534/855/594 537/859/598 552/877/614
f 545/866/602 676/880/617 675/881/618 548/867/605
f 537/859/598 540/862/601 552/877/614
f 551/870/607 674/882/619 673/883/620 555/876/613
f 540/862/601 543/865/604 552/877/614
f 536/852/591 679/884/621 678/878/615 539/857/596
f 555/876/613 673/883/620 680/885/622 533/851/590
f 546/873/610 549/872/609 552/877/614
f 533/851/590 680/885/622 679/884/621 536/852/591
f 549/872/609 553/875/612 552/877/614
f 542/860/599 677/879/616 676/886/617 545/863/602
f 548/867/605 675/881/618 674/882/619 551/870/607
f 554/874/611 532/854/593 531/856/595 553/875/612
f 555/876/613 533/851/590 532/854/593 554/874/611
f 553/875/612 531/856/595 552/877/614
f 556/887/623 566/888/624 570/889/625 559/890/626
f 632/891/627 612/892/628 611/893/629 634/894/630
f 634/895/630 611/896/629 610/897/631 636/898/632
f 557/899/633 560/900/634 571/901/635 567/902/636
f 696/903/637 557/899/633 556/904/623 710/905/638
f 642/906/639 607/907/640 606/908/641 644/909/642
f 558/910/643 561/911/644 572/912/645 568/913/646
f 644/909/642 606/908/641 613/914/647 615/915/648
f 638/916/649 609/917/650 608/918/651 640/919/652
f 636/898/632 610/897/631 609/917/650 638/916/649
f 569/920/653 595/921/654 594/922/655
f 640/919/652 608/918/651 607/907/640 642/906/639
f 559/890/626 570/889/625 572/912/645 561/911/644
f 615/915/648 613/914/647 612/892/628 632/891/627
f 560/900/634 562/923/656 573/924/657 571/901/635
f 563/925/658 567/902/636 571/901/635 579/926/659
f 564/927/660 578/928/661 570/889/625 566/888/624
f 564/929/660 566/930/624 567/902/636 563/925/658
f 564/927/660 602/931/662 601/932/663 578/928/661
f 568/913/646 572/912/645 580/933/664 576/934/665
f 576/934/665 583/935/666 592/936/667 591/937/668
f 570/889/625 578/928/661 580/933/664 572/912/645
f 571/901/635 573/924/657 581/938/669 579/926/659
f 574/939/670 586/940/671 601/932/663 602/931/662
f 558/941/643 582/942/672 590/943/673 562/923/656
f 575/944/674 587/945/675 586/940/671 574/939/670
f 564/929/660 563/925/658 597/946/676 602/947/662
f 590/943/673 594/948/655 596/949/677 593/950/678
f 592/951/667 593/950/678 596/949/677
f 576/934/665 580/933/664 603/952/679 600/953/680
f 576/934/665 600/953/680 599/954/681 583/935/666
f 577/955/682 581/938/669 593/950/678 592/951/667
f 577/955/682 604/956/683 605/957/684 581/938/669
f 569/958/653 594/948/655 590/943/673 582/942/672
f 577/955/682 583/959/666 599/960/681 604/956/683
f 578/928/661 601/932/663 603/952/679 580/933/664
f 579/926/659 581/938/669 605/957/684 598/961/685
f 584/962/686 600/953/680 603/952/679 588/963/687
f 585/964/688 584/962/686 588/963/687 589/965/689
f 575/966/674 574/967/670 602/947/662 597/946/676
f 585/968/688 589/969/689 605/957/684 604/956/683
f 556/904/623 557/899/633 567/902/636 566/930/624
f 586/940/671 588/963/687 603/952/679 601/932/663
f 587/945/675 589/965/689 588/963/687 586/940/671
f 587/970/675 598/961/685 605/957/684 589/969/689
f 573/924/657 590/943/673 593/950/678 581/938/669
f 569/920/653 582/971/672 591/937/668 595/921/654
f 595/921/654 596/972/677 594/922/655
f 558/910/643 568/913/646 591/937/668 582/971/672
f 568/913/646 576/934/665 591/937/668
f 562/923/656 590/943/673 573/924/657
f 640/919/652 642/906/639 643/973/690 641/974/691
f 616/975/692 618/976/693 619/977/694 617/978/695
f 633/979/696 635/980/697 637/981/698 639/982/699 641/983/691 643/984/690 645/985/700 614/986/701
f 618/976/693 620/987/702 621/988/703 619/977/694
f 636/898/632 638/916/649 639/989/699 637/990/698
f 620/991/702 622/992/704 623/993/705 621/994/703
f 634/895/630 636/898/632 637/990/698 635/995/697
f 622/992/704 624/996/706 625/997/707 623/993/705
f 642/906/639 644/909/642 645/998/700 643/973/690
f 632/891/627 634/894/630 635/999/697 633/1000/696
f 624/996/706 626/1001/708 627/1002/709 625/997/707
f 644/909/642 615/915/648 614/1003/701 645/998/700
f 615/915/648 632/891/627 633/1000/696 614/1003/701
f 626/1001/708 628/1004/710 629/1005/711 627/1002/709
f 630/1006/712 616/975/692 617/978/695 631/1007/713
f 628/1004/710 630/1006/712 631/1007/713 629/1005/711
f 638/916/649 640/919/652 641/974/691 639/989/699
f 616/1008/692 630/1009/712 628/1010/710 626/1011/708 624/1012/706 622/1013/704 620/1014/702 618/1015/693
f 662/548/714 663/551/715 649/550/716 647/549/717
f 648/552/718 650/552/719 658/554/720 651/550/721 649/550/716 663/551/715 664/553/722
f 658/554/720 659/555/723 653/549/724 651/550/721
f 659/555/723 660/557/725 655/556/726 653/549/724
f 665/558/727 662/548/714 647/549/717 657/556/728
f 654/559/729 656/559/730 666/560/731 665/558/727 657/556/728 655/556/726 660/557/725
f 650/552/719 652/561/732 659/555/723 658/554/720
f 652/561/732 654/559/729 660/557/725 659/555/723
f 646/561/733 648/552/718 664/553/722 661/562/734
f 666/560/731 672/564/735 671/563/736 665/558/727
f 656/559/730 646/561/733 661/562/734 666/560/731
f 667/562/737 670/566/738 669/565/739 668/548/740
f 672/564/735 667/562/737 668/548/740 671/563/736
f 663/551/715 669/565/739 670/566/738 664/553/722
f 625/997/707 627/1002/709 673/883/620 674/882/619
f 629/1005/711 680/885/622 673/883/620 627/1002/709
f 623/993/705 625/997/707 674/882/619 675/881/618
f 621/994/703 623/993/705 675/881/618 676/880/617
f 619/977/694 621/988/703 676/886/617 677/879/616
f 617/978/695 619/977/694 677/879/616 678/878/615
f 631/1007/713 617/978/695 678/878/615 679/884/621
f 629/1005/711 631/1007/713 679/884/621 680/885/622
f 606/908/641 757/1016/741 763/1017/742 613/914/647
f 611/896/629 761/1018/743 758/1019/744 610/897/631
f 612/892/628 760/1020/745 761/1021/743 611/893/629
f 608/918/651 762/1022/746 756/1023/747 607/907/640
f 607/907/640 756/1023/747 757/1016/741 606/908/641
f 609/917/650 759/1024/748 762/1022/746 608/918/651
f 610/897/631 758/1019/744 759/1024/748 609/917/650
f 613/914/647 763/1017/742 760/1020/745 612/892/628
f 702/1025/749 693/1026/750 713/1027/751 698/1028/752
f 699/1029/753 707/1030/754 690/1031/755 705/1032/756
f 700/1033/757 695/1034/758 694/1035/759 701/1036/760
f 698/1028/752 713/1027/751 707/1030/754 699/1029/753
f 705/1032/756 690/1031/755 692/1037/761 703/1038/762
f 703/1038/762 692/1037/761 691/1039/763 704/1040/764
f 704/1040/764 691/1039/763 695/1034/758 700/1033/757
f 701/1036/760 694/1035/759 693/1026/750 702/1025/749
f 712/1041/765 562/923/656 560/900/634 706/1042/766
f 711/1043/767 559/890/626 561/911/644 708/1044/768
f 710/1045/638 556/887/623 559/890/626 711/1043/767
f 706/1042/766 560/900/634 689/1046/769
f 689/1046/769 560/900/634 557/899/633 696/903/637
f 708/1044/768 561/911/644 558/910/643 709/1047/770
f 686/1048/771 699/1049/753 705/1050/756 685/1051/772
f 683/1052/773 704/1053/764 700/1054/757 682/1055/774
f 685/1051/772 705/1050/756 703/1056/762 684/1057/775
f 684/1057/775 703/1056/762 704/1053/764 683/1052/773
f 681/1058/776 701/1059/760 702/1060/749 688/1061/777
f 688/1061/777 702/1060/749 698/1062/752 687/1063/778
f 682/1055/774 700/1054/757 701/1059/760 681/1058/776
f 687/1063/778 698/1062/752 699/1049/753 686/1048/771
f 577/955/682 592/951/667 583/959/666
f 584/962/686 599/954/681 600/953/680
f 591/937/668 592/936/667 596/972/677 595/921/654
f 585/968/688 604/956/683 599/960/681 584/1064/686
f 563/925/658 579/926/659 598/961/685 597/946/676
f 709/1065/770 558/941/643 562/923/656 712/1041/765
f 575/966/674 597/946/676 598/961/685 587/970/675
f 171/501/356 165/359/245 167/362/248 173/374/260
f 336/570/414 342/585/426 376/632/454
f 339/633/455 343/586/427 345/502/357
f 339/633/455 345/502/357 341/504/359
f 174/376/262 168/365/251 266/572/415
f 169/353/239 175/371/257 170/634/252 266/631/415
f 172/375/261 178/372/258 173/374/260
f 174/376/262 170/366/252 180/368/254
f 344/579/420 338/584/425 348/580/421
f 340/573/416 341/504/359 346/588/429
f 176/367/253 195/605/264 186/382/267 180/368/254
f 170/366/252 174/376/262 266/572/415
f 171/501/356 173/374/260 177/369/255
f 426/713/509 750/246/166 97/244/164
f 60/254/171 104/195/123 107/717/513 51/198/125
f 406/1066/489 405/1067/482 720/1068/481 714/1069/486 402/1070/485 404/1071/492 403/1072/494 407/1073/490
f 694/1074/759 695/1075/758 691/1076/763 692/1077/761 690/1078/755 707/1079/754 713/1080/751 693/1081/750
f 490/791/555 494/790/554 498/817/563
f 336/570/414 376/632/454 326/567/411
f 158/571/236 168/365/251 163/364/250 159/640/237
f 376/1082/454 338/635/425 343/586/427 337/576/418
f 350/1083/435 363/582/423 354/581/422
f 326/575/411 376/1082/454 337/576/418
f 38/156/88 723/1084/545 75/718/188
f 723/1085/545 725/1086/553 729/1087/779 728/1088/780
f 725/1089/553 723/1090/545 732/1091/781 733/1092/782
f 725/775/553 485/768/549 727/1093/783 729/1094/779
f 76/797/145 723/1085/545 728/1088/780 726/1095/784
f 485/798/549 76/797/145 726/1095/784 727/1096/783
f 341/504/359 340/573/416 335/355/241
f 477/762/201 725/775/553 733/1097/782 731/1098/785
f 723/1090/545 38/293/88 730/1099/786 732/1091/781
f 38/293/88 477/296/201 731/1100/785 730/1099/786
f 167/362/248 166/361/247 172/375/261
f 731/1098/785 733/1097/782 737/1101/787 736/1102/788
f 732/1091/781 730/1099/786 736/1103/788 737/1104/787
f 733/1092/782 732/1091/781 737/1104/787
f 727/1096/783 726/1095/784 734/1105/789
f 729/1094/779 727/1093/783 734/1106/789 735/1107/790
f 726/1095/784 728/1088/780 735/1108/790 734/1105/789
f 173/374/260 167/362/248 172/375/261
f 728/1088/780 729/1087/779 735/1108/790
f 730/1099/786 731/1100/785 736/1103/788
f 724/1109/552 722/1110/541 744/1111/791 745/1112/792
f 722/1113/541 724/1114/552 741/1115/793 740/1116/794
f 478/794/548 44/793/542 738/1117/795 739/1118/796
f 724/772/552 478/767/548 739/1119/796 741/1120/793
f 44/793/542 722/1113/541 740/1116/794 738/1117/795
f 743/1121/797 745/1122/792 749/1123/798 748/1124/799
f 486/771/551 724/772/552 745/1122/792 743/1121/797
f 722/1110/541 81/784/128 742/1125/800 744/1111/791
f 81/784/128 486/787/551 743/1126/797 742/1125/800
f 742/1125/800 743/1126/797 748/1127/799
f 744/1111/791 742/1125/800 748/1127/799 749/1128/798
f 741/1120/793 739/1119/796 746/1129/801 747/1130/802
f 740/1116/794 741/1115/793 747/1131/802
f 738/1117/795 740/1116/794 747/1131/802 746/1132/801
f 745/1112/792 744/1111/791 749/1128/798
f 739/1118/796 738/1117/795 746/1132/801
f 750/246/166 426/713/509 752/239/159 753/238/158
f 430/184/113 750/246/166 753/238/158 425/180/109
f 95/709/505 754/710/506 752/239/159 426/713/509
f 428/245/165 97/244/164 750/246/166
f 93/257/172 102/237/157 755/712/508 107/717/513
f 51/198/125 107/717/513 755/712/508 58/176/105
f 24/274/186 23/1133/185 128/288/194 119/275/187
f 117/280/191 16/1134/195 127/286/196
f 16/1134/195 117/280/191 17/153/85
f 10/158/90 118/272/184 22/159/91
f 11/279/190 7/151/83 17/153/85
f 21/289/197 6/157/89 22/159/91
f 7/151/83 130/142/77 18/152/84
f 6/157/89 21/289/197 132/291/199
f 27/262/175 131/171/100 28/1135/198
f 20/281/192 19/1136/193 129/261/76
f 7/151/83 68/313/202 130/142/77
f 70/170/99 68/313/202 132/291/199
f 113/146/79 112/145/71 118/272/184
f 112/136/71 111/140/75 128/288/194
f 115/129/64 127/285/196 114/127/62
f 116/264/177 117/280/191 115/287/64
f 1/268/180 9/215/139 119/275/187 111/140/75
f 263/426/295 262/425/298 389/649/466 390/661/467
f 261/447/318 260/446/317 387/653/470 388/648/465
f 763/1017/742 688/1137/777 687/1138/778 760/1020/745
f 757/1016/741 681/1139/776 688/1137/777 763/1017/742
f 759/1024/748 684/1140/775 683/1141/773 762/1022/746
f 758/1019/744 685/1142/772 684/1140/775 759/1024/748
f 762/1022/746 683/1141/773 682/1143/774 756/1023/747
f 761/1018/743 686/1144/771 685/1142/772 758/1019/744
f 760/1020/745 687/1138/778 686/1145/771 761/1021/743
f 756/1023/747 682/1143/774 681/1139/776 757/1016/741
f 82/203/129 81/202/128 722/1146/541 764/277/189
l 20 126
