v 0.080942 1.159137 0.272008
v 0.126728 0.309240 -1.245768
v 0.091231 0.280798 -1.015815
v 0.083267 0.436503 -0.817443
v 0.126335 0.727480 -0.422522
v 0.065271 0.739915 -0.364639
v -0.065456 0.844518 -0.059493
v -0.057623 0.755337 -0.265650
v 0.173644 0.926271 0.696589
v 0.112044 1.213499 0.370971
v 0.194401 1.199036 0.688645
v 0.138942 0.927314 0.955722
v 0.081915 1.269893 0.561462
v 0.148785 1.200923 0.802017
v 0.179704 1.121945 0.952046
v 0.198025 0.940472 0.782078
v 0.192650 1.002670 0.876361
v 0.129606 0.923888 1.032818
v 0.205818 1.007867 0.807127
v 0.137003 1.007089 1.111995
v 0.234070 1.111793 0.685143
v 0.209522 0.847297 0.493269
v -0.160294 0.515451 -0.485462
v -0.164012 0.687933 0.014589
v 0.230041 0.786286 0.109310
v 0.238137 1.067822 0.819742
v 0.180462 0.656677 -0.324118
v -0.161116 0.618034 -0.209959
v 0.141981 1.051357 1.109887
v 0.100501 0.913782 1.153351
v 0.158265 0.981048 0.997348
v 0.225929 1.045747 0.704402
v -0.116521 0.899716 0.057228
v 0.184291 1.080131 0.389682
v -0.198891 1.200752 0.465173
v 0.172318 1.135842 0.544934
v 0.103742 0.881552 1.098203
v 0.069539 0.839732 1.119149
v 0.072620 0.315750 -1.255686
v 0.017652 0.288942 -1.028375
v -0.013521 0.496255 -0.789479
v -0.213338 0.439098 -0.363619
v -0.266818 0.838829 0.548999
v 0.260286 1.025555 0.707610
v -0.272005 0.973486 0.647646
v -0.149307 1.254915 0.715010
v -0.172103 0.950666 0.954237
v -0.082020 1.276293 0.473552
v -0.147081 1.223726 0.796182
v -0.161958 1.139058 1.016237
v -0.240882 0.984661 0.777498
v -0.181514 1.001759 0.913181
v -0.152943 0.894674 1.061115
v -0.258484 1.104382 0.755430
v -0.289078 1.154960 0.613235
v -0.371397 0.902896 0.588960
v -0.169306 0.558870 -0.643569
v -0.381887 1.014945 0.624408
v -0.218252 0.772900 0.116805
v -0.259721 1.109879 0.807172
v -0.177799 0.650684 -0.324186
v -0.426522 1.012550 0.556677
v -0.124161 1.068851 1.149898
v -0.136550 0.930871 1.151628
v 0.206953 1.045611 0.962130
v -0.181862 1.005515 0.994895
v -0.300184 1.094157 0.628528
v -0.160137 1.084959 0.341604
v -0.227405 1.224811 0.537173
v -0.195220 1.165154 0.471558
v -0.143807 0.899642 1.096550
v 0.004866 0.901588 1.212893
v -0.116320 0.853313 1.117907
v -0.395211 1.071988 0.521586
v -0.141092 0.914017 0.712179
v -0.263822 0.481478 -0.538301
v -0.103078 0.524801 -0.307358
v -0.314994 1.068446 0.418563
v 0.014218 0.361950 -0.845400
v -0.043852 0.938241 1.180134
v 0.007100 0.858083 1.045040
v 0.027479 0.452277 -0.843077
v -0.122626 0.708174 0.374383
v -0.294233 0.895665 0.359203
v 0.058573 0.508597 -0.629686
v -0.060438 1.241515 0.876449
v 0.144434 0.361900 -1.421522
v 0.107389 0.270603 -1.253509
v 0.080029 0.859941 1.169295
v -0.217802 0.844236 0.758702
v 0.052293 0.695009 -0.552705
v -0.060207 1.149335 1.047665
v -0.045698 0.527507 -0.202267
v -0.219320 0.364535 -0.427829
v -0.018787 0.490090 -0.726065
v -0.039938 1.008518 1.155839
v 0.052249 0.504289 -0.792920
v 0.298367 1.037977 0.548003
v -0.006230 0.823979 1.095845
v 0.040225 0.329522 -0.979731
v -0.121108 0.941249 1.218716
v -0.074899 0.791093 0.568021
v 0.255486 0.365958 -0.477599
v 0.104982 0.513674 -0.419756
v -0.026850 1.305523 0.734527
v 0.061488 0.247686 -1.001989
v 0.041709 0.896861 1.188427
v 0.031489 0.873646 0.853361
v 0.038120 0.581594 -0.702097
v -0.041843 0.608794 -0.038680
v -0.295436 0.566558 -0.537014
v -0.036481 1.076238 1.151402
v 0.014222 0.839159 1.171375
v 0.090187 0.306787 -1.157629
v -0.121736 0.930194 1.138837
v -0.124427 0.874882 1.167929
v -0.080770 1.286148 0.555219
v 0.006805 1.313857 0.606792
v -0.350290 1.074444 0.586404
v 0.325462 0.739862 0.430136
v -0.047195 1.162504 0.260053
v -0.392395 0.694697 0.388874
v 0.184108 0.815265 0.601868
v 0.209435 0.918321 0.719523
v 0.402902 0.865830 0.633177
v -0.433386 0.950777 0.528577
v 0.337650 0.898264 0.687168
v -0.360617 0.620514 0.222051
v 0.462460 0.609953 0.510036
v 0.434665 0.597183 0.375402
v -0.381109 0.639930 0.342365
v -0.466120 0.924614 0.445765
v -0.317818 0.769343 0.315426
v 0.298669 0.673115 0.503665
v 0.302790 0.541600 0.466620
v -0.370393 0.555099 0.241684
v 0.454873 0.512874 0.581894
v 0.390159 0.505484 0.432528
v 0.345022 0.630773 0.386001
v -0.465430 0.649704 0.364225
v -0.466349 0.620611 0.265561
v 0.358462 0.608488 0.489193
v -0.390286 0.329051 0.426005
v 0.370699 0.387347 0.733235
v 0.348404 0.351832 0.641576
v -0.320063 0.357782 0.502180
v -0.467520 0.608551 0.398011
v -0.470989 0.535010 0.332687
v 0.346345 0.591559 0.522094
v -0.364902 0.605685 0.363610
v 0.190009 0.285870 0.684547
v -0.414534 0.274358 0.467671
v 0.297400 0.277467 0.816254
v 0.330214 0.275860 0.727033
v 0.241226 0.402332 0.609168
v -0.410234 0.364349 0.563199
v -0.487810 0.341696 0.514323
v 0.218432 0.409534 0.698361
v -0.409932 0.160436 0.483082
v 0.247197 0.157485 0.817818
v 0.309398 0.175684 0.761232
v -0.271534 0.121397 0.504018
v -0.394776 0.290764 0.589299
v -0.501503 0.252469 0.560389
v 0.197775 0.349714 0.751361
v -0.296568 0.236876 0.508982
v -0.259537 0.052042 0.507558
v 0.077099 0.166535 0.771942
v -0.482909 0.030959 0.547044
v -0.373115 0.040301 0.570554
v 0.125885 0.190141 0.711239
v -0.399911 0.175419 0.592004
v -0.509079 0.122869 0.559724
v 0.127286 0.244925 0.767602
v 0.036085 1.183818 0.127409
v -0.414876 0.014692 0.545538
v 0.254488 0.067985 0.767660
v 0.207157 0.100333 0.816244
v -0.334863 0.027494 0.466631
v 0.254103 0.061737 0.734710
v 0.259834 0.099687 0.697740
v -0.480864 0.065062 0.452313
v 0.048026 0.149225 0.693365
v 0.168674 0.069564 0.704117
v -0.484807 0.036409 0.468895
v -0.250005 0.073180 0.471083
v -0.429745 0.078950 0.476042
v 0.125209 0.157921 0.712816
v -0.415553 0.115155 0.445321
v 0.152912 0.160846 0.672115
v -0.421889 0.092183 0.461864
v 0.176414 0.094556 0.683454
v -0.298271 0.108286 0.444876
v -0.354973 0.081542 0.435581
v 0.080121 0.160460 0.676738
v 0.149177 0.168264 0.684810
v -0.046072 0.646334 0.160658
v 0.098301 0.098275 0.756005
v 0.180465 0.558286 -0.633119
v 0.241743 0.518995 -0.589737
v -0.173861 0.520718 -0.620438
v 0.224007 0.641945 -0.377320
v -0.226690 0.692233 -0.433010
v -0.049669 0.534332 -0.745189
v -0.060558 0.739849 -0.364581
v -0.269917 0.582901 -0.363515
v -0.307028 0.458325 -0.408120
v 0.179043 0.470794 -0.412424
v 0.101641 0.534105 -0.724981
v 0.004013 0.735365 -0.468244
v -0.122633 0.727311 -0.423167
v 0.229354 0.692995 -0.433512
v 0.298100 0.566788 -0.536430
v 0.212511 0.489579 -0.562439
v 0.264777 0.497315 -0.348459
v 0.319212 0.500714 -0.472070
v -0.258736 0.412817 -0.696891
v -0.187364 0.340777 -0.716311
v 0.220137 0.471767 -0.605453
v -0.188063 0.437170 -0.565093
v 0.290327 0.433498 -0.560831
v -0.291755 0.401809 -0.475243
v -0.250210 0.470052 -0.561020
v 0.185026 0.396885 -0.474708
v 0.214809 0.270797 -0.837601
v 0.179917 0.258357 -0.732399
v 0.279746 0.334606 -0.711618
v 0.244549 0.283388 -0.638524
v -0.217343 0.325610 -0.581152
v -0.273271 0.359364 -0.623462
v 0.192207 0.363588 -0.620323
v 0.229812 0.353323 -0.750187
v -0.215113 0.218061 -0.714141
v 0.247253 0.202787 -0.724064
v -0.184881 0.262855 -0.788024
v -0.244301 0.280883 -0.818690
v 0.277254 0.256873 -0.783507
v 0.236725 0.233525 -0.699952
v -0.203973 0.240902 -0.696814
v -0.275783 0.252792 -0.732799
v 0.284093 0.110896 -0.729821
v -0.267218 0.051369 -0.705684
v -0.262344 0.223420 -0.763723
v 0.195316 0.228142 -0.763764
v 0.211772 0.218282 -0.839387
v -0.191352 0.199006 -0.801273
v -0.236765 0.179520 -0.822269
v 0.270205 0.193934 -0.795874
v -0.207445 0.023847 -0.610166
v 0.244180 -0.004582 -0.599998
v 0.265066 0.107627 -0.642183
v -0.229267 0.153035 -0.689924
v -0.286848 0.085576 -0.661538
v 0.217721 0.092234 -0.663863
v 0.227431 0.095511 -0.756549
v -0.197052 0.115054 -0.735005
v -0.311610 0.049242 -0.549407
v -0.253759 0.080024 -0.550713
v -0.280770 0.001640 -0.628799
v 0.310812 0.019728 -0.606787
v 0.281301 0.074322 -0.578120
v -0.251429 0.073656 -0.589478
v -0.310908 0.044637 -0.579038
v 0.213347 0.048844 -0.580350
v -0.244338 0.029395 -0.476662
v 0.288228 0.052245 -0.492219
v 0.214407 0.049613 -0.550657
v 0.231134 -0.000397 -0.495935
v -0.195358 0.024458 -0.513273
v -0.277126 -0.004207 -0.535233
v 0.321239 0.023768 -0.512740
v 0.281264 0.076998 -0.527891
v 0.242646 0.773835 0.190858
v 0.271610 0.880605 0.290513
v 0.215139 0.846091 0.417449
v -0.224301 0.755088 0.194615
v -0.212268 0.842803 0.393051
v -0.251723 0.871750 0.276079
v 0.009388 0.934447 1.180529
v 0.057457 1.140951 1.048537
v 0.015836 1.004545 1.156252
v 0.022080 1.072066 1.151836
v 0.085795 0.915029 1.140223
v 0.080885 0.966388 1.218956
v 0.112883 1.024296 1.221640
v -0.116324 0.981336 1.204387
v 0.099118 0.926006 1.179658
v 0.108795 0.944253 1.221601
v -0.148278 0.932896 1.185942
v 0.103793 1.034405 1.213806
v 0.097674 1.034315 1.227015
v -0.117302 1.050024 1.225579
v -0.133733 1.042318 1.219992
v -0.123166 1.050990 1.212289
v -0.101580 0.894538 0.637048
v -0.280957 0.814090 0.739964
v 0.137074 0.656853 0.714529
v 0.169396 0.766136 0.750686
v 0.163695 0.689775 0.707571
v -0.223901 0.856430 0.710294
v 0.183473 0.813600 0.708431
v 0.112539 0.784393 0.727790
v -0.332732 0.707930 0.727076
v -0.268903 0.736705 0.715265
v -0.283731 0.739508 0.746443
v 0.176158 0.645311 0.729678
v -0.344535 0.601317 0.687652
v -0.326434 0.598732 0.687078
v -0.339324 0.600865 0.699336
v 0.150489 0.540659 0.674875
v 0.132984 0.545758 0.673380
v 0.144879 0.542147 0.686298
v 0.194465 1.220124 0.434210
v -0.273986 1.232562 0.390966
v -0.295388 1.164858 0.488878
v 0.167610 1.183565 0.533189
v 0.219062 1.121869 0.577030
v 0.248278 1.155398 0.625785
v -0.193878 1.288918 0.259565
v 0.258172 1.191936 0.357378
v -0.230442 1.257888 0.451244
v 0.237676 1.151858 0.472385
v -0.202462 1.260805 0.376713
v 0.253367 1.179349 0.515595
v 0.270187 1.213881 0.394300
v -0.253137 1.263854 0.275063
v 0.224796 1.226566 0.314356
v -0.218362 1.305823 0.333354
v -0.270506 1.298096 0.164649
v -0.247814 1.299100 0.149678
v -0.242296 1.316658 0.164242
v 0.309715 1.225567 0.225612
v 0.319743 1.206625 0.216049
v 0.336749 1.208941 0.237156
v -0.015052 1.302366 0.397854
v -0.053764 1.218616 0.334644
v -0.112194 1.233500 0.388196
v 0.055438 1.263914 0.334560
v 0.124050 1.194270 0.455034
v 0.059987 1.298923 0.436660
v 0.105293 1.290590 0.294978
v 0.118009 1.289613 0.324830
v 0.008223 1.088994 0.135388
v 0.088355 1.313284 0.302387
v 0.016019 1.203297 0.124481
v 0.101072 1.312307 0.332239
v 0.058234 1.202063 0.129367
v -0.090780 1.308375 0.319903
v -0.071556 1.307584 0.293758
v -0.056151 1.330371 0.303768
v -0.075376 1.331163 0.329913
v -0.360962 0.470023 0.316375
v -0.304065 0.471125 0.430958
v -0.451902 0.476738 0.495065
v -0.486531 0.441572 0.417109
v 0.437291 0.460950 0.639380
v 0.374018 0.431890 0.527567
v 0.261202 0.469068 0.557725
v 0.315872 0.532078 0.621670
v -0.314271 0.680921 0.334413
v -0.323246 0.740526 0.431492
v -0.397329 0.778860 0.464698
v 0.350320 0.692681 0.578741
v 0.326306 0.768404 0.622868
v 0.269708 0.738856 0.568880
v 0.388570 0.776487 0.631198
v -0.469826 0.834343 0.451141
v 0.407229 0.722210 0.591788
v -0.492097 0.755611 0.341546
v -0.062606 0.948930 0.985487
v -0.062494 0.963190 1.048848
v -0.219880 1.076936 0.958999
v -0.126022 0.980287 1.154399
v 0.436192 0.724212 0.408398
v -0.400409 0.769977 0.238244
v 0.482566 0.765754 0.543727
v 0.096035 1.015159 0.137330
v -0.427546 0.961961 0.349160
v -0.448453 0.848332 0.287046
v -0.503193 0.830688 0.326743
v -0.481721 0.944372 0.388663
v 0.461495 0.792968 0.482907
v 0.428532 0.910310 0.533836
v 0.449728 0.881912 0.595189
v 0.191842 1.028560 0.279736
v 0.249567 0.961181 0.241514
v 0.225675 0.880923 0.129186
v 0.118451 0.906692 0.052078
v -0.214622 0.867957 0.134092
v -0.227809 0.951845 0.228516
v -0.167970 1.022625 0.262872
v -0.090777 1.010999 0.139282
v -0.322111 0.995003 0.335710
v -0.389874 1.008719 0.369789
v -0.382277 1.076787 0.457562
v 0.342552 1.035516 0.613558
v 0.391501 0.965726 0.534986
v 0.347496 0.968057 0.461457
v 0.106008 0.525239 -0.306270
v 0.138210 0.713365 0.374141
v 0.050931 0.527818 -0.202333
v 0.030462 0.794125 0.566577
v 0.054879 0.609599 -0.039180
v 0.065853 0.649234 0.158635
v 0.029905 0.882774 0.639100
v 0.062336 0.755502 -0.265716
v 0.128616 0.748478 -0.088928
v 0.164031 0.633828 -0.210886
v 0.178247 0.710479 0.009154
v 0.263413 0.959515 0.747163
v 0.329118 0.959295 0.713735
v 0.324516 1.024595 0.675798
v 0.194976 0.635005 -0.592125
v -0.191054 0.635079 -0.593672
v 0.045357 1.211734 0.243084
v 0.098271 1.150073 0.335578
v 0.108608 0.261862 -1.156302
v 0.083640 0.287069 -0.951831
v 0.079451 0.370426 -0.847729
v 0.082353 0.493359 -0.774529
v 0.124738 0.720278 -0.320596
v -0.136721 0.742826 -0.087170
v -0.112416 0.712084 -0.193192
v 0.075470 1.209102 0.337863
v 0.147759 1.231800 0.725305
v 0.162570 0.885438 0.881756
v 0.158726 1.224291 0.615576
v 0.199484 1.124402 0.835663
v 0.201052 1.070925 1.011022
v 0.204995 0.922774 0.733893
v 0.158313 0.976872 0.915524
v 0.112494 0.874745 1.062464
v 0.226504 1.116463 0.718812
v 0.227945 1.061614 0.774857
v 0.097046 0.964195 1.156018
v 0.301376 0.873485 0.456653
v -0.176379 0.467053 -0.412456
v 0.223054 1.042338 0.885180
v 0.165864 0.604783 -0.285831
v 0.107839 1.052321 1.151618
v 0.121180 0.904518 1.102384
v 0.137214 0.938055 1.033716
v 0.203345 0.980979 0.720795
v 0.222795 1.077438 0.516189
v -0.253461 1.160394 0.487927
v 0.046999 0.269562 -1.167948
v 0.003850 0.296677 -0.966461
v -0.007892 0.446028 -0.833599
v -0.009627 0.381122 -0.864034
v -0.262113 0.497074 -0.348504
v -0.282262 0.788297 0.497594
v -0.351210 0.857655 0.534343
v -0.215170 1.230561 0.660023
v -0.206290 0.915917 0.883884
v -0.057118 1.317410 0.437940
v -0.209660 1.156804 0.827471
v -0.187648 1.133301 0.943586
v -0.263599 0.974935 0.721971
v -0.214838 1.035139 0.872161
v -0.162259 0.945977 1.031408
v -0.264449 1.157483 0.679623
v -0.234838 1.047437 0.797844
v -0.325747 0.967782 0.633865
v -0.241275 1.079616 0.878986
v -0.163201 0.588910 -0.285455
v -0.157456 1.072948 1.107651
v -0.157557 0.924909 1.100496
v 0.175313 1.011853 1.036445
v -0.167658 0.960211 1.031621
v -0.275035 1.033125 0.681743
v -0.230974 1.099519 0.418553
v -0.190216 1.224534 0.486612
v -0.057296 0.917319 1.204541
v 0.082452 0.898911 0.711191
v -0.024901 0.894286 0.737972
v -0.209067 0.489922 -0.564959
v -0.046407 0.502074 -0.279017
v 0.044435 0.415548 -0.794731
v -0.069207 0.974658 1.169305
v -0.058849 0.847780 1.057600
v 0.058527 0.398588 -0.881012
v -0.053032 0.714682 0.460476
v -0.234272 0.857300 0.447207
v -0.032330 0.505625 -0.620337
v 0.073276 1.231957 0.877479
v 0.008836 1.266554 0.837516
v 0.129388 0.346743 -1.430817
v 0.066490 0.244128 -1.159666
v -0.272874 0.813323 0.758326
v -0.050166 0.656794 -0.610645
v -0.095503 1.179107 0.979900
v -0.100312 0.579448 -0.155245
v -0.252822 0.366612 -0.478797
v 0.036391 0.502086 -0.684144
v -0.067309 1.039448 1.175300
v 0.021333 0.502826 -0.799876
v -0.054266 0.823187 1.120841
v 0.071358 0.303506 -1.023804
v -0.110460 0.980371 1.217677
v -0.153572 0.850375 0.590266
v 0.221984 0.364207 -0.427229
v 0.005256 0.461924 -0.510557
v -0.101123 0.494969 -0.422960
v 0.038030 1.300321 0.697123
v 0.027685 0.277583 -0.947719
v -0.021101 0.881347 1.173620
v -0.081288 0.905624 1.187515
v 0.137140 0.856635 0.849309
v -0.053265 0.878232 0.944472
v -0.191745 0.882772 0.853943
v -0.014040 0.544216 -0.755123
v -0.095983 0.635631 0.030194
v -0.318921 0.557607 -0.443373
v -0.093332 1.105641 1.126000
v -0.040959 0.868469 1.195765
v 0.089284 0.332536 -1.245391
v -0.175046 1.252282 0.589214
v 0.299653 0.769440 0.479891
v 0.371937 0.725094 0.381564
v 0.003143 1.212968 0.238199
v -0.075963 1.153862 0.322901
v -0.425052 0.740578 0.427297
v 0.253534 0.821596 0.636393
v 0.212452 0.768287 0.560236
v 0.250719 0.857273 0.698113
v -0.327971 0.657055 0.261410
v 0.439228 0.597726 0.537939
v 0.455644 0.557249 0.439613
v -0.329531 0.645982 0.312545
v -0.417666 0.666848 0.362454
v -0.332313 0.757553 0.249951
v -0.317822 0.798337 0.371993
v 0.302457 0.656934 0.441596
v 0.342431 0.528273 0.412525
v -0.333421 0.544915 0.297419
v 0.441412 0.562878 0.571069
v 0.426397 0.484378 0.513741
v 0.370896 0.586327 0.370934
v -0.486479 0.671452 0.322881
v -0.415988 0.650266 0.210112
v 0.384196 0.624834 0.518895
v 0.321765 0.622515 0.435911
v -0.339082 0.373050 0.413118
v 0.304178 0.388846 0.762524
v 0.365742 0.330113 0.721533
v -0.305313 0.389039 0.450641
v -0.347711 0.404376 0.524824
v -0.493232 0.563919 0.402803
v -0.425133 0.551177 0.255355
v 0.378580 0.572984 0.585896
v 0.285170 0.578978 0.507552
v -0.306407 0.567504 0.345077
v -0.402581 0.589958 0.418354
v 0.269242 0.292246 0.680770
v -0.344690 0.236277 0.469774
v 0.258747 0.333329 0.797624
v 0.340910 0.251866 0.780131
v 0.270593 0.344099 0.630858
v -0.470213 0.393823 0.534582
v -0.459055 0.365735 0.438424
v 0.262635 0.444132 0.715603
v 0.217022 0.435899 0.642203
v -0.325429 0.120140 0.481152
v 0.217216 0.227307 0.816923
v 0.295869 0.131462 0.798249
v -0.307916 0.162292 0.545157
v -0.453382 0.253068 0.599598
v -0.479352 0.277422 0.511439
v 0.146499 0.311471 0.720669
v -0.329958 0.287700 0.545531
v -0.293342 0.070604 0.537177
v 0.038439 0.158701 0.743504
v -0.494792 0.053161 0.519547
v -0.441148 0.056568 0.572060
v 0.219468 0.193302 0.711911
v -0.455185 0.124126 0.582590
v -0.501927 0.173564 0.529930
v 0.077213 0.216163 0.730808
v -0.339060 0.019589 0.511288
v 0.234930 0.056772 0.797359
v 0.138301 0.112435 0.813457
v -0.412191 0.029184 0.456251
v 0.238196 0.049140 0.719438
v 0.245936 0.074133 0.698776
v -0.483380 0.093910 0.455267
v 0.037878 0.176110 0.703948
v 0.097250 0.100349 0.710520
v -0.495178 0.052024 0.486028
v -0.269430 0.054419 0.456645
v -0.337704 0.090485 0.477836
v 0.204879 0.110613 0.717555
v -0.359762 0.110013 0.438279
v 0.206140 0.144381 0.681303
v -0.354063 0.113429 0.451918
v 0.137085 0.136576 0.673230
v -0.293482 0.079815 0.442178
v -0.408248 0.057837 0.439668
v 0.095949 0.184730 0.675622
v 0.202871 0.123571 0.701247
v -0.120712 0.674213 0.224428
v 0.166074 0.068873 0.794572
v 0.182693 0.519789 -0.610638
v -0.238323 0.518981 -0.591254
v 0.272581 0.582879 -0.363309
v -0.086756 0.535343 -0.697190
v -0.121050 0.719652 -0.320445
v -0.221343 0.640763 -0.377451
v -0.316548 0.500810 -0.472433
v 0.163191 0.517100 -0.482776
v 0.120289 0.534942 -0.677268
v 0.321585 0.557496 -0.442893
v 0.266486 0.481492 -0.537674
v 0.216002 0.440693 -0.363533
v 0.309692 0.458040 -0.407837
v -0.227148 0.353899 -0.751164
v -0.189543 0.364267 -0.621349
v 0.252874 0.469465 -0.560400
v -0.182362 0.397202 -0.475478
v 0.294419 0.401307 -0.474398
v -0.287663 0.434276 -0.561638
v -0.217473 0.472689 -0.606203
v 0.190727 0.436234 -0.564315
v 0.246965 0.280269 -0.817784
v 0.187545 0.262340 -0.787161
v 0.275936 0.358389 -0.622323
v 0.220007 0.325027 -0.580160
v -0.241885 0.283970 -0.639516
v -0.277082 0.335112 -0.712520
v 0.190028 0.340195 -0.715319
v 0.261400 0.411701 -0.695872
v -0.244589 0.203535 -0.725039
v 0.217777 0.217540 -0.713146
v -0.177253 0.258940 -0.733392
v -0.212145 0.271443 -0.838534
v 0.278447 0.252322 -0.731859
v 0.206637 0.240472 -0.695852
v -0.234061 0.233975 -0.700926
v -0.274590 0.257430 -0.784433
v 0.289512 0.084855 -0.660543
v -0.224766 0.096271 -0.757450
v -0.267541 0.194673 -0.796788
v 0.194016 0.198123 -0.800682
v 0.239429 0.178850 -0.821421
v -0.192652 0.228425 -0.764706
v -0.209108 0.218932 -0.840380
v 0.265009 0.222830 -0.762731
v -0.210683 0.049565 -0.581345
v 0.283434 0.000919 -0.627803
v 0.231932 0.152041 -0.689096
v -0.262402 0.108378 -0.643157
v -0.281428 0.111789 -0.730570
v 0.199716 0.114075 -0.734388
v 0.269882 0.050648 -0.704689
v -0.215057 0.092955 -0.664858
v -0.318575 0.024489 -0.513735
v -0.278600 0.077718 -0.528886
v -0.241515 -0.003861 -0.600994
v 0.313573 0.043916 -0.578042
v 0.254094 0.072935 -0.588483
v -0.278637 0.075043 -0.579115
v -0.308148 0.020448 -0.607782
v 0.210109 0.023126 -0.609170
v -0.285564 0.052965 -0.493215
v 0.247002 0.028675 -0.475666
v 0.198022 0.023737 -0.512278
v 0.279791 -0.004927 -0.534237
v -0.211743 0.050334 -0.551653
v -0.228469 0.000323 -0.496931
v 0.314275 0.048521 -0.548412
v 0.256423 0.079303 -0.549718
v 0.039807 0.966891 1.170113
v 0.097610 1.165306 0.981351
v 0.047026 1.031301 1.176148
v 0.082894 1.093085 1.127306
v 0.085719 0.926135 1.220097
v -0.133845 0.943030 1.178102
v 0.087004 0.966478 1.205746
v 0.111819 0.913889 1.187679
v -0.141324 0.962530 1.219930
v -0.178319 0.929888 0.662996
v -0.264195 0.861050 0.713103
v 0.136505 0.697706 0.705340
v 0.133192 0.816215 0.750747
v 0.181769 0.643822 0.718255
v -0.212540 0.805447 0.736023
v 0.178129 0.763856 0.732645
v 0.145073 0.826206 0.705808
v -0.297025 0.740728 0.716398
v -0.286509 0.701322 0.725370
v -0.327521 0.707477 0.738759
v 0.149353 0.693544 0.737036
v 0.211279 1.204089 0.501172
v -0.272242 1.229459 0.445619
v -0.290356 1.194482 0.540987
v 0.195716 1.189829 0.593790
v 0.178778 1.154918 0.520491
v 0.260700 1.124225 0.586571
v -0.231031 1.265507 0.299913
v 0.234824 1.207624 0.304793
v -0.195310 1.283563 0.395591
v 0.207463 1.195571 0.421814
v -0.243765 1.208797 0.409007
v 0.271617 1.173765 0.460868
v 0.286872 1.188390 0.340864
v -0.254928 1.281763 0.333881
v 0.235146 1.235432 0.379336
v -0.188361 1.306476 0.274128
v -0.030145 1.275533 0.337435
v -0.093428 1.230583 0.362001
v -0.122642 1.217003 0.432675
v 0.026965 1.293979 0.395067
v 0.124694 1.213505 0.401165
v 0.079609 1.254802 0.476221
v -0.057356 1.068709 0.162972
v 0.069556 1.069991 0.164093
v -0.328119 0.448752 0.372521
v -0.290807 0.503736 0.384969
v -0.356532 0.518637 0.445712
v -0.385428 0.483145 0.488039
v -0.496974 0.500448 0.453492
v -0.444645 0.464625 0.338042
v 0.386845 0.463696 0.681448
v 0.403806 0.406320 0.611210
v 0.299345 0.466775 0.500950
v 0.328464 0.494863 0.670072
v 0.249180 0.535547 0.560258
v 0.248633 0.507711 0.611043
v -0.342127 0.703662 0.391243
v -0.345593 0.771774 0.465479
v -0.415805 0.815450 0.478614
v 0.343062 0.655238 0.527627
v 0.312507 0.735842 0.597987
v 0.263223 0.712570 0.527111
v 0.456410 0.693972 0.542079
v -0.474456 0.780312 0.407477
v 0.026505 0.874598 1.123861
v -0.054690 0.892913 1.086624
v -0.067472 0.974923 0.920685
v 0.031054 0.920858 1.018449
v 0.035551 0.971242 0.890767
v 0.030259 0.929963 1.159194
v 0.035342 0.969105 0.897772
v 0.033897 0.966625 1.015640
v -0.067165 0.981286 0.939567
v -0.051260 0.943773 1.120653
v -0.194942 1.038528 1.033723
v -0.158823 1.028622 1.109819
v 0.050218 0.502038 -0.278637
v 0.055557 0.715576 0.460985
v 0.104904 0.580247 -0.155530
v 0.081744 0.836487 0.602243
v 0.112896 0.639443 0.027776
v 0.142297 0.681977 0.219380
v 0.098433 0.904688 0.674970
v 0.116101 0.720267 -0.193884
v 0.071089 0.847515 -0.061761
v 0.254442 0.642971 -0.515259
v -0.251778 0.642935 -0.515389
v 0.151558 0.351013 -1.402076
v 0.086929 0.502774 -0.757646
v 0.075794 0.500367 -0.786138
v 0.081095 0.325083 -0.899439
v 0.095681 0.256384 -1.070778
v 0.114321 0.312006 -1.198813
v 0.086962 0.302866 -1.008565
v 0.078518 0.418717 -0.851481
v 0.091479 0.560293 -0.714237
v 0.141036 0.670727 -0.576450
v 0.079539 0.734014 -0.447352
v 0.002613 0.773619 -0.265398
v 0.001695 0.866908 -0.086457
v 0.024112 1.221323 0.245974
v 0.006254 1.292112 0.396667
v 0.052893 1.304090 0.582571
v 0.099776 1.281664 0.713411
v 0.110399 1.232913 0.837313
v 0.110522 1.073181 1.141180
v 0.076542 1.036176 1.173467
v 0.067676 0.965148 1.174778
v 0.071607 0.897228 1.176689
v 0.054584 0.848927 1.177204
v 0.038980 0.824922 1.108175
v 0.058631 0.856361 1.052602
v 0.157359 0.862161 0.881002
v 0.197133 0.861544 0.723019
v 0.144589 0.902497 0.682910
v 0.134150 0.830454 0.605559
v 0.199297 0.730113 0.194572
v 0.156453 0.683886 0.003785
v 0.144968 0.614915 -0.183126
v 0.147119 0.572554 -0.295735
v 0.145187 0.534542 -0.456591
v 0.132123 0.508933 -0.615988
v 0.069427 0.388007 -0.815993
v 0.077517 0.262740 -0.972419
v 0.111069 0.259723 -1.202807
v 0.096113 0.729217 -0.388304
v 0.002613 0.747941 -0.364524
v 0.092803 0.731424 -0.294940
v 0.259512 0.994868 0.730002
v 0.097852 0.873081 0.001360
v 0.060273 1.189755 0.106756
v 0.185606 1.129736 0.888616
v 0.245559 1.136977 0.655331
v 0.195457 1.000007 0.843401
v 0.115556 0.953510 0.921710
v 0.196901 0.984049 0.793026
v 0.209917 1.058414 0.979370
v 0.195005 0.741905 0.063409
v 0.191146 0.646372 -0.351708
v -0.084473 0.728715 -0.148612
v 0.204591 0.872239 0.471973
v 0.164353 0.619098 -0.254626
v 0.222665 1.153059 0.705025
v 0.262291 1.052223 0.540478
v 0.155834 1.207665 0.760125
v 0.191800 0.951391 0.710230
v 0.194227 1.129646 0.575126
v 0.217369 1.043494 0.915587
v 0.198990 1.109028 0.544110
v 0.241748 1.037771 0.695389
v 0.185315 0.928477 0.697781
v 0.203171 0.960731 0.724595
v 0.227402 1.119496 0.702438
v 0.178464 1.228295 0.654407
v 0.233038 1.066708 0.795076
v 0.183743 0.900024 0.816963
v 0.158977 0.984283 0.952397
v 0.132713 0.920909 1.000734
v 0.209919 1.026073 0.885394
v 0.133177 1.029159 1.115699
v 0.088485 0.882397 1.109581
v 0.105378 0.949739 1.028668
v 0.182962 0.715690 -0.432081
v -0.151376 0.707103 -0.032102
v 0.243550 0.832263 0.120192
v 0.229663 1.089634 0.818420
v 0.169137 0.692519 -0.320176
v -0.153338 0.661126 -0.194860
v 0.141808 1.146775 0.979309
v 0.107234 0.879115 1.078914
v 0.174184 1.066439 1.070417
v 0.074999 1.037144 0.143115
v 0.072254 1.259625 0.515028
v 0.082284 1.181562 0.341358
v 0.230159 1.074112 0.696132
v 0.169473 0.994789 1.017877
v 0.104130 0.940229 1.152092
v 0.197540 1.050677 0.346128
v 0.134872 0.924724 1.070637
v 0.144324 1.113145 0.372761
v 0.176166 1.198722 0.602768
v 0.137290 1.164375 0.495013
v 0.084060 0.857224 1.106993
v 0.073873 0.848906 1.143726
v 0.093781 0.905648 1.115407
v 0.114219 0.351264 -1.410554
v -0.023380 0.504224 -0.774128
v -0.003108 0.502368 -0.799103
v -0.003439 0.335253 -0.914927
v 0.027472 0.264565 -1.083294
v 0.071817 0.323530 -1.228504
v 0.022825 0.314709 -1.005703
v 0.004063 0.439668 -0.854090
v -0.048602 0.550589 -0.743777
v -0.138625 0.660725 -0.593176
v -0.296684 0.426436 -0.445129
v -0.359148 0.994817 0.637486
v -0.387363 1.080404 0.490711
v -0.089913 1.297115 0.718511
v -0.097832 1.248247 0.835212
v -0.123704 1.089869 1.139444
v -0.095793 1.048455 1.172190
v -0.097104 0.976938 1.173565
v -0.110653 0.910263 1.175347
v -0.095606 0.866221 1.182390
v -0.090826 0.833332 1.113637
v -0.104179 0.865011 1.055189
v -0.207176 0.892598 0.884706
v -0.267432 0.914225 0.720404
v -0.239648 0.942544 0.651612
v -0.213377 0.850518 0.575180
v -0.179842 0.700528 0.201275
v -0.139044 0.656051 0.009020
v -0.141504 0.591540 -0.181736
v -0.144307 0.549242 -0.295175
v -0.141844 0.526429 -0.459880
v -0.115062 0.509606 -0.626580
v -0.006566 0.382255 -0.840830
v 0.009825 0.277329 -0.969699
v 0.056646 0.260113 -1.189673
v 0.299348 0.426229 -0.444545
v -0.430631 0.989035 0.543705
v -0.404543 0.985378 0.359757
v -0.417139 0.913372 0.565442
v -0.302927 0.954877 0.328236
v -0.249127 0.799430 0.488915
v -0.066980 1.034713 0.143565
v -0.191598 1.154561 0.882667
v -0.296379 1.177292 0.569021
v -0.222709 1.035292 0.837032
v -0.145114 0.973518 0.931052
v -0.230476 1.023849 0.785085
v 0.430766 0.885152 0.618210
v -0.215586 1.097957 0.960035
v -0.184642 0.725296 0.070716
v -0.188483 0.641465 -0.351761
v -0.411842 1.003800 0.601859
v -0.217914 0.879439 0.432120
v -0.161648 0.607848 -0.254294
v -0.254563 1.191278 0.666072
v -0.278882 1.079280 0.425632
v -0.158248 1.231904 0.750972
v -0.278026 1.002247 0.665811
v -0.228797 1.165241 0.494129
v -0.231994 1.078200 0.911323
v -0.218941 1.135535 0.453148
v -0.321657 1.085526 0.597419
v -0.288786 0.975817 0.633541
v -0.264001 1.012779 0.700842
v -0.271331 1.160959 0.652648
v -0.193628 1.257625 0.628394
v -0.258927 1.109156 0.779152
v -0.228967 0.938159 0.818595
v -0.181524 1.008914 0.949973
v -0.166455 0.943631 0.999460
v -0.229429 1.061144 0.880246
v -0.151967 1.049846 1.113572
v -0.125010 0.901124 1.098992
v -0.134718 0.965063 1.035753
v -0.180042 0.715418 -0.431802
v -0.419143 1.045054 0.525589
v -0.231391 0.818723 0.126252
v -0.247817 1.129254 0.806346
v -0.166217 0.690246 -0.320095
v -0.363991 1.047807 0.610114
v -0.136706 1.165020 0.993861
v -0.147177 0.897839 1.077320
v -0.174160 1.102277 1.069767
v -0.352896 0.881506 0.561610
v -0.059247 1.188076 0.332479
v -0.295754 1.120490 0.620841
v -0.191300 1.020847 1.015262
v -0.136370 0.957613 1.150352
v -0.170387 1.049875 0.310807
v -0.167787 0.946614 1.068516
v -0.118907 1.117191 0.339422
v -0.204714 1.230670 0.557697
v -0.143407 1.187385 0.447689
v -0.127981 0.872719 1.105576
v -0.119601 0.863044 1.142433
v 0.100504 0.885230 1.179534
v -0.130671 0.922050 1.113908
v -0.371862 1.078390 0.555657
v -0.094694 0.867686 0.005356
v -0.275204 0.776275 0.753826
v 0.057572 0.858894 0.620810
v 0.016912 0.724066 -0.506759
v -0.180126 0.422250 -0.447382
v -0.058381 0.508832 -0.246351
v 0.095667 0.520285 -0.348656
v -0.088603 0.731215 -0.294873
v 0.015117 1.304944 0.655892
v 0.022484 0.465402 -0.755211
v 0.026366 0.311291 -0.891625
v -0.054683 0.993978 1.157580
v 0.023423 0.915871 1.193296
v -0.028423 0.832741 1.073564
v -0.018717 0.871677 1.013470
v 0.047123 0.357121 -0.928687
v 0.032077 0.489422 -0.809211
v -0.079100 0.753947 0.531677
v 0.090072 0.643121 0.094779
v 0.182790 0.422265 -0.447087
v -0.002095 0.479026 -0.581755
v 0.030749 0.509284 -0.654430
v 0.001535 1.293733 0.780001
v 0.072875 1.199328 0.928512
v 0.132146 0.327134 -1.413119
v 0.133027 0.370210 -1.398935
v 0.057922 0.230448 -1.067343
v 0.060202 0.907955 1.212945
v -0.019388 0.888649 1.212493
v -0.209439 0.871663 0.783508
v 0.004637 0.619106 -0.658419
v 0.077474 1.115464 1.090178
v -0.064518 0.600796 -0.101859
v -0.061582 0.503663 -0.712300
v -0.052641 1.053115 1.171197
v 0.027540 0.515616 -0.783760
v -0.317353 0.843054 0.367593
v -0.022885 0.823987 1.146228
v 0.071103 0.291284 -1.077925
v -0.019678 0.924925 1.189342
v -0.101588 0.922575 1.209880
v -0.141142 0.902888 1.177920
v -0.044506 1.312433 0.579010
v -0.073825 1.276977 0.510324
v -0.320504 0.781799 0.475662
v 0.018059 1.190990 0.101871
v 0.249229 0.754705 0.562008
v 0.308856 0.814801 0.476485
v 0.406669 0.938797 0.532308
v 0.335432 0.936308 0.702097
v 0.300076 0.863303 0.705718
v 0.330525 0.931611 0.439515
v 0.194581 0.787200 0.535376
v 0.244740 0.841900 0.662748
v 0.237898 0.941354 0.743635
v 0.332009 1.036199 0.645726
v 0.403546 0.743439 0.386058
v -0.442776 0.946120 0.478553
v 0.369786 0.891805 0.650299
v 0.476478 0.726386 0.544031
v -0.414147 0.702479 0.222343
v -0.324613 0.693514 0.245352
v -0.322967 0.663708 0.318328
v 0.315874 0.639226 0.434184
v 0.357195 0.664209 0.369274
v 0.445337 0.653468 0.393088
v -0.324354 0.648058 0.293566
v -0.482156 0.707267 0.323137
v 0.455594 0.647270 0.514770
v -0.446109 0.666481 0.369229
v 0.378673 0.696236 0.581747
v -0.448450 0.748567 0.415338
v -0.308054 0.752356 0.410596
v 0.263965 0.728346 0.501768
v -0.505645 0.791006 0.330046
v -0.357981 0.781268 0.236532
v -0.444780 0.584506 0.258369
v -0.363858 0.588947 0.233417
v -0.384205 0.628112 0.349309
v 0.363753 0.600250 0.503024
v 0.352283 0.559597 0.395250
v 0.422271 0.528949 0.432385
v 0.358284 0.503561 0.406750
v -0.471304 0.629808 0.371341
v 0.446500 0.577952 0.545425
v 0.457398 0.498701 0.549907
v 0.475582 0.590077 0.485830
v 0.399274 0.587141 0.352473
v 0.412859 0.618828 0.537060
v -0.380305 0.630580 0.197384
v 0.325489 0.624673 0.415721
v -0.492414 0.655013 0.296683
v -0.458100 0.501180 0.331374
v -0.339883 0.509140 0.300670
v -0.295951 0.540039 0.366149
v 0.266193 0.562856 0.534331
v 0.295148 0.508322 0.478310
v 0.400947 0.458616 0.516506
v -0.296529 0.477489 0.378924
v -0.490882 0.536447 0.431121
v 0.445817 0.492722 0.611939
v -0.371304 0.386275 0.547642
v 0.417856 0.570606 0.587721
v -0.313109 0.564917 0.320393
v -0.394424 0.539735 0.230860
v 0.290594 0.570071 0.482861
v -0.498475 0.555946 0.368944
v -0.442749 0.604155 0.417767
v -0.480494 0.306560 0.519063
v -0.391295 0.300334 0.453216
v -0.325254 0.320409 0.520713
v 0.206375 0.377437 0.721942
v 0.258250 0.322810 0.661567
v 0.343010 0.302928 0.730499
v 0.304867 0.270860 0.697775
v -0.412615 0.325115 0.579736
v 0.288784 0.355880 0.784246
v 0.336620 0.265773 0.807277
v 0.382054 0.353577 0.735934
v 0.330939 0.434345 0.506671
v 0.277179 0.421818 0.741974
v -0.403101 0.452533 0.317396
v 0.243843 0.508604 0.558306
v -0.494185 0.367431 0.532242
v -0.500571 0.216729 0.546064
v -0.369372 0.199553 0.476562
v -0.295747 0.200615 0.531289
v 0.131392 0.282352 0.747817
v 0.197947 0.243845 0.697772
v 0.325602 0.217726 0.770988
v -0.266581 0.130536 0.483193
v -0.426946 0.217791 0.600791
v 0.259047 0.256232 0.821034
v -0.348543 0.162023 0.575810
v 0.215533 0.342696 0.786013
v -0.297465 0.239246 0.476019
v -0.456572 0.266880 0.481549
v 0.147993 0.308278 0.687797
v -0.493482 0.259486 0.589288
v -0.350852 0.283557 0.578874
v -0.504430 0.082190 0.537127
v -0.350505 0.098637 0.483263
v -0.285520 0.094924 0.520964
v 0.079550 0.189205 0.752053
v 0.140249 0.161029 0.717703
v 0.275106 0.093080 0.781434
v -0.328631 0.054651 0.560263
v -0.437125 0.084298 0.573122
v 0.214601 0.127190 0.813149
v -0.475564 0.043412 0.567709
v 0.288645 0.149909 0.817428
v 0.279880 0.168631 0.730479
v 0.164652 0.233160 0.800093
v -0.476063 0.159703 0.498217
v 0.076165 0.223257 0.708665
v -0.496144 0.133948 0.581408
v -0.459897 0.016403 0.540082
v -0.347070 0.020433 0.485728
v -0.286313 0.030911 0.515827
v 0.054561 0.130180 0.756092
v 0.105761 0.091991 0.731045
v 0.207954 0.051695 0.791322
v -0.390523 0.023078 0.565826
v 0.147300 0.089212 0.812148
v -0.491856 0.047938 0.497707
v 0.031056 0.171358 0.716901
v 0.103221 0.141554 0.798893
v -0.246332 0.064308 0.483112
v 0.233370 0.074085 0.815631
v 0.249520 0.061124 0.746658
v -0.408485 0.082043 0.467545
v 0.186574 0.120582 0.707591
v -0.396621 0.041955 0.443818
v 0.159429 0.085433 0.689191
v -0.487391 0.050986 0.459623
v 0.064531 0.154775 0.683925
v -0.281843 0.067399 0.448291
v 0.246331 0.059903 0.708343
v 0.212160 0.048922 0.715500
v 0.251974 0.081620 0.728310
v -0.460835 0.026329 0.464750
v -0.284588 0.039410 0.458442
v 0.065655 0.181025 0.703527
v 0.055907 0.129886 0.698072
v -0.484983 0.070072 0.482689
v -0.273473 0.088828 0.471644
v -0.389394 0.120334 0.448387
v 0.184281 0.159932 0.682213
v -0.372355 0.097088 0.436426
v 0.159249 0.143861 0.672783
v -0.460248 0.105322 0.448390
v 0.117746 0.180514 0.670728
v -0.319655 0.113906 0.439585
v 0.243164 0.118174 0.688098
v -0.474178 0.093777 0.460820
v -0.455906 0.062145 0.444022
v 0.221834 0.080163 0.689672
v 0.251398 0.104065 0.702760
v -0.307790 0.110622 0.449808
v 0.097961 0.150176 0.672123
v -0.313668 0.078318 0.436212
v 0.105647 0.183804 0.680670
v 0.186387 0.779280 0.408855
v -0.181078 0.758140 0.401576
v -0.111884 0.685794 0.294446
v -0.477637 0.946584 0.418369
v 0.323412 0.522755 -0.454238
v 0.280483 0.536576 -0.577102
v 0.310467 0.576916 -0.390020
v 0.228988 0.383107 -0.387941
v 0.194269 0.589957 -0.621592
v -0.320747 0.522855 -0.454693
v -0.277819 0.536387 -0.577526
v -0.247777 0.471975 -0.535190
v -0.307803 0.577163 -0.390418
v 0.250441 0.471843 -0.534610
v -0.242781 0.675722 -0.470118
v -0.186660 0.590323 -0.628551
v 0.238836 0.670467 -0.401590
v 0.191454 0.534807 -0.622339
v 0.228506 0.502421 -0.578348
v -0.224988 0.502687 -0.580556
v -0.182457 0.535520 -0.631607
v 0.260799 0.547369 -0.344002
v -0.123899 0.555115 -0.666603
v -0.091954 0.729180 -0.388374
v -0.236172 0.669907 -0.401512
v -0.258134 0.546432 -0.343995
v 0.145619 0.554672 -0.650499
v 0.093968 0.506230 -0.685348
v -0.075056 0.734021 -0.448861
v 0.245445 0.676729 -0.470908
v -0.226324 0.383125 -0.388693
v 0.174205 0.492558 -0.539509
v 0.188639 0.463134 -0.372292
v -0.299220 0.489142 -0.525054
v -0.297025 0.465003 -0.366743
v -0.170358 0.492970 -0.543406
v -0.185975 0.458576 -0.371917
v 0.301885 0.489231 -0.524607
v 0.299690 0.464864 -0.366506
v -0.280450 0.406538 -0.589411
v 0.283114 0.405663 -0.588443
v -0.191710 0.410938 -0.589408
v 0.194374 0.409928 -0.588439
v 0.238364 0.354270 -0.526648
v -0.238418 0.458355 -0.649309
v 0.241082 0.457436 -0.648429
v -0.235700 0.355273 -0.528000
v 0.196117 0.369271 -0.450823
v 0.282094 0.374730 -0.465950
v -0.279430 0.375263 -0.467024
v -0.193453 0.369732 -0.451683
v 0.281051 0.461052 -0.569189
v 0.198764 0.462173 -0.585946
v -0.196100 0.463080 -0.586635
v -0.278387 0.461770 -0.569889
v -0.277639 0.279774 -0.734842
v 0.280303 0.279283 -0.733927
v -0.180700 0.286401 -0.737138
v 0.183364 0.285819 -0.736146
v 0.223714 0.253509 -0.680361
v -0.237245 0.305063 -0.793416
v 0.239909 0.304492 -0.792519
v -0.221050 0.254051 -0.681342
v -0.192901 0.326559 -0.604116
v -0.199303 0.367164 -0.731076
v -0.277028 0.377563 -0.712506
v 0.268019 0.311142 -0.621363
v 0.279693 0.376981 -0.711514
v 0.195565 0.325977 -0.603124
v -0.265354 0.311724 -0.622355
v 0.201967 0.366582 -0.730084
v -0.265491 0.241358 -0.776146
v 0.268155 0.240798 -0.775186
v -0.188346 0.245547 -0.777486
v 0.191011 0.245148 -0.776629
v 0.225766 0.227127 -0.704226
v -0.219725 0.251578 -0.847047
v 0.222389 0.250956 -0.846038
v -0.223102 0.227600 -0.705209
v 0.197187 0.272335 -0.821625
v 0.186213 0.244204 -0.704920
v 0.270916 0.270229 -0.812139
v -0.183549 0.244753 -0.705904
v -0.194523 0.272956 -0.822547
v -0.268251 0.270840 -0.813064
v 0.262277 0.238962 -0.707833
v -0.259612 0.239413 -0.708798
v -0.274056 0.158667 -0.766142
v 0.276720 0.157858 -0.765288
v -0.190046 0.163290 -0.770543
v 0.192711 0.162279 -0.769982
v 0.237156 0.184134 -0.720387
v -0.229114 0.139617 -0.798222
v 0.231778 0.138864 -0.797455
v -0.234491 0.185127 -0.721256
v 0.198526 0.217844 -0.728243
v 0.262313 0.209513 -0.730969
v -0.259649 0.210137 -0.731965
v -0.195861 0.218331 -0.729239
v -0.261231 0.192861 -0.818892
v 0.195768 0.203788 -0.826616
v 0.263895 0.192185 -0.817988
v -0.193103 0.204362 -0.827480
v -0.298384 0.043830 -0.630080
v 0.301048 0.043110 -0.629085
v -0.216392 0.049520 -0.633482
v 0.219057 0.048799 -0.632487
v 0.262422 0.079214 -0.606127
v -0.266099 0.016471 -0.662133
v 0.268763 0.015750 -0.661138
v -0.259758 0.079934 -0.607122
v -0.202718 0.089726 -0.740450
v -0.282731 0.077794 -0.723560
v 0.280855 0.110101 -0.657700
v 0.285396 0.077007 -0.722678
v 0.220194 0.128563 -0.671874
v -0.278191 0.110979 -0.658576
v -0.217530 0.129645 -0.672616
v 0.205382 0.088903 -0.739654
v -0.313434 0.041314 -0.567391
v 0.316099 0.040594 -0.566396
v -0.207695 0.043356 -0.569292
v 0.210360 0.042635 -0.568297
v 0.269364 0.078695 -0.566800
v -0.255953 -0.006440 -0.570042
v 0.258618 -0.007161 -0.569046
v -0.266700 0.079415 -0.567795
v 0.305628 0.004504 -0.614989
v 0.214565 0.003368 -0.609453
v -0.228723 0.070414 -0.585816
v -0.211900 0.004089 -0.610448
v -0.302963 0.005225 -0.615984
v 0.301756 0.064665 -0.579734
v 0.231388 0.069693 -0.584821
v -0.299092 0.065386 -0.580730
v -0.308490 0.039718 -0.493952
v 0.311154 0.038998 -0.492957
v -0.211625 0.034242 -0.489540
v 0.214290 0.033521 -0.488545
v 0.276326 0.070406 -0.509001
v -0.244737 0.010107 -0.473198
v 0.247401 0.009387 -0.472203
v -0.273662 0.071127 -0.509997
v -0.299784 0.070660 -0.538542
v -0.230366 0.072774 -0.546433
v -0.311953 0.004350 -0.520769
v 0.198421 0.004449 -0.508814
v 0.233030 0.072054 -0.545437
v 0.314618 0.003630 -0.519773
v -0.195757 0.005170 -0.509809
v 0.302449 0.069939 -0.537546
v 0.276762 0.934646 0.282657
v -0.253882 0.926648 0.261373
v 0.240582 0.785715 0.146433
v 0.266614 0.819466 0.242284
v 0.246959 0.870600 0.345401
v -0.225321 0.769947 0.152366
v -0.247301 0.807568 0.238381
v -0.230295 0.865795 0.324711
v 0.162787 1.007589 1.078836
v 0.028343 0.988062 1.158195
v -0.060566 0.921855 1.192673
v -0.065420 1.209203 0.927471
v -0.084247 1.126986 1.088980
v 0.034505 1.046906 1.171843
v -0.016997 0.939042 1.174581
v -0.000646 1.154356 1.038253
v -0.012190 1.004263 1.152947
v -0.006824 1.078266 1.140424
v 0.089244 0.911119 1.164246
v -0.126036 0.926851 1.162807
v 0.113475 0.979358 1.221655
v 0.091289 0.994911 1.226369
v -0.116704 1.010110 1.224979
v -0.140851 0.997943 1.219956
v 0.098937 0.995023 1.209857
v -0.124035 1.011317 1.208366
v 0.098902 0.932142 1.226157
v 0.075903 0.964431 1.210016
v -0.105696 0.977701 1.208802
v -0.133358 0.949115 1.224605
v -0.147833 0.943487 1.175494
v 0.113057 0.924422 1.177238
v 0.112098 1.039321 1.214716
v 0.105979 1.039231 1.227926
v -0.114249 1.064768 1.218680
v 0.096889 1.049339 1.220091
v -0.124816 1.056096 1.226383
v -0.130680 1.057061 1.213094
v 0.156511 0.731275 0.745433
v 0.085649 0.908111 0.690875
v 0.139240 0.843777 0.777195
v -0.010198 0.879562 0.777959
v -0.195804 0.893465 0.715031
v -0.286609 0.777347 0.727952
v 0.168829 0.728053 0.720025
v 0.129189 0.869191 0.713493
v -0.241382 0.771164 0.725835
v 0.125241 0.741119 0.716580
v 0.111151 0.804046 0.743238
v 0.185713 0.770948 0.747933
v -0.251567 0.853233 0.699566
v -0.285633 0.824320 0.754925
v -0.202641 0.823598 0.751474
v 0.169517 0.811905 0.695370
v -0.333780 0.662151 0.724352
v 0.163770 0.600644 0.713665
v -0.340294 0.662717 0.709747
v 0.170783 0.598783 0.699386
v -0.310637 0.658480 0.708747
v 0.142104 0.607141 0.696959
v 0.186409 0.652464 0.729967
v 0.149214 0.683998 0.696318
v 0.135013 0.677553 0.728080
v -0.285679 0.729362 0.705973
v -0.333958 0.717896 0.738329
v -0.276787 0.719296 0.738544
v -0.348711 0.584630 0.689050
v -0.335822 0.582498 0.676792
v 0.135415 0.527121 0.662824
v -0.330610 0.582045 0.688476
v 0.147310 0.523510 0.675742
v 0.129805 0.528609 0.674247
v 0.255897 1.149413 0.552517
v 0.210050 1.147560 0.501675
v 0.191063 1.188802 0.523981
v -0.281837 1.193414 0.468781
v -0.224471 1.199322 0.440442
v -0.213756 1.236431 0.472601
v -0.173040 1.216117 0.476298
v -0.265108 1.220772 0.545631
v -0.292798 1.147396 0.486245
v 0.227996 1.184037 0.617133
v 0.153911 1.174865 0.519446
v 0.255832 1.107296 0.589864
v 0.270466 1.200988 0.429780
v 0.234892 1.198702 0.390266
v 0.216137 1.234128 0.408151
v -0.265135 1.263949 0.365561
v -0.219219 1.267921 0.338952
v -0.208900 1.300759 0.366189
v -0.257407 1.255799 0.449587
v -0.271335 1.207575 0.394170
v 0.237508 1.204057 0.508713
v 0.183698 1.207771 0.427021
v -0.182154 1.272546 0.390516
v 0.268507 1.150373 0.467101
v 0.298677 1.197795 0.296808
v 0.268659 1.200287 0.266682
v 0.256124 1.223964 0.278636
v -0.251629 1.279229 0.231130
v -0.214121 1.286499 0.212284
v -0.207225 1.308446 0.230489
v 0.215877 1.222138 0.310817
v 0.283789 1.180040 0.350471
v -0.252605 1.254276 0.283979
v -0.178541 1.302750 0.272957
v 0.256592 1.229908 0.385789
v -0.240384 1.299070 0.332125
v 0.339031 1.223205 0.220994
v -0.274170 1.296916 0.136006
v -0.268652 1.314474 0.150570
v -0.245960 1.315477 0.135599
v 0.322026 1.220889 0.199886
v 0.349059 1.204263 0.211431
v -0.049030 1.302915 0.342468
v -0.080449 1.269321 0.338698
v -0.104462 1.271496 0.371764
v -0.075150 1.314677 0.393873
v -0.033455 1.322510 0.435213
v -0.112787 1.245025 0.454081
v -0.028659 1.247600 0.320925
v -0.108135 1.220115 0.376813
v 0.072405 1.285262 0.337726
v 0.086124 1.292799 0.393521
v 0.103084 1.250798 0.339794
v 0.118845 1.249946 0.376431
v 0.057564 1.238609 0.321128
v 0.124321 1.202266 0.392555
v 0.037927 1.309282 0.432720
v 0.110010 1.220266 0.466492
v 0.026068 1.162874 0.173428
v 0.002142 1.206907 0.198129
v 0.054630 1.204767 0.204188
v -0.068352 1.115906 0.234271
v 0.115326 1.298766 0.295832
v 0.094154 1.327134 0.305094
v 0.097557 1.309153 0.277269
v -0.059477 1.325067 0.277434
v 0.092526 1.115699 0.243058
v 0.113452 1.307931 0.314583
v 0.040207 1.209234 0.103828
v -0.083507 1.326057 0.310116
v -0.081293 1.315948 0.291895
v -0.062038 1.344433 0.304407
v -0.311118 0.373113 0.435939
v -0.419438 0.493141 0.493823
v -0.427805 0.343614 0.421673
v -0.506482 0.469486 0.440642
v -0.343867 0.408368 0.392310
v -0.304085 0.429950 0.444443
v -0.457331 0.433839 0.511585
v -0.469510 0.403407 0.426975
v 0.433475 0.427207 0.631572
v 0.310766 0.341707 0.626499
v 0.363675 0.491262 0.676175
v 0.215828 0.416956 0.630236
v 0.374753 0.425210 0.704147
v 0.372993 0.380039 0.625471
v 0.259598 0.429248 0.583846
v 0.289356 0.470573 0.688363
v 0.232252 0.472476 0.630211
v -0.360231 0.442885 0.502118
v -0.379264 0.557360 0.432747
v 0.348996 0.555474 0.603722
v -0.391828 0.834214 0.497941
v 0.299922 0.791381 0.627941
v -0.401499 0.674826 0.364998
v 0.365115 0.635039 0.512571
v 0.352705 0.769801 0.631961
v -0.441975 0.822040 0.471389
v -0.306046 0.710217 0.329105
v 0.302017 0.686242 0.432549
v -0.366435 0.698003 0.394535
v -0.371826 0.776270 0.466679
v -0.335219 0.726751 0.414085
v -0.412240 0.762070 0.451458
v 0.317286 0.663236 0.518981
v 0.290362 0.738080 0.585828
v 0.329162 0.716210 0.594064
v 0.281672 0.696547 0.518940
v 0.399891 0.810533 0.634723
v 0.405809 0.755883 0.615381
v -0.474730 0.869944 0.448272
v -0.479531 0.815384 0.428375
v 0.093037 0.924620 1.145279
v 0.105689 0.928008 1.014919
v -0.124020 0.942444 1.134330
v -0.137081 0.950598 1.005021
v -0.009702 0.871918 1.154510
v 0.120321 0.964540 0.902543
v -0.147417 0.983204 0.909044
v 0.011432 0.969486 0.874712
v -0.183787 1.032626 1.076278
v 0.450613 0.760899 0.449724
v -0.427819 0.811959 0.264702
v -0.430261 0.910843 0.310452
v -0.456962 0.968456 0.376795
v -0.483472 0.826603 0.299094
v -0.498673 0.888789 0.360070
v 0.480484 0.765198 0.509589
v 0.470217 0.823931 0.574867
v 0.443864 0.858131 0.498726
v 0.439395 0.910983 0.573540
v 0.147645 1.029562 0.217645
v 0.090820 0.965024 0.074915
v 0.219052 0.998312 0.259867
v 0.238106 0.926761 0.178870
v 0.174865 0.886335 0.091527
v -0.169748 0.876037 0.098565
v -0.091283 0.959483 0.079065
v -0.222483 0.913914 0.178107
v -0.195080 0.991104 0.243631
v -0.132013 1.023280 0.212882
v -0.312313 1.034419 0.369953
v -0.350986 1.081811 0.450615
v -0.360733 0.994333 0.343005
v -0.394253 1.047987 0.414884
v 0.317165 1.044873 0.594069
v 0.320504 1.009814 0.490696
v 0.375258 1.005919 0.579869
v 0.378502 0.957214 0.494946
v -0.132380 0.872945 0.613458
v 0.062407 0.508941 -0.246103
v -0.092488 0.519679 -0.350240
v 0.053854 0.769604 0.529619
v -0.073495 0.639359 0.097324
v 0.081477 0.601592 -0.102250
v 0.133824 0.692724 0.290294
v -0.150717 0.928072 0.687985
v 0.002108 0.496251 -0.285147
v 0.003821 0.701942 0.439821
v 0.002970 0.527677 -0.189723
v -0.021845 0.795304 0.571017
v 0.004491 0.602414 -0.021301
v 0.010602 0.643847 0.175646
v -0.029971 0.885281 0.639237
v 0.103395 0.736776 -0.149397
v 0.156461 0.674980 -0.195881
v 0.168236 0.723725 -0.035538
v 0.289007 1.031503 0.696292
v 0.294085 0.949943 0.745215
v 0.341500 0.993597 0.687292
v 0.282448 0.601276 -0.522114
v -0.279783 0.601262 -0.522317
v 0.057606 1.192890 0.256033
v 0.084742 1.156418 0.299044
v 0.118250 0.286701 -1.204029
v 0.087673 0.282979 -0.986325
v 0.081677 0.405072 -0.832030
v 0.082451 0.474371 -0.781457
v 0.095739 0.734423 -0.344709
v -0.092675 0.790910 -0.074773
v -0.086447 0.741668 -0.232308
v 0.101554 1.205182 0.362045
v 0.171525 1.207916 0.704952
v 0.146502 0.906435 0.930515
v 0.119262 1.242965 0.590619
v 0.174652 1.157935 0.817449
v 0.200570 1.089061 0.981038
v 0.208371 0.935248 0.754196
v 0.174608 0.987144 0.895384
v 0.126430 0.900136 1.052915
v 0.225504 1.081361 0.745255
v 0.221116 1.039012 0.789756
v 0.115874 0.986002 1.133036
v 0.252245 0.866262 0.470130
v -0.169809 0.505321 -0.440064
v 0.234636 1.054312 0.855047
v 0.174409 0.630223 -0.303350
v 0.123550 1.052301 1.129828
v 0.115374 0.909947 1.127966
v 0.145835 0.960070 1.020145
v 0.214112 1.018842 0.719667
v 0.204007 1.077878 0.440138
v -0.221180 1.182108 0.474808
v 0.060689 0.294096 -1.215092
v 0.011157 0.291721 -0.999770
v -0.012338 0.480877 -0.797335
v -0.008352 0.414949 -0.848034
v -0.232164 0.473969 -0.357519
v -0.276600 0.808126 0.520767
v -0.307107 0.852736 0.546070
v -0.183798 1.235640 0.686715
v -0.184087 0.931933 0.930058
v -0.063068 1.304681 0.457130
v -0.180748 1.185681 0.809894
v -0.163673 1.142187 0.980579
v -0.258521 0.985753 0.745805
v -0.195516 1.015060 0.892913
v -0.162692 0.921995 1.051545
v -0.260755 1.123517 0.717020
v -0.251561 1.081396 0.774743
v -0.341478 0.929853 0.620292
v -0.255106 1.094791 0.845723
v -0.171746 0.619097 -0.303226
v -0.139388 1.071099 1.127875
v -0.151431 0.929288 1.126067
v 0.187450 1.032227 1.003131
v -0.172874 0.983042 1.017877
v -0.285627 1.069497 0.666166
v -0.188261 1.089019 0.371028
v -0.205707 1.223206 0.508391
v -0.032998 0.909949 1.208672
v 0.028697 0.899328 0.723198
v -0.080834 0.903773 0.724897
v -0.240659 0.485997 -0.551095
v -0.072776 0.513341 -0.293137
v 0.028326 0.388734 -0.820315
v -0.056381 0.953826 1.172385
v -0.029249 0.853311 1.051404
v 0.043899 0.425437 -0.861927
v -0.082160 0.711486 0.417312
v -0.261620 0.881235 0.400741
v 0.014749 0.506947 -0.624983
v 0.046055 1.247569 0.863230
v -0.031072 1.253076 0.862639
v 0.136911 0.354321 -1.426169
v 0.088625 0.256434 -1.205531
v -0.249124 0.828750 0.758587
v -0.007337 0.675985 -0.582226
v -0.083405 1.161262 1.018583
v -0.071500 0.552601 -0.178506
v -0.235824 0.367650 -0.453521
v -0.004571 0.496148 -0.706939
v -0.053157 1.025589 1.165324
v 0.036704 0.503462 -0.796404
v -0.035470 0.823965 1.108308
v 0.057164 0.316748 -1.002180
v -0.114817 0.961175 1.218162
v -0.110607 0.821084 0.579379
v 0.238488 0.367210 -0.452459
v -0.057356 0.489104 -0.468131
v 0.064353 0.495885 -0.464000
v 0.001716 1.302673 0.716206
v 0.046000 0.262474 -0.974598
v -0.062055 0.893151 1.180236
v 0.021012 0.887233 1.180851
v 0.095032 0.865499 0.873550
v -0.002526 0.875097 0.899650
v -0.138600 0.880585 0.898379
v -0.001699 0.562901 -0.730520
v -0.066605 0.623001 -0.004946
v -0.309497 0.567171 -0.495805
v -0.057258 1.094443 1.142317
v -0.003498 0.853093 1.183635
v 0.088038 0.319866 -1.201821
v -0.126172 1.265369 0.575905
v 0.324308 0.769764 0.452959
v 0.351643 0.747854 0.409215
v -0.015570 1.196411 0.248042
v -0.055210 1.160079 0.286958
v -0.410825 0.717880 0.410537
v 0.216661 0.823478 0.619732
v 0.200839 0.787411 0.579995
v 0.219860 0.882546 0.712625
v -0.344310 0.642864 0.245095
v 0.449054 0.597013 0.527194
v 0.447439 0.573692 0.405252
v -0.349482 0.636465 0.325206
v -0.401681 0.654877 0.355345
v -0.326896 0.779438 0.283760
v -0.323574 0.800455 0.335678
v 0.300005 0.661232 0.469360
v 0.326351 0.534015 0.443915
v -0.356203 0.550175 0.273512
v 0.447057 0.539256 0.578421
v 0.405956 0.496438 0.475689
v 0.361368 0.615024 0.381561
v -0.474106 0.653092 0.350019
v -0.444816 0.632505 0.231771
v 0.372783 0.617390 0.506843
v 0.334209 0.611442 0.460429
v -0.363879 0.349592 0.413558
v 0.341458 0.388408 0.751075
v 0.360186 0.340010 0.682476
v -0.312555 0.372764 0.470125
v -0.329746 0.382006 0.519448
v -0.478402 0.586504 0.402578
v -0.445488 0.543206 0.296785
v 0.360615 0.585179 0.555678
v 0.309806 0.586539 0.511932
v -0.328302 0.585206 0.352306
v -0.381118 0.599420 0.392333
v 0.240381 0.290340 0.683000
v -0.388973 0.260743 0.469344
v 0.277702 0.305421 0.806929
v 0.339079 0.265453 0.753159
v 0.254537 0.371309 0.614242
v -0.443951 0.380527 0.552130
v -0.476715 0.353962 0.477166
v 0.237162 0.430217 0.712509
v 0.217292 0.421235 0.664154
v -0.369922 0.134220 0.482369
v 0.233008 0.192017 0.817369
v 0.304725 0.153089 0.783877
v -0.290524 0.135941 0.520754
v -0.423729 0.271789 0.594439
v -0.492994 0.267855 0.535766
v 0.179004 0.330308 0.736770
v -0.319707 0.264677 0.528018
v -0.271915 0.062719 0.522954
v 0.054189 0.165769 0.757865
v -0.488788 0.040948 0.532345
v -0.407696 0.048414 0.571352
v 0.172299 0.185377 0.712803
v -0.428432 0.149751 0.587245
v -0.507831 0.148030 0.548860
v 0.100582 0.224305 0.746295
v -0.381822 0.016288 0.528774
v 0.244197 0.061253 0.781724
v 0.173238 0.106147 0.814928
v -0.376953 0.027816 0.461795
v 0.244629 0.053097 0.729293
v 0.253802 0.087578 0.699388
v -0.482756 0.080297 0.455016
v 0.041431 0.160327 0.700876
v 0.135894 0.083174 0.707924
v -0.489648 0.041174 0.479289
v -0.259373 0.060757 0.465691
v -0.387151 0.084195 0.477294
v 0.167976 0.132485 0.715792
v -0.384654 0.112781 0.441562
v 0.176852 0.153950 0.676286
v -0.383385 0.103164 0.456636
v 0.153592 0.117224 0.677939
v -0.295491 0.094929 0.444672
v -0.378038 0.069981 0.437450
v 0.088044 0.173716 0.677168
v 0.171960 0.148028 0.692483
v -0.078351 0.660823 0.191667
v 0.136295 0.080927 0.776024
v 0.208629 0.523061 -0.598007
v -0.202620 0.523478 -0.604792
v 0.244634 0.611268 -0.375815
v -0.069407 0.540914 -0.718495
v -0.091538 0.734260 -0.344613
v -0.241970 0.610467 -0.376045
v -0.314707 0.489121 -0.430877
v 0.172473 0.510610 -0.439868
v 0.110227 0.540820 -0.698198
v 0.312161 0.567229 -0.495181
v 0.243338 0.485946 -0.550080
v 0.234828 0.475244 -0.357665
v 0.317372 0.488893 -0.430567
v -0.247134 0.382738 -0.723702
v -0.190053 0.357459 -0.669963
v 0.231712 0.470115 -0.583364
v -0.182675 0.418608 -0.521158
v 0.294877 0.416173 -0.518434
v -0.292213 0.416856 -0.519254
v -0.229047 0.470895 -0.584040
v 0.185340 0.417899 -0.520280
v 0.225316 0.276162 -0.828146
v 0.181289 0.261978 -0.756369
v 0.273378 0.352443 -0.668227
v 0.234148 0.304018 -0.609574
v -0.231483 0.304600 -0.610567
v -0.270714 0.353025 -0.669219
v 0.192717 0.356877 -0.668970
v 0.249798 0.382156 -0.722710
v -0.232865 0.211245 -0.720044
v 0.235530 0.210629 -0.719048
v -0.178625 0.262560 -0.757362
v -0.222652 0.276793 -0.829062
v 0.282357 0.255750 -0.753706
v 0.220304 0.236907 -0.698057
v -0.217640 0.237385 -0.699032
v -0.279693 0.256253 -0.754638
v 0.284493 0.097024 -0.694348
v -0.249151 0.073746 -0.731295
v -0.261816 0.215260 -0.786874
v 0.199760 0.220019 -0.788908
v 0.220395 0.198303 -0.830720
v -0.197096 0.220373 -0.789913
v -0.217731 0.198923 -0.831628
v 0.264480 0.214541 -0.785893
v -0.205272 0.034711 -0.590742
v 0.269555 -0.001737 -0.614300
v 0.247006 0.129915 -0.665893
v -0.244342 0.130946 -0.666683
v -0.281829 0.097895 -0.695176
v 0.211061 0.101897 -0.697988
v 0.251816 0.073025 -0.730299
v -0.208397 0.102926 -0.698644
v -0.314925 0.035531 -0.535647
v -0.266136 0.078638 -0.539790
v -0.266891 -0.001016 -0.615295
v 0.314281 0.029196 -0.587795
v 0.267830 0.072903 -0.583296
v -0.265165 0.073624 -0.584291
v -0.311617 0.029916 -0.588790
v 0.207936 0.033990 -0.589746
v -0.270745 0.041228 -0.485605
v 0.273410 0.040507 -0.484610
v 0.205974 0.034912 -0.535830
v 0.255432 -0.002858 -0.515383
v -0.203310 0.035632 -0.536826
v -0.252768 -0.002137 -0.516379
v 0.317590 0.034810 -0.534652
v 0.268801 0.077917 -0.538794
v 0.024113 0.948091 1.172981
v 0.082534 1.149376 1.019834
v 0.031200 1.019578 1.165949
v 0.045360 1.087132 1.143077
v 0.082399 0.946764 1.219480
v -0.123866 0.962586 1.194719
v 0.091867 0.946821 1.196161
v 0.110016 0.929148 1.208145
v -0.144549 0.947750 1.206445
v -0.138989 0.916724 0.649247
v -0.268433 0.833810 0.728999
v 0.136009 0.677478 0.711589
v 0.154076 0.789965 0.750756
v 0.174373 0.666288 0.714752
v -0.211035 0.827029 0.725204
v 0.175389 0.787052 0.722165
v 0.120591 0.804793 0.718327
v -0.316666 0.724609 0.723546
v -0.276988 0.718935 0.721987
v -0.308132 0.723852 0.742741
v 0.165177 0.668719 0.733541
v 0.201170 1.212151 0.467323
v -0.273001 1.230201 0.417274
v -0.294681 1.176408 0.512617
v 0.178170 1.186337 0.560576
v 0.195927 1.140619 0.543837
v 0.254819 1.136829 0.606533
v -0.210366 1.278587 0.279708
v 0.244496 1.201011 0.330230
v -0.211211 1.270844 0.423705
v 0.220761 1.174555 0.447659
v -0.221658 1.236098 0.394251
v 0.262628 1.175711 0.486162
v 0.279272 1.199733 0.366874
v -0.254441 1.271508 0.303394
v 0.228712 1.230827 0.345283
v -0.201681 1.306224 0.302633
v -0.020883 1.283402 0.355796
v -0.080882 1.218636 0.353275
v -0.116772 1.223144 0.404375
v 0.042547 1.272920 0.352167
v 0.125879 1.202763 0.421476
v 0.062673 1.285710 0.456565
v -0.026877 1.064254 0.122039
v 0.036587 1.065090 0.122177
v -0.345585 0.460538 0.345553
v -0.297801 0.487871 0.409219
v -0.320424 0.495064 0.436325
v -0.376581 0.500988 0.468546
v -0.478165 0.490034 0.477518
v -0.468871 0.453345 0.378367
v 0.416087 0.462635 0.663609
v 0.392025 0.418142 0.570310
v 0.281701 0.468714 0.530323
v 0.327351 0.511584 0.647806
v 0.249428 0.522072 0.586848
v 0.273264 0.523683 0.613821
v -0.325773 0.687756 0.360212
v -0.335479 0.755045 0.453476
v -0.406329 0.796139 0.470171
v 0.348568 0.673926 0.556243
v 0.319817 0.751182 0.608897
v 0.264484 0.724071 0.552589
v 0.431425 0.713647 0.572596
v -0.485879 0.773958 0.378237
v -0.007801 0.883224 1.105253
v -0.015266 0.904435 1.051206
v -0.039202 0.964402 0.953183
v -0.018999 0.977853 0.907923
v -0.015555 0.934682 1.001894
v -0.004204 0.936408 1.139966
v -0.019223 0.975951 0.918997
v -0.014605 0.977294 0.979569
v -0.014528 0.964991 1.032272
v -0.036220 0.951249 1.083823
v -0.203552 1.060596 1.000257
v -0.141220 1.004632 1.131168
v 0.076122 0.513480 -0.292449
v 0.092640 0.714441 0.417096
v 0.076433 0.553152 -0.178620
v 0.052390 0.816031 0.582088
v 0.081813 0.624815 -0.006039
v 0.099133 0.665774 0.188131
v 0.063304 0.899106 0.657066
v 0.090643 0.743401 -0.232444
v 0.105932 0.794013 -0.076360
v 0.225079 0.642604 -0.556921
v -0.222415 0.642607 -0.557078
v 0.146161 0.328066 -1.396862
v 0.120936 0.332470 -1.274701
v 0.067869 0.519116 -0.768081
v 0.096620 0.283089 -1.090200
v 0.081204 0.344717 -0.923874
v 0.072790 0.482796 -0.801021
v 0.123525 0.610836 -0.647796
v 0.167773 0.714511 -0.500987
v 0.002388 0.737733 -0.405027
v 0.002545 0.800040 -0.187080
v -0.001304 0.962730 0.000698
v 0.018889 1.225965 0.291518
v -0.000766 1.324244 0.497658
v 0.112535 1.279488 0.655249
v 0.084645 1.279563 0.775714
v 0.129996 1.185794 0.891977
v 0.070277 1.058160 1.168722
v 0.076316 1.010165 1.161333
v 0.059689 0.927548 1.186806
v 0.068145 0.876314 1.154692
v 0.079130 0.887257 1.212687
v 0.025289 0.824967 1.141011
v 0.058104 0.835772 1.074663
v 0.116363 0.870315 1.007847
v 0.193424 0.835205 0.761910
v 0.176571 0.890342 0.700725
v 0.150316 0.874658 0.655097
v 0.133284 0.793576 0.546690
v 0.167963 0.706352 0.100852
v 0.146810 0.668355 -0.105097
v 0.129962 0.565608 -0.248383
v 0.174437 0.570466 -0.345149
v 0.135671 0.502302 -0.575643
v 0.128947 0.517520 -0.642618
v 0.075711 0.475144 -0.747914
v 0.065480 0.309739 -0.886887
v 0.086724 0.233055 -1.065389
v 0.002584 0.756388 -0.323014
v 0.053430 1.217815 -0.010557
v 0.222627 1.186431 0.662595
v 0.214996 1.041694 0.740090
v 0.187936 1.016131 0.943275
v 0.231404 1.071940 0.889247
v 0.151826 0.953300 0.858965
v 0.131689 1.084870 0.292056
v 0.176920 1.043121 1.059071
v 0.183915 0.790856 0.037089
v 0.176862 0.704180 -0.370380
v 0.299655 0.992870 0.721389
v 0.262262 0.997156 0.409097
v 0.162228 0.682490 -0.267291
v 0.155011 1.096982 1.076576
v 0.219204 1.115199 0.753585
v 0.263108 1.081402 0.646652
v 0.217015 0.990044 0.718250
v 0.225868 1.037173 0.835860
v 0.092882 0.961771 0.975330
v 0.088015 0.899517 1.062191
v 0.125165 1.186014 0.538374
v 0.140622 1.147096 0.431973
v 0.148359 0.961671 1.091213
v 0.104774 0.885856 1.143604
v 0.086650 0.292900 -1.295624
v 0.119042 0.364083 -1.399007
v -0.005850 0.512004 -0.788495
v 0.040163 0.291670 -1.092009
v 0.009071 0.360714 -0.927261
v 0.001663 0.485884 -0.812171
v -0.103374 0.602853 -0.671357
v -0.158824 0.715500 -0.507357
v 0.196373 0.393424 -0.403187
v -0.294380 0.778750 0.446819
v -0.362684 0.903772 0.289811
v -0.101826 1.301705 0.653647
v -0.075011 1.283831 0.782101
v -0.122905 1.202257 0.899117
v -0.086406 1.069323 1.167561
v -0.099076 1.022708 1.160035
v -0.094707 0.938588 1.185668
v -0.103424 0.885148 1.150248
v -0.119254 0.905475 1.213078
v -0.072884 0.836336 1.150370
v -0.107765 0.845195 1.078876
v -0.156441 0.890634 1.015591
v -0.265095 0.886086 0.768070
v -0.252056 0.939041 0.687405
v -0.247087 0.907517 0.610056
v -0.182636 0.798329 0.528785
v -0.154173 0.683641 0.108023
v -0.150613 0.653447 -0.103303
v -0.126776 0.545667 -0.247699
v -0.171763 0.554183 -0.344693
v -0.134119 0.505031 -0.580902
v -0.095884 0.514041 -0.661371
v -0.017712 0.471149 -0.767817
v 0.001248 0.321399 -0.901708
v 0.026138 0.242731 -1.056924
v -0.428364 0.866376 0.501190
v -0.432985 1.034033 0.445236
v -0.262340 1.222716 0.601826
v -0.259156 1.086365 0.711989
v -0.205064 1.045214 0.940474
v -0.242882 1.110125 0.875076
v -0.169121 0.977667 0.859290
v -0.111784 1.082598 0.279649
v -0.189590 1.078509 1.052063
v -0.175746 0.779006 0.043789
v -0.173913 0.703800 -0.370240
v -0.398396 1.044338 0.575728
v -0.238384 1.005486 0.338982
v -0.159282 0.679116 -0.267232
v -0.153556 1.120194 1.079946
v -0.245782 1.153408 0.730105
v -0.322210 1.121966 0.523853
v -0.311472 1.041583 0.640786
v -0.249465 1.077587 0.826298
v -0.121035 0.976713 0.989477
v -0.121648 0.921802 1.047093
v -0.146095 1.215813 0.500370
v -0.125213 1.158878 0.389541
v -0.176192 0.985285 1.088897
v -0.144798 0.904093 1.141937
v -0.405599 0.956467 0.616503
v 0.333271 0.816172 0.653520
v 0.242098 0.758407 0.522942
v 0.397343 0.864442 0.444331
v 0.392775 0.981184 0.624290
v 0.275648 0.903651 0.748516
v -0.310666 0.688495 0.292655
v -0.354811 0.686984 0.208807
v -0.448196 0.696745 0.371033
v -0.486103 0.719309 0.267680
v 0.403435 0.645975 0.539943
v 0.321126 0.663891 0.403102
v 0.398387 0.650120 0.351491
v 0.486126 0.657211 0.470621
v 0.518304 0.988882 0.701401
v -0.338147 0.610139 0.301606
v -0.399851 0.582141 0.205240
v -0.437793 0.643595 0.379813
v -0.489071 0.603397 0.338836
v 0.412160 0.602107 0.545869
v 0.328595 0.595562 0.451911
v 0.384897 0.536392 0.373903
v 0.462880 0.542760 0.516800
v -0.300742 0.520814 0.339212
v -0.394046 0.500725 0.272583
v -0.444375 0.554486 0.459486
v -0.502544 0.509487 0.393972
v 0.409361 0.531610 0.634982
v 0.263642 0.540066 0.511695
v 0.341594 0.474788 0.455063
v 0.445517 0.457922 0.579560
v -0.319125 0.308452 0.461111
v -0.445015 0.304297 0.467204
v -0.347503 0.335082 0.561898
v -0.486307 0.314503 0.574950
v 0.234967 0.387104 0.762064
v 0.197444 0.359056 0.664709
v 0.311146 0.306162 0.677991
v 0.353971 0.315261 0.785237
v -0.274322 0.174998 0.481600
v -0.467351 0.226705 0.492216
v -0.350539 0.229946 0.585712
v -0.495378 0.202423 0.593589
v 0.193804 0.295335 0.800357
v 0.101075 0.260178 0.701197
v 0.298719 0.231826 0.714587
v 0.315509 0.214026 0.819719
v -0.255972 0.097389 0.485820
v -0.485379 0.088137 0.497670
v -0.351644 0.092033 0.562023
v -0.491772 0.075227 0.564790
v 0.139308 0.166501 0.796552
v 0.053176 0.197874 0.715399
v 0.259708 0.100075 0.740578
v 0.260952 0.095993 0.809094
v -0.267204 0.036620 0.479117
v -0.458592 0.014938 0.492761
v -0.319405 0.031781 0.551646
v -0.444236 0.027220 0.566128
v 0.085525 0.123223 0.793129
v 0.039038 0.137397 0.717983
v 0.205773 0.043738 0.744684
v 0.198166 0.071649 0.814705
v -0.292226 0.087161 0.459713
v -0.490537 0.069610 0.470291
v 0.082064 0.170257 0.692964
v 0.256772 0.077120 0.716415
v -0.313273 0.050838 0.440979
v -0.457510 0.041815 0.450596
v 0.086619 0.126184 0.680710
v 0.215205 0.062120 0.699137
v -0.337295 0.119791 0.444309
v -0.442961 0.109610 0.453489
v 0.136305 0.179540 0.675498
v 0.229091 0.129698 0.691615
v -0.322633 0.098352 0.437214
v -0.441379 0.090438 0.441633
v 0.114217 0.164895 0.670748
v 0.219853 0.111185 0.682530
v 0.219925 0.765089 0.290664
v -0.200762 0.744239 0.289549
v 0.453604 0.790778 0.607004
v -0.508136 0.856562 0.395844
v -0.193709 0.393427 -0.403908
v 0.316683 0.523613 -0.367268
v 0.300157 0.511033 -0.553335
v 0.248500 0.562626 -0.596494
v 0.293061 0.628971 -0.434448
v 0.187334 0.466644 -0.525773
v -0.314018 0.523751 -0.367545
v -0.297493 0.510813 -0.553688
v -0.245094 0.562533 -0.597924
v -0.290397 0.628949 -0.434739
v -0.184670 0.466884 -0.526512
v 0.276785 0.394322 -0.396897
v 0.298140 0.464204 -0.508992
v -0.274121 0.394428 -0.397582
v -0.295476 0.464232 -0.509634
v 0.197537 0.370859 -0.522390
v -0.194873 0.371441 -0.523382
v 0.209690 0.441662 -0.653087
v -0.207026 0.442619 -0.654007
v 0.278925 0.360012 -0.540784
v 0.270878 0.447698 -0.635922
v -0.276261 0.360863 -0.541938
v -0.268214 0.448586 -0.636817
v 0.191849 0.270285 -0.679717
v -0.189185 0.270867 -0.680709
v 0.192589 0.295874 -0.792381
v -0.189925 0.296431 -0.793247
v 0.258305 0.259934 -0.690792
v 0.285101 0.298794 -0.776225
v -0.255641 0.260293 -0.691706
v -0.282436 0.299345 -0.777124
v 0.187802 0.234510 -0.713567
v -0.185138 0.235058 -0.714553
v 0.202816 0.247148 -0.830775
v -0.200152 0.247783 -0.831775
v 0.264581 0.228599 -0.716961
v 0.253913 0.247383 -0.836039
v -0.261916 0.229085 -0.717942
v -0.251248 0.248010 -0.837053
v 0.208357 0.187401 -0.732325
v -0.205693 0.188462 -0.733158
v 0.193407 0.150813 -0.800013
v -0.190743 0.151566 -0.800763
v 0.264689 0.174384 -0.726631
v 0.273060 0.133185 -0.782029
v -0.262025 0.175289 -0.727510
v -0.270395 0.133975 -0.782793
v 0.228727 0.077976 -0.611336
v -0.226063 0.078696 -0.612331
v 0.227049 0.022455 -0.662621
v -0.224385 0.023176 -0.663616
v 0.296486 0.064072 -0.600841
v 0.293622 0.029746 -0.659943
v -0.293821 0.064793 -0.601836
v -0.290957 0.030467 -0.660939
v 0.237834 0.073773 -0.570525
v -0.235169 0.074494 -0.571520
v 0.198129 0.000184 -0.564906
v -0.195465 0.000905 -0.565901
v 0.298673 0.071611 -0.562107
v 0.316697 0.000921 -0.571789
v -0.296009 0.072332 -0.563103
v -0.314033 0.001642 -0.572784
v 0.237045 0.066342 -0.513241
v -0.234381 0.067063 -0.514236
v 0.218255 0.015268 -0.488263
v -0.215590 0.015989 -0.489258
v 0.303136 0.059849 -0.514986
v 0.301175 0.012112 -0.481461
v -0.300472 0.060570 -0.515982
v -0.298511 0.012833 -0.482457
v 0.280456 0.870075 0.197551
v -0.262193 0.856830 0.194688
v -0.014528 0.971188 1.150416
v -0.019060 0.911809 1.191174
v 0.002922 1.195954 0.956750
v -0.003474 1.121222 1.101400
v -0.010047 1.035265 1.161836
v 0.087585 1.001985 1.216988
v 0.102062 0.976693 1.231683
v 0.116378 0.971929 1.203186
v -0.111887 1.016562 1.215655
v -0.130081 0.993656 1.230132
v -0.144557 0.990996 1.201442
v 0.110174 1.114643 1.200391
v -0.117637 1.131291 1.198869
v 0.144966 0.748110 0.699976
v 0.184148 0.712311 0.741585
v 0.087491 0.864147 0.755821
v -0.141368 0.873122 0.768142
v -0.307977 0.770367 0.748991
v -0.255731 0.784905 0.708216
v 0.124032 0.740936 0.738384
v -0.241332 0.771461 0.747876
v 0.154606 0.618390 0.689564
v 0.174557 0.595582 0.709517
v -0.345501 0.661751 0.719698
v -0.317094 0.673241 0.700437
v 0.144427 0.615966 0.712641
v -0.309845 0.667917 0.724096
v 0.117542 0.464341 0.646152
v -0.344443 0.518297 0.659737
v 0.230436 1.182131 0.567889
v 0.258541 1.123847 0.528580
v 0.170281 1.181477 0.483308
v -0.261106 1.223366 0.498849
v -0.277004 1.171019 0.443151
v -0.183430 1.237622 0.442134
v 0.245864 1.228084 0.449102
v 0.275274 1.177401 0.411077
v 0.201657 1.226350 0.368556
v -0.249187 1.288438 0.394866
v -0.262646 1.243184 0.343381
v -0.182700 1.298945 0.332304
v 0.273311 1.221640 0.317417
v 0.293929 1.184607 0.290754
v 0.252475 1.217267 0.261612
v -0.235148 1.300330 0.261459
v -0.244493 1.267121 0.225166
v -0.198210 1.304304 0.214691
v 0.346306 1.221419 0.128263
v -0.247464 1.325779 0.060690
v -0.056310 1.274512 0.327520
v -0.052530 1.321423 0.380757
v -0.101831 1.280232 0.403415
v -0.096885 1.268375 0.352673
v 0.082500 1.257998 0.324831
v 0.067157 1.301558 0.376777
v 0.109271 1.257230 0.407071
v 0.115818 1.248189 0.356298
v -0.059001 1.377350 0.189804
v 0.118024 1.365546 0.194725
v -0.025225 1.168729 0.195495
v 0.071460 1.165046 0.205006
v 0.029652 1.217090 0.196559
v -0.302288 0.430011 0.417343
v -0.402510 0.435875 0.522412
v -0.411480 0.397528 0.369872
v -0.498672 0.418562 0.485713
v 0.406278 0.391035 0.682929
v 0.316997 0.389163 0.566786
v 0.325444 0.450486 0.711657
v 0.230401 0.469151 0.603319
v 0.253991 0.475020 0.658200
v -0.324470 0.437002 0.472677
v -0.320101 0.549399 0.398244
v 0.291595 0.566378 0.566338
v -0.356815 0.808297 0.488187
v 0.272800 0.772689 0.597194
v -0.355837 0.658889 0.345411
v 0.331756 0.629040 0.474465
v 0.357203 0.734338 0.611996
v -0.441535 0.786089 0.451533
v -0.309557 0.726262 0.373057
v 0.283073 0.701945 0.471392
v -0.376520 0.743179 0.444933
v 0.300140 0.704423 0.567394
v 0.054261 0.923667 1.195890
v 0.105152 0.934092 1.084153
v -0.090255 0.935715 1.191336
v -0.145701 0.947385 1.082311
v 0.103802 0.959259 0.959161
v -0.144655 0.978384 0.960964
v -0.471595 0.903503 0.333871
v 0.464289 0.843225 0.539814
v 0.166704 0.971711 0.153186
v -0.157344 0.963123 0.154894
v -0.360419 1.044734 0.392929
v 0.353178 1.009588 0.542878
v -0.029811 0.841393 0.606039
v 0.002272 0.501504 -0.244530
v 0.002029 0.502983 -0.342241
v -0.009335 0.760988 0.524814
v 0.007287 0.621874 0.078141
v 0.003256 0.576171 -0.115956
v 0.012645 0.670749 0.290384
v -0.024286 0.916142 0.682148
vt 0.578180 0.391096
vt 0.558884 0.391877
vt 0.617362 0.430738
vt 0.611275 0.403267
vt 0.591022 0.380035
vt 0.560663 0.372827
vt 0.501843 0.360462
vt 0.265719 0.424378
vt 0.266715 0.437866
vt 0.265345 0.453055
vt 0.265265 0.424934
vt 0.267711 0.396710
vt 0.267358 0.413397
vt 0.269066 0.427477
vt 0.263292 0.469345
vt 0.264640 0.481824
vt 0.260737 0.520818
vt 0.262910 0.476501
vt 0.263792 0.433987
vt 0.263939 0.445363
vt 0.258288 0.589949
vt 0.260400 0.573675
vt 0.260960 0.626704
vt 0.257885 0.616029
vt 0.255094 0.611549
vt 0.258415 0.570957
vt 0.347612 0.280907
vt 0.344587 0.276283
vt 0.316558 0.278044
vt 0.337636 0.284419
vt 0.355063 0.286595
vt 0.360158 0.281356
vt 0.366640 0.270790
vt 0.369031 0.284740
vt 0.369765 0.290170
vt 0.385415 0.295197
vt 0.376068 0.282453
vt 0.480171 0.318426
vt 0.461936 0.334461
vt 0.431035 0.313561
vt 0.473116 0.299467
vt 0.501949 0.275752
vt 0.504030 0.323772
vt 0.507448 0.360025
vt 0.404802 0.288462
vt 0.393880 0.280392
vt 0.403098 0.260321
vt 0.416407 0.283830
vt 0.405683 0.301734
vt 0.168060 0.896436
vt 0.163607 0.893116
vt 0.148147 0.923919
vt 0.162556 0.913499
vt 0.176965 0.903078
vt 0.178016 0.882695
vt 0.179067 0.862312
vt 0.643432 0.427621
vt 0.650038 0.424248
vt 0.657206 0.408448
vt 0.640609 0.424979
vt 0.626662 0.438024
vt 0.635695 0.437628
vt 0.643783 0.436061
vt 0.753478 0.429408
vt 0.741626 0.440148
vt 0.744564 0.467061
vt 0.761132 0.433187
vt 0.778146 0.401074
vt 0.757260 0.412869
vt 0.729455 0.426370
vt 0.849541 0.328010
vt 0.863366 0.323197
vt 0.864249 0.299237
vt 0.841085 0.321993
vt 0.826868 0.342111
vt 0.837176 0.341785
vt 0.855852 0.339651
vt 0.711416 0.454028
vt 0.718407 0.470537
vt 0.720775 0.444708
vt 0.704664 0.416800
vt 0.695152 0.448577
vt 0.687615 0.468168
vt 0.796292 0.431674
vt 0.806928 0.449967
vt 0.831169 0.434302
vt 0.802714 0.417084
vt 0.781806 0.433986
vt 0.786636 0.462383
vt 0.853468 0.412685
vt 0.863075 0.420725
vt 0.889557 0.409598
vt 0.865744 0.404301
vt 0.844053 0.393070
vt 0.831816 0.412716
vt 0.789710 0.342346
vt 0.802827 0.327541
vt 0.793793 0.303058
vt 0.777856 0.340752
vt 0.770598 0.373107
vt 0.794446 0.356464
vt 0.826397 0.362881
vt 0.830332 0.372507
vt 0.849493 0.370140
vt 0.833818 0.356815
vt 0.813739 0.361437
vt 0.811188 0.375828
vt 0.871857 0.323184
vt 0.870649 0.334547
vt 0.886236 0.329999
vt 0.877830 0.313838
vt 0.800014 0.364789
vt 0.792417 0.374765
vt 0.774788 0.896655
vt 0.772224 0.906534
vt 0.749970 0.891274
vt 0.767608 0.883826
vt 0.786614 0.878649
vt 0.789038 0.900258
vt 0.790780 0.919366
vt 0.741407 0.394878
vt 0.728388 0.403635
vt 0.753362 0.399536
vt 0.742594 0.379029
vt 0.708062 0.380437
vt 0.825757 0.800846
vt 0.819151 0.819210
vt 0.825562 0.858503
vt 0.832836 0.814232
vt 0.836524 0.763517
vt 0.827851 0.765054
vt 0.816733 0.765990
vt 0.321815 0.196354
vt 0.330715 0.201983
vt 0.367926 0.198040
vt 0.337106 0.191490
vt 0.295807 0.186814
vt 0.293995 0.191561
vt 0.283976 0.198027
vt 0.501398 0.252071
vt 0.487556 0.258715
vt 0.458471 0.231073
vt 0.493777 0.234928
vt 0.528493 0.238920
vt 0.521535 0.264752
vt 0.539016 0.281797
vt 0.521435 0.266896
vt 0.513880 0.291520
vt 0.543963 0.301394
vt 0.569541 0.312405
vt 0.551137 0.277427
vt 0.528343 0.242137
vt 0.807087 0.389112
vt 0.807142 0.397280
vt 0.821406 0.385574
vt 0.795065 0.385546
vt 0.382686 0.247246
vt 0.384465 0.264948
vt 0.416748 0.257423
vt 0.389655 0.234175
vt 0.381017 0.204195
vt 0.372891 0.242200
vt 0.422044 0.238551
vt 0.427970 0.258297
vt 0.406585 0.229749
vt 0.408705 0.205541
vt 0.431545 0.226868
vt 0.458261 0.253014
vt 0.776816 0.916270
vt 0.792080 0.929680
vt 0.790550 0.935692
vt 0.770905 0.913089
vt 0.770131 0.852466
vt 0.760463 0.844080
vt 0.759812 0.831429
vt 0.776460 0.852278
vt 0.768242 0.863203
vt 0.752060 0.855743
vt 0.865596 0.357068
vt 0.869530 0.363164
vt 0.883605 0.354221
vt 0.872462 0.350255
vt 0.860955 0.346563
vt 0.854430 0.358059
vt 0.851134 0.371243
vt 0.743523 0.363997
vt 0.754328 0.354976
vt 0.742444 0.339128
vt 0.729535 0.357851
vt 0.523697 0.330406
vt 0.534261 0.349800
vt 0.537027 0.319729
vt 0.561649 0.344600
vt 0.637229 0.386824
vt 0.637461 0.397193
vt 0.648615 0.386295
vt 0.647804 0.354111
vt 0.623454 0.376403
vt 0.687762 0.412037
vt 0.688974 0.419228
vt 0.693437 0.406378
vt 0.686845 0.395005
vt 0.681340 0.409372
vt 0.676056 0.421818
vt 0.690095 0.403190
vt 0.682685 0.394145
vt 0.679398 0.413293
vt 0.705688 0.400982
vt 0.894383 0.305461
vt 0.886715 0.305002
vt 0.899806 0.315140
vt 0.915703 0.309809
vt 0.899865 0.297875
vt 0.889328 0.287736
vt 0.905431 0.297611
vt 0.901967 0.293623
vt 0.912728 0.303888
vt 0.913448 0.302890
vt 0.279382 0.424378
vt 0.277743 0.410754
vt 0.277391 0.396710
vt 0.279836 0.424934
vt 0.279275 0.456148
vt 0.278601 0.435086
vt 0.276303 0.420699
vt 0.281810 0.469345
vt 0.281162 0.445363
vt 0.281310 0.433987
vt 0.282192 0.476501
vt 0.278729 0.526563
vt 0.280309 0.487224
vt 0.281776 0.626301
vt 0.281690 0.616029
vt 0.284482 0.611549
vt 0.283540 0.633333
vt 0.278660 0.630417
vt 0.281587 0.628560
vt 0.278615 0.626704
vt 0.357750 0.168097
vt 0.365705 0.175310
vt 0.375541 0.197972
vt 0.359647 0.179805
vt 0.350761 0.166119
vt 0.346659 0.153389
vt 0.350584 0.152124
vt 0.603164 0.771094
vt 0.616145 0.773469
vt 0.607104 0.784124
vt 0.592168 0.772862
vt 0.579775 0.765455
vt 0.601177 0.766951
vt 0.619104 0.767298
vt 0.858373 0.841752
vt 0.864607 0.846911
vt 0.860827 0.859262
vt 0.852858 0.846999
vt 0.846275 0.826434
vt 0.859678 0.829424
vt 0.868486 0.832134
vt 0.376225 0.896436
vt 0.381729 0.913499
vt 0.396138 0.923919
vt 0.380678 0.893116
vt 0.365218 0.862312
vt 0.366269 0.882695
vt 0.367320 0.903078
vt 0.769392 0.442504
vt 0.768943 0.460323
vt 0.746453 0.460906
vt 0.778178 0.401100
vt 0.791621 0.462593
vt 0.849541 0.327696
vt 0.837176 0.341315
vt 0.826868 0.341404
vt 0.841085 0.321601
vt 0.865132 0.323216
vt 0.858501 0.339680
vt 0.681580 0.446353
vt 0.695152 0.449180
vt 0.674176 0.455252
vt 0.656677 0.440578
vt 0.676825 0.433466
vt 0.796292 0.431925
vt 0.802792 0.417398
vt 0.831169 0.434961
vt 0.806928 0.450344
vt 0.874131 0.412444
vt 0.863075 0.421479
vt 0.862659 0.412290
vt 0.888933 0.396475
vt 0.897528 0.401661
vt 0.898813 0.408946
vt 0.789710 0.342032
vt 0.794446 0.356072
vt 0.777856 0.340674
vt 0.793911 0.302816
vt 0.802827 0.327149
vt 0.841667 0.351064
vt 0.854221 0.355850
vt 0.849611 0.370140
vt 0.833818 0.356422
vt 0.857792 0.341135
vt 0.888751 0.304143
vt 0.895545 0.305492
vt 0.902572 0.330882
vt 0.886661 0.314328
vt 0.880778 0.291647
vt 0.888792 0.287883
vt 0.786169 0.382340
vt 0.773614 0.388326
vt 0.792417 0.374686
vt 0.811251 0.375765
vt 0.575379 0.782496
vt 0.580271 0.777802
vt 0.582311 0.788622
vt 0.565170 0.798104
vt 0.562371 0.787858
vt 0.559237 0.777505
vt 0.325274 0.687562
vt 0.336376 0.702760
vt 0.302845 0.707839
vt 0.302958 0.682503
vt 0.303070 0.657167
vt 0.336488 0.677424
vt 0.369906 0.697681
vt 0.571346 0.815303
vt 0.564317 0.814006
vt 0.576062 0.807969
vt 0.588114 0.824726
vt 0.575263 0.827332
vt 0.567138 0.829546
vt 0.569553 0.312409
vt 0.807401 0.389112
vt 0.821798 0.385574
vt 0.844760 0.393070
vt 0.807535 0.397343
vt 0.558507 0.819639
vt 0.559214 0.832752
vt 0.549990 0.834346
vt 0.555831 0.812927
vt 0.682446 0.910995
vt 0.679212 0.920286
vt 0.658218 0.936398
vt 0.678893 0.912560
vt 0.698620 0.889762
vt 0.694179 0.901619
vt 0.693367 0.910707
vt 0.678080 0.854013
vt 0.679481 0.864967
vt 0.663095 0.881004
vt 0.672885 0.854077
vt 0.689898 0.831664
vt 0.686839 0.844757
vt 0.693543 0.856441
vt 0.855773 0.387963
vt 0.860448 0.396322
vt 0.879530 0.390297
vt 0.865271 0.382019
vt 0.850518 0.372956
vt 0.841107 0.384762
vt 0.835789 0.398281
vt 0.864605 0.357996
vt 0.851529 0.357639
vt 0.857918 0.345262
vt 0.871894 0.351067
vt 0.890169 0.359870
vt 0.870000 0.366056
vt 0.847645 0.371794
vt 0.657206 0.408637
vt 0.591475 0.380261
vt 0.713919 0.424669
vt 0.718104 0.424200
vt 0.702581 0.423477
vt 0.704253 0.428133
vt 0.722163 0.426499
vt 0.738776 0.427390
vt 0.679398 0.413896
vt 0.901447 0.305854
vt 0.908931 0.315631
vt 0.899822 0.294213
vt 0.912005 0.305935
vt 0.745423 0.727031
vt 0.778425 0.730441
vt 0.763865 0.738112
vt 0.727788 0.730441
vt 0.692508 0.722769
vt 0.730854 0.720212
vt 0.782288 0.720212
vt 0.903077 0.297219
vt 0.887284 0.282836
vt 0.898435 0.293034
vt 0.909585 0.303231
vt 0.910973 0.304410
vt 0.912360 0.305589
vt 0.563985 0.844992
vt 0.571165 0.845698
vt 0.575035 0.859282
vt 0.562849 0.853217
vt 0.749199 0.716149
vt 0.734435 0.716797
vt 0.755888 0.718536
vt 0.764761 0.716797
vt 0.773879 0.714572
vt 0.750357 0.714666
vt 0.718077 0.714491
vt 0.370330 0.675144
vt 0.386784 0.677100
vt 0.386094 0.682495
vt 0.361758 0.676246
vt 0.337110 0.670724
vt 0.364389 0.671739
vt 0.383758 0.672161
vt 0.741928 0.686881
vt 0.741602 0.685998
vt 0.720428 0.686112
vt 0.733934 0.687177
vt 0.746066 0.688210
vt 0.752393 0.687177
vt 0.756749 0.685853
vt 0.589593 0.863659
vt 0.577769 0.858842
vt 0.578544 0.865135
vt 0.596142 0.870126
vt 0.611306 0.858150
vt 0.591099 0.858355
vt 0.575877 0.850201
vt 0.273910 0.544979
vt 0.271556 0.509702
vt 0.258892 0.511265
vt 0.270246 0.564180
vt 0.278891 0.607381
vt 0.281466 0.564180
vt 0.280683 0.511265
vt 0.711462 0.860341
vt 0.721618 0.862350
vt 0.721634 0.877866
vt 0.707245 0.866386
vt 0.705657 0.851209
vt 0.722307 0.848799
vt 0.711240 0.723855
vt 0.693638 0.724480
vt 0.696272 0.725877
vt 0.720269 0.724303
vt 0.746704 0.722784
vt 0.719714 0.722715
vt 0.690363 0.723182
vt 0.273248 0.591384
vt 0.269788 0.626085
vt 0.269329 0.574033
vt 0.279061 0.582350
vt 0.751072 0.700795
vt 0.748691 0.699447
vt 0.715782 0.699447
vt 0.739993 0.701464
vt 0.765488 0.703626
vt 0.769031 0.701464
vt 0.773072 0.699442
vt 0.590454 0.816473
vt 0.587106 0.838822
vt 0.603572 0.811222
vt 0.600163 0.758178
vt 0.582716 0.792608
vt 0.562538 0.814075
vt 0.707309 0.680943
vt 0.686851 0.680967
vt 0.685601 0.681676
vt 0.717359 0.680967
vt 0.746167 0.680509
vt 0.714425 0.680638
vt 0.689987 0.680509
vt 0.691813 0.952290
vt 0.707571 0.955371
vt 0.694445 0.970473
vt 0.675262 0.960989
vt 0.664299 0.950050
vt 0.689809 0.943889
vt 0.724369 0.938295
vt 0.270559 0.413261
vt 0.272551 0.407974
vt 0.272765 0.423969
vt 0.269600 0.404366
vt 0.265138 0.410491
vt 0.271592 0.410491
vt 0.272551 0.392116
vt 0.266577 0.392116
vt 0.916470 0.307944
vt 0.916380 0.309711
vt 0.920400 0.313834
vt 0.918525 0.309121
vt 0.783238 0.296271
vt 0.779562 0.308314
vt 0.781071 0.308314
vt 0.785830 0.290250
vt 0.789806 0.270958
vt 0.782973 0.290249
vt 0.775532 0.310223
vt 0.261123 0.740430
vt 0.220819 0.732871
vt 0.234963 0.708932
vt 0.283339 0.732675
vt 0.328173 0.752460
vt 0.270173 0.753686
vt 0.217290 0.752754
vt 0.702166 0.933530
vt 0.724600 0.932385
vt 0.691487 0.936522
vt 0.693336 0.930955
vt 0.724230 0.926331
vt 0.726815 0.689041
vt 0.717651 0.689284
vt 0.718077 0.690782
vt 0.730956 0.689528
vt 0.729243 0.688163
vt 0.717803 0.688187
vt 0.333092 0.147106
vt 0.322626 0.148783
vt 0.302371 0.138052
vt 0.328718 0.143825
vt 0.728127 0.678736
vt 0.718077 0.677655
vt 0.707108 0.678060
vt 0.724286 0.679276
vt 0.738912 0.679276
vt 0.729597 0.677655
vt 0.715812 0.890627
vt 0.722780 0.891596
vt 0.723912 0.903256
vt 0.711696 0.895614
vt 0.711090 0.882810
vt 0.213772 0.198518
vt 0.213355 0.198060
vt 0.212416 0.197030
vt 0.214294 0.199091
vt 0.214607 0.199434
vt 0.846498 0.864163
vt 0.844890 0.859555
vt 0.839960 0.869945
vt 0.857602 0.864998
vt 0.858362 0.859627
vt 0.860135 0.852010
vt 0.712601 0.726570
vt 0.699243 0.727032
vt 0.705703 0.727896
vt 0.719987 0.726944
vt 0.739699 0.725656
vt 0.718828 0.725741
vt 0.275399 0.500383
vt 0.269520 0.525257
vt 0.271939 0.489583
vt 0.663990 0.750617
vt 0.668408 0.739978
vt 0.674921 0.750168
vt 0.666383 0.759453
vt 0.657685 0.772891
vt 0.657656 0.753564
vt 0.659485 0.734594
vt 0.732719 0.705222
vt 0.718077 0.705660
vt 0.718077 0.708278
vt 0.741192 0.706098
vt 0.736135 0.703574
vt 0.717772 0.703600
vt 0.316613 0.149629
vt 0.326947 0.145424
vt 0.349179 0.153756
vt 0.323819 0.152362
vt 0.296517 0.156965
vt 0.297392 0.146693
vt 0.300383 0.138642
vt 0.696336 0.684537
vt 0.684004 0.683662
vt 0.683606 0.685853
vt 0.699301 0.685998
vt 0.705540 0.683662
vt 0.773224 0.466366
vt 0.786519 0.466676
vt 0.781533 0.466560
vt 0.766577 0.466211
vt 0.268887 0.454771
vt 0.262630 0.467722
vt 0.271838 0.467722
vt 0.272133 0.432280
vt 0.748400 0.843208
vt 0.738971 0.850845
vt 0.741005 0.839421
vt 0.709108 0.720149
vt 0.692238 0.720746
vt 0.720666 0.720822
vt 0.715835 0.718770
vt 0.680175 0.718625
vt 0.265840 0.683558
vt 0.253084 0.669656
vt 0.260916 0.630417
vt 0.276577 0.670427
vt 0.293966 0.702982
vt 0.269788 0.709818
vt 0.245610 0.702982
vt 0.725662 0.692433
vt 0.718990 0.692794
vt 0.719727 0.694913
vt 0.731570 0.693156
vt 0.742885 0.691164
vt 0.729073 0.691105
vt 0.304597 0.222131
vt 0.283611 0.210507
vt 0.289627 0.201163
vt 0.319244 0.220936
vt 0.343294 0.241329
vt 0.311211 0.234383
vt 0.278088 0.220497
vt 0.711691 0.913574
vt 0.724100 0.914948
vt 0.703114 0.918615
vt 0.706834 0.906513
vt 0.741876 0.803147
vt 0.770968 0.806254
vt 0.763774 0.812364
vt 0.729177 0.805764
vt 0.692652 0.799262
vt 0.723554 0.797520
vt 0.763416 0.798109
vt 0.270559 0.446068
vt 0.273408 0.440509
vt 0.271188 0.459805
vt 0.917218 0.321944
vt 0.923479 0.318348
vt 0.934597 0.331107
vt 0.919647 0.330121
vt 0.917883 0.289970
vt 0.922031 0.283339
vt 0.937791 0.291461
vt 0.923688 0.297346
vt 0.907929 0.289224
vt 0.906272 0.275217
vt 0.719012 0.466011
vt 0.727817 0.468940
vt 0.745255 0.466623
vt 0.576824 0.840656
vt 0.582107 0.846713
vt 0.853527 0.776754
vt 0.855381 0.784364
vt 0.872158 0.816883
vt 0.858187 0.781649
vt 0.845078 0.748068
vt 0.842986 0.754103
vt 0.841647 0.757442
vt 0.579386 0.391698
vt 0.562472 0.373732
vt 0.611577 0.403418
vt 0.560391 0.392631
vt 0.517187 0.363595
vt 0.570758 0.734350
vt 0.577847 0.736973
vt 0.576056 0.746801
vt 0.566108 0.738700
vt 0.554867 0.732720
vt 0.567539 0.729242
vt 0.579613 0.728264
vt 0.834337 0.774285
vt 0.822198 0.775388
vt 0.820879 0.768106
vt 0.836948 0.769936
vt 0.856327 0.770947
vt 0.843865 0.777529
vt 0.828759 0.787656
vt 0.849654 0.802655
vt 0.837513 0.805662
vt 0.852801 0.792809
vt 0.870080 0.802121
vt 0.858631 0.810995
vt 0.891959 0.802058
vt 0.898807 0.813070
vt 0.887711 0.838447
vt 0.884953 0.807845
vt 0.876789 0.782762
vt 0.891893 0.784931
vt 0.905244 0.786520
vt 0.555553 0.801692
vt 0.551863 0.802865
vt 0.880448 0.806490
vt 0.880256 0.817373
vt 0.873150 0.792580
vt 0.576220 0.721558
vt 0.570049 0.725989
vt 0.572292 0.748866
vt 0.579640 0.730607
vt 0.586078 0.713351
vt 0.576149 0.707261
vt 0.566552 0.705610
vt 0.897124 0.737933
vt 0.894505 0.745834
vt 0.882563 0.741101
vt 0.894523 0.733559
vt 0.908252 0.725009
vt 0.904901 0.737439
vt 0.903525 0.750588
vt 0.877287 0.739247
vt 0.880179 0.755830
vt 0.884949 0.731776
vt 0.871674 0.715978
vt 0.867032 0.734502
vt 0.864081 0.755818
vt 0.572477 0.720367
vt 0.580962 0.721772
vt 0.567091 0.723589
vt 0.555505 0.718703
vt 0.570431 0.715943
vt 0.546399 0.797231
vt 0.546665 0.779981
vt 0.540901 0.808496
vt 0.535635 0.781790
vt 0.582111 0.771404
vt 0.580019 0.779545
vt 0.594560 0.750806
vt 0.593336 0.747216
vt 0.591451 0.740727
vt 0.577315 0.776610
vt 0.852758 0.748467
vt 0.850558 0.754493
vt 0.849402 0.746929
vt 0.857353 0.736543
vt 0.858862 0.744680
vt 0.860362 0.753860
vt 0.855013 0.699773
vt 0.847057 0.708642
vt 0.850445 0.722576
vt 0.860731 0.702309
vt 0.872933 0.686953
vt 0.857919 0.687887
vt 0.843519 0.693446
vt 0.574065 0.694299
vt 0.576791 0.691534
vt 0.565966 0.674264
vt 0.567583 0.689193
vt 0.905113 0.709058
vt 0.912471 0.711431
vt 0.899463 0.714805
vt 0.889559 0.701398
vt 0.904936 0.700012
vt 0.915547 0.696981
vt 0.882228 0.705939
vt 0.887643 0.717520
vt 0.889898 0.703797
vt 0.871265 0.700772
vt 0.853094 0.743840
vt 0.854910 0.757468
vt 0.857255 0.738728
vt 0.848675 0.736638
vt 0.548301 0.720474
vt 0.554627 0.724795
vt 0.545964 0.721733
vt 0.535710 0.709054
vt 0.545877 0.714846
vt 0.547418 0.716776
vt 0.536160 0.725200
vt 0.534997 0.742156
vt 0.552959 0.722307
vt 0.553332 0.704600
vt 0.864764 0.729239
vt 0.870078 0.732288
vt 0.856196 0.730478
vt 0.866493 0.725126
vt 0.881963 0.728141
vt 0.571337 0.606796
vt 0.558224 0.613740
vt 0.559691 0.635721
vt 0.577706 0.614838
vt 0.592787 0.600820
vt 0.577984 0.593581
vt 0.559348 0.595095
vt 0.895697 0.647347
vt 0.895320 0.663945
vt 0.877899 0.658714
vt 0.884587 0.637082
vt 0.890205 0.617311
vt 0.904655 0.639192
vt 0.911935 0.663578
vt 0.890476 0.636667
vt 0.897625 0.655502
vt 0.893745 0.630785
vt 0.874200 0.598806
vt 0.878821 0.624200
vt 0.879807 0.650221
vt 0.586005 0.617959
vt 0.587491 0.623828
vt 0.576458 0.650435
vt 0.579296 0.628398
vt 0.578585 0.606263
vt 0.590808 0.601026
vt 0.595993 0.602681
vt 0.545748 0.708082
vt 0.542018 0.700925
vt 0.548807 0.689582
vt 0.551552 0.706259
vt 0.543712 0.685433
vt 0.531625 0.693294
vt 0.551893 0.689209
vt 0.546967 0.673272
vt 0.527584 0.677089
vt 0.862824 0.717856
vt 0.853502 0.711584
vt 0.853519 0.698687
vt 0.868389 0.715175
vt 0.572939 0.708182
vt 0.567030 0.705259
vt 0.579814 0.688134
vt 0.581384 0.701541
vt 0.849195 0.574544
vt 0.825784 0.571708
vt 0.837541 0.592516
vt 0.862217 0.586745
vt 0.890368 0.580127
vt 0.859613 0.563123
vt 0.821252 0.548433
vt 0.563569 0.589437
vt 0.577257 0.595177
vt 0.598083 0.590667
vt 0.571912 0.584873
vt 0.542420 0.578374
vt 0.548061 0.588942
vt 0.555950 0.596404
vt 0.888338 0.593004
vt 0.905070 0.600094
vt 0.896802 0.608819
vt 0.878768 0.595995
vt 0.856932 0.579410
vt 0.881362 0.581619
vt 0.907138 0.585102
vt 0.893126 0.596108
vt 0.891682 0.604054
vt 0.900974 0.607403
vt 0.898691 0.595631
vt 0.884700 0.590914
vt 0.877015 0.598157
vt 0.858153 0.637090
vt 0.861467 0.652006
vt 0.862803 0.627168
vt 0.846412 0.612146
vt 0.846266 0.631587
vt 0.847070 0.655001
vt 0.560811 0.622779
vt 0.569314 0.629133
vt 0.559359 0.646972
vt 0.551223 0.629460
vt 0.543196 0.614345
vt 0.560385 0.609195
vt 0.541309 0.614996
vt 0.534002 0.626232
vt 0.529720 0.642204
vt 0.543408 0.617855
vt 0.547561 0.601750
vt 0.539198 0.610976
vt 0.844973 0.622740
vt 0.845488 0.630728
vt 0.856147 0.660309
vt 0.850046 0.633536
vt 0.839386 0.603955
vt 0.834828 0.601147
vt 0.558014 0.555756
vt 0.574036 0.565242
vt 0.613456 0.554499
vt 0.569165 0.546092
vt 0.521869 0.534006
vt 0.535720 0.559497
vt 0.895420 0.555362
vt 0.910346 0.565399
vt 0.885807 0.561324
vt 0.866555 0.537795
vt 0.892738 0.542055
vt 0.912273 0.545495
vt 0.905064 0.569350
vt 0.902425 0.582623
vt 0.908836 0.563561
vt 0.911987 0.536839
vt 0.897289 0.561131
vt 0.596533 0.538197
vt 0.610643 0.540192
vt 0.592263 0.544726
vt 0.567265 0.536946
vt 0.588202 0.531719
vt 0.605080 0.528771
vt 0.565348 0.598902
vt 0.559343 0.609295
vt 0.539215 0.608106
vt 0.555548 0.595262
vt 0.575860 0.578919
vt 0.578931 0.594249
vt 0.580643 0.605838
vt 0.531833 0.591681
vt 0.529653 0.598544
vt 0.535100 0.606534
vt 0.535653 0.594147
vt 0.530240 0.580297
vt 0.525708 0.582685
vt 0.845028 0.595264
vt 0.840106 0.603485
vt 0.833369 0.593931
vt 0.842294 0.587109
vt 0.853652 0.595053
vt 0.851985 0.606652
vt 0.598925 0.575516
vt 0.609709 0.574215
vt 0.602198 0.592239
vt 0.591808 0.585988
vt 0.595122 0.565033
vt 0.592837 0.516756
vt 0.600573 0.517712
vt 0.589541 0.521517
vt 0.573159 0.516885
vt 0.583509 0.512567
vt 0.588983 0.510428
vt 0.850796 0.526396
vt 0.845892 0.531393
vt 0.829191 0.527481
vt 0.844834 0.521805
vt 0.861380 0.517794
vt 0.862625 0.525564
vt 0.524581 0.525213
vt 0.527169 0.529758
vt 0.521257 0.542645
vt 0.523620 0.527125
vt 0.530671 0.517738
vt 0.530677 0.519279
vt 0.535557 0.523237
vt 0.557395 0.523480
vt 0.571621 0.524603
vt 0.547579 0.527771
vt 0.551285 0.519099
vt 0.853318 0.537277
vt 0.823672 0.535728
vt 0.864793 0.543846
vt 0.864301 0.534303
vt 0.557015 0.565706
vt 0.551325 0.580088
vt 0.547107 0.559462
vt 0.572539 0.558184
vt 0.521992 0.554245
vt 0.522431 0.562609
vt 0.524010 0.560828
vt 0.521344 0.540694
vt 0.846073 0.552420
vt 0.838551 0.562118
vt 0.841764 0.541609
vt 0.860546 0.558430
vt 0.473926 0.358250
vt 0.459542 0.357117
vt 0.499078 0.358709
vt 0.500886 0.359613
vt 0.469623 0.360233
vt 0.442751 0.359466
vt 0.543874 0.516686
vt 0.554057 0.514298
vt 0.911202 0.533390
vt 0.912259 0.543542
vt 0.910497 0.529896
vt 0.903806 0.520250
vt 0.909741 0.528414
vt 0.895841 0.534228
vt 0.886531 0.529637
vt 0.898716 0.525561
vt 0.906851 0.532393
vt 0.569652 0.511081
vt 0.562172 0.510330
vt 0.557235 0.513149
vt 0.577843 0.515095
vt 0.585424 0.511314
vt 0.910947 0.530942
vt 0.910116 0.526225
vt 0.913360 0.535998
vt 0.912985 0.538188
vt 0.912610 0.540377
vt 0.904141 0.540320
vt 0.907843 0.541799
vt 0.907817 0.535093
vt 0.904901 0.536326
vt 0.891810 0.535699
vt 0.896431 0.541670
vt 0.896978 0.545103
vt 0.528681 0.529043
vt 0.525801 0.525754
vt 0.526102 0.532419
vt 0.528970 0.533761
vt 0.542075 0.533628
vt 0.536060 0.526314
vt 0.534287 0.520887
vt 0.843793 0.515000
vt 0.849334 0.511764
vt 0.845810 0.510744
vt 0.840506 0.516755
vt 0.852438 0.528207
vt 0.846440 0.519032
vt 0.856767 0.515828
vt 0.887658 0.517006
vt 0.902320 0.519903
vt 0.877433 0.514662
vt 0.882011 0.518888
vt 0.900073 0.523260
vt 0.525568 0.521950
vt 0.532168 0.517448
vt 0.524140 0.523471
vt 0.597485 0.520093
vt 0.594057 0.516634
vt 0.581701 0.527628
vt 0.591418 0.525964
vt 0.544317 0.531829
vt 0.520821 0.535317
vt 0.557266 0.531130
vt 0.555919 0.528984
vt 0.861706 0.531252
vt 0.876724 0.532629
vt 0.842791 0.526178
vt 0.551143 0.539673
vt 0.558169 0.541957
vt 0.579219 0.537839
vt 0.560248 0.537068
vt 0.537232 0.539421
vt 0.536556 0.542831
vt 0.866326 0.535812
vt 0.854241 0.534400
vt 0.854533 0.538505
vt 0.873520 0.538450
vt 0.870916 0.532777
vt 0.856171 0.529944
vt 0.547652 0.534364
vt 0.559823 0.535149
vt 0.525823 0.539120
vt 0.520529 0.533115
vt 0.884280 0.523977
vt 0.874493 0.525373
vt 0.898097 0.528616
vt 0.585609 0.531286
vt 0.588266 0.531822
vt 0.585656 0.527227
vt 0.577906 0.529223
vt 0.579666 0.533749
vt 0.567333 0.525968
vt 0.579412 0.522829
vt 0.559769 0.523964
vt 0.563064 0.531498
vt 0.848928 0.522994
vt 0.848502 0.527657
vt 0.854907 0.523498
vt 0.864589 0.537300
vt 0.845720 0.532150
vt 0.874017 0.536549
vt 0.875413 0.543414
vt 0.848499 0.539228
vt 0.733881 0.696702
vt 0.718138 0.697046
vt 0.741933 0.697390
vt 0.764001 0.695299
vt 0.740519 0.695307
vt 0.867488 0.512971
vt 0.872606 0.511659
vt 0.880566 0.515929
vt 0.851200 0.513089
vt 0.215872 0.689132
vt 0.205442 0.678601
vt 0.236505 0.659522
vt 0.236618 0.684858
vt 0.205555 0.703937
vt 0.174379 0.697681
vt 0.183231 0.685807
vt 0.188151 0.680635
vt 0.212719 0.679707
vt 0.197232 0.687902
vt 0.164804 0.689649
vt 0.158191 0.682495
vt 0.332392 0.677657
vt 0.313635 0.667645
vt 0.324200 0.678124
vt 0.347053 0.687902
vt 0.363862 0.241734
vt 0.363773 0.227623
vt 0.355580 0.257099
vt 0.344326 0.267402
vt 0.331129 0.261328
vt 0.288596 0.654212
vt 0.292046 0.662013
vt 0.288188 0.663091
vt 0.367206 0.217437
vt 0.377525 0.203466
vt 0.357216 0.219865
vt 0.373108 0.195695
vt 0.342546 0.180017
vt 0.359717 0.177331
vt 0.338262 0.190513
vt 0.299766 0.187265
vt 0.326563 0.171151
vt 0.341374 0.182591
vt 0.354745 0.178843
vt 0.365787 0.204332
vt 0.336164 0.192495
vt 0.325561 0.172762
vt 0.338402 0.164005
vt 0.250980 0.654212
vt 0.247529 0.662013
vt 0.256036 0.633333
vt 0.272927 0.763216
vt 0.306938 0.767050
vt 0.272143 0.778551
vt 0.238525 0.767050
vt 0.194059 0.676991
vt 0.182527 0.676246
vt 0.207175 0.670724
vt 0.213474 0.674678
vt 0.369146 0.184858
vt 0.364122 0.177136
vt 0.364992 0.174317
vt 0.377595 0.200992
vt 0.324705 0.195654
vt 0.332028 0.203219
vt 0.374427 0.194942
vt 0.339141 0.190011
vt 0.298260 0.192985
vt 0.368447 0.634186
vt 0.360923 0.654632
vt 0.345642 0.652176
vt 0.364151 0.621385
vt 0.380088 0.589942
vt 0.378598 0.621143
vt 0.376422 0.651970
vt 0.234974 0.135959
vt 0.230398 0.152975
vt 0.257101 0.177575
vt 0.251543 0.141849
vt 0.251041 0.106254
vt 0.227591 0.115937
vt 0.207200 0.126547
vt 0.191118 0.663894
vt 0.201502 0.665752
vt 0.186832 0.665826
vt 0.167863 0.651970
vt 0.183362 0.654632
vt 0.198643 0.652176
vt 0.288631 0.171325
vt 0.281207 0.185503
vt 0.304152 0.164243
vt 0.279795 0.160952
vt 0.290101 0.171268
vt 0.284399 0.185298
vt 0.305127 0.164652
vt 0.280029 0.160809
vt 0.259721 0.176631
vt 0.313666 0.165527
vt 0.299852 0.171120
vt 0.288136 0.154459
vt 0.314638 0.157027
vt 0.365290 0.667998
vt 0.357453 0.665826
vt 0.379223 0.666381
vt 0.314204 0.166624
vt 0.300071 0.171527
vt 0.320783 0.158885
vt 0.193091 0.572812
vt 0.201094 0.575862
vt 0.203193 0.591842
vt 0.189200 0.575466
vt 0.173694 0.564150
vt 0.190284 0.565361
vt 0.199342 0.564743
vt 0.225853 0.106077
vt 0.221814 0.117507
vt 0.221366 0.105966
vt 0.243208 0.091829
vt 0.234988 0.101104
vt 0.237004 0.113970
vt 0.236078 0.134626
vt 0.233297 0.150814
vt 0.251557 0.141409
vt 0.249683 0.106057
vt 0.226832 0.114430
vt 0.210373 0.123629
vt 0.257402 0.117301
vt 0.271574 0.122728
vt 0.265867 0.125713
vt 0.241759 0.106536
vt 0.279521 0.134139
vt 0.296513 0.146505
vt 0.267123 0.129166
vt 0.273804 0.122447
vt 0.259374 0.150838
vt 0.274377 0.167402
vt 0.244399 0.145742
vt 0.231422 0.114066
vt 0.257697 0.135306
vt 0.261134 0.150132
vt 0.275400 0.167608
vt 0.244636 0.144989
vt 0.265410 0.137628
vt 0.187535 0.608976
vt 0.200792 0.622410
vt 0.180134 0.621385
vt 0.164197 0.589942
vt 0.183796 0.588355
vt 0.228205 0.088917
vt 0.230103 0.094747
vt 0.220835 0.095150
vt 0.223472 0.085632
vt 0.230821 0.073746
vt 0.231091 0.086077
vt 0.238338 0.093955
vt 0.227677 0.085891
vt 0.227827 0.087878
vt 0.223187 0.094596
vt 0.225282 0.088256
vt 0.229195 0.084730
vt 0.233024 0.078716
vt 0.236483 0.077021
vt 0.209100 0.107260
vt 0.193611 0.113133
vt 0.220110 0.107159
vt 0.212419 0.100448
vt 0.188895 0.102492
vt 0.363101 0.577789
vt 0.360489 0.588355
vt 0.341092 0.591842
vt 0.355085 0.575466
vt 0.370591 0.564150
vt 0.375231 0.574410
vt 0.205195 0.105438
vt 0.196199 0.110859
vt 0.214498 0.105220
vt 0.224871 0.091332
vt 0.207200 0.099754
vt 0.190851 0.101315
vt 0.236979 0.096197
vt 0.231354 0.099366
vt 0.243874 0.096998
vt 0.234624 0.092989
vt 0.236926 0.102408
vt 0.240378 0.109299
vt 0.233318 0.101917
vt 0.242103 0.098719
vt 0.218335 0.106934
vt 0.220490 0.117570
vt 0.212928 0.105848
vt 0.224259 0.102820
vt 0.229315 0.051285
vt 0.217822 0.069424
vt 0.242093 0.045823
vt 0.246552 0.016843
vt 0.227739 0.036347
vt 0.206743 0.061200
vt 0.371588 0.507069
vt 0.380446 0.513140
vt 0.377426 0.530884
vt 0.364897 0.512878
vt 0.355165 0.499422
vt 0.368249 0.495196
vt 0.382628 0.495463
vt 0.209246 0.091926
vt 0.205756 0.099314
vt 0.204280 0.088569
vt 0.222408 0.071891
vt 0.217933 0.086196
vt 0.219437 0.093296
vt 0.215370 0.099318
vt 0.208911 0.091250
vt 0.236742 0.086831
vt 0.194216 0.554743
vt 0.191023 0.548606
vt 0.205008 0.530520
vt 0.202781 0.548759
vt 0.202246 0.081801
vt 0.192318 0.084380
vt 0.206211 0.089366
vt 0.212167 0.067691
vt 0.204412 0.061452
vt 0.360311 0.542624
vt 0.372732 0.548764
vt 0.353262 0.548606
vt 0.339277 0.530520
vt 0.357478 0.530620
vt 0.207093 0.082927
vt 0.194406 0.083809
vt 0.209994 0.090767
vt 0.269670 0.017783
vt 0.261089 0.025767
vt 0.268637 0.040174
vt 0.276863 0.021923
vt 0.284662 0.009221
vt 0.267569 0.009373
vt 0.249127 0.016533
vt 0.272807 0.010263
vt 0.267569 0.009844
vt 0.255784 0.010131
vt 0.267589 0.010530
vt 0.283124 0.013325
vt 0.284053 0.010599
vt 0.284662 0.010045
vt 0.260463 0.048552
vt 0.255377 0.050020
vt 0.253170 0.057883
vt 0.269932 0.040739
vt 0.271736 0.036730
vt 0.273253 0.031309
vt 0.238294 0.062378
vt 0.225112 0.074320
vt 0.246753 0.054916
vt 0.247988 0.055623
vt 0.249006 0.038716
vt 0.249725 0.047822
vt 0.236442 0.043625
vt 0.261818 0.024025
vt 0.272581 0.031065
vt 0.250955 0.042240
vt 0.249195 0.056164
vt 0.239053 0.046476
vt 0.249127 0.016651
vt 0.261528 0.026285
vt 0.188417 0.518696
vt 0.186807 0.530620
vt 0.166858 0.530884
vt 0.179387 0.512878
vt 0.189120 0.499422
vt 0.199615 0.512636
vt 0.224509 0.049791
vt 0.236855 0.044278
vt 0.225712 0.036365
vt 0.291468 0.026730
vt 0.284916 0.024744
vt 0.282374 0.013292
vt 0.296157 0.022711
vt 0.308734 0.031105
vt 0.295698 0.032541
vt 0.286954 0.033444
vt 0.291504 0.035563
vt 0.285394 0.035626
vt 0.295382 0.034869
vt 0.306625 0.031522
vt 0.294735 0.035538
vt 0.285261 0.036411
vt 0.262340 0.010557
vt 0.252339 0.010284
vt 0.255784 0.010013
vt 0.267197 0.010451
vt 0.266974 0.012287
vt 0.270466 0.017121
vt 0.263027 0.024464
vt 0.277481 0.020912
vt 0.267367 0.012287
vt 0.281281 0.034208
vt 0.280625 0.031311
vt 0.279409 0.033773
vt 0.277557 0.033872
vt 0.270606 0.036290
vt 0.278811 0.035863
vt 0.280812 0.025535
vt 0.280546 0.031311
vt 0.277089 0.020912
vt 0.280382 0.027072
vt 0.276863 0.022316
vt 0.284663 0.025135
vt 0.317434 0.020089
vt 0.315129 0.023118
vt 0.313883 0.023993
vt 0.318126 0.018952
vt 0.318513 0.014506
vt 0.317059 0.014525
vt 0.311909 0.027154
vt 0.306369 0.033715
vt 0.306684 0.031581
vt 0.314354 0.023993
vt 0.322987 0.014032
vt 0.315003 0.023754
vt 0.307018 0.033476
vt 0.290998 0.026855
vt 0.296209 0.022297
vt 0.310349 0.012249
vt 0.304031 0.011357
vt 0.303364 0.011828
vt 0.318832 0.018952
vt 0.318906 0.014977
vt 0.317059 0.015349
vt 0.304594 0.018261
vt 0.304031 0.010415
vt 0.296209 0.021826
vt 0.324538 0.012283
vt 0.295970 0.011227
vt 0.283582 0.010206
vt 0.302894 0.011357
vt 0.301039 0.013974
vt 0.304429 0.019536
vt 0.301824 0.014053
vt 0.296628 0.022711
vt 0.308852 0.031105
vt 0.299261 0.034347
vt 0.295776 0.032541
vt 0.565128 0.268876
vt 0.562030 0.243188
vt 0.582593 0.286994
vt 0.598032 0.247593
vt 0.598943 0.311256
vt 0.596908 0.335280
vt 0.615348 0.303686
vt 0.636940 0.289973
vt 0.657921 0.311163
vt 0.685313 0.256404
vt 0.640145 0.251999
vt 0.732123 0.860051
vt 0.736717 0.866191
vt 0.747348 0.932902
vt 0.756099 0.930170
vt 0.757398 0.935737
vt 0.730399 0.891302
vt 0.734488 0.883580
vt 0.736216 0.896457
vt 0.736834 0.913574
vt 0.741910 0.906682
vt 0.756046 0.910721
vt 0.745839 0.918458
vt 0.908977 0.321551
vt 0.907285 0.329532
vt 0.931065 0.331107
vt 0.921713 0.318348
vt 0.776210 0.765879
vt 0.769864 0.763886
vt 0.769133 0.748138
vt 0.777672 0.757423
vt 0.786369 0.770861
vt 0.780355 0.778472
vt 0.774247 0.784344
vt 0.789973 0.791939
vt 0.786033 0.798113
vt 0.791893 0.772498
vt 0.795830 0.774133
vt 0.790509 0.802976
vt 0.783883 0.820367
vt 0.664861 0.768300
vt 0.674191 0.765916
vt 0.673599 0.750341
vt 0.661772 0.760056
vt 0.648225 0.776163
vt 0.659969 0.780991
vt 0.669808 0.786374
vt 0.786573 0.749440
vt 0.780933 0.738641
vt 0.770455 0.748311
vt 0.782283 0.758027
vt 0.797104 0.751480
vt 0.796355 0.731923
vt 0.790845 0.757147
vt 0.786398 0.751535
vt 0.784570 0.732564
vt 0.791953 0.750806
vt 0.650724 0.746529
vt 0.652986 0.733260
vt 0.652102 0.752836
vt 0.646950 0.753510
vt 0.647699 0.733953
vt 0.785078 0.796122
vt 0.784085 0.778961
vt 0.778691 0.808664
vt 0.783165 0.834914
vt 0.782094 0.795731
vt 0.661960 0.797761
vt 0.658021 0.800142
vt 0.663699 0.780502
vt 0.665364 0.810694
vt 0.660172 0.822397
vt 0.654081 0.793969
vt 0.653545 0.805006
vt 0.652161 0.774527
vt 0.658976 0.798152
vt 0.660889 0.836944
vt 0.737328 0.710767
vt 0.718077 0.711277
vt 0.747063 0.711788
vt 0.774266 0.708834
vt 0.745802 0.708797
vt 0.780388 0.284870
vt 0.784237 0.288045
vt 0.775489 0.291679
vt 0.772130 0.272858
vt 0.781281 0.272169
vt 0.789813 0.261930
vt 0.796560 0.241779
vt 0.797206 0.249342
vt 0.786875 0.271397
vt 0.789917 0.249581
vt 0.791204 0.223507
vt 0.800244 0.224230
vt 0.805466 0.227573
vt 0.785846 0.284874
vt 0.785357 0.291218
vt 0.781765 0.304040
vt 0.783930 0.290411
vt 0.789447 0.272153
vt 0.791264 0.272576
vt 0.784329 0.257825
vt 0.781203 0.272248
vt 0.791193 0.250519
vt 0.781672 0.249676
vt 0.771306 0.272976
vt 0.768102 0.301358
vt 0.766457 0.315950
vt 0.774389 0.291517
vt 0.763125 0.297880
vt 0.754860 0.323586
vt 0.768793 0.301358
vt 0.768467 0.317330
vt 0.775175 0.291679
vt 0.762655 0.297880
vt 0.755592 0.318555
vt 0.778442 0.284225
vt 0.781325 0.290249
vt 0.773683 0.291517
vt 0.779775 0.271441
vt 0.792881 0.242324
vt 0.792403 0.250368
vt 0.790016 0.250048
vt 0.790625 0.237722
vt 0.794940 0.224030
vt 0.795775 0.222974
vt 0.785272 0.256865
vt 0.781816 0.271362
vt 0.792213 0.249211
vt 0.793837 0.226236
vt 0.782614 0.249205
vt 0.789825 0.256800
vt 0.788976 0.271996
vt 0.789443 0.249106
vt 0.791335 0.221081
vt 0.790534 0.248478
vt 0.803594 0.242551
vt 0.800409 0.250839
vt 0.799670 0.250019
vt 0.808096 0.224549
vt 0.807313 0.224034
vt 0.796937 0.200946
vt 0.798488 0.188301
vt 0.796652 0.194319
vt 0.798939 0.168830
vt 0.794964 0.200105
vt 0.792631 0.222817
vt 0.795528 0.187039
vt 0.795720 0.200231
vt 0.793418 0.223136
vt 0.800871 0.149989
vt 0.801961 0.202516
vt 0.797354 0.189996
vt 0.800984 0.225050
vt 0.806494 0.190185
vt 0.801813 0.152815
vt 0.801557 0.201989
vt 0.805246 0.195723
vt 0.801868 0.171453
vt 0.807650 0.202115
vt 0.657856 0.434892
vt 0.655785 0.430266
vt 0.669670 0.432616
vt 0.663948 0.441150
vt 0.648143 0.441715
vt 0.632713 0.438847
vt 0.666634 0.417943
vt 0.668976 0.404899
vt 0.675628 0.419250
vt 0.655021 0.427303
vt 0.645308 0.411664
vt 0.702689 0.400140
vt 0.701258 0.387407
vt 0.710402 0.404505
vt 0.695542 0.410193
vt 0.693421 0.422621
vt 0.689462 0.424942
vt 0.699983 0.398607
vt 0.713944 0.380955
vt 0.719424 0.411318
vt 0.601895 0.424521
vt 0.614036 0.434875
vt 0.608572 0.421863
vt 0.574655 0.408747
vt 0.581105 0.420115
vt 0.601474 0.431928
vt 0.618836 0.420320
vt 0.639055 0.425296
vt 0.606563 0.422616
vt 0.571566 0.409953
vt 0.611085 0.410781
vt 0.644706 0.411890
vt 0.681594 0.430295
vt 0.683750 0.434820
vt 0.671745 0.410347
vt 0.663018 0.418265
vt 0.653666 0.425528
vt 0.639457 0.425146
vt 0.685357 0.421166
vt 0.642122 0.431299
vt 0.629736 0.424915
vt 0.596296 0.432982
vt 0.639054 0.437094
vt 0.614010 0.417893
vt 0.613497 0.409877
vt 0.630138 0.424764
vt 0.595769 0.433132
vt 0.591235 0.419649
vt 0.614370 0.434558
vt 0.625213 0.436750
vt 0.604387 0.432138
vt 0.593736 0.430351
vt 0.637108 0.439119
vt 0.558279 0.422966
vt 0.529899 0.417486
vt 0.548611 0.432541
vt 0.482185 0.431158
vt 0.551178 0.421774
vt 0.547688 0.428773
vt 0.510720 0.428086
vt 0.563653 0.431811
vt 0.615038 0.433925
vt 0.565059 0.431409
vt 0.549044 0.428422
vt 0.550721 0.431939
vt 0.513282 0.427408
vt 0.550977 0.421975
vt 0.529597 0.417787
vt 0.579448 0.420768
vt 0.558078 0.423166
vt 0.589577 0.420302
vt 0.486404 0.429952
vt 0.653179 0.451576
vt 0.651697 0.451480
vt 0.634679 0.439700
vt 0.647139 0.447243
vt 0.666829 0.458820
vt 0.633054 0.424982
vt 0.634159 0.416904
vt 0.626511 0.438137
vt 0.620127 0.433670
vt 0.653462 0.428626
vt 0.650038 0.424850
vt 0.660164 0.425683
vt 0.646025 0.434810
vt 0.634891 0.433969
vt 0.631931 0.439100
vt 0.634377 0.438796
vt 0.655540 0.449960
vt 0.641290 0.444834
vt 0.627040 0.439708
vt 0.671157 0.421368
vt 0.660164 0.422669
vt 0.647017 0.433404
vt 0.676825 0.430452
vt 0.667616 0.453592
vt 0.666578 0.457463
vt 0.674126 0.452088
vt 0.653545 0.443443
vt 0.646687 0.445887
vt 0.620133 0.431337
vt 0.620913 0.428892
vt 0.608024 0.429230
vt 0.602278 0.423464
vt 0.630163 0.429930
vt 0.623069 0.427121
vt 0.657129 0.435488
vt 0.650739 0.435519
vt 0.499128 0.359708
vt 0.497344 0.359304
vt 0.509404 0.362311
vt 0.623863 0.436140
vt 0.625576 0.434897
vt 0.481864 0.366639
vt 0.471449 0.369699
vt 0.513430 0.375426
vt 0.521322 0.385801
vt 0.633893 0.434734
vt 0.480659 0.366036
vt 0.420006 0.355524
vt 0.511923 0.374673
vt 0.629158 0.432341
vt 0.615172 0.427151
vt 0.626343 0.432891
vt 0.598420 0.423472
vt 0.619128 0.431337
vt 0.606517 0.429230
vt 0.644349 0.435549
vt 0.585995 0.418753
vt 0.623059 0.436743
vt 0.624571 0.436253
vt 0.641591 0.445738
vt 0.633089 0.437748
vt 0.653545 0.447211
vt 0.572062 0.662189
vt 0.577761 0.676099
vt 0.589005 0.682656
vt 0.574625 0.658350
vt 0.562135 0.656336
vt 0.581674 0.662450
vt 0.584147 0.667757
vt 0.577369 0.670445
vt 0.582926 0.647843
vt 0.588374 0.644439
vt 0.546084 0.661618
vt 0.554370 0.667511
vt 0.539195 0.666851
vt 0.544944 0.646797
vt 0.537524 0.650814
vt 0.527265 0.659608
vt 0.542960 0.655497
vt 0.542991 0.636985
vt 0.907111 0.689395
vt 0.901328 0.684622
vt 0.915467 0.681936
vt 0.889992 0.675803
vt 0.894166 0.689187
vt 0.898332 0.672958
vt 0.876872 0.670225
vt 0.857201 0.666427
vt 0.844839 0.675593
vt 0.861216 0.671066
vt 0.865545 0.688259
vt 0.870328 0.701129
vt 0.855847 0.680254
vt 0.851957 0.646220
vt 0.871716 0.682243
vt 0.589265 0.740103
vt 0.587186 0.739468
vt 0.587093 0.734298
vt 0.589092 0.751791
vt 0.595783 0.754397
vt 0.586278 0.753332
vt 0.585789 0.747566
vt 0.569776 0.755191
vt 0.576498 0.756271
vt 0.566767 0.759687
vt 0.557575 0.754924
vt 0.566107 0.749423
vt 0.874068 0.750684
vt 0.870279 0.756389
vt 0.870605 0.746388
vt 0.881385 0.752416
vt 0.879120 0.761520
vt 0.872265 0.770530
vt 0.865997 0.775402
vt 0.869303 0.765955
vt 0.879831 0.771082
vt 0.852767 0.763284
vt 0.847114 0.766718
vt 0.849891 0.759866
vt 0.859629 0.762688
vt 0.888883 0.774286
vt 0.891813 0.769422
vt 0.549170 0.768836
vt 0.546951 0.763694
vt 0.556664 0.765188
vt 0.889985 0.760580
vt 0.894342 0.760008
vt 0.541310 0.750431
vt 0.543533 0.737391
vt 0.544742 0.753579
vt 0.534245 0.760348
vt 0.734670 0.765274
vt 0.722582 0.761509
vt 0.757464 0.750175
vt 0.758788 0.761509
vt 0.759554 0.772956
vt 0.729136 0.772906
vt 0.685847 0.772956
vt 0.709434 0.774233
vt 0.720345 0.777951
vt 0.686861 0.789936
vt 0.687559 0.777951
vt 0.688765 0.766515
vt 0.715694 0.766609
vt 0.752140 0.766515
vt 0.857344 0.387807
vt 0.841742 0.384662
vt 0.867633 0.382355
vt 0.882109 0.390021
vt 0.861688 0.395492
vt 0.834830 0.396889
vt 0.685593 0.873321
vt 0.696158 0.871480
vt 0.681394 0.884155
vt 0.879509 0.776532
vt 0.869085 0.783463
vt 0.886509 0.784540
vt 0.556268 0.770935
vt 0.549271 0.779434
vt 0.566414 0.778458
vt 0.556276 0.748736
vt 0.901222 0.777375
vt 0.899961 0.792186
vt 0.905228 0.766320
vt 0.896588 0.779109
vt 0.893353 0.799438
vt 0.558837 0.363914
vt 0.534183 0.349774
vt 0.558930 0.373422
vt 0.585886 0.365420
vt 0.561524 0.344558
vt 0.550799 0.817584
vt 0.546419 0.813650
vt 0.554997 0.827828
vt 0.550363 0.804497
vt 0.544394 0.794905
vt 0.546361 0.785485
vt 0.540872 0.773527
vt 0.537706 0.771945
vt 0.539544 0.787571
vt 0.542144 0.804043
vt 0.889935 0.790279
vt 0.885852 0.808316
vt 0.885655 0.821445
vt 0.880963 0.831361
vt 0.891238 0.818067
vt 0.896942 0.808541
vt 0.603810 0.365922
vt 0.594956 0.355109
vt 0.586834 0.343691
vt 0.566420 0.331503
vt 0.548872 0.317169
vt 0.536950 0.319703
vt 0.523634 0.330385
vt 0.566498 0.331529
vt 0.586897 0.343712
vt 0.603872 0.365943
vt 0.585964 0.365447
vt 0.558899 0.363935
vt 0.583616 0.847385
vt 0.570299 0.838501
vt 0.561421 0.836113
vt 0.563354 0.844265
vt 0.567397 0.852386
vt 0.869024 0.854285
vt 0.873748 0.855128
vt 0.873047 0.847207
vt 0.874443 0.839150
vt 0.865136 0.840708
vt 0.851917 0.849028
vt 0.848286 0.840761
vt 0.697635 0.686881
vt 0.685953 0.687177
vt 0.689722 0.688210
vt 0.704411 0.687177
vt 0.681185 0.700795
vt 0.664201 0.701464
vt 0.669935 0.703626
vt 0.693238 0.701464
vt 0.682957 0.699447
vt 0.659246 0.699442
vt 0.708365 0.689041
vt 0.706181 0.688163
vt 0.704467 0.689528
vt 0.703435 0.705222
vt 0.699531 0.703574
vt 0.694962 0.706098
vt 0.711953 0.692433
vt 0.707324 0.691105
vt 0.693634 0.691164
vt 0.706775 0.693156
vt 0.703247 0.696702
vt 0.698800 0.695307
vt 0.674709 0.695299
vt 0.693490 0.697390
vt 0.698825 0.710767
vt 0.690352 0.708797
vt 0.661888 0.708834
vt 0.689091 0.711788
vt 0.467391 0.284062
vt 0.445612 0.281451
vt 0.485576 0.271968
vt 0.459469 0.255191
vt 0.422444 0.229974
vt 0.406685 0.227605
vt 0.430756 0.246495
vt 0.432145 0.214002
vt 0.408855 0.202325
vt 0.500998 0.260648
vt 0.493177 0.247794
vt 0.863568 0.818146
vt 0.871101 0.817403
vt 0.877495 0.823565
vt 0.877086 0.836198
vt 0.872300 0.847172
vt 0.286903 0.248059
vt 0.290902 0.261872
vt 0.299857 0.250255
vt 0.270931 0.230617
vt 0.262958 0.240802
vt 0.545062 0.390072
vt 0.568054 0.405753
vt 0.631457 0.407394
vt 0.264760 0.426056
vt 0.262477 0.485809
vt 0.259115 0.516121
vt 0.258542 0.550114
vt 0.258109 0.564180
vt 0.257799 0.626301
vt 0.257988 0.628560
vt 0.384570 0.276747
vt 0.486956 0.271581
vt 0.429524 0.275915
vt 0.823968 0.317069
vt 0.827672 0.304386
vt 0.727615 0.438049
vt 0.812205 0.408317
vt 0.876437 0.399724
vt 0.897528 0.401284
vt 0.896243 0.394375
vt 0.865249 0.395489
vt 0.769144 0.336062
vt 0.763167 0.345202
vt 0.841667 0.351378
vt 0.881687 0.303751
vt 0.761766 0.399588
vt 0.762281 0.872448
vt 0.750577 0.871645
vt 0.845049 0.819534
vt 0.852592 0.796728
vt 0.345141 0.178572
vt 0.330899 0.166483
vt 0.832296 0.380937
vt 0.842453 0.383584
vt 0.395438 0.221596
vt 0.391637 0.201435
vt 0.767358 0.911041
vt 0.770766 0.919670
vt 0.755137 0.902304
vt 0.778794 0.850389
vt 0.774654 0.837207
vt 0.779469 0.844912
vt 0.783272 0.860833
vt 0.878601 0.343991
vt 0.889038 0.343549
vt 0.890150 0.332014
vt 0.873938 0.338445
vt 0.757162 0.344874
vt 0.749992 0.329167
vt 0.667794 0.384827
vt 0.672237 0.373438
vt 0.280341 0.426056
vt 0.279963 0.410491
vt 0.282625 0.485809
vt 0.282472 0.467722
vt 0.280460 0.516121
vt 0.281288 0.589949
vt 0.281161 0.570957
vt 0.281033 0.550114
vt 0.365629 0.186867
vt 0.341839 0.153670
vt 0.599638 0.763674
vt 0.589288 0.761244
vt 0.610857 0.762339
vt 0.580726 0.773764
vt 0.569748 0.769844
vt 0.823968 0.316755
vt 0.667817 0.456606
vt 0.812519 0.408568
vt 0.831995 0.411878
vt 0.852926 0.408330
vt 0.865720 0.395489
vt 0.755710 0.318555
vt 0.826397 0.362567
vt 0.830410 0.372428
vt 0.813739 0.361045
vt 0.878921 0.323576
vt 0.881245 0.335135
vt 0.800014 0.364475
vt 0.585121 0.799205
vt 0.597103 0.802536
vt 0.832610 0.380937
vt 0.842924 0.383584
vt 0.672988 0.914340
vt 0.658218 0.927796
vt 0.659165 0.915834
vt 0.677261 0.903808
vt 0.670719 0.852273
vt 0.666085 0.863658
vt 0.669416 0.846796
vt 0.674702 0.838149
vt 0.873780 0.374506
vt 0.887458 0.376137
vt 0.889810 0.357910
vt 0.868117 0.364577
vt 0.877808 0.344721
vt 0.871334 0.337726
vt 0.888264 0.332610
vt 0.889510 0.345660
vt 0.711747 0.733850
vt 0.727910 0.740670
vt 0.681258 0.740670
vt 0.680339 0.730441
vt 0.686954 0.716149
vt 0.701719 0.716797
vt 0.685797 0.714666
vt 0.662275 0.714572
vt 0.671393 0.716797
vt 0.718077 0.717446
vt 0.350226 0.676991
vt 0.356134 0.680635
vt 0.331566 0.679707
vt 0.330811 0.674678
vt 0.727789 0.687474
vt 0.718868 0.687326
vt 0.266124 0.583380
vt 0.257421 0.621781
vt 0.269788 0.621781
vt 0.705011 0.873157
vt 0.727289 0.724750
vt 0.742881 0.724126
vt 0.265869 0.556683
vt 0.731744 0.702133
vt 0.716859 0.701799
vt 0.612135 0.798777
vt 0.619699 0.819172
vt 0.624707 0.766691
vt 0.728127 0.680990
vt 0.720833 0.681463
vt 0.751283 0.681676
vt 0.749303 0.680967
vt 0.752677 0.951976
vt 0.740137 0.955057
vt 0.754053 0.943653
vt 0.774814 0.949696
vt 0.766559 0.960519
vt 0.751968 0.969885
vt 0.724286 0.960511
vt 0.723972 0.973321
vt 0.274542 0.402688
vt 0.274542 0.416617
vt 0.786788 0.284874
vt 0.293769 0.724527
vt 0.269788 0.709016
vt 0.322289 0.731694
vt 0.681259 0.940187
vt 0.659431 0.942834
vt 0.733913 0.690014
vt 0.741831 0.689528
vt 0.312092 0.151387
vt 0.714237 0.679816
vt 0.697242 0.679276
vt 0.704543 0.899976
vt 0.212938 0.197602
vt 0.212103 0.196686
vt 0.725645 0.727495
vt 0.718807 0.728420
vt 0.735234 0.728774
vt 0.737276 0.727209
vt 0.269091 0.478784
vt 0.667845 0.767909
vt 0.751970 0.706973
vt 0.768917 0.706098
vt 0.330329 0.154139
vt 0.345717 0.157156
vt 0.719051 0.682787
vt 0.733536 0.683662
vt 0.743714 0.684537
vt 0.755072 0.683662
vt 0.759930 0.466057
vt 0.275501 0.480674
vt 0.723902 0.835995
vt 0.705890 0.839494
vt 0.724914 0.829502
vt 0.697789 0.843499
vt 0.684904 0.721132
vt 0.681770 0.720217
vt 0.679772 0.721691
vt 0.685472 0.722326
vt 0.730000 0.721437
vt 0.745081 0.720891
vt 0.751493 0.720778
vt 0.751047 0.721795
vt 0.755651 0.720983
vt 0.754018 0.719863
vt 0.280525 0.657297
vt 0.269788 0.631036
vt 0.741709 0.693879
vt 0.752429 0.693156
vt 0.337494 0.215651
vt 0.689594 0.924592
vt 0.712621 0.808577
vt 0.727086 0.814400
vt 0.675652 0.814400
vt 0.679672 0.805666
vt 0.275399 0.434950
vt 0.851741 0.781205
vt 0.840308 0.760780
vt 0.860289 0.777021
vt 0.546267 0.390675
vt 0.562523 0.743275
vt 0.555725 0.745163
vt 0.854847 0.778966
vt 0.855181 0.782736
vt 0.838106 0.767395
vt 0.859953 0.787154
vt 0.583613 0.736124
vt 0.581362 0.750716
vt 0.588244 0.728442
vt 0.891582 0.731801
vt 0.883197 0.734082
vt 0.894821 0.727137
vt 0.892582 0.728360
vt 0.585870 0.727587
vt 0.562832 0.726146
vt 0.575375 0.771630
vt 0.583743 0.776191
vt 0.847294 0.747504
vt 0.849653 0.742108
vt 0.863964 0.704915
vt 0.861475 0.716986
vt 0.580839 0.688866
vt 0.587317 0.698445
vt 0.894525 0.720266
vt 0.886391 0.716817
vt 0.898622 0.701632
vt 0.860967 0.730318
vt 0.542587 0.726999
vt 0.559692 0.730985
vt 0.874279 0.734708
vt 0.869456 0.737556
vt 0.851086 0.735860
vt 0.581400 0.624690
vt 0.575924 0.639620
vt 0.593079 0.620422
vt 0.869369 0.625532
vt 0.859557 0.633010
vt 0.845077 0.609873
vt 0.865164 0.606470
vt 0.895001 0.624567
vt 0.895500 0.611792
vt 0.885597 0.603554
vt 0.587519 0.630890
vt 0.573211 0.636395
vt 0.568305 0.650807
vt 0.537012 0.693336
vt 0.536156 0.683840
vt 0.558449 0.692833
vt 0.875282 0.711790
vt 0.848068 0.705813
vt 0.846459 0.696131
vt 0.585714 0.695403
vt 0.586193 0.685351
vt 0.560742 0.701568
vt 0.564983 0.690624
vt 0.869867 0.591953
vt 0.856793 0.597821
vt 0.585204 0.575462
vt 0.868288 0.599419
vt 0.874995 0.609717
vt 0.902052 0.593469
vt 0.867188 0.616724
vt 0.859818 0.601039
vt 0.543222 0.634137
vt 0.547591 0.622413
vt 0.856252 0.641704
vt 0.866238 0.660440
vt 0.849560 0.641161
vt 0.851476 0.657543
vt 0.843944 0.606763
vt 0.580800 0.539301
vt 0.569697 0.533932
vt 0.875670 0.567189
vt 0.911101 0.557058
vt 0.587469 0.554706
vt 0.545555 0.591735
vt 0.540652 0.594656
vt 0.542882 0.603006
vt 0.835481 0.574080
vt 0.588265 0.593683
vt 0.593719 0.601466
vt 0.583410 0.525880
vt 0.841720 0.516922
vt 0.833954 0.517586
vt 0.522784 0.530590
vt 0.524432 0.525673
vt 0.538102 0.532007
vt 0.540908 0.539945
vt 0.875467 0.554581
vt 0.537725 0.553142
vt 0.527560 0.566756
vt 0.837638 0.535581
vt 0.567237 0.511835
vt 0.909609 0.527949
vt 0.903741 0.521789
vt 0.876884 0.524979
vt 0.883155 0.520832
vt 0.546929 0.515106
vt 0.552502 0.517199
vt 0.908746 0.524651
vt 0.908370 0.528444
vt 0.905367 0.531622
vt 0.529579 0.537781
vt 0.836950 0.520081
vt 0.865103 0.512127
vt 0.523131 0.528153
vt 0.521113 0.537518
vt 0.590838 0.514757
vt 0.588041 0.518686
vt 0.572325 0.530321
vt 0.889637 0.533816
vt 0.878151 0.530535
vt 0.567536 0.534703
vt 0.882520 0.541397
vt 0.569216 0.536256
vt 0.585221 0.538790
vt 0.866859 0.527090
vt 0.585406 0.522551
vt 0.550042 0.522199
vt 0.848395 0.531715
vt 0.886209 0.536223
vt 0.752478 0.698079
vt 0.771139 0.697390
vt 0.890652 0.518700
vt 0.210323 0.678442
vt 0.220085 0.678124
vt 0.228295 0.668823
vt 0.361054 0.685807
vt 0.379481 0.689649
vt 0.295435 0.662241
vt 0.292152 0.638452
vt 0.302150 0.655123
vt 0.302075 0.682471
vt 0.244141 0.662241
vt 0.237500 0.682471
vt 0.237425 0.655123
vt 0.247423 0.638452
vt 0.173955 0.675144
vt 0.157501 0.677100
vt 0.160527 0.672161
vt 0.179896 0.671739
vt 0.357499 0.170106
vt 0.346062 0.178008
vt 0.331838 0.167446
vt 0.356750 0.608976
vt 0.343493 0.622410
vt 0.268669 0.143602
vt 0.178996 0.667998
vt 0.165062 0.666381
vt 0.320483 0.157582
vt 0.320699 0.158746
vt 0.286584 0.176040
vt 0.353167 0.663894
vt 0.342783 0.665752
vt 0.286120 0.176349
vt 0.181184 0.577789
vt 0.169054 0.574410
vt 0.211109 0.106004
vt 0.267914 0.143555
vt 0.275503 0.135897
vt 0.253885 0.123078
vt 0.231055 0.137138
vt 0.229951 0.137466
vt 0.175838 0.634186
vt 0.165687 0.621143
vt 0.221147 0.082375
vt 0.232224 0.089419
vt 0.227378 0.081917
vt 0.228867 0.105825
vt 0.351194 0.572812
vt 0.343191 0.575862
vt 0.344943 0.564743
vt 0.354001 0.565361
vt 0.223609 0.104423
vt 0.238935 0.100147
vt 0.229695 0.099964
vt 0.204944 0.105438
vt 0.253527 0.040474
vt 0.355868 0.518696
vt 0.344670 0.512636
vt 0.202572 0.081168
vt 0.212171 0.067226
vt 0.204004 0.083559
vt 0.214365 0.069889
vt 0.183974 0.542624
vt 0.171553 0.548764
vt 0.215669 0.092794
vt 0.350069 0.554743
vt 0.341504 0.548759
vt 0.214018 0.093684
vt 0.280382 0.026758
vt 0.284663 0.024742
vt 0.262654 0.010557
vt 0.244573 0.065894
vt 0.255942 0.046794
vt 0.224794 0.049527
vt 0.226267 0.051549
vt 0.172697 0.507069
vt 0.163839 0.513140
vt 0.161657 0.495463
vt 0.176035 0.495196
vt 0.249197 0.040481
vt 0.303802 0.019536
vt 0.314532 0.023754
vt 0.272493 0.009949
vt 0.281125 0.025535
vt 0.285308 0.024744
vt 0.270152 0.017121
vt 0.269670 0.018097
vt 0.311595 0.027154
vt 0.322045 0.014032
vt 0.317748 0.020403
vt 0.315129 0.023589
vt 0.304594 0.018889
vt 0.324538 0.013225
vt 0.296598 0.011541
vt 0.290998 0.026541
vt 0.310035 0.011621
vt 0.291782 0.026730
vt 0.740259 0.873541
vt 0.764173 0.939559
vt 0.783803 0.941892
vt 0.744273 0.900651
vt 0.759920 0.923964
vt 0.780065 0.748587
vt 0.775647 0.737948
vt 0.657481 0.751470
vt 0.663121 0.740671
vt 0.779194 0.766270
vt 0.793330 0.744500
vt 0.791069 0.731230
vt 0.653209 0.759177
vt 0.757015 0.712809
vt 0.776484 0.711788
vt 0.769107 0.301358
vt 0.783389 0.257179
vt 0.781982 0.296271
vt 0.797904 0.242952
vt 0.780011 0.284225
vt 0.767788 0.301358
vt 0.784643 0.257511
vt 0.791537 0.240837
vt 0.791664 0.241609
vt 0.788702 0.274123
vt 0.795477 0.257428
vt 0.620443 0.419717
vt 0.600288 0.425124
vt 0.612403 0.418496
vt 0.632132 0.439703
vt 0.656143 0.451768
vt 0.671157 0.423779
vt 0.652978 0.450973
vt 0.653462 0.426214
vt 0.681580 0.443942
vt 0.540185 0.369120
vt 0.622249 0.386946
vt 0.538979 0.368518
vt 0.578139 0.654355
vt 0.588187 0.664919
vt 0.586294 0.673052
vt 0.568897 0.678188
vt 0.563757 0.672123
vt 0.561948 0.665063
vt 0.534105 0.670878
vt 0.550550 0.660221
vt 0.893996 0.678187
vt 0.884237 0.680562
vt 0.904287 0.670655
vt 0.864647 0.674968
vt 0.874775 0.676093
vt 0.846589 0.683780
vt 0.849218 0.678160
vt 0.851608 0.672292
vt 0.583797 0.741087
vt 0.583305 0.756970
vt 0.563671 0.764565
vt 0.866065 0.742293
vt 0.866416 0.761737
vt 0.847111 0.758405
vt 0.897342 0.757187
vt 0.548519 0.754134
vt 0.710730 0.734947
vt 0.719524 0.738764
vt 0.687936 0.750175
vt 0.691553 0.738764
vt 0.696317 0.727314
vt 0.722700 0.727314
vt 0.743678 0.730177
vt 0.731495 0.742580
vt 0.753847 0.738764
vt 0.721877 0.750188
vt 0.736475 0.780739
vt 0.761495 0.784705
vt 0.753061 0.793631
vt 0.724387 0.784705
vt 0.710612 0.757744
vt 0.686612 0.761509
vt 0.710612 0.788672
vt 0.722700 0.796606
vt 0.681375 0.796606
vt 0.683905 0.784705
vt 0.731363 0.750426
vt 0.720453 0.742241
vt 0.744501 0.742241
vt 0.748843 0.754519
vt 0.723347 0.754519
vt 0.701331 0.745311
vt 0.731471 0.808408
vt 0.718915 0.803582
vt 0.754044 0.789936
vt 0.755814 0.803582
vt 0.758120 0.818059
vt 0.720453 0.818059
vt 0.692779 0.814440
vt 0.731363 0.781669
vt 0.720041 0.789659
vt 0.753347 0.777951
vt 0.707897 0.798757
vt 0.685091 0.803582
vt 0.712437 0.758611
vt 0.692062 0.754519
vt 0.875986 0.375080
vt 0.889652 0.376402
vt 0.674702 0.895353
vt 0.660789 0.899316
vt 0.709339 0.687474
vt 0.702461 0.702133
vt 0.701754 0.690014
vt 0.693592 0.689528
vt 0.684184 0.706973
vt 0.667237 0.706098
vt 0.697367 0.693879
vt 0.685916 0.693156
vt 0.681241 0.698079
vt 0.664284 0.697390
vt 0.679139 0.712810
vt 0.659670 0.711788
vt 0.430156 0.259361
vt 0.314773 0.249585
vn 0.839400 0.537400 -0.080700
vn 0.807700 0.587700 0.046700
vn 0.067100 0.851200 -0.520500
vn 0.781100 0.589400 -0.205800
vn 0.706600 0.619600 -0.341800
vn 0.859600 0.384000 -0.337000
vn 0.915000 0.249500 -0.317000
vn 0.968600 0.161200 0.189100
vn 0.723600 0.629300 0.283400
vn 0.828400 0.536100 0.162500
vn 0.986400 -0.077800 0.144300
vn 0.798200 -0.558600 -0.225600
vn 0.983900 0.160400 -0.079100
vn 0.577700 0.763700 0.287900
vn 0.990400 -0.074000 0.116400
vn 0.798500 0.579800 -0.161500
vn 0.844100 0.455400 -0.283000
vn 0.983600 -0.133300 0.121600
vn 0.596200 -0.794700 0.113400
vn 0.977800 -0.168200 0.125300
vn 0.994400 0.085500 -0.061300
vn 0.772900 0.425900 -0.470300
vn 0.624300 0.479700 -0.616600
vn 0.997500 0.002700 -0.070900
vn 0.622700 -0.680700 0.385800
vn 0.985000 -0.110800 0.132100
vn 0.188600 0.980200 0.060200
vn 0.367400 0.928100 0.059600
vn 0.297900 0.895200 -0.331300
vn 0.089500 0.992200 -0.086100
vn -0.000200 0.993400 -0.114500
vn 0.199600 0.979600 -0.023000
vn 0.556300 0.773200 0.304400
vn 0.178600 0.968100 -0.175600
vn 0.000400 0.981400 -0.192000
vn 0.000000 0.982700 -0.185000
vn 0.300100 0.953900 -0.003400
vn -0.617800 0.576500 -0.534700
vn -0.030100 0.749900 -0.660800
vn -0.021200 0.925000 -0.379300
vn -0.692300 0.529400 -0.490200
vn -0.841500 0.209100 -0.498100
vn -0.651600 0.503300 -0.567500
vn -0.036700 0.700300 -0.712900
vn -0.415700 0.880400 -0.228000
vn -0.443300 0.896000 -0.023300
vn -0.867900 0.467500 0.167800
vn -0.594500 0.804100 -0.004600
vn -0.002300 0.960700 -0.277600
vn 0.704900 -0.708800 0.025600
vn -0.217200 -0.391900 0.893900
vn -0.019500 0.096900 0.995100
vn 0.890000 -0.447600 0.087200
vn 0.464100 -0.163800 -0.870500
vn 0.043800 -0.968900 0.243600
vn -0.223000 -0.696300 0.682200
vn 0.711100 -0.305300 -0.633300
vn 0.929200 -0.045600 -0.366600
vn 0.847500 0.485800 -0.213900
vn 0.702100 -0.225700 -0.675300
vn -0.039400 -0.267600 -0.962700
vn 0.538700 -0.528900 -0.655800
vn 0.889300 -0.261100 -0.375300
vn 0.625600 0.650400 0.430800
vn 0.660100 0.750900 -0.018500
vn 0.537000 0.842000 -0.051000
vn 0.694700 0.646400 0.315400
vn 0.911900 0.377100 0.161700
vn 0.863600 0.390100 0.319300
vn 0.759500 0.623600 0.185200
vn 0.886200 0.398200 0.236800
vn 0.958400 0.261400 0.114400
vn 0.585200 -0.808300 0.064900
vn 0.945000 0.133400 0.298500
vn 0.901700 -0.197000 0.384800
vn 0.467800 0.875900 0.118100
vn 0.375200 0.923900 0.074600
vn 0.709300 0.631700 -0.312800
vn 0.439600 0.894300 -0.082600
vn 0.661800 0.636600 -0.395900
vn 0.660500 0.674200 -0.330400
vn 0.746400 0.660900 -0.077300
vn 0.088700 0.996000 -0.001900
vn 0.765800 0.601700 0.226900
vn 0.590600 0.728300 0.347400
vn 0.609100 0.730900 0.307700
vn 0.771800 0.607700 0.187200
vn 0.769800 0.598500 0.221700
vn 0.426600 0.863500 0.268800
vn 0.712200 0.672600 0.200700
vn 0.522900 0.791100 0.317100
vn 0.591500 0.633200 0.499200
vn 0.825200 0.506900 0.249100
vn 0.963500 0.194800 0.183800
vn 0.736700 0.657100 0.159200
vn 0.922000 -0.039700 0.385200
vn 0.932700 -0.031400 0.359100
vn 0.807400 -0.455200 0.375300
vn 0.993100 -0.082300 0.083700
vn 0.978200 -0.202600 0.045600
vn 0.930400 -0.247100 0.270700
vn 0.756100 -0.638400 0.144000
vn 0.771100 -0.619300 0.147800
vn 0.772500 -0.619100 0.141200
vn 0.666600 -0.717600 0.201700
vn 0.785000 -0.605900 0.129200
vn 0.853500 -0.521000 -0.006500
vn 0.944700 0.303300 0.124300
vn 0.508700 0.840300 0.187000
vn 0.670100 0.640000 0.376000
vn 0.938300 -0.169500 0.301500
vn 0.854800 -0.518200 0.027800
vn 0.908700 -0.405800 -0.097400
vn 0.737800 -0.011900 0.674900
vn 0.716200 -0.064800 0.694800
vn 0.382400 -0.125900 0.915300
vn 0.705800 0.053800 0.706300
vn 0.905500 -0.256300 0.338100
vn 0.887500 -0.145600 0.437100
vn 0.896600 -0.181200 0.404000
vn 0.881700 0.145600 0.448700
vn 0.901400 0.279900 0.330300
vn 0.973500 0.086600 0.211400
vn 0.880200 0.086400 0.466700
vn 0.793800 0.553800 0.251200
vn -0.227100 -0.501100 -0.835000
vn 0.626800 -0.668000 -0.401200
vn 0.819600 0.418600 -0.391100
vn -0.174700 -0.416600 -0.892100
vn -0.693500 -0.519500 -0.499100
vn -0.348200 -0.791300 -0.502500
vn 0.132000 -0.914500 0.382500
vn 0.671900 -0.723000 0.160300
vn 0.075000 -0.979200 0.188500
vn -0.388700 -0.531500 0.752600
vn 0.906700 -0.405700 0.114800
vn 0.951300 -0.182300 -0.248400
vn 0.421100 -0.891200 -0.168600
vn -0.099200 -0.977400 -0.186700
vn -0.944000 -0.314400 -0.099900
vn -0.958400 0.074100 -0.275600
vn -0.958100 -0.276700 0.073500
vn -0.690200 -0.720900 0.062100
vn -0.630700 -0.774600 0.047000
vn -0.908500 -0.361900 -0.208900
vn 0.875500 -0.337700 -0.345700
vn 0.906200 -0.364800 -0.213800
vn 0.814800 0.248800 -0.523600
vn 0.840600 0.102500 -0.531800
vn 0.964800 0.069800 -0.253700
vn 0.872000 -0.450700 -0.190800
vn 0.693900 -0.719700 0.019800
vn 0.997200 -0.055400 -0.050000
vn 0.902200 0.428900 0.044700
vn 0.970100 -0.230000 0.077200
vn 0.990300 -0.076500 -0.115800
vn 0.961300 0.109800 0.252700
vn 0.774400 0.585200 0.240500
vn 0.869800 0.473800 0.137400
vn 0.960600 -0.083300 0.265200
vn 0.442300 -0.483900 0.755100
vn 0.792300 0.154400 0.590200
vn -0.976300 -0.183700 0.114200
vn -0.935500 0.327400 0.132400
vn -0.964300 -0.199400 0.174100
vn -0.624900 -0.735100 0.262900
vn -0.755700 -0.566100 0.329200
vn 0.749500 0.033400 0.661100
vn 0.842900 0.145200 0.518000
vn 0.741500 -0.008900 0.670800
vn 0.733000 -0.283500 0.618300
vn 0.497900 -0.430400 0.752900
vn 0.344100 -0.883700 0.317200
vn 0.795900 -0.465700 0.386800
vn 0.730500 -0.007600 0.682900
vn 0.292400 0.132700 0.947000
vn 0.683500 -0.723800 -0.094300
vn 0.873600 -0.483300 0.056700
vn 0.745800 -0.637600 -0.193100
vn 0.209300 -0.943000 -0.258800
vn 0.609100 -0.793100 0.009900
vn 0.844900 0.017000 0.534600
vn 0.891500 -0.086900 0.444600
vn 0.366200 0.471600 0.802100
vn -0.646500 0.469200 -0.601600
vn -0.584100 0.573800 -0.574100
vn -0.651300 0.439100 -0.618900
vn -0.605300 0.595200 -0.528400
vn 0.702000 0.655500 -0.278200
vn 0.721600 0.621400 -0.305200
vn 0.721200 0.654700 -0.226200
vn 0.684700 0.675400 -0.274100
vn 0.529100 -0.683100 -0.503300
vn 0.890100 0.160000 -0.426700
vn -0.416900 0.822700 -0.386300
vn 0.433300 -0.779100 -0.453000
vn -0.461900 -0.683100 -0.565700
vn 0.484900 -0.725600 -0.488100
vn 0.992300 0.116800 -0.040400
vn 0.722300 0.659200 -0.208900
vn 0.704100 0.674500 -0.222000
vn 0.823300 0.561800 -0.080000
vn 0.457100 -0.271600 -0.846900
vn 0.951100 -0.277300 0.136200
vn 0.870100 -0.452700 0.195000
vn 0.986200 -0.036600 0.161400
vn 0.988600 -0.144600 -0.040500
vn 0.769400 -0.638600 0.013500
vn 0.366400 -0.871400 -0.326100
vn 0.583300 -0.809400 0.067700
vn 0.261600 -0.963300 -0.060000
vn 0.605500 -0.779400 0.160700
vn 0.180500 -0.955000 0.235500
vn -0.958900 0.184700 -0.215400
vn -0.849000 0.156600 -0.504700
vn -0.708100 -0.590400 -0.387200
vn -0.967800 0.088800 -0.235500
vn -0.589300 0.794200 -0.148100
vn -0.660600 0.750100 0.029900
vn -0.610400 0.762900 -0.213100
vn -0.952700 0.174100 -0.249000
vn -0.970600 0.021100 -0.239500
vn -0.756100 -0.654100 -0.020200
vn -0.967800 0.085900 -0.236500
vn -0.544800 0.612400 -0.572900
vn -0.543100 0.739900 -0.396900
vn -0.837700 0.166300 -0.520200
vn -0.896600 0.160600 -0.412500
vn -0.782400 -0.605100 0.147100
vn -0.807000 -0.013000 -0.590300
vn -0.343100 0.601700 -0.721300
vn -0.394400 0.571000 -0.720000
vn -0.382300 0.561500 -0.733800
vn 0.139700 -0.368600 0.919000
vn 0.730900 -0.282000 0.621400
vn 0.023500 -0.291300 0.956300
vn -0.567200 -0.631900 0.528200
vn 0.045400 -0.719200 0.693300
vn 0.749900 -0.493100 0.441100
vn -0.226500 -0.635200 0.738300
vn -0.207600 -0.640000 0.739800
vn -0.221000 -0.639900 0.736000
vn -0.242400 -0.641200 0.728000
vn -0.212100 -0.588200 0.780400
vn -0.179600 -0.769600 0.612800
vn -0.343100 -0.837900 0.424400
vn -0.002500 0.628100 0.778100
vn 0.325100 0.674300 0.662900
vn -0.052500 0.492900 0.868500
vn 0.401900 0.478000 0.781000
vn -0.764900 -0.527500 0.369800
vn -0.840800 -0.288600 0.458000
vn -0.596700 0.169600 0.784400
vn -0.346300 -0.370700 0.861800
vn -0.486300 -0.812000 0.322600
vn -0.754500 -0.503700 -0.420700
vn -0.604100 0.756800 0.249500
vn -0.349600 0.918900 0.182500
vn -0.336500 0.941600 0.012800
vn -0.576600 0.738600 0.349200
vn -0.800700 0.529900 0.279300
vn -0.634700 0.715000 0.293000
vn -0.330000 0.881300 0.338300
vn -0.827100 0.515500 0.224000
vn -0.373700 0.922200 0.098700
vn -0.920000 -0.004700 0.391700
vn -0.886700 0.351300 0.300700
vn -0.708900 -0.702600 0.061000
vn -0.897600 0.414000 0.151200
vn -0.238100 0.962100 0.133000
vn -0.672300 0.713900 0.196000
vn -0.592000 0.804200 -0.053000
vn -0.590500 0.762700 0.263900
vn -0.873600 0.475600 0.103400
vn -0.829000 0.559200 -0.009600
vn -0.627300 0.725500 0.282900
vn -0.637700 0.725600 0.258400
vn -0.483200 0.808700 0.335200
vn -0.452100 0.811600 0.370000
vn -0.752200 0.628300 0.198400
vn -0.435500 0.844100 0.312700
vn -0.697100 0.680900 0.224300
vn -0.914800 0.226800 0.334300
vn -0.811800 0.423400 0.402000
vn -0.472400 0.731400 0.491800
vn -0.823700 0.189600 0.534300
vn -0.903500 -0.121400 0.411000
vn -0.959100 -0.006200 0.282800
vn -0.941800 0.115200 0.315900
vn -0.880200 -0.149200 0.450500
vn -0.835300 0.259500 0.484700
vn -0.682100 -0.717400 0.141600
vn -0.751000 -0.660200 -0.000900
vn -0.854400 -0.501600 0.135400
vn -0.755800 -0.631100 0.174700
vn -0.317000 -0.947800 0.035500
vn -0.436400 -0.866500 -0.242400
vn -0.822400 -0.550200 0.144300
vn -0.917100 -0.354500 0.182000
vn -0.661500 0.640300 0.390300
vn -0.966000 -0.036800 0.255900
vn -0.385000 -0.829800 -0.403900
vn -0.519900 -0.813500 -0.260500
vn -0.997100 0.018700 0.073200
vn -0.977600 0.124300 0.169900
vn -0.951700 -0.299400 0.068500
vn -0.904000 -0.421900 0.068600
vn -0.995900 0.075200 0.050600
vn -0.897500 0.291400 0.331000
vn -0.904100 0.277800 0.324600
vn -0.646000 0.749500 0.144100
vn -0.896200 0.411800 0.164800
vn -0.724800 0.675900 -0.133100
vn -0.891200 0.283400 0.354000
vn -0.274600 -0.712300 0.645800
vn -0.235400 -0.722500 0.650000
vn -0.136100 -0.529600 0.837200
vn -0.641000 -0.241500 0.728500
vn -0.737200 -0.458400 0.496300
vn -0.664400 -0.349300 0.660700
vn -0.466500 -0.060500 -0.882400
vn -0.508400 0.335900 -0.792900
vn -0.338600 0.550100 -0.763400
vn -0.558000 -0.106700 -0.822900
vn -0.375600 -0.853200 -0.361800
vn -0.489600 -0.427400 -0.760000
vn -0.591900 0.171200 -0.787600
vn -0.523400 0.361400 0.771600
vn -0.797300 0.253200 0.547800
vn -0.264500 0.027300 0.964000
vn -0.473900 0.587200 0.656100
vn -0.676400 0.606400 0.418000
vn -0.891200 -0.329800 -0.311400
vn -0.865000 0.074000 -0.496300
vn -0.886700 -0.435300 -0.155600
vn -0.971200 0.065900 -0.228900
vn -0.991000 0.105000 0.083300
vn -0.980900 -0.054300 0.186600
vn -0.859200 0.411300 0.304100
vn -0.791200 0.584600 0.179700
vn -0.961400 0.105200 0.254300
vn -0.788900 0.147600 0.596500
vn -0.964100 -0.068900 0.256300
vn -0.781000 0.570100 0.254800
vn -0.556200 0.769400 0.314100
vn -0.926400 0.263700 0.268800
vn -0.840100 0.514800 0.171000
vn -0.810000 0.570100 -0.137200
vn -0.976500 0.066000 0.204800
vn -0.672000 0.093100 0.734600
vn -0.459700 0.593900 0.660200
vn -0.752500 0.115700 0.648300
vn -0.409600 -0.069400 0.909600
vn -0.386500 -0.066200 0.919900
vn -0.101300 0.506000 0.856500
vn -0.775800 -0.212000 0.594200
vn -0.733700 0.096900 0.672500
vn -0.937400 -0.124500 0.325100
vn -0.851500 -0.392900 0.347300
vn -0.409700 -0.886800 0.213500
vn -0.575400 -0.377000 0.725800
vn -0.284000 0.173800 0.942900
vn 0.848800 -0.490400 0.197800
vn 0.957100 -0.125900 0.261000
vn 0.876100 -0.443700 0.188700
vn 0.855800 -0.481700 0.188600
vn -0.806000 -0.584700 -0.091600
vn -0.839300 -0.514900 -0.174400
vn -0.934900 -0.352500 0.041200
vn -0.850100 0.306500 0.428200
vn -0.665800 0.576500 0.473700
vn -0.845200 0.116100 0.521600
vn -0.563200 0.624900 -0.540600
vn -0.592400 0.654500 -0.469700
vn -0.527600 0.482600 -0.699100
vn -0.520900 0.615900 -0.591000
vn -0.686700 0.472400 -0.552500
vn -0.621900 0.600100 -0.503100
vn -0.671500 0.615200 -0.412900
vn -0.058400 0.996600 -0.058000
vn -0.192100 0.949600 -0.247500
vn 0.049300 0.997500 0.051200
vn -0.528000 0.832900 0.165600
vn -0.503100 0.863900 -0.023700
vn -0.482500 0.706200 -0.518100
vn -0.697200 0.580100 -0.421100
vn -0.481100 0.682800 -0.549800
vn -0.064600 -0.063300 -0.995900
vn -0.971100 -0.171500 0.165600
vn -0.968200 0.105900 0.226400
vn -0.867700 -0.495900 0.033200
vn -0.998500 0.000600 -0.053700
vn -0.009700 0.315000 0.949000
vn -0.217200 0.161500 0.962600
vn -0.242300 0.900500 0.361100
vn 0.007900 0.503300 0.864000
vn -0.351200 -0.392500 0.850000
vn -0.022800 -0.283000 0.958800
vn 0.312300 -0.500100 0.807700
vn -0.714100 -0.691400 0.109700
vn -0.421300 -0.906500 0.026900
vn -0.296300 -0.853300 0.429000
vn -0.698800 -0.685000 0.206100
vn -0.659200 0.734100 0.163000
vn -0.560600 0.757800 0.333800
vn -0.569000 0.817400 -0.089400
vn 0.025500 -0.812700 -0.582100
vn -0.005600 -0.890800 -0.454300
vn 0.159800 -0.965000 -0.207900
vn 0.302200 -0.463100 -0.833100
vn -0.078100 -0.960800 -0.265900
vn -0.078300 -0.989500 0.121500
vn -0.287500 -0.668200 -0.686100
vn -0.756600 -0.452400 -0.472100
vn -0.756900 -0.329200 -0.564500
vn -0.134100 -0.770000 -0.623700
vn -0.255900 0.379600 -0.889000
vn -0.945800 -0.144400 -0.290800
vn -0.380300 -0.922300 0.069400
vn -0.308400 -0.944300 0.114500
vn 0.026600 -0.999000 0.035200
vn -0.335300 -0.942100 0.000000
vn -0.688600 -0.693000 0.213200
vn -0.091300 0.835400 -0.542000
vn -0.220900 0.872400 -0.436000
vn -0.270400 0.767200 -0.581600
vn -0.079400 0.709600 -0.700100
vn -0.219900 0.763000 -0.607800
vn -0.297600 -0.662900 0.687000
vn -0.279900 -0.762000 0.583800
vn 0.351500 -0.721100 0.597000
vn -0.197000 -0.645100 0.738300
vn -0.793000 -0.438200 0.423100
vn -0.776000 -0.533300 0.336600
vn 0.143100 0.532000 0.834500
vn 0.033400 0.556000 0.830500
vn 0.013300 0.286200 0.958100
vn 0.198600 0.432400 0.879500
vn -0.006800 0.091800 0.995700
vn -0.008800 -0.019100 0.999800
vn -0.006000 -0.865000 -0.501600
vn 0.221800 -0.904100 -0.365100
vn -0.042400 -0.818400 -0.573000
vn -0.065300 -0.972000 -0.225700
vn 0.116700 0.662900 -0.739600
vn 0.137200 0.636500 -0.759000
vn 0.208400 0.652500 -0.728500
vn -0.433500 0.580600 -0.689100
vn -0.380000 -0.892500 0.242700
vn -0.321700 -0.920900 0.220200
vn 0.031600 -0.975500 0.217900
vn -0.277400 -0.923300 0.265700
vn -0.746800 -0.626500 0.223200
vn -0.765800 -0.603700 0.221600
vn 0.619300 -0.387200 -0.683000
vn 0.362300 0.031100 -0.931500
vn 0.583800 -0.474200 -0.658900
vn 0.704200 -0.707800 -0.055300
vn 0.837200 -0.183600 -0.515200
vn 0.260700 0.328600 -0.907800
vn 0.044600 -0.983400 -0.175600
vn 0.163300 -0.950200 -0.265500
vn 0.082400 -0.986500 -0.141100
vn 0.044500 -0.958200 -0.282700
vn 0.005400 -0.997400 0.071300
vn 0.408200 -0.807800 -0.425100
vn -0.218800 0.848100 0.482400
vn -0.079500 0.876200 0.475300
vn -0.162900 0.872500 0.460600
vn 0.058800 0.873800 0.482700
vn 0.563200 0.575400 -0.593000
vn 0.273000 0.310700 -0.910400
vn 0.143300 0.989200 -0.031300
vn 0.094700 -0.946900 -0.307300
vn 0.668600 -0.740900 -0.063000
vn -0.053100 -0.960800 -0.272100
vn 0.013900 -0.767400 -0.640900
vn 0.611600 -0.741900 0.274800
vn 0.793100 -0.544700 0.272400
vn 0.276600 -0.811800 0.514200
vn 0.019300 -0.392800 0.919400
vn -0.111800 -0.831400 0.544400
vn 0.001200 -0.207100 0.978300
vn 0.587500 -0.495800 0.639500
vn 0.576300 -0.656100 0.487200
vn 0.044200 0.825400 -0.562700
vn 0.211500 0.769100 -0.603100
vn 0.331700 0.602000 -0.726300
vn 0.014700 0.821900 -0.569400
vn -0.281100 0.895700 -0.344300
vn 0.013500 0.920900 -0.389500
vn -0.053100 0.892300 0.448200
vn 0.060100 0.889000 0.453900
vn -0.092000 0.892100 0.442300
vn -0.081900 0.874300 0.478400
vn 0.054700 0.826600 0.560000
vn -0.246500 -0.843800 0.476600
vn 0.003800 -0.860400 0.509600
vn -0.002100 -0.900200 0.435400
vn -0.324200 -0.808400 0.491300
vn -0.314400 -0.912700 0.260900
vn 0.000900 -0.957700 0.287800
vn 0.074500 -0.959400 0.271800
vn -0.091600 -0.985200 0.144400
vn 0.776500 -0.619600 0.114000
vn 0.638000 -0.764300 0.093600
vn -0.137200 -0.915300 0.378700
vn -0.107900 -0.759100 0.642000
vn -0.049400 -0.937500 0.344500
vn -0.607900 -0.764400 -0.214800
vn 0.089100 -0.212300 0.973100
vn -0.020200 -0.181700 0.983100
vn -0.005600 0.025500 0.999600
vn 0.073200 -0.292500 0.953500
vn 0.178300 0.085000 0.980300
vn 0.216000 0.668100 -0.712000
vn 0.625200 0.527800 -0.574900
vn 0.137200 0.679400 -0.720800
vn 0.087700 0.754600 -0.650300
vn 0.405200 0.685300 -0.605100
vn 0.381900 0.876600 -0.292600
vn 0.499700 0.755500 -0.423700
vn 0.526000 0.806300 -0.270500
vn 0.451900 0.873400 -0.181500
vn 0.561700 0.765300 -0.314400
vn 0.001000 -0.982300 -0.187200
vn -0.077500 -0.986400 -0.144400
vn -0.059600 -0.871900 -0.485900
vn 0.121600 0.887900 -0.443600
vn 0.196000 0.786700 -0.585300
vn 0.178000 0.915700 -0.360100
vn 0.459300 -0.067800 0.885600
vn 0.326900 0.232600 0.916000
vn 0.329200 0.893900 0.304300
vn 0.586600 -0.062400 0.807400
vn -0.131700 -0.031400 0.990800
vn -0.296500 -0.272500 0.915300
vn -0.111500 -0.650400 0.751400
vn 0.028400 -0.678800 0.733800
vn -0.053300 -0.603400 0.795600
vn -0.196300 -0.619400 0.760100
vn -0.163000 -0.812200 0.560100
vn 0.059700 -0.802000 0.594300
vn 0.074400 -0.977000 0.199900
vn 0.661600 -0.729100 0.175100
vn 0.565100 -0.628400 0.534500
vn 0.090800 -0.984400 0.150700
vn -0.778000 -0.617500 0.115400
vn -0.050900 -0.935800 0.348700
vn 0.755200 -0.636200 0.157400
vn 0.390600 -0.909100 0.144600
vn -0.093000 -0.959800 0.264800
vn 0.382500 -0.918500 0.099500
vn 0.244700 -0.960300 0.133900
vn -0.035200 0.988900 0.144400
vn 0.052000 0.952600 0.299800
vn 0.081300 0.993400 0.080200
vn -0.056600 -0.946300 0.318200
vn 0.528200 -0.751900 0.394400
vn -0.177300 -0.902700 0.392000
vn -0.142400 -0.989500 0.025100
vn 0.188300 -0.456300 0.869700
vn 0.005200 0.091000 0.995800
vn 0.029800 -0.690500 0.722600
vn -0.075400 -0.997100 0.001500
vn -0.128900 -0.990400 0.050000
vn -0.037700 -0.999300 0.001100
vn -0.061600 -0.972900 -0.222600
vn -0.431700 -0.873900 -0.223300
vn 0.090400 0.772500 -0.628500
vn 0.468100 0.601200 -0.647600
vn 0.042700 0.783400 -0.620000
vn 0.038700 0.791900 -0.609400
vn -0.324500 -0.921500 0.213200
vn -0.001600 -0.974700 0.223500
vn 0.018700 -0.982700 0.184400
vn -0.325600 -0.934300 0.145200
vn -0.360700 -0.853200 0.376700
vn -0.817300 0.357400 -0.451900
vn -0.665500 -0.037800 -0.745400
vn -0.929700 0.287800 -0.230000
vn -0.802300 0.579300 0.143700
vn -0.754400 0.517600 -0.403700
vn 0.254900 0.547500 0.797000
vn 0.036300 0.594000 0.803600
vn 0.079600 0.727100 0.681900
vn 0.195800 0.238700 0.951100
vn 0.025600 -0.797400 0.602800
vn -0.054200 -0.700600 0.711400
vn -0.062700 -0.937000 0.343500
vn 0.186900 0.947900 0.257900
vn 0.064700 0.966500 0.248300
vn 0.206100 0.976600 -0.061100
vn -0.822800 0.523900 0.220300
vn -0.316800 0.869800 -0.378100
vn -0.555600 0.764200 0.327600
vn -0.675500 -0.668700 0.310600
vn -0.851600 -0.441000 0.283300
vn -0.330500 -0.739500 0.586300
vn -0.524100 0.814600 -0.248500
vn -0.419700 0.848000 -0.323700
vn -0.248900 0.967400 -0.045800
vn 0.086600 0.989400 0.116300
vn 0.106100 0.991400 0.076600
vn -0.460700 0.727600 0.508200
vn -0.714600 0.350200 -0.605500
vn -0.651300 0.333700 -0.681400
vn 0.364000 0.335700 -0.868800
vn -0.556600 0.391100 -0.732900
vn -0.782600 -0.015400 -0.622300
vn -0.860900 0.043800 -0.506900
vn -0.923800 -0.108600 -0.367000
vn -0.763600 0.622400 -0.171600
vn -0.789900 0.496600 -0.359700
vn -0.710400 0.635700 -0.301800
vn -0.712600 0.694100 -0.101400
vn -0.761900 0.451900 -0.464000
vn -0.118500 -0.752600 0.647800
vn 0.111600 -0.747900 0.654300
vn -0.044800 -0.673800 0.737500
vn -0.247800 -0.695400 0.674500
vn -0.569500 -0.357200 0.740300
vn 0.025900 -0.585300 0.810400
vn 0.352500 -0.627100 0.694600
vn -0.242400 -0.722400 0.647500
vn -0.150700 -0.754000 0.639400
vn -0.304500 -0.814100 0.494400
vn -0.394300 -0.603200 0.693300
vn -0.275900 -0.716100 0.641200
vn -0.595000 -0.145800 0.790400
vn -0.411500 -0.559200 0.719700
vn 0.130700 -0.367000 0.921000
vn -0.397700 0.022000 0.917200
vn 0.420300 0.014900 0.907200
vn 0.690500 0.180300 0.700500
vn 0.832900 0.432200 0.345500
vn 0.596100 -0.074600 0.799400
vn 0.131000 -0.472700 0.871400
vn 0.353000 -0.141600 0.924800
vn 0.669600 -0.168400 0.723300
vn -0.975400 -0.036900 0.217200
vn -0.925100 0.097700 0.366800
vn 0.713000 -0.230800 0.662000
vn 0.748300 -0.119200 0.652600
vn 0.305100 -0.607400 0.733400
vn 0.803100 -0.270800 -0.530800
vn 0.221900 -0.099200 -0.970000
vn 0.413900 0.082400 -0.906600
vn 0.849800 -0.293200 -0.438100
vn 0.999100 0.028800 -0.030700
vn 0.802600 -0.286200 -0.523300
vn -0.105800 -0.380600 -0.918600
vn 0.762200 0.072400 0.643300
vn 0.685100 -0.183200 0.705000
vn 0.052000 -0.469400 0.881400
vn 0.742100 0.172200 0.647700
vn 0.973700 -0.227600 -0.005000
vn 0.973900 -0.193700 0.117900
vn 0.997500 -0.039800 -0.058200
vn 0.721700 -0.162800 -0.672700
vn 0.782900 0.110300 -0.612300
vn 0.792700 -0.363700 -0.489200
vn 0.018300 -0.565300 -0.824700
vn 0.059600 -0.213800 -0.975000
vn 0.108300 0.107800 -0.988200
vn 0.473300 -0.252700 0.843800
vn 0.606000 -0.356000 0.711300
vn 0.384200 -0.120000 0.915400
vn 0.053800 0.561400 0.825800
vn 0.606500 0.442400 0.660600
vn -0.827300 0.165500 0.536900
vn -0.810900 0.005000 0.585100
vn -0.910300 0.350400 0.220200
vn -0.968800 0.009100 0.247400
vn 0.971200 0.203000 -0.124400
vn 0.961800 0.189100 -0.197700
vn 0.947500 -0.237800 0.213800
vn 0.996400 -0.080700 0.024500
vn 0.980900 -0.130800 -0.143900
vn 0.916200 0.244200 -0.317600
vn -0.760200 -0.618100 0.200000
vn -0.744900 -0.652600 0.138500
vn -0.842000 -0.538400 0.032300
vn -0.707700 -0.577100 0.407400
vn -0.529700 -0.739800 0.414800
vn -0.482000 -0.666100 0.569100
vn -0.696100 -0.020700 -0.717600
vn -0.748700 0.438600 -0.497000
vn -0.954900 0.212900 -0.206900
vn -0.788100 -0.102800 -0.606800
vn -0.202900 -0.713500 -0.670600
vn -0.721600 -0.276200 -0.634800
vn -0.882600 0.065700 -0.465400
vn 0.750600 -0.378900 -0.541300
vn 0.760200 -0.258200 -0.596100
vn -0.051100 -0.625700 -0.778300
vn 0.002100 -0.637000 -0.770900
vn 0.944300 0.109200 0.310300
vn 0.944500 -0.287600 -0.158800
vn 0.857700 0.314000 0.407000
vn 0.385400 0.595500 0.704800
vn 0.907900 0.119900 0.401700
vn 0.860700 -0.481600 -0.164900
vn 0.485600 -0.792100 -0.369600
vn 0.647200 -0.672700 -0.358600
vn 0.578500 -0.692400 -0.431100
vn -0.241800 -0.709800 -0.661500
vn -0.636600 -0.358200 -0.683000
vn -0.510700 0.064900 -0.857300
vn -0.687200 -0.185100 -0.702500
vn -0.822500 -0.387900 -0.415900
vn -0.643100 0.242600 0.726200
vn -0.198700 0.148000 0.968800
vn -0.850000 0.162100 0.501200
vn -0.996700 0.000500 -0.080800
vn -0.741800 0.418200 0.524300
vn -0.824600 -0.295700 -0.482200
vn -0.983100 -0.084700 -0.162000
vn -0.840800 0.067100 -0.537000
vn -0.673800 -0.117500 -0.729500
vn -0.783300 -0.367800 -0.501200
vn -0.760500 -0.099200 0.641700
vn -0.682600 -0.130200 0.719000
vn -0.883800 -0.168500 0.436400
vn -0.541100 0.691300 0.478900
vn 0.015900 0.682000 0.731200
vn -0.016800 -0.674500 -0.738100
vn -0.416500 -0.571400 -0.707100
vn -0.178600 -0.625100 -0.759800
vn 0.248800 -0.552600 -0.795400
vn 0.808400 -0.235500 -0.539400
vn -0.029900 -0.534700 -0.844500
vn -0.576800 -0.358500 -0.734000
vn 0.614000 0.418100 0.669500
vn 0.535300 0.377800 0.755500
vn 0.148700 0.620800 0.769700
vn 0.375300 0.493800 0.784400
vn 0.784700 0.070900 0.615800
vn 0.916100 -0.156200 0.369200
vn 0.909900 -0.319700 0.264000
vn 0.532400 -0.720800 -0.443700
vn 0.532600 -0.756200 -0.380000
vn 0.644200 -0.696000 -0.317000
vn 0.378300 -0.674900 -0.633400
vn 0.145000 -0.790300 -0.595300
vn -0.093400 -0.751600 -0.653000
vn 0.957700 0.031400 0.285900
vn 0.975400 -0.009400 0.220000
vn 0.733100 0.339300 0.589400
vn 0.792700 0.283900 0.539400
vn 0.591500 0.275300 0.757800
vn 0.951500 0.069400 0.299800
vn -0.648200 0.540100 0.536800
vn -0.751700 0.466900 0.465700
vn -0.159700 0.572600 0.804100
vn -0.117700 0.663800 0.738500
vn -0.782400 -0.236500 -0.576100
vn -0.979200 0.052900 -0.195700
vn -0.757300 -0.366300 -0.540600
vn -0.711800 -0.350800 -0.608500
vn -0.970200 -0.092600 -0.223700
vn -0.226700 0.949900 0.215100
vn -0.339000 0.934000 0.112700
vn -0.359700 0.838700 0.408800
vn -0.183700 0.901700 0.391400
vn 0.537600 0.741700 0.400900
vn 0.458200 0.693300 0.556100
vn 0.634600 0.547000 0.546000
vn 0.666700 0.688200 0.286300
vn -0.062200 -0.274000 -0.959700
vn -0.627700 0.377400 -0.680800
vn -0.830000 0.031500 -0.556900
vn -0.054600 -0.390900 -0.918800
vn 0.514200 -0.381700 -0.768000
vn 0.011500 -0.277100 -0.960800
vn -0.739200 0.345100 -0.578300
vn -0.164100 -0.298300 -0.940200
vn -0.057700 -0.246500 -0.967400
vn -0.582200 -0.030400 -0.812500
vn -0.568500 -0.120100 -0.813800
vn 0.133400 0.256200 0.957400
vn 0.722200 -0.016200 0.691400
vn 0.050800 0.341400 0.938500
vn -0.434100 0.378500 0.817500
vn -0.057400 0.135400 0.989100
vn 0.597900 -0.184600 0.779900
vn 0.822700 -0.352200 -0.446200
vn 0.820700 -0.500300 -0.275800
vn 0.910300 -0.310600 -0.273600
vn 0.461100 -0.467200 -0.754400
vn -0.612000 -0.278800 -0.740000
vn -0.643700 -0.355100 -0.677800
vn -0.456300 -0.520200 -0.721900
vn -0.908100 0.010600 -0.418700
vn -0.954300 0.081300 -0.287500
vn 0.033300 0.415400 0.909000
vn 0.277000 0.459800 0.843700
vn 0.069800 0.512300 0.855900
vn -0.189700 0.487100 0.852500
vn -0.712400 0.306900 0.631100
vn 0.031600 0.339300 0.940100
vn -0.933100 -0.259300 -0.249000
vn -0.918700 0.180900 0.351100
vn -0.974700 0.038100 0.220300
vn -0.850100 -0.320700 -0.417700
vn -0.939400 -0.061200 -0.337400
vn -0.855800 0.468200 0.220000
vn -0.602000 0.658900 0.451100
vn -0.530500 0.687600 0.495700
vn -0.894900 0.415800 0.162100
vn -0.835400 0.501300 0.225500
vn -0.409100 0.608800 0.679700
vn -0.135600 -0.044600 -0.989700
vn -0.069800 -0.110000 -0.991500
vn 0.845000 0.097800 -0.525700
vn -0.057900 -0.064500 -0.996200
vn -0.711400 0.241200 -0.660100
vn -0.554700 0.023500 -0.831700
vn -0.069300 -0.059200 0.995800
vn 0.473000 -0.259700 0.841900
vn -0.121600 -0.019600 0.992400
vn -0.295100 0.263300 0.918500
vn -0.054700 0.048500 0.997300
vn 0.477100 -0.393400 0.785900
vn 0.887500 -0.336400 -0.314900
vn 0.918400 -0.357100 -0.170300
vn 0.927300 -0.371000 -0.048400
vn 0.742800 -0.164300 -0.649000
vn 0.510500 -0.325000 -0.796000
vn 0.783400 0.160400 0.600500
vn 0.841500 0.150900 -0.518800
vn 0.742100 0.034000 0.669300
vn 0.326300 -0.010300 0.945200
vn 0.635500 0.211600 0.742500
vn 0.885500 0.437100 -0.157200
vn 0.134200 0.221800 0.965800
vn 0.038200 0.197600 0.979500
vn 0.504800 0.052600 0.861600
vn 0.570600 0.160800 0.805300
vn -0.993400 0.095400 -0.063600
vn -0.705600 0.187900 0.683200
vn -0.944100 0.134300 -0.301100
vn -0.974200 0.069300 -0.214600
vn -0.662500 -0.037900 0.748100
vn -0.781100 0.529200 0.331300
vn -0.725500 0.632200 0.271700
vn -0.449600 0.499500 0.740500
vn 0.892300 0.335500 0.302100
vn 0.763400 0.176300 -0.621400
vn 0.899400 0.237500 0.366900
vn 0.849800 0.144400 0.506900
vn 0.821300 -0.335600 0.461300
vn 0.984400 -0.166600 -0.055800
vn 0.716000 -0.009700 0.698000
vn 0.395700 -0.636800 0.661700
vn 0.485500 -0.814600 0.317400
vn 0.572200 -0.798600 -0.186500
vn -0.437300 0.497000 0.749500
vn -0.491000 0.556400 0.670300
vn -0.637200 0.723900 -0.264300
vn -0.653900 0.381300 0.653400
vn -0.612300 -0.318900 0.723400
vn -0.337900 0.285900 0.896700
vn -0.689400 -0.658700 0.301200
vn -0.476200 -0.381800 0.792000
vn -0.635100 -0.276100 0.721400
vn -0.819300 -0.562300 0.111900
vn -0.314800 -0.938900 -0.139000
vn -0.323000 -0.922500 0.211200
vn -0.127700 -0.613800 0.779000
vn 0.163400 -0.141600 0.976300
vn 0.375700 -0.003800 0.926700
vn 0.042200 -0.083200 0.995600
vn 0.087000 -0.698000 0.710700
vn -0.032500 -0.195700 -0.980100
vn -0.714700 0.392700 -0.578800
vn 0.018800 -0.231900 -0.972500
vn 0.187400 0.096100 -0.977500
vn 0.139000 -0.176200 0.974500
vn 0.054000 -0.040700 0.997700
vn 0.051000 -0.207200 0.977000
vn 0.438700 -0.155400 0.885100
vn -0.985200 -0.098100 0.140700
vn -0.581100 -0.164700 0.797000
vn -0.994400 0.043000 -0.096100
vn -0.986800 -0.161800 -0.005500
vn -0.696700 0.307500 0.648000
vn -0.716200 0.545200 0.435600
vn -0.660500 0.427000 0.617500
vn -0.456700 0.167500 0.873700
vn 0.003500 -0.952000 -0.306000
vn 0.891600 -0.383300 -0.240900
vn 0.072700 -0.399600 -0.913800
vn -0.830400 -0.312100 -0.461500
vn 0.117000 0.112400 -0.986700
vn -0.001600 -0.975400 0.220200
vn 0.097600 -0.991800 0.082400
vn 0.723500 -0.690100 0.014300
vn 0.839000 -0.539700 0.069800
vn 0.525900 -0.817800 0.233700
vn -0.089400 -0.995900 0.012400
vn 0.698000 -0.714700 0.045200
vn 0.013900 0.073100 0.997200
vn -0.063700 0.091900 0.993700
vn -0.122600 -0.488600 0.863800
vn 0.289800 -0.415200 0.862300
vn 0.105300 -0.887400 -0.448700
vn 0.093400 -0.978500 -0.184000
vn 0.044300 -0.865300 -0.499300
vn 0.142000 -0.461500 -0.875700
vn 0.333500 -0.720800 -0.607600
vn 0.891900 -0.447900 0.061600
vn 0.599400 -0.797800 0.064700
vn 0.999100 0.018500 -0.037000
vn 0.916500 0.291100 -0.274300
vn 0.913600 0.107500 -0.392000
vn 0.572700 0.554200 0.604000
vn 0.801400 -0.182600 -0.569600
vn 0.180200 -0.113200 -0.977100
vn 0.705500 0.448000 -0.549200
vn 0.472800 0.783000 0.404100
vn -0.578300 -0.040100 -0.814800
vn -0.756600 -0.266400 -0.597200
vn -0.905900 0.422700 -0.025400
vn -0.776500 0.236800 -0.583800
vn -0.158300 0.108300 -0.981400
vn -0.231800 -0.123600 -0.964900
vn -0.228000 -0.474300 -0.850300
vn -0.664700 -0.028600 -0.746500
vn -0.599700 -0.611500 -0.516100
vn -0.846000 -0.523500 -0.101400
vn -0.693600 0.070600 -0.716800
vn -0.119900 0.934800 -0.334200
vn -0.496900 0.199500 -0.844500
vn -0.322600 -0.493500 -0.807700
vn -0.310800 -0.835000 -0.454000
vn -0.081500 -0.918800 -0.386200
vn -0.391700 -0.840900 -0.373200
vn -0.208100 -0.596200 -0.775300
vn 0.011400 -0.648500 -0.761100
vn -0.669300 -0.619300 -0.410400
vn -0.270200 -0.809500 -0.521300
vn -0.869700 -0.490800 -0.051500
vn 0.686400 0.196600 -0.700100
vn 0.701400 -0.112600 -0.703700
vn 0.499300 0.845300 -0.190100
vn 0.262100 0.637600 -0.724400
vn -0.152400 0.926500 -0.344100
vn -0.709300 0.669900 -0.219400
vn -0.100200 0.877700 -0.468600
vn -0.035600 0.855600 0.516400
vn 0.375500 0.678100 -0.631800
vn 0.439800 0.683600 -0.582400
vn 0.009500 0.571800 -0.820300
vn -0.188400 0.767100 -0.613100
vn -0.049700 0.989900 0.132300
vn 0.053300 0.996200 -0.068100
vn -0.075000 0.458500 -0.885500
vn -0.439000 0.766200 -0.469200
vn -0.143200 0.840900 0.521800
vn 0.162700 0.181800 -0.969800
vn 0.035700 0.608100 -0.793100
vn 0.350100 0.912500 -0.211400
vn 0.245100 0.251400 -0.936300
vn 0.091400 -0.074500 -0.993000
vn -0.073800 -0.001500 -0.997300
vn -0.004400 0.420400 0.907300
vn 0.016000 0.426400 0.904400
vn -0.336300 0.645600 0.685600
vn -0.007400 -0.332000 -0.943200
vn -0.021800 -0.271700 -0.962100
vn 0.154600 -0.349800 -0.923900
vn 0.725100 0.573800 -0.380800
vn 0.333400 0.790000 0.514500
vn 0.754000 0.413600 -0.510200
vn 0.119800 0.110400 -0.986600
vn 0.251100 0.677100 -0.691700
vn -0.005800 -0.049000 -0.998800
vn 0.167500 -0.022200 -0.985600
vn -0.037100 -0.118300 -0.992300
vn -0.060700 0.110000 -0.992100
vn -0.490700 0.264900 -0.830000
vn -0.529100 0.597100 -0.602900
vn -0.170600 -0.102400 -0.980000
vn 0.174200 0.634900 0.752600
vn 0.015800 0.925300 0.378900
vn 0.163900 0.528900 0.832600
vn 0.443600 0.896200 -0.006900
vn -0.220000 -0.952300 0.211500
vn 0.030200 -0.973900 0.224900
vn -0.255200 -0.952000 0.168600
vn -0.304400 -0.935700 0.178400
vn -0.534000 -0.825400 0.183000
vn -0.479500 -0.876200 -0.048100
vn -0.486500 -0.846300 0.216900
vn -0.768700 -0.496200 0.403500
vn 0.433600 -0.040100 -0.900200
vn 0.469000 -0.437100 -0.767400
vn 0.596900 -0.060700 -0.800000
vn 0.474700 0.331900 -0.815100
vn 0.571300 0.165800 -0.803800
vn 0.285700 -0.441900 -0.850300
vn 0.145600 -0.746600 -0.649100
vn 0.277200 -0.649200 -0.708300
vn 0.654200 -0.040000 -0.755200
vn 0.755400 -0.328800 -0.566800
vn -0.317600 -0.867400 -0.383000
vn -0.178100 -0.933200 -0.312100
vn -0.304100 -0.672000 -0.675200
vn 0.564300 0.271700 0.779500
vn 0.436800 0.417200 0.796900
vn 0.804400 0.576300 0.144100
vn 0.649900 0.594000 0.474200
vn -0.568100 0.818600 0.084000
vn -0.648100 0.591200 0.480000
vn -0.371200 0.926700 0.058300
vn -0.642300 0.745200 -0.179300
vn -0.771100 -0.041700 -0.635300
vn -0.785500 -0.069400 -0.615000
vn -0.456900 0.493900 -0.739800
vn -0.177800 0.968500 -0.174100
vn -0.199000 0.979700 -0.021700
vn -0.301000 0.953600 0.000900
vn -0.351500 0.513100 0.783000
vn -0.202800 0.164600 0.965300
vn -0.425500 0.408700 0.807400
vn -0.802300 0.420200 0.423900
vn -0.810600 0.025200 0.585000
vn -0.944300 -0.310300 0.109400
vn -0.626100 -0.358600 0.692300
vn -0.976600 -0.214600 0.010900
vn -0.953200 -0.298400 0.048000
vn -0.985000 -0.148200 0.088700
vn -0.738500 -0.256300 0.623600
vn -0.918000 -0.369600 0.143700
vn -0.952300 -0.164200 -0.257100
vn -0.987000 -0.149200 0.060000
vn -0.753200 -0.481000 0.448700
vn 0.885700 0.082400 -0.456900
vn 0.904100 -0.029600 -0.426200
vn 0.949500 0.072500 -0.305300
vn -0.000600 0.986900 -0.161400
vn -0.084300 0.992300 -0.090300
vn -0.187700 0.980300 0.061700
vn 0.567900 0.818400 0.087600
vn 0.643600 0.743000 -0.183500
vn 0.817500 0.358000 -0.451100
vn 0.755400 0.515400 -0.404600
vn 0.930000 0.287500 -0.229000
vn -0.047700 -0.859200 -0.509300
vn 0.128300 -0.761600 -0.635200
vn -0.450500 -0.881100 -0.143900
vn 0.132300 -0.201800 0.970400
vn 0.208300 0.154000 0.965800
vn -0.046300 -0.279700 0.959000
vn 0.622100 -0.358200 0.696200
vn 0.809600 0.024400 0.586500
vn 0.961800 -0.228800 -0.150000
vn 0.998000 -0.026600 -0.056000
vn 0.976600 -0.214700 0.010500
vn 0.945000 -0.144800 -0.293300
vn 0.755600 -0.452200 -0.473900
vn -0.246100 0.710100 -0.659600
vn -0.082400 0.878000 -0.471500
vn 0.690500 0.569300 -0.446100
vn -0.118500 0.671200 -0.731700
vn -0.854200 0.317100 -0.412000
vn -0.855600 0.373100 -0.358600
vn -0.771800 0.579100 -0.262500
vn 0.984900 0.165300 -0.050200
vn 0.649100 0.568900 -0.505000
vn 0.992400 0.120200 -0.026200
vn 0.800100 -0.386400 0.458800
vn 0.990000 0.140600 -0.013200
vn 0.707000 0.511700 -0.488200
vn -0.131500 0.963000 -0.235400
vn -0.746700 0.638000 -0.188100
vn 0.048800 0.993700 -0.100500
vn 0.770600 0.579600 -0.265000
vn 0.081600 0.877400 -0.472700
vn -0.689800 0.570100 -0.446200
vn 0.988300 0.005900 -0.152000
vn 0.745000 0.641300 -0.183100
vn 0.991600 -0.097100 -0.085600
vn 0.995300 0.025100 -0.092900
vn 0.982100 0.006100 -0.188500
vn 0.707100 0.669500 -0.227400
vn 0.985900 -0.136600 -0.096800
vn 0.989200 -0.040800 -0.140400
vn -0.964300 -0.263000 0.029700
vn -0.985900 -0.136300 -0.097200
vn -0.755600 -0.635900 0.157000
vn -0.660800 -0.730900 0.170400
vn -0.129300 0.986800 -0.097600
vn -0.050300 0.994400 -0.092800
vn -0.706000 0.672600 -0.221700
vn -0.979800 -0.199800 -0.006600
vn -0.991500 -0.097700 -0.085400
vn -0.638300 -0.763600 0.097000
vn -0.231800 0.515000 -0.825200
vn -0.759500 0.338400 -0.555400
vn -0.706500 0.511900 -0.488600
vn 0.077300 0.702000 -0.708000
vn 0.612500 0.061600 -0.788000
vn -0.073000 0.137100 -0.987900
vn -0.835800 0.006400 -0.548900
vn -0.995600 -0.084800 0.039800
vn -0.990000 0.140600 -0.013000
vn -0.987400 -0.093500 -0.127400
vn -0.738900 -0.601400 0.303800
vn -0.785500 -0.445000 0.430100
vn -0.799800 -0.387300 0.458700
vn 0.980600 -0.078100 0.180000
vn 0.855200 0.374600 -0.358100
vn 0.995000 -0.077200 0.063800
vn 0.707300 -0.466800 0.530900
vn 0.972000 -0.075700 0.222400
vn 0.853900 0.317500 -0.412200
vn 0.135600 -0.825400 0.547900
vn 0.794200 -0.546400 0.265800
vn -0.009000 -0.834600 0.550700
vn 0.022700 -0.763200 0.645700
vn 0.151000 -0.837700 0.524800
vn 0.048200 -0.936200 0.348000
vn 0.008900 -0.833600 0.552200
vn 0.819500 -0.469000 0.329200
vn -0.993900 -0.081900 -0.073200
vn -0.989300 -0.040000 -0.140500
vn -0.994900 -0.077100 0.064100
vn -0.705700 -0.467600 0.532200
vn -0.794200 -0.545700 0.267300
vn -0.998600 0.052600 -0.006800
vn -0.995400 0.024400 -0.092500
vn -0.992300 0.120600 -0.026100
vn -0.820100 -0.468500 0.328400
vn 0.020300 0.669400 -0.742600
vn -0.649000 0.569700 -0.504100
vn 0.118400 0.672800 -0.730200
vn 0.104000 0.708800 -0.697700
vn 0.211300 -0.581000 0.786000
vn 0.053000 -0.639300 0.767100
vn -0.719200 -0.511100 0.470600
vn -0.028600 -0.417200 0.908400
vn 0.816300 0.030300 0.576800
vn 0.774700 -0.524200 0.353500
vn 0.739500 -0.601100 0.303000
vn 0.204500 -0.145800 0.967900
vn 0.862100 -0.158100 0.481500
vn 0.719700 -0.509300 0.471800
vn 0.028300 -0.416300 0.908700
vn -0.817300 0.032200 0.575300
vn 0.008900 0.401200 0.915900
vn 0.790600 0.391100 0.471200
vn 0.970600 -0.090700 -0.222800
vn 0.759600 0.339800 -0.554600
vn 0.987500 -0.092500 -0.127300
vn 0.938600 -0.303400 -0.164100
vn 0.835800 0.007000 -0.549000
vn -0.237400 0.665000 -0.708100
vn -0.103900 0.709000 -0.697500
vn -0.077100 0.703500 -0.706500
vn -0.612400 0.062000 -0.788000
vn -0.778800 0.167900 -0.604300
vn 0.907900 -0.349600 -0.231100
vn 0.778700 0.166800 -0.604800
vn 0.951400 -0.307600 -0.012700
vn 0.925800 -0.345600 -0.153100
vn 0.190200 -0.593100 0.782300
vn 0.635400 -0.449800 0.627600
vn -0.015600 -0.678000 0.734900
vn -0.052400 -0.637700 0.768500
vn 0.220200 -0.711400 0.667300
vn -0.020600 -0.761900 0.647400
vn 0.017000 -0.678200 0.734700
vn 0.786000 -0.444800 0.429200
vn -0.931200 -0.201600 0.303400
vn -0.972000 -0.075800 0.222400
vn -0.951300 -0.307900 -0.013200
vn -0.635200 -0.451500 0.626600
vn 0.990600 0.131400 -0.038500
vn 0.989700 0.137300 -0.039800
vn 0.983600 0.179600 -0.016400
vn 0.803100 -0.401600 -0.440100
vn 0.792000 -0.386300 -0.472700
vn 0.693700 -0.392400 -0.603900
vn -0.195900 -0.749600 -0.632200
vn -0.793000 -0.384700 -0.472400
vn -0.694200 -0.391900 -0.603700
vn -0.050900 -0.736600 -0.674300
vn 0.618500 -0.674500 -0.403000
vn -0.127800 -0.843100 -0.522200
vn -0.803200 -0.401300 -0.440200
vn -0.997800 -0.065000 -0.008700
vn -0.925700 -0.345700 -0.153500
vn -0.993800 0.091600 -0.062000
vn -0.790500 0.392200 0.470400
vn -0.862800 -0.157500 0.480300
vn -0.936300 -0.341200 -0.082600
vn -0.938100 -0.304900 -0.164400
vn -0.999300 -0.036700 -0.004200
vn -0.775400 -0.522800 0.354100
vn -0.226500 -0.197300 -0.953800
vn 0.004400 -0.383100 -0.923700
vn -0.731100 -0.412200 -0.543700
vn -0.806600 -0.143300 -0.573400
vn 0.990500 0.123100 0.061200
vn 0.807100 -0.144900 -0.572400
vn 0.999400 -0.034200 -0.003700
vn 0.990400 0.030500 0.134400
vn 0.732000 -0.412600 -0.542200
vn -0.138200 -0.434400 -0.890000
vn -0.729200 -0.158200 -0.665800
vn -0.003900 -0.385600 -0.922600
vn -0.028400 -0.606300 -0.794700
vn 0.985800 0.143300 -0.086800
vn 0.729300 -0.156600 -0.666000
vn 0.993900 0.091600 -0.061500
vn 0.966800 0.061400 -0.247800
vn 0.995400 0.068300 -0.067700
vn 0.656100 0.668100 0.350900
vn 0.961500 0.254800 -0.102700
vn 0.814800 -0.573600 -0.084200
vn 0.658700 -0.678200 -0.325700
vn -0.074800 -0.979000 -0.189700
vn -0.658700 -0.678200 -0.325700
vn -0.618500 -0.674600 -0.402900
vn 0.013900 -0.975700 -0.218500
vn 0.756600 -0.646600 -0.097000
vn 0.003800 -0.999800 -0.016700
vn -0.814800 -0.573600 -0.084200
vn 0.157900 0.769100 0.619200
vn 0.733900 0.592100 0.332700
vn 0.063400 0.752300 0.655700
vn -0.655900 0.668900 0.349700
vn 0.133300 0.880300 0.455300
vn 0.745900 0.664700 -0.042400
vn 0.025300 0.718300 0.695200
vn -0.010800 0.403900 0.914700
vn -0.066300 0.750800 0.657200
vn 0.690700 0.472600 0.547300
vn -0.977300 0.194400 -0.083800
vn -0.734400 0.591100 0.333500
vn -0.983600 0.179600 -0.016400
vn -0.968800 0.163700 -0.185800
vn -0.746000 0.664600 -0.042100
vn -0.987800 0.020200 0.154200
vn -0.692400 0.472700 0.545100
vn -0.978400 -0.029300 0.204500
vn -0.995400 0.068600 -0.067400
vn -0.054000 -0.718600 -0.693200
vn 0.029100 -0.605600 -0.795200
vn 0.050800 -0.737500 -0.673400
vn -0.739300 -0.584300 -0.334700
vn 0.982800 -0.056200 0.175800
vn 0.978300 -0.028900 0.205200
vn 0.740700 -0.582800 -0.334000
vn -0.937000 0.349300 -0.003800
vn -0.968800 0.236700 -0.073700
vn -0.756600 -0.646600 -0.097000
vn -0.982600 0.181400 0.040200
vn -0.671400 0.662600 0.331700
vn -0.643000 0.759100 0.101600
vn -0.557800 0.824100 -0.098400
vn 0.105000 0.992200 0.067000
vn -0.049300 0.987800 -0.147800
vn -0.020800 0.990900 0.132600
vn 0.401800 0.810300 0.426500
vn 0.535800 0.840000 0.085400
vn 0.406700 0.910600 -0.073400
vn -0.178000 -0.917400 -0.355900
vn -0.013900 -0.975700 -0.218500
vn -0.705700 -0.639100 -0.305700
vn 0.969300 0.059600 -0.238300
vn 0.968800 0.163900 -0.185600
vn 0.970900 0.137300 -0.195900
vn 0.705700 -0.639100 -0.305700
vn 0.222600 0.943500 -0.245400
vn 0.679500 0.702000 -0.213200
vn 0.097100 0.989200 -0.109600
vn -0.406700 0.910600 -0.073400
vn 0.049300 0.987800 -0.147800
vn 0.557800 0.824100 -0.098400
vn 0.002200 0.994400 0.106100
vn -0.133400 0.879500 0.456800
vn -0.097100 0.989200 -0.109600
vn 0.539300 0.832700 0.125400
vn -0.929300 0.326400 -0.172900
vn -0.679500 0.702000 -0.213200
vn -0.970900 0.137300 -0.195900
vn -0.844300 0.528800 0.086900
vn -0.539300 0.832700 0.125400
vn -0.961500 0.254800 -0.102700
vn -0.896900 0.441900 -0.012900
vn 0.122700 0.373000 0.919700
vn 0.607300 0.428000 0.669300
vn -0.043900 0.467400 0.883000
vn -0.448200 -0.443500 0.776100
vn 0.081900 -0.467200 0.880300
vn 0.557300 -0.279400 0.781900
vn 0.199300 0.609800 0.767100
vn 0.082000 0.840100 0.536100
vn -0.401800 0.810300 0.426500
vn 0.043900 0.467400 0.883000
vn 0.448200 -0.443500 0.776100
vn 0.716100 0.335000 0.612300
vn 0.671400 0.662600 0.331700
vn -0.833400 0.552100 0.021700
vn -0.896300 0.441500 0.040700
vn -0.535800 0.840000 0.085400
vn -0.184300 -0.910900 0.369000
vn -0.770500 -0.548100 0.325200
vn 0.005500 -0.985100 0.171600
vn -0.081900 -0.467200 0.880300
vn -0.557300 -0.279400 0.781900
vn 0.921700 0.310600 0.232300
vn 0.770500 -0.548100 0.325200
vn 0.896300 0.441500 0.040700
vn -0.087300 -0.989600 0.113900
vn -0.003800 -0.999800 -0.016700
vn -0.005500 -0.985100 0.171600
vn -0.696900 -0.690900 0.192400
vn 0.977300 0.018700 0.211000
vn 0.696900 -0.690900 0.192400
vn 0.982600 0.181400 0.040200
vn 0.182600 0.958800 0.217500
vn 0.643000 0.759100 0.101600
vn 0.020800 0.990900 0.132600
vn 0.829900 -0.556700 -0.037000
vn 0.684600 -0.728800 0.013500
vn 0.913600 -0.388000 0.121500
vn 0.772100 -0.594700 0.224100
vn 0.944600 -0.228900 0.235100
vn 0.970800 0.236700 -0.038900
vn 0.905100 -0.302600 0.298500
vn 0.880600 -0.350600 0.318700
vn 0.751200 -0.576900 0.320700
vn -0.855000 -0.518300 -0.016100
vn -0.635800 -0.769300 0.062500
vn -0.929600 -0.335100 0.153500
vn -0.959400 -0.246200 0.137300
vn -0.949900 -0.191000 0.247100
vn -0.476200 -0.693300 -0.540800
vn -0.952000 -0.143600 0.270300
vn -0.966900 0.247600 -0.061600
vn -0.078400 0.547800 0.832900
vn -0.148000 0.457100 0.877000
vn 0.177800 0.875400 0.449500
vn 0.206900 0.853300 0.478500
vn 0.235000 0.868600 0.436200
vn -0.132700 -0.196500 0.971500
vn -0.178800 0.110400 0.977700
vn -0.128000 -0.278100 0.952000
vn -0.186400 0.578900 0.793800
vn -0.174000 0.265100 0.948400
vn 0.159300 0.487400 0.858500
vn 0.014200 0.731700 0.681400
vn 0.955600 0.224300 0.190900
vn 0.681200 0.655200 0.326400
vn 0.510300 0.783700 -0.354000
vn -0.704500 0.075700 0.705600
vn -0.896900 0.396500 -0.195500
vn -0.579800 0.041700 0.813700
vn 0.112600 -0.049300 0.992400
vn -0.630100 0.102700 0.769600
vn -0.924600 0.252600 -0.285000
vn 0.897700 0.037000 0.438900
vn 0.320000 0.232900 0.918300
vn 0.878700 -0.039000 0.475700
vn 0.773400 0.185700 -0.606100
vn 0.799800 0.104000 -0.591100
vn 0.207200 0.938900 -0.274900
vn 0.305800 0.298900 -0.903900
vn 0.948300 0.264500 -0.175400
vn 0.290700 0.460300 -0.838800
vn -0.730000 0.295600 -0.616100
vn 0.302900 0.168900 -0.937900
vn 0.955200 0.115200 -0.272500
vn -0.173700 0.617500 -0.767200
vn -0.241300 0.483800 -0.841200
vn 0.777100 0.301100 -0.552700
vn 0.819500 -0.198100 0.537800
vn 0.252800 -0.306800 0.917500
vn 0.885000 -0.309600 0.347600
vn -0.953600 -0.192500 0.231300
vn -0.922400 -0.185500 0.338800
vn -0.717600 0.410400 -0.562600
vn -0.332300 0.085300 -0.939300
vn -0.262600 0.210200 -0.941700
vn -0.950400 0.309300 0.031700
vn -0.607600 0.162500 0.777400
vn 0.614400 0.073200 0.785500
vn -0.295000 0.277800 0.914200
vn 0.628100 0.010800 0.778000
vn 0.984800 0.167900 0.044600
vn -0.064900 0.958700 -0.276700
vn -0.888600 0.167600 0.427000
vn -0.768300 0.218600 -0.601600
vn -0.881300 0.089600 0.463900
vn 0.353700 0.035100 -0.934700
vn -0.154200 -0.683100 0.713900
vn -0.077800 -0.698000 0.711800
vn -0.165200 -0.828700 0.534800
vn -0.168600 -0.611700 0.772900
vn -0.743000 0.304700 -0.595900
vn -0.860000 0.233000 0.453900
vn -0.877400 0.134700 -0.460400
vn 0.027200 -0.079300 -0.996500
vn -0.648900 0.339100 -0.681100
vn -0.852600 0.288800 0.435500
vn -0.974800 -0.079000 -0.208500
vn -0.776300 -0.248300 0.579400
vn -0.767800 -0.214600 0.603700
vn -0.923000 -0.087500 -0.374700
vn -0.004600 0.182800 -0.983100
vn -0.924000 0.176000 -0.339500
vn -0.703500 -0.241000 0.668500
vn -0.040900 -0.130700 0.990600
vn 0.858900 -0.155600 0.487900
vn -0.111800 -0.206200 0.972100
vn -0.108400 -0.150900 0.982600
vn 0.872700 -0.096800 0.478400
vn 0.713500 0.116300 -0.690900
vn 0.762100 0.049700 -0.645600
vn 0.749400 0.131800 -0.648800
vn -0.053600 0.059400 -0.996800
vn -0.012800 -0.027500 -0.999500
vn 0.460600 -0.185600 -0.868000
vn 0.624400 -0.370400 -0.687700
vn -0.282900 -0.138500 -0.949100
vn 0.875200 -0.227100 -0.427100
vn 0.922400 -0.117100 -0.368000
vn 0.868700 -0.207400 -0.449800
vn 0.277000 -0.109000 -0.954600
vn -0.925500 -0.162100 -0.342200
vn -0.838400 -0.309500 0.448600
vn -0.706300 -0.029900 -0.707300
vn -0.882300 -0.106300 -0.458500
vn -0.714200 0.372100 -0.592900
vn -0.872100 0.271100 0.407200
vn -0.597700 0.408600 -0.689700
vn 0.120300 0.126400 -0.984600
vn -0.709700 0.306300 -0.634400
vn -0.932100 -0.020300 0.361600
vn 0.751100 -0.431900 -0.499300
vn 0.771200 -0.488200 -0.408400
vn 0.815200 -0.483400 -0.319000
vn 0.110000 -0.010000 -0.993900
vn 0.050300 -0.234000 0.970900
vn 0.005400 -0.155700 0.987800
vn -0.027700 -0.222100 0.974600
vn 0.509000 -0.486900 0.709800
vn 0.577100 -0.528100 0.622900
vn -0.014400 -0.294900 0.955400
vn 0.882200 -0.122000 0.454700
vn -0.114300 -0.228000 0.966900
vn -0.066300 -0.366800 0.927900
vn 0.820000 -0.407600 0.401700
vn -0.694300 0.270800 -0.666800
vn -0.936200 -0.218600 0.275100
vn 0.208900 0.169000 -0.963200
vn -0.113800 -0.950800 -0.287900
vn 0.934900 -0.125400 -0.331900
vn 0.927200 -0.236600 -0.290300
vn 0.759500 -0.436400 0.482400
vn -0.101800 -0.383800 0.917800
vn -0.131200 -0.328000 0.935500
vn 0.781000 -0.031200 -0.623700
vn -0.071000 0.233400 -0.969800
vn 0.807500 -0.004100 -0.589800
vn 0.754200 -0.581000 0.305700
vn -0.273800 -0.913300 -0.301600
vn -0.884300 0.275700 -0.376800
vn -0.899600 -0.079900 0.429300
vn -0.114900 -0.402900 0.908000
vn -0.512000 0.839100 0.183600
vn -0.964100 -0.001800 -0.265500
vn -0.948900 -0.008000 -0.315300
vn -0.426600 0.862000 0.273800
vn 0.375200 0.878400 0.296100
vn -0.254300 0.964000 0.077400
vn -0.921300 0.220200 -0.320500
vn -0.986900 0.146600 -0.066900
vn -0.526600 -0.659100 -0.536900
vn -0.974600 0.223800 0.009400
vn -0.501500 0.817400 0.283400
vn -0.947600 0.314800 -0.053500
vn -0.553500 -0.676400 -0.485900
vn -0.919300 0.275500 -0.280900
vn -0.465300 -0.616600 -0.635000
vn -0.881100 0.455200 -0.128000
vn -0.953200 0.289100 -0.087800
vn -0.109100 0.986200 -0.124500
vn -0.843700 0.061400 -0.533300
vn 0.085900 0.986800 -0.137100
vn 0.513700 0.847800 0.131400
vn -0.252800 0.955000 0.155200
vn -0.288600 -0.899600 -0.327600
vn -0.392200 -0.876200 -0.280100
vn 0.598500 -0.775600 -0.200300
vn 0.597000 -0.744400 -0.299000
vn 0.900400 0.420100 0.112600
vn 0.945400 0.317700 0.072500
vn 0.611300 0.791300 -0.002000
vn 0.631200 -0.760900 -0.150100
vn 0.977800 0.200000 -0.061900
vn 0.960100 0.279400 0.009800
vn 0.543600 -0.836800 -0.064700
vn -0.234100 -0.953900 -0.187700
vn 0.574500 -0.744300 -0.340500
vn 0.890500 0.265300 -0.369500
vn -0.458900 -0.880900 -0.115400
vn -0.429600 -0.859500 -0.277000
vn -0.483000 -0.869200 -0.106100
vn 0.296800 -0.954500 0.029500
vn 0.511400 -0.857900 0.048400
vn 0.686000 -0.702300 -0.189900
vn 0.146900 0.821100 0.551500
vn 0.210200 0.863800 0.457900
vn 0.274000 0.811200 0.516600
vn -0.527000 0.746100 0.406800
vn -0.266800 -0.854700 -0.445300
vn -0.352300 -0.856700 -0.376700
vn -0.350400 -0.814200 -0.462800
vn 0.666100 -0.711400 -0.224200
vn 0.554300 -0.730100 -0.399500
vn 0.997500 0.058400 0.040100
vn 0.520800 -0.716900 -0.463500
vn 0.543900 -0.803800 -0.241000
vn 0.888400 0.383000 0.252900
vn 0.949200 0.283200 0.136500
vn 0.923000 0.288300 0.254700
vn 0.374300 0.848500 0.374000
vn 0.875500 0.462800 0.138600
vn 0.913300 0.361200 0.188100
vn 0.930900 0.333300 0.149500
vn 0.499100 0.858200 0.120000
vn 0.505800 0.860400 0.061200
vn -0.994000 0.042400 -0.101000
vn -0.449800 -0.864700 -0.223300
vn -0.950800 0.292600 -0.101800
vn -0.562500 0.823700 0.071400
vn -0.993900 -0.038400 0.103600
vn -0.153000 0.975100 -0.160600
vn -0.914700 0.131200 -0.382100
vn -0.067600 0.992200 -0.104800
vn -0.122800 0.980300 -0.154900
vn -0.738200 0.161100 -0.655000
vn -0.060400 0.994900 0.080500
vn 0.160800 0.947400 0.276700
vn 0.036500 0.998000 0.051200
vn -0.551300 0.834200 0.014300
vn -0.981900 -0.059500 0.179700
vn -0.676000 -0.601500 -0.425700
vn -0.627200 0.776200 0.064600
vn -0.087300 0.107700 -0.990300
vn 0.527200 -0.749500 -0.400300
vn 0.869000 0.365900 -0.332900
vn 0.104800 0.993000 0.053800
vn 0.104900 0.994300 0.019400
vn -0.133300 0.983500 -0.122200
vn -0.730800 0.266700 -0.628300
vn 0.563500 0.814200 0.139800
vn 0.385600 -0.017100 -0.922500
vn -0.365700 -0.825500 -0.429900
vn 0.784300 -0.610200 -0.111600
vn -0.429200 -0.815400 -0.388600
vn 0.880000 0.023400 0.474300
vn 0.914400 0.035100 0.403300
vn 0.470000 0.823100 -0.318700
vn 0.132900 0.902500 -0.409700
vn 0.458200 0.763200 -0.455500
vn 0.253500 0.966600 -0.036100
vn 0.064100 0.996800 -0.048300
vn -0.531800 0.005000 -0.846800
vn -0.655100 0.366000 -0.660900
vn -0.589400 -0.053000 -0.806100
vn 0.135500 -0.182900 -0.973700
vn -0.250200 0.321500 -0.913200
vn -0.964400 0.148100 -0.219300
vn -0.830500 0.034800 -0.555900
vn -0.950300 0.240200 -0.198100
vn -0.970700 0.173500 -0.166200
vn -0.808400 -0.216800 -0.547100
vn -0.181500 0.617800 -0.765100
vn 0.368500 0.231100 -0.900400
vn -0.287700 0.794800 -0.534300
vn -0.150300 0.985300 -0.081300
vn -0.782300 0.380500 -0.493100
vn 0.925500 0.372100 0.070500
vn 0.953700 0.292800 0.067900
vn 0.837900 0.472400 0.273400
vn 0.845500 0.508500 0.162500
vn 0.571500 0.789600 0.223400
vn 0.169000 0.981400 -0.090200
vn 0.669500 0.693300 0.266500
vn 0.568000 0.768200 0.295300
vn 0.278600 -0.727300 -0.627100
vn 0.843300 -0.421300 -0.333500
vn -0.618300 -0.492800 -0.612100
vn 0.235200 0.536800 -0.810200
vn 0.995300 0.086100 0.044800
vn 0.854400 0.458900 0.243400
vn 0.981600 0.184000 0.051200
vn 0.036100 0.584300 -0.810700
vn 0.449300 0.558000 -0.697600
vn -0.438700 0.603600 -0.665700
vn -0.949700 0.120100 -0.289100
vn -0.375200 0.914000 0.154100
vn -0.627000 0.761300 -0.165300
vn 0.044600 0.998300 -0.037000
vn -0.609200 0.777000 -0.158500
vn 0.047700 0.995500 -0.081100
vn 0.488900 0.785300 0.379700
vn 0.742500 0.669900 0.002000
vn 0.734400 0.678700 0.000800
vn -0.976500 0.106100 -0.187400
vn -0.760200 -0.418500 -0.496800
vn -0.874500 0.484600 0.019000
vn -0.029200 0.497000 -0.867200
vn -0.188400 -0.736100 -0.650000
vn 0.728700 -0.528400 -0.435600
vn -0.456300 -0.469200 -0.756000
vn 0.992500 0.100700 -0.069200
vn 0.355700 0.914400 0.193100
vn 0.871800 0.378000 -0.311600
vn -0.529300 0.818200 0.224400
vn -0.551300 0.814700 0.179800
vn 0.467500 -0.630700 -0.619300
vn 0.603600 -0.413000 -0.682000
vn 0.863400 -0.187700 -0.468200
vn 0.515300 -0.602300 -0.609600
vn -0.112600 -0.669100 -0.734500
vn 0.887800 0.186000 0.420900
vn 0.929800 0.156600 0.333000
vn 0.634100 0.411300 0.654800
vn 0.944100 0.066100 0.323000
vn 0.921800 -0.268300 -0.279900
vn -0.324000 0.372400 0.869700
vn 0.057500 0.498600 0.864900
vn -0.576500 0.364700 0.731100
vn -0.380100 0.449500 0.808300
vn -0.801300 -0.429700 -0.416200
vn -0.997300 -0.070400 0.021500
vn -0.721200 -0.444900 -0.531000
vn -0.768400 -0.416900 -0.485400
vn 0.898200 0.052200 0.436400
vn 0.680300 0.215100 0.700600
vn 0.885700 -0.456600 0.084100
vn 0.387300 -0.768900 -0.508700
vn 0.513400 -0.687100 -0.514100
vn 0.477700 -0.769600 -0.423600
vn -0.170800 -0.762000 -0.624700
vn -0.726000 -0.385900 -0.569200
vn -0.949300 -0.006700 -0.314200
vn -0.717000 -0.440000 -0.540600
vn -0.203100 0.740500 0.640600
vn -0.133300 0.787700 0.601400
vn -0.408300 0.725800 0.553600
vn -0.170500 0.751000 0.637900
vn 0.813100 -0.516800 0.267900
vn 0.627400 -0.608100 0.486300
vn 0.813700 -0.481100 0.326200
vn 0.463200 -0.744000 0.481500
vn 0.923200 -0.373500 0.090400
vn 0.257900 -0.716500 0.648200
vn 0.428200 -0.722100 0.543300
vn -0.206200 -0.471700 0.857300
vn -0.108900 -0.521700 0.846100
vn -0.255600 -0.470200 0.844700
vn -0.527500 -0.458300 0.715300
vn -0.300800 -0.545400 0.782300
vn -0.163500 -0.681300 0.713500
vn -0.271900 -0.583000 0.765600
vn -0.247200 -0.738500 0.627300
vn 0.101500 -0.614200 0.782600
vn -0.032800 -0.538100 0.842200
vn -0.311500 -0.517300 0.797100
vn -0.295400 -0.606800 0.737900
vn -0.345600 -0.487400 0.801900
vn -0.038800 -0.450100 0.892100
vn -0.643500 -0.512600 0.568500
vn -0.591600 -0.707900 0.385800
vn -0.734000 -0.589300 0.337500
vn -0.497300 -0.493100 0.713800
vn 0.240500 -0.349300 0.905600
vn 0.323500 -0.445700 0.834700
vn -0.747400 -0.220600 0.626600
vn -0.793300 -0.308900 0.524600
vn -0.537400 -0.365500 0.760000
vn 0.325100 -0.526100 0.785800
vn 0.451400 -0.493900 0.743200
vn -0.911300 -0.328800 0.247800
vn -0.951800 -0.099400 0.290300
vn -0.853200 -0.360900 0.376500
vn -0.990800 -0.085800 -0.104400
vn -0.113100 -0.854900 -0.506200
vn -0.063100 -0.854200 -0.516000
vn -0.325200 -0.851100 -0.412000
vn -0.412200 -0.796100 -0.443000
vn -0.058100 -0.922400 -0.381800
vn 0.009400 0.959100 0.282800
vn 0.065000 0.962600 0.262900
vn -0.368800 0.904300 0.214900
vn 0.059600 0.967700 0.245100
vn -0.945400 -0.204100 0.253900
vn -0.936200 -0.235900 0.260600
vn -0.967300 -0.141500 0.210400
vn -0.861400 0.390500 0.324600
vn -0.639700 0.210700 0.739200
vn -0.200400 0.281700 0.938300
vn -0.700800 0.154700 0.696300
vn 0.751800 0.262800 -0.604700
vn 0.234400 0.402700 -0.884800
vn 0.798700 0.276900 -0.534200
vn -0.273700 0.312200 -0.909700
vn -0.334800 0.335200 -0.880600
vn 0.342400 0.353200 -0.870600
vn -0.343900 0.228600 -0.910700
vn 0.980300 0.036600 0.194000
vn 0.948600 0.155900 0.275400
vn 0.862700 -0.250800 0.439000
vn 0.968400 0.160900 -0.190800
vn 0.929200 0.334400 -0.157300
vn 0.511300 0.682000 -0.522900
vn 0.530200 0.598100 -0.600900
vn 0.614300 0.574800 -0.540500
vn 0.553900 0.708800 -0.436700
vn 0.562900 0.623400 -0.542600
vn -0.360600 0.619500 -0.697300
vn -0.643400 0.614600 -0.456300
vn -0.407400 0.602900 -0.685900
vn -0.348000 0.502200 -0.791600
vn -0.621400 0.465100 -0.630400
vn -0.393700 0.376700 -0.838500
vn -0.669500 0.278700 -0.688500
vn -0.906100 0.206500 -0.369200
vn -0.901500 0.331900 -0.277700
vn -0.869700 0.448600 -0.205700
vn 0.835700 0.298500 -0.460900
vn 0.797600 0.417600 -0.435100
vn 0.776100 0.531400 -0.339500
vn 0.797600 0.516800 -0.311100
vn 0.877700 0.479000 0.013900
vn 0.902100 0.277600 0.330300
vn 0.633300 0.700500 -0.328900
vn 0.659800 0.674800 -0.330600
vn 0.730900 0.590700 -0.341600
vn 0.686700 0.525200 -0.502600
vn 0.646700 0.442900 -0.620900
vn 0.605200 0.472100 -0.641000
vn 0.594200 0.504600 -0.626300
vn 0.602200 0.548300 -0.580200
vn -0.680400 0.413500 -0.604900
vn -0.707100 0.489800 -0.509900
vn -0.722200 0.556700 -0.410400
vn -0.631200 0.653500 -0.417800
vn -0.591000 0.691600 -0.415200
vn -0.582600 0.681600 -0.442700
vn -0.561800 0.659500 -0.499300
vn -0.633100 0.582000 -0.510400
vn -0.036000 0.518100 -0.854600
vn -0.220300 0.566700 -0.793900
vn -0.455400 0.607600 -0.650700
vn -0.456900 0.735500 -0.500300
vn -0.422300 0.837800 -0.345900
vn 0.597500 0.801800 -0.007500
vn 0.602600 0.749600 0.273700
vn 0.717800 0.685100 -0.123800
vn 0.798700 0.537900 -0.269600
vn 0.707100 0.522600 -0.476300
vn 0.605400 0.522300 -0.600600
vn 0.299800 0.074200 -0.951100
vn 0.521800 -0.839900 0.149400
vn 0.748400 -0.611800 0.256100
vn 0.698200 -0.668800 0.255200
vn 0.423400 -0.905400 0.032100
vn 0.472400 -0.839400 0.268800
vn 0.321800 -0.892300 0.316400
vn 0.423100 -0.882800 0.203700
vn 0.307900 -0.833500 0.458700
vn 0.400800 -0.878800 0.259000
vn 0.418800 -0.791500 0.445000
vn 0.073000 -0.720300 0.689700
vn 0.132500 -0.798600 0.587000
vn 0.038700 -0.707900 0.705200
vn 0.373500 -0.902900 0.212700
vn 0.470100 -0.806700 0.358100
vn 0.974400 -0.223600 0.022500
vn 0.436700 -0.890000 0.131100
vn 0.307600 -0.931000 0.196300
vn 0.417300 -0.893200 0.167100
vn 0.373400 -0.917200 0.138500
vn -0.039500 -0.696400 0.716600
vn -0.074500 -0.665000 0.743100
vn -0.100500 -0.818400 0.565800
vn 0.410200 0.881000 -0.235800
vn 0.570400 0.817700 -0.077300
vn 0.436400 0.899100 -0.033700
vn 0.773300 0.417700 -0.477000
vn 0.730600 0.642800 -0.230000
vn 0.663300 0.557700 -0.498900
vn 0.940600 0.050900 -0.335600
vn 0.969000 -0.197300 0.148800
vn 0.952500 -0.244200 0.181600
vn 0.936300 0.330300 0.118800
vn 0.826300 -0.482400 0.290700
vn 0.939800 -0.323200 -0.111000
vn 0.775300 -0.631500 0.012300
vn -0.052000 0.273400 0.960500
vn 0.407000 0.107700 0.907000
vn 0.702000 0.095600 0.705700
vn 0.699400 0.377200 0.607100
vn 0.564300 0.637500 0.524500
vn 0.443100 0.615600 -0.651600
vn 0.553900 0.627900 -0.546700
vn -0.470100 0.615000 -0.633000
vn -0.563100 0.626900 -0.538400
vn -0.235500 0.759800 -0.605900
vn 0.664100 0.746200 0.046400
vn 0.053600 0.998400 -0.018400
vn 0.762200 0.572500 -0.302100
vn 0.806600 0.302700 -0.507700
vn 0.970400 -0.203100 0.130900
vn 0.929400 -0.279200 0.241300
vn 0.926900 -0.273400 0.257000
vn 0.920100 -0.276900 0.277000
vn 0.463600 -0.584400 0.666000
vn 0.966000 0.149100 -0.211200
vn 0.435000 0.882000 0.180800
vn -0.809000 0.374300 -0.453100
vn -0.734000 0.647200 -0.205600
vn -0.696800 0.703500 0.139400
vn 0.631100 -0.131000 -0.764500
vn 0.735400 0.652100 0.184400
vn 0.493400 0.861200 0.122000
vn 0.950500 0.016100 0.310400
vn 0.604300 -0.743200 0.287100
vn 0.605000 0.666500 -0.435600
vn 0.455000 0.817600 -0.352800
vn 0.760800 0.634800 0.134500
vn 0.912400 0.187700 0.363600
vn 0.935800 -0.085200 -0.342000
vn 0.908900 -0.093700 -0.406300
vn 0.520700 -0.831800 0.192000
vn 0.125700 -0.982200 0.139600
vn 0.719100 -0.675000 0.164800
vn 0.997600 0.021800 0.065200
vn 0.994200 -0.065400 -0.085500
vn 0.975500 -0.162300 -0.148200
vn 0.652900 0.118200 0.748100
vn 0.225300 0.251300 0.941300
vn -0.138000 -0.335900 -0.931700
vn -0.397200 -0.090800 -0.913200
vn 0.983600 -0.159700 0.084000
vn 0.986300 -0.154900 0.055700
vn 0.862000 -0.476900 0.172000
vn 0.905500 -0.324900 0.273100
vn 0.662400 -0.007400 0.749100
vn 0.519400 0.521800 0.676700
vn 0.359400 -0.119000 0.925500
vn 0.731300 -0.681800 0.013600
vn 0.360100 -0.926800 -0.107100
vn 0.231000 -0.896300 -0.378500
vn 0.781000 -0.617300 -0.095000
vn 0.736000 -0.626500 -0.256400
vn 0.320100 -0.828700 -0.459000
vn 0.859000 -0.256500 0.443000
vn 0.695200 0.687600 -0.209600
vn 0.334800 -0.855300 -0.395500
vn -0.973100 -0.008600 -0.230000
vn -0.710000 -0.604100 -0.361900
vn -0.991100 -0.039600 -0.126500
vn -0.764500 -0.625300 0.156500
vn -0.993700 -0.020500 -0.110300
vn -0.883300 0.278300 -0.377200
vn -0.959600 0.136300 -0.246300
vn -0.993300 -0.005800 -0.115300
vn -0.146900 -0.205100 0.967600
vn -0.014200 -0.921400 0.388200
vn 0.041500 -0.785000 0.618100
vn 0.345800 -0.907600 -0.238000
vn -0.286400 -0.646800 0.706800
vn -0.293800 -0.566500 0.769900
vn -0.546300 0.728500 0.413200
vn -0.457300 0.887800 0.052500
vn -0.744900 0.546200 0.383200
vn -0.866500 0.326200 0.377900
vn -0.756600 -0.555300 0.345200
vn -0.472800 0.860500 0.189700
vn -0.632000 0.739900 0.230300
vn -0.627700 0.733100 0.261800
vn -0.648600 0.702300 0.293200
vn -0.998600 0.030100 -0.043100
vn -0.964900 -0.054800 0.256800
vn -0.982200 0.011700 -0.187400
vn -0.804400 -0.569600 0.168700
vn -0.837600 -0.513600 0.186000
vn -0.822800 -0.541300 0.172900
vn -0.887300 0.449200 0.104900
vn -0.939500 0.213800 0.267400
vn -0.884900 -0.448000 0.127300
vn -0.024400 -0.235000 0.971600
vn -0.922400 -0.292900 0.251700
vn -0.913900 -0.290500 0.283500
vn -0.771500 0.186000 0.608400
vn -0.736400 0.070200 0.672800
vn -0.802100 -0.597000 -0.008600
vn -0.849200 -0.515000 -0.116200
vn -0.435400 -0.880600 -0.187000
vn 0.937900 -0.293600 0.185000
vn -0.803700 -0.543300 -0.242500
vn -0.838000 -0.082300 0.539400
vn -0.473100 0.655000 -0.589200
vn 0.236600 0.952800 0.190400
vn 0.099900 0.569600 0.815800
vn 0.066200 0.897500 0.435900
vn -0.179100 -0.798600 -0.574500
vn -0.124800 -0.900700 -0.416100
vn -0.103000 -0.968500 -0.226800
vn -0.384100 -0.321000 -0.865700
vn -0.044100 -0.907700 -0.417300
vn 0.040100 -0.861000 -0.507000
vn -0.154200 -0.764600 -0.625700
vn -0.245000 -0.969500 -0.005900
vn 0.001600 -0.999600 -0.026900
vn -0.112900 -0.637400 0.762200
vn 0.244700 0.306900 0.919700
vn -0.152600 -0.815400 -0.558400
vn 0.250600 0.675600 -0.693400
vn -0.152500 -0.912000 0.380700
vn 0.026200 -0.938300 0.344800
vn 0.503400 -0.567000 -0.651900
vn -0.031900 -0.956200 -0.290900
vn 0.014700 -0.968100 -0.250200
vn 0.344600 0.803200 0.485900
vn 0.195100 0.858100 0.474800
vn 0.292700 0.837900 0.460700
vn 0.055100 0.895800 0.441000
vn -0.164700 -0.099000 -0.981300
vn -0.179100 -0.961700 -0.207600
vn -0.045600 -0.113000 0.992500
vn -0.023300 0.808700 -0.587700
vn -0.145000 0.900000 0.411100
vn -0.399600 -0.766600 0.502500
vn -0.075100 -0.978200 0.193200
vn 0.008300 -0.951100 0.308800
vn 0.491500 -0.869000 0.057200
vn -0.007300 -0.186500 0.982400
vn 0.046900 0.703700 -0.708900
vn -0.175800 -0.984400 0.008700
vn 0.250000 0.928300 -0.275200
vn 0.705000 -0.034200 0.708300
vn -0.196600 -0.630900 0.750500
vn -0.074700 -0.958100 0.276400
vn -0.052100 -0.710200 0.702100
vn 0.027700 -0.998500 0.046900
vn -0.192000 -0.975700 0.105500
vn -0.331300 -0.930600 0.155600
vn 0.181000 0.981700 0.058000
vn -0.283700 -0.851900 0.440100
vn -0.070200 -0.761500 0.644300
vn -0.135100 -0.692100 0.709000
vn -0.053400 -0.989000 0.138100
vn -0.266600 -0.432500 0.861300
vn -0.150200 -0.980800 0.123900
vn -0.216000 -0.835100 0.505900
vn -0.062800 -0.997900 0.016100
vn -0.100900 -0.992800 0.064700
vn -0.161000 -0.977600 0.135700
vn 0.017300 0.759300 -0.650500
vn -0.360800 -0.923700 0.128900
vn -0.978700 0.204400 -0.018100
vn -0.998000 -0.026900 -0.056100
vn -0.092200 0.822300 0.561500
vn -0.096900 -0.686400 0.720800
vn -0.050000 0.973600 0.222500
vn -0.319400 0.882700 -0.344700
vn -0.633200 0.184600 -0.751600
vn -0.864300 -0.203400 -0.459900
vn -0.399900 0.346200 -0.848700
vn -0.552900 0.826900 -0.102400
vn -0.679700 0.571900 -0.459200
vn -0.372900 -0.617000 0.693000
vn -0.611800 -0.519000 0.596900
vn -0.274200 -0.710300 0.648300
vn -0.250000 -0.791200 0.558100
vn -0.385700 -0.904800 0.180300
vn -0.189900 -0.784200 0.590700
vn 0.866600 -0.338000 -0.367100
vn 0.871300 -0.041900 -0.488900
vn 0.926800 -0.375400 -0.007800
vn 0.517400 0.343500 0.783700
vn -0.076400 0.192100 0.978400
vn 0.789500 0.412900 0.454100
vn 0.834200 -0.462600 -0.300200
vn 0.792400 -0.381900 0.475500
vn 0.243100 -0.010800 0.969900
vn 0.835600 0.209100 -0.508000
vn 0.965700 0.049900 -0.254600
vn -0.880000 -0.422700 -0.216700
vn -0.908300 -0.395600 -0.136100
vn -0.811900 -0.172300 -0.557800
vn -0.787700 -0.073500 -0.611600
vn 0.692800 -0.089400 -0.715600
vn 0.876600 0.233500 -0.420700
vn 0.752600 0.482700 0.447900
vn 0.330000 0.724300 0.605400
vn 0.662800 -0.556700 -0.500700
vn -0.698000 -0.069100 -0.712700
vn -0.931200 0.138700 0.337200
vn -0.402900 0.110400 -0.908500
vn -0.583700 -0.146000 0.798700
vn -0.456200 -0.628300 0.630200
vn -0.964500 -0.246400 0.094900
vn 0.489000 -0.392900 -0.778800
vn 0.484400 -0.483400 -0.729100
vn 0.858200 -0.295200 -0.419900
vn 0.144700 0.526200 0.837900
vn -0.062300 0.654400 0.753500
vn 0.110300 0.463900 0.879000
vn 0.737100 -0.657500 -0.156000
vn 0.979000 -0.044200 0.198900
vn 0.502100 0.498500 0.706700
vn 0.468300 0.526700 0.709400
vn -0.867700 0.359600 0.343100
vn -0.814400 0.382000 0.436800
vn -0.718300 -0.469000 -0.513800
vn -0.084700 0.817800 0.569200
vn -0.634100 0.767700 -0.092600
vn -0.745000 0.666900 0.015600
vn 0.878800 0.475200 0.042000
vn 0.942700 0.314000 0.112900
vn 0.335200 0.634300 0.696600
vn 0.391700 0.567400 0.724200
vn 0.018700 -0.479400 -0.877300
vn -0.201200 -0.621600 -0.757000
vn -0.001400 -0.138200 -0.990400
vn -0.026900 0.402000 0.915200
vn 0.943800 -0.329800 -0.023700
vn -0.260400 -0.729100 -0.632900
vn -0.431700 0.529700 0.730100
vn -0.750800 -0.376000 -0.543000
vn -0.254000 0.757600 0.601300
vn -0.211700 0.770100 0.601800
vn -0.912800 0.379300 0.151000
vn -0.835500 0.484000 0.259900
vn 0.003900 -0.051200 -0.998700
vn -0.081600 0.300700 -0.950200
vn -0.189800 0.043100 0.980900
vn 0.864300 -0.459200 0.205100
vn 0.726200 -0.093000 0.681200
vn -0.071400 0.151700 0.985800
vn -0.869100 0.085300 -0.487300
vn -0.676600 0.708800 0.199400
vn 0.909000 0.108300 0.402400
vn 0.558500 0.168200 0.812300
vn -0.883000 0.092500 0.460000
vn -0.969100 0.232200 -0.083700
vn -0.937900 -0.336500 -0.084000
vn -0.925900 -0.373200 -0.057400
vn -0.036400 -0.069600 0.996900
vn 0.016600 -0.119400 0.992700
vn 0.098000 -0.243800 -0.964800
vn -0.012800 -0.222500 0.974800
vn -0.930000 0.096100 -0.354700
vn -0.648200 0.547400 0.529300
vn 0.151300 -0.987100 0.051700
vn 0.369900 -0.824800 0.427600
vn -0.072300 -0.931400 0.356600
vn -0.198200 0.084400 0.976500
vn -0.353700 -0.489700 0.796900
vn -0.023200 -0.816000 -0.577600
vn -0.005300 -0.513100 -0.858300
vn 0.361200 -0.888700 -0.282400
vn 0.581100 -0.632200 -0.512400
vn 0.506800 -0.389400 -0.769100
vn -0.773400 0.519300 -0.363500
vn -0.555800 0.345000 -0.756300
vn -0.456200 -0.829100 -0.323300
vn -0.998400 -0.056400 0.000700
vn 0.637000 -0.186700 -0.747900
vn 0.579200 0.101000 -0.808800
vn -0.040900 0.853800 -0.518900
vn 0.508300 0.725900 -0.463400
vn 0.380100 0.838200 0.391000
vn -0.025300 0.367300 -0.929700
vn 0.475100 0.526700 -0.704900
vn 0.053000 0.537800 0.841400
vn -0.022700 -0.197600 -0.980000
vn 0.598800 0.160600 -0.784600
vn -0.075200 -0.169700 -0.982600
vn -0.437200 0.750100 -0.496100
vn 0.180300 0.515800 0.837500
vn -0.335200 -0.928900 0.157300
vn -0.387900 -0.850100 0.356000
vn 0.325500 -0.861100 -0.390500
vn -0.318200 -0.457100 -0.830600
vn 0.375200 0.511100 0.773200
vn 0.803600 0.417900 0.423800
vn -0.756600 -0.211600 -0.618600
vn -0.443800 0.874300 0.196600
vn -0.559500 0.266900 0.784700
vn -0.961900 -0.228800 -0.149300
vn -0.692100 -0.692200 0.204500
vn 0.841400 -0.242100 -0.483100
vn 0.978800 0.204100 -0.017600
vn 0.286200 -0.665500 -0.689300
vn 0.248400 0.378300 -0.891700
vn -0.157700 -0.350400 0.923200
vn 0.944300 -0.310300 0.109600
vn 0.953600 -0.297100 0.048600
vn -0.020400 0.668600 -0.743300
vn 0.998600 0.052300 -0.007000
vn 0.129900 0.985600 -0.108100
vn 0.979600 -0.200400 -0.007900
vn 0.964500 -0.262000 0.031200
vn -0.982100 0.007100 -0.188000
vn 0.130100 0.964000 -0.231700
vn -0.988300 0.004800 -0.152300
vn 0.237600 0.663700 -0.709200
vn -0.970600 -0.090900 -0.222800
vn 0.993900 -0.082800 -0.072900
vn -0.154100 -0.839000 0.521800
vn -0.133900 -0.824600 0.549500
vn -0.980500 -0.077900 0.180100
vn -0.984900 0.165500 -0.050100
vn 0.245500 0.710600 -0.659400
vn -0.206600 -0.145100 0.967600
vn -0.211200 -0.579000 0.787400
vn 0.995600 -0.084600 0.039800
vn 0.231800 0.517000 -0.823900
vn 0.073300 0.137600 -0.987800
vn 0.931300 -0.200800 0.303800
vn -0.218600 -0.711400 0.667900
vn -0.189600 -0.595200 0.780900
vn -0.907900 -0.349300 -0.231500
vn 0.977200 0.195000 -0.083400
vn 0.055600 -0.717800 -0.694000
vn -0.985800 0.143200 -0.087200
vn -0.989700 0.137300 -0.040000
vn -0.990800 0.121000 0.060500
vn -0.990600 0.028700 0.133400
vn 0.138500 -0.432100 -0.891100
vn 0.936100 -0.342100 -0.081800
vn 0.227400 -0.198900 -0.953200
vn 0.997800 -0.064900 -0.008700
vn 0.844300 0.528800 0.086900
vn 0.896900 0.441900 -0.012900
vn 0.178000 -0.917400 -0.355900
vn 0.127500 -0.843300 -0.522100
vn -0.027900 0.717900 0.695500
vn -0.159300 0.767200 0.621300
vn -0.990500 0.131700 -0.038300
vn -0.982900 -0.056700 0.174900
vn 0.194700 -0.750200 -0.631800
vn 0.987900 0.019100 0.153600
vn -0.977300 0.018700 0.211000
vn -0.716100 0.335000 0.612300
vn -0.182600 0.958800 0.217500
vn -0.082000 0.840100 0.536100
vn 0.074800 -0.979000 -0.189700
vn 0.929300 0.326400 -0.172900
vn 0.968800 0.236700 -0.073700
vn -0.002200 0.994400 0.106100
vn -0.222600 0.943500 -0.245400
vn -0.969300 0.059600 -0.238300
vn -0.966800 0.061400 -0.247800
vn -0.199300 0.609800 0.767100
vn -0.122700 0.373000 0.919700
vn -0.607300 0.428000 0.669300
vn -0.921700 0.310600 0.232300
vn 0.087300 -0.989600 0.113900
vn 0.833400 0.552100 0.021700
vn 0.184300 -0.910900 0.369000
vn 0.937000 0.349300 -0.003800
vn -0.105000 0.992200 0.067000
vn -0.211900 0.339400 0.916400
vn 0.288700 0.865100 0.410200
vn -0.033800 -0.184300 0.982300
vn 0.205500 0.802200 0.560500
vn -0.409400 -0.011000 0.912300
vn 0.244400 0.590900 -0.768800
vn -0.261700 0.326600 -0.908200
vn 0.916000 -0.324500 0.235800
vn -0.846200 -0.079900 0.526700
vn -0.164300 -0.946600 0.277300
vn -0.940500 -0.027000 -0.338700
vn -0.834400 -0.063500 -0.547500
vn -0.213300 -0.362200 0.907300
vn 0.835600 0.049500 -0.547100
vn 0.770100 -0.564200 -0.297700
vn 0.827100 -0.026500 -0.561400
vn -0.453600 0.061400 -0.889100
vn -0.573600 0.377100 -0.727200
vn 0.859200 -0.488800 -0.151200
vn -0.149000 -0.241100 0.959000
vn -0.184600 -0.207100 0.960700
vn -0.307100 0.900400 0.308100
vn -0.946100 0.314100 0.079000
vn -0.834000 0.550900 -0.029300
vn 0.200300 0.971300 -0.128200
vn -0.482300 -0.820000 -0.308100
vn 0.987000 0.158600 0.024600
vn 0.524200 -0.847500 -0.082500
vn -0.541300 -0.810400 -0.223800
vn 0.385000 0.809700 0.442800
vn -0.398500 -0.809500 -0.431100
vn 0.447600 -0.737200 -0.506100
vn 0.958800 0.195300 0.206000
vn 0.976000 0.088400 0.198900
vn -0.902600 0.423300 -0.078200
vn 0.015600 0.998700 -0.047500
vn 0.135600 0.990500 0.022600
vn 0.289300 0.618600 -0.730500
vn -0.598500 -0.165000 -0.783900
vn -0.907400 0.352500 -0.228600
vn -0.248000 0.873500 -0.418800
vn 0.977700 0.209600 0.014700
vn 0.736500 0.637100 0.227100
vn -0.761600 0.445900 -0.470200
vn 0.813100 0.318200 -0.487400
vn 0.542500 -0.554900 -0.630700
vn 0.884900 -0.331400 -0.327200
vn 0.983500 0.118200 0.136900
vn 0.443300 0.491000 0.749900
vn 0.419800 0.519000 0.744600
vn 0.403800 0.532200 0.744100
vn -0.827900 0.341700 0.444800
vn -0.633500 -0.468400 -0.615800
vn 0.454200 0.341300 0.822900
vn 0.155800 0.605100 0.780800
vn 0.558200 -0.770400 -0.308000
vn -0.682200 -0.485400 -0.546800
vn -0.150400 0.754400 0.638900
vn -0.855700 0.511200 0.080000
vn -0.786300 0.561600 0.257200
vn -0.735100 0.585000 0.342600
vn 0.440900 -0.665300 0.602500
vn 0.040900 -0.605200 0.795000
vn -0.286200 -0.483500 0.827200
vn -0.337600 -0.774800 0.534500
vn -0.389400 -0.471100 0.791400
vn -0.790100 -0.609200 0.067100
vn 0.598400 -0.454900 0.659500
vn -0.780700 -0.402000 0.478400
vn 0.013700 -0.977800 -0.208700
vn -0.067200 -0.952000 -0.298700
vn -0.119900 -0.938700 -0.323300
vn -0.062300 -0.894200 -0.443300
vn -0.066900 -0.993000 -0.096600
vn -0.048600 -0.997700 -0.046000
vn -0.000900 -0.862200 -0.506500
vn -0.092300 -0.992400 0.081000
vn 0.114000 0.091600 0.989200
vn 0.086600 0.982100 0.167000
vn 0.100400 0.973800 0.203700
vn 0.136400 0.990400 -0.020800
vn 0.088800 0.994400 -0.056800
vn 0.131000 0.966100 0.222300
vn 0.073200 0.992800 0.094500
vn -0.005700 1.000000 0.004800
vn 0.038300 0.987400 0.153400
vn -0.975800 -0.117100 0.184700
vn -0.907700 0.012100 0.419500
vn -0.743700 0.108400 0.659600
vn 0.287400 -0.957800 0.005500
vn 0.169200 -0.877100 0.449400
vn 0.543900 -0.724400 0.423400
vn -0.059600 -0.740100 0.669800
vn 0.521400 -0.846500 0.107200
vn 0.468700 -0.878100 0.096100
vn -0.144900 -0.936100 0.320600
vn 0.693700 0.718600 0.047200
vn 0.566600 0.621600 -0.540800
vn 0.678200 0.613300 -0.404800
vn -0.677000 0.617800 -0.399900
s 1
f 1/1/1 1552/2/2 1907/3/3 1553/4/4
f 1/1/1 1553/4/4 1940/5/5 1446/6/6
f 1/1/1 1446/6/6 2234/7/7 1552/2/2
f 2/8/8 764/9/9 1899/10/10 1554/11/11
f 2/8/8 1554/11/11 1896/12/12 759/13/13
f 2/8/8 759/13/13 1897/14/14 764/9/9
f 3/15/15 765/16/16 1900/17/17 1555/18/18
f 3/15/15 1555/18/18 1932/19/19 763/20/20
f 3/15/15 763/20/20 1899/10/10 765/16/16
f 4/21/21 766/22/22 1901/23/23 1557/24/24
f 4/21/21 1557/24/24 1930/25/25 1556/26/26
f 4/21/21 1556/26/26 1900/17/17 766/22/22
f 5/27/27 834/28/28 1903/29/29 769/30/30
f 5/27/27 769/30/30 1904/31/31 797/32/32
f 5/27/27 797/32/32 1943/33/33 834/28/28
f 6/34/34 798/35/35 1933/36/36 1558/37/37
f 6/34/34 1558/37/37 1943/33/33 797/32/32
f 6/34/34 797/32/32 1904/31/31 798/35/35
f 7/38/38 771/39/39 1905/40/40 1559/41/41
f 7/38/38 1559/41/41 2002/42/42 955/43/43
f 7/38/38 955/43/43 1906/44/44 771/39/39
f 8/45/45 962/46/46 2006/47/47 1560/48/48
f 8/45/45 1560/48/48 1905/40/40 770/49/49
f 8/45/45 770/49/49 1933/36/36 962/46/46
f 9/50/50 822/51/51 1950/52/52 817/53/53
f 9/50/50 817/53/53 1921/54/54 786/55/55
f 9/50/50 786/55/55 1922/56/56 822/51/51
f 10/57/57 1435/58/58 1955/59/59 1561/60/60
f 10/57/57 1561/60/60 2227/61/61 1432/62/62
f 10/57/57 1432/62/62 2230/63/63 1435/58/58
f 11/64/64 825/65/65 1909/66/66 1562/67/67
f 11/64/64 1562/67/67 1948/68/68 814/69/69
f 11/64/64 814/69/69 1935/70/70 825/65/65
f 12/71/71 829/72/72 1919/73/73 1563/74/74
f 12/71/71 1563/74/74 1939/75/75 806/76/76
f 12/71/71 806/76/76 1952/77/77 829/72/72
f 13/78/78 774/79/79 1909/66/66 1564/80/80
f 13/78/78 1564/80/80 1954/81/81 844/82/82
f 13/78/78 844/82/82 1908/83/83 774/79/79
f 14/84/84 776/85/85 1911/86/86 1565/87/87
f 14/84/84 1565/87/87 1948/68/68 816/88/88
f 14/84/84 816/88/88 1910/89/89 776/85/85
f 15/90/90 840/91/91 1947/92/92 1566/93/93
f 15/90/90 1566/93/93 1938/94/94 803/95/95
f 15/90/90 803/95/95 1911/86/86 840/91/91
f 16/96/96 827/97/97 1920/98/98 1567/99/99
f 16/96/96 1567/99/99 1936/100/100 807/101/101
f 16/96/96 807/101/101 1939/75/75 827/97/97
f 17/102/102 830/103/103 1937/104/104 1568/105/105
f 17/102/102 1568/105/105 1939/75/75 805/106/106
f 17/102/102 805/106/106 1951/107/107 830/103/103
f 18/108/108 833/109/109 2259/110/110 1569/111/111
f 18/108/108 1569/111/111 1919/73/73 829/72/72
f 18/108/108 829/72/72 1952/77/77 833/109/109
f 19/112/112 1571/113/113 1951/107/107 805/106/106
f 19/112/112 805/106/106 1939/75/75 807/101/101
f 19/112/112 807/101/101 1936/100/100 1571/113/113
f 20/114/114 831/115/115 1913/116/116 1572/117/117
f 20/114/114 1572/117/117 1956/118/118 1316/119/119
f 20/114/114 1316/119/119 1941/120/120 831/115/115
f 21/121/121 804/122/122 1935/70/70 824/123/123
f 21/121/121 824/123/123 1936/100/100 846/124/124
f 21/121/121 846/124/124 1949/125/125 804/122/122
f 22/126/126 812/127/127 1945/128/128 1573/129/129
f 22/126/126 1573/129/129 2020/130/130 1007/131/131
f 22/126/126 1007/131/131 1923/132/132 812/127/127
f 23/133/133 887/134/134 1987/135/135 1574/136/136
f 23/133/133 1574/136/136 2111/137/137 1192/138/138
f 23/133/133 1192/138/138 1988/139/139 887/134/134
f 24/140/140 835/141/141 1985/142/142 884/143/143
f 24/140/140 884/143/143 1984/144/144 906/145/145
f 24/140/140 906/145/145 2002/42/42 835/141/141
f 25/146/146 809/147/147 1942/148/148 836/149/149
f 25/146/146 836/149/149 2172/150/150 1310/151/151
f 25/146/146 1310/151/151 1924/152/152 809/147/147
f 26/153/153 837/154/154 1938/94/94 1575/155/155
f 26/153/153 1575/155/155 1951/107/107 826/156/156
f 26/153/153 826/156/156 1948/68/68 837/154/154
f 27/157/157 838/158/158 1946/159/159 1576/160/160
f 27/157/157 1576/160/160 1927/161/161 810/162/162
f 27/157/157 810/162/162 1943/33/33 838/158/158
f 28/163/163 839/164/164 2006/47/47 910/165/165
f 28/163/163 910/165/165 1986/166/166 885/167/167
f 28/163/163 885/167/167 1985/168/142 839/164/164
f 29/169/168 842/170/169 1947/171/92 1577/172/170
f 29/169/168 1577/172/170 1913/116/116 831/115/115
f 29/169/168 831/115/115 1941/120/120 842/170/169
f 30/173/171 780/174/172 1915/175/173 1578/176/174
f 30/173/171 1578/176/174 1956/118/118 848/177/175
f 30/173/171 848/177/175 1914/178/176 780/174/172
f 31/179/177 847/180/178 1956/181/118 1579/182/179
f 31/179/177 1579/182/179 2262/183/180 828/184/181
f 31/179/177 828/184/181 1937/185/104 847/180/178
f 32/186/182 846/124/124 1936/100/100 1580/187/183
f 32/186/182 1580/187/183 1950/188/52 821/189/184
f 32/186/182 821/189/184 1949/125/125 846/124/124
f 33/190/185 1517/191/186 1906/44/44 955/43/43
f 33/190/185 955/43/43 2002/42/42 1516/192/187
f 33/190/185 1516/192/187 2267/193/188 1517/191/186
f 34/194/189 851/195/190 1955/59/59 1581/196/191
f 34/194/189 1581/196/191 1945/197/128 849/198/192
f 34/194/189 849/198/192 1940/5/5 851/195/190
f 35/199/193 1386/200/194 2014/81/195 1582/201/196
f 35/199/193 1582/201/196 2207/202/197 1384/203/198
f 35/199/193 1384/203/198 2208/204/199 1386/200/194
f 36/205/200 820/206/201 1955/59/59 853/207/202
f 36/205/200 853/207/202 1954/81/81 818/208/203
f 36/205/200 818/208/203 1949/125/125 820/206/201
f 37/209/204 841/210/205 2259/110/110 856/211/206
f 37/209/204 856/211/206 1957/212/207 854/213/208
f 37/209/204 854/213/208 1918/214/209 841/210/205
f 38/215/210 782/216/211 1918/214/209 854/213/208
f 38/215/210 854/213/208 1957/212/207 855/217/212
f 38/215/210 855/217/212 1917/218/213 782/216/211
f 39/219/214 857/220/215 1958/221/216 1583/222/217
f 39/219/214 1583/222/217 1961/223/218 862/224/219
f 39/219/214 862/224/219 1959/225/220 857/220/215
f 40/226/221 861/227/222 1992/228/223 1584/229/224
f 40/226/221 1584/229/224 1962/230/225 863/231/226
f 40/226/221 863/231/226 1961/223/218 861/227/222
f 41/232/227 1585/233/228 1990/234/229 858/235/230
f 41/232/227 858/235/230 1960/236/231 859/237/232
f 41/232/227 859/237/232 1963/238/233 1585/233/228
f 42/239/234 1193/240/235 1987/241/135 1587/242/236
f 42/239/234 1587/242/236 2114/243/237 1187/244/238
f 42/239/234 1187/244/238 2101/245/239 1193/240/235
f 43/246/240 882/247/241 1982/248/242 1589/249/243
f 43/246/240 1589/249/243 2248/250/244 1588/251/245
f 43/246/240 1588/251/245 1983/252/246 882/247/241
f 44/253/247 1547/254/248 1949/255/125 821/256/184
f 44/253/247 821/256/184 1950/257/52 800/258/249
f 44/253/247 800/258/249 1944/259/250 1547/254/248
f 45/260/251 914/261/252 2010/262/253 919/263/254
f 45/260/251 919/263/254 1982/264/242 881/265/255
f 45/260/251 881/265/255 1981/266/256 914/261/252
f 46/267/257 870/268/258 1969/269/259 1590/67/260
f 46/267/257 1590/67/260 2008/270/261 913/88/262
f 46/267/257 913/88/262 1970/271/263 870/268/258
f 47/272/264 902/273/265 1999/274/266 1591/275/267
f 47/272/264 1591/275/267 1979/73/268 926/276/269
f 47/272/264 926/276/269 2012/277/270 902/273/265
f 48/278/271 998/279/272 1908/83/83 1592/280/273
f 48/278/271 1592/280/273 2225/281/274 1427/282/275
f 48/278/271 1427/282/275 2014/81/195 998/279/272
f 49/283/276 913/88/262 2008/270/261 1593/284/277
f 49/283/276 1593/284/277 1971/285/278 871/286/279
f 49/283/276 871/286/279 1970/271/263 913/88/262
f 50/287/280 937/288/281 1971/285/278 1594/289/282
f 50/287/280 1594/289/282 2001/290/283 939/291/284
f 50/287/280 939/291/284 2007/292/285 937/288/281
f 51/293/286 903/294/287 1996/100/288 1595/295/289
f 51/293/286 1595/295/289 1980/296/290 924/297/291
f 51/293/286 924/297/291 1999/274/266 903/294/287
f 52/298/292 925/299/293 1997/300/294 1596/301/295
f 52/298/292 1596/301/295 1999/274/266 1498/273/296
f 52/298/292 1498/273/296 2263/302/297 925/299/293
f 53/303/298 938/304/299 2261/305/300 1597/306/301
f 53/303/298 1597/306/301 1979/73/268 878/307/302
f 53/303/298 878/307/302 1978/308/303 938/304/299
f 54/309/304 1598/310/305 1996/100/288 1599/311/306
f 54/309/304 1599/311/306 2011/312/307 923/156/308
f 54/309/304 923/156/308 2008/270/261 1598/310/305
f 55/121/309 921/123/310 1995/70/311 900/122/312
f 55/121/309 900/122/312 2009/125/313 942/124/314
f 55/121/309 942/124/314 1996/100/288 921/123/310
f 56/313/315 940/314/316 1982/248/242 1600/315/317
f 56/313/315 1600/315/317 2018/316/318 895/317/319
f 56/313/315 895/317/319 1993/318/320 940/314/316
f 57/319/321 1172/320/322 1964/321/323 1179/322/324
f 57/319/321 1179/322/324 1989/323/325 1177/324/326
f 57/319/321 1177/324/326 2109/325/327 1172/320/322
f 58/326/328 908/327/329 2018/316/318 868/328/330
f 58/326/328 868/328/330 2010/329/253 936/330/331
f 58/326/328 936/330/331 2004/331/332 908/327/329
f 59/146/333 933/149/334 2002/42/42 906/145/145
f 59/146/333 906/145/145 1984/144/144 1313/151/335
f 59/146/333 1313/151/335 2173/332/336 933/149/334
f 60/333/337 923/156/308 2011/312/307 1601/334/338
f 60/333/337 1601/334/338 1998/335/339 934/336/340
f 60/333/337 934/336/340 2008/270/261 923/156/308
f 61/157/341 907/162/342 1987/241/135 1602/160/343
f 61/157/341 1602/160/343 2006/47/47 935/158/344
f 61/157/341 935/158/344 2003/33/345 907/162/342
f 62/337/346 932/338/347 1994/339/348 893/340/349
f 62/337/346 893/340/349 2018/316/318 908/327/329
f 62/337/346 908/327/329 2004/331/332 932/338/347
f 63/341/350 872/342/351 2007/343/285 1603/344/352
f 63/341/350 1603/344/352 1973/345/353 873/346/354
f 63/341/350 873/346/354 1972/347/355 872/342/351
f 64/348/356 944/349/357 2016/350/358 1604/351/359
f 64/348/356 1604/351/359 1975/352/360 875/353/361
f 64/348/356 875/353/361 1974/354/362 944/349/357
f 65/355/363 808/356/364 1941/357/120 1605/358/365
f 65/355/363 1605/358/365 1937/359/104 819/360/366
f 65/355/363 819/360/366 1938/361/94 808/356/364
f 66/362/367 925/363/293 2263/364/297 1606/365/368
f 66/362/367 1606/365/368 2016/366/358 943/367/369
f 66/362/367 943/367/369 1997/368/294 925/363/293
f 67/186/370 918/189/371 2010/188/253 1607/187/372
f 67/186/370 1607/187/372 1996/100/288 942/124/314
f 67/186/370 942/124/314 2009/125/313 918/189/371
f 68/194/373 945/198/374 2005/197/375 1608/196/376
f 68/194/373 1608/196/376 2015/369/377 947/195/378
f 68/194/373 947/195/378 2000/370/379 945/198/374
f 69/371/380 948/372/381 2014/81/195 1609/373/382
f 69/371/380 1609/373/382 2206/374/383 1387/375/384
f 69/371/380 1387/375/384 1995/376/311 948/372/381
f 70/205/385 949/377/386 2015/369/377 917/206/387
f 70/205/385 917/206/387 2009/125/313 915/208/388
f 70/205/385 915/208/388 2014/81/195 949/377/386
f 71/378/389 953/379/390 2261/305/300 938/304/299
f 71/378/389 938/304/299 1978/308/303 950/380/391
f 71/378/389 950/380/391 2017/381/392 953/379/390
f 72/382/393 982/383/394 2258/384/395 1610/385/396
f 72/382/393 1610/385/396 1976/386/397 983/387/398
f 72/382/393 983/387/398 1916/388/399 982/383/394
f 73/389/400 950/380/391 1978/390/303 877/391/401
f 73/389/400 877/391/401 1977/392/402 951/393/403
f 73/389/400 951/393/403 2017/394/392 950/380/391
f 74/395/404 954/396/405 2009/397/313 869/398/406
f 74/395/404 869/398/406 1994/339/348 932/338/347
f 74/395/404 932/338/347 2004/331/332 954/396/405
f 75/399/407 1612/400/408 2190/401/409 1350/402/410
f 75/399/407 1350/402/410 1981/403/256 1536/404/411
f 75/399/407 1536/404/411 2277/405/412 1612/400/408
f 76/406/413 1190/407/414 2108/408/415 1613/409/416
f 76/406/413 1613/409/416 2111/410/137 1168/411/417
f 76/406/413 1168/411/417 2115/412/418 1190/407/414
f 77/413/419 1531/414/420 2272/415/421 1614/416/422
f 77/413/419 1614/416/422 1986/417/166 886/418/423
f 77/413/419 886/418/423 1987/419/135 1531/414/420
f 78/420/424 1522/421/425 2009/422/313 912/423/426
f 78/420/424 912/423/426 2005/424/375 1521/425/427
f 78/420/424 1521/425/427 2268/426/428 1522/421/425
f 79/427/429 965/428/430 1931/429/431 1615/430/432
f 79/427/429 1615/430/432 1990/431/229 889/432/433
f 79/427/429 889/432/433 1991/433/434 965/428/430
f 80/434/435 1322/435/436 2174/436/437 1616/437/438
f 80/434/435 1616/437/438 1974/354/362 1318/438/439
f 80/434/435 1318/438/439 2175/439/440 1322/435/436
f 81/440/441 783/441/442 1918/442/209 1617/443/443
f 81/440/441 1617/443/443 1979/444/268 969/445/444
f 81/440/441 969/445/444 1919/446/73 783/441/442
f 82/447/445 971/448/446 1901/23/23 1618/449/447
f 82/447/445 1618/449/447 1962/230/225 864/450/448
f 82/447/445 864/450/448 1963/238/233 971/448/446
f 83/451/449 1159/452/450 2276/453/451 1619/454/452
f 83/451/449 1619/454/452 1983/455/246 1158/456/453
f 83/451/449 1158/456/453 2098/457/454 1159/452/450
f 84/458/455 896/459/456 2005/424/375 1620/460/457
f 84/458/455 1620/460/457 1967/461/458 991/462/459
f 84/458/455 991/462/459 1968/463/460 896/459/456
f 85/464/461 793/465/462 1928/466/463 1621/467/464
f 85/464/461 1621/467/464 1989/468/325 976/469/465
f 85/464/461 976/469/465 1929/470/466 793/465/462
f 86/471/467 1623/472/468 1970/473/263 871/474/279
f 86/471/467 871/474/279 1971/475/278 1319/476/469
f 86/471/467 1319/476/469 2176/477/470 1623/472/468
f 87/478/471 759/13/13 1896/12/12 1624/479/472
f 87/478/471 1624/479/472 1959/225/220 980/480/473
f 87/478/471 980/480/473 1897/14/14 759/13/13
f 88/481/474 796/482/475 1932/19/19 1625/483/476
f 88/481/474 1625/483/476 1958/221/216 979/484/477
f 88/481/474 979/484/477 1896/485/12 796/482/475
f 89/486/478 855/217/212 1957/212/207 952/487/479
f 89/486/478 952/487/479 1916/488/399 781/489/480
f 89/486/478 781/489/480 1917/218/213 855/217/212
f 90/490/481 984/491/482 1980/492/290 1626/493/483
f 90/490/481 1626/493/483 2194/494/484 1360/495/485
f 90/490/481 1360/495/485 2190/496/409 984/491/482
f 91/497/486 768/498/487 1902/499/488 1627/500/489
f 91/497/486 1627/500/489 1965/501/490 958/502/491
f 91/497/486 958/502/491 1903/503/29 768/498/487
f 92/504/492 1323/505/493 2176/477/470 1628/506/494
f 92/504/492 1628/506/494 2007/343/285 1320/507/495
f 92/504/492 1320/507/495 2177/508/496 1323/505/493
f 93/509/497 1539/510/498 2275/511/499 1629/512/500
f 93/509/497 1629/512/500 1986/417/166 960/513/501
f 93/509/497 960/513/501 2271/514/502 1539/510/498
f 94/515/503 1187/244/238 2114/243/237 1630/516/504
f 94/515/503 1630/516/504 2117/517/505 1207/518/506
f 94/515/503 1207/518/506 2101/245/239 1187/244/238
f 95/519/507 964/520/508 1930/521/25 1631/522/509
f 95/519/507 1631/522/509 1989/468/325 988/523/510
f 95/519/507 988/523/510 1990/524/229 964/520/508
f 96/525/511 1324/526/512 2178/527/513 1632/528/514
f 96/525/511 1632/528/514 1973/345/353 966/529/515
f 96/525/511 966/529/515 2174/436/437 1324/526/512
f 97/530/516 761/531/517 1901/532/23 1633/531/518
f 97/530/516 1633/531/518 1960/533/231 990/534/519
f 97/530/516 990/534/519 1898/534/520 761/531/517
f 98/535/521 1526/536/522 1945/128/128 815/537/523
f 98/535/521 815/537/523 1949/538/125 1525/539/524
f 98/535/521 1525/539/524 2269/540/525 1526/536/522
f 99/541/526 782/542/211 1917/543/213 1634/544/527
f 99/541/526 1634/544/527 1978/545/303 968/546/528
f 99/541/526 968/546/528 1918/442/209 782/542/211
f 100/547/529 970/548/530 1900/17/17 1635/549/531
f 100/547/529 1635/549/531 1961/223/218 863/231/226
f 100/547/529 863/231/226 1962/230/225 970/548/530
f 101/550/532 995/551/533 2260/552/534 1636/553/535
f 101/550/532 1636/553/535 2183/554/536 1337/555/537
f 101/550/532 1337/555/537 1976/556/397 995/551/533
f 102/557/538 1540/558/539 2270/559/540 1637/560/541
f 102/557/538 1637/560/541 1983/455/246 972/561/542
f 102/557/538 972/561/542 2273/562/543 1540/558/539
f 103/563/544 1205/564/545 2112/565/546 1638/566/547
f 103/563/544 1638/566/547 2116/567/548 1200/568/549
f 103/563/544 1200/568/549 2120/569/550 1205/564/545
f 104/570/551 792/571/552 1927/572/161 961/573/553
f 104/570/551 961/573/553 2272/415/421 1640/574/554
f 104/570/551 1640/574/554 1928/466/463 792/571/552
f 105/575/555 977/576/556 1910/577/89 1641/578/557
f 105/575/555 1641/578/557 1969/269/259 870/268/258
f 105/575/555 870/268/258 1970/271/263 977/576/556
f 106/579/558 795/580/559 1931/429/431 1642/581/560
f 106/579/558 1642/581/560 1992/228/223 981/582/561
f 106/579/558 981/582/561 1932/19/19 795/580/559
f 107/583/562 780/174/172 1914/178/176 967/584/563
f 107/583/562 967/584/563 2175/439/440 1644/585/564
f 107/583/562 1644/585/564 1915/175/173 780/174/172
f 108/586/565 1645/587/566 1919/446/73 1646/588/567
f 108/586/565 1646/588/567 2190/401/409 1349/589/568
f 108/586/565 1349/589/568 2189/590/569 1645/587/566
f 109/591/570 767/592/571 1898/593/520 1648/594/572
f 109/591/570 1648/594/572 1964/595/323 985/596/573
f 109/591/570 985/596/573 1902/597/488 767/592/571
f 110/598/574 1541/599/575 2274/600/576 1649/601/577
f 110/598/574 1649/601/577 1985/602/142 987/603/578
f 110/598/574 987/603/578 2275/511/499 1541/599/575
f 111/604/579 1167/605/580 2108/606/415 1650/607/581
f 111/604/579 1650/607/581 2110/608/582 1551/609/583
f 111/604/579 1551/609/583 2109/610/327 1167/605/580
f 112/611/584 1325/612/585 2177/508/496 1651/613/586
f 112/611/584 1651/613/586 1972/347/355 989/614/587
f 112/611/584 989/614/587 2178/527/513 1325/612/585
f 113/615/588 781/616/480 1916/617/399 1652/618/589
f 113/615/588 1652/618/589 1977/619/402 992/620/590
f 113/615/588 992/620/590 1917/621/213 781/616/480
f 114/622/591 764/9/9 1897/14/14 1653/623/592
f 114/622/591 1653/623/592 1961/223/218 993/624/593
f 114/622/591 993/624/593 1899/10/10 764/9/9
f 115/625/594 1327/626/595 2260/627/534 1494/628/596
f 115/625/594 1494/628/596 2261/305/300 953/379/390
f 115/625/594 953/379/390 2017/381/392 1327/626/595
f 116/629/597 996/630/598 2017/631/392 951/632/403
f 116/629/597 951/632/403 1977/392/402 876/633/599
f 116/629/597 876/633/599 1976/634/397 996/630/598
f 117/78/600 998/279/272 2014/81/195 1654/80/601
f 117/78/600 1654/80/601 1969/269/259 997/635/602
f 117/78/600 997/635/602 1908/83/83 998/279/272
f 118/636/603 963/637/604 1909/66/66 774/79/79
f 118/636/603 774/79/79 1908/83/83 997/635/602
f 118/636/603 997/635/602 1969/269/259 963/637/604
f 119/638/605 936/330/331 2010/329/253 918/639/371
f 119/638/605 918/639/371 2009/397/313 954/396/405
f 119/638/605 954/396/405 2004/331/332 936/330/331
f 120/640/606 1655/641/607 2021/642/608 1656/643/609
f 120/640/606 1656/643/609 2029/644/610 1479/645/611
f 120/640/606 1479/645/611 2255/646/612 1655/641/607
f 121/647/613 1441/648/614 2000/370/379 1658/649/615
f 121/647/613 1658/649/615 1907/3/3 1657/650/616
f 121/647/613 1657/650/616 2233/651/617 1441/648/614
f 122/652/618 1480/653/619 2256/654/620 1659/655/621
f 122/652/618 1659/655/621 2026/656/622 1474/657/623
f 122/652/618 1474/657/623 2250/658/624 1480/653/619
f 123/659/625 787/660/626 1923/661/132 1661/662/627
f 123/659/625 1661/662/627 2249/663/628 1660/664/629
f 123/659/625 1660/664/629 1922/665/56 787/660/626
f 124/666/630 822/667/51 1922/665/56 1662/668/631
f 124/666/630 1662/668/631 2023/669/632 1009/670/633
f 124/666/630 1009/670/633 1950/257/52 822/667/51
f 125/671/634 904/672/635 2022/673/636 1013/674/637
f 125/671/634 1013/674/637 2019/675/638 1488/676/639
f 125/671/634 1488/676/639 2099/677/640 904/672/635
f 126/678/641 1012/679/642 1993/318/320 895/317/319
f 126/678/641 895/317/319 2018/316/318 893/340/349
f 126/678/641 893/340/349 1994/339/348 1012/679/642
f 127/680/643 1013/674/637 2022/673/636 1004/681/644
f 127/680/643 1004/681/644 2023/669/632 1005/682/645
f 127/680/643 1005/682/645 2019/675/638 1013/674/637
f 128/683/646 1044/684/647 2025/685/648 1663/686/649
f 128/683/646 1663/686/649 2033/687/650 1032/688/651
f 128/683/646 1032/688/651 2034/689/652 1044/684/647
f 129/690/653 1023/691/654 2028/692/655 1664/693/656
f 129/690/653 1664/693/656 2040/694/657 1041/695/658
f 129/690/653 1041/695/658 2031/696/659 1023/691/654
f 130/697/660 1020/698/661 2031/696/659 1665/699/662
f 130/697/660 1665/699/662 2039/700/663 1042/701/664
f 130/697/660 1042/701/664 2030/702/665 1020/698/661
f 131/703/666 1666/704/667 2250/658/624 1667/705/668
f 131/703/666 1667/705/668 2035/706/669 1033/707/670
f 131/703/666 1033/707/670 2033/687/650 1666/704/667
f 132/708/671 1490/709/672 1993/318/320 1012/679/642
f 132/708/671 1012/679/642 1994/339/348 1160/710/673
f 132/708/671 1160/710/673 2100/711/674 1490/709/672
f 133/712/675 1669/713/676 2254/714/677 1478/715/678
f 133/712/675 1478/715/678 2024/716/679 1668/717/680
f 133/712/675 1668/717/680 1968/463/460 1669/713/676
f 134/718/681 1487/719/682 2255/646/612 1670/720/683
f 134/718/681 1670/720/683 2251/721/684 1484/722/685
f 134/718/681 1484/722/685 2257/723/686 1487/719/682
f 135/724/687 1060/725/688 2038/726/689 1671/727/690
f 135/724/687 1671/727/690 2047/728/691 1051/729/692
f 135/724/687 1051/729/692 2046/730/693 1060/725/688
f 136/731/694 1032/688/651 2033/687/650 1672/732/695
f 136/731/694 1672/732/695 2042/733/696 1059/734/697
f 136/731/694 1059/734/697 2034/689/652 1032/688/651
f 137/735/698 1040/736/699 2040/694/657 1673/737/700
f 137/735/698 1673/737/700 2045/738/701 1055/739/702
f 137/735/698 1055/739/702 2048/740/703 1040/736/699
f 138/741/704 1036/742/705 2040/694/657 1674/743/706
f 138/741/704 1674/743/706 2047/728/691 1037/744/707
f 138/741/704 1037/744/707 2039/700/663 1036/742/705
f 139/745/708 1019/746/709 2030/702/665 1675/747/710
f 139/745/708 1675/747/710 2038/726/689 1045/748/711
f 139/745/708 1045/748/711 2029/644/610 1019/746/709
f 140/749/712 1024/750/713 2026/656/622 1676/751/714
f 140/749/712 1676/751/714 2036/752/715 1038/753/716
f 140/749/712 1038/753/716 2035/706/669 1024/750/713
f 141/754/717 1046/755/718 2027/756/719 1677/757/720
f 141/754/717 1677/757/720 2034/689/652 1031/758/721
f 141/754/717 1031/758/721 2036/752/715 1046/755/718
f 142/759/722 1678/760/723 2251/721/684 1679/761/724
f 142/759/722 1679/761/724 2038/726/689 1034/762/725
f 142/759/722 1034/762/725 2037/763/726 1678/760/723
f 143/764/727 1454/765/728 2238/766/729 1680/767/730
f 143/764/727 1680/767/730 2049/768/731 1064/769/732
f 143/764/727 1064/769/732 2050/770/733 1454/765/728
f 144/771/734 1464/772/735 2242/773/736 1681/774/737
f 144/771/734 1681/774/737 2056/775/738 1073/776/739
f 144/771/734 1073/776/739 2240/777/740 1464/772/735
f 145/778/741 1465/779/742 2240/777/740 1682/780/743
f 145/778/741 1682/780/743 2055/781/744 1461/782/745
f 145/778/741 1461/782/745 2241/783/746 1465/779/742
f 146/784/747 1683/785/748 2245/786/749 1684/787/750
f 146/784/747 1684/787/750 2051/788/751 1065/789/752
f 146/784/747 1065/789/752 2049/790/731 1683/785/748
f 147/791/753 1038/753/716 2036/752/715 1685/792/754
f 147/791/753 1685/792/754 2043/793/755 1062/794/756
f 147/791/753 1062/794/756 2035/706/669 1038/753/716
f 148/795/757 1061/796/758 2036/752/715 1686/797/759
f 148/795/757 1686/797/759 2042/733/696 1047/798/760
f 148/795/757 1047/798/760 2044/799/761 1061/796/758
f 149/800/762 1034/762/725 2038/726/689 1688/801/763
f 149/800/762 1688/801/763 2247/802/764 1687/803/765
f 149/800/762 1687/803/765 2037/763/726 1034/762/725
f 150/804/766 1033/707/670 2035/706/669 1690/805/767
f 150/804/766 1690/805/767 2246/806/768 1689/807/769
f 150/804/766 1689/807/769 2033/687/650 1033/707/670
f 151/808/770 1092/809/771 2054/810/772 1691/811/773
f 151/808/770 1691/811/773 2063/812/774 1083/813/775
f 151/808/770 1083/813/775 2062/814/776 1092/809/771
f 152/815/777 1064/816/732 2049/817/731 1692/818/778
f 152/815/777 1692/818/778 2058/819/779 1091/820/780
f 152/815/777 1091/820/780 2050/821/733 1064/816/732
f 153/822/781 1072/823/782 2056/824/738 1693/825/783
f 153/822/781 1693/825/783 2061/826/784 1087/827/785
f 153/822/781 1087/827/785 2064/828/786 1072/823/782
f 154/829/787 1068/830/788 2056/831/738 1694/832/789
f 154/829/787 1694/832/789 2063/812/774 1069/833/790
f 154/829/787 1069/833/790 2055/834/744 1068/830/788
f 155/835/791 1466/836/792 2241/783/746 1695/837/793
f 155/835/791 1695/837/793 2054/838/772 1463/839/794
f 155/835/791 1463/839/794 2243/840/795 1466/836/792
f 156/841/796 1056/842/797 2237/843/798 1696/844/799
f 156/841/796 1696/844/799 2052/845/800 1070/846/801
f 156/841/796 1070/846/801 2051/788/751 1056/842/797
f 157/847/802 1078/848/803 2239/849/804 1697/850/805
f 157/847/802 1697/850/805 2050/770/733 1063/851/806
f 157/847/802 1063/851/806 2052/852/800 1078/848/803
f 158/853/807 1698/854/808 2244/855/809 1699/856/810
f 158/853/807 1699/856/810 2054/838/772 1066/857/811
f 158/853/807 1066/857/811 2053/858/812 1698/854/808
f 159/859/813 1080/860/814 2057/861/815 1700/862/816
f 159/859/813 1700/862/816 2066/863/817 1108/864/818
f 159/859/813 1108/864/818 2058/819/779 1080/860/814
f 160/865/819 1105/866/820 2064/828/786 1701/867/821
f 160/865/819 1701/867/821 2069/868/822 1103/869/823
f 160/865/819 1103/869/823 2072/870/824 1105/866/820
f 161/871/825 1084/872/826 2064/828/786 1702/873/827
f 161/871/825 1702/873/827 2071/874/828 1106/875/829
f 161/871/825 1106/875/829 2063/812/774 1084/872/826
f 162/876/830 1085/877/831 2057/861/815 1703/878/832
f 162/876/830 1703/878/832 2067/879/833 1097/880/834
f 162/876/830 1097/880/834 2065/881/835 1085/877/831
f 163/882/836 1070/883/801 2052/884/800 1704/885/837
f 163/882/836 1704/885/837 2059/886/838 1094/887/839
f 163/882/836 1094/887/839 2051/888/751 1070/883/801
f 164/889/840 1093/890/841 2052/891/800 1705/892/842
f 164/889/840 1705/892/842 2058/819/779 1079/893/843
f 164/889/840 1079/893/843 2060/894/844 1093/890/841
f 165/895/845 1066/896/811 2054/897/772 1706/898/846
f 165/895/845 1706/898/846 2061/826/784 1089/899/847
f 165/895/845 1089/899/847 2053/900/812 1066/896/811
f 166/901/848 1090/902/849 2049/903/731 1707/904/850
f 166/901/848 1707/904/850 2059/886/838 1081/905/851
f 166/901/848 1081/905/851 2057/861/815 1090/902/849
f 167/906/852 1122/907/853 2065/881/835 1708/908/854
f 167/906/852 1708/908/854 2075/909/855 1113/910/856
f 167/906/852 1113/910/856 2073/911/857 1122/907/853
f 168/912/858 1098/913/859 2070/914/860 1709/915/861
f 168/912/858 1709/915/861 2077/916/862 1121/917/863
f 168/912/858 1121/917/863 2069/868/822 1098/913/859
f 169/918/864 1104/919/865 2068/920/866 1710/921/867
f 169/918/864 1710/921/867 2074/922/868 1111/923/869
f 169/918/864 1111/923/869 2076/924/870 1104/919/865
f 170/925/871 1101/926/872 2067/879/833 1711/927/873
f 170/925/871 1711/927/873 2076/924/870 1117/928/874
f 170/925/871 1117/928/874 2075/909/855 1101/926/872
f 171/929/875 1109/930/876 2062/814/776 1712/931/877
f 171/929/875 1712/931/877 2071/874/828 1099/932/878
f 171/929/875 1099/932/878 2070/914/860 1109/930/876
f 172/933/879 1086/934/880 2060/894/844 1713/935/881
f 172/933/879 1713/935/881 2067/879/833 1088/936/882
f 172/933/879 1088/936/882 2059/886/838 1086/934/880
f 173/937/883 1110/938/884 2060/894/844 1714/939/885
f 173/937/883 1714/939/885 2066/863/817 1095/940/886
f 173/937/883 1095/940/886 2068/920/866 1110/938/884
f 174/941/887 1082/942/888 2062/814/776 1715/943/889
f 174/941/887 1715/943/889 2069/868/822 1107/944/890
f 174/941/887 1107/944/890 2061/826/784 1082/942/888
f 175/945/891 802/946/892 2234/947/7 1438/948/893
f 175/945/891 1438/948/893 2233/651/617 1000/949/894
f 175/945/891 1000/949/894 1934/950/895 802/946/892
f 176/951/896 1111/923/869 2074/922/868 1716/952/897
f 176/951/896 1716/952/897 2075/909/855 1117/928/874
f 176/951/896 1117/928/874 2076/924/870 1111/923/869
f 177/953/898 1100/954/899 2072/870/824 1717/955/900
f 177/953/898 1717/955/900 2079/956/901 1124/957/902
f 177/953/898 1124/957/902 2071/874/828 1100/954/899
f 178/958/903 1103/869/823 2069/868/822 1718/959/904
f 178/958/903 1718/959/904 2080/960/905 1123/961/906
f 178/958/903 1123/961/906 2072/870/824 1103/869/823
f 179/962/907 1112/963/908 2074/922/868 1719/964/909
f 179/962/907 1719/964/909 2085/965/910 1136/966/911
f 179/962/907 1136/966/911 2073/911/857 1112/963/908
f 180/967/912 1124/957/902 2079/956/901 1720/968/913
f 180/967/912 1720/968/913 2084/969/914 1134/970/915
f 180/967/912 1134/970/915 2071/971/828 1124/957/902
f 181/972/916 1152/973/917 2084/974/914 1721/975/918
f 181/972/916 1721/975/918 2096/976/919 1148/977/920
f 181/972/916 1148/977/920 2092/978/921 1152/973/917
f 182/979/922 1129/980/923 2082/981/924 1722/982/925
f 182/979/922 1722/982/925 2094/983/926 1150/984/927
f 182/979/922 1150/984/927 2086/985/928 1129/980/923
f 183/986/929 1138/987/930 2078/988/931 1723/989/932
f 183/986/929 1723/989/932 2083/990/933 1130/991/934
f 183/986/929 1130/991/934 2087/992/935 1138/987/930
f 184/993/936 1133/994/937 2079/956/901 1724/995/938
f 184/993/936 1724/995/938 2087/992/935 1128/996/939
f 184/993/936 1128/996/939 2088/997/940 1133/994/937
f 185/998/941 1135/999/942 2074/922/868 1725/1000/943
f 185/998/941 1725/1000/943 2082/981/924 1129/980/923
f 185/998/941 1129/980/923 2086/985/928 1135/999/942
f 186/1001/944 1122/907/853 2073/911/857 1726/1002/945
f 186/1001/944 1726/1002/945 2081/1003/946 1140/1004/947
f 186/1001/944 1140/1004/947 2065/881/835 1122/907/853
f 187/1005/948 1139/1006/949 2066/863/817 1727/1007/950
f 187/1005/948 1727/1007/950 2081/1003/946 1125/1008/951
f 187/1005/948 1125/1008/951 2082/981/924 1139/1006/949
f 188/1009/952 1099/932/878 2071/874/828 1728/1010/953
f 188/1009/952 1728/1010/953 2083/990/933 1137/1011/954
f 188/1009/952 1137/1011/954 2070/914/860 1099/932/878
f 189/1012/955 1141/1013/956 2089/1014/957 1729/1015/958
f 189/1012/955 1729/1015/958 2094/983/926 1145/1016/959
f 189/1012/955 1145/1016/959 2090/1017/960 1141/1013/956
f 190/1018/961 1146/1019/962 2091/1020/963 1730/1021/964
f 190/1018/961 1730/1021/964 2096/976/919 1144/1022/965
f 190/1018/961 1144/1022/965 2095/1023/966 1146/1019/962
f 191/1024/967 1125/1008/951 2081/1003/946 1731/1025/968
f 191/1024/967 1731/1025/968 2090/1017/960 1149/1026/969
f 191/1024/967 1149/1026/969 2082/1027/924 1125/1008/951
f 192/1028/970 1128/996/939 2087/992/935 1732/1029/971
f 192/1028/970 1732/1029/971 2096/976/919 1151/1030/972
f 192/1028/970 1151/1030/972 2088/997/940 1128/996/939
f 193/1031/973 1153/1032/974 2081/1003/946 1733/1033/975
f 193/1031/973 1733/1033/975 2093/1034/976 1147/1035/977
f 193/1031/973 1147/1035/977 2089/1014/957 1153/1032/974
f 194/1036/978 1155/1037/979 2085/965/910 1734/1038/980
f 194/1036/978 1734/1038/980 2094/983/926 1143/1039/981
f 194/1036/978 1143/1039/981 2093/1034/976 1155/1037/979
f 195/1040/982 1130/991/934 2083/990/933 1735/1041/983
f 195/1040/982 1735/1041/983 2095/1023/966 1154/1042/984
f 195/1040/982 1154/1042/984 2087/992/935 1130/991/934
f 196/1043/985 1156/1044/986 2083/990/933 1736/1045/987
f 196/1043/985 1736/1045/987 2092/978/921 1142/1046/988
f 196/1043/985 1142/1046/988 2091/1047/963 1156/1044/986
f 197/1048/989 1542/1049/990 2276/453/451 1737/1050/991
f 197/1048/989 1737/1050/991 1984/1051/144 1533/1052/992
f 197/1048/989 1533/1052/992 2274/600/576 1542/1049/990
f 198/1053/993 1115/1054/994 2079/956/901 1738/1055/995
f 198/1053/993 1738/1055/995 2077/916/862 1114/1056/996
f 198/1053/993 1114/1056/996 2078/988/931 1115/1054/994
f 199/1057/997 1174/1058/998 1929/1059/466 1183/1060/999
f 199/1057/997 1183/1060/999 1902/499/488 1165/1061/1000
f 199/1057/997 1165/1061/1000 2104/1062/1001 1174/1058/998
f 200/1063/1002 1175/1064/1003 1928/1065/463 1739/1066/1004
f 200/1063/1002 1739/1066/1004 2104/1062/1001 1162/1067/1005
f 200/1063/1002 1162/1067/1005 2103/1068/1006 1175/1064/1003
f 201/1069/1007 888/1070/1008 1988/1071/139 1740/1072/1009
f 201/1069/1007 1740/1072/1009 2109/325/327 1177/324/326
f 201/1069/1007 1177/324/326 1989/323/325 888/1070/1008
f 202/1073/1010 810/162/162 1927/161/161 1741/1074/1011
f 202/1073/1010 1741/1074/1011 2105/608/1012 1173/1075/1013
f 202/1073/1010 1173/1075/1013 1943/33/33 810/162/162
f 203/1076/1014 1181/1075/1015 2003/33/345 931/28/1016
f 203/1076/1014 931/28/1016 1965/29/490 1171/1077/1017
f 203/1076/1014 1171/1077/1017 2110/608/582 1181/1075/1015
f 204/1078/1018 858/235/230 1990/234/229 1742/1079/1019
f 204/1078/1018 1742/1079/1019 1964/595/323 865/1080/1020
f 204/1078/1018 865/1080/1020 1960/236/231 858/235/230
f 205/34/1021 1180/32/1022 2003/33/345 1743/37/1023
f 205/34/1021 1743/37/1023 1933/36/36 798/35/35
f 205/34/1021 798/35/35 1904/31/31 1180/32/1022
f 206/1081/1024 1182/1082/1025 1987/241/135 1744/1074/1026
f 206/1081/1024 1744/1074/1026 2110/608/582 1169/1083/1027
f 206/1081/1024 1169/1083/1027 2107/1084/1028 1182/1082/1025
f 207/1085/1029 1191/1086/1030 2107/1084/1028 1745/1087/1031
f 207/1085/1029 1745/1087/1031 2115/1088/418 867/1089/1032
f 207/1085/1029 867/1089/1032 2114/243/237 1191/1086/1030
f 208/1090/1033 1189/1091/1034 1927/1092/161 1746/1093/1035
f 208/1090/1033 1746/1093/1035 2106/137/1036 974/1094/1037
f 208/1090/1033 974/1094/1037 1966/1095/1038 1189/1091/1034
f 209/1096/1039 767/592/571 1902/597/488 1747/1097/1040
f 209/1096/1039 1747/1097/1040 1930/25/25 760/1098/1041
f 209/1096/1039 760/1098/1041 1898/593/520 767/592/571
f 210/1099/1042 1185/1100/1043 1904/1101/31 769/1102/30
f 210/1099/1042 769/1102/30 1903/503/29 958/502/491
f 210/1099/1042 958/502/491 1965/501/490 1185/1100/1043
f 211/27/1044 1185/30/1043 1965/29/490 931/28/1016
f 211/27/1044 931/28/1016 2003/33/345 1180/32/1022
f 211/27/1044 1180/32/1022 1904/31/31 1185/30/1043
f 212/1076/1045 1186/1077/1046 1903/29/29 834/28/28
f 212/1076/1045 834/28/28 1943/33/33 1173/1075/1013
f 212/1076/1045 1173/1075/1013 2105/608/1012 1186/1077/1046
f 213/604/1047 1550/609/1048 2105/608/1012 1748/607/1049
f 213/604/1047 1748/607/1049 2103/606/1006 1162/605/1005
f 213/604/1047 1162/605/1005 2104/610/1001 1550/609/1048
f 214/1103/1050 1175/1064/1003 2103/1068/1006 1749/1104/1051
f 214/1103/1050 1749/1104/1051 2106/1105/1036 1188/1106/1052
f 214/1103/1050 1188/1106/1052 1928/1065/463 1175/1064/1003
f 215/1107/1053 1178/1082/1054 1927/1092/161 1750/1108/1055
f 215/1107/1053 1750/1108/1055 2112/565/546 1195/1109/1056
f 215/1107/1053 1195/1109/1056 2102/1110/1057 1178/1082/1054
f 216/1111/1058 1161/1112/1059 2102/1113/1057 1751/1114/1060
f 216/1111/1058 1751/1114/1060 2113/1088/1061 1194/1115/1062
f 216/1111/1058 1194/1115/1062 2103/606/1006 1161/1112/1059
f 217/1116/1063 1201/1117/1064 2119/1118/1065 1752/1119/1066
f 217/1116/1063 1752/1119/1066 2131/1120/1067 1222/1121/1068
f 217/1116/1063 1222/1121/1068 2123/1122/1069 1201/1117/1064
f 218/1123/1070 1221/1124/1071 2119/1125/1065 1753/1126/1072
f 218/1123/1070 1753/1126/1072 2125/1127/1073 1214/1128/1074
f 218/1123/1070 1214/1128/1074 2127/1129/1075 1221/1124/1071
f 219/1130/1076 1209/1131/1077 2106/1105/1036 1754/1132/1078
f 219/1130/1076 1754/1132/1078 2121/1133/1079 1202/1134/1080
f 219/1130/1076 1202/1134/1080 2118/1135/1081 1209/1131/1077
f 220/1136/1082 1210/1137/1083 2111/137/137 1755/1138/1084
f 220/1136/1082 1755/1138/1084 2117/517/505 1198/1139/1085
f 220/1136/1082 1198/1139/1085 2119/1125/1065 1210/1137/1083
f 221/1140/1086 1208/1141/1087 2113/1088/1061 1756/1142/1088
f 221/1140/1086 1756/1142/1088 2120/569/550 1197/1143/1089
f 221/1140/1086 1197/1143/1089 2121/1144/1079 1208/1141/1087
f 222/1145/1090 867/1089/1032 2115/1088/418 1757/1146/1091
f 222/1145/1090 1757/1146/1091 2122/1147/1092 1206/1148/1093
f 222/1145/1090 1206/1148/1093 2114/243/237 867/1089/1032
f 223/1149/1094 1168/411/417 2111/410/137 1758/1150/1095
f 223/1149/1094 1758/1150/1095 2123/1122/1069 1211/1151/1096
f 223/1149/1094 1211/1151/1096 2115/412/418 1168/411/417
f 224/1152/1097 974/1094/1037 2106/137/1036 1759/1153/1098
f 224/1152/1097 1759/1153/1098 2116/567/548 1204/1154/1099
f 224/1152/1097 1204/1154/1099 1966/1095/1038 974/1094/1037
f 225/1155/1100 1236/1156/1101 2126/1157/1102 1760/1158/1103
f 225/1155/1100 1760/1158/1103 2137/1159/1104 1234/1160/1105
f 225/1155/1100 1234/1160/1105 2134/1161/1106 1236/1156/1101
f 226/1162/1107 1215/1163/1108 2126/1129/1102 1761/1164/1109
f 226/1162/1107 1761/1164/1109 2132/1165/1110 1237/1166/1111
f 226/1162/1107 1237/1166/1111 2124/1167/1112 1215/1163/1108
f 227/1168/1113 1224/1169/1114 2121/1144/1079 1762/1170/1115
f 227/1168/1113 1762/1170/1115 2128/1171/1116 1213/1172/1117
f 227/1168/1113 1213/1172/1117 2129/1173/1118 1224/1169/1114
f 228/1174/1119 1223/1175/1120 2120/569/550 1763/1176/1121
f 228/1174/1119 1763/1176/1121 2124/1167/1112 1216/1177/1122
f 228/1174/1119 1216/1177/1122 2128/1171/1116 1223/1175/1120
f 229/1178/1123 1203/1179/1124 2122/1147/1092 1764/1180/1125
f 229/1178/1123 1764/1180/1125 2125/1127/1073 1220/1181/1126
f 229/1178/1123 1220/1181/1126 2117/517/505 1203/1179/1124
f 230/1182/1127 1196/1183/1128 2123/1144/1069 1765/1184/1129
f 230/1182/1127 1765/1184/1129 2130/1185/1130 1226/1186/1131
f 230/1182/1127 1226/1186/1131 2122/1147/1092 1196/1183/1128
f 231/1187/1132 1199/1188/1133 2118/1125/1081 1766/1189/1134
f 231/1187/1132 1766/1189/1134 2124/1167/1112 1225/1190/1135
f 231/1187/1132 1225/1190/1135 2116/567/548 1199/1188/1133
f 232/1191/1136 1227/1192/1137 2118/1135/1081 1767/1193/1138
f 232/1191/1136 1767/1193/1138 2129/1194/1118 1218/1195/1139
f 232/1191/1136 1218/1195/1139 2126/1157/1102 1227/1192/1137
f 233/1196/1140 1235/1197/1141 2138/1198/1142 1768/1199/1143
f 233/1196/1140 1768/1199/1143 2141/1200/1144 1255/1201/1145
f 233/1196/1140 1255/1201/1145 2133/1202/1146 1235/1197/1141
f 234/1203/1147 1253/1204/1148 2136/1205/1149 1769/1206/1150
f 234/1203/1147 1769/1206/1150 2140/1207/1151 1248/1208/1152
f 234/1203/1147 1248/1208/1152 2144/1209/1153 1253/1204/1148
f 235/1210/1154 1240/1211/1155 2127/1129/1075 1770/1212/1156
f 235/1210/1154 1770/1212/1156 2133/1202/1146 1230/1213/1157
f 235/1210/1154 1230/1213/1157 2135/1214/1158 1240/1211/1155
f 236/1215/1159 1217/1216/1160 2127/1217/1075 1771/1218/1161
f 236/1215/1159 1771/1218/1161 2139/1219/1162 1241/1220/1163
f 236/1215/1159 1241/1220/1163 2131/1120/1067 1217/1216/1160
f 237/1221/1164 1238/1222/1165 2129/1173/1118 1772/1223/1166
f 237/1221/1164 1772/1223/1166 2136/1224/1149 1229/1225/1167
f 237/1221/1164 1229/1225/1167 2137/1226/1104 1238/1222/1165
f 238/1227/1168 1242/1228/1169 2128/1171/1116 1773/1229/1170
f 238/1227/1168 1773/1229/1170 2132/1165/1110 1232/1230/1171
f 238/1227/1168 1232/1230/1171 2136/1224/1149 1242/1228/1169
f 239/1231/1172 1219/1232/1173 2130/1185/1130 1774/1233/1174
f 239/1231/1172 1774/1233/1174 2133/1202/1146 1239/1234/1175
f 239/1231/1172 1239/1234/1175 2125/1127/1073 1219/1232/1173
f 240/1235/1176 1212/1236/1177 2131/1173/1067 1775/1237/1178
f 240/1235/1176 1775/1237/1178 2138/1198/1142 1243/1238/1179
f 240/1235/1176 1243/1238/1179 2130/1185/1130 1212/1236/1177
f 241/1239/1180 1245/1240/1181 2144/1209/1153 1776/1241/1182
f 241/1239/1180 1776/1241/1182 2153/1242/1183 1271/1243/1184
f 241/1239/1180 1271/1243/1184 2145/1244/1185 1245/1240/1181
f 242/1245/1186 1269/1246/1187 2147/1247/1188 1777/1248/1189
f 242/1245/1186 1777/1248/1189 2151/1249/1190 1265/1250/1191
f 242/1245/1186 1265/1250/1191 2155/1251/1192 1269/1246/1187
f 243/1252/1193 1228/1253/1194 2139/1226/1162 1778/1254/1195
f 243/1252/1193 1778/1254/1195 2146/1255/1196 1254/1256/1197
f 243/1252/1193 1254/1256/1197 2138/1198/1142 1228/1253/1194
f 244/1257/1198 1231/1258/1199 2134/1214/1106 1779/1259/1200
f 244/1257/1198 1779/1259/1200 2140/1207/1151 1252/1260/1201
f 244/1257/1198 1252/1260/1201 2132/1165/1110 1231/1258/1199
f 245/1261/1202 1234/1160/1105 2137/1159/1104 1780/1262/1203
f 245/1261/1202 1780/1262/1203 2142/1263/1204 1257/1264/1205
f 245/1261/1202 1257/1264/1205 2134/1161/1106 1234/1160/1105
f 246/1265/1206 1259/1266/1207 2135/1214/1158 1781/1267/1208
f 246/1265/1206 1781/1267/1208 2141/1200/1144 1246/1268/1209
f 246/1265/1206 1246/1268/1209 2143/1269/1210 1259/1266/1207
f 247/1270/1211 1256/1271/1212 2139/1219/1162 1782/1272/1213
f 247/1270/1211 1782/1272/1213 2143/1273/1210 1249/1274/1214
f 247/1270/1211 1249/1274/1214 2147/1247/1188 1256/1271/1212
f 248/1275/1215 1258/1276/1216 2137/1226/1104 1783/1277/1217
f 248/1275/1215 1783/1277/1217 2144/1209/1153 1245/1240/1181
f 248/1275/1215 1245/1240/1181 2145/1244/1185 1258/1276/1216
f 249/1278/1218 1262/1279/1219 2149/1280/1220 1784/1281/1221
f 249/1278/1218 1784/1281/1221 2159/1282/1222 1287/1283/1223
f 249/1278/1218 1287/1283/1223 2151/1284/1190 1262/1279/1219
f 250/1285/1224 1285/1286/1225 2150/1287/1226 1785/1288/1227
f 250/1285/1224 1785/1288/1227 2161/1289/1228 1282/1290/1229
f 250/1285/1224 1282/1290/1229 2158/1291/1230 1285/1286/1225
f 251/1292/1231 1270/1293/1232 2144/1209/1153 1786/1294/1233
f 251/1292/1231 1786/1294/1233 2148/1295/1234 1264/1296/1235
f 251/1292/1231 1264/1296/1235 2152/1297/1236 1270/1293/1232
f 252/1298/1237 1251/1299/1238 2146/1255/1196 1787/1300/1239
f 252/1298/1237 1787/1300/1239 2149/1280/1220 1274/1301/1240
f 252/1298/1237 1274/1301/1240 2141/1200/1144 1251/1299/1238
f 253/1302/1241 1273/1303/1242 2146/1255/1196 1788/1304/1243
f 253/1302/1241 1788/1304/1243 2155/1242/1192 1260/1305/1244
f 253/1302/1241 1260/1305/1244 2154/1306/1245 1273/1303/1242
f 254/1307/1246 1272/1308/1247 2140/1207/1151 1789/1309/1248
f 254/1307/1246 1789/1309/1248 2150/1310/1226 1263/1311/1249
f 254/1307/1246 1263/1311/1249 2148/1295/1234 1272/1308/1247
f 255/1312/1250 1250/1313/1251 2145/1314/1185 1790/1315/1252
f 255/1312/1250 1790/1315/1252 2150/1316/1226 1275/1317/1253
f 255/1312/1250 1275/1317/1253 2142/1263/1204 1250/1313/1251
f 256/1318/1254 1246/1268/1209 2141/1200/1144 1791/1319/1255
f 256/1318/1254 1791/1319/1255 2151/1284/1190 1268/1320/1256
f 256/1318/1254 1268/1320/1256 2143/1269/1210 1246/1268/1209
f 257/1321/1257 1276/1322/1258 2163/1323/1259 1792/1324/1260
f 257/1321/1257 1792/1324/1260 2170/1325/1261 1300/1326/1262
f 257/1321/1257 1300/1326/1262 2162/1327/1263 1276/1322/1258
f 258/1328/1264 1283/1329/1265 2162/1327/1263 1793/1330/1266
f 258/1328/1264 1793/1330/1266 2165/1331/1267 1301/1332/1268
f 258/1328/1264 1301/1332/1268 2157/1333/1269 1283/1329/1265
f 259/1334/1270 1265/1335/1191 2151/1336/1190 1794/1337/1271
f 259/1334/1270 1794/1337/1271 2163/1323/1259 1288/1338/1272
f 259/1334/1270 1288/1338/1272 2155/1242/1192 1265/1335/1191
f 260/1339/1273 1261/1340/1274 2152/1297/1236 1795/1341/1275
f 260/1339/1273 1795/1341/1275 2161/1289/1228 1284/1342/1276
f 260/1339/1273 1284/1342/1276 2153/1242/1183 1261/1340/1274
f 261/1343/1277 1289/1344/1278 2152/1297/1236 1796/1345/1279
f 261/1343/1277 1796/1345/1279 2156/1333/1280 1280/1329/1281
f 261/1343/1277 1280/1329/1281 2160/1327/1282 1289/1344/1278
f 262/1346/1283 1267/1347/1284 2154/1306/1245 1797/1345/1285
f 262/1346/1283 1797/1345/1285 2157/1333/1269 1286/1348/1286
f 262/1346/1283 1286/1348/1286 2149/1280/1220 1267/1347/1284
f 263/1349/1287 1291/1350/1288 2154/1306/1245 1798/1351/1289
f 263/1349/1287 1798/1351/1289 2163/1323/1259 1276/1322/1258
f 263/1349/1287 1276/1322/1258 2162/1327/1263 1291/1350/1288
f 264/1352/1290 1290/1348/1291 2148/1295/1234 1799/1353/1292
f 264/1352/1290 1799/1353/1292 2158/1291/1230 1279/1354/1293
f 264/1352/1290 1279/1354/1293 2156/1333/1280 1290/1348/1291
f 265/1355/1294 1294/1356/1295 2165/1331/1267 1800/1357/1296
f 265/1355/1294 1800/1357/1296 2171/1358/1297 1297/1359/1298
f 265/1355/1294 1297/1359/1298 2167/1360/1299 1294/1356/1295
f 266/1361/1300 1296/1362/1301 2164/1363/1302 1801/1364/1303
f 266/1361/1300 1801/1364/1303 2169/1365/1304 1293/1366/1305
f 266/1361/1300 1293/1366/1305 2168/1367/1306 1296/1362/1301
f 267/1368/1307 1279/1354/1293 2158/1291/1230 1802/1369/1308
f 267/1368/1307 1802/1369/1308 2164/1363/1302 1304/1332/1309
f 267/1368/1307 1304/1332/1309 2156/1333/1280 1279/1354/1293
f 268/1370/1310 1303/1371/1311 2158/1291/1230 1803/1372/1312
f 268/1370/1310 1803/1372/1312 2169/1373/1304 1298/1374/1313
f 268/1370/1310 1298/1374/1313 2166/1375/1314 1303/1371/1311
f 269/1376/1315 1306/1377/1316 2159/1282/1222 1804/1378/1317
f 269/1376/1315 1804/1378/1317 2165/1331/1267 1294/1356/1295
f 269/1376/1315 1294/1356/1295 2167/1379/1299 1306/1377/1316
f 270/1380/1318 1281/1381/1319 2159/1282/1222 1805/1382/1320
f 270/1380/1318 1805/1382/1320 2171/1358/1297 1302/1383/1321
f 270/1380/1318 1302/1383/1321 2163/1323/1259 1281/1381/1319
f 271/1384/1322 1305/1385/1323 2161/1289/1228 1806/1386/1324
f 271/1384/1322 1806/1386/1324 2168/1387/1306 1293/1366/1305
f 271/1384/1322 1293/1366/1305 2169/1373/1304 1305/1385/1323
f 272/1388/1325 1307/1389/1326 2160/1327/1282 1807/1330/1327
f 272/1388/1325 1807/1330/1327 2164/1363/1302 1296/1362/1301
f 272/1388/1325 1296/1362/1301 2168/1387/1306 1307/1389/1326
f 273/1390/1328 788/1391/1329 1924/152/152 1310/151/151
f 273/1390/1328 1310/151/151 2172/150/150 1311/1392/1330
f 273/1390/1328 1311/1392/1330 2097/1393/1331 788/1391/1329
f 274/1394/1332 1311/1392/1330 2172/150/150 1308/1395/1333
f 274/1394/1332 1308/1395/1333 1945/197/128 1312/1396/1334
f 274/1394/1332 1312/1396/1334 2097/1393/1331 1311/1392/1330
f 275/1397/1335 1312/1396/1334 1945/197/128 812/1398/127
f 275/1397/1335 812/1398/127 1923/1399/132 1157/1400/1336
f 275/1397/1335 1157/1400/1336 2097/1393/1331 1312/1396/1334
f 276/1390/1337 1313/151/335 1984/144/144 883/1391/1338
f 276/1390/1337 883/1391/1338 2098/1393/454 1314/1392/1339
f 276/1390/1337 1314/1392/1339 2173/332/336 1313/151/335
f 277/1397/1340 1315/1396/1341 2098/1393/454 1158/1400/453
f 277/1397/1340 1158/1400/453 1983/1399/246 909/1398/1342
f 277/1397/1340 909/1398/1342 2005/197/375 1315/1396/1341
f 278/1394/1343 1309/1395/1344 2173/332/336 1314/1392/1339
f 278/1394/1343 1314/1392/1339 2098/1393/454 1315/1396/1341
f 278/1394/1343 1315/1396/1341 2005/197/375 1309/1395/1344
f 279/1401/1345 967/584/563 1914/178/176 1808/1402/1346
f 279/1401/1345 1808/1402/1346 2174/436/437 1322/435/436
f 279/1401/1345 1322/435/436 2175/439/440 967/584/563
f 280/1403/1347 986/1404/1348 1947/171/92 1809/1405/1349
f 280/1403/1347 1809/1405/1349 2176/477/470 1323/505/493
f 280/1403/1347 1323/505/493 2177/508/496 986/1404/1348
f 281/1406/1350 1317/1407/1351 1913/116/116 1810/1408/1352
f 281/1406/1350 1810/1408/1352 2178/527/513 1324/526/512
f 281/1406/1350 1324/526/512 2174/436/437 1317/1407/1351
f 282/1409/1353 1321/1410/1354 1912/1411/1355 1811/1412/1356
f 282/1409/1353 1811/1412/1356 2177/508/496 1325/612/585
f 282/1409/1353 1325/612/585 2178/527/513 1321/1410/1354
f 283/1413/1357 856/211/206 2259/110/110 1492/1414/1358
f 283/1413/1357 1492/1414/1358 2258/1415/395 1326/1416/1359
f 283/1413/1357 1326/1416/1359 1957/212/207 856/211/206
f 284/1417/1360 1335/1418/1361 2258/1419/395 1812/1420/1362
f 284/1417/1360 1812/1420/1362 2180/1421/1363 1329/1422/1364
f 284/1417/1360 1329/1422/1364 2179/1423/1365 1335/1418/1361
f 285/1424/1366 1341/1425/1367 2180/1421/1363 1328/1426/1368
f 285/1424/1366 1328/1426/1368 2181/1427/1369 1340/1428/1370
f 285/1424/1366 1340/1428/1370 2185/1429/1371 1341/1425/1367
f 286/1430/1372 1336/1431/1373 2260/1432/534 1813/1433/1374
f 286/1430/1372 1813/1433/1374 2184/1434/1375 1333/1435/1376
f 286/1430/1372 1333/1435/1376 2182/1436/1377 1336/1431/1373
f 287/1437/1378 1326/1438/1359 2258/1439/395 1814/1440/1379
f 287/1437/1378 1814/1440/1379 2181/1427/1369 1339/1441/1380
f 287/1437/1378 1339/1441/1380 1957/1442/207 1326/1438/1359
f 288/1443/1381 1334/1444/1382 1916/1445/399 1815/1446/1383
f 288/1443/1381 1815/1446/1383 2181/1427/1369 1328/1426/1368
f 288/1443/1381 1328/1426/1368 2180/1421/1363 1334/1444/1382
f 289/1447/1384 996/1448/598 1976/556/397 1816/1449/1385
f 289/1447/1384 1816/1449/1385 2184/1434/1375 1338/1450/1386
f 289/1447/1384 1338/1450/1386 2017/1451/392 996/1448/598
f 290/1452/1387 1340/1428/1370 2181/1427/1369 1332/1453/1388
f 290/1452/1387 1332/1453/1388 2179/1423/1365 1343/1454/1389
f 290/1452/1387 1343/1454/1389 2185/1455/1371 1340/1428/1370
f 291/1456/1390 1343/1454/1389 2179/1423/1365 1329/1422/1364
f 291/1456/1390 1329/1422/1364 2180/1421/1363 1341/1425/1367
f 291/1456/1390 1341/1425/1367 2185/1429/1371 1343/1454/1389
f 292/1457/1391 1344/1458/1392 2183/554/536 1330/1459/1393
f 292/1457/1391 1330/1459/1393 2182/1436/1377 1342/1460/1394
f 292/1457/1391 1342/1460/1394 2186/1461/1395 1344/1458/1392
f 293/1462/1396 1345/1463/1397 2184/1434/1375 1331/1464/1398
f 293/1462/1396 1331/1464/1398 2183/554/536 1344/1458/1392
f 293/1462/1396 1344/1458/1392 2186/1461/1395 1345/1463/1397
f 294/1465/1399 1342/1460/1394 2182/1436/1377 1333/1435/1376
f 294/1465/1399 1333/1435/1376 2184/1434/1375 1345/1463/1397
f 294/1465/1399 1345/1463/1397 2186/1466/1395 1342/1460/1394
f 295/1467/1400 1543/1468/1401 2277/405/412 1817/1469/1402
f 295/1467/1400 1817/1469/1402 1982/1470/242 1529/1471/1403
f 295/1467/1400 1529/1471/1403 2270/559/540 1543/1468/1401
f 296/1472/1404 1359/1473/1405 1980/296/290 1818/1474/1406
f 296/1472/1404 1818/1474/1406 2192/1475/1407 1351/1476/1408
f 296/1472/1404 1351/1476/1408 2191/1477/1409 1359/1473/1405
f 297/1478/1410 1370/1479/1411 2193/1480/1412 1819/1481/1413
f 297/1478/1410 1819/1481/1413 2195/1482/1414 1367/1483/1415
f 297/1478/1410 1367/1483/1415 2199/1484/1416 1370/1479/1411
f 298/1485/1417 1357/1486/1418 1920/1487/98 1820/1488/1419
f 298/1485/1417 1820/1488/1419 2193/1480/1412 1346/1489/1420
f 298/1485/1417 1346/1489/1420 2188/1490/1421 1357/1486/1418
f 299/1491/1422 1352/1492/1423 2188/1490/1421 1821/1493/1424
f 299/1491/1422 1821/1493/1424 2195/1482/1414 1369/1494/1425
f 299/1491/1422 1369/1494/1425 2187/1495/1426 1352/1492/1423
f 300/1496/1427 1350/1497/410 2190/496/409 1822/1498/1428
f 300/1496/1427 1822/1498/1428 2192/1475/1407 1358/1499/1429
f 300/1496/1427 1358/1499/1429 1981/1500/256 1350/1497/410
f 301/1501/1430 785/1502/1431 1920/98/98 1823/1503/1432
f 301/1501/1430 1823/1503/1432 2187/1495/1426 1361/1504/1433
f 301/1501/1430 1361/1504/1433 1921/1505/54 785/1502/1431
f 302/1506/1434 1356/1507/1435 2189/496/569 1824/1508/1436
f 302/1506/1434 1824/1508/1436 2187/1495/1426 1355/1509/1437
f 302/1506/1434 1355/1509/1437 2193/1480/1412 1356/1507/1435
f 303/1510/1438 1372/1511/1439 2191/1477/1409 1825/1512/1440
f 303/1510/1438 1825/1512/1440 2198/1513/1441 1364/1514/1442
f 303/1510/1438 1364/1514/1442 2197/1515/1443 1372/1511/1439
f 304/1516/1444 1354/1517/1445 2194/494/484 1826/1518/1446
f 304/1516/1444 1826/1518/1446 2198/1519/1441 1371/1520/1447
f 304/1516/1444 1371/1520/1447 2192/1475/1407 1354/1517/1445
f 305/1521/1448 956/1522/1449 2191/1477/1409 1827/1523/1450
f 305/1521/1448 1827/1523/1450 2200/1524/1451 1373/1525/1452
f 305/1521/1448 1373/1525/1452 2194/494/484 956/1522/1449
f 306/1526/1453 1368/1527/1454 2188/1490/1421 1828/1528/1455
f 306/1526/1453 1828/1528/1455 2199/1484/1416 1363/1529/1456
f 306/1526/1453 1363/1529/1456 2196/1530/1457 1368/1527/1454
f 307/1531/1458 1374/1532/1459 2197/1515/1443 1364/1514/1442
f 307/1531/1458 1364/1514/1442 2198/1513/1441 1375/1533/1460
f 307/1531/1458 1375/1533/1460 2202/1534/1461 1374/1532/1459
f 308/1535/1462 1375/1533/1460 2198/1513/1441 1366/1536/1463
f 308/1535/1462 1366/1536/1463 2200/1524/1451 1377/1537/1464
f 308/1535/1462 1377/1537/1464 2202/1534/1461 1375/1533/1460
f 309/1538/1465 1377/1537/1464 2200/1524/1451 1362/1539/1466
f 309/1538/1465 1362/1539/1466 2197/1515/1443 1374/1532/1459
f 309/1538/1465 1374/1532/1459 2202/1540/1461 1377/1537/1464
f 310/1541/1467 1376/1542/1468 2195/1482/1414 1365/1543/1469
f 310/1541/1467 1365/1543/1469 2196/1530/1457 1378/1544/1470
f 310/1541/1467 1378/1544/1470 2201/1545/1471 1376/1542/1468
f 311/1546/1472 1379/1547/1473 2199/1484/1416 1367/1483/1415
f 311/1546/1472 1367/1483/1415 2195/1482/1414 1376/1542/1468
f 311/1546/1472 1376/1542/1468 2201/1548/1471 1379/1547/1473
f 312/1549/1474 1378/1544/1470 2196/1530/1457 1363/1529/1456
f 312/1549/1474 1363/1529/1456 2199/1484/1416 1379/1547/1473
f 312/1549/1474 1379/1547/1473 2201/1548/1471 1378/1544/1470
f 313/1550/1475 1401/1551/1476 2205/204/1477 1829/1552/1478
f 313/1550/1475 1829/1552/1478 2209/1553/1479 1394/1554/1480
f 313/1550/1475 1394/1554/1480 2211/1555/1481 1401/1551/1476
f 314/1556/1482 1399/1557/1483 2207/202/197 1830/1558/1484
f 314/1556/1482 1830/1558/1484 2212/1553/1485 1395/1559/1486
f 314/1556/1482 1395/1559/1486 2213/1560/1487 1399/1557/1483
f 315/1561/1488 1388/1562/1489 2009/125/313 1831/1563/1490
f 315/1561/1488 1831/1563/1490 2206/374/383 1383/1564/1491
f 315/1561/1488 1383/1564/1491 2207/202/197 1388/1562/1489
f 316/1565/1492 1390/200/1493 1954/81/81 1832/373/1494
f 316/1565/1492 1832/373/1494 2203/374/1495 1382/1566/1496
f 316/1565/1492 1382/1566/1496 2205/204/1477 1390/200/1493
f 317/1567/1497 818/208/203 1954/81/81 1833/201/1498
f 317/1567/1497 1833/201/1498 2204/202/1499 1391/1562/1500
f 317/1567/1497 1391/1562/1500 1949/1568/125 818/208/203
f 318/1569/1501 804/122/122 1949/125/125 1834/1563/1502
f 318/1569/1501 1834/1563/1502 2203/374/1495 1389/375/1503
f 318/1569/1501 1389/375/1503 1935/70/70 804/122/122
f 319/1570/1504 1413/1571/1505 2214/1555/1506 1835/1572/1507
f 319/1570/1504 1835/1572/1507 2219/1573/1508 1408/1574/1509
f 319/1570/1504 1408/1574/1509 2220/1575/1510 1413/1571/1505
f 320/1576/1511 1393/1577/1512 2211/1555/1481 1836/1578/1513
f 320/1576/1511 1836/1578/1513 2216/1579/1514 1411/1580/1515
f 320/1576/1511 1411/1580/1515 2210/1581/1516 1393/1577/1512
f 321/1582/1517 1385/1566/1518 2208/204/199 1837/1552/1519
f 321/1582/1517 1837/1552/1519 2212/1553/1485 1398/1583/1520
f 321/1582/1517 1398/1583/1520 2206/374/383 1385/1566/1518
f 322/1584/1521 1381/203/1522 2205/204/1477 1838/1585/1523
f 322/1584/1521 1838/1585/1523 2210/1581/1516 1403/1557/1524
f 322/1584/1521 1403/1557/1524 2204/202/1499 1381/203/1522
f 323/1586/1525 1402/1551/1526 2208/204/199 1839/1585/1527
f 323/1586/1525 1839/1585/1527 2213/1560/1487 1396/1587/1528
f 323/1586/1525 1396/1587/1528 2214/1555/1506 1402/1551/1526
f 324/1588/1529 1380/1564/1530 2204/202/1499 1840/1558/1531
f 324/1588/1529 1840/1558/1531 2209/1553/1479 1400/1583/1532
f 324/1588/1529 1400/1583/1532 2203/374/1495 1380/1564/1530
f 325/1589/1533 1392/1559/1534 2210/1581/1516 1841/1590/1535
f 325/1589/1533 1841/1590/1535 2215/1591/1536 1414/1592/1537
f 325/1589/1533 1414/1592/1537 2209/1553/1479 1392/1559/1534
f 326/1593/1538 1412/1594/1539 2213/1560/1487 1842/1595/1540
f 326/1593/1538 1842/1595/1540 2218/1596/1541 1407/1597/1542
f 326/1593/1538 1407/1597/1542 2219/1573/1508 1412/1594/1539
f 327/1598/1543 1410/1571/1544 2211/1555/1481 1843/1599/1545
f 327/1598/1543 1843/1599/1545 2215/1591/1536 1406/1600/1546
f 327/1598/1543 1406/1600/1546 2217/1601/1547 1410/1571/1544
f 328/1602/1548 1397/1554/1549 2214/1555/1506 1844/1599/1550
f 328/1602/1548 1844/1599/1550 2218/1596/1541 1415/1592/1551
f 328/1602/1548 1415/1592/1551 2212/1553/1485 1397/1554/1549
f 329/1603/1552 1417/1604/1553 2219/1573/1508 1407/1597/1542
f 329/1603/1552 1407/1597/1542 2218/1596/1541 1418/1605/1554
f 329/1603/1552 1418/1605/1554 2222/1606/1555 1417/1604/1553
f 330/1607/1556 1419/1608/1557 2220/1575/1510 1408/1574/1509
f 330/1607/1556 1408/1574/1509 2219/1573/1508 1417/1604/1553
f 330/1607/1556 1417/1604/1553 2222/1609/1555 1419/1608/1557
f 331/1610/1558 1418/1605/1554 2218/1611/1541 1409/1600/1559
f 331/1610/1558 1409/1600/1559 2220/1575/1510 1419/1608/1557
f 331/1610/1558 1419/1608/1557 2222/1609/1555 1418/1605/1554
f 332/1612/1560 1420/1613/1561 2217/1575/1547 1406/1600/1546
f 332/1612/1560 1406/1600/1546 2215/1611/1536 1416/1614/1562
f 332/1612/1560 1416/1614/1562 2221/1615/1563 1420/1613/1561
f 333/1616/1564 1421/1617/1565 2216/1579/1514 1405/1618/1566
f 333/1616/1564 1405/1618/1566 2217/1575/1547 1420/1613/1561
f 333/1616/1564 1420/1613/1561 2221/1615/1563 1421/1617/1565
f 334/1619/1567 1416/1614/1562 2215/1591/1536 1404/1620/1568
f 334/1619/1567 1404/1620/1568 2216/1579/1514 1421/1617/1565
f 334/1619/1567 1421/1617/1565 2221/1621/1563 1416/1614/1562
f 335/1622/1569 773/1623/1570 1907/3/3 1845/1624/1571
f 335/1622/1569 1845/1624/1571 2224/1625/1572 1426/1626/1573
f 335/1622/1569 1426/1626/1573 1908/83/83 773/1623/1570
f 336/1627/1574 941/1628/1575 2015/369/377 1846/60/1576
f 336/1627/1574 1846/60/1576 2223/1629/1577 1428/1630/1578
f 336/1627/1574 1428/1630/1578 1907/3/3 941/1628/1575
f 337/1631/1579 1429/1632/1580 2015/369/377 1847/1633/1581
f 337/1631/1579 1847/1633/1581 2225/281/274 1424/1634/1582
f 337/1631/1579 1424/1634/1582 2226/1635/1583 1429/1632/1580
f 338/1636/1584 1434/1630/1585 1907/3/3 1848/1637/1586
f 338/1636/1584 1848/1637/1586 2228/1638/1587 1430/1639/1588
f 338/1636/1584 1430/1639/1588 2227/1640/61 1434/1630/1585
f 339/1641/1589 853/207/202 1955/59/59 1849/1642/1590
f 339/1641/1589 1849/1642/1590 2229/1643/1591 1437/1644/1592
f 339/1641/1589 1437/1644/1592 1954/81/81 853/207/202
f 340/1645/1593 1436/1646/1594 1908/83/83 1850/1647/1595
f 340/1645/1593 1850/1647/1595 2229/1643/1591 1431/1648/1596
f 340/1645/1593 1431/1648/1596 2228/1649/1587 1436/1646/1594
f 341/1650/1597 1442/1651/1598 2230/63/63 1432/62/62
f 341/1650/1597 1432/62/62 2227/1640/61 1444/1652/1599
f 341/1650/1597 1444/1652/1599 2232/1653/1600 1442/1651/1598
f 342/1654/1601 1447/1655/1602 2229/1656/1591 1433/1657/1603
f 342/1654/1601 1433/1657/1603 2230/63/63 1442/1651/1598
f 342/1654/1601 1442/1651/1598 2232/1653/1600 1447/1655/1602
f 343/1658/1604 1852/1659/1605 1906/44/44 1851/1660/1606
f 343/1658/1604 1851/1660/1606 2233/651/617 1438/948/893
f 343/1658/1604 1438/948/893 2234/7/7 1852/1659/1605
f 344/1661/1607 1444/1652/1599 2227/61/61 1430/1639/1588
f 344/1661/1607 1430/1639/1588 2228/1649/1587 1443/1662/1608
f 344/1661/1607 1443/1662/1608 2232/1653/1600 1444/1652/1599
f 345/1663/1609 1448/1664/1610 1934/950/895 1000/949/894
f 345/1663/1609 1000/949/894 2233/651/617 1439/1665/1611
f 345/1663/1609 1439/1665/1611 2235/1666/1612 1448/1664/1610
f 346/1667/1613 1443/1662/1608 2228/1649/1587 1431/1648/1596
f 346/1667/1613 1431/1648/1596 2229/1643/1591 1447/1655/1602
f 346/1667/1613 1447/1655/1602 2232/1653/1600 1443/1662/1608
f 347/1668/1614 802/946/892 1934/1669/895 1448/1664/1610
f 347/1668/1614 1448/1664/1610 2235/1666/1612 1440/1670/1615
f 347/1668/1614 1440/1670/1615 2234/7/7 802/946/892
f 348/1671/1616 1450/1672/1617 2226/1635/1583 1424/1634/1582
f 348/1671/1616 1424/1634/1582 2225/281/274 1449/1673/1618
f 348/1671/1616 1449/1673/1618 2231/1674/1619 1450/1672/1617
f 349/1675/1620 1445/1676/1621 2223/1640/1577 1423/62/1622
f 349/1675/1620 1423/62/1622 2226/1677/1583 1450/1672/1617
f 349/1675/1620 1450/1672/1617 2231/1678/1619 1445/1676/1621
f 350/1679/1623 1451/1680/1624 2224/1625/1572 1422/1681/1625
f 350/1679/1623 1422/1681/1625 2223/1629/1577 1445/1676/1621
f 350/1679/1623 1445/1676/1621 2231/1674/1619 1451/1680/1624
f 351/1682/1626 1449/1673/1618 2225/281/274 1425/1683/1627
f 351/1682/1626 1425/1683/1627 2224/1625/1572 1451/1680/1624
f 351/1682/1626 1451/1680/1624 2231/1674/1619 1449/1673/1618
f 352/1684/1628 1048/1685/1629 2041/1686/1630 1853/1687/1631
f 352/1684/1628 1853/1687/1631 2238/766/729 1076/1688/1632
f 352/1684/1628 1076/1688/1632 2042/733/696 1048/1685/1629
f 353/1689/1633 1854/1690/1634 2246/806/768 1855/1691/1635
f 353/1689/1633 1855/1691/1635 2245/786/749 1457/1692/1636
f 353/1689/1633 1457/1692/1636 2236/1693/1637 1854/1690/1634
f 354/1694/1638 1453/1695/1639 2043/793/755 1857/1696/1640
f 354/1694/1638 1857/1696/1640 2239/849/804 1458/1697/1641
f 354/1694/1638 1458/1697/1641 2237/843/798 1453/1695/1639
f 355/1698/1642 1455/1699/1643 2044/799/761 1858/1700/1644
f 355/1698/1642 1858/1700/1644 2238/766/729 1459/1701/1645
f 355/1698/1642 1459/1701/1645 2239/849/804 1455/1699/1643
f 356/1702/1646 1055/739/702 2045/738/701 1859/1703/1647
f 356/1702/1646 1859/1703/1647 2240/777/740 1460/1704/1648
f 356/1702/1646 1460/1704/1648 2048/740/703 1055/739/702
f 357/1705/1649 1052/1706/1650 2048/740/703 1860/1707/1651
f 357/1705/1649 1860/1707/1651 2241/783/746 1074/1708/1652
f 357/1705/1649 1074/1708/1652 2047/728/691 1052/1706/1650
f 358/1709/1653 1077/1710/1654 2046/730/693 1861/1711/1655
f 358/1709/1653 1861/1711/1655 2241/783/746 1466/836/792
f 358/1709/1653 1466/836/792 2243/840/795 1077/1710/1654
f 359/1712/1656 1471/1713/1657 2247/802/764 1864/1714/1658
f 359/1712/1656 1864/1714/1658 2244/1715/809 1862/1716/1659
f 359/1712/1656 1862/1716/1659 2045/738/701 1471/1713/1657
f 360/1717/1660 1478/715/678 2254/714/677 1865/1718/1661
f 360/1717/1660 1865/1718/1661 2250/658/624 1017/1719/1662
f 360/1717/1660 1017/1719/1662 2024/716/679 1478/715/678
f 361/1720/1663 1027/1721/1664 1967/461/458 1866/1722/1665
f 361/1720/1663 1866/1722/1665 2256/654/620 1482/1723/1666
f 361/1720/1663 1482/1723/1666 2254/714/677 1027/1721/1664
f 362/1724/1667 1481/1725/1668 2248/250/244 1867/1726/1669
f 362/1724/1667 1867/1726/1669 2253/1727/1670 1483/1728/1671
f 362/1724/1667 1483/1728/1671 2256/654/620 1481/1725/1668
f 363/1729/1672 1486/1730/1673 2257/723/686 1868/1731/1674
f 363/1729/1672 1868/1731/1674 2028/692/655 1025/1732/1675
f 363/1729/1672 1025/1732/1675 2252/1733/1676 1486/1730/1673
f 364/1734/1677 1473/1735/1678 2249/663/628 1869/1736/1679
f 364/1734/1677 1869/1736/1679 2252/1733/1676 1476/1737/1680
f 364/1734/1677 1476/1737/1680 2019/675/638 1473/1735/1678
f 365/1738/1681 1001/1739/1682 2020/130/130 1870/1740/1683
f 365/1738/1681 1870/1740/1683 2257/723/686 1485/1741/1684
f 365/1738/1681 1485/1741/1684 2249/663/628 1001/1739/1682
f 366/1742/1685 1488/676/639 2019/675/638 1476/1737/1680
f 366/1742/1685 1476/1737/1680 2252/1733/1676 1489/1743/1686
f 366/1742/1685 1489/1743/1686 2099/677/640 1488/676/639
f 367/1744/1687 1491/1745/1688 2253/1727/1670 1477/1746/1689
f 367/1744/1687 1477/1746/1689 1993/318/320 1490/709/672
f 367/1744/1687 1490/709/672 2100/711/674 1491/1745/1688
f 368/1747/1690 1025/1732/1675 2028/692/655 1871/1748/1691
f 368/1747/1690 1871/1748/1691 2099/677/640 1489/1743/1686
f 368/1747/1690 1489/1743/1686 2252/1733/1676 1025/1732/1675
f 369/1749/1692 1022/1750/1693 2026/656/622 1872/1751/1694
f 369/1749/1692 1872/1751/1694 2100/711/674 1029/1752/1695
f 369/1749/1692 1029/1752/1695 2027/756/719 1022/1750/1693
f 370/1753/1696 1877/1754/1697 2013/1755/1698 1495/1756/1699
f 370/1753/1696 1495/1756/1699 2263/1757/297 1875/1758/1700
f 370/1753/1696 1875/1758/1700 2262/1759/180 1877/1754/1697
f 371/1760/1701 1881/1761/1702 2012/1762/270 930/1763/1703
f 371/1760/1701 930/1763/1703 2261/1764/300 1882/1765/1704
f 371/1760/1701 1882/1765/1704 2259/1766/110 1881/1761/1702
f 372/1767/1705 916/1768/1706 1997/368/294 1883/1769/1707
f 372/1767/1705 1883/1769/1707 2001/1770/283 905/1771/1708
f 372/1767/1705 905/1771/1708 1998/1772/339 916/1768/1706
f 373/1773/1709 874/1774/1710 1973/345/353 1884/1775/1711
f 373/1773/1709 1884/1775/1711 2016/350/358 944/349/357
f 373/1773/1709 944/349/357 1974/354/362 874/1774/1710
f 374/1776/1712 1020/698/661 2030/702/665 1011/1777/1713
f 374/1776/1712 1011/1777/1713 2021/642/608 1501/1778/1714
f 374/1776/1712 1501/1778/1714 2031/696/659 1020/698/661
f 375/1779/1715 1502/1780/1716 1968/463/460 1030/1781/1717
f 375/1779/1715 1030/1781/1717 2025/685/648 1015/1782/1718
f 375/1779/1715 1015/1782/1718 2027/756/719 1502/1780/1716
f 376/1783/1719 1508/1784/1720 2099/677/640 1014/1785/1721
f 376/1783/1719 1014/1785/1721 2031/696/659 1507/1786/1722
f 376/1783/1719 1507/1786/1722 2265/1787/1723 1508/1784/1720
f 377/1788/1724 1512/1789/1725 1906/44/44 843/1790/1726
f 377/1788/1724 843/1790/1726 1940/5/5 1511/1791/1727
f 377/1788/1724 1511/1791/1727 2266/1792/1728 1512/1789/1725
f 378/1793/1729 1504/1794/1730 1994/339/348 894/1795/1731
f 378/1793/1729 894/1795/1731 1968/463/460 1503/1796/1732
f 378/1793/1729 1503/1796/1732 2264/1797/1733 1504/1794/1730
f 379/1798/1734 1503/1796/1732 1968/463/460 1502/1780/1716
f 379/1798/1734 1502/1780/1716 2027/756/719 1505/1799/1735
f 379/1798/1734 1505/1799/1735 2264/1797/1733 1503/1796/1732
f 380/1800/1736 1505/1799/1735 2027/756/719 1029/1752/1695
f 380/1800/1736 1029/1752/1695 2100/711/674 1506/1801/1737
f 380/1800/1736 1506/1801/1737 2264/1797/1733 1505/1799/1735
f 381/1802/1738 1506/1801/1737 2100/711/674 1160/710/673
f 381/1802/1738 1160/710/673 1994/339/348 1504/1794/1730
f 381/1802/1738 1504/1794/1730 2264/1797/1733 1506/1801/1737
f 382/1803/1739 1507/1786/1722 2031/696/659 1501/1778/1714
f 382/1803/1739 1501/1778/1714 2021/642/608 1509/1804/1740
f 382/1803/1739 1509/1804/1740 2265/1787/1723 1507/1786/1722
f 383/1805/1741 1509/1804/1740 2021/642/608 1003/1806/1742
f 383/1805/1741 1003/1806/1742 2022/673/636 1510/1807/1743
f 383/1805/1741 1510/1807/1743 2265/1787/1723 1509/1804/1740
f 384/1808/1744 1510/1807/1743 2022/673/636 904/672/635
f 384/1808/1744 904/672/635 2099/677/640 1508/1784/1720
f 384/1808/1744 1508/1784/1720 2265/1787/1723 1510/1807/1743
f 385/1809/1745 1511/1791/1727 1940/5/5 849/198/192
f 385/1809/1745 849/198/192 1945/197/128 1513/1810/1746
f 385/1809/1745 1513/1810/1746 2266/1792/1728 1511/1791/1727
f 386/1811/1747 1513/1810/1746 1945/197/128 1308/1395/1333
f 386/1811/1747 1308/1395/1333 2172/150/150 1514/1812/1748
f 386/1811/1747 1514/1812/1748 2266/1792/1728 1513/1810/1746
f 387/1813/1749 1514/1812/1748 2172/150/150 836/149/149
f 387/1813/1749 836/149/149 1942/148/148 1515/1814/1750
f 387/1813/1749 1515/1814/1750 2266/1792/1728 1514/1812/1748
f 388/1815/1751 1515/1814/1750 1942/148/148 801/43/1752
f 388/1815/1751 801/43/1752 1906/44/44 1512/1789/1725
f 388/1815/1751 1512/1789/1725 2266/1792/1728 1515/1814/1750
f 389/1813/1753 1516/192/187 2002/42/42 933/149/334
f 389/1813/1753 933/149/334 2173/332/336 1518/1816/1754
f 389/1813/1753 1518/1816/1754 2267/193/188 1516/192/187
f 390/1817/1755 1518/1816/1754 2173/332/336 1309/1395/1344
f 390/1817/1755 1309/1395/1344 2005/197/375 1519/1810/1756
f 390/1817/1755 1519/1810/1756 2267/193/188 1518/1816/1754
f 391/1818/1757 1519/1810/1756 2005/197/375 945/198/374
f 391/1818/1757 945/198/374 2000/370/379 1520/1819/1758
f 391/1818/1757 1520/1819/1758 2267/193/188 1519/1810/1756
f 392/1820/1759 1520/1819/1758 2000/370/379 898/1790/1760
f 392/1820/1759 898/1790/1760 1906/44/44 1517/191/186
f 392/1820/1759 1517/191/186 2267/193/188 1520/1819/1758
f 393/1821/1761 1521/425/427 2005/424/375 896/459/456
f 393/1821/1761 896/459/456 1968/463/460 1523/1822/1762
f 393/1821/1761 1523/1822/1762 2268/426/428 1521/425/427
f 394/1823/1763 1523/1822/1762 1968/463/460 894/1795/1731
f 394/1823/1763 894/1795/1731 1994/339/348 1524/1824/1764
f 394/1823/1763 1524/1824/1764 2268/426/428 1523/1822/1762
f 395/1825/1765 1524/1824/1764 1994/339/348 869/398/406
f 395/1825/1765 869/398/406 2009/422/313 1522/421/425
f 395/1825/1765 1522/421/425 2268/426/428 1524/1824/1764
f 396/1826/1766 1525/539/524 1949/538/125 1010/1827/1767
f 396/1826/1766 1010/1827/1767 2022/673/636 1527/1828/1768
f 396/1826/1766 1527/1828/1768 2269/540/525 1525/539/524
f 397/1829/1769 1527/1828/1768 2022/673/636 1003/1806/1742
f 397/1829/1769 1003/1806/1742 2021/642/608 1528/1830/1770
f 397/1829/1769 1528/1830/1770 2269/540/525 1527/1828/1768
f 398/1831/1771 1528/1830/1770 2021/642/608 1006/1832/1772
f 398/1831/1771 1006/1832/1772 1945/128/128 1526/536/522
f 398/1831/1771 1526/536/522 2269/540/525 1528/1830/1770
f 399/1833/1773 791/1834/1774 1926/1835/1775 1885/1836/1776
f 399/1833/1773 1885/1836/1776 2272/415/421 961/573/553
f 399/1833/1773 961/573/553 1927/572/161 791/1834/1774
f 400/1837/1777 1157/1838/1336 1923/1839/132 1886/1840/1778
f 400/1837/1777 1886/1840/1778 2276/453/451 1535/1841/1779
f 400/1837/1777 1535/1841/1779 2097/1842/1331 1157/1838/1336
f 401/1843/1780 1530/1844/1781 1926/1835/1775 1887/1845/1782
f 401/1843/1780 1887/1845/1782 2275/511/499 1539/510/498
f 401/1843/1780 1539/510/498 2271/514/502 1530/1844/1781
f 402/1846/1783 1532/1847/1784 1923/1839/132 1888/1848/1785
f 402/1846/1783 1888/1848/1785 2270/559/540 1540/558/539
f 402/1846/1783 1540/558/539 2273/562/543 1532/1847/1784
f 403/1849/1786 1534/1850/1787 1925/1851/1788 1889/1852/1789
f 403/1849/1786 1889/1852/1789 2274/600/576 1541/599/575
f 403/1849/1786 1541/599/575 2275/511/499 1534/1850/1787
f 404/1853/1790 973/1854/1791 1924/1855/152 1890/1856/1792
f 404/1853/1790 1890/1856/1792 2276/453/451 1542/1049/990
f 404/1853/1790 1542/1049/990 2274/600/576 973/1854/1791
f 405/1857/1793 957/1858/1794 1922/1859/56 1891/1860/1795
f 405/1857/1793 1891/1860/1795 2277/405/412 1543/1468/1401
f 405/1857/1793 1543/1468/1401 2270/559/540 957/1858/1794
f 406/45/1796 770/49/49 1905/40/40 1892/48/1797
f 406/45/1796 1892/48/1797 1946/159/159 799/46/1798
f 406/45/1796 799/46/1798 1933/36/36 770/49/49
f 407/1861/1799 1544/1862/1800 1905/40/40 1893/41/1801
f 407/1861/1799 1893/41/1801 1942/148/148 1546/1863/1802
f 407/1861/1799 1546/1863/1802 1925/1864/1788 1544/1862/1800
f 408/1865/1803 813/1866/1804 1946/159/159 1545/1867/1805
f 408/1865/1803 1545/1867/1805 1925/142/1788 790/1868/1806
f 408/1865/1803 790/1868/1806 1926/1869/1775 813/1866/1804
f 409/1870/1807 789/1871/1808 1925/1864/1788 1546/1863/1802
f 409/1870/1807 1546/1863/1802 1942/148/148 809/147/147
f 409/1870/1807 809/147/147 1924/152/152 789/1871/1808
f 410/1872/1809 800/258/249 1950/257/52 1009/670/633
f 410/1872/1809 1009/670/633 2023/669/632 1548/1873/1810
f 410/1872/1809 1548/1873/1810 1944/259/250 800/258/249
f 411/1874/1811 1548/1873/1810 2023/669/632 1004/681/644
f 411/1874/1811 1004/681/644 2022/673/636 1549/1875/1812
f 411/1874/1811 1549/1875/1812 1944/259/250 1548/1873/1810
f 412/1876/1813 1549/1875/1812 2022/673/636 1010/1827/1767
f 412/1876/1813 1010/1827/1767 1949/255/125 1547/254/248
f 412/1876/1813 1547/254/248 1944/259/250 1549/1875/1812
f 413/1877/1814 768/1878/487 1903/29/29 1894/1879/1815
f 413/1877/1814 1894/1879/1815 2104/610/1001 1165/1880/1000
f 413/1877/1814 1165/1880/1000 1902/1881/488 768/1878/487
f 414/1877/1816 1172/1880/322 2109/610/327 1895/1879/1817
f 414/1877/1816 1895/1879/1817 1965/29/490 866/1878/1818
f 414/1877/1816 866/1878/1818 1964/1881/323 1172/1880/322
f 415/1882/1819 1552/2/2 2234/7/7 1440/1670/1615
f 415/1882/1819 1440/1670/1615 2235/1666/1612 772/1883/1820
f 415/1882/1819 772/1883/1820 1907/3/3 1552/2/2
f 416/1884/1821 1553/4/4 1907/3/3 845/1628/1822
f 416/1884/1821 845/1628/1822 1955/59/59 851/195/190
f 416/1884/1821 851/195/190 1940/5/5 1553/4/4
f 417/1885/1823 1554/11/11 1899/10/10 763/20/20
f 417/1885/1823 763/20/20 1932/19/19 796/482/475
f 417/1885/1823 796/482/475 1896/12/12 1554/11/11
f 418/1886/1824 1555/18/18 1900/17/17 762/1887/1825
f 418/1886/1824 762/1887/1825 1931/429/431 795/580/559
f 418/1886/1824 795/580/559 1932/19/19 1555/18/18
f 419/1888/1826 794/1889/1827 1931/429/431 762/1887/1825
f 419/1888/1826 762/1887/1825 1900/17/17 1556/26/26
f 419/1888/1826 1556/26/26 1930/25/25 794/1889/1827
f 420/1890/1828 1557/24/24 1901/23/23 761/1891/517
f 420/1890/1828 761/1891/517 1898/593/520 760/1098/1041
f 420/1890/1828 760/1098/1041 1930/25/25 1557/24/24
f 421/1892/1829 1558/37/37 1933/36/36 799/46/1798
f 421/1892/1829 799/46/1798 1946/159/159 838/158/158
f 421/1892/1829 838/158/158 1943/33/33 1558/37/37
f 422/1861/1830 1559/41/41 1905/40/40 811/1862/1831
f 422/1861/1830 811/1862/1831 1985/168/142 835/1893/141
f 422/1861/1830 835/1893/141 2002/42/42 1559/41/41
f 423/1894/1832 1560/48/48 2006/47/47 839/164/164
f 423/1894/1832 839/164/164 1985/168/142 811/1862/1831
f 423/1894/1832 811/1862/1831 1905/40/40 1560/48/48
f 424/1627/1833 1561/60/60 1955/59/59 845/1628/1822
f 424/1627/1833 845/1628/1822 1907/3/3 1434/1630/1585
f 424/1627/1833 1434/1630/1585 2227/61/61 1561/60/60
f 425/267/1834 1562/67/67 1909/66/66 775/578/1835
f 425/267/1834 775/578/1835 1910/89/89 816/88/88
f 425/267/1834 816/88/88 1948/68/68 1562/67/67
f 426/1895/1836 1563/74/74 1919/73/73 784/1896/1837
f 426/1895/1836 784/1896/1837 1920/98/98 827/97/97
f 426/1895/1836 827/97/97 1939/75/75 1563/74/74
f 427/1897/1838 1564/80/80 1909/66/66 825/65/65
f 427/1897/1838 825/65/65 1935/70/70 852/372/1839
f 427/1897/1838 852/372/1839 1954/81/81 1564/80/80
f 428/1898/1840 1565/87/87 1911/86/86 803/95/95
f 428/1898/1840 803/95/95 1938/94/94 837/154/154
f 428/1898/1840 837/154/154 1948/68/68 1565/87/87
f 429/1899/1841 1566/93/93 1947/92/92 842/1900/169
f 429/1899/1841 842/1900/169 1941/1901/120 808/1902/364
f 429/1899/1841 808/1902/364 1938/94/94 1566/93/93
f 430/1903/1842 1567/99/99 1920/98/98 785/1502/1431
f 430/1903/1842 785/1502/1431 1921/1505/54 823/1904/1843
f 430/1903/1842 823/1904/1843 1936/100/100 1567/99/99
f 431/1905/1844 1568/105/105 1937/104/104 828/299/181
f 431/1905/1844 828/299/181 2262/302/180 1497/76/1845
f 431/1905/1844 1497/76/1845 1939/75/75 1568/105/105
f 432/1906/1846 1569/111/111 2259/110/110 841/210/205
f 432/1906/1846 841/210/205 1918/214/209 783/307/442
f 432/1906/1846 783/307/442 1919/73/73 1569/111/111
f 433/1907/1847 1570/310/1848 1936/100/100 824/123/123
f 433/1907/1847 824/123/123 1935/70/70 814/69/69
f 433/1907/1847 814/69/69 1948/68/68 1570/310/1848
f 434/309/1849 1570/310/1848 1948/68/68 826/156/156
f 434/309/1849 826/156/156 1951/107/107 1571/113/113
f 434/309/1849 1571/113/113 1936/100/100 1570/310/1848
f 435/1908/1850 1572/117/117 1913/116/116 779/1909/1851
f 435/1908/1850 779/1909/1851 1914/178/176 848/177/175
f 435/1908/1850 848/177/175 1956/118/118 1572/117/117
f 436/1910/1852 1573/129/129 1945/128/128 1006/1832/1772
f 436/1910/1852 1006/1832/1772 2021/642/608 1002/1911/1853
f 436/1910/1852 1002/1911/1853 2020/130/130 1573/129/129
f 437/1912/1854 1574/136/136 1987/135/135 1193/240/235
f 437/1912/1854 1193/240/235 2101/245/239 959/1913/1855
f 437/1912/1854 959/1913/1855 2111/137/137 1574/136/136
f 438/1914/1856 1575/155/155 1938/94/94 819/1915/366
f 438/1914/1856 819/1915/366 1937/104/104 830/103/103
f 438/1914/1856 830/103/103 1951/107/107 1575/155/155
f 439/1916/1857 1576/160/160 1946/159/159 813/1866/1804
f 439/1916/1857 813/1866/1804 1926/1869/1775 791/1917/1774
f 439/1916/1857 791/1917/1774 1927/161/161 1576/160/160
f 440/1918/1858 1577/172/170 1947/171/92 777/1919/1859
f 440/1918/1858 777/1919/1859 1912/1411/1355 778/1920/1860
f 440/1918/1858 778/1920/1860 1913/116/116 1577/172/170
f 441/1921/1861 1578/176/174 1915/175/173 832/1922/1862
f 441/1921/1861 832/1922/1862 1953/1923/1863 850/1924/1864
f 441/1921/1861 850/1924/1864 1956/118/118 1578/176/174
f 442/1925/1865 1579/182/179 1956/181/118 850/1926/1864
f 442/1925/1865 850/1926/1864 1953/1927/1863 1493/1928/1866
f 442/1925/1865 1493/1928/1866 2262/183/180 1579/182/179
f 443/1929/1867 1580/187/183 1936/100/100 823/1904/1843
f 443/1929/1867 823/1904/1843 1921/1505/54 817/1930/53
f 443/1929/1867 817/1930/53 1950/188/52 1580/187/183
f 444/1931/1868 1581/196/191 1955/59/59 820/206/201
f 444/1931/1868 820/206/201 1949/125/125 815/1932/523
f 444/1931/1868 815/1932/523 1945/197/128 1581/196/191
f 445/1567/1869 1582/201/196 2014/81/195 915/208/388
f 445/1567/1869 915/208/388 2009/1568/313 1388/1562/1489
f 445/1567/1869 1388/1562/1489 2207/202/197 1582/201/196
f 446/1933/1870 1583/222/217 1958/221/216 891/1934/1871
f 446/1933/1870 891/1934/1871 1992/228/223 861/227/222
f 446/1933/1870 861/227/222 1961/223/218 1583/222/217
f 447/1935/1872 1584/229/224 1992/228/223 890/1936/1873
f 447/1935/1872 890/1936/1873 1991/433/434 860/1937/1874
f 447/1935/1872 860/1937/1874 1962/230/225 1584/229/224
f 448/1938/1875 1585/233/228 1963/238/233 864/450/448
f 448/1938/1875 864/450/448 1962/230/225 1586/1939/1876
f 448/1938/1875 1586/1939/1876 1990/234/229 1585/233/228
f 449/1940/1877 860/1937/1874 1991/433/434 889/432/433
f 449/1940/1877 889/432/433 1990/234/229 1586/1939/1876
f 449/1940/1877 1586/1939/1876 1962/230/225 860/1937/1874
f 450/1941/1878 1587/242/236 1987/135/135 1182/1082/1025
f 450/1941/1878 1182/1082/1025 2107/1110/1028 1191/1086/1030
f 450/1941/1878 1191/1086/1030 2114/1942/237 1587/242/236
f 451/1943/1879 999/1944/1880 1967/461/458 897/1945/1881
f 451/1943/1879 897/1945/1881 1983/252/246 1588/251/245
f 451/1943/1879 1588/251/245 2248/250/244 999/1944/1880
f 452/1946/1882 1589/249/243 1982/248/242 940/314/316
f 452/1946/1882 940/314/316 1993/318/320 1472/1947/1883
f 452/1946/1882 1472/1947/1883 2248/250/244 1589/249/243
f 453/64/1884 1590/67/260 1969/269/259 922/65/1885
f 453/64/1884 922/65/1885 1995/70/311 911/69/1886
f 453/64/1884 911/69/1886 2008/270/261 1590/67/260
f 454/1948/1887 1591/275/267 1999/274/266 924/297/291
f 454/1948/1887 924/297/291 1980/296/290 879/1896/1888
f 454/1948/1887 879/1896/1888 1979/73/268 1591/275/267
f 455/1949/1889 1592/280/273 1908/83/83 1426/1626/1573
f 455/1949/1889 1426/1626/1573 2224/1625/1572 1425/1683/1627
f 455/1949/1889 1425/1683/1627 2225/281/274 1592/280/273
f 456/1950/1890 1593/284/277 2008/270/261 934/336/340
f 456/1950/1890 934/336/340 1998/335/339 899/1951/1891
f 456/1950/1890 899/1951/1891 1971/285/278 1593/284/277
f 457/1952/1892 1594/289/282 1971/285/278 899/1951/1891
f 457/1952/1892 899/1951/1891 1998/335/339 905/1953/1708
f 457/1952/1892 905/1953/1708 2001/290/283 1594/289/282
f 458/1903/1893 1595/295/289 1996/100/288 920/1904/1894
f 458/1903/1893 920/1904/1894 1981/1954/256 880/1502/1895
f 458/1903/1893 880/1502/1895 1980/296/290 1595/295/289
f 459/1955/1896 1596/301/295 1997/300/294 927/1956/1897
f 459/1955/1896 927/1956/1897 2011/312/307 901/1957/1898
f 459/1955/1896 901/1957/1898 1999/274/266 1596/301/295
f 460/1958/1899 1597/306/301 2261/305/300 930/1959/1703
f 460/1958/1899 930/1959/1703 2012/277/270 926/276/269
f 460/1958/1899 926/276/269 1979/73/268 1597/306/301
f 461/1907/1900 1598/310/305 2008/270/261 911/69/1886
f 461/1907/1900 911/69/1886 1995/70/311 921/123/310
f 461/1907/1900 921/123/310 1996/100/288 1598/310/305
f 462/1960/1901 1599/311/306 1996/100/288 903/294/287
f 462/1960/1901 903/294/287 1999/274/266 901/1957/1898
f 462/1960/1901 901/1957/1898 2011/312/307 1599/311/306
f 463/1961/1902 1600/315/317 1982/248/242 919/1962/254
f 463/1961/1902 919/1962/254 2010/329/253 868/328/330
f 463/1961/1902 868/328/330 2018/316/318 1600/315/317
f 464/1963/1903 1601/334/338 2011/312/307 927/1956/1897
f 464/1963/1903 927/1956/1897 1997/300/294 916/1964/1706
f 464/1963/1903 916/1964/1706 1998/335/339 1601/334/338
f 465/1916/1904 1602/160/343 1987/241/135 886/1917/423
f 465/1916/1904 886/1917/423 1986/166/166 910/165/165
f 465/1916/1904 910/165/165 2006/47/47 1602/160/343
f 466/1965/1905 1603/344/352 2007/343/285 939/1966/284
f 466/1965/1905 939/1966/284 2001/1967/283 928/1968/1906
f 466/1965/1905 928/1968/1906 1973/345/353 1603/344/352
f 467/1969/1907 1604/351/359 2016/350/358 946/1970/1908
f 467/1969/1907 946/1970/1908 2013/1971/1698 929/1972/1909
f 467/1969/1907 929/1972/1909 1975/352/360 1604/351/359
f 468/1973/1910 1605/358/365 1941/357/120 1316/1974/119
f 468/1973/1910 1316/1974/119 1956/1975/118 847/1976/178
f 468/1973/1910 847/1976/178 1937/359/104 1605/358/365
f 469/1977/1911 1606/365/368 2263/364/297 1495/1978/1699
f 469/1977/1911 1495/1978/1699 2013/1979/1698 946/1980/1908
f 469/1977/1911 946/1980/1908 2016/366/358 1606/365/368
f 470/1929/1912 1607/187/372 2010/188/253 914/1930/252
f 470/1929/1912 914/1930/252 1981/1954/256 920/1904/1894
f 470/1929/1912 920/1904/1894 1996/100/288 1607/187/372
f 471/1931/1913 1608/196/376 2005/197/375 912/1932/426
f 471/1931/1913 912/1932/426 2009/125/313 917/206/387
f 471/1931/1913 917/206/387 2015/369/377 1608/196/376
f 472/1565/1914 1609/373/382 2014/81/195 1386/200/194
f 472/1565/1914 1386/200/194 2208/204/199 1385/1566/1518
f 472/1565/1914 1385/1566/1518 2206/374/383 1609/373/382
f 473/1981/1915 1610/385/396 2258/384/395 994/1982/1916
f 473/1981/1915 994/1982/1916 2260/1983/534 995/1984/533
f 473/1981/1915 995/1984/533 1976/386/397 1610/385/396
f 474/1985/1917 1611/1986/1918 2277/405/412 1347/1987/1919
f 474/1985/1917 1347/1987/1919 1921/1988/54 1353/1989/1920
f 474/1985/1917 1353/1989/1920 2189/590/569 1611/1986/1918
f 475/1990/1921 1611/1986/1918 2189/590/569 1349/589/568
f 475/1990/1921 1349/589/568 2190/401/409 1612/400/408
f 475/1990/1921 1612/400/408 2277/405/412 1611/1986/1918
f 476/1991/1922 1613/409/416 2108/408/415 1176/1992/1923
f 476/1991/1922 1176/1992/1923 1988/1993/139 1192/1994/138
f 476/1991/1922 1192/1994/138 2111/410/137 1613/409/416
f 477/1995/1924 1614/416/422 2272/415/421 1537/1996/1925
f 477/1995/1924 1537/1996/1925 2271/514/502 960/513/501
f 477/1995/1924 960/513/501 1986/417/166 1614/416/422
f 478/1997/1926 1615/430/432 1931/429/431 794/1889/1827
f 478/1997/1926 794/1889/1827 1930/1998/25 964/1999/508
f 478/1997/1926 964/1999/508 1990/431/229 1615/430/432
f 479/2000/1927 1616/437/438 2174/436/437 966/529/515
f 479/2000/1927 966/529/515 1973/345/353 874/1774/1710
f 479/2000/1927 874/1774/1710 1974/354/362 1616/437/438
f 480/2001/1928 1617/443/443 1918/442/209 968/546/528
f 480/2001/1928 968/546/528 1978/545/303 878/2002/302
f 480/2001/1928 878/2002/302 1979/444/268 1617/443/443
f 481/2003/1929 1618/449/447 1901/23/23 766/22/22
f 481/2003/1929 766/22/22 1900/17/17 970/548/530
f 481/2003/1929 970/548/530 1962/230/225 1618/449/447
f 482/2004/1930 1619/454/452 2276/453/451 1538/2005/1931
f 482/2004/1930 1538/2005/1931 2273/562/543 972/561/542
f 482/2004/1930 972/561/542 1983/455/246 1619/454/452
f 483/2006/1932 1620/460/457 2005/424/375 909/2007/1342
f 483/2006/1932 909/2007/1342 1983/2008/246 897/1945/1881
f 483/2006/1932 897/1945/1881 1967/461/458 1620/460/457
f 484/2009/1933 1621/467/464 1928/466/463 975/2010/1934
f 484/2009/1933 975/2010/1934 1988/2011/139 888/2012/1008
f 484/2009/1933 888/2012/1008 1989/468/325 1621/467/464
f 485/2013/1935 1622/2014/1936 2176/477/470 978/2015/1937
f 485/2013/1935 978/2015/1937 1911/2016/86 776/2017/85
f 485/2013/1935 776/2017/85 1910/2018/89 1622/2014/1936
f 486/2019/1938 1622/2014/1936 1910/2018/89 977/2020/556
f 486/2019/1938 977/2020/556 1970/473/263 1623/472/468
f 486/2019/1938 1623/472/468 2176/477/470 1622/2014/1936
f 487/2021/1939 1624/479/472 1896/12/12 979/484/477
f 487/2021/1939 979/484/477 1958/221/216 857/220/215
f 487/2021/1939 857/220/215 1959/225/220 1624/479/472
f 488/2022/1940 1625/483/476 1932/19/19 981/582/561
f 488/2022/1940 981/582/561 1992/228/223 891/1934/1871
f 488/2022/1940 891/1934/1871 1958/221/216 1625/483/476
f 489/2023/1941 1626/493/483 1980/296/290 1359/1473/1405
f 489/2023/1941 1359/1473/1405 2191/1477/1409 956/1522/1449
f 489/2023/1941 956/1522/1449 2194/494/484 1626/493/483
f 490/2024/1942 1627/500/489 1902/499/488 985/2025/573
f 490/2024/1942 985/2025/573 1964/321/323 866/2026/1818
f 490/2024/1942 866/2026/1818 1965/501/490 1627/500/489
f 491/2027/1943 1628/506/494 2176/477/470 1319/476/469
f 491/2027/1943 1319/476/469 1971/475/278 937/2028/281
f 491/2027/1943 937/2028/281 2007/343/285 1628/506/494
f 492/2029/1944 1629/512/500 2275/511/499 987/603/578
f 492/2029/1944 987/603/578 1985/602/142 885/2030/167
f 492/2029/1944 885/2030/167 1986/417/166 1629/512/500
f 493/2031/1945 1630/516/504 2114/243/237 1206/1148/1093
f 493/2031/1945 1206/1148/1093 2122/1147/1092 1203/1179/1124
f 493/2031/1945 1203/1179/1124 2117/517/505 1630/516/504
f 494/2032/1946 1631/522/509 1930/521/25 1184/2033/1947
f 494/2032/1946 1184/2033/1947 1929/470/466 976/469/465
f 494/2032/1946 976/469/465 1989/468/325 1631/522/509
f 495/2034/1948 1632/528/514 2178/527/513 989/614/587
f 495/2034/1948 989/614/587 1972/347/355 873/346/354
f 495/2034/1948 873/346/354 1973/345/353 1632/528/514
f 496/2035/1949 1633/531/518 1901/532/23 971/2036/446
f 496/2035/1949 971/2036/446 1963/2036/233 859/531/232
f 496/2035/1949 859/531/232 1960/533/231 1633/531/518
f 497/2037/1950 1634/544/527 1917/543/213 992/2038/590
f 497/2037/1950 992/2038/590 1977/2039/402 877/2040/401
f 497/2037/1950 877/2040/401 1978/545/303 1634/544/527
f 498/2041/1951 1635/549/531 1900/17/17 765/16/16
f 498/2041/1951 765/16/16 1899/10/10 993/624/593
f 498/2041/1951 993/624/593 1961/223/218 1635/549/531
f 499/2042/1952 1636/553/535 2260/552/534 1336/1431/1373
f 499/2042/1952 1336/1431/1373 2182/1436/1377 1330/1459/1393
f 499/2042/1952 1330/1459/1393 2183/554/536 1636/553/535
f 500/2043/1953 1637/560/541 2270/559/540 1529/1471/1403
f 500/2043/1953 1529/1471/1403 1982/1470/242 882/2044/241
f 500/2043/1953 882/2044/241 1983/455/246 1637/560/541
f 501/2045/1954 1638/566/547 2112/565/546 1164/2046/1955
f 501/2045/1954 1164/2046/1955 1966/1095/1038 1204/1154/1099
f 501/2045/1954 1204/1154/1099 2116/567/548 1638/566/547
f 502/2047/1956 1639/2048/1957 1988/2011/139 975/2010/1934
f 502/2047/1956 975/2010/1934 1928/466/463 1640/574/554
f 502/2047/1956 1640/574/554 2272/415/421 1639/2048/1957
f 503/2049/1958 1639/2048/1957 2272/415/421 1531/414/420
f 503/2049/1958 1531/414/420 1987/419/135 887/2050/134
f 503/2049/1958 887/2050/134 1988/2011/139 1639/2048/1957
f 504/2051/1959 1641/578/557 1910/577/89 775/578/1835
f 504/2051/1959 775/578/1835 1909/66/66 963/637/604
f 504/2051/1959 963/637/604 1969/269/259 1641/578/557
f 505/2052/1960 1642/581/560 1931/429/431 965/428/430
f 505/2052/1960 965/428/430 1991/433/434 890/1936/1873
f 505/2052/1960 890/1936/1873 1992/228/223 1642/581/560
f 506/2053/1961 1643/2054/1962 1975/352/360 1496/2055/1963
f 506/2053/1961 1496/2055/1963 1915/175/173 1644/585/564
f 506/2053/1961 1644/585/564 2175/439/440 1643/2054/1962
f 507/2056/1964 1643/2054/1962 2175/439/440 1318/438/439
f 507/2056/1964 1318/438/439 1974/354/362 875/353/361
f 507/2056/1964 875/353/361 1975/352/360 1643/2054/1962
f 508/2057/1965 1645/587/566 2189/590/569 1348/2058/1966
f 508/2057/1965 1348/2058/1966 1920/2059/98 784/2060/1837
f 508/2057/1965 784/2060/1837 1919/446/73 1645/587/566
f 509/2061/1967 1646/588/567 1919/446/73 969/445/444
f 509/2061/1967 969/445/444 1979/444/268 1647/2062/1968
f 509/2061/1967 1647/2062/1968 2190/401/409 1646/588/567
f 510/2063/1969 879/2064/1888 1980/2065/290 984/2066/482
f 510/2063/1969 984/2066/482 2190/401/409 1647/2062/1968
f 510/2063/1969 1647/2062/1968 1979/444/268 879/2064/1888
f 511/2067/1970 1648/594/572 1898/593/520 990/2068/519
f 511/2067/1970 990/2068/519 1960/236/231 865/1080/1020
f 511/2067/1970 865/1080/1020 1964/595/323 1648/594/572
f 512/2069/1971 1649/601/577 2274/600/576 1533/1052/992
f 512/2069/1971 1533/1052/992 1984/1051/144 884/2070/143
f 512/2069/1971 884/2070/143 1985/602/142 1649/601/577
f 513/2071/1972 1650/607/581 2108/606/415 1166/1112/1973
f 513/2071/1972 1166/1112/1973 2107/1084/1028 1169/1083/1027
f 513/2071/1972 1169/1083/1027 2110/608/582 1650/607/581
f 514/2072/1974 1651/613/586 2177/508/496 1320/507/495
f 514/2072/1974 1320/507/495 2007/343/285 872/342/351
f 514/2072/1974 872/342/351 1972/347/355 1651/613/586
f 515/2073/1975 1652/618/589 1916/617/399 983/2074/398
f 515/2073/1975 983/2074/398 1976/2075/397 876/2076/599
f 515/2073/1975 876/2076/599 1977/619/402 1652/618/589
f 516/2077/1976 1653/623/592 1897/14/14 980/480/473
f 516/2077/1976 980/480/473 1959/225/220 862/224/219
f 516/2077/1976 862/224/219 1961/223/218 1653/623/592
f 517/1897/1977 1654/80/601 2014/81/195 948/372/381
f 517/1897/1977 948/372/381 1995/70/311 922/65/1885
f 517/1897/1977 922/65/1885 1969/269/259 1654/80/601
f 518/2078/1978 1655/641/607 2255/646/612 1028/2079/1979
f 518/2078/1978 1028/2079/1979 2020/130/130 1002/1911/1853
f 518/2078/1978 1002/1911/1853 2021/642/608 1655/641/607
f 519/2080/1980 1656/643/609 2021/642/608 1011/1777/1713
f 519/2080/1980 1011/1777/1713 2030/702/665 1019/746/709
f 519/2080/1980 1019/746/709 2029/644/610 1656/643/609
f 520/2081/1981 772/1883/1820 2235/1666/1612 1439/1665/1611
f 520/2081/1981 1439/1665/1611 2233/651/617 1657/650/616
f 520/2081/1981 1657/650/616 1907/3/3 772/1883/1820
f 521/1884/1982 1658/649/615 2000/370/379 947/195/378
f 521/1884/1982 947/195/378 2015/369/377 941/1628/1575
f 521/1884/1982 941/1628/1575 1907/3/3 1658/649/615
f 522/2082/1983 1659/655/621 2256/654/620 1483/1728/1671
f 522/2082/1983 1483/1728/1671 2253/1727/1670 1026/2083/1984
f 522/2082/1983 1026/2083/1984 2026/656/622 1659/655/621
f 523/2084/1985 1473/1735/1678 2019/675/638 1008/2085/1986
f 523/2084/1985 1008/2085/1986 1922/665/56 1660/664/629
f 523/2084/1985 1660/664/629 2249/663/628 1473/1735/1678
f 524/2086/1987 1661/662/627 1923/661/132 1007/131/131
f 524/2086/1987 1007/131/131 2020/130/130 1001/1739/1682
f 524/2086/1987 1001/1739/1682 2249/663/628 1661/662/627
f 525/2087/1988 1662/668/631 1922/665/56 1008/2085/1986
f 525/2087/1988 1008/2085/1986 2019/675/638 1005/682/645
f 525/2087/1988 1005/682/645 2023/669/632 1662/668/631
f 526/2088/1989 1663/686/649 2025/685/648 1016/2089/1990
f 526/2088/1989 1016/2089/1990 2024/716/679 1021/2090/1991
f 526/2088/1989 1021/2090/1991 2033/687/650 1663/686/649
f 527/2091/1992 1664/693/656 2028/692/655 1043/2092/1993
f 527/2091/1992 1043/2092/1993 2037/763/726 1039/2093/1994
f 527/2091/1992 1039/2093/1994 2040/694/657 1664/693/656
f 528/2094/1995 1665/699/662 2031/696/659 1041/695/658
f 528/2094/1995 1041/695/658 2040/694/657 1036/742/705
f 528/2094/1995 1036/742/705 2039/700/663 1665/699/662
f 529/2095/1996 1666/704/667 2033/687/650 1021/2090/1991
f 529/2095/1996 1021/2090/1991 2024/716/679 1017/1719/1662
f 529/2095/1996 1017/1719/1662 2250/658/624 1666/704/667
f 530/2096/1997 1667/705/668 2250/658/624 1474/657/623
f 530/2096/1997 1474/657/623 2026/656/622 1024/750/713
f 530/2096/1997 1024/750/713 2035/706/669 1667/705/668
f 531/2097/1998 1016/2089/1990 2025/685/648 1030/1781/1717
f 531/2097/1998 1030/1781/1717 1968/463/460 1668/717/680
f 531/2097/1998 1668/717/680 2024/716/679 1016/2089/1990
f 532/2098/1999 991/462/459 1967/461/458 1027/1721/1664
f 532/2098/1999 1027/1721/1664 2254/714/677 1669/713/676
f 532/2098/1999 1669/713/676 1968/463/460 991/462/459
f 533/2099/2000 1670/720/683 2255/646/612 1479/645/611
f 533/2099/2000 1479/645/611 2029/644/610 1018/2100/2001
f 533/2099/2000 1018/2100/2001 2251/721/684 1670/720/683
f 534/2101/2002 1671/727/690 2038/726/689 1035/2102/2003
f 534/2101/2002 1035/2102/2003 2039/700/663 1037/744/707
f 534/2101/2002 1037/744/707 2047/728/691 1671/727/690
f 535/2103/2004 1672/732/695 2033/687/650 1058/2104/2005
f 535/2103/2004 1058/2104/2005 2041/1686/1630 1048/1685/1629
f 535/2103/2004 1048/1685/1629 2042/733/696 1672/732/695
f 536/2105/2006 1673/737/700 2040/694/657 1039/2093/1994
f 536/2105/2006 1039/2093/1994 2037/763/726 1057/2106/2007
f 536/2105/2006 1057/2106/2007 2045/738/701 1673/737/700
f 537/2107/2008 1674/743/706 2040/694/657 1040/736/699
f 537/2107/2008 1040/736/699 2048/740/703 1052/1706/1650
f 537/2107/2008 1052/1706/1650 2047/728/691 1674/743/706
f 538/2108/2009 1675/747/710 2030/702/665 1042/701/664
f 538/2108/2009 1042/701/664 2039/700/663 1035/2102/2003
f 538/2108/2009 1035/2102/2003 2038/726/689 1675/747/710
f 539/2109/2010 1676/751/714 2026/656/622 1022/1750/1693
f 539/2109/2010 1022/1750/1693 2027/756/719 1046/755/718
f 539/2109/2010 1046/755/718 2036/752/715 1676/751/714
f 540/2110/2011 1677/757/720 2027/756/719 1015/1782/1718
f 540/2110/2011 1015/1782/1718 2025/685/648 1044/684/647
f 540/2110/2011 1044/684/647 2034/689/652 1677/757/720
f 541/2111/2012 1678/760/723 2037/763/726 1043/2092/1993
f 541/2111/2012 1043/2092/1993 2028/692/655 1475/2112/2013
f 541/2111/2012 1475/2112/2013 2251/721/684 1678/760/723
f 542/2113/2014 1679/761/724 2251/721/684 1018/2100/2001
f 542/2113/2014 1018/2100/2001 2029/644/610 1045/748/711
f 542/2113/2014 1045/748/711 2038/726/689 1679/761/724
f 543/2114/2015 1680/767/730 2238/766/729 1456/2115/2016
f 543/2114/2015 1456/2115/2016 2236/1693/1637 1452/2116/2017
f 543/2114/2015 1452/2116/2017 2049/768/731 1680/767/730
f 544/2117/2018 1681/774/737 2242/773/736 1075/2118/2019
f 544/2117/2018 1075/2118/2019 2053/2119/812 1071/2120/2020
f 544/2117/2018 1071/2120/2020 2056/775/738 1681/774/737
f 545/2121/2021 1682/780/743 2240/777/740 1073/776/739
f 545/2121/2021 1073/776/739 2056/2122/738 1068/2123/788
f 545/2121/2021 1068/2123/788 2055/781/744 1682/780/743
f 546/2124/2022 1683/785/748 2049/790/731 1452/2116/2017
f 546/2124/2022 1452/2116/2017 2236/1693/1637 1457/1692/1636
f 546/2124/2022 1457/1692/1636 2245/786/749 1683/785/748
f 547/2125/2023 1684/787/750 2245/786/749 1469/2126/2024
f 547/2125/2023 1469/2126/2024 2237/843/798 1056/842/797
f 547/2125/2023 1056/842/797 2051/788/751 1684/787/750
f 548/2127/2025 1685/792/754 2036/752/715 1061/796/758
f 548/2127/2025 1061/796/758 2044/799/761 1054/2128/2026
f 548/2127/2025 1054/2128/2026 2043/793/755 1685/792/754
f 549/2129/2027 1686/797/759 2036/752/715 1031/758/721
f 549/2129/2027 1031/758/721 2034/689/652 1059/734/697
f 549/2129/2027 1059/734/697 2042/733/696 1686/797/759
f 550/2130/2028 1471/1713/1657 2045/738/701 1057/2106/2007
f 550/2130/2028 1057/2106/2007 2037/763/726 1687/803/765
f 550/2130/2028 1687/803/765 2247/802/764 1471/1713/1657
f 551/2131/2029 1688/801/763 2038/726/689 1060/725/688
f 551/2131/2029 1060/725/688 2046/730/693 1050/2132/2030
f 551/2131/2029 1050/2132/2030 2247/802/764 1688/801/763
f 552/2133/2031 1049/2134/2032 2041/1686/1630 1058/2104/2005
f 552/2133/2031 1058/2104/2005 2033/687/650 1689/807/769
f 552/2133/2031 1689/807/769 2246/806/768 1049/2134/2032
f 553/2135/2033 1690/805/767 2035/706/669 1062/794/756
f 553/2135/2033 1062/794/756 2043/793/755 1470/2136/2034
f 553/2135/2033 1470/2136/2034 2246/806/768 1690/805/767
f 554/2137/2035 1691/811/773 2054/810/772 1067/2138/2036
f 554/2137/2035 1067/2138/2036 2055/834/744 1069/833/790
f 554/2137/2035 1069/833/790 2063/812/774 1691/811/773
f 555/2139/2037 1692/818/778 2049/817/731 1090/902/849
f 555/2139/2037 1090/902/849 2057/861/815 1080/860/814
f 555/2139/2037 1080/860/814 2058/819/779 1692/818/778
f 556/2140/2038 1693/825/783 2056/824/738 1071/2141/2020
f 556/2140/2038 1071/2141/2020 2053/900/812 1089/899/847
f 556/2140/2038 1089/899/847 2061/826/784 1693/825/783
f 557/2142/2039 1694/832/789 2056/831/738 1072/823/782
f 557/2142/2039 1072/823/782 2064/828/786 1084/872/826
f 557/2142/2039 1084/872/826 2063/812/774 1694/832/789
f 558/2143/2040 1695/837/793 2241/783/746 1461/782/745
f 558/2143/2040 1461/782/745 2055/781/744 1067/2144/2036
f 558/2143/2040 1067/2144/2036 2054/838/772 1695/837/793
f 559/2145/2041 1696/844/799 2237/843/798 1458/1697/1641
f 559/2145/2041 1458/1697/1641 2239/849/804 1078/848/803
f 559/2145/2041 1078/848/803 2052/845/800 1696/844/799
f 560/2146/2042 1697/850/805 2239/849/804 1459/1701/1645
f 560/2146/2042 1459/1701/1645 2238/766/729 1454/765/728
f 560/2146/2042 1454/765/728 2050/770/733 1697/850/805
f 561/2147/2043 1698/854/808 2053/2119/812 1075/2118/2019
f 561/2147/2043 1075/2118/2019 2242/773/736 1467/2148/2044
f 561/2147/2043 1467/2148/2044 2244/1715/809 1698/854/808
f 562/2149/2045 1699/856/810 2244/1715/809 1468/2150/2046
f 562/2149/2045 1468/2150/2046 2243/840/795 1463/839/794
f 562/2149/2045 1463/839/794 2054/2151/772 1699/856/810
f 563/2152/2047 1700/862/816 2057/861/815 1085/877/831
f 563/2152/2047 1085/877/831 2065/881/835 1096/2153/2048
f 563/2152/2047 1096/2153/2048 2066/863/817 1700/862/816
f 564/2154/2049 1701/867/821 2064/828/786 1087/827/785
f 564/2154/2049 1087/827/785 2061/826/784 1107/944/890
f 564/2154/2049 1107/944/890 2069/868/822 1701/867/821
f 565/2155/2050 1702/873/827 2064/828/786 1105/866/820
f 565/2155/2050 1105/866/820 2072/870/824 1100/954/899
f 565/2155/2050 1100/954/899 2071/874/828 1702/873/827
f 566/2156/2051 1703/878/832 2057/861/815 1081/905/851
f 566/2156/2051 1081/905/851 2059/886/838 1088/936/882
f 566/2156/2051 1088/936/882 2067/879/833 1703/878/832
f 567/2157/2052 1704/885/837 2052/884/800 1093/890/841
f 567/2157/2052 1093/890/841 2060/894/844 1086/934/880
f 567/2157/2052 1086/934/880 2059/886/838 1704/885/837
f 568/2158/2053 1705/892/842 2052/891/800 1063/2159/806
f 568/2158/2053 1063/2159/806 2050/821/733 1091/820/780
f 568/2158/2053 1091/820/780 2058/819/779 1705/892/842
f 569/2160/2054 1706/898/846 2054/897/772 1092/809/771
f 569/2160/2054 1092/809/771 2062/814/776 1082/942/888
f 569/2160/2054 1082/942/888 2061/826/784 1706/898/846
f 570/2161/2055 1707/904/850 2049/903/731 1065/2162/752
f 570/2161/2055 1065/2162/752 2051/888/751 1094/887/839
f 570/2161/2055 1094/887/839 2059/886/838 1707/904/850
f 571/2163/2056 1708/908/854 2065/881/835 1097/880/834
f 571/2163/2056 1097/880/834 2067/879/833 1101/926/872
f 571/2163/2056 1101/926/872 2075/909/855 1708/908/854
f 572/2164/2057 1709/915/861 2070/914/860 1120/2165/2058
f 572/2164/2057 1120/2165/2058 2078/988/931 1114/1056/996
f 572/2164/2057 1114/1056/996 2077/916/862 1709/915/861
f 573/2166/2059 1710/921/867 2068/920/866 1095/940/886
f 573/2166/2059 1095/940/886 2066/863/817 1119/2167/2060
f 573/2166/2059 1119/2167/2060 2074/922/868 1710/921/867
f 574/2168/2061 1711/927/873 2067/879/833 1102/2169/2062
f 574/2168/2061 1102/2169/2062 2068/920/866 1104/919/865
f 574/2168/2061 1104/919/865 2076/924/870 1711/927/873
f 575/2170/2063 1712/931/877 2062/814/776 1083/813/775
f 575/2170/2063 1083/813/775 2063/812/774 1106/875/829
f 575/2170/2063 1106/875/829 2071/874/828 1712/931/877
f 576/2171/2064 1713/935/881 2060/894/844 1110/938/884
f 576/2171/2064 1110/938/884 2068/920/866 1102/2169/2062
f 576/2171/2064 1102/2169/2062 2067/879/833 1713/935/881
f 577/2172/2065 1714/939/885 2060/894/844 1079/893/843
f 577/2172/2065 1079/893/843 2058/819/779 1108/864/818
f 577/2172/2065 1108/864/818 2066/863/817 1714/939/885
f 578/2173/2066 1715/943/889 2062/814/776 1109/930/876
f 578/2173/2066 1109/930/876 2070/914/860 1098/913/859
f 578/2173/2066 1098/913/859 2069/868/822 1715/943/889
f 579/2174/2067 1716/952/897 2074/922/868 1112/963/908
f 579/2174/2067 1112/963/908 2073/911/857 1113/910/856
f 579/2174/2067 1113/910/856 2075/909/855 1716/952/897
f 580/2175/2068 1717/955/900 2072/870/824 1123/961/906
f 580/2175/2068 1123/961/906 2080/960/905 1116/2176/2069
f 580/2175/2068 1116/2176/2069 2079/956/901 1717/955/900
f 581/2177/2070 1718/959/904 2069/868/822 1121/917/863
f 581/2177/2070 1121/917/863 2077/916/862 1118/2178/2071
f 581/2177/2070 1118/2178/2071 2080/960/905 1718/959/904
f 582/2179/2072 1719/964/909 2074/922/868 1135/999/942
f 582/2179/2072 1135/999/942 2086/985/928 1127/2180/2073
f 582/2179/2072 1127/2180/2073 2085/965/910 1719/964/909
f 583/2181/2074 1720/968/913 2079/956/901 1133/994/937
f 583/2181/2074 1133/994/937 2088/997/940 1132/2182/2075
f 583/2181/2074 1132/2182/2075 2084/974/914 1720/968/913
f 584/2183/2076 1721/975/918 2084/974/914 1132/2182/2075
f 584/2183/2076 1132/2182/2075 2088/997/940 1151/1030/972
f 584/2183/2076 1151/1030/972 2096/976/919 1721/975/918
f 585/2184/2077 1722/982/925 2082/981/924 1149/1026/969
f 585/2184/2077 1149/1026/969 2090/1017/960 1145/1016/959
f 585/2184/2077 1145/1016/959 2094/983/926 1722/982/925
f 586/2185/2078 1723/989/932 2078/988/931 1120/2165/2058
f 586/2185/2078 1120/2165/2058 2070/914/860 1137/1011/954
f 586/2185/2078 1137/1011/954 2083/990/933 1723/989/932
f 587/2186/2079 1724/995/938 2079/956/901 1115/1054/994
f 587/2186/2079 1115/1054/994 2078/988/931 1138/987/930
f 587/2186/2079 1138/987/930 2087/992/935 1724/995/938
f 588/2187/2080 1725/1000/943 2074/922/868 1119/2167/2060
f 588/2187/2080 1119/2167/2060 2066/2188/817 1139/1006/949
f 588/2187/2080 1139/1006/949 2082/1027/924 1725/1000/943
f 589/2189/2081 1726/1002/945 2073/911/857 1136/966/911
f 589/2189/2081 1136/966/911 2085/965/910 1131/2190/2082
f 589/2189/2081 1131/2190/2082 2081/1003/946 1726/1002/945
f 590/2191/2083 1727/1007/950 2066/863/817 1096/2153/2048
f 590/2191/2083 1096/2153/2048 2065/881/835 1140/1004/947
f 590/2191/2083 1140/1004/947 2081/1003/946 1727/1007/950
f 591/2192/2084 1728/1010/953 2071/874/828 1134/970/915
f 591/2192/2084 1134/970/915 2084/974/914 1126/2193/2085
f 591/2192/2084 1126/2193/2085 2083/990/933 1728/1010/953
f 592/2194/2086 1729/1015/958 2089/1014/957 1147/1035/977
f 592/2194/2086 1147/1035/977 2093/1034/976 1143/1039/981
f 592/2194/2086 1143/1039/981 2094/983/926 1729/1015/958
f 593/2195/2087 1730/1021/964 2091/1020/963 1142/1046/988
f 593/2195/2087 1142/1046/988 2092/978/921 1148/977/920
f 593/2195/2087 1148/977/920 2096/976/919 1730/1021/964
f 594/2196/2088 1731/1025/968 2081/1003/946 1153/1032/974
f 594/2196/2088 1153/1032/974 2089/2197/957 1141/1013/956
f 594/2196/2088 1141/1013/956 2090/1017/960 1731/1025/968
f 595/2198/2089 1732/1029/971 2087/992/935 1154/1042/984
f 595/2198/2089 1154/1042/984 2095/1023/966 1144/1022/965
f 595/2198/2089 1144/1022/965 2096/976/919 1732/1029/971
f 596/2199/2090 1733/1033/975 2081/1003/946 1131/2190/2082
f 596/2199/2090 1131/2190/2082 2085/965/910 1155/1037/979
f 596/2199/2090 1155/1037/979 2093/1034/976 1733/1033/975
f 597/2200/2091 1734/1038/980 2085/965/910 1127/2180/2073
f 597/2200/2091 1127/2180/2073 2086/985/928 1150/984/927
f 597/2200/2091 1150/984/927 2094/983/926 1734/1038/980
f 598/2201/2092 1735/1041/983 2083/990/933 1156/1044/986
f 598/2201/2092 1156/1044/986 2091/1020/963 1146/1019/962
f 598/2201/2092 1146/1019/962 2095/1023/966 1735/1041/983
f 599/2202/2093 1736/1045/987 2083/990/933 1126/2193/2085
f 599/2202/2093 1126/2193/2085 2084/969/914 1152/973/917
f 599/2202/2093 1152/973/917 2092/978/921 1736/1045/987
f 600/2203/2094 1737/1050/991 2276/453/451 1159/452/450
f 600/2203/2094 1159/452/450 2098/457/454 883/2204/1338
f 600/2203/2094 883/2204/1338 1984/1051/144 1737/1050/991
f 601/2205/2095 1738/1055/995 2079/956/901 1116/2176/2069
f 601/2205/2095 1116/2176/2069 2080/960/905 1118/2178/2071
f 601/2205/2095 1118/2178/2071 2077/916/862 1738/1055/995
f 602/2206/2096 1739/1066/1004 1928/2207/463 793/2208/462
f 602/2206/2096 793/2208/462 1929/1059/466 1174/1058/998
f 602/2206/2096 1174/1058/998 2104/1062/1001 1739/1066/1004
f 603/2209/2097 1740/1072/1009 1988/1993/139 1176/1992/1923
f 603/2209/2097 1176/1992/1923 2108/408/415 1167/2210/580
f 603/2209/2097 1167/2210/580 2109/325/327 1740/1072/1009
f 604/1081/2098 1741/1074/1011 1927/161/161 1178/1082/1054
f 604/1081/2098 1178/1082/1054 2102/1113/1057 1163/1083/2099
f 604/1081/2098 1163/1083/2099 2105/608/1012 1741/1074/1011
f 605/2211/2100 1742/1079/1019 1990/234/229 988/2212/510
f 605/2211/2100 988/2212/510 1989/2213/325 1179/2214/324
f 605/2211/2100 1179/2214/324 1964/595/323 1742/1079/1019
f 606/1892/2101 1743/37/1023 2003/33/345 935/158/344
f 606/1892/2101 935/158/344 2006/47/47 962/46/46
f 606/1892/2101 962/46/46 1933/36/36 1743/37/1023
f 607/1073/2102 1744/1074/1026 1987/241/135 907/162/342
f 607/1073/2102 907/162/342 2003/33/345 1181/1075/1015
f 607/1073/2102 1181/1075/1015 2110/608/582 1744/1074/1026
f 608/1111/2103 1745/1087/1031 2107/1084/1028 1166/1112/1973
f 608/1111/2103 1166/1112/1973 2108/606/415 1190/1115/414
f 608/1111/2103 1190/1115/414 2115/1088/418 1745/1087/1031
f 609/133/2104 1746/1093/1035 1927/1092/161 792/134/552
f 609/133/2104 792/134/552 1928/139/463 1188/138/1052
f 609/133/2104 1188/138/1052 2106/137/1036 1746/1093/1035
f 610/2215/2105 1747/1097/1040 1902/597/488 1183/2216/999
f 610/2215/2105 1183/2216/999 1929/2217/466 1184/2218/1947
f 610/2215/2105 1184/2218/1947 1930/25/25 1747/1097/1040
f 611/2071/2106 1748/607/1049 2105/608/1012 1163/1083/2099
f 611/2071/2106 1163/1083/2099 2102/1113/1057 1161/1112/1059
f 611/2071/2106 1161/1112/1059 2103/606/1006 1748/607/1049
f 612/2219/2107 1749/1104/1051 2103/1068/1006 1194/2220/1062
f 612/2219/2107 1194/2220/1062 2113/2221/1061 1170/2222/2108
f 612/2219/2107 1170/2222/2108 2106/1105/1036 1749/1104/1051
f 613/2223/2109 1750/1108/1055 1927/1092/161 1189/1091/1034
f 613/2223/2109 1189/1091/1034 1966/1095/1038 1164/2046/1955
f 613/2223/2109 1164/2046/1955 2112/565/546 1750/1108/1055
f 614/2224/2110 1751/1114/1060 2102/1113/1057 1195/1109/1056
f 614/2224/2110 1195/1109/1056 2112/565/546 892/2225/2111
f 614/2224/2110 892/2225/2111 2113/1088/1061 1751/1114/1060
f 615/2226/2112 1752/1119/1066 2119/1118/1065 1221/2227/1071
f 615/2226/2112 1221/2227/1071 2127/1217/1075 1217/1216/1160
f 615/2226/2112 1217/1216/1160 2131/1120/1067 1752/1119/1066
f 616/2228/2113 1753/1126/1072 2119/1125/1065 1198/1139/1085
f 616/2228/2113 1198/1139/1085 2117/517/505 1220/1181/1126
f 616/2228/2113 1220/1181/1126 2125/1127/1073 1753/1126/1072
f 617/2229/2114 1754/1132/1078 2106/1105/1036 1170/2222/2108
f 617/2229/2114 1170/2222/2108 2113/2221/1061 1208/2230/1087
f 617/2229/2114 1208/2230/1087 2121/1133/1079 1754/1132/1078
f 618/2231/2115 1755/1138/1084 2111/137/137 959/1913/1855
f 618/2231/2115 959/1913/1855 2101/245/239 1207/518/506
f 618/2231/2115 1207/518/506 2117/517/505 1755/1138/1084
f 619/2232/2116 1756/1142/1088 2113/1088/1061 892/2225/2111
f 619/2232/2116 892/2225/2111 2112/565/546 1205/564/545
f 619/2232/2116 1205/564/545 2120/569/550 1756/1142/1088
f 620/2233/2117 1757/1146/1091 2115/1088/418 1211/1141/1096
f 620/2233/2117 1211/1141/1096 2123/1144/1069 1196/1183/1128
f 620/2233/2117 1196/1183/1128 2122/1147/1092 1757/1146/1091
f 621/2234/2118 1758/1150/1095 2111/410/137 1210/2235/1083
f 621/2234/2118 1210/2235/1083 2119/1118/1065 1201/1117/1064
f 621/2234/2118 1201/1117/1064 2123/1122/1069 1758/1150/1095
f 622/2236/2119 1759/1153/1098 2106/137/1036 1209/1137/1077
f 622/2236/2119 1209/1137/1077 2118/1125/1081 1199/1188/1133
f 622/2236/2119 1199/1188/1133 2116/567/548 1759/1153/1098
f 623/2237/2120 1760/1158/1103 2126/1157/1102 1218/1195/1139
f 623/2237/2120 1218/1195/1139 2129/1194/1118 1238/2238/1165
f 623/2237/2120 1238/2238/1165 2137/1159/1104 1760/1158/1103
f 624/2239/2121 1761/1164/1109 2126/1129/1102 1236/1211/1101
f 624/2239/2121 1236/1211/1101 2134/1214/1106 1231/1258/1199
f 624/2239/2121 1231/1258/1199 2132/1165/1110 1761/1164/1109
f 625/2240/2122 1762/1170/1115 2121/1144/1079 1197/1143/1089
f 625/2240/2122 1197/1143/1089 2120/569/550 1223/1175/1120
f 625/2240/2122 1223/1175/1120 2128/1171/1116 1762/1170/1115
f 626/2241/2123 1763/1176/1121 2120/569/550 1200/568/549
f 626/2241/2123 1200/568/549 2116/567/548 1225/1190/1135
f 626/2241/2123 1225/1190/1135 2124/1167/1112 1763/1176/1121
f 627/2242/2124 1764/1180/1125 2122/1147/1092 1226/1186/1131
f 627/2242/2124 1226/1186/1131 2130/1185/1130 1219/1232/1173
f 627/2242/2124 1219/1232/1173 2125/1127/1073 1764/1180/1125
f 628/2243/2125 1765/1184/1129 2123/1144/1069 1222/1169/1068
f 628/2243/2125 1222/1169/1068 2131/1173/1067 1212/1236/1177
f 628/2243/2125 1212/1236/1177 2130/1185/1130 1765/1184/1129
f 629/2244/2126 1766/1189/1134 2118/1125/1081 1227/1124/1137
f 629/2244/2126 1227/1124/1137 2126/1129/1102 1215/1163/1108
f 629/2244/2126 1215/1163/1108 2124/1167/1112 1766/1189/1134
f 630/2245/2127 1767/1193/1138 2118/1135/1081 1202/1134/1080
f 630/2245/2127 1202/1134/1080 2121/1133/1079 1224/2246/1114
f 630/2245/2127 1224/2246/1114 2129/1194/1118 1767/1193/1138
f 631/2247/2128 1768/1199/1143 2138/1198/1142 1254/1256/1197
f 631/2247/2128 1254/1256/1197 2146/1255/1196 1251/1299/1238
f 631/2247/2128 1251/1299/1238 2141/1200/1144 1768/1199/1143
f 632/2248/2129 1769/1206/1150 2136/1224/1149 1232/1230/1171
f 632/2248/2129 1232/1230/1171 2132/1165/1110 1252/1260/1201
f 632/2248/2129 1252/1260/1201 2140/2249/1151 1769/1206/1150
f 633/2250/2130 1770/1212/1156 2127/1129/1075 1214/1128/1074
f 633/2250/2130 1214/1128/1074 2125/1127/1073 1239/1234/1175
f 633/2250/2130 1239/1234/1175 2133/1202/1146 1770/1212/1156
f 634/2251/2131 1771/1218/1161 2127/1217/1075 1240/2252/1155
f 634/2251/2131 1240/2252/1155 2135/2253/1158 1233/2254/2132
f 634/2251/2131 1233/2254/2132 2139/1219/1162 1771/1218/1161
f 635/2255/2133 1772/1223/1166 2129/1173/1118 1213/1172/1117
f 635/2255/2133 1213/1172/1117 2128/1171/1116 1242/1228/1169
f 635/2255/2133 1242/1228/1169 2136/1224/1149 1772/1223/1166
f 636/2256/2134 1773/1229/1170 2128/1171/1116 1216/1177/1122
f 636/2256/2134 1216/1177/1122 2124/1167/1112 1237/1166/1111
f 636/2256/2134 1237/1166/1111 2132/1165/1110 1773/1229/1170
f 637/2257/2135 1774/1233/1174 2130/1185/1130 1243/1238/1179
f 637/2257/2135 1243/1238/1179 2138/1198/1142 1235/1197/1141
f 637/2257/2135 1235/1197/1141 2133/1202/1146 1774/1233/1174
f 638/2258/2136 1775/1237/1178 2131/1173/1067 1241/1222/1163
f 638/2258/2136 1241/1222/1163 2139/1226/1162 1228/1253/1194
f 638/2258/2136 1228/1253/1194 2138/1198/1142 1775/1237/1178
f 639/2259/2137 1776/1241/1182 2144/1209/1153 1270/1293/1232
f 639/2259/2137 1270/1293/1232 2152/1297/1236 1261/1340/1274
f 639/2259/2137 1261/1340/1274 2153/1242/1183 1776/1241/1182
f 640/2260/2138 1777/1248/1189 2147/1247/1188 1249/1274/1214
f 640/2260/2138 1249/1274/1214 2143/1273/1210 1268/2261/1256
f 640/2260/2138 1268/2261/1256 2151/1249/1190 1777/1248/1189
f 641/2262/2139 1778/1254/1195 2139/1226/1162 1256/1276/1212
f 641/2262/2139 1256/1276/1212 2147/1244/1188 1244/2263/2140
f 641/2262/2139 1244/2263/2140 2146/1255/1196 1778/1254/1195
f 642/2264/2141 1779/1259/1200 2134/1214/1106 1257/1266/1205
f 642/2264/2141 1257/1266/1205 2142/1269/1204 1247/2265/2142
f 642/2264/2141 1247/2265/2142 2140/1207/1151 1779/1259/1200
f 643/2266/2143 1780/1262/1203 2137/1159/1104 1258/2267/1216
f 643/2266/2143 1258/2267/1216 2145/1314/1185 1250/1313/1251
f 643/2266/2143 1250/1313/1251 2142/1263/1204 1780/1262/1203
f 644/2268/2144 1781/1267/1208 2135/1214/1158 1230/1213/1157
f 644/2268/2144 1230/1213/1157 2133/1202/1146 1255/1201/1145
f 644/2268/2144 1255/1201/1145 2141/1200/1144 1781/1267/1208
f 645/2269/2145 1782/1272/1213 2139/1219/1162 1233/2254/2132
f 645/2269/2145 1233/2254/2132 2135/2253/1158 1259/2270/1207
f 645/2269/2145 1259/2270/1207 2143/1273/1210 1782/1272/1213
f 646/2271/2146 1783/1277/1217 2137/1226/1104 1229/1225/1167
f 646/2271/2146 1229/1225/1167 2136/1224/1149 1253/1204/1148
f 646/2271/2146 1253/1204/1148 2144/1209/1153 1783/1277/1217
f 647/2272/2147 1784/1281/1221 2149/1280/1220 1286/1348/1286
f 647/2272/2147 1286/1348/1286 2157/1333/1269 1278/2273/2148
f 647/2272/2147 1278/2273/2148 2159/1282/1222 1784/1281/1221
f 648/2274/2149 1785/1288/1227 2150/1287/1226 1266/1335/2150
f 648/2274/2149 1266/1335/2150 2153/1242/1183 1284/1342/1276
f 648/2274/2149 1284/1342/1276 2161/1289/1228 1785/1288/1227
f 649/2275/2151 1786/1294/1233 2144/1209/1153 1248/1208/1152
f 649/2275/2151 1248/1208/1152 2140/1207/1151 1272/1308/1247
f 649/2275/2151 1272/1308/1247 2148/1295/1234 1786/1294/1233
f 650/2276/2152 1787/1300/1239 2146/1255/1196 1273/1303/1242
f 650/2276/2152 1273/1303/1242 2154/1306/1245 1267/1347/1284
f 650/2276/2152 1267/1347/1284 2149/1280/1220 1787/1300/1239
f 651/2277/2153 1788/1304/1243 2146/1255/1196 1244/2263/2140
f 651/2277/2153 1244/2263/2140 2147/1244/1188 1269/1243/1187
f 651/2277/2153 1269/1243/1187 2155/1242/1192 1788/1304/1243
f 652/2278/2154 1789/1309/1248 2140/1207/1151 1247/2265/2142
f 652/2278/2154 1247/2265/2142 2142/1269/1204 1275/1320/1253
f 652/2278/2154 1275/1320/1253 2150/1310/1226 1789/1309/1248
f 653/2279/2155 1790/1315/1252 2145/1314/1185 1271/2280/1184
f 653/2279/2155 1271/2280/1184 2153/2281/1183 1266/2282/2150
f 653/2279/2155 1266/2282/2150 2150/1316/1226 1790/1315/1252
f 654/2283/2156 1791/1319/1255 2141/1200/1144 1274/1301/1240
f 654/2283/2156 1274/1301/1240 2149/1280/1220 1262/1279/1219
f 654/2283/2156 1262/1279/1219 2151/1284/1190 1791/1319/1255
f 655/2284/2157 1792/1324/1260 2163/1323/1259 1302/1383/1321
f 655/2284/2157 1302/1383/1321 2171/1358/1297 1292/2285/2158
f 655/2284/2157 1292/2285/2158 2170/1325/1261 1792/1324/1260
f 656/1388/2159 1793/1330/1266 2162/1327/1263 1300/1326/1262
f 656/1388/2159 1300/1326/1262 2170/1325/1261 1299/1362/2160
f 656/1388/2159 1299/1362/2160 2165/1331/1267 1793/1330/1266
f 657/2286/2161 1794/1337/1271 2151/1336/1190 1287/1283/1223
f 657/2286/2161 1287/1283/1223 2159/1282/1222 1281/1381/1319
f 657/2286/2161 1281/1381/1319 2163/1323/1259 1794/1337/1271
f 658/2287/2162 1795/1341/1275 2152/1297/1236 1289/1344/1278
f 658/2287/2162 1289/1344/1278 2160/1327/1282 1277/2288/2163
f 658/2287/2162 1277/2288/2163 2161/1289/1228 1795/1341/1275
f 659/1346/2164 1796/1345/1279 2152/1297/1236 1264/1296/1235
f 659/1346/2164 1264/1296/1235 2148/1295/1234 1290/1348/1291
f 659/1346/2164 1290/1348/1291 2156/1333/1280 1796/1345/1279
f 660/1343/2165 1797/1345/1285 2154/1306/1245 1291/1350/1288
f 660/1343/2165 1291/1350/1288 2162/1327/1263 1283/1329/1265
f 660/1343/2165 1283/1329/1265 2157/1333/1269 1797/1345/1285
f 661/2289/2166 1798/1351/1289 2154/1306/1245 1260/1305/1244
f 661/2289/2166 1260/1305/1244 2155/1242/1192 1288/1338/1272
f 661/2289/2166 1288/1338/1272 2163/1323/1259 1798/1351/1289
f 662/2290/2167 1799/1353/1292 2148/1295/1234 1263/1311/1249
f 662/2290/2167 1263/1311/1249 2150/1310/1226 1285/1286/1225
f 662/2290/2167 1285/1286/1225 2158/1291/1230 1799/1353/1292
f 663/2291/2168 1800/1357/1296 2165/1331/1267 1299/1362/2160
f 663/2291/2168 1299/1362/2160 2170/1367/1261 1292/2285/2158
f 663/2291/2168 1292/2285/2158 2171/2292/1297 1800/1357/1296
f 664/2293/2169 1801/1364/1303 2164/1363/1302 1295/2294/2170
f 664/2293/2169 1295/2294/2170 2166/1375/1314 1298/1374/1313
f 664/2293/2169 1298/1374/1313 2169/1373/1304 1801/1364/1303
f 665/2295/2171 1802/1369/1308 2158/1291/1230 1303/1371/1311
f 665/2295/2171 1303/1371/1311 2166/2296/1314 1295/2294/2170
f 665/2295/2171 1295/2294/2170 2164/1363/1302 1802/1369/1308
f 666/2297/2172 1803/1372/1312 2158/1291/1230 1282/1290/1229
f 666/2297/2172 1282/1290/1229 2161/1289/1228 1305/1385/1323
f 666/2297/2172 1305/1385/1323 2169/1373/1304 1803/1372/1312
f 667/2298/2173 1804/1378/1317 2159/1282/1222 1278/2273/2148
f 667/2298/2173 1278/2273/2148 2157/1333/1269 1301/1332/1268
f 667/2298/2173 1301/1332/1268 2165/1331/1267 1804/1378/1317
f 668/2299/2174 1805/1382/1320 2159/1282/1222 1306/1377/1316
f 668/2299/2174 1306/1377/1316 2167/1360/1299 1297/1359/1298
f 668/2299/2174 1297/1359/1298 2171/1358/1297 1805/1382/1320
f 669/2300/2175 1806/1386/1324 2161/1289/1228 1277/2288/2163
f 669/2300/2175 1277/2288/2163 2160/1327/1282 1307/1389/1326
f 669/2300/2175 1307/1389/1326 2168/1387/1306 1806/1386/1324
f 670/1328/2176 1807/1330/1327 2160/1327/1282 1280/1329/1281
f 670/1328/2176 1280/1329/1281 2156/1333/1280 1304/1332/1309
f 670/1328/2176 1304/1332/1309 2164/1363/1302 1807/1330/1327
f 671/2301/2177 1808/1402/1346 1914/178/176 779/1909/1851
f 671/2301/2177 779/1909/1851 1913/116/116 1317/1407/1351
f 671/2301/2177 1317/1407/1351 2174/436/437 1808/1402/1346
f 672/2302/2178 1809/1405/1349 1947/171/92 840/2303/91
f 672/2302/2178 840/2303/91 1911/2016/86 978/2015/1937
f 672/2302/2178 978/2015/1937 2176/477/470 1809/1405/1349
f 673/2304/2179 1810/1408/1352 1913/116/116 778/1920/1860
f 673/2304/2179 778/1920/1860 1912/1411/1355 1321/1410/1354
f 673/2304/2179 1321/1410/1354 2178/527/513 1810/1408/1352
f 674/2305/2180 1811/1412/1356 1912/1411/1355 777/1919/1859
f 674/2305/2180 777/1919/1859 1947/171/92 986/1404/1348
f 674/2305/2180 986/1404/1348 2177/508/496 1811/1412/1356
f 675/2306/2181 1812/1420/1362 2258/1419/395 982/2307/394
f 675/2306/2181 982/2307/394 1916/1445/399 1334/1444/1382
f 675/2306/2181 1334/1444/1382 2180/1421/1363 1812/1420/1362
f 676/2308/2182 1813/1433/1374 2260/1432/534 1327/2309/595
f 676/2308/2182 1327/2309/595 2017/1451/392 1338/1450/1386
f 676/2308/2182 1338/1450/1386 2184/1434/1375 1813/1433/1374
f 677/2310/2183 1814/1440/1379 2258/1439/395 1335/1418/1361
f 677/2310/2183 1335/1418/1361 2179/1423/1365 1332/1453/1388
f 677/2310/2183 1332/1453/1388 2181/1427/1369 1814/1440/1379
f 678/2311/2184 1815/1446/1383 1916/1445/399 952/2312/479
f 678/2311/2184 952/2312/479 1957/1442/207 1339/1441/1380
f 678/2311/2184 1339/1441/1380 2181/1427/1369 1815/1446/1383
f 679/2313/2185 1816/1449/1385 1976/556/397 1337/555/537
f 679/2313/2185 1337/555/537 2183/554/536 1331/1464/1398
f 679/2313/2185 1331/1464/1398 2184/1434/1375 1816/1449/1385
f 680/2314/2186 1817/1469/1402 2277/405/412 1536/404/411
f 680/2314/2186 1536/404/411 1981/403/256 881/2315/255
f 680/2314/2186 881/2315/255 1982/1470/242 1817/1469/1402
f 681/2316/2187 1818/1474/1406 1980/296/290 880/1502/1895
f 681/2316/2187 880/1502/1895 1981/1954/256 1358/1499/1429
f 681/2316/2187 1358/1499/1429 2192/1475/1407 1818/1474/1406
f 682/2317/2188 1819/1481/1413 2193/1480/1412 1355/1509/1437
f 682/2317/2188 1355/1509/1437 2187/1495/1426 1369/1494/1425
f 682/2317/2188 1369/1494/1425 2195/1482/1414 1819/1481/1413
f 683/2318/2189 1820/1488/1419 1920/1487/98 1348/491/1966
f 683/2318/2189 1348/491/1966 2189/496/569 1356/1507/1435
f 683/2318/2189 1356/1507/1435 2193/1480/1412 1820/1488/1419
f 684/2319/2190 1821/1493/1424 2188/1490/1421 1368/1527/1454
f 684/2319/2190 1368/1527/1454 2196/1530/1457 1365/1543/1469
f 684/2319/2190 1365/1543/1469 2195/1482/1414 1821/1493/1424
f 685/2320/2191 1822/1498/1428 2190/496/409 1360/495/485
f 685/2320/2191 1360/495/485 2194/494/484 1354/1517/1445
f 685/2320/2191 1354/1517/1445 2192/1475/1407 1822/1498/1428
f 686/1472/2192 1823/1503/1432 1920/98/98 1357/1486/1418
f 686/1472/2192 1357/1486/1418 2188/1490/1421 1352/1492/1423
f 686/1472/2192 1352/1492/1423 2187/1495/1426 1823/1503/1432
f 687/2321/2193 1824/1508/1436 2189/496/569 1353/1497/1920
f 687/2321/2193 1353/1497/1920 1921/1500/54 1361/1504/1433
f 687/2321/2193 1361/1504/1433 2187/1495/1426 1824/1508/1436
f 688/2322/2194 1825/1512/1440 2191/1477/1409 1351/1476/1408
f 688/2322/2194 1351/1476/1408 2192/1475/1407 1371/1520/1447
f 688/2322/2194 1371/1520/1447 2198/1513/1441 1825/1512/1440
f 689/2323/2195 1826/1518/1446 2194/494/484 1373/1525/1452
f 689/2323/2195 1373/1525/1452 2200/1524/1451 1366/1536/1463
f 689/2323/2195 1366/1536/1463 2198/1513/1441 1826/1518/1446
f 690/2324/2196 1827/1523/1450 2191/2325/1409 1372/1511/1439
f 690/2324/2196 1372/1511/1439 2197/1515/1443 1362/1539/1466
f 690/2324/2196 1362/1539/1466 2200/1524/1451 1827/1523/1450
f 691/2326/2197 1828/1528/1455 2188/1490/1421 1346/1489/1420
f 691/2326/2197 1346/1489/1420 2193/1480/1412 1370/1479/1411
f 691/2326/2197 1370/1479/1411 2199/1484/1416 1828/1528/1455
f 692/1582/2198 1829/1552/1478 2205/204/1477 1382/1566/1496
f 692/1582/2198 1382/1566/1496 2203/374/1495 1400/1583/1532
f 692/1582/2198 1400/1583/1532 2209/1553/1479 1829/1552/1478
f 693/1588/2199 1830/1558/1484 2207/202/197 1383/1564/1491
f 693/1588/2199 1383/1564/1491 2206/374/383 1398/1583/1520
f 693/1588/2199 1398/1583/1520 2212/1553/1485 1830/1558/1484
f 694/1569/2200 1831/1563/1490 2009/125/313 900/122/312
f 694/1569/2200 900/122/312 1995/70/311 1387/375/384
f 694/1569/2200 1387/375/384 2206/374/383 1831/1563/1490
f 695/371/2201 1832/373/1494 1954/81/81 852/372/1839
f 695/371/2201 852/372/1839 1935/376/70 1389/375/1503
f 695/371/2201 1389/375/1503 2203/374/1495 1832/373/1494
f 696/199/2202 1833/201/1498 1954/81/81 1390/200/1493
f 696/199/2202 1390/200/1493 2205/204/1477 1381/203/1522
f 696/199/2202 1381/203/1522 2204/202/1499 1833/201/1498
f 697/1561/2203 1834/1563/1502 1949/125/125 1391/1562/1500
f 697/1561/2203 1391/1562/1500 2204/202/1499 1380/1564/1530
f 697/1561/2203 1380/1564/1530 2203/374/1495 1834/1563/1502
f 698/2327/2204 1835/1572/1507 2214/1555/1506 1396/1587/1528
f 698/2327/2204 1396/1587/1528 2213/1560/1487 1412/1594/1539
f 698/2327/2204 1412/1594/1539 2219/1573/1508 1835/1572/1507
f 699/2328/2205 1836/1578/1513 2211/1555/1481 1410/1571/1544
f 699/2328/2205 1410/1571/1544 2217/1575/1547 1405/1618/1566
f 699/2328/2205 1405/1618/1566 2216/1579/1514 1836/1578/1513
f 700/1550/2206 1837/1552/1519 2208/204/199 1402/1551/1526
f 700/1550/2206 1402/1551/1526 2214/1555/1506 1397/1554/1549
f 700/1550/2206 1397/1554/1549 2212/1553/1485 1837/1552/1519
f 701/1586/2207 1838/1585/1523 2205/204/1477 1401/1551/1476
f 701/1586/2207 1401/1551/1476 2211/1555/1481 1393/1577/1512
f 701/1586/2207 1393/1577/1512 2210/1581/1516 1838/1585/1523
f 702/1584/2208 1839/1585/1527 2208/204/199 1384/203/198
f 702/1584/2208 1384/203/198 2207/202/197 1399/1557/1483
f 702/1584/2208 1399/1557/1483 2213/1560/1487 1839/1585/1527
f 703/1556/2209 1840/1558/1531 2204/202/1499 1403/1557/1524
f 703/1556/2209 1403/1557/1524 2210/1581/1516 1392/1559/1534
f 703/1556/2209 1392/1559/1534 2209/1553/1479 1840/1558/1531
f 704/2329/2210 1841/1590/1535 2210/1581/1516 1411/1580/1515
f 704/2329/2210 1411/1580/1515 2216/1579/1514 1404/1620/1568
f 704/2329/2210 1404/1620/1568 2215/1591/1536 1841/1590/1535
f 705/1589/2211 1842/1595/1540 2213/1560/1487 1395/1559/1486
f 705/1589/2211 1395/1559/1486 2212/1553/1485 1415/1592/1551
f 705/1589/2211 1415/1592/1551 2218/1596/1541 1842/1595/1540
f 706/1602/2212 1843/1599/1545 2211/1555/1481 1394/1554/1480
f 706/1602/2212 1394/1554/1480 2209/1553/1479 1414/1592/1537
f 706/1602/2212 1414/1592/1537 2215/1591/1536 1843/1599/1545
f 707/1598/2213 1844/1599/1550 2214/1555/1506 1413/1571/1505
f 707/1598/2213 1413/1571/1505 2220/1601/1510 1409/1600/1559
f 707/1598/2213 1409/1600/1559 2218/1596/1541 1844/1599/1550
f 708/2330/2214 1845/1624/1571 1907/3/3 1428/1630/1578
f 708/2330/2214 1428/1630/1578 2223/1640/1577 1422/1681/1625
f 708/2330/2214 1422/1681/1625 2224/2331/1572 1845/1624/1571
f 709/57/2215 1846/60/1576 2015/369/377 1429/1632/1580
f 709/57/2215 1429/1632/1580 2226/1635/1583 1423/62/1622
f 709/57/2215 1423/62/1622 2223/1629/1577 1846/60/1576
f 710/2332/2216 1847/1633/1581 2015/369/377 949/377/386
f 710/2332/2216 949/377/386 2014/81/195 1427/282/275
f 710/2332/2216 1427/282/275 2225/281/274 1847/1633/1581
f 711/2333/2217 1848/1637/1586 1907/3/3 773/1623/1570
f 711/2333/2217 773/1623/1570 1908/83/83 1436/1646/1594
f 711/2333/2217 1436/1646/1594 2228/1649/1587 1848/1637/1586
f 712/2334/2218 1849/1642/1590 1955/59/59 1435/58/58
f 712/2334/2218 1435/58/58 2230/63/63 1433/1657/1603
f 712/2334/2218 1433/1657/1603 2229/1643/1591 1849/1642/1590
f 713/2335/2219 1850/1647/1595 1908/83/83 844/82/82
f 713/2335/2219 844/82/82 1954/81/81 1437/1644/1592
f 713/2335/2219 1437/1644/1592 2229/1643/1591 1850/1647/1595
f 714/2336/2220 1851/1660/1606 1906/44/44 898/1790/1760
f 714/2336/2220 898/1790/1760 2000/2337/379 1441/648/614
f 714/2336/2220 1441/648/614 2233/651/617 1851/1660/1606
f 715/2338/2221 1852/1659/1605 2234/947/7 1446/6/6
f 715/2338/2221 1446/6/6 1940/2337/5 843/1790/1726
f 715/2338/2221 843/1790/1726 1906/44/44 1852/1659/1605
f 716/2339/2222 1853/1687/1631 2041/1686/1630 1053/2340/2223
f 716/2339/2222 1053/2340/2223 2236/1693/1637 1456/2115/2016
f 716/2339/2222 1456/2115/2016 2238/766/729 1853/1687/1631
f 717/2341/2224 1854/1690/1634 2236/1693/1637 1053/2340/2223
f 717/2341/2224 1053/2340/2223 2041/1686/1630 1049/2134/2032
f 717/2341/2224 1049/2134/2032 2246/806/768 1854/1690/1634
f 718/2342/2225 1855/1691/1635 2246/806/768 1470/2136/2034
f 718/2342/2225 1470/2136/2034 2043/793/755 1856/2343/2226
f 718/2342/2225 1856/2343/2226 2245/786/749 1855/1691/1635
f 719/2344/2227 1453/1695/1639 2237/843/798 1469/2126/2024
f 719/2344/2227 1469/2126/2024 2245/786/749 1856/2343/2226
f 719/2344/2227 1856/2343/2226 2043/793/755 1453/1695/1639
f 720/2345/2228 1857/1696/1640 2043/793/755 1054/2128/2026
f 720/2345/2228 1054/2128/2026 2044/799/761 1455/1699/1643
f 720/2345/2228 1455/1699/1643 2239/849/804 1857/1696/1640
f 721/2346/2229 1858/1700/1644 2044/799/761 1047/798/760
f 721/2346/2229 1047/798/760 2042/733/696 1076/1688/1632
f 721/2346/2229 1076/1688/1632 2238/766/729 1858/1700/1644
f 722/2347/2230 1859/1703/1647 2045/738/701 1462/2348/2231
f 722/2347/2230 1462/2348/2231 2242/773/736 1464/772/735
f 722/2347/2230 1464/772/735 2240/777/740 1859/1703/1647
f 723/2349/2232 1860/1707/1651 2048/740/703 1460/1704/1648
f 723/2349/2232 1460/1704/1648 2240/777/740 1465/779/742
f 723/2349/2232 1465/779/742 2241/783/746 1860/1707/1651
f 724/2350/2233 1861/1711/1655 2046/730/693 1051/729/692
f 724/2350/2233 1051/729/692 2047/728/691 1074/1708/1652
f 724/2350/2233 1074/1708/1652 2241/783/746 1861/1711/1655
f 725/2351/2234 1467/2148/2044 2242/773/736 1462/2348/2231
f 725/2351/2234 1462/2348/2231 2045/738/701 1862/1716/1659
f 725/2351/2234 1862/1716/1659 2244/1715/809 1467/2148/2044
f 726/2352/2235 1863/2353/2236 2247/802/764 1050/2132/2030
f 726/2352/2235 1050/2132/2030 2046/730/693 1077/1710/1654
f 726/2352/2235 1077/1710/1654 2243/840/795 1863/2353/2236
f 727/2354/2237 1863/2353/2236 2243/840/795 1468/2150/2046
f 727/2354/2237 1468/2150/2046 2244/1715/809 1864/1714/1658
f 727/2354/2237 1864/1714/1658 2247/802/764 1863/2353/2236
f 728/2355/2238 1865/1718/1661 2254/714/677 1482/1723/1666
f 728/2355/2238 1482/1723/1666 2256/654/620 1480/653/619
f 728/2355/2238 1480/653/619 2250/658/624 1865/1718/1661
f 729/2356/2239 1866/1722/1665 1967/461/458 999/1944/1880
f 729/2356/2239 999/1944/1880 2248/250/244 1481/1725/1668
f 729/2356/2239 1481/1725/1668 2256/654/620 1866/1722/1665
f 730/2357/2240 1867/1726/1669 2248/250/244 1472/1947/1883
f 730/2357/2240 1472/1947/1883 1993/318/320 1477/1746/1689
f 730/2357/2240 1477/1746/1689 2253/1727/1670 1867/1726/1669
f 731/2358/2241 1868/1731/1674 2257/723/686 1484/722/685
f 731/2358/2241 1484/722/685 2251/721/684 1475/2112/2013
f 731/2358/2241 1475/2112/2013 2028/692/655 1868/1731/1674
f 732/2359/2242 1869/1736/1679 2249/663/628 1485/1741/1684
f 732/2359/2242 1485/1741/1684 2257/723/686 1486/1730/1673
f 732/2359/2242 1486/1730/1673 2252/1733/1676 1869/1736/1679
f 733/2360/2243 1870/1740/1683 2020/130/130 1028/2079/1979
f 733/2360/2243 1028/2079/1979 2255/646/612 1487/719/682
f 733/2360/2243 1487/719/682 2257/723/686 1870/1740/1683
f 734/2361/2244 1871/1748/1691 2028/692/655 1023/691/654
f 734/2361/2244 1023/691/654 2031/696/659 1014/1785/1721
f 734/2361/2244 1014/1785/1721 2099/677/640 1871/1748/1691
f 735/2362/2245 1872/1751/1694 2026/656/622 1026/2083/1984
f 735/2362/2245 1026/2083/1984 2253/1727/1670 1491/1745/1688
f 735/2362/2245 1491/1745/1688 2100/711/674 1872/1751/1694
f 736/2363/2246 1873/2364/2247 1953/2365/1863 832/2366/1862
f 736/2363/2246 832/2366/1862 1915/2367/173 1496/2368/1963
f 736/2363/2246 1496/2368/1963 1975/2369/360 1873/2364/2247
f 737/2370/2248 1873/2364/2247 1975/2369/360 929/2371/1909
f 737/2370/2248 929/2371/1909 2013/1755/1698 1874/2372/2249
f 737/2370/2248 1874/2372/2249 1953/2365/1863 1873/2364/2247
f 738/2373/2250 1875/1758/1700 2263/1757/297 1498/2374/296
f 738/2373/2250 1498/2374/296 1999/2375/266 1876/2376/2251
f 738/2373/2250 1876/2376/2251 2262/1759/180 1875/1758/1700
f 739/2377/2252 1877/1754/1697 2262/1759/180 1493/2378/1866
f 739/2377/2252 1493/2378/1866 1953/2365/1863 1874/2372/2249
f 739/2377/2252 1874/2372/2249 2013/1755/1698 1877/1754/1697
f 740/2379/2253 1876/2376/2251 1999/2375/266 1499/2380/2254
f 740/2379/2253 1499/2380/2254 1939/2381/75 1497/2382/1845
f 740/2379/2253 1497/2382/1845 2262/1759/180 1876/2376/2251
f 741/2383/2255 994/2384/1916 2258/2385/395 1492/2386/1358
f 741/2383/2255 1492/2386/1358 2259/1766/110 1878/2387/2256
f 741/2383/2255 1878/2387/2256 2260/2388/534 994/2384/1916
f 742/2389/2257 1879/2390/2258 1952/2391/77 806/2392/76
f 742/2389/2257 806/2392/76 1939/2393/75 1499/2394/2254
f 742/2389/2257 1499/2394/2254 1999/2395/266 1879/2390/2258
f 743/2396/2259 1880/2397/2260 2012/1762/270 1881/1761/1702
f 743/2396/2259 1881/1761/1702 2259/1766/110 833/2398/109
f 743/2396/2259 833/2398/109 1952/2391/77 1880/2397/2260
f 744/2399/2261 1880/2397/2260 1952/2391/77 1879/2390/2258
f 744/2399/2261 1879/2390/2258 1999/2395/266 902/2400/265
f 744/2399/2261 902/2400/265 2012/1762/270 1880/2397/2260
f 745/2401/2262 1494/2402/596 2260/2388/534 1878/2387/2256
f 745/2401/2262 1878/2387/2256 2259/1766/110 1882/1765/1704
f 745/2401/2262 1882/1765/1704 2261/1764/300 1494/2402/596
f 746/2403/2263 1883/1769/1707 1997/368/294 943/367/369
f 746/2403/2263 943/367/369 2016/366/358 1500/2404/2264
f 746/2403/2263 1500/2404/2264 2001/1770/283 1883/1769/1707
f 747/2405/2265 1884/1775/1711 1973/345/353 928/1968/1906
f 747/2405/2265 928/1968/1906 2001/1967/283 1500/2406/2264
f 747/2405/2265 1500/2406/2264 2016/350/358 1884/1775/1711
f 748/2407/2266 1885/1836/1776 1926/1835/1775 1530/1844/1781
f 748/2407/2266 1530/1844/1781 2271/514/502 1537/1996/1925
f 748/2407/2266 1537/1996/1925 2272/415/421 1885/1836/1776
f 749/2408/2267 1886/1840/1778 1923/1839/132 1532/1847/1784
f 749/2408/2267 1532/1847/1784 2273/562/543 1538/2005/1931
f 749/2408/2267 1538/2005/1931 2276/453/451 1886/1840/1778
f 750/2409/2268 1887/1845/1782 1926/1835/1775 790/2410/1806
f 750/2409/2268 790/2410/1806 1925/1851/1788 1534/1850/1787
f 750/2409/2268 1534/1850/1787 2275/511/499 1887/1845/1782
f 751/2411/2269 1888/1848/1785 1923/1839/132 787/2412/626
f 751/2411/2269 787/2412/626 1922/1859/56 957/1858/1794
f 751/2411/2269 957/1858/1794 2270/559/540 1888/1848/1785
f 752/2413/2270 1889/1852/1789 1925/1851/1788 789/2414/1808
f 752/2413/2270 789/2414/1808 1924/1855/152 973/1854/1791
f 752/2413/2270 973/1854/1791 2274/600/576 1889/1852/1789
f 753/2415/2271 1890/1856/1792 1924/1855/152 788/2416/1329
f 753/2415/2271 788/2416/1329 2097/1842/1331 1535/1841/1779
f 753/2415/2271 1535/1841/1779 2276/453/451 1890/1856/1792
f 754/2417/2272 1891/1860/1795 1922/1859/56 786/2418/55
f 754/2417/2272 786/2418/55 1921/1988/54 1347/1987/1919
f 754/2417/2272 1347/1987/1919 2277/405/412 1891/1860/1795
f 755/1894/2273 1892/48/1797 1905/40/40 1544/1862/1800
f 755/1894/2273 1544/1862/1800 1925/1864/1788 1545/2419/1805
f 755/1894/2273 1545/2419/1805 1946/159/159 1892/48/1797
f 756/38/2274 1893/41/1801 1905/40/40 771/39/39
f 756/38/2274 771/39/39 1906/44/44 801/43/1752
f 756/38/2274 801/43/1752 1942/148/148 1893/41/1801
f 757/2420/2275 1894/1879/1815 1903/29/29 1186/1077/1046
f 757/2420/2275 1186/1077/1046 2105/608/1012 1550/609/1048
f 757/2420/2275 1550/609/1048 2104/610/1001 1894/1879/1815
f 758/2420/2276 1895/1879/1817 2109/610/327 1551/609/583
f 758/2420/2276 1551/609/583 2110/608/582 1171/1077/1017
f 758/2420/2276 1171/1077/1017 1965/29/490 1895/1879/1817
