v -0.024907 2.048882 -0.202374
v 0.436016 1.478599 -0.292299
v -0.028037 1.977782 -0.190543
v -0.024264 2.115877 -0.202289
v -0.032285 2.116109 -0.172577
v -0.024262 2.089556 -0.202183
v -0.032334 2.089722 -0.172382
v -0.030118 2.048946 -0.181328
v 0.103386 1.523557 -0.328415
v 0.193021 1.733273 -0.358566
v 0.241971 1.841212 -0.359557
v 0.250608 1.786509 -0.356599
v 0.199177 1.903514 -0.241066
v 0.233972 1.900329 -0.305456
v 0.136159 1.407609 -0.295145
v 0.094682 1.376168 -0.356886
v 0.027246 1.150061 -0.158850
v 0.042625 1.919003 -0.209508
v 0.159829 1.180400 -0.318986
v 0.074016 1.155032 -0.351852
v 0.048488 1.949104 -0.231975
v 0.008267 1.917188 -0.199055
v 0.026652 1.964917 -0.208280
v 0.039733 2.055110 -0.196338
v -0.025167 2.048850 -0.202398
v 0.011758 2.069209 -0.194571
v 0.142146 1.527586 -0.273675
v 0.119553 1.562116 -0.209993
v 0.187020 1.621560 -0.301890
v 0.101814 1.490195 -0.325800
v 0.076207 1.847590 -0.175058
v 0.089910 0.853144 -0.121030
v 0.035611 1.055843 -0.163283
v 0.161692 1.063741 -0.249408
v 0.089249 1.048991 -0.274735
v 0.195988 0.903830 -0.208599
v 0.230469 0.909621 -0.126959
v 0.121384 0.888756 -0.221375
v 0.157994 0.803982 -0.181594
v 0.104851 0.724103 -0.130774
v 0.223571 0.764246 -0.208485
v 0.271705 0.742214 -0.153918
v 0.145001 0.761317 -0.214920
v 0.241068 0.500346 -0.223382
v 0.272598 0.461950 -0.185697
v 0.196184 0.494123 -0.227593
v 0.183992 0.448385 -0.174225
v 0.085622 1.664721 -0.459761
v 0.107816 1.600225 -0.406496
v -0.002935 1.938295 -0.195669
v 0.025387 2.020382 -0.205829
v -0.008719 2.004517 -0.199984
v 0.031145 2.051757 -0.217002
v -0.006417 2.050942 -0.206786
v 0.195739 1.368713 -0.328408
v 0.071995 1.365074 -0.362779
v 0.102840 2.167343 -0.111876
v 0.110223 2.129222 -0.146544
v 0.247572 1.778593 -0.309335
v 0.282721 1.785824 -0.344984
v 0.294193 1.772719 -0.336512
v 0.307049 1.847644 -0.357065
v 0.340996 1.794834 -0.326528
v 0.303681 1.907600 -0.294263
v 0.366216 1.819709 -0.257394
v 0.419435 1.249689 -0.283650
v 0.421425 1.255233 -0.260747
v 0.421386 1.259185 -0.234529
v 0.376372 1.256833 -0.219989
v 0.399766 1.179618 -0.285182
v 0.415018 1.183585 -0.282908
v 0.403137 1.220899 -0.207093
v 0.352546 1.159081 -0.183126
v 0.420179 1.214701 -0.263314
v 0.417910 1.220358 -0.229216
v 0.404401 1.193348 -0.207458
v 0.423963 1.185874 -0.260801
v 0.417771 1.190135 -0.228174
v 0.381709 1.213046 -0.175635
v 0.381456 1.089545 -0.233625
v 0.379459 1.092176 -0.208168
v 0.359108 1.216692 -0.183156
v 0.386149 1.197048 -0.192917
v 0.367598 1.192157 -0.196737
v 0.357288 1.157907 -0.194670
v 0.397622 1.139367 -0.275495
v 0.397566 1.152954 -0.205670
v 0.413370 1.140554 -0.246758
v 0.408312 1.143197 -0.272186
v 0.410165 1.143444 -0.220498
v 0.395694 1.470451 -0.332999
v 0.368974 1.466688 -0.336346
v 0.338237 1.476494 -0.222235
v 0.387807 1.482962 -0.212638
v 0.434493 1.486504 -0.239110
v 0.438259 1.480085 -0.290301
v 0.419539 1.519726 -0.305703
v 0.424487 1.503016 -0.294427
v 0.320978 1.661299 -0.338244
v 0.314905 1.694105 -0.361271
v 0.370396 1.657808 -0.315247
v 0.366027 1.707924 -0.327356
v 0.392628 1.662415 -0.266073
v 0.343922 1.689144 -0.206517
v 0.281254 1.622629 -0.334800
v 0.423035 1.509059 -0.250985
v 0.422775 1.527063 -0.262198
v 0.384914 1.504517 -0.228898
v 0.386085 1.522467 -0.239912
v 0.345308 1.498905 -0.234126
v 0.363308 1.490191 -0.326352
v 0.357503 1.504928 -0.322400
v 0.384063 1.493205 -0.324074
v 0.374063 1.509560 -0.323813
v 0.385973 1.607865 -0.310020
v 0.354254 1.595824 -0.336830
v 0.314360 1.579414 -0.331798
v 0.345966 1.541549 -0.332985
v 0.381952 1.557485 -0.336846
v 0.417590 1.570835 -0.305267
v 0.339761 1.755456 -0.209535
v 0.353359 1.758161 -0.259736
v 0.342909 1.763300 -0.325209
v 0.304220 1.748815 -0.340324
v 0.408043 1.372368 -0.314370
v 0.383283 1.369699 -0.318861
v 0.369899 1.381722 -0.210800
v 0.389721 1.381243 -0.209316
v 0.422207 1.385349 -0.233847
v 0.433912 1.380506 -0.276597
v 0.409120 1.274290 -0.277742
v 0.391620 1.272832 -0.278161
v 0.415144 1.329377 -0.235726
v 0.389460 1.326402 -0.220120
v 0.388341 1.320855 -0.293644
v 0.405547 1.322626 -0.291438
v 0.422284 1.326488 -0.265592
v 0.372826 1.327485 -0.221775
v 0.393433 1.280460 -0.217328
v 0.414061 1.280312 -0.232353
v 0.004363 1.972927 -0.201108
v 0.373241 1.435892 -0.342893
v 0.403992 1.440265 -0.331432
v 0.343925 1.446556 -0.212611
v 0.429499 1.462607 -0.234341
v 0.388293 1.451730 -0.203955
v 0.447011 1.449418 -0.282879
v 0.173344 2.128154 -0.405146
v 0.178560 2.166394 -0.420394
v 0.141495 2.108447 -0.378374
v 0.091839 2.109649 -0.174128
v 0.118351 2.064517 -0.384844
v 0.067660 2.066653 -0.180517
v 0.120098 1.946716 -0.387829
v 0.064323 1.973354 -0.167356
v 0.053118 1.907058 -0.121312
v 0.035404 1.847792 -0.183869
v 0.037696 2.067813 -0.188111
v 0.034344 1.973901 -0.175112
v 0.022963 1.907037 -0.128746
v 0.031911 2.115521 -0.187852
v -0.024705 2.115883 -0.202259
v -0.032540 2.116098 -0.172624
v 0.054985 2.128721 -0.182315
v 0.047742 2.128988 -0.152466
v 0.025395 2.115864 -0.157942
v 0.031962 2.089372 -0.188060
v 0.024530 2.089521 -0.158047
v 0.054185 2.076239 -0.182544
v 0.047458 2.076289 -0.152297
v 0.076382 2.089280 -0.176922
v 0.068944 2.089392 -0.146885
v 0.076327 2.115430 -0.176699
v 0.068960 2.115717 -0.146949
v -0.024689 2.089561 -0.202153
v -0.032588 2.089709 -0.172428
v -0.030371 2.048939 -0.181383
v -0.010361 2.048857 -0.176340
v -0.005176 2.048711 -0.197280
v 0.031655 2.110810 -0.145960
v 0.045362 2.118863 -0.142609
v 0.030687 2.094637 -0.146095
v 0.044305 2.086523 -0.142646
v 0.057937 2.094561 -0.139253
v 0.058962 2.110714 -0.139165
v 0.005513 2.051445 -0.223554
v -0.006211 2.051844 -0.184511
v 0.015213 2.033798 -0.220413
v 0.003498 2.034223 -0.181404
v 0.034722 2.033789 -0.214533
v 0.023012 2.034231 -0.175546
v 0.044535 2.051445 -0.211817
v 0.032818 2.051867 -0.172803
v 0.034847 2.069123 -0.215009
v 0.023110 2.069491 -0.175914
v 0.017612 2.069171 -0.220220
v 0.003589 2.069458 -0.181743
v 0.080143 1.900055 -0.195517
v 0.104860 1.971939 -0.325503
v 0.089218 1.977618 -0.267960
v 0.174124 1.628814 -0.381554
v 0.130891 1.851748 -0.166215
v 0.159297 1.905464 -0.192224
v 0.125202 1.928825 -0.204881
v 0.116604 1.903540 -0.119049
v 0.131212 1.951466 -0.140452
v 0.165838 1.880776 -0.125114
v 0.199165 1.901374 -0.152366
v 0.176794 1.948807 -0.162840
v 0.130482 1.489375 -0.283216
v 0.137808 1.425802 -0.210617
v 0.179735 1.413070 -0.222667
v 0.149624 1.906687 -0.162238
v 0.149681 1.287927 -0.307467
v 0.195744 1.323415 -0.321394
v 0.071401 1.314840 -0.362293
v 0.080326 1.091379 -0.277690
v 0.160172 1.112074 -0.256481
v 0.190531 0.970471 -0.223084
v 0.097769 0.958595 -0.242266
v 0.193761 1.494942 -0.437934
v 0.191837 1.411781 -0.439939
v 0.192039 1.377712 -0.405529
v 0.192121 1.377399 -0.356630
v 0.191898 1.411199 -0.321981
v 0.192233 1.494947 -0.321349
v 0.193809 1.527908 -0.354777
v 0.195009 1.528172 -0.401876
v 0.230538 0.692852 -0.254046
v 0.237505 0.598938 -0.257068
v 0.290848 0.658492 -0.162119
v 0.280119 0.574016 -0.169636
v 0.136214 0.674262 -0.247257
v 0.154397 0.603361 -0.258585
v 0.324790 0.203208 -0.198473
v 0.128263 0.145746 -0.256077
v 0.317870 0.104060 -0.089977
v 0.291072 0.145785 -0.256117
v 0.128263 0.121787 -0.198364
v 0.317870 0.076564 -0.198051
v 0.291072 0.121790 -0.198422
v 0.128263 0.145527 -0.140968
v 0.317870 0.076281 -0.306253
v 0.291072 0.145517 -0.140981
v 0.128263 0.202434 -0.117088
v 0.209667 0.202235 -0.083370
v 0.291072 0.202412 -0.117091
v 0.094544 0.203207 -0.198469
v 0.128263 0.258498 -0.138910
v 0.209667 0.280817 -0.113662
v 0.291072 0.258632 -0.139026
v 0.128263 0.284575 -0.194981
v 0.209667 0.318238 -0.192304
v 0.291072 0.284576 -0.195138
v 0.128263 0.262930 -0.253988
v 0.209667 0.288139 -0.276440
v 0.291072 0.262856 -0.254055
v 0.128263 0.203977 -0.279843
v 0.209667 0.204155 -0.313546
v 0.291072 0.203972 -0.279842
v 0.101465 0.004081 -0.089659
v 0.170858 0.333949 -0.285234
v 0.115972 0.330845 -0.230436
v 0.077162 0.230501 -0.252221
v 0.089865 0.165801 -0.250615
v 0.115972 0.326456 -0.152940
v 0.077162 0.224293 -0.142625
v 0.089865 0.160188 -0.151527
v 0.170858 0.323352 -0.098143
v 0.209667 0.104026 -0.083105
v 0.101465 0.104041 -0.089998
v 0.248478 0.323352 -0.098143
v 0.303363 0.326456 -0.152940
v 0.342173 0.224293 -0.142626
v 0.329470 0.160188 -0.151527
v 0.303363 0.330845 -0.230436
v 0.342173 0.230501 -0.252221
v 0.248477 0.333949 -0.285234
v 0.101465 0.003798 -0.197861
v 0.104995 0.222720 -0.114837
v 0.315197 0.222768 -0.115692
v 0.315196 0.232027 -0.279154
v 0.104995 0.232075 -0.280009
v 0.209667 0.003497 -0.312983
v 0.101465 0.003515 -0.306062
v 0.317870 0.003515 -0.306062
v 0.101465 0.103636 -0.306406
v 0.209667 0.103676 -0.313372
v 0.209667 0.004099 -0.082738
v 0.317870 0.004081 -0.089659
v 0.101465 0.103831 -0.198129
v 0.317870 0.003798 -0.197861
v 0.331915 0.170206 -0.252688
v 0.231438 0.346648 -0.138027
v 0.231438 0.352593 -0.242974
v 0.187897 0.352593 -0.242974
v 0.157110 0.350852 -0.212236
v 0.157110 0.348389 -0.168765
v 0.187897 0.346648 -0.138027
v 0.262226 0.348389 -0.168765
v 0.262226 0.350852 -0.212236
v 0.209668 0.638647 -0.174130
v 0.258508 0.631783 -0.056420
v 0.258507 0.645118 -0.291862
v 0.160828 0.645118 -0.291862
v 0.091757 0.641212 -0.222903
v 0.091757 0.635689 -0.125379
v 0.160828 0.631783 -0.056420
v 0.327578 0.635689 -0.125379
v 0.327578 0.641212 -0.222903
v 0.128464 0.004627 0.118763
v 0.209668 0.004645 0.125684
v 0.290871 0.004627 0.118763
v 0.474008 0.003573 -0.284001
v 0.474008 0.003798 -0.197861
v 0.474008 0.004023 -0.111720
v 0.047510 0.004064 -0.096314
v 0.047510 0.003798 -0.197861
v 0.047510 0.003532 -0.299407
v 0.120376 0.003047 -0.484794
v 0.209667 0.003029 -0.491715
v 0.298959 0.003047 -0.484794
v 0.236586 1.106497 -0.173531
v 0.204556 1.190750 -0.200056
v 0.127418 1.767360 -0.499089
v 0.189983 1.739637 -0.489757
v 0.139822 1.627627 -0.435599
v 0.154253 1.980764 -0.257970
v 0.116852 1.996563 -0.381404
v 0.198292 1.994282 -0.359818
v 0.149259 1.950767 -0.466151
v 0.222377 1.941912 -0.453589
v 0.147745 1.863049 -0.512035
v 0.219281 1.844624 -0.503329
v 0.121710 1.838990 -0.482959
v 0.244914 1.730909 -0.448652
v 0.206156 1.951211 -0.250245
v 0.253645 1.958889 -0.336988
v 0.280729 1.909367 -0.417236
v 0.277829 1.821844 -0.460148
v 0.110901 1.947746 -0.388915
v -0.364837 1.422797 -0.343671
v -0.088856 1.523808 -0.366575
v -0.142812 1.728480 -0.425845
v -0.193077 1.831307 -0.448020
v -0.188170 1.772691 -0.440339
v -0.185440 1.873911 -0.270903
v -0.208362 1.899548 -0.326997
v -0.216103 1.889954 -0.398631
v -0.143362 1.421075 -0.313781
v -0.100997 1.376543 -0.361810
v -0.044431 1.130246 -0.199370
v -0.081951 1.920063 -0.240597
v -0.007293 1.153211 -0.239220
v -0.169905 1.207768 -0.383585
v -0.211148 1.240235 -0.249645
v -0.079841 1.179712 -0.403388
v -0.017104 1.915218 -0.235984
v -0.076158 1.950442 -0.263888
v -0.056467 1.917592 -0.215320
v -0.067989 1.965780 -0.232373
v -0.085084 2.055290 -0.227428
v -0.061192 2.069319 -0.212787
v -0.146101 1.527589 -0.332961
v -0.162253 1.627456 -0.380882
v -0.090539 1.490389 -0.361551
v -0.193347 1.612316 -0.308310
v -0.099987 0.829111 -0.351841
v -0.045771 1.030162 -0.285484
v -0.171769 1.074811 -0.373937
v -0.099325 1.072357 -0.403143
v -0.206064 0.911808 -0.409217
v -0.131461 0.902678 -0.428342
v -0.139079 0.758606 -0.395669
v -0.230530 0.785146 -0.421739
v -0.168070 0.792040 -0.433633
v -0.233647 0.755651 -0.469073
v -0.155077 0.754459 -0.476055
v -0.251144 0.497656 -0.535380
v -0.282674 0.452573 -0.506021
v -0.206260 0.492387 -0.540737
v -0.000877 1.664521 -0.481842
v -0.050292 1.599749 -0.443146
v -0.030501 2.006097 -0.180319
v -0.027590 1.997972 -0.192142
v -0.048035 1.938630 -0.207041
v -0.067918 2.020798 -0.229400
v -0.040548 2.004745 -0.208074
v -0.067849 2.051920 -0.241761
v -0.039431 2.051010 -0.215050
v -0.129951 1.395371 -0.328929
v -0.076950 1.366214 -0.367418
v -0.179731 2.167558 -0.181719
v -0.170020 2.129317 -0.215418
v -0.192911 1.725420 -0.352077
v -0.189168 1.753404 -0.427031
v -0.218804 1.696851 -0.389179
v -0.233270 1.790831 -0.460965
v -0.259933 1.716306 -0.418437
v -0.292328 1.839430 -0.417630
v -0.323763 1.761779 -0.392198
v -0.310103 1.860286 -0.341653
v -0.338721 1.783253 -0.326117
v -0.363988 1.077486 -0.045208
v -0.330848 1.389157 -0.307631
v -0.322517 1.423117 -0.260768
v -0.372635 1.429227 -0.239579
v -0.482388 1.398738 -0.288983
v -0.447817 1.371487 -0.334222
v -0.382368 1.367649 -0.335615
v -0.366934 1.425432 -0.360746
v -0.385288 1.402045 -0.347521
v -0.284430 1.563627 -0.364347
v -0.243703 1.608129 -0.391737
v -0.339100 1.570695 -0.379011
v -0.302212 1.633575 -0.406139
v -0.387310 1.596990 -0.359934
v -0.358972 1.666878 -0.380224
v -0.440596 1.412853 -0.348988
v -0.423606 1.444394 -0.368547
v -0.461669 1.455770 -0.264434
v -0.339430 1.443292 -0.278184
v -0.346637 1.416422 -0.316531
v -0.369254 1.520755 -0.369535
v -0.324619 1.498051 -0.360470
v -0.348121 1.451777 -0.364181
v -0.405316 1.471932 -0.382222
v -0.434357 1.495086 -0.337546
v -0.317900 1.708373 -0.365999
v -0.267082 1.683604 -0.404897
v -0.228983 1.667849 -0.386519
v -0.051680 1.973404 -0.215348
v -0.027691 1.935314 -0.192516
v -0.024895 1.914543 -0.204113
v -0.306670 1.394659 -0.232214
v -0.324414 1.354727 -0.284262
v -0.444106 1.333058 -0.304977
v -0.481938 1.360618 -0.262801
v -0.370840 1.395518 -0.226226
v -0.378306 1.330652 -0.312226
v -0.000769 1.154449 -0.357392
v -0.105855 2.128118 -0.474379
v -0.103375 2.166394 -0.490209
v -0.090144 2.108421 -0.435756
v -0.140800 2.109749 -0.231218
v -0.066678 2.064524 -0.430430
v -0.117164 2.066851 -0.226553
v -0.070346 1.946729 -0.430188
v -0.120483 1.973777 -0.213462
v -0.131638 1.909382 -0.167662
v -0.088525 1.849343 -0.214395
v -0.087173 2.067841 -0.219061
v -0.090212 1.974583 -0.205959
v -0.101559 1.908798 -0.159962
v -0.082185 2.115524 -0.216110
v 0.050202 1.839582 -0.498668
v 0.037592 2.166394 -0.455301
v -0.030363 2.129066 -0.180877
v -0.038990 2.166808 -0.146037
v 0.042768 1.664736 -0.470926
v 0.025660 1.949896 -0.407115
v -0.060274 1.947789 -0.429678
v -0.024997 2.109482 -0.202547
v -0.104259 2.128803 -0.221441
v -0.111718 2.129115 -0.192043
v -0.089526 2.115906 -0.186463
v -0.082127 2.089393 -0.216343
v -0.089552 2.089571 -0.186360
v -0.104317 2.076380 -0.221994
v -0.111782 2.076443 -0.191846
v -0.126566 2.089439 -0.227391
v -0.133999 2.089586 -0.197385
v -0.126653 2.115534 -0.226872
v -0.133957 2.115848 -0.196953
v -0.050168 2.048867 -0.186208
v -0.044984 2.048718 -0.207146
v -0.100540 2.110908 -0.178801
v -0.114163 2.119005 -0.182231
v -0.100560 2.094739 -0.178720
v -0.114203 2.086669 -0.182070
v -0.127832 2.094743 -0.185478
v -0.127754 2.110876 -0.185242
v -0.042072 2.051758 -0.235791
v -0.049910 2.052305 -0.195839
v -0.052127 2.034118 -0.237503
v -0.059961 2.034674 -0.197564
v -0.072125 2.034110 -0.241404
v -0.079955 2.034681 -0.201485
v -0.082062 2.051764 -0.243621
v -0.089896 2.052320 -0.203684
v -0.071995 2.069437 -0.241961
v -0.079843 2.069954 -0.201964
v -0.050897 2.069393 -0.236914
v -0.059851 2.069943 -0.198038
v -0.112711 1.902397 -0.243386
v -0.082999 1.971885 -0.369803
v -0.095455 1.977705 -0.313834
v -0.115254 1.633008 -0.449781
v -0.174109 1.856693 -0.231805
v -0.191340 1.906777 -0.267305
v 0.010579 1.499009 -0.351421
v 0.028670 1.600842 -0.420810
v 0.004644 1.371528 -0.361882
v 0.014978 1.518896 -0.383753
v -0.152962 1.929495 -0.265408
v -0.179300 1.906500 -0.183827
v -0.184176 1.953288 -0.209730
v -0.221856 1.883868 -0.208657
v -0.241344 1.901959 -0.246525
v -0.218153 1.948889 -0.248589
v -0.133475 1.489418 -0.329535
v -0.159170 1.433108 -0.233026
v -0.167624 1.404611 -0.243826
v -0.163084 1.507929 -0.265001
v -0.192838 1.908638 -0.236306
v -0.152984 1.268745 -0.341620
v -0.141598 1.332203 -0.330485
v -0.077468 1.318725 -0.367604
v -0.180896 1.352205 -0.237032
v -0.090423 1.109003 -0.380815
v -0.170249 1.121502 -0.359584
v -0.058907 0.939817 -0.311541
v -0.200607 0.979269 -0.390188
v -0.107846 0.976595 -0.413512
v -0.200888 1.496019 -0.441194
v -0.001437 1.494463 -0.441500
v -0.201725 1.411781 -0.440250
v -0.003747 1.411274 -0.440369
v -0.201725 1.377861 -0.406330
v -0.001497 1.375805 -0.406778
v -0.201609 1.377681 -0.358705
v -0.201203 1.411411 -0.326749
v -0.200253 1.495314 -0.331479
v -0.198868 1.528460 -0.367404
v -0.198394 1.528666 -0.412530
v 0.004952 1.525149 -0.412557
v -0.240614 0.692426 -0.527412
v -0.247581 0.600959 -0.548926
v -0.116485 0.612922 -0.403765
v -0.300924 0.640584 -0.444084
v -0.290195 0.559258 -0.468140
v -0.146290 0.672861 -0.524429
v -0.164474 0.605595 -0.549540
v -0.334867 0.201070 -0.568614
v -0.138339 0.144583 -0.626806
v -0.327946 0.101815 -0.459848
v -0.301148 0.144605 -0.626824
v -0.138339 0.119682 -0.569109
v -0.327946 0.074303 -0.567843
v -0.301148 0.119639 -0.568820
v -0.138339 0.142551 -0.511985
v -0.327946 0.073963 -0.676045
v -0.301148 0.142630 -0.511866
v -0.138339 0.196985 -0.487742
v -0.219744 0.195933 -0.454130
v -0.301148 0.197036 -0.487730
v -0.104621 0.201070 -0.568614
v -0.138339 0.247468 -0.503014
v -0.219743 0.263779 -0.473496
v -0.301148 0.247938 -0.503344
v -0.138339 0.280732 -0.552942
v -0.219744 0.312994 -0.540882
v -0.301148 0.280779 -0.553398
v -0.138339 0.267469 -0.615905
v -0.219744 0.296874 -0.632827
v -0.301148 0.267295 -0.616097
v -0.138339 0.205135 -0.649450
v -0.219744 0.206104 -0.682990
v -0.301148 0.204964 -0.649458
v -0.111541 0.001876 -0.459413
v -0.180934 0.346756 -0.628882
v -0.126048 0.332889 -0.575778
v -0.087238 0.238825 -0.616955
v -0.099941 0.175083 -0.628162
v -0.126048 0.313277 -0.500676
v -0.087238 0.211091 -0.510745
v -0.099941 0.150007 -0.532134
v -0.180934 0.299410 -0.447571
v -0.219744 0.101529 -0.453291
v -0.111541 0.101518 -0.460231
v -0.258554 0.299410 -0.447571
v -0.313439 0.313277 -0.500676
v -0.352249 0.211091 -0.510745
v -0.339546 0.150007 -0.532134
v -0.313439 0.332889 -0.575778
v -0.352249 0.238825 -0.616955
v -0.258554 0.346756 -0.628882
v -0.111541 0.001537 -0.567614
v -0.115071 0.204059 -0.483816
v -0.325273 0.204275 -0.484644
v -0.325273 0.245641 -0.643056
v -0.115071 0.245857 -0.643885
v -0.219744 0.001175 -0.682737
v -0.111541 0.001197 -0.675816
v -0.327946 0.001197 -0.675816
v -0.111541 0.101802 -0.676558
v -0.219744 0.101912 -0.683545
v -0.219744 0.001898 -0.452492
v -0.327946 0.001876 -0.459413
v -0.111541 0.101613 -0.568231
v -0.327946 0.001537 -0.567614
v -0.341991 0.179810 -0.629324
v -0.241514 0.330126 -0.482067
v -0.241514 0.356684 -0.583773
v -0.197973 0.356684 -0.583773
v -0.167186 0.348906 -0.553984
v -0.167186 0.337905 -0.511856
v -0.197973 0.330126 -0.482067
v -0.272302 0.337905 -0.511856
v -0.272302 0.348906 -0.553984
v -0.219744 0.623503 -0.459778
v -0.268584 0.593521 -0.345743
v -0.268584 0.653103 -0.573913
v -0.170904 0.653103 -0.573913
v -0.101834 0.635652 -0.507083
v -0.101834 0.610973 -0.412573
v -0.170904 0.593521 -0.345743
v -0.337654 0.610973 -0.412573
v -0.337654 0.635652 -0.507083
v -0.138540 0.002531 -0.250991
v -0.219744 0.002553 -0.244070
v -0.300947 0.002531 -0.250991
v -0.484084 0.001266 -0.653755
v -0.484084 0.001537 -0.567614
v -0.484084 0.001807 -0.481474
v -0.057586 0.001856 -0.466068
v -0.057586 0.001537 -0.567614
v -0.057586 0.001218 -0.669161
v -0.130452 0.000636 -0.854547
v -0.219743 0.000614 -0.861468
v -0.309035 0.000636 -0.854547
v -0.255359 0.960543 -0.333204
v -0.246662 1.080867 -0.287054
v -0.028714 1.765617 -0.532956
v -0.089902 1.740033 -0.549355
v -0.062231 1.625365 -0.484410
v -0.160362 1.979485 -0.326427
v -0.069430 1.996735 -0.422272
v -0.163016 1.990007 -0.435227
v -0.066154 1.950350 -0.511480
v -0.144966 1.937698 -0.530054
v -0.044725 1.861800 -0.552632
v -0.117099 1.842944 -0.573364
v -0.031500 1.838933 -0.516474
v -0.152266 1.728403 -0.532744
v -0.215060 1.945630 -0.338714
v -0.225445 1.946923 -0.436709
v -0.211803 1.898199 -0.520006
v -0.185079 1.815637 -0.556291
v -0.394566 0.941213 0.167910
v -0.433350 0.920448 0.147354
v -0.416172 0.864747 0.068482
v -0.443371 0.884982 0.101238
v -0.462444 1.413842 -0.179748
v -0.495436 1.413577 -0.173648
v -0.484049 1.337376 -0.279176
v -0.517042 1.337111 -0.273076
v -0.376807 0.847695 0.037659
v -0.345365 0.958977 0.182359
v -0.444685 1.320324 -0.309999
v -0.413242 1.431607 -0.165300
v -0.320681 0.842745 0.019962
v -0.286180 0.964853 0.178737
v -0.388559 1.315374 -0.327697
v -0.354057 1.437483 -0.168922
v -0.253282 0.863861 0.035390
v -0.230433 0.944727 0.140540
v -0.321160 1.336490 -0.312268
v -0.298311 1.417357 -0.207118
v -0.218017 0.904486 0.083557
v -0.285895 1.377115 -0.264101
v -0.433671 1.251623 -0.296550
v -0.446091 1.220110 -0.270341
v -0.463967 1.236614 -0.244469
v -0.451197 1.281810 -0.185701
v -0.446691 1.280444 -0.280923
v -0.433921 1.325641 -0.222155
v -0.392449 1.298978 -0.304729
v -0.379679 1.344174 -0.245961
v -0.333015 1.281358 -0.301941
v -0.320244 1.326554 -0.243173
v -0.303203 1.237906 -0.274192
v -0.290433 1.283102 -0.215424
v -0.320479 1.194075 -0.237737
v -0.307709 1.239272 -0.178969
v -0.374721 1.175542 -0.213931
v -0.361951 1.220738 -0.155163
v -0.434156 1.193162 -0.216720
v -0.421386 1.238358 -0.157952
v -0.394672 1.264948 -0.313666
v -0.351941 1.252280 -0.311661
v -0.330508 1.221039 -0.291711
v -0.342928 1.189527 -0.265501
v -0.381927 1.176202 -0.248385
v -0.424658 1.188870 -0.250390
v -0.268036 1.106410 0.090736
v -0.246603 1.075169 0.110687
v -0.228727 1.058665 0.084815
v -0.241498 1.013469 0.026047
v -0.258538 1.102117 0.057066
v -0.271308 1.056921 -0.001702
v -0.317973 1.119737 0.054278
v -0.330743 1.074541 -0.004490
v -0.372215 1.101204 0.078083
v -0.384985 1.056008 0.019316
v -0.389491 1.057373 0.114538
v -0.402261 1.012177 0.055770
v -0.359679 1.013921 0.142287
v -0.372450 0.968725 0.083519
v -0.300245 0.996301 0.145075
v -0.313016 0.951105 0.086307
v -0.246003 1.014835 0.121270
v -0.258773 0.969639 0.062502
v -0.310767 1.119078 0.088732
v -0.349766 1.105753 0.105847
v -0.362186 1.074240 0.132057
v -0.340753 1.043000 0.152007
v -0.298022 1.030331 0.154012
v -0.259023 1.043656 0.136896
v -0.309226 1.393212 -0.120231
v -0.287793 1.361971 -0.100280
v -0.269917 1.345468 -0.126152
v -0.282688 1.300272 -0.184920
v -0.299728 1.388920 -0.153901
v -0.312498 1.343724 -0.212669
v -0.359163 1.406540 -0.156690
v -0.371933 1.361344 -0.215458
v -0.413405 1.388006 -0.132884
v -0.426175 1.342810 -0.191652
v -0.430681 1.344176 -0.096429
v -0.443451 1.298979 -0.155197
v -0.400869 1.300724 -0.068680
v -0.413640 1.255527 -0.127448
v -0.341435 1.283104 -0.065892
v -0.354205 1.237907 -0.124660
v -0.287193 1.301637 -0.089698
v -0.299963 1.256441 -0.148466
v -0.351957 1.405880 -0.122236
v -0.390955 1.392555 -0.105120
v -0.403376 1.361042 -0.078911
v -0.381943 1.329802 -0.058960
v -0.339212 1.317134 -0.056955
v -0.300213 1.330459 -0.074071
v -0.423956 0.902831 0.121633
v -0.368031 0.827749 0.168792
v -0.352245 0.848365 0.193648
v -0.342707 0.798135 0.123688
v -0.325819 0.857907 0.201409
v -0.363850 0.807294 0.140244
v -0.312561 0.795476 0.114182
v -0.294030 0.861063 0.199463
v -0.257418 0.828638 0.148341
v -0.264087 0.850253 0.178947
v -0.276359 0.806818 0.122469
v -0.335114 0.981114 0.046157
v -0.452139 0.938794 0.056687
v -0.440867 0.977720 0.108611
v -0.472757 0.916829 0.136520
v -0.477317 0.900690 0.115535
v -0.481307 0.925177 0.095262
v -0.476177 0.942891 0.118890
v -0.232637 1.233141 -0.020627
v -0.380619 1.231951 0.006733
v -0.264298 1.130023 -0.166771
v -0.424831 1.085444 -0.197222
v -0.238955 1.275842 -0.052923
v -0.386937 1.274652 -0.025563
v -0.267910 1.154617 -0.185245
v -0.428132 1.107948 -0.214102
v -0.355696 1.114170 -0.171816
v -0.358996 1.136675 -0.188696
v -0.431062 1.064797 -0.225965
v -0.433937 1.084456 -0.240672
v -0.400113 1.095662 -0.190183
v -0.402988 1.115321 -0.204890
v -0.444733 1.019493 -0.289033
v -0.446675 1.032907 -0.298973
v -0.422455 1.019672 -0.293151
v -0.424397 1.033086 -0.303092
v -0.448216 1.007952 -0.305099
v -0.449920 1.019775 -0.313825
v -0.407194 1.008282 -0.312683
v -0.408898 1.020105 -0.321409
v -0.391826 1.015759 -0.304453
v -0.393768 1.029173 -0.314393
v -0.394131 1.008387 -0.315098
v -0.395835 1.020210 -0.323824
v -0.258874 1.254956 -0.004210
v -0.349281 1.254229 0.012505
v -0.353140 1.280317 -0.007226
v -0.262734 1.281043 -0.023941
v 0.025508 2.064869 -0.406499
v 0.025521 2.108567 -0.406554
v 0.033733 2.128154 -0.439717
v 0.015093 1.600103 -0.125825
v 0.114146 1.820185 -0.147582
v 0.066092 1.722095 -0.111708
v 0.224144 1.777969 -0.302318
v 0.202570 1.773744 -0.246928
v 0.173985 1.776403 -0.153422
v 0.161757 1.875366 -0.195824
v 0.106724 1.415949 -0.135816
v 0.039997 1.376544 -0.124525
v 0.148292 1.234980 -0.122711
v 0.188141 1.262944 -0.212048
v 0.056917 1.192966 -0.114953
v 0.072749 1.586448 -0.161408
v 0.112190 1.701472 -0.161162
v 0.166183 1.620403 -0.228972
v 0.163612 1.092916 -0.043236
v 0.224108 1.113213 -0.120502
v 0.095558 1.064248 -0.046233
v 0.176426 0.900229 -0.060099
v 0.142436 0.894157 -0.050995
v 0.129003 0.780688 -0.136868
v 0.220454 0.797394 -0.168343
v 0.211317 0.799589 -0.036526
v 0.148647 0.783999 -0.042853
v 0.224556 0.723084 -0.098702
v 0.157335 0.715837 -0.058952
v 0.147257 1.408087 -0.111341
v 0.016762 1.343315 -0.055068
v 0.212236 1.790197 -0.267551
v 0.289997 1.905076 -0.211443
v 0.336981 1.816634 -0.194570
v 0.253354 1.843713 -0.168286
v 0.270670 1.777786 -0.197239
v 0.212641 1.806630 -0.180010
v 0.236203 1.791918 -0.211951
v 0.397020 1.244772 -0.272638
v 0.389830 1.259921 -0.207165
v 0.373849 1.250210 -0.242689
v 0.416674 1.212717 -0.283533
v 0.401322 1.206818 -0.284460
v 0.372290 1.216843 -0.248917
v 0.359260 1.208827 -0.216842
v 0.381736 1.105602 -0.270255
v 0.371676 1.112327 -0.263455
v 0.372010 1.186819 -0.203116
v 0.381370 1.193977 -0.249028
v 0.373810 1.185182 -0.216378
v 0.380505 1.183856 -0.196529
v 0.373323 1.110592 -0.190992
v 0.368161 1.115433 -0.195961
v 0.360081 1.103907 -0.237728
v 0.359927 1.103507 -0.208159
v 0.363518 1.195468 -0.202579
v 0.341580 1.162570 -0.189431
v 0.345802 1.159080 -0.198625
v 0.375636 1.138969 -0.240659
v 0.383372 1.147169 -0.191355
v 0.408842 1.143151 -0.272055
v 0.375524 1.150831 -0.197315
v 0.372244 1.142830 -0.210169
v 0.341773 1.465115 -0.299247
v 0.326043 1.464929 -0.264417
v 0.390484 1.714190 -0.265027
v 0.360191 1.647357 -0.219745
v 0.308055 1.623342 -0.185630
v 0.290157 1.660074 -0.183123
v 0.254536 1.605764 -0.238246
v 0.228648 1.655281 -0.228997
v 0.242337 1.601468 -0.291158
v 0.212243 1.655542 -0.287273
v 0.251521 1.670170 -0.340225
v 0.349386 1.516578 -0.240639
v 0.327864 1.492648 -0.265729
v 0.329048 1.509414 -0.266232
v 0.340673 1.488918 -0.294438
v 0.330161 1.504876 -0.297539
v 0.286375 1.567147 -0.257396
v 0.331819 1.581104 -0.212509
v 0.400819 1.610797 -0.267897
v 0.372720 1.600111 -0.235192
v 0.285131 1.567394 -0.291941
v 0.316247 1.533762 -0.301281
v 0.379638 1.558563 -0.239412
v 0.403911 1.567019 -0.266307
v 0.343889 1.545230 -0.237752
v 0.319032 1.537451 -0.272907
v 0.228652 1.747165 -0.241121
v 0.275972 1.741980 -0.216027
v 0.251081 1.754312 -0.310108
v 0.229144 1.748747 -0.273856
v 0.365474 1.372367 -0.287203
v 0.367140 1.377365 -0.259133
v 0.376164 1.268758 -0.264795
v 0.372861 1.277789 -0.223119
v 0.368694 1.274409 -0.243577
v 0.371996 1.324732 -0.250546
v 0.371196 1.321841 -0.273165
v 0.333971 1.441296 -0.263169
v 0.353032 1.441321 -0.294015
v 0.025481 1.664332 -0.121434
v 0.210791 1.851935 -0.178288
v 0.039195 1.470673 -0.102137
v 0.080782 1.496394 -0.151027
v 0.133867 1.510944 -0.214546
v 0.110545 1.316924 -0.152219
v 0.187023 1.335830 -0.228373
v 0.071049 1.283271 -0.124737
v 0.163818 1.358664 -0.109004
v 0.039738 1.299476 -0.064418
v 0.195459 1.364293 -0.219444
v 0.023532 1.193185 -0.098158
v 0.079235 1.136190 -0.096968
v 0.156037 1.177231 -0.084164
v 0.202070 1.195429 -0.157537
v 0.035016 1.133231 -0.170021
v 0.183639 0.998164 -0.029170
v 0.107183 0.976669 -0.033167
v 0.048831 0.969042 -0.132500
v 0.233933 0.991553 -0.092283
v 0.106408 0.639340 -0.117130
v 0.158239 0.555580 -0.134842
v 0.256277 0.617870 -0.099179
v 0.260729 0.513134 -0.140388
v 0.191266 0.605938 -0.081023
v 0.214480 0.505696 -0.122889
v 0.245283 0.978012 -0.163578
v -0.029363 1.397233 -0.134713
v -0.099093 1.601905 -0.155736
v -0.167480 1.830500 -0.208796
v -0.144751 1.736344 -0.160590
v -0.195952 1.751794 -0.365077
v -0.205352 1.767090 -0.311849
v -0.206144 1.792128 -0.229401
v -0.141188 1.422748 -0.173529
v -0.075033 1.378665 -0.138384
v -0.036246 1.787803 -0.163889
v -0.029669 1.838872 -0.209366
v -0.007359 1.158828 -0.237910
v -0.161307 1.183557 -0.177372
v -0.061159 1.167288 -0.147766
v -0.150011 1.564120 -0.274015
v -0.131762 1.589647 -0.209287
v -0.161996 1.712544 -0.219847
v -0.126256 1.865284 -0.224280
v -0.173688 1.012684 -0.175196
v -0.234184 1.064176 -0.236274
v -0.105634 0.988076 -0.190205
v -0.186502 0.846816 -0.274139
v -0.240545 0.883317 -0.330781
v -0.152512 0.838150 -0.269024
v -0.221393 0.749494 -0.293321
v -0.158723 0.739267 -0.302702
v -0.114927 0.699560 -0.401408
v -0.234632 0.691487 -0.369499
v -0.281781 0.721382 -0.419780
v -0.167411 0.676420 -0.331622
v -0.194068 0.437009 -0.497455
v -0.147317 1.368816 -0.165755
v -0.068150 1.339498 -0.063566
v -0.195701 1.753793 -0.307016
v -0.269204 1.822194 -0.268166
v -0.280892 1.753404 -0.276793
v -0.231290 1.813836 -0.263698
v -0.243404 1.772062 -0.277339
v -0.042016 1.613174 -0.143152
v -0.418675 1.440869 -0.216749
v -0.476640 1.429980 -0.245382
v -0.394261 1.606701 -0.298963
v -0.363999 1.668577 -0.292191
v -0.379772 1.603330 -0.230214
v -0.343939 1.660661 -0.235874
v -0.320431 1.572946 -0.201686
v -0.279415 1.639521 -0.210503
v -0.275751 1.545818 -0.246698
v -0.240503 1.613732 -0.251153
v -0.260335 1.533721 -0.316340
v -0.212284 1.599550 -0.326432
v -0.464427 1.443193 -0.322312
v -0.447229 1.470412 -0.331248
v -0.440384 1.478396 -0.286926
v -0.425379 1.460257 -0.250106
v -0.422520 1.478589 -0.257809
v -0.375174 1.447436 -0.259861
v -0.382560 1.464874 -0.252092
v -0.354819 1.448118 -0.272555
v -0.339193 1.430783 -0.313652
v -0.347971 1.522762 -0.215644
v -0.400869 1.549726 -0.244900
v -0.410560 1.544545 -0.350022
v -0.411530 1.553494 -0.299251
v -0.307639 1.500727 -0.260952
v -0.296664 1.489205 -0.315967
v -0.323778 1.449747 -0.315106
v -0.344030 1.467214 -0.271420
v -0.426644 1.503978 -0.292729
v -0.413808 1.503244 -0.257419
v -0.371332 1.485089 -0.243409
v -0.231527 1.716447 -0.273441
v -0.285959 1.717721 -0.282595
v -0.338349 1.724835 -0.319667
v -0.210213 1.694645 -0.338514
v -0.214349 1.705434 -0.297664
v -0.476829 1.393907 -0.218459
v -0.413474 1.402193 -0.206907
v -0.042771 1.718878 -0.136247
v -0.042761 1.669679 -0.139704
v -0.107691 1.676543 -0.153711
v -0.236927 1.853638 -0.270906
v -0.117360 1.467752 -0.132152
v -0.136460 1.493004 -0.190775
v -0.157636 1.261380 -0.172441
v -0.199124 1.297702 -0.237190
v -0.080015 1.233848 -0.143459
v -0.158074 1.309620 -0.170845
v -0.087623 1.291703 -0.078191
v -0.015928 1.169784 -0.113078
v -0.055905 1.179684 -0.115338
v -0.092989 1.082618 -0.187117
v -0.166113 1.107109 -0.174145
v -0.212146 1.154329 -0.234443
v -0.049086 1.111494 -0.228233
v -0.193715 0.921064 -0.203153
v -0.117259 0.903365 -0.215988
v -0.244009 0.942179 -0.262996
v -0.038228 1.468893 -0.132235
v -0.168315 0.534312 -0.437674
v -0.266353 0.588329 -0.390409
v -0.270805 0.493798 -0.451495
v -0.201342 0.573046 -0.374967
v -0.224556 0.483049 -0.435810
v -0.214632 1.168350 -0.274856
v -0.095498 1.287536 -0.123719
v -0.090550 1.347995 -0.124807
v -0.025969 1.341238 -0.058914
v 0.018065 1.299650 -0.348010
v 0.005479 1.160091 -0.254935
v 0.003779 1.155633 -0.209835
v 0.012322 1.158415 -0.354986
v -0.015597 1.158438 -0.260324
v -0.013326 1.299564 -0.351404
v -0.010727 1.161825 -0.364326
v -0.016415 1.151214 -0.233633
v -0.013082 1.370062 -0.364484
v 0.019524 1.370100 -0.360719
v 0.000522 1.153347 -0.378293
v 0.003248 1.295260 -0.367563
v 0.013519 1.158470 -0.373099
v 0.019778 1.298767 -0.363906
v -0.009773 1.160013 -0.377369
v -0.011672 1.298460 -0.367088
v 0.006225 1.369589 -0.383101
v 0.021415 1.368176 -0.376765
v -0.011175 1.368215 -0.380521
v -0.399333 1.231734 -0.275731
v -0.394965 1.253577 -0.288883
v -0.376075 1.261476 -0.306285
v -0.355183 1.250051 -0.317483
v -0.344766 1.225941 -0.316669
v -0.348172 1.204578 -0.303910
v -0.364982 1.197772 -0.286704
v -0.386632 1.208810 -0.274991
v -0.429115 1.192050 -0.327820
v -0.427649 1.209020 -0.346291
v -0.407921 1.217103 -0.362569
v -0.382196 1.211591 -0.366756
v -0.365976 1.195386 -0.356891
v -0.366194 1.178462 -0.339234
v -0.384523 1.170475 -0.323935
v -0.410659 1.176163 -0.318910
v -0.435168 1.136775 -0.365982
v -0.434242 1.147827 -0.388159
v -0.414139 1.156580 -0.404019
v -0.385411 1.158217 -0.403357
v -0.366898 1.151565 -0.387005
v -0.367851 1.140291 -0.365996
v -0.386271 1.131545 -0.351304
v -0.414677 1.129986 -0.351196
v -0.427033 1.074680 -0.389428
v -0.425137 1.081145 -0.413751
v -0.405387 1.090106 -0.429899
v -0.376922 1.096592 -0.428247
v -0.355559 1.097112 -0.409138
v -0.356603 1.090776 -0.385894
v -0.377894 1.081232 -0.372443
v -0.408623 1.074437 -0.373080
v -0.407608 1.010967 -0.401315
v -0.403102 1.014291 -0.427889
v -0.382605 1.022907 -0.443166
v -0.358018 1.031958 -0.440076
v -0.343467 1.036036 -0.420040
v -0.347415 1.032459 -0.396381
v -0.367653 1.023578 -0.381201
v -0.392817 1.014756 -0.382975
v -0.385437 0.949164 -0.430915
v -0.379281 0.950502 -0.453250
v -0.359509 0.957946 -0.463543
v -0.337139 0.967541 -0.456945
v -0.322449 0.974124 -0.432840
v -0.324758 0.974031 -0.401966
v -0.345763 0.965682 -0.391939
v -0.371373 0.955125 -0.405208
v -0.369363 0.894692 -0.439518
v -0.363635 0.893380 -0.460266
v -0.339805 0.898781 -0.470905
v -0.315496 0.908017 -0.461905
v -0.301702 0.916382 -0.435409
v -0.306230 0.918238 -0.411199
v -0.328137 0.911763 -0.405859
v -0.353786 0.902181 -0.416580
v -0.357891 0.857801 -0.432402
v -0.351813 0.851072 -0.453418
v -0.328424 0.849972 -0.462556
v -0.302391 0.855187 -0.456869
v -0.288423 0.863673 -0.438048
v -0.293090 0.871046 -0.412916
v -0.315309 0.872189 -0.400632
v -0.342458 0.866471 -0.409669
v -0.358081 0.844426 -0.428733
v -0.354262 0.829106 -0.449806
v -0.332328 0.816235 -0.454517
v -0.307338 0.812911 -0.445729
v -0.293820 0.820907 -0.428006
v -0.297598 0.836387 -0.406722
v -0.316961 0.850135 -0.395338
v -0.342589 0.853084 -0.405964
v -0.374631 0.826865 -0.417488
v -0.376038 0.805348 -0.431725
v -0.364376 0.782269 -0.432228
v -0.346101 0.771232 -0.417775
v -0.332150 0.778638 -0.397426
v -0.330698 0.800156 -0.383100
v -0.341788 0.823571 -0.381094
v -0.359726 0.834681 -0.394560
v -0.379679 0.825088 -0.414210
v -0.391001 0.803126 -0.421964
v -0.394080 0.779431 -0.411912
v -0.387107 0.767885 -0.389936
v -0.374171 0.775246 -0.368911
v -0.362849 0.797208 -0.361156
v -0.359334 0.821110 -0.370050
v -0.366001 0.832747 -0.391173
v -0.386661 0.833048 -0.413163
v -0.406258 0.816952 -0.418045
v -0.421663 0.801995 -0.403715
v -0.423848 0.796942 -0.378560
v -0.411539 0.804747 -0.357317
v -0.391942 0.820843 -0.352435
v -0.376088 0.836004 -0.365505
v -0.374136 0.840938 -0.391318
v -0.402272 0.860484 -0.414336
v -0.424764 0.848830 -0.419159
v -0.444315 0.840238 -0.404743
v -0.449469 0.839743 -0.379526
v -0.437214 0.847631 -0.358283
v -0.414723 0.859285 -0.353460
v -0.395172 0.867877 -0.367876
v -0.390017 0.868372 -0.393093
v -0.419604 0.903644 -0.419953
v -0.441555 0.894456 -0.426907
v -0.462071 0.888962 -0.413486
v -0.470102 0.890295 -0.385741
v -0.459175 0.897792 -0.362203
v -0.435129 0.907140 -0.358054
v -0.413531 0.912735 -0.373291
v -0.407239 0.911272 -0.398680
v -0.436291 0.955511 -0.427778
v -0.457989 0.947818 -0.435846
v -0.480835 0.943697 -0.420190
v -0.490005 0.945637 -0.390913
v -0.479426 0.952539 -0.366266
v -0.456283 0.960311 -0.360007
v -0.435062 0.964342 -0.374547
v -0.427271 0.962328 -0.402110
v -0.452662 1.010401 -0.433973
v -0.474848 1.003770 -0.441869
v -0.497461 1.000283 -0.426551
v -0.505306 1.002102 -0.398887
v -0.493675 1.008162 -0.375346
v -0.470287 1.014856 -0.368836
v -0.449032 1.018264 -0.383047
v -0.442114 1.016397 -0.409626
v -0.463659 1.061762 -0.440884
v -0.488085 1.057673 -0.446983
v -0.510583 1.055902 -0.432328
v -0.517619 1.057502 -0.405679
v -0.505593 1.061487 -0.381892
v -0.481458 1.065541 -0.375409
v -0.459430 1.067296 -0.389969
v -0.452031 1.065738 -0.417140
v -0.466438 1.127936 -0.447487
v -0.491931 1.129470 -0.453014
v -0.515880 1.132155 -0.436986
v -0.522007 1.134563 -0.411659
v -0.508529 1.135165 -0.389690
v -0.484020 1.133556 -0.382964
v -0.461961 1.130751 -0.396772
v -0.454813 1.128420 -0.423363
v -0.450849 1.192937 -0.451384
v -0.476213 1.200540 -0.456484
v -0.497517 1.208537 -0.441966
v -0.501622 1.212341 -0.415612
v -0.489232 1.209388 -0.392052
v -0.467600 1.201425 -0.384742
v -0.447213 1.193346 -0.398906
v -0.440514 1.189846 -0.426136
v -0.421396 1.256137 -0.445665
v -0.445387 1.268371 -0.450850
v -0.464629 1.280154 -0.437627
v -0.470280 1.284404 -0.411138
v -0.456699 1.278795 -0.390194
v -0.438196 1.266056 -0.381023
v -0.415018 1.254634 -0.397965
v -0.410336 1.250319 -0.422615
v -0.379035 1.314083 -0.443844
v -0.393973 1.330505 -0.453853
v -0.411351 1.345103 -0.442011
v -0.419651 1.349428 -0.415452
v -0.407920 1.341452 -0.394767
v -0.388343 1.325412 -0.387243
v -0.374044 1.310538 -0.396812
v -0.367252 1.306111 -0.422330
v -0.329671 1.363814 -0.437219
v -0.343113 1.383300 -0.444464
v -0.354624 1.400624 -0.431028
v -0.360153 1.405265 -0.405773
v -0.355280 1.395697 -0.382868
v -0.339954 1.376768 -0.375969
v -0.323336 1.358551 -0.390783
v -0.322557 1.353477 -0.414175
v -0.271364 1.402914 -0.427523
v -0.281231 1.425231 -0.433627
v -0.291682 1.444263 -0.420170
v -0.295867 1.448935 -0.395000
v -0.294492 1.437036 -0.371809
v -0.282090 1.415035 -0.365927
v -0.268169 1.395435 -0.380746
v -0.264552 1.390722 -0.405690
v -0.218216 1.426950 -0.421285
v -0.224433 1.451543 -0.426377
v -0.231149 1.472154 -0.412534
v -0.234205 1.476749 -0.387782
v -0.231737 1.462649 -0.366703
v -0.225197 1.438098 -0.361638
v -0.218491 1.417466 -0.375502
v -0.215610 1.412848 -0.400197
v -0.170113 1.434154 -0.413120
v -0.168460 1.459748 -0.416938
v -0.169698 1.481011 -0.402183
v -0.173086 1.485505 -0.377441
v -0.176569 1.470620 -0.357299
v -0.178006 1.445068 -0.353571
v -0.176513 1.423811 -0.368318
v -0.173287 1.419282 -0.392964
v 0.054625 1.747178 -0.157418
v 0.050144 1.756810 -0.163411
v 0.038944 1.761081 -0.165719
v 0.027590 1.757486 -0.162992
v 0.022740 1.748134 -0.156828
v 0.027232 1.738501 -0.150837
v 0.038426 1.734231 -0.148526
v 0.049769 1.737826 -0.151252
v 0.054488 1.756028 -0.137728
v 0.049952 1.767082 -0.140193
v 0.038745 1.771662 -0.141737
v 0.027436 1.767082 -0.141454
v 0.022649 1.756028 -0.139512
v 0.027188 1.744974 -0.137047
v 0.038391 1.740394 -0.135503
v 0.049698 1.744974 -0.135785
v 0.052854 1.755476 -0.121811
v 0.047761 1.766168 -0.118875
v 0.036415 1.770656 -0.119035
v 0.025463 1.766307 -0.122197
v 0.021317 1.755672 -0.126508
v 0.026410 1.744980 -0.129443
v 0.037755 1.740492 -0.129284
v 0.048708 1.744842 -0.126122
v 0.050391 1.746865 -0.110138
v 0.044428 1.754516 -0.102736
v 0.032822 1.758090 -0.101556
v 0.022370 1.755493 -0.107291
v 0.019194 1.748248 -0.116580
v 0.025157 1.740597 -0.123982
v 0.036763 1.737022 -0.125162
v 0.047214 1.739619 -0.119427
v 0.047800 1.732261 -0.102447
v 0.041263 1.736693 -0.093148
v 0.029448 1.739101 -0.091279
v 0.019277 1.738073 -0.097939
v 0.016705 1.734212 -0.109225
v 0.023243 1.729780 -0.118524
v 0.035058 1.727373 -0.120393
v 0.045229 1.728401 -0.113733
v 0.045601 1.713089 -0.097871
v 0.038809 1.715295 -0.087978
v 0.026876 1.716671 -0.085834
v 0.016793 1.716410 -0.092699
v 0.014463 1.714665 -0.104548
v 0.021255 1.712459 -0.114441
v 0.033188 1.711083 -0.116585
v 0.043271 1.711344 -0.109720
v 0.044294 1.690472 -0.095813
v 0.037414 1.691109 -0.085757
v 0.025428 1.691528 -0.083514
v 0.015357 1.691485 -0.090401
v 0.013098 1.691005 -0.102382
v 0.019978 1.690369 -0.112438
v 0.031964 1.689949 -0.114682
v 0.042035 1.689992 -0.107794
v 0.044402 1.665625 -0.095839
v 0.037532 1.665004 -0.085775
v 0.025553 1.664429 -0.083526
v 0.015483 1.664238 -0.090413
v 0.013218 1.664542 -0.102398
v 0.020088 1.665164 -0.112462
v 0.032067 1.665738 -0.114711
v 0.042137 1.665929 -0.107825
v 0.046438 1.639833 -0.097542
v 0.039664 1.638064 -0.087550
v 0.027781 1.636359 -0.085371
v 0.017748 1.635718 -0.092285
v 0.015442 1.636515 -0.104240
v 0.022216 1.638284 -0.114233
v 0.034100 1.639989 -0.116412
v 0.044132 1.640630 -0.109497
v 0.050876 1.614433 -0.100513
v 0.044315 1.611494 -0.090654
v 0.032681 1.608425 -0.088631
v 0.022787 1.607023 -0.095633
v 0.020428 1.608110 -0.107555
v 0.026989 1.611049 -0.117413
v 0.038623 1.614118 -0.119436
v 0.048517 1.615520 -0.112434
v 0.058106 1.590780 -0.104327
v 0.051953 1.586557 -0.094673
v 0.040856 1.581796 -0.092921
v 0.031315 1.579286 -0.100100
v 0.028917 1.580496 -0.112002
v 0.035069 1.584718 -0.121655
v 0.046166 1.589479 -0.123408
v 0.055707 1.591990 -0.116229
v 0.068385 1.570172 -0.108553
v 0.062975 1.564517 -0.099193
v 0.052943 1.557701 -0.097861
v 0.044165 1.553717 -0.105341
v 0.041782 1.554898 -0.117249
v 0.047192 1.560554 -0.126610
v 0.057224 1.567370 -0.127942
v 0.066002 1.571353 -0.120461
v 0.082266 1.553301 -0.112941
v 0.077725 1.546569 -0.103834
v 0.069208 1.537878 -0.102944
v 0.061701 1.532320 -0.110795
v 0.059602 1.533149 -0.122786
v 0.064143 1.539881 -0.131892
v 0.072661 1.548571 -0.132783
v 0.080167 1.554129 -0.124932
v 0.093179 1.544283 -0.115024
v 0.089073 1.537179 -0.105994
v 0.081964 1.527284 -0.105351
v 0.076016 1.520393 -0.113476
v 0.074712 1.520542 -0.125606
v 0.078818 1.527646 -0.134637
v 0.085927 1.537542 -0.135280
v 0.091875 1.544432 -0.127155
v 0.104247 1.537273 -0.115587
v 0.100403 1.530006 -0.106571
v 0.094726 1.519220 -0.106006
v 0.090541 1.511235 -0.114227
v 0.090297 1.510724 -0.126415
v 0.094140 1.517991 -0.135431
v 0.099817 1.528777 -0.135996
v 0.104003 1.536763 -0.127776
v 0.114673 1.532760 -0.115042
v 0.111469 1.525226 -0.105995
v 0.107741 1.513627 -0.105337
v 0.105671 1.504758 -0.113456
v 0.106473 1.503811 -0.125594
v 0.109677 1.511345 -0.134641
v 0.113406 1.522944 -0.135300
v 0.115475 1.531814 -0.127180
v 0.123966 1.530765 -0.113838
v 0.121923 1.523004 -0.104647
v 0.120809 1.510893 -0.103666
v 0.121277 1.501527 -0.111471
v 0.123053 1.500389 -0.123489
v 0.125097 1.508150 -0.132679
v 0.126211 1.520261 -0.133661
v 0.125742 1.529627 -0.125855
v 0.131847 1.531094 -0.112375
v 0.131549 1.523441 -0.102877
v 0.133706 1.511534 -0.101318
v 0.137055 1.502347 -0.108615
v 0.139635 1.501259 -0.120491
v 0.139933 1.508912 -0.129989
v 0.137776 1.520819 -0.131548
v 0.134427 1.530007 -0.124251
v 0.138565 1.533595 -0.110896
v 0.140370 1.526747 -0.100960
v 0.146015 1.516175 -0.098676
v 0.152701 1.508025 -0.105390
v 0.155290 1.507180 -0.117153
v 0.153486 1.514028 -0.127088
v 0.147840 1.524601 -0.129373
v 0.141660 1.532705 -0.122665
v 0.144744 1.538761 -0.109487
v 0.148471 1.533483 -0.099137
v 0.157035 1.525295 -0.096223
v 0.165420 1.518993 -0.102455
v 0.168715 1.518266 -0.114181
v 0.164988 1.523543 -0.124531
v 0.156424 1.531731 -0.127446
v 0.148039 1.538034 -0.121213
v 0.150571 1.547772 -0.108339
v 0.155616 1.544447 -0.097739
v 0.166044 1.539019 -0.094472
v 0.175747 1.534668 -0.100455
v 0.179042 1.533942 -0.112180
v 0.173997 1.537268 -0.122780
v 0.163574 1.542695 -0.126047
v 0.153868 1.547046 -0.120064
v 0.155491 1.561703 -0.107880
v 0.161233 1.560253 -0.097214
v 0.172592 1.557321 -0.093858
v 0.182911 1.554625 -0.099783
v 0.186149 1.553742 -0.111514
v 0.180434 1.555189 -0.122182
v 0.169120 1.558117 -0.125539
v 0.158766 1.560817 -0.119612
v 0.158821 1.581090 -0.108646
v 0.164754 1.581235 -0.098035
v 0.176452 1.580304 -0.094753
v 0.187018 1.578847 -0.100726
v 0.190335 1.577709 -0.112457
v 0.184535 1.577552 -0.123081
v 0.172921 1.578475 -0.126364
v 0.162222 1.579946 -0.120378
v 0.160492 1.606117 -0.111163
v 0.166285 1.607559 -0.100670
v 0.178079 1.608161 -0.097547
v 0.188924 1.607574 -0.103633
v 0.192624 1.606126 -0.115380
v 0.187091 1.604659 -0.125906
v 0.175383 1.604050 -0.129018
v 0.164292 1.604661 -0.122899
v 0.160938 1.637443 -0.116017
v 0.166853 1.639639 -0.105644
v 0.178926 1.640944 -0.102680
v 0.189922 1.640606 -0.108871
v 0.193475 1.638817 -0.120595
v 0.187646 1.636612 -0.130987
v 0.175768 1.635291 -0.133943
v 0.164676 1.635640 -0.127733
v 0.161194 1.661770 -0.120727
v 0.167220 1.664104 -0.110387
v 0.179382 1.665181 -0.107415
v 0.190398 1.664381 -0.113560
v 0.193897 1.662166 -0.125229
v 0.187892 1.659827 -0.135581
v 0.175901 1.658738 -0.138545
v 0.164867 1.659541 -0.132387
v 0.162974 1.688774 -0.126622
v 0.169457 1.691006 -0.116290
v 0.182158 1.691577 -0.113289
v 0.193704 1.690142 -0.119410
v 0.197349 1.687541 -0.131066
v 0.190919 1.685302 -0.141399
v 0.177865 1.684766 -0.144333
v 0.166440 1.686192 -0.138225
v 0.165462 1.717235 -0.133349
v 0.171790 1.719472 -0.123008
v 0.184164 1.719801 -0.119954
v 0.195070 1.718048 -0.125972
v 0.198143 1.715240 -0.137531
v 0.191733 1.713009 -0.147870
v 0.179640 1.712658 -0.150935
v 0.168817 1.714405 -0.144919
v 0.166599 1.746660 -0.140581
v 0.172978 1.748931 -0.130252
v 0.185712 1.749109 -0.127202
v 0.196915 1.747120 -0.133211
v 0.200048 1.744129 -0.144748
v 0.193596 1.741863 -0.155076
v 0.181329 1.741650 -0.158141
v 0.170191 1.743635 -0.152135
v 0.169853 1.776078 -0.148330
v 0.176143 1.778442 -0.138013
v 0.188494 1.778649 -0.134961
v 0.199333 1.776603 -0.140945
v 0.202393 1.773497 -0.152464
v 0.196112 1.771131 -0.162796
v 0.184172 1.770892 -0.165880
v 0.173351 1.772938 -0.159884
v 0.174911 1.804796 -0.156440
v 0.181349 1.807288 -0.146165
v 0.193478 1.807631 -0.143178
v 0.203969 1.805641 -0.149205
v 0.206912 1.802466 -0.160747
v 0.200736 1.799951 -0.171073
v 0.188889 1.799585 -0.174097
v 0.178136 1.801598 -0.168018
v 0.179354 1.832248 -0.164528
v 0.186194 1.834918 -0.154340
v 0.198686 1.835493 -0.151521
v 0.209421 1.833643 -0.157717
v 0.212244 1.830441 -0.169316
v 0.205535 1.827760 -0.179530
v 0.193150 1.827177 -0.182358
v 0.182282 1.829039 -0.176135
v 0.180537 1.857839 -0.172055
v 0.187522 1.860800 -0.161966
v 0.200104 1.861819 -0.159313
v 0.210905 1.860298 -0.165656
v 0.213667 1.857123 -0.177289
v 0.206751 1.854156 -0.187393
v 0.194176 1.853137 -0.190040
v 0.183305 1.854664 -0.183682
v 0.179097 1.880665 -0.178806
v 0.186384 1.884055 -0.168857
v 0.198928 1.885809 -0.166431
v 0.209682 1.884875 -0.172960
v 0.212384 1.881798 -0.184624
v 0.205435 1.878380 -0.194586
v 0.192888 1.876627 -0.197006
v 0.181648 1.877602 -0.190454
v 0.174349 1.899816 -0.184505
v 0.181851 1.903894 -0.174784
v 0.195189 1.906782 -0.172741
v 0.206448 1.906792 -0.179601
v 0.209049 1.903920 -0.191328
v 0.201336 1.899863 -0.201014
v 0.188054 1.896976 -0.203018
v 0.176933 1.896951 -0.196189
v 0.169017 1.913893 -0.188812
v 0.175647 1.919188 -0.179452
v 0.187521 1.924193 -0.178007
v 0.197714 1.925970 -0.185340
v 0.200256 1.923481 -0.197148
v 0.193612 1.918188 -0.206498
v 0.181697 1.913189 -0.207922
v 0.171515 1.911410 -0.200599
v 0.162391 1.923579 -0.191939
v 0.168275 1.929814 -0.182864
v 0.178750 1.936637 -0.181957
v 0.187751 1.940048 -0.189755
v 0.190070 1.938043 -0.201694
v 0.184264 1.931803 -0.210771
v 0.173701 1.924986 -0.211669
v 0.164622 1.921582 -0.203868
v 0.144989 1.944659 -0.198140
v 0.150988 1.950479 -0.188943
v 0.161329 1.957098 -0.187946
v 0.170111 1.960627 -0.195735
v 0.172282 1.958992 -0.207756
v 0.166394 1.953163 -0.216960
v 0.155862 1.946558 -0.217952
v 0.146969 1.943038 -0.210155
v 0.131118 1.966696 -0.202956
v 0.137905 1.971156 -0.193472
v 0.149311 1.976150 -0.192127
v 0.158625 1.978752 -0.199682
v 0.160672 1.977422 -0.211743
v 0.154105 1.972949 -0.221246
v 0.142717 1.967957 -0.222619
v 0.133135 1.965372 -0.215033
v 0.121165 1.987816 -0.206199
v 0.128399 1.990898 -0.196495
v 0.140387 1.994300 -0.194841
v 0.150212 1.996023 -0.202218
v 0.152284 1.995048 -0.214316
v 0.145199 1.991958 -0.224017
v 0.133041 1.988567 -0.225638
v 0.123067 1.986853 -0.218263
v 0.114946 2.007569 -0.208188
v 0.122337 2.009461 -0.198359
v 0.134659 2.011559 -0.196532
v 0.144691 2.012633 -0.203784
v 0.146663 2.012048 -0.215864
v 0.139362 2.010152 -0.225684
v 0.127029 2.008056 -0.227497
v 0.116908 2.006986 -0.220252
v 0.111168 2.025598 -0.209153
v 0.118516 2.026674 -0.199279
v 0.130882 2.027998 -0.197378
v 0.140964 2.028797 -0.204572
v 0.142901 2.028602 -0.216637
v 0.135569 2.027527 -0.226500
v 0.123251 2.026202 -0.228392
v 0.113147 2.025402 -0.221209
v 0.109049 2.041572 -0.209408
v 0.116250 2.042347 -0.199526
v 0.128395 2.043619 -0.197602
v 0.138323 2.044645 -0.204770
v 0.140219 2.044824 -0.216821
v 0.133011 2.044049 -0.226694
v 0.120907 2.042776 -0.228613
v 0.110986 2.041749 -0.221454
v 0.107236 2.055202 -0.209275
v 0.114315 2.056328 -0.199391
v 0.126206 2.058439 -0.197454
v 0.135938 2.060301 -0.204606
v 0.137815 2.060821 -0.216650
v 0.130738 2.059695 -0.226530
v 0.118850 2.057584 -0.228463
v 0.109115 2.055723 -0.221317
v 0.104615 2.066270 -0.209052
v 0.111387 2.068506 -0.199151
v 0.122762 2.072478 -0.197186
v 0.132080 2.075859 -0.204314
v 0.133885 2.076670 -0.216354
v 0.127114 2.074434 -0.226253
v 0.115736 2.070462 -0.228215
v 0.106417 2.067080 -0.221090
v 0.100560 2.074996 -0.208961
v 0.106474 2.078963 -0.199054
v 0.116541 2.085578 -0.197081
v 0.124865 2.090968 -0.204202
v 0.126570 2.091975 -0.216242
v 0.120655 2.088008 -0.226147
v 0.110587 2.081393 -0.228118
v 0.102264 2.076003 -0.220999
v 0.094132 2.082339 -0.209183
v 0.098507 2.088063 -0.199336
v 0.106328 2.097242 -0.197451
v 0.113014 2.104501 -0.204637
v 0.114649 2.105588 -0.216680
v 0.110273 2.099864 -0.226525
v 0.102451 2.090684 -0.228408
v 0.095766 2.083426 -0.221224
v 0.083482 2.089137 -0.209989
v 0.086058 2.096059 -0.200278
v 0.091335 2.106932 -0.198584
v 0.096222 2.115388 -0.205905
v 0.097858 2.116475 -0.217948
v 0.095282 2.109552 -0.227659
v 0.090004 2.098679 -0.229350
v 0.085117 2.090224 -0.222030
v 0.066799 2.095238 -0.211737
v 0.067780 2.102771 -0.202191
v 0.070856 2.114489 -0.200725
v 0.074227 2.123526 -0.208202
v 0.075917 2.124592 -0.220239
v 0.074936 2.117058 -0.229785
v 0.071859 2.105341 -0.231250
v 0.068488 2.096303 -0.223773
v -0.392283 1.259886 -0.242386
v -0.388189 1.282142 -0.255304
v -0.367663 1.292268 -0.269538
v -0.343666 1.283353 -0.276462
v -0.330497 1.260494 -0.272806
v -0.333990 1.238811 -0.260275
v -0.353147 1.230099 -0.246251
v -0.377603 1.238568 -0.238815
vt -0.208695 0.326957
vt -0.212925 0.328980
vt -0.215196 0.327380
vt -0.194931 0.327949
vt -0.208233 0.328671
vt 0.294083 0.891398
vt 0.302792 0.912859
vt 0.281421 0.900521
vt 0.265234 0.892371
vt 0.260051 0.912859
vt 0.240287 0.893619
vt 0.316537 0.932182
vt 0.472394 0.303175
vt 0.343753 0.303175
vt 0.336057 0.321572
vt 0.339435 0.950504
vt 0.340739 0.986212
vt 0.205199 0.986212
vt 0.274637 0.214470
vt 0.274637 0.330224
vt 0.326821 0.330224
vt 0.461729 0.293735
vt 0.360169 0.293735
vt 0.204892 0.941410
vt 0.256841 0.941410
vt 0.205199 0.950504
vt 0.265234 0.800700
vt 0.294083 0.800700
vt 0.461729 0.272723
vt 0.360169 0.272723
vt 0.418803 0.229831
vt 0.390129 0.227997
vt 0.468767 0.225995
vt 0.490767 0.191224
vt 0.453458 0.189557
vt 0.265234 0.733212
vt 0.294083 0.733212
vt 0.265234 0.679484
vt 0.294083 0.679484
vt 0.274637 0.076815
vt 0.301666 0.076815
vt 0.289998 0.013350
vt 0.326821 0.214470
vt 0.326313 0.199403
vt 0.274637 0.185095
vt 0.317400 0.185095
vt 0.308659 0.169219
vt 0.260051 0.937535
vt 0.205079 0.937535
vt 0.205079 0.912859
vt 0.205079 0.874571
vt 0.224338 0.874571
vt 0.910249 0.064626
vt 0.893995 0.064626
vt 0.893995 0.050653
vt 0.302792 0.937535
vt 0.281421 0.949873
vt 0.039050 0.848255
vt 0.037041 0.847394
vt 0.026797 0.865174
vt 0.059546 0.848230
vt 0.057536 0.847369
vt 0.069796 0.865984
vt 0.067787 0.865123
vt 0.059553 0.883763
vt 0.057543 0.882902
vt 0.039057 0.883789
vt 0.037048 0.882928
vt 0.000000 0.000000
vt 0.467170 0.225711
vt 0.438386 0.215080
vt 0.449307 0.199367
vt 0.489170 0.190940
vt 0.460131 0.163259
vt 0.431584 0.158541
vt 0.428714 0.182184
vt 0.458819 0.158056
vt 0.302244 0.076815
vt 0.306286 0.127590
vt 0.274637 0.127590
vt 0.398239 0.159600
vt 0.384039 0.189265
vt 0.370080 0.131675
vt 0.370378 0.075173
vt 0.318680 0.127988
vt 0.271038 0.351330
vt 0.285799 0.336570
vt 0.321433 0.351331
vt 0.143255 0.128856
vt 0.134093 0.094890
vt 0.171085 0.094890
vt 0.198915 0.128856
vt 0.208076 0.085569
vt 0.513678 -0.037298
vt 0.517229 -0.037298
vt 0.513678 -0.024142
vt 0.208076 0.094890
vt 0.085828 0.049737
vt 0.085828 0.065392
vt 0.057451 0.065392
vt 0.543051 -0.011074
vt 0.538616 -0.000368
vt 0.538616 -0.003504
vt 0.517203 -0.003504
vt 0.517203 -0.000368
vt 0.512768 -0.011074
vt 0.085828 0.081048
vt 0.115647 0.060692
vt 0.134093 0.060692
vt 0.141437 0.048510
vt 0.088726 0.019009
vt 0.141437 0.019009
vt 0.145271 0.200852
vt 0.201244 0.200852
vt 0.205289 0.235523
vt 0.198915 0.109177
vt 0.037786 0.044469
vt 0.037786 0.011986
vt 0.054014 0.013244
vt 0.052545 0.122937
vt 0.037786 0.124195
vt 0.037786 0.086315
vt 0.141225 0.235523
vt 0.201536 0.200852
vt 0.144978 0.200852
vt 0.156292 0.178799
vt 0.143255 0.109177
vt 0.155499 0.180262
vt 0.132947 0.341606
vt 0.173257 0.341673
vt 0.156560 0.341606
vt 0.189954 0.341606
vt 0.213568 0.341606
vt 0.023028 0.122937
vt 0.143323 0.060692
vt 0.171085 0.060692
vt 0.198846 0.060692
vt 0.204296 0.049518
vt 0.265764 0.020017
vt 0.204296 0.020017
vt 0.261456 0.060692
vt 0.208076 0.060692
vt 0.197790 0.020017
vt 0.172386 0.020017
vt 0.172386 0.041477
vt 0.146981 0.020017
vt 0.143400 0.019009
vt 0.173348 0.019009
vt 0.173348 0.048510
vt 0.008315 0.083848
vt 0.008315 0.065392
vt 0.018121 0.065392
vt 0.008315 0.046937
vt 0.203296 0.019009
vt 0.140558 0.060692
vt 0.140475 0.020017
vt 0.087763 0.020017
vt 0.140475 0.041477
vt 0.021558 0.013244
vt 0.201611 0.060692
vt 0.057451 0.045727
vt 0.351014 0.114305
vt 0.360062 0.167270
vt 0.335913 0.127203
vt 0.355350 0.032182
vt 0.322961 0.083034
vt 0.342010 0.168564
vt 0.116315 0.891398
vt 0.128977 0.900521
vt 0.107607 0.912859
vt 0.145165 0.892371
vt 0.150348 0.912859
vt 0.170112 0.893619
vt 0.093862 0.932182
vt 0.473106 0.303253
vt 0.489970 0.321650
vt 0.336769 0.321650
vt 0.069660 0.986212
vt 0.070964 0.950504
vt 0.327399 0.214470
vt 0.327399 0.330223
vt 0.344465 0.303253
vt 0.360881 0.293813
vt 0.152942 0.941410
vt 0.116315 0.800700
vt 0.145165 0.800700
vt 0.360881 0.272801
vt 0.462441 0.272801
vt 0.390841 0.228074
vt 0.419515 0.229909
vt 0.469479 0.226072
vt 0.454170 0.189634
vt 0.116315 0.733212
vt 0.145165 0.733212
vt 0.491479 0.191302
vt 0.462441 0.163621
vt 0.116315 0.679484
vt 0.467170 0.226132
vt 0.438386 0.215501
vt 0.456181 0.267142
vt 0.274637 0.169219
vt 0.309237 0.169219
vt 0.274637 0.199402
vt 0.317978 0.185095
vt 0.150348 0.937535
vt 0.205320 0.937535
vt 0.205320 0.912859
vt 0.186061 0.874571
vt 0.107607 0.937535
vt 0.128977 0.949873
vt 0.069297 0.865265
vt 0.059053 0.847485
vt 0.057043 0.848346
vt 0.038558 0.847460
vt 0.036548 0.848321
vt 0.028307 0.865214
vt 0.026297 0.866075
vt 0.038551 0.882993
vt 0.059046 0.883019
vt 0.057036 0.883880
vt 0.489170 0.191361
vt 0.449307 0.199788
vt 0.460131 0.163680
vt 0.459662 0.158056
vt 0.429557 0.182184
vt 0.432427 0.158541
vt 0.384882 0.189265
vt 0.399081 0.159600
vt 0.370923 0.131675
vt 0.342853 0.168564
vt 0.319523 0.127988
vt 0.142713 0.127038
vt 0.170543 0.127038
vt 0.170543 0.093072
vt 0.198373 0.127038
vt 0.204749 0.020689
vt 0.204749 0.050191
vt 0.266217 0.020689
vt 0.207534 0.093072
vt 0.057312 0.065757
vt 0.085689 0.065757
vt 0.085689 0.050102
vt 0.456290 -0.011074
vt 0.460725 -0.003504
vt 0.460725 -0.000368
vt 0.482138 -0.000368
vt 0.486573 -0.011074
vt 0.482138 -0.003504
vt 0.057312 0.085422
vt 0.085689 0.081413
vt 0.133551 0.093072
vt 0.133551 0.058874
vt 0.115105 0.058874
vt 0.140927 0.050191
vt 0.140927 0.020689
vt 0.088216 0.020689
vt 0.205606 0.233840
vt 0.201560 0.199169
vt 0.145587 0.199169
vt 0.198373 0.107359
vt 0.207534 0.083751
vt 0.037647 0.044834
vt 0.057312 0.046092
vt 0.053875 0.013609
vt 0.037647 0.086680
vt 0.037647 0.124560
vt 0.052405 0.123302
vt 0.141542 0.233840
vt 0.198373 0.099208
vt 0.145294 0.199169
vt 0.201853 0.199169
vt 0.142713 0.107359
vt 0.142713 0.099208
vt 0.155816 0.178579
vt 0.133263 0.339923
vt 0.173574 0.339990
vt 0.156877 0.339923
vt 0.190271 0.339923
vt 0.213884 0.339923
vt 0.017982 0.085422
vt 0.022889 0.123302
vt 0.170543 0.058874
vt 0.142781 0.058874
vt 0.198304 0.058874
vt 0.203852 0.048966
vt 0.203852 0.019464
vt 0.265320 0.019464
vt 0.207534 0.058874
vt 0.260914 0.058874
vt 0.171941 0.040925
vt 0.171941 0.019464
vt 0.197345 0.019464
vt 0.140030 0.040925
vt 0.146536 0.019464
vt 0.172838 0.050191
vt 0.172838 0.020689
vt 0.142890 0.020689
vt 0.017982 0.065757
vt 0.008176 0.065757
vt 0.008176 0.084213
vt 0.017982 0.046092
vt 0.008176 0.047302
vt 0.202786 0.020689
vt 0.140016 0.058874
vt 0.140030 0.019464
vt 0.087318 0.019464
vt 0.037647 0.012351
vt 0.021419 0.013609
vt 0.201069 0.058874
vt 0.359082 0.164061
vt 0.396902 0.159255
vt 0.350034 0.111097
vt 0.371221 0.075173
vt 0.323804 0.083034
vt 0.084754 0.634578
vt 0.072513 0.648008
vt 0.079228 0.623130
vt 0.098207 0.605264
vt 0.126387 0.605424
vt 0.098207 0.586302
vt 0.057001 0.651178
vt 0.057001 0.660814
vt 0.018391 0.660814
vt 0.126269 0.605414
vt 0.098207 0.604695
vt 0.098207 0.587963
vt 0.126490 0.633274
vt 0.340196 0.599846
vt 0.018391 0.651178
vt 0.009601 0.638245
vt 0.065791 0.638245
vt 0.006868 0.621406
vt 0.068524 0.621406
vt 0.037696 0.596461
vt 0.069355 0.475774
vt 0.030234 0.475774
vt 0.030234 0.436653
vt 0.084513 0.611568
vt 0.098349 0.617762
vt 0.109776 0.618302
vt 0.110404 0.628912
vt 0.098459 0.628233
vt 0.098989 0.618204
vt 0.110176 0.617939
vt 0.074082 0.817731
vt 0.082259 0.817731
vt 0.082213 0.817731
vt 0.063503 0.804401
vt 0.016548 0.817731
vt 0.057545 0.785477
vt 0.016384 0.817731
vt 0.011329 0.791751
vt 0.011329 0.811456
vt 0.016384 0.785477
vt 0.063442 0.804401
vt 0.070695 0.812875
vt 0.450839 0.193013
vt 0.446632 0.198764
vt 0.450839 0.198764
vt 0.100069 0.812875
vt 0.100069 0.817731
vt 0.070650 0.812875
vt 0.104600 0.817731
vt 0.104606 0.808790
vt 0.101626 0.805943
vt 0.104606 0.805943
vt 0.446632 0.188174
vt 0.450839 0.184802
vt 0.446632 0.184802
vt 0.011429 0.811456
vt 0.011429 0.791751
vt 0.016548 0.785477
vt 0.305707 0.127590
vt 0.326892 0.199403
vt 0.290577 0.013350
vt 0.146389 0.372639
vt 0.171637 0.422919
vt 0.146389 0.437741
vt 0.125632 0.423030
vt 0.340196 0.587963
vt 0.340196 0.586303
vt 0.340196 0.599219
vt 0.333525 0.949092
vt 0.108115 0.937558
vt 0.068331 0.936488
vt 0.071311 0.950454
vt 0.173945 0.932182
vt 0.265622 0.935874
vt 0.071993 0.598398
vt 0.058112 0.603423
vt 0.017280 0.603423
vt 0.049795 0.428551
vt 0.069355 0.436653
vt 0.077457 0.456213
vt 0.049795 0.483876
vt 0.022132 0.456213
vt 0.308661 0.127212
vt 0.309239 0.127212
vt 0.163067 0.438702
vt 0.161503 0.379810
vt 0.132924 0.438153
vt 0.132749 0.380810
vt 0.360169 0.217128
vt -0.238255 0.353641
vt -0.278064 0.330190
vt -0.252512 0.331758
vt -0.204790 0.255530
vt -0.222948 0.277888
vt -0.246249 0.276307
vt -0.257266 0.250134
vt -0.250314 0.252832
vt -0.230480 0.255338
vt 0.360881 0.217205
vt -0.232638 0.330614
vt -0.225534 0.328364
vt -0.261521 0.353641
vt 0.340072 0.081069
vt 0.397882 0.162464
vt 0.357746 0.030578
vt 0.403293 0.185965
vt 0.356767 0.027370
vt 0.339092 0.077860
vt 0.334933 0.123994
vt 0.402313 0.182757
vt 0.031919 0.436407
vt 0.031919 0.475528
vt 0.051479 0.483630
vt 0.306672 0.402791
vt 0.285798 0.402791
vt 0.271038 0.388030
vt 0.306672 0.336570
vt 0.321433 0.388030
vt 0.300695 0.401936
vt 0.315154 0.387477
vt 0.265787 0.387477
vt 0.315154 0.351525
vt 0.300695 0.337066
vt 0.280246 0.337066
vt 0.265787 0.351525
vt 0.280246 0.401936
vt 0.033097 0.475169
vt 0.033097 0.436049
vt 0.052657 0.427946
vt 0.071040 0.475528
vt 0.079142 0.455967
vt 0.071040 0.436407
vt 0.051479 0.428304
vt 0.023817 0.455967
vt 0.072218 0.436049
vt 0.080320 0.455609
vt 0.072218 0.475169
vt 0.052657 0.483272
vt 0.024995 0.455609
vt 0.018121 0.085057
vt 0.018121 0.045727
vt 0.057451 0.085057
vt -0.214523 0.327893
vt 0.489258 0.321572
vt 0.274637 0.013350
vt 0.910249 0.050653
vt 0.028807 0.866034
vt 0.455064 0.141031
vt 0.171085 0.128856
vt 0.198915 0.101026
vt 0.190222 0.178799
vt 0.143255 0.101026
vt 0.205259 0.048510
vt 0.462441 0.293813
vt 0.145165 0.679484
vt 0.460131 0.273361
vt 0.205320 0.874571
vt 0.067287 0.866125
vt 0.036541 0.883855
vt 0.455907 0.141031
vt 0.190539 0.177116
vt 0.356193 0.032182
vt 0.340196 0.651175
vt 0.221081 0.876536
vt 0.220523 0.832542
vt 0.228166 0.439809
vt 0.263678 0.439809
vt 0.263678 0.459608
vt 0.265234 0.780066
vt 0.205199 0.660531
vt 0.265234 0.749568
vt 0.265234 0.880298
vt 0.252818 0.877424
vt 0.232181 0.802561
vt 0.250108 0.847526
vt 0.751427 0.702210
vt 0.747543 0.728067
vt 0.777373 0.727372
vt 0.787562 0.838869
vt 0.816581 0.847403
vt 0.793486 0.780578
vt -0.222108 0.170441
vt -0.222108 0.158480
vt -0.192226 0.167412
vt 0.778074 0.698521
vt 0.775847 0.789418
vt 0.217022 0.152737
vt 0.224448 0.152237
vt 0.223886 0.148803
vt 0.816904 0.764520
vt 0.774798 0.727412
vt 0.805734 0.203224
vt 0.807362 0.228185
vt 0.832965 0.186582
vt 0.719080 0.406474
vt 0.753074 0.413991
vt 0.749997 0.355420
vt 0.806523 0.351853
vt 0.803786 0.308949
vt 0.757717 0.307531
vt 0.770048 0.235850
vt 0.758139 0.208232
vt 0.748670 0.084210
vt 0.749838 0.109072
vt 0.765839 0.040823
vt 0.823530 0.083689
vt 0.809346 0.016354
vt 0.793442 0.040870
vt 0.799554 0.099351
vt 0.823535 0.298725
vt 0.730976 0.190784
vt 0.750581 0.224279
vt 0.751234 0.439182
vt 0.800673 0.438631
vt 0.797431 0.412703
vt 0.844537 0.420168
vt 0.694871 0.728169
vt 0.694871 0.774141
vt 0.737897 0.774141
vt 0.236346 0.749225
vt 0.205199 0.747209
vt 0.205199 0.833646
vt 0.205199 0.826076
vt 0.250768 0.794934
vt 0.226903 0.769435
vt 0.205199 0.746439
vt 0.216444 0.148663
vt 0.223037 0.143619
vt 0.810223 0.712472
vt 0.789223 0.641683
vt 0.297088 0.439809
vt 0.297088 0.459608
vt 0.843552 0.845227
vt 0.844828 0.854172
vt 0.866053 0.891799
vt 0.893371 0.860991
vt 0.883582 0.926045
vt 0.918667 0.887795
vt 0.889181 0.934100
vt 0.871708 0.842031
vt 0.904949 0.841121
vt 0.930032 0.894312
vt 0.930983 0.852350
vt 0.884001 0.829968
vt 0.864659 0.835733
vt 0.926099 0.850118
vt 0.923630 0.567003
vt 0.935689 0.569757
vt 0.934093 0.548120
vt 0.951530 0.707819
vt 0.959214 0.696355
vt 0.940654 0.694110
vt 0.422802 0.705908
vt 0.413357 0.693687
vt 0.408973 0.694818
vt 0.491998 0.691774
vt 0.495953 0.676516
vt 0.487955 0.679563
vt 0.964857 0.553356
vt 0.952426 0.550670
vt 0.949671 0.571634
vt 0.911826 0.702295
vt 0.911671 0.689144
vt 0.891735 0.686119
vt 0.218286 0.317471
vt 0.937530 0.706670
vt 0.923658 0.546523
vt 0.934776 0.532812
vt 0.467974 0.501734
vt 0.472237 0.506438
vt 0.451595 0.512183
vt 0.943639 0.507851
vt 0.930701 0.508953
vt 0.966274 0.538358
vt 0.952986 0.535302
vt 0.977149 0.543133
vt 0.979017 0.540536
vt 0.976708 0.534448
vt 0.935620 0.483815
vt 0.705793 0.592138
vt 0.702187 0.616349
vt 0.668655 0.613687
vt 0.968161 0.514886
vt 0.958025 0.509539
vt 0.978055 0.511932
vt 1.125638 0.118618
vt 1.100535 0.133020
vt 1.108996 0.136375
vt 0.978806 0.489361
vt 0.969330 0.479768
vt 0.955281 0.477671
vt 1.006181 0.538229
vt 1.001952 0.532908
vt 0.983214 0.559247
vt 0.888701 0.809426
vt 0.921398 0.813573
vt 0.927742 0.769513
vt 0.935737 0.715732
vt 0.933457 0.736569
vt 0.944997 0.738408
vt 0.949053 0.818766
vt 0.415025 0.707437
vt 0.420260 0.718769
vt 0.428314 0.716212
vt 0.484576 0.693372
vt 0.485418 0.702938
vt 0.496324 0.699970
vt 0.947331 0.717087
vt 0.896273 0.699563
vt 0.894607 0.707925
vt 0.908425 0.711042
vt 0.875961 0.763429
vt 0.864133 0.805306
vt 0.945874 0.790858
vt 0.945491 0.762210
vt 0.926092 0.759360
vt 0.421193 0.742664
vt 0.431983 0.738537
vt 0.903593 0.731851
vt 0.887955 0.727976
vt 0.902314 0.754719
vt 0.883549 0.751032
vt 0.961351 0.823820
vt 0.913829 0.672243
vt 0.893342 0.669135
vt 0.408490 0.674946
vt 0.973505 0.678191
vt 0.942851 0.676619
vt 0.492768 0.657779
vt 0.487466 0.659151
vt 0.930642 0.607441
vt 0.947288 0.610263
vt 0.951183 0.583677
vt 0.408480 0.599966
vt 0.405763 0.569871
vt 0.400905 0.570245
vt 0.452851 0.591037
vt 0.458749 0.589528
vt 0.447057 0.561342
vt 0.971871 0.613474
vt 0.970044 0.584651
vt 0.918992 0.605894
vt 0.927803 0.579999
vt 0.967836 0.576424
vt 0.400106 0.632376
vt 0.406199 0.631914
vt 0.921804 0.634877
vt 0.945973 0.638546
vt 0.470813 0.619835
vt 0.477169 0.617684
vt 0.970518 0.640825
vt 0.403396 0.557948
vt 0.398826 0.564443
vt 0.733902 0.276089
vt 0.205199 0.806826
vt 0.205199 0.766347
vt 0.361484 0.735450
vt 0.403134 0.729970
vt 0.357081 0.702404
vt 0.401614 0.673848
vt 0.407764 0.674892
vt 0.808848 0.935983
vt 0.815122 0.868767
vt 0.808160 0.903861
vt 0.461729 0.163543
vt 0.456181 0.266720
vt 0.747786 0.728169
vt 0.717670 0.811546
vt -0.267247 0.250222
vt -0.268340 0.249403
vt -0.274466 0.247695
vt -0.288093 0.247539
vt -0.267551 0.249188
vt 0.281422 0.940336
vt 0.294533 0.932767
vt -0.271259 0.250097
vt 0.268310 0.932767
vt 0.281422 0.910058
vt 0.268310 0.917627
vt 0.294533 0.917627
vt 0.347399 0.774869
vt 0.382672 0.774457
vt 0.330799 0.757678
vt 0.379553 0.708601
vt 0.341877 0.683445
vt 0.318962 0.439809
vt 0.338278 0.728492
vt 0.358987 0.734672
vt 0.294010 0.729976
vt 0.818242 0.670921
vt 0.798403 0.566885
vt 0.821134 0.588181
vt 0.821814 0.539368
vt 0.749756 0.582091
vt 0.752545 0.482853
vt 0.807358 0.490680
vt 0.263678 0.425674
vt 0.297088 0.425674
vt 0.319353 0.415336
vt 0.222780 0.129097
vt 0.224553 0.216603
vt 0.263678 0.415827
vt 0.809824 0.490960
vt 0.799471 0.439478
vt 0.751500 0.438875
vt 0.727200 0.454576
vt 0.719135 0.349972
vt 0.719138 0.811546
vt 0.694871 0.811546
vt 0.317855 0.351202
vt 0.402967 0.351202
vt 0.402967 0.387698
vt 0.317855 0.336523
vt 0.402967 0.336523
vt 0.360420 0.336523
vt 0.402967 0.402376
vt 0.360420 0.402376
vt 0.317855 0.387698
vt 0.317855 0.402376
vt 0.360420 0.387698
vt 0.803393 0.156560
vt 0.744991 0.153676
vt 0.837250 0.133858
vt 0.724674 0.139648
vt 0.131727 0.128856
vt 0.210442 0.128856
vt 0.198915 0.148535
vt 0.171085 0.156686
vt 0.143255 0.148535
vt 0.171085 0.168214
vt 0.143255 0.156686
vt 0.198915 0.156686
vt 0.250015 0.242835
vt 0.249472 0.339005
vt 0.218128 0.339005
vt 0.187159 0.242835
vt 0.186616 0.339005
vt 0.156145 0.339005
vt 0.192021 0.200852
vt 0.154493 0.200852
vt 0.129235 0.242835
vt 0.127722 0.339005
vt 0.102287 0.339005
vt 0.186525 0.235523
vt 0.186404 0.242835
vt 0.184797 0.339005
vt 0.216010 0.339005
vt 0.159989 0.235523
vt 0.158931 0.242835
vt 0.156864 0.339005
vt 0.155289 0.242704
vt 0.165814 0.242704
vt 0.180700 0.242704
vt 0.191225 0.242704
vt 0.754842 0.016164
vt 0.838908 0.342854
vt 0.832778 0.476049
vt 0.927140 0.168133
vt 0.927140 0.103158
vt 0.965403 0.110702
vt 0.927140 0.416928
vt 0.927140 0.376688
vt 0.964943 0.377818
vt 0.927140 0.324940
vt 0.965403 0.327843
vt 0.927140 0.273400
vt 0.965403 0.276623
vt 0.927140 0.221528
vt 0.965403 0.224689
vt 0.965403 0.172336
vt 0.898215 0.218218
vt 0.898215 0.270005
vt 0.898215 0.321717
vt 0.898215 0.373379
vt 0.898215 0.419294
vt 0.898215 0.166462
vt 0.927140 0.077930
vt 0.898215 0.096037
vt 0.189318 0.876536
vt 0.189876 0.832542
vt 0.789637 0.642378
vt 0.753334 0.611309
vt 0.791226 0.644072
vt 0.145164 0.780066
vt 0.145164 0.749568
vt 0.145164 0.880298
vt 0.157580 0.877424
vt 0.160291 0.847526
vt 0.178218 0.802561
vt 0.748508 0.705116
vt 0.776744 0.728991
vt 0.748508 0.728238
vt 0.789028 0.838869
vt 0.794953 0.780578
vt 0.818048 0.847403
vt -0.250651 0.177437
vt -0.251989 0.167412
vt 0.776861 0.698710
vt 0.777314 0.789418
vt 0.222150 0.148770
vt 0.222780 0.152350
vt 0.820021 0.767820
vt 0.776265 0.727412
vt 0.770051 0.235850
vt 0.801674 0.439629
vt 0.749253 0.728169
vt 0.739364 0.774141
vt 0.174053 0.749225
vt 0.159630 0.794934
vt 0.183496 0.769435
vt 0.221456 0.144829
vt 0.811538 0.713342
vt 0.818178 0.765394
vt 0.748508 0.624505
vt 0.704679 0.618878
vt 0.872700 0.840950
vt 0.846132 0.853501
vt 0.894363 0.859910
vt 0.867357 0.891127
vt 0.919660 0.886715
vt 0.882703 0.923736
vt 0.929933 0.893777
vt 0.889939 0.935066
vt 0.884715 0.828685
vt 0.905662 0.839840
vt 0.926812 0.848837
vt 0.931697 0.851068
vt 0.865372 0.834452
vt 0.942296 0.687724
vt 0.946413 0.670064
vt 0.968305 0.672582
vt 0.916492 0.664410
vt 0.945845 0.669410
vt 0.943537 0.686198
vt 0.655672 0.028679
vt 0.893707 0.679168
vt 0.888785 0.660531
vt 0.912279 0.664091
vt 0.912022 0.682468
vt 0.926005 0.770203
vt 0.922406 0.810796
vt 0.888045 0.806439
vt 0.939871 0.700449
vt 0.953548 0.701954
vt 0.950943 0.716533
vt 0.950783 0.774052
vt 0.951470 0.816254
vt 0.958827 0.688861
vt 0.907706 0.694805
vt 0.873139 0.759489
vt 0.896459 0.774598
vt 0.929920 0.739832
vt 0.951492 0.743002
vt 0.938110 0.714488
vt 0.891455 0.690911
vt 0.904900 0.709242
vt 0.887510 0.704931
vt 0.903477 0.734671
vt 0.880124 0.743708
vt 0.956899 0.824165
vt 0.862226 0.802109
vt 0.915397 0.640399
vt 0.920853 0.639998
vt 0.950993 0.645831
vt 0.949598 0.645546
vt 0.972967 0.649123
vt 0.452988 0.628872
vt 0.486825 0.646318
vt 0.455612 0.650480
vt 0.048915 0.735450
vt 0.053318 0.702404
vt 0.007265 0.729970
vt 0.810315 0.935983
vt 0.809627 0.903861
vt 0.816589 0.868767
vt -0.215614 0.328758
vt 0.115866 0.932767
vt 0.128977 0.940336
vt 0.142089 0.932767
vt 0.142089 0.917627
vt 0.128977 0.910058
vt 0.115866 0.917627
vt 0.079600 0.757678
vt 0.027727 0.774457
vt 0.063000 0.774869
vt 0.068522 0.683445
vt 0.030846 0.708601
vt 0.752352 0.624622
vt 0.704224 0.618185
vt 0.713668 0.616909
vt 0.072121 0.728492
vt 0.051412 0.734672
vt 0.116389 0.729976
vt 0.818159 0.671848
vt 0.829688 0.539368
vt 0.822369 0.574909
vt 0.794283 0.547033
vt 0.749756 0.612033
vt 0.787605 0.589812
vt 0.712865 0.573148
vt 0.781923 0.629343
vt 0.811056 0.605210
vt 0.324328 0.439809
vt 0.724972 0.466492
vt 0.488079 0.351202
vt 0.488079 0.336523
vt 0.445513 0.336523
vt 0.445513 0.402376
vt 0.488079 0.402376
vt 0.488079 0.387698
vt 0.445513 0.387698
vt 0.837252 0.133857
vt 0.131185 0.127038
vt 0.209900 0.127038
vt 0.198373 0.146717
vt 0.142713 0.146717
vt 0.170543 0.154868
vt 0.142713 0.154868
vt 0.170543 0.166396
vt 0.198373 0.154868
vt 0.219287 0.242835
vt 0.218642 0.339005
vt 0.187130 0.339005
vt 0.215857 0.242835
vt 0.215445 0.339005
vt 0.248908 0.339005
vt 0.154810 0.199169
vt 0.192338 0.199169
vt 0.157685 0.242835
vt 0.156300 0.339005
vt 0.184232 0.339005
vt 0.160306 0.233840
vt 0.186842 0.233840
vt 0.158324 0.242835
vt 0.156659 0.339005
vt 0.128236 0.339005
vt 0.188293 0.242835
vt 0.248769 0.242835
vt 0.185158 0.242835
vt 0.130369 0.242835
vt 0.102802 0.339005
vt 0.156609 0.177116
vt 0.166131 0.241021
vt 0.155605 0.241021
vt 0.181016 0.241021
vt 0.191542 0.241021
vt 0.966451 0.109970
vt 0.928188 0.102977
vt 0.928188 0.167945
vt 0.965902 0.377259
vt 0.928188 0.376559
vt 0.928188 0.416903
vt 0.966451 0.327150
vt 0.928188 0.324765
vt 0.966451 0.275863
vt 0.928188 0.273203
vt 0.966451 0.223922
vt 0.928188 0.221332
vt 0.966451 0.171604
vt 0.899263 0.166817
vt 0.899263 0.218594
vt 0.899263 0.270375
vt 0.899263 0.322058
vt 0.899263 0.373699
vt 0.899263 0.419607
vt 0.899263 0.096353
vt 0.928188 0.077698
vt 0.098207 0.566863
vt 0.098207 0.543845
vt 0.340196 0.543845
vt 0.340196 0.565336
vt 0.081061 0.518894
vt 0.057996 0.538831
vt 0.053291 0.535209
vt 0.340196 0.542463
vt 0.340196 0.514101
vt 0.098207 0.514101
vt 0.098207 0.542463
vt 0.012486 0.567568
vt 0.039245 0.552183
vt 0.045050 0.557878
vt 0.340196 0.485689
vt 0.340196 0.515806
vt 0.098207 0.515806
vt 0.063925 0.587125
vt 0.033887 0.586381
vt 0.098207 0.485689
vt 0.088270 0.456213
vt 0.077001 0.483419
vt 0.024273 0.483174
vt 0.051479 0.494443
vt 0.078686 0.483174
vt 0.022588 0.483419
vt 0.078686 0.428761
vt 0.089955 0.455967
vt 0.077001 0.429007
vt 0.024273 0.428761
vt 0.013004 0.455967
vt 0.051479 0.417492
vt 0.049795 0.417737
vt 0.022588 0.429007
vt 0.011319 0.456213
vt 0.049795 0.494689
vt 0.091133 0.455609
vt 0.079864 0.482815
vt 0.025451 0.482815
vt 0.014182 0.455609
vt 0.079864 0.428403
vt 0.052657 0.417134
vt 0.025451 0.428403
vt 0.052657 0.494085
vt 0.043219 0.756156
vt 0.040306 0.747613
vt 0.052985 0.747613
vt 0.057788 0.759369
vt 0.050743 0.760512
vt 0.053415 0.557354
vt 0.060256 0.552511
vt 0.007752 0.544772
vt 0.013671 0.524854
vt 0.039610 0.540039
vt 0.091686 0.539610
vt 0.086838 0.567689
vt 0.035678 0.507106
vt 0.063950 0.507106
vt 0.061199 0.544433
vt 0.045851 0.535924
vt 0.038221 0.545811
vt 0.043219 0.739071
vt 0.050743 0.734715
vt 0.057788 0.735858
vt 0.063200 0.739536
vt 0.065471 0.747613
vt 0.063200 0.755691
vt 0.896397 0.774851
vt 0.599774 0.883448
vt 0.561297 0.854960
vt 0.582870 0.921745
vt 0.616042 0.820824
vt 0.678225 0.861730
vt 0.614803 0.685013
vt 0.633951 0.665259
vt 0.646018 0.613967
vt 0.640268 0.786305
vt 0.593797 0.806894
vt 0.597587 0.730558
vt 0.568600 0.761657
vt 0.643245 0.906679
vt 0.678225 0.894221
vt 0.531662 0.421193
vt 0.550643 0.419930
vt 0.555430 0.343234
vt 0.668889 0.351962
vt 0.634903 0.336648
vt 0.634375 0.391180
vt 0.585851 0.227519
vt 0.563660 0.300331
vt 0.598594 0.290127
vt 0.619876 0.288566
vt 0.637173 0.225287
vt 0.625473 0.183991
vt 0.624897 0.226022
vt 0.579947 0.229234
vt 0.584206 0.181269
vt 0.554134 0.187309
vt 0.653993 0.277501
vt 0.635282 0.444310
vt 0.590704 0.401767
vt 0.587334 0.458643
vt 0.660780 0.457389
vt 0.668954 0.408908
vt 0.678969 0.484350
vt 0.663029 0.469399
vt 0.640490 0.487849
vt 0.169750 0.472554
vt 0.205123 0.439809
vt 0.527708 0.847873
vt 0.554713 0.849633
vt 0.543531 0.836136
vt 0.460419 0.913259
vt 0.498288 0.950814
vt 0.513817 0.904756
vt 0.488955 0.882214
vt 0.548893 0.877028
vt 0.507255 0.872475
vt 0.505794 0.849918
vt 0.475602 0.858692
vt 0.511708 0.842833
vt 0.519261 0.829598
vt 0.515433 0.832208
vt 0.441009 0.856961
vt 0.439010 0.554933
vt 0.442428 0.522070
vt 0.418199 0.531674
vt 0.449716 0.546913
vt 0.459754 0.696221
vt 0.459705 0.681441
vt 0.438027 0.686106
vt 0.441217 0.701279
vt 0.413539 0.693072
vt 0.486425 0.677958
vt 0.415183 0.552311
vt 0.398208 0.530200
vt 0.418535 0.515586
vt 0.396596 0.514140
vt 0.398629 0.563832
vt 0.403730 0.556972
vt 0.381295 0.539880
vt 0.422353 0.458923
vt 0.427648 0.456365
vt 0.405527 0.450647
vt 0.386290 0.523060
vt 0.357116 0.512710
vt 0.354317 0.519453
vt 0.382711 0.521604
vt 0.387791 0.516669
vt 0.392142 0.485298
vt 0.384591 0.491676
vt 0.382194 0.489863
vt 0.384932 0.514731
vt 0.411074 0.481401
vt 0.387689 0.456455
vt 0.390079 0.453748
vt 0.380113 0.464899
vt 0.434769 0.480896
vt 0.441109 0.479491
vt 0.382298 0.466552
vt 0.447358 0.524393
vt 0.404868 0.453368
vt 0.466186 0.706799
vt 0.422706 0.705318
vt 0.428041 0.715303
vt 0.444893 0.711449
vt 0.426987 0.798805
vt 0.431300 0.828173
vt 0.441305 0.820272
vt 0.439821 0.796121
vt 0.461024 0.813811
vt 0.501095 0.809680
vt 0.493148 0.779884
vt 0.518992 0.805161
vt 0.513171 0.775985
vt 0.528663 0.800905
vt 0.490564 0.725229
vt 0.500079 0.721637
vt 0.474127 0.728787
vt 0.448998 0.734797
vt 0.450476 0.759869
vt 0.484005 0.750581
vt 0.431862 0.738836
vt 0.436926 0.764936
vt 0.425575 0.767985
vt 0.609248 0.577293
vt 0.630515 0.553988
vt 0.496567 0.749736
vt 0.522741 0.772259
vt 0.507851 0.746163
vt 0.456320 0.666457
vt 0.436190 0.669420
vt 0.425537 0.596724
vt 0.416352 0.567532
vt 0.405135 0.570191
vt 0.438548 0.593768
vt 0.429428 0.562449
vt 0.448869 0.624290
vt 0.469577 0.619359
vt 0.432912 0.628749
vt 0.408676 0.599661
vt 0.656926 0.191525
vt 0.638761 0.906679
vt 0.619797 0.906679
vt 0.595291 0.883448
vt 0.592426 0.714092
vt 0.618598 0.740454
vt 0.406348 0.632091
vt 0.678225 0.820170
vt 0.678225 0.752763
vt 0.647339 0.744871
vt 0.456884 0.910500
vt 0.440113 0.852568
vt 0.485420 0.879455
vt 0.592865 0.909282
vt 0.624280 0.906679
vt 0.591919 0.647269
vt 0.589918 0.699250
vt 0.228166 0.459608
vt 0.420813 0.743732
vt 0.564878 0.591328
vt 0.585018 0.501287
vt 0.228166 0.425674
vt 0.205123 0.425674
vt 0.228166 0.415827
vt 0.205123 0.415827
vt 0.194362 0.406656
vt 0.174978 0.369568
vt 0.557960 0.525512
vt 0.556385 0.475740
vt 0.537258 0.476623
vt 0.586751 0.342137
vt 0.534378 0.342854
vt 0.573993 0.114675
vt 0.549807 0.134171
vt 0.580495 0.049359
vt 0.563624 0.083606
vt 0.614420 0.113662
vt 0.609143 0.049432
vt 0.663268 0.139987
vt 0.639073 0.084118
vt 0.577908 0.015739
vt 0.632840 0.015538
vt 0.678225 0.625270
vt 0.148629 0.474160
vt 0.647453 0.488836
vt 0.580579 0.500657
vt 0.630843 0.443681
vt 0.545666 0.523769
vt 0.559152 0.577952
vt 0.678225 0.665259
vt 0.550185 0.909702
vt 0.557447 0.947771
vt 0.578387 0.921745
vt 0.556814 0.854960
vt 0.611559 0.820824
vt 0.610319 0.685013
vt 0.602423 0.645671
vt 0.649016 0.615720
vt 0.635785 0.786305
vt 0.589314 0.806894
vt 0.564116 0.761657
vt 0.593103 0.730558
vt 0.550991 0.342605
vt 0.546204 0.419300
vt 0.526890 0.420516
vt 0.664451 0.351333
vt 0.664515 0.408278
vt 0.629936 0.390551
vt 0.581412 0.226890
vt 0.594155 0.289498
vt 0.563927 0.301593
vt 0.615438 0.287937
vt 0.630464 0.336019
vt 0.632734 0.224658
vt 0.620457 0.225392
vt 0.621033 0.183362
vt 0.575508 0.228604
vt 0.549695 0.186680
vt 0.579767 0.180639
vt 0.649554 0.276871
vt 0.582894 0.458014
vt 0.586265 0.401138
vt 0.658591 0.468769
vt 0.595333 0.617545
vt 0.523196 0.846415
vt 0.521906 0.832842
vt 0.535578 0.839159
vt 0.509568 0.903323
vt 0.503007 0.871043
vt 0.544508 0.876092
vt 0.474706 0.854299
vt 0.502260 0.847159
vt 0.508173 0.840074
vt 0.514091 0.832273
vt 0.550230 0.849633
vt 0.434855 0.677085
vt 0.430401 0.655797
vt 0.455935 0.650247
vt 0.410838 0.662198
vt 0.487509 0.646566
vt 0.484023 0.667611
vt 0.463611 0.669428
vt 0.480767 0.681915
vt 0.415843 0.681622
vt 0.439666 0.691420
vt 0.418034 0.779344
vt 0.430435 0.774554
vt 0.438427 0.814422
vt 0.405804 0.683842
vt 0.426839 0.694622
vt 0.449349 0.768298
vt 0.459150 0.807632
vt 0.492875 0.665489
vt 0.490547 0.757495
vt 0.501262 0.803291
vt 0.512019 0.753314
vt 0.520070 0.798541
vt 0.520843 0.750879
vt 0.525997 0.802117
vt 0.464744 0.685876
vt 0.430564 0.710693
vt 0.422979 0.712223
vt 0.492610 0.695861
vt 0.484474 0.697879
vt 0.470552 0.700947
vt 0.481537 0.725183
vt 0.444251 0.735512
vt 0.442607 0.707631
vt 0.429183 0.741146
vt 0.417992 0.742339
vt 0.638594 0.533669
vt 0.586235 0.559533
vt 0.499761 0.723376
vt 0.427486 0.632459
vt 0.410802 0.633422
vt 0.652486 0.190896
vt 0.607123 0.545888
vt 0.628471 0.568792
vt 0.610924 0.533762
vt 0.614114 0.740454
vt 0.678225 0.789462
vt 0.642855 0.744871
vt 0.588381 0.909282
vt 0.508333 0.719183
vt 0.629468 0.665259
vt 0.585435 0.699250
vt 0.587435 0.655460
vt 0.579457 0.639179
vt 0.570554 0.608491
vt 0.637364 0.600084
vt 0.586554 0.586925
vt 0.110819 0.396713
vt 0.125345 0.370950
vt 0.151252 0.351223
vt 0.532211 0.475907
vt 0.551947 0.475110
vt 0.656341 0.456760
vt 0.582311 0.341508
vt 0.529530 0.342166
vt 0.545368 0.133542
vt 0.569554 0.114046
vt 0.559185 0.082977
vt 0.609980 0.113033
vt 0.576056 0.048729
vt 0.604704 0.048802
vt 0.658829 0.139357
vt 0.634634 0.083489
vt 0.573469 0.015110
vt 0.628401 0.014909
vt 0.116927 0.464980
vt 0.545801 0.908765
vt 0.553062 0.946835
vt 0.494040 0.949382
vt 0.110800 0.449468
vt 0.106767 0.421271
vt 0.631808 0.565239
vt 0.606907 0.638211
vt 0.487722 0.620614
vt 0.891255 0.636741
vt 0.712198 0.482095
vt 0.712760 0.485530
vt 0.713478 0.573297
vt 0.710462 0.482062
vt 0.709768 0.478121
vt 0.711092 0.485642
vt 0.225356 0.260364
vt 0.215913 0.237761
vt 0.225166 0.240005
vt 0.244553 0.275489
vt 0.244943 0.251015
vt 0.224553 0.239856
vt 0.225356 0.283617
vt 0.215913 0.284893
vt 0.199683 0.244974
vt 0.208939 0.240361
vt 0.209015 0.285152
vt 0.224448 0.128984
vt 0.225166 0.216752
vt 0.451258 0.629214
vt 0.049353 0.061778
vt 0.049332 0.061733
vt 0.049333 0.061757
vt 0.049355 0.061732
vt 0.049338 0.061650
vt 0.049315 0.061498
vt 0.049317 0.061416
vt 0.049320 0.061344
vt 0.049326 0.061238
vt 0.049322 0.061855
vt 0.049359 0.061896
vt 0.049385 0.061960
vt 0.049406 0.062063
vt 0.049458 0.062045
vt 0.049462 0.062079
vt 0.045119 0.872961
vt 0.045041 0.873030
vt 0.045083 0.872937
vt 0.045032 0.872931
vt 0.045141 0.872842
vt 0.045030 0.872848
vt 0.045139 0.872677
vt 0.045046 0.872672
vt 0.045144 0.872587
vt 0.045034 0.872576
vt 0.045157 0.872499
vt 0.045138 0.872502
vt 0.045048 0.872477
vt 0.045178 0.872416
vt 0.045130 0.872385
vt 0.045208 0.872344
vt 0.045130 0.872287
vt 0.045251 0.872286
vt 0.045216 0.872232
vt 0.045280 0.872230
vt 0.045278 0.872139
vt 0.045359 0.872214
vt 0.045389 0.872138
vt 0.045458 0.872193
vt 0.045493 0.872128
vt 0.045485 0.872266
vt 0.045577 0.872221
vt 0.045572 0.872300
vt 0.045512 0.872383
vt 0.045585 0.872380
vt 0.045513 0.872470
vt 0.045585 0.872477
vt 0.045501 0.872580
vt 0.045573 0.872592
vt 0.045491 0.872665
vt 0.045563 0.872677
vt 0.045485 0.872760
vt 0.045557 0.872770
vt 0.045481 0.872859
vt 0.045553 0.872869
vt 0.045479 0.872962
vt 0.045551 0.872971
vt 0.045477 0.873065
vt 0.045580 0.873067
vt 0.045475 0.873166
vt 0.045578 0.873169
vt 0.045472 0.873262
vt 0.045574 0.873268
vt 0.045466 0.873351
vt 0.045568 0.873361
vt 0.045443 0.873497
vt 0.045472 0.873511
vt 0.045454 0.873564
vt 0.045405 0.873578
vt 0.045348 0.873651
vt 0.045346 0.873645
vt 0.045374 0.873672
vt 0.045373 0.873760
vt 0.045278 0.873800
vt 0.045262 0.873868
vt 0.045363 0.873886
vt 0.045249 0.873986
vt 0.045281 0.873989
vt 0.045350 0.873997
vt 0.045344 0.874052
vt 0.045235 0.874072
vt 0.045307 0.874158
vt 0.045239 0.874189
vt 0.045105 0.874173
vt 0.045133 0.874272
vt -0.193565 0.177437
vt 0.817866 0.766007
vt 0.751886 0.624045
vt 0.924177 0.531200
vt 0.446432 0.506906
vt 0.672380 0.586493
vt 1.129668 0.119587
vt 0.402414 0.674288
vt 0.403463 0.600830
vt 0.904566 0.632260
vt 0.809192 0.956139
vt 0.460131 0.272940
vt -0.274705 0.248896
vt 0.751572 0.483513
vt 0.218152 0.242835
vt 0.157189 0.242835
vt 0.104219 0.242835
vt 0.217103 0.242835
vt 0.957352 0.420874
vt 0.844544 0.844147
vt 0.911486 0.692680
vt 0.809847 0.956595
vt 0.802222 0.635659
vt 0.105353 0.242835
vt 0.958403 0.418327
vt 0.340196 0.566863
vt 0.098207 0.565336
vt 0.205123 0.459608
vt 0.441890 0.505427
vt 0.377838 0.547250
vt 0.454734 0.789958
vt 0.496537 0.700114
vt 0.408310 0.674793
vt 0.427914 0.822725
vt 0.419287 0.696216
vt 0.711349 0.476911
vt 0.200156 0.285397
vn 0.965200 -0.004900 0.261500
vn 0.965400 0.000200 0.260600
vn -0.201900 -0.077300 0.976300
vn -0.283100 -0.077500 0.956000
vn -0.248300 -0.146600 0.957500
vn -0.244500 -0.067300 0.967300
vn 0.057200 -0.178100 0.982300
vn 0.970700 -0.037900 0.237100
vn -0.169100 -0.680800 0.712600
vn -0.003300 1.000000 -0.002100
vn 0.604800 -0.781800 0.151600
vn -0.089700 -0.749900 0.655500
vn -0.245400 0.144000 0.958700
vn 0.850400 -0.479800 0.216000
vn 0.965300 0.025900 0.259900
vn 0.939300 0.074000 0.335100
vn -0.195100 0.581500 0.789800
vn -0.156000 -0.690200 0.706600
vn 0.210000 -0.171600 -0.962500
vn 0.221600 -0.387100 -0.895000
vn 0.236100 0.018700 -0.971500
vn 0.007700 1.000000 -0.005200
vn -0.239200 -0.220700 0.945600
vn -0.245600 0.007600 0.969300
vn 0.493300 -0.860800 0.125400
vn 0.970700 -0.000000 0.240400
vn 0.503300 0.856500 0.114500
vn -0.830600 -0.500700 -0.244000
vn -0.002700 -0.999900 0.010500
vn 0.828200 -0.499400 0.254200
vn 0.831000 0.499600 0.244800
vn 0.000500 1.000000 -0.007300
vn -0.827800 0.500400 -0.253700
vn -0.969700 0.006700 -0.244100
vn -0.972000 0.014100 -0.234500
vn 0.774700 0.008300 0.632200
vn 0.180000 0.641900 -0.745400
vn -0.166700 -0.008800 0.986000
vn 0.877900 -0.038000 0.477300
vn 0.845700 -0.380100 0.374600
vn 1.000000 0.007100 -0.000500
vn -0.061000 0.280400 0.958000
vn 0.120600 0.225300 -0.966800
vn -0.991700 0.000400 0.128500
vn 0.060800 0.280600 0.957900
vn 0.000000 -1.000000 0.002600
vn 0.912600 0.371100 0.171600
vn -0.912600 0.370800 0.172400
vn 0.912500 0.383900 -0.141500
vn -0.912500 0.384200 -0.140900
vn -0.122400 0.003400 0.992500
vn -0.994400 -0.000400 -0.105200
vn -0.835400 -0.548700 -0.031100
vn 0.920400 0.151400 -0.360500
vn 0.938200 0.130600 0.320400
vn 0.932800 0.360300 -0.000900
vn -0.122400 -0.003400 -0.992500
vn -0.000000 -0.998400 -0.056500
vn 0.891600 0.438900 -0.111700
vn -0.061900 0.270900 -0.960600
vn 0.838700 -0.543800 -0.030800
vn 0.973600 -0.228000 -0.012900
vn -0.840600 0.541700 -0.001100
vn -0.843100 0.537700 -0.001000
vn -0.919100 0.148900 0.364800
vn -0.920300 0.151400 -0.360700
vn -0.963600 -0.267100 -0.015100
vn 0.000000 0.998500 0.054900
vn -0.001200 0.998500 0.055400
vn -0.001700 0.998400 0.056500
vn -0.001200 0.998300 0.057700
vn 0.000000 0.998300 0.058200
vn 0.001200 0.998300 0.057700
vn 0.001700 0.998400 0.056500
vn 0.001200 0.998500 0.055400
vn -0.036800 0.902300 0.429500
vn 0.036800 0.902300 0.429500
vn 0.991700 0.000400 0.128500
vn 0.139900 -0.002600 -0.990200
vn 0.139900 0.003200 0.990200
vn 0.422400 0.906400 -0.002400
vn -0.880100 0.474700 -0.001200
vn -0.037900 0.870300 -0.491100
vn 0.994400 -0.000300 -0.105200
vn 0.037900 0.870300 -0.491100
vn -0.818400 0.277400 -0.503300
vn 0.834200 -0.258200 0.487300
vn 0.908000 -0.209200 0.362900
vn -0.279500 -0.080800 0.956700
vn -0.204400 -0.075200 0.976000
vn -0.235500 -0.142500 0.961400
vn -0.230500 -0.068400 0.970700
vn -0.463300 -0.160500 0.871600
vn -0.970100 -0.034900 -0.240000
vn -0.184500 -0.675800 0.713700
vn 0.000900 1.000000 -0.003600
vn -0.611300 -0.777500 -0.147900
vn -0.129000 -0.847200 0.515400
vn -0.241700 0.143600 0.959700
vn -0.852500 -0.480600 -0.205600
vn -0.975100 0.027900 -0.219900
vn -0.970200 -0.004200 -0.242100
vn -0.189300 0.590700 0.784400
vn -0.943100 0.212800 -0.255400
vn -0.167800 -0.785400 0.595800
vn 0.971900 0.000900 0.235400
vn 0.251300 -0.001300 -0.967900
vn 0.121500 -0.862900 -0.490600
vn 0.122800 -0.867500 -0.482000
vn -0.000400 0.999900 -0.013000
vn -0.231000 -0.219900 0.947800
vn -0.237300 0.004000 0.971400
vn -0.484200 -0.867300 -0.115700
vn -0.971400 0.005500 -0.237200
vn -0.487100 0.863900 -0.128000
vn 0.848200 -0.500500 0.173300
vn -0.003000 -0.999900 0.013700
vn -0.851300 -0.499700 -0.159800
vn -0.848200 0.500500 -0.173400
vn 0.003200 0.999900 -0.013400
vn 0.851300 0.499700 0.160200
vn 0.971800 -0.002700 0.235900
vn 0.971800 -0.002900 0.235900
vn -0.957300 -0.067600 0.281200
vn -0.286100 -0.020000 0.958000
vn -0.990200 -0.093000 0.103700
vn -0.954500 -0.296900 -0.027500
vn 0.381500 0.008200 0.924300
vn -0.380900 0.004900 -0.924600
vn 0.991700 0.001100 0.128500
vn -0.057000 0.295300 0.953700
vn 0.000000 -1.000000 0.003100
vn -0.912000 0.342900 0.225000
vn -0.911500 0.402100 -0.086500
vn 0.911500 0.402500 -0.084800
vn 0.122400 0.008100 0.992400
vn 0.994400 -0.000800 -0.105200
vn 0.835400 -0.531800 -0.138900
vn -0.922600 0.156400 -0.352600
vn -0.935400 0.124200 0.331100
vn -0.934700 0.355400 -0.001100
vn 0.122400 -0.007300 -0.992500
vn 0.000000 -0.967600 -0.252700
vn -0.845400 0.495400 -0.200000
vn 0.062300 0.268400 -0.961300
vn -0.838700 -0.527000 -0.137600
vn 0.837000 0.547200 0.000500
vn 0.518300 0.785200 0.338900
vn 0.917000 0.139800 0.373700
vn 0.922300 0.157200 -0.353000
vn 0.963600 -0.258800 -0.067600
vn 0.000000 0.968000 0.251000
vn 0.001200 0.967900 0.251500
vn 0.001700 0.967600 0.252700
vn 0.001200 0.967300 0.253800
vn 0.000000 0.967100 0.254300
vn -0.001200 0.967300 0.253800
vn -0.001700 0.967600 0.252700
vn -0.001200 0.967900 0.251500
vn 0.036700 0.903300 0.427300
vn -0.023800 0.901700 0.431700
vn -0.991700 0.000600 0.128500
vn -0.139900 -0.003100 -0.990200
vn -0.139900 0.004300 0.990200
vn -0.422400 0.906400 -0.002800
vn 0.880200 0.474600 -0.001500
vn 0.879400 0.476100 0.000400
vn 0.032900 0.867400 -0.496500
vn -0.994400 -0.000300 -0.105200
vn -0.038100 0.868400 -0.494400
vn 0.952500 0.298900 -0.059100
vn -0.939900 -0.331100 0.083400
vn -0.980100 -0.192700 -0.047800
vn 0.115400 -0.799400 0.589700
vn -0.803300 -0.452000 -0.387800
vn -0.115400 0.799400 -0.589700
vn -0.587000 0.399300 0.704200
vn -0.978700 0.010100 0.204900
vn 0.140800 0.599700 0.787700
vn -0.099000 -0.778300 0.620100
vn -0.711300 0.627800 -0.316200
vn -0.270900 0.514700 0.813400
vn -0.529700 -0.590400 -0.608900
vn -0.122500 0.747300 -0.653100
vn 0.165100 -0.458500 0.873200
vn 0.978700 -0.010100 -0.204900
vn 0.144700 -0.580600 -0.801200
vn 0.497300 -0.472700 -0.727500
vn 0.024900 0.746200 -0.665200
vn -0.124700 0.756700 -0.641800
vn -0.140600 -0.601000 -0.786800
vn 0.344700 0.590600 0.729700
vn -0.129400 0.732800 -0.668000
vn 0.181800 -0.816900 0.547400
vn 0.139300 0.610400 0.779800
vn 0.716800 0.485000 0.501000
vn -0.478700 0.483500 0.732900
vn -0.047400 0.975700 -0.214000
vn 0.227200 0.019400 -0.973700
vn 0.251200 0.007500 -0.967900
vn 0.221900 -0.384900 -0.895900
vn 0.167900 0.651400 -0.739900
vn 0.211600 -0.154500 -0.965100
vn -0.114900 -0.305400 0.945300
vn -0.053500 -0.303700 0.951300
vn -0.557200 0.438600 0.705100
vn 0.147500 0.550600 0.821700
vn -0.769400 -0.446500 -0.456800
vn -0.133900 -0.644800 -0.752500
vn -0.125800 -0.845500 0.518900
vn -0.351200 -0.637100 0.686100
vn -0.226600 -0.749900 0.621600
vn 0.011200 -0.618000 0.786100
vn -0.127800 -0.840100 0.527200
vn -0.135900 -0.834300 0.534300
vn 0.140800 0.599700 0.787800
vn -0.127000 0.745100 -0.654800
vn -0.074400 0.755100 -0.651400
vn 0.144900 -0.580000 -0.801600
vn 0.497600 -0.471800 -0.727900
vn 0.341900 0.008300 -0.939700
vn -0.030000 0.769500 -0.637900
vn -0.144900 0.745300 -0.650800
vn 0.110800 -0.818400 0.563900
vn 0.108300 -0.828100 0.550000
vn 0.101100 -0.823000 0.558900
vn 0.109600 -0.823200 0.557100
vn 0.111800 -0.822300 0.558000
vn 0.155900 -0.810600 0.564400
vn 0.111900 -0.822300 0.558000
vn 0.208900 0.005500 -0.977900
vn 0.120200 0.026900 -0.992400
vn 0.051000 -0.003600 -0.998700
vn 0.253800 0.005500 -0.967200
vn -0.075000 -0.245500 0.966500
vn -0.196800 -0.269300 0.942700
vn -0.095600 -0.255500 0.962100
vn -0.138300 -0.346800 0.927700
vn 0.970600 -0.001500 0.240800
vn 0.970700 -0.000800 0.240200
vn 0.972100 0.008500 0.234200
vn 0.230100 0.010000 -0.973100
vn 0.240700 0.008800 -0.970600
vn 0.245400 0.008200 -0.969400
vn -0.287300 0.010800 0.957800
vn -0.287500 0.010400 0.957700
vn -0.192600 0.013900 0.981200
vn -0.286100 0.008600 0.958200
vn 0.232900 0.000700 -0.972500
vn 0.289300 -0.014300 -0.957100
vn 0.288500 -0.013100 -0.957400
vn -0.970300 0.000600 -0.241900
vn -0.975700 0.029900 -0.216900
vn -0.970700 -0.001100 -0.240400
vn 0.241700 0.009200 -0.970300
vn 0.246800 0.020100 -0.968900
vn -0.192400 0.013700 0.981200
vn -0.192600 0.013800 0.981200
vn 0.192000 0.033700 -0.980800
vn 0.288000 -0.012100 -0.957600
vn 0.191500 -0.015500 -0.981400
vn 0.232400 -0.041100 -0.971800
vn -0.774500 0.079600 -0.627600
vn -0.865100 0.276200 -0.418800
vn -0.778300 0.078300 -0.622900
vn -0.884600 0.174400 -0.432500
vn 0.945800 0.105000 -0.307400
vn 0.941400 0.299700 -0.154800
vn 0.979100 0.192900 -0.064300
vn 0.953200 0.100300 -0.285200
vn -0.140800 -0.599700 -0.787700
vn 0.999400 -0.022100 0.025300
vn 1.000000 0.004200 -0.001700
vn 0.998600 -0.051700 0.013100
vn -0.997500 0.070800 0.006200
vn -1.000000 0.002400 0.002400
vn -1.000000 0.007700 0.004600
vn -0.999500 0.030500 -0.010400
vn 1.000000 -0.004000 -0.000500
vn -0.140800 -0.599700 -0.787800
vn -0.999900 0.010000 0.005900
vn 1.000000 0.000000 -0.000000
vn -1.000000 0.000000 0.000000
vn 0.970500 -0.016500 0.240400
vn 0.965200 0.001100 0.261400
vn 0.970800 -0.028700 0.238300
vn -0.171200 -0.689100 0.704100
vn 0.000700 1.000000 -0.002900
vn 0.609300 -0.778300 0.151900
vn -0.238000 0.141500 0.960900
vn 0.839300 -0.502700 0.207000
vn 0.963200 0.114500 0.243200
vn -0.193900 0.581100 0.790400
vn -0.171300 -0.696400 0.696900
vn 0.248700 -0.162100 -0.954900
vn 0.227100 -0.001300 -0.973900
vn 0.006600 0.999900 -0.010000
vn -0.238800 -0.220500 0.945700
vn -0.244100 0.004100 0.969700
vn 0.482900 -0.868900 0.108800
vn 0.504700 0.855400 0.116700
vn -0.830700 -0.500200 -0.244300
vn -0.003500 -0.999900 0.009800
vn 0.827900 -0.499900 0.254300
vn 0.830600 0.500600 0.244000
vn 0.005200 1.000000 -0.007900
vn -0.766400 0.576400 -0.283600
vn -0.971700 0.001500 -0.236300
vn 0.774300 -0.012400 0.632700
vn 0.156700 0.651200 -0.742600
vn 0.878400 -0.036800 0.476500
vn 0.907900 -0.208400 0.363800
vn -0.382700 0.002500 0.923900
vn 0.382500 -0.001600 -0.923900
vn 0.382700 0.002500 0.923900
vn 0.840800 0.499900 0.207900
vn 0.842700 0.497600 -0.205600
vn -0.382500 -0.001600 -0.923900
vn -0.528500 0.784500 -0.324500
vn -0.524200 0.786500 0.326500
vn -0.979100 -0.198500 -0.043300
vn -0.027400 0.901100 0.432700
vn 0.027200 0.901100 0.432800
vn 0.506000 0.835900 -0.212700
vn -0.880300 0.474400 -0.000900
vn -0.880000 0.475000 -0.000900
vn -0.032100 0.869200 -0.493500
vn 0.250000 0.886200 -0.390000
vn 0.838100 -0.241500 0.489100
vn 0.920300 -0.106500 0.376400
vn -0.970000 -0.036500 -0.240200
vn -0.175100 -0.689100 0.703200
vn 0.005300 1.000000 -0.000000
vn -0.603300 -0.784300 -0.144300
vn -0.244300 0.142700 0.959100
vn -0.847300 -0.489300 -0.206700
vn -0.970200 -0.004100 -0.242100
vn -0.209800 0.584300 0.783900
vn -0.438300 -0.657300 0.613000
vn 0.970900 0.002000 0.239300
vn 0.244700 0.013200 -0.969500
vn 0.116600 -0.867500 -0.483500
vn 0.121900 -0.863300 -0.489800
vn -0.004000 1.000000 -0.008900
vn -0.229900 -0.220500 0.947900
vn -0.235800 0.007600 0.971800
vn -0.481400 -0.868600 -0.117400
vn -0.970700 0.001600 -0.240500
vn -0.481500 0.866500 -0.131400
vn 0.848300 -0.500300 0.173300
vn -0.002200 -0.999900 0.013500
vn -0.851500 -0.499300 -0.160100
vn -0.848700 0.499700 -0.173000
vn 0.004900 0.999900 -0.012000
vn 0.872200 0.448800 0.194500
vn 0.971500 -0.003500 0.237100
vn -0.935600 -0.199800 0.291000
vn -0.986200 -0.112400 0.121600
vn -0.898200 -0.439600 -0.002700
vn 0.061200 0.292200 0.954400
vn -0.124300 0.221700 -0.967200
vn -0.381400 0.008200 0.924400
vn -0.838600 0.500300 0.215400
vn -0.890300 0.441300 -0.112400
vn 0.381000 0.004900 -0.924600
vn 0.538000 0.782600 -0.313300
vn 0.848000 0.530100 0.000900
vn 0.979100 -0.186000 -0.081700
vn 0.027700 0.902200 0.430400
vn -0.036700 0.903300 0.427300
vn -0.505900 0.835900 -0.212900
vn 0.881200 0.472700 0.000800
vn 0.038100 0.868400 -0.494400
vn -0.255500 0.884500 -0.390400
vn -0.951500 -0.295800 0.084400
vn -0.944400 -0.324100 -0.055500
vn 0.222300 -0.387100 -0.894800
vn 0.173700 0.654000 -0.736300
vn 0.240200 -0.162100 -0.957100
vn 0.240400 0.010000 -0.970600
vn -0.192300 0.013900 0.981200
vn 0.254700 0.000300 -0.967000
vn 0.192100 -0.014300 -0.981300
vn 0.288000 -0.016500 -0.957500
vn 0.999600 -0.023400 0.013100
vn -0.999900 0.011600 0.004600
vn 0.235500 -0.300100 0.924400
vn -0.192900 -0.970100 0.147200
vn 0.338300 0.069300 0.938500
vn 0.682400 0.730700 0.017200
vn 0.721200 0.340600 -0.603200
vn 0.676000 0.581300 -0.452700
vn -0.576400 -0.123000 0.807800
vn -0.174800 0.539800 0.823400
vn -0.934300 0.288100 0.210000
vn -0.909900 -0.317300 0.267300
vn -0.071900 -0.624800 0.777500
vn -0.436100 -0.232100 0.869400
vn 0.296300 0.049500 0.953800
vn 0.107200 -0.020400 0.994000
vn 0.994000 -0.058800 -0.092000
vn 0.851800 0.036800 -0.522600
vn 0.946100 -0.306400 -0.105000
vn 0.938600 -0.338900 0.063700
vn 0.635000 -0.742400 0.213400
vn 0.933100 -0.359100 -0.017600
vn 0.135300 -0.759900 -0.635700
vn 0.115100 -0.157700 -0.980700
vn 0.947700 -0.033000 -0.317400
vn 0.794400 -0.562200 -0.229900
vn -0.153100 -0.988200 0.002600
vn 0.462200 -0.850200 -0.251900
vn 0.174100 -0.984300 -0.029100
vn 0.808600 -0.265400 0.524900
vn 0.436400 0.593700 -0.676000
vn 0.837000 0.367200 -0.405700
vn 0.875600 0.456000 0.159200
vn -0.997000 -0.075500 0.012400
vn -0.319500 -0.241200 -0.916300
vn -0.438200 -0.351200 -0.827400
vn 0.514300 -0.116900 -0.849600
vn 0.569900 -0.207500 -0.795100
vn -0.375000 -0.422400 -0.825200
vn -0.439600 0.069300 -0.895500
vn -0.533800 0.503300 -0.679500
vn -0.803600 -0.474000 0.359700
vn -0.576700 -0.242900 -0.780000
vn -0.401100 -0.546100 -0.735400
vn 0.992700 -0.109100 -0.051600
vn 0.693700 -0.710400 -0.118600
vn 0.453300 -0.387300 -0.802800
vn 0.498600 -0.101000 -0.860900
vn 0.986100 -0.116900 0.118400
vn -0.963700 0.219300 0.152400
vn -0.988800 -0.026600 -0.146900
vn -0.474200 -0.435100 -0.765300
vn 0.636900 -0.266400 -0.723400
vn 0.506900 -0.106800 -0.855300
vn 0.955700 0.146500 -0.255100
vn 0.195000 -0.526900 -0.827200
vn 0.298300 -0.672500 -0.677200
vn 0.395200 -0.701400 0.593100
vn -0.219200 -0.508500 0.832700
vn -0.238100 -0.170900 0.956100
vn -0.224200 -0.422000 0.878400
vn 0.559600 -0.026200 0.828300
vn 0.200300 -0.082100 0.976300
vn -0.141000 -0.829300 0.540600
vn 0.215300 -0.967800 -0.130200
vn 0.038300 -0.994500 -0.096900
vn 0.927000 0.092800 0.363300
vn 0.093300 0.177200 -0.979700
vn 0.340500 -0.686700 -0.642300
vn -0.457100 -0.711600 -0.533600
vn 0.072900 -0.548100 -0.833200
vn 0.423100 0.295400 -0.856600
vn 0.754800 0.004700 -0.655900
vn 0.424700 0.864200 -0.269600
vn 0.978500 0.204200 0.028200
vn 0.317300 0.818600 0.478700
vn -0.085200 -0.220300 -0.971700
vn 0.715700 0.186000 -0.673100
vn 0.625900 0.089000 0.774800
vn 0.608700 -0.114900 0.785000
vn -0.046600 0.240500 -0.969500
vn -0.703700 0.069600 -0.707100
vn 0.984900 0.144900 0.094900
vn 0.514400 0.151500 -0.844100
vn 0.978100 0.191700 -0.080200
vn 0.999000 0.025000 -0.035600
vn 0.103800 0.554600 0.825600
vn 0.140200 0.414900 0.899000
vn 0.788400 0.315700 0.527900
vn -0.553500 0.455800 0.697000
vn -0.704000 0.241600 0.667800
vn 0.259900 0.291500 -0.920600
vn 0.388700 0.283000 -0.876800
vn -0.449200 0.145500 -0.881500
vn 0.777900 0.078100 0.623500
vn 0.945400 -0.008400 0.325700
vn 0.925800 0.162900 0.341000
vn 0.876900 0.233300 -0.420100
vn 0.879000 0.298000 -0.372300
vn -0.022500 -0.696000 0.717600
vn -0.933300 -0.292300 0.208300
vn 0.450000 -0.816700 -0.361300
vn 0.732000 0.486800 0.476600
vn 0.585500 0.076200 -0.807000
vn 0.994600 -0.072700 -0.073900
vn 0.613300 -0.150100 -0.775400
vn -0.418300 -0.106100 -0.902100
vn -0.416700 0.073600 -0.906000
vn 0.921800 -0.386700 -0.026200
vn 0.750200 -0.388700 -0.534800
vn 0.712700 -0.063700 0.698500
vn 0.934600 -0.041500 0.353300
vn 0.661200 -0.373700 0.650400
vn -0.008200 -0.795000 -0.606500
vn -0.043200 -0.185300 0.981700
vn -0.002600 -0.631300 -0.775500
vn -0.230200 -0.110700 -0.966800
vn 0.700800 -0.050300 0.711500
vn 0.880100 -0.241800 0.408600
vn 0.165000 0.027500 0.985900
vn 0.355100 0.083700 0.931100
vn -0.753800 0.346300 0.558400
vn -0.032700 -0.320000 0.946800
vn 0.234600 -0.879500 0.414000
vn 0.209100 -0.970600 -0.119000
vn -0.482300 -0.587300 -0.649900
vn 0.133800 0.008400 -0.991000
vn 0.755100 0.188500 -0.627900
vn 0.743900 0.053000 -0.666200
vn 0.866400 0.280900 0.412900
vn 0.893500 0.290800 -0.342000
vn 0.803100 0.206100 0.559000
vn 0.927100 0.347500 0.140100
vn 0.261000 0.326600 0.908400
vn -0.453600 0.155000 0.877600
vn -0.447100 0.139800 -0.883400
vn -0.450700 -0.210600 -0.867500
vn 0.153400 -0.070300 -0.985600
vn 0.817600 -0.061000 -0.572500
vn -0.323700 -0.363600 -0.873500
vn -0.583400 -0.052600 -0.810400
vn 0.985700 0.113500 0.124500
vn 0.949400 0.195700 0.245400
vn 0.728000 0.322800 -0.604700
vn 0.506300 -0.039400 0.861400
vn 0.333300 0.012300 -0.942700
vn -0.303200 -0.292500 -0.906900
vn 0.225300 0.090400 -0.970100
vn -0.386200 -0.315100 -0.866900
vn 0.519800 0.139600 0.842800
vn 0.979800 -0.027100 -0.198000
vn 0.568000 -0.064800 -0.820500
vn -0.689200 -0.070700 0.721100
vn 0.202000 0.098600 0.974400
vn 0.761700 -0.020000 0.647700
vn -0.377800 -0.154500 -0.912900
vn 0.976700 -0.167500 -0.133900
vn 0.814000 -0.068700 0.576800
vn 0.865600 0.111800 0.488000
vn -0.747800 -0.085700 0.658300
vn -0.805700 0.050700 0.590100
vn 0.236200 0.210500 0.948600
vn -0.363600 -0.357000 -0.860400
vn 0.542500 -0.297300 -0.785700
vn 0.602600 -0.033900 -0.797300
vn 0.225700 -0.059800 0.972300
vn 0.096800 0.453500 0.885900
vn 0.273800 -0.120700 0.954200
vn -0.615000 -0.239800 0.751200
vn 0.966900 -0.195600 -0.163800
vn 0.815000 -0.108800 0.569100
vn -0.382400 -0.369700 -0.846800
vn 0.555500 -0.269100 -0.786700
vn -0.908700 0.223300 0.352600
vn -0.933200 -0.347900 0.090100
vn -0.243000 0.073800 0.967200
vn -0.235600 -0.282800 0.929800
vn 0.909000 0.394700 -0.133900
vn 0.948100 0.041400 0.315100
vn 0.783000 0.093200 0.614900
vn 0.784500 0.610800 0.106800
vn 0.324800 -0.532600 -0.781500
vn 0.905300 -0.071100 -0.418600
vn 0.329500 -0.044200 0.943100
vn -0.152500 0.104700 0.982700
vn 0.273500 0.659200 0.700400
vn -0.886300 0.239700 0.396100
vn -0.370500 -0.154100 0.915900
vn -0.484100 0.221800 0.846400
vn 0.090100 -0.439800 -0.893600
vn 0.159100 0.789000 -0.593400
vn -0.115600 0.150100 -0.981900
vn -0.531000 0.703100 0.473000
vn 0.450200 -0.717600 -0.531400
vn -0.507400 0.001700 -0.861700
vn -0.411800 0.576300 -0.705900
vn -0.139000 -0.842100 0.521000
vn -0.070300 -0.936600 0.343300
vn -0.385900 -0.616500 0.686300
vn -0.699200 -0.626000 0.345100
vn -0.204700 0.484200 0.850600
vn 0.228700 0.231500 0.945600
vn 0.713800 0.465100 0.523600
vn -0.842400 -0.078100 0.533100
vn 0.160200 -0.783600 0.600200
vn 0.260400 -0.695400 -0.669800
vn -0.602200 0.254000 0.756900
vn -0.071200 0.940500 0.332200
vn -0.226400 -0.475100 0.850300
vn -0.626300 -0.223500 0.746800
vn 0.184500 -0.236000 0.954000
vn -0.071500 0.799500 0.596300
vn 0.669700 0.724900 0.161100
vn -0.127200 0.947600 0.293000
vn 0.483200 -0.230900 0.844500
vn 0.389400 -0.321000 0.863300
vn 0.354000 0.218700 -0.909300
vn -0.259500 0.119700 0.958300
vn 0.353800 0.385000 0.852400
vn 0.723500 0.671900 0.158500
vn 0.753700 -0.297300 -0.586000
vn 0.940800 -0.291700 0.172500
vn 0.986100 0.164700 0.022300
vn -0.128300 0.130100 -0.983200
vn 0.223400 -0.199800 -0.954000
vn -0.628700 0.145700 -0.763900
vn 0.771000 -0.446700 -0.453900
vn 0.107700 -0.088000 -0.990300
vn 0.643800 -0.100300 -0.758600
vn -0.586200 -0.770900 -0.249200
vn -0.516800 0.024400 -0.855800
vn -0.719400 -0.059600 -0.692000
vn 0.708800 -0.216700 -0.671300
vn 0.063300 -0.569300 -0.819700
vn -0.966200 -0.254100 0.042500
vn -0.961900 -0.246600 0.118000
vn 0.316200 -0.428300 -0.846500
vn 0.226500 -0.410000 -0.883500
vn 0.628300 -0.297900 -0.718600
vn 0.000900 -0.378900 -0.925400
vn 0.005500 0.362800 -0.931900
vn 0.635900 -0.711400 -0.299200
vn -0.000100 -0.904100 -0.427300
vn 0.637500 -0.713700 0.290200
vn 0.002500 0.943400 -0.331400
vn 0.644700 0.303800 -0.701400
vn 0.640600 0.233300 0.731500
vn 0.652500 0.713700 0.254600
vn 0.583900 -0.301900 0.753600
vn 0.423100 0.281700 -0.861100
vn -0.663100 0.108500 -0.740600
vn 0.994900 0.095300 0.033700
vn -0.896100 -0.289400 0.336500
vn -0.697300 0.183600 -0.692900
vn -0.987800 0.152800 0.029800
vn -1.000000 0.000000 -0.000800
vn 1.000000 0.000000 -0.000700
vn 0.997800 0.061800 0.023900
vn 0.697600 0.170200 -0.695900
vn -0.907500 0.420000 0.001800
vn 0.983800 0.179400 0.001300
vn -0.987500 0.154600 -0.028200
vn 0.994000 0.096800 -0.051700
vn -0.701900 0.169300 0.691800
vn 0.702000 0.169500 0.691700
vn 0.664700 0.512000 0.544000
vn -0.000100 0.678600 0.734500
vn -0.664600 0.511200 0.544900
vn -0.000200 0.998700 0.051100
vn -0.663800 0.747200 0.030400
vn 0.664000 0.747100 0.028800
vn -0.000100 0.732500 -0.680700
vn -0.662500 0.545000 -0.513800
vn 0.662600 0.544300 -0.514500
vn -0.000000 0.195900 -0.980600
vn 0.797600 0.522400 -0.301300
vn 0.778800 0.555300 -0.291700
vn 0.778800 0.518800 0.352500
vn 0.330400 0.458600 0.824900
vn 0.322600 0.493000 0.808000
vn -0.322600 0.493000 0.808000
vn -0.027400 -0.937800 0.346000
vn -0.920500 0.063600 0.385500
vn -0.920500 0.106700 -0.375800
vn -0.797600 0.485000 0.358400
vn -0.778800 0.518800 0.352500
vn -0.778800 0.555300 -0.291700
vn -0.703300 0.630900 0.327500
vn 0.166000 -0.340800 0.925400
vn 0.070400 0.054400 0.996000
vn -0.330400 0.548800 -0.767800
vn -0.322600 0.581000 -0.747200
vn 0.322600 0.581000 -0.747200
vn 0.919400 0.065600 0.387800
vn 0.919900 0.123400 -0.372100
vn 0.703300 0.663900 -0.254200
vn -0.168600 -0.238300 -0.956400
vn -0.068000 0.162900 -0.984300
vn -0.797700 0.522400 -0.301300
vn 0.166000 -0.234100 -0.957900
vn -0.703300 0.663900 -0.254200
vn -0.163300 -0.346500 0.923700
vn 0.703300 0.630900 0.327500
vn -0.027400 -0.892800 -0.449600
vn 0.004500 -0.943900 0.330100
vn 0.059300 -0.882800 -0.466000
vn 0.330400 0.548800 -0.767800
vn 0.797600 0.485000 0.358400
vn -0.068000 0.050700 0.996400
vn -0.330400 0.458600 0.824900
vn 0.070400 0.166500 -0.983500
vn -0.500600 -0.864500 0.045100
vn 0.958800 -0.087000 -0.270200
vn 0.956600 0.155200 -0.246500
vn 0.279600 -0.358500 -0.890700
vn 0.286800 -0.714800 -0.637800
vn 0.128700 0.873800 0.468900
vn 0.706700 0.542600 0.454100
vn 0.316600 0.945400 -0.077400
vn -0.228600 0.936400 -0.266100
vn 0.433900 0.654200 -0.619400
vn -0.329000 0.635100 -0.698800
vn 0.390200 0.099900 -0.915300
vn -0.325800 0.227900 -0.917500
vn -0.389700 -0.105300 -0.914900
vn 0.932500 -0.143600 -0.331500
vn 0.946800 0.282000 -0.154600
vn 0.832500 0.510600 0.214900
vn 0.659100 0.472200 0.585300
vn 0.864700 -0.455900 -0.211000
vn -0.642100 -0.300900 0.705000
vn -0.741300 0.070500 0.667400
vn 0.101600 -0.975600 0.194700
vn -0.884100 -0.030900 -0.466300
vn -0.689000 0.146200 -0.709900
vn -0.972700 0.226500 -0.050400
vn 0.125900 -0.135400 0.982800
vn 0.760500 0.266900 0.591900
vn 0.680000 -0.322200 0.658600
vn -0.020300 -0.234300 0.972000
vn -0.298700 -0.627200 0.719300
vn -0.562400 -0.024500 0.826500
vn -0.713200 0.052100 0.699000
vn -0.637600 -0.227200 -0.736100
vn -0.807800 -0.323400 -0.492800
vn -0.378300 0.215300 -0.900300
vn -0.875300 -0.361300 -0.321300
vn -0.792400 -0.300500 -0.530900
vn 0.161600 -0.607300 -0.777800
vn -0.775700 -0.185300 -0.603200
vn -0.657200 -0.546100 -0.519400
vn -0.085600 -0.982800 -0.163200
vn -0.950700 -0.300300 0.077800
vn -0.445800 0.691800 -0.568000
vn -0.887000 0.394100 0.240600
vn -0.803900 0.472500 -0.361100
vn 0.449400 0.069900 -0.890600
vn 0.342100 0.249800 -0.905900
vn 0.997600 -0.065000 0.022400
vn -0.518400 0.276600 -0.809200
vn 0.380400 0.013500 -0.924700
vn 0.418700 0.387800 -0.821100
vn 0.533700 0.616600 -0.578700
vn 0.803600 -0.535800 0.259000
vn 0.500600 -0.856400 -0.126500
vn 0.401100 -0.390100 -0.828800
vn -0.453300 -0.221100 -0.863500
vn -0.693700 -0.673000 -0.256600
vn -0.992700 -0.096800 -0.072100
vn -0.498600 0.071000 -0.863900
vn 0.576700 -0.084000 -0.812600
vn -0.986400 -0.154700 0.055300
vn -0.578600 0.178400 -0.795900
vn 0.965900 0.179100 0.186900
vn 0.986500 0.035800 -0.159800
vn 0.562100 0.026800 -0.826600
vn 0.969700 -0.223200 0.099200
vn -0.491900 0.287100 -0.821900
vn -0.604500 0.075500 -0.793000
vn -0.955700 0.241800 -0.167500
vn -0.005200 -0.688200 -0.725500
vn -0.637300 -0.694300 0.334400
vn -0.885700 -0.023600 0.463500
vn -0.640300 -0.076900 0.764200
vn 0.297500 -0.923800 -0.240900
vn -0.998700 0.050500 0.008800
vn -0.953600 -0.123100 0.274800
vn -0.157500 -0.930100 0.331600
vn -0.191700 0.192900 -0.962300
vn 0.718900 -0.462000 -0.519300
vn 0.797400 -0.429100 -0.424200
vn -0.185400 -0.442400 -0.877400
vn -0.122400 -0.064600 -0.990400
vn -0.827300 -0.083500 -0.555500
vn -0.622300 0.457100 -0.635400
vn -0.947000 0.182000 0.264500
vn -0.736200 0.668800 0.103600
vn 0.701800 -0.186300 -0.687500
vn -0.067000 -0.145800 -0.987000
vn -0.689400 0.153300 -0.708000
vn -0.905800 0.308000 0.290700
vn 0.961900 -0.271800 -0.028700
vn -0.502600 -0.236000 -0.831700
vn -0.501500 -0.394300 -0.770000
vn -0.964300 -0.008100 -0.264700
vn -0.815600 0.478100 0.325800
vn -0.709800 0.646500 0.279700
vn 0.788600 0.586700 0.183800
vn 0.793700 -0.021000 -0.607900
vn 0.832100 -0.155900 -0.532300
vn 0.268500 -0.392900 -0.879500
vn 0.260800 -0.449800 -0.854200
vn -0.143400 -0.199800 -0.969300
vn -0.132400 -0.050300 -0.989900
vn 0.513000 -0.356500 -0.780800
vn -0.463400 -0.169200 -0.869800
vn -0.857500 0.398000 -0.325800
vn -0.841000 0.403000 -0.360900
vn -0.776300 0.192100 -0.600400
vn -0.670100 0.361200 -0.648500
vn -0.890100 0.256900 -0.376400
vn 0.396000 -0.542400 -0.740900
vn 0.784600 -0.607900 -0.121500
vn 0.341300 -0.551800 -0.760900
vn -0.146300 0.035000 -0.988600
vn -0.786000 0.222300 -0.576800
vn -0.281300 0.092600 -0.955100
vn 0.864500 -0.501400 -0.033800
vn 0.559300 -0.340300 -0.755800
vn 0.821300 -0.569400 0.033700
vn 0.485100 -0.317100 -0.814900
vn 0.769700 -0.629700 -0.104300
vn -0.813500 0.546900 0.197700
vn 0.933500 -0.357000 -0.033400
vn 0.245100 -0.497400 -0.832200
vn -0.962200 -0.158400 -0.221400
vn -0.802100 0.289100 0.522400
vn -0.491100 -0.528900 -0.692100
vn 0.354700 0.442900 0.823400
vn 0.405700 0.560100 0.722200
vn 0.767600 0.613500 0.185400
vn 0.821000 -0.170400 -0.544900
vn 0.939200 -0.339400 -0.050500
vn -0.795600 0.318200 -0.515500
vn -0.951400 0.052800 0.303200
vn -0.996100 0.012100 -0.087400
vn -0.910700 0.340300 -0.234000
vn -0.773700 -0.100800 -0.625500
vn 0.189500 -0.408300 -0.892900
vn -0.098700 -0.155900 0.982800
vn 0.059400 0.299400 0.952300
vn -0.080500 0.941100 0.328300
vn 0.251000 0.701100 0.667400
vn 0.563200 0.138200 -0.814700
vn 0.861400 -0.003400 -0.508000
vn -0.150800 -0.718300 -0.679100
vn 0.702000 0.574500 -0.420900
vn 0.083700 -0.697400 -0.711700
vn 0.025200 -0.620700 0.783600
vn -0.084600 -0.936600 0.340100
vn -0.869900 0.470500 0.147900
vn -0.596600 0.235500 0.767200
vn -0.422200 -0.783300 0.456300
vn 0.449500 -0.630800 0.632500
vn -0.206400 0.481900 0.851500
vn 0.188800 0.243700 0.951300
vn 0.188100 -0.235100 0.953600
vn -0.211800 -0.473900 0.854700
vn -0.609400 -0.239400 0.755900
vn -0.871500 -0.469100 0.142800
vn 0.032700 0.958300 0.283800
vn -0.687900 0.713900 -0.130700
vn -0.172200 0.812400 0.557000
vn -0.715500 -0.365200 0.595500
vn -0.773200 -0.223400 0.593500
vn 0.121800 -0.019400 -0.992300
vn -0.256400 0.657900 -0.708100
vn -0.115100 0.099200 0.988400
vn -0.663900 0.393600 0.635800
vn -0.235200 -0.022100 0.971700
vn -0.597200 0.705300 0.381800
vn -0.984300 0.142900 0.103300
vn -0.978100 0.185900 0.093300
vn -0.972700 0.217500 0.080800
vn -0.722600 0.420300 -0.548800
vn -0.721900 0.193900 -0.664300
vn -0.965500 0.260200 0.010200
vn 0.733100 0.474800 -0.486900
vn 0.782500 -0.524100 0.336100
vn 0.964800 -0.262200 -0.018300
vn -0.635500 -0.296500 -0.712900
vn -0.634800 -0.712700 -0.298500
vn -0.588600 0.745100 -0.313600
vn -0.636900 0.283500 -0.716900
vn -0.557700 0.307900 0.770800
vn -0.546900 -0.225500 0.806200
vn -0.629100 -0.710900 0.314400
vn 0.663600 0.245700 -0.706600
vn -0.426000 0.437800 -0.791700
vn -0.994800 0.086700 0.052600
vn 0.896100 -0.349500 0.273400
vn 0.689300 0.215300 -0.691700
vn 1.000000 0.001200 -0.003400
vn 0.988300 0.148500 0.034500
vn -1.000000 0.001300 -0.003300
vn -0.690200 0.201500 -0.695000
vn -0.997800 0.060000 0.028700
vn 0.907900 0.419000 0.012400
vn -0.983700 0.179400 0.005800
vn 0.987200 0.157200 -0.024300
vn -0.994000 0.097600 -0.048300
vn 0.709900 0.141200 0.690000
vn -0.709800 0.142800 0.689700
vn -0.669600 0.445500 0.594200
vn 0.669300 0.442300 0.596900
vn 0.000300 0.567700 0.823200
vn 0.000100 0.137600 0.990500
vn 0.666400 0.733000 0.136500
vn 0.000400 0.973100 0.230200
vn 0.659700 0.598400 -0.454600
vn 0.000200 0.815700 -0.578400
vn -0.666900 0.733300 0.132000
vn -0.660000 0.596500 -0.456600
vn 0.000000 0.238200 -0.971200
vn -0.797700 0.404700 0.447200
vn -0.778800 0.438900 0.448000
vn -0.778800 0.601900 -0.176200
vn 0.330400 0.286600 0.899300
vn 0.322600 0.323600 0.889500
vn -0.322600 0.323600 0.889500
vn 0.920500 0.178800 -0.347400
vn 0.920500 -0.013800 0.390500
vn 0.027400 -0.987700 0.153900
vn 0.797700 0.571600 -0.192200
vn 0.778800 0.601900 -0.176200
vn 0.778800 0.438900 0.448000
vn 0.703300 0.701000 -0.118000
vn 0.703300 0.553800 0.445700
vn -0.070400 -0.143400 0.987100
vn -0.166000 -0.516900 0.839800
vn -0.330400 0.689700 -0.644300
vn -0.322600 0.717200 -0.617700
vn 0.322600 0.717200 -0.617700
vn -0.797600 0.571600 -0.192200
vn -0.330400 0.286600 0.899300
vn -0.919400 -0.012300 0.393200
vn -0.703300 0.553800 0.445700
vn -0.703300 0.701000 -0.118000
vn 0.797600 0.404700 0.447200
vn 0.068000 0.354100 -0.932700
vn 0.168600 -0.044700 -0.984600
vn 0.330400 0.689700 -0.644300
vn -0.166000 -0.040300 -0.985300
vn -0.070400 0.357500 -0.931200
vn 0.163300 -0.522200 0.837000
vn 0.068000 -0.147100 0.986800
vn 0.027400 -0.786400 -0.617100
vn -0.004500 -0.990500 0.137100
vn -0.919900 0.194500 -0.340400
vn -0.059300 -0.773400 -0.631200
vn -0.960200 0.041300 -0.276200
vn -0.965900 0.173800 -0.191700
vn 0.002400 -0.724100 -0.689700
vn 0.095400 -0.340600 -0.935400
vn -0.823000 0.563000 0.074900
vn -0.310500 0.875100 0.371100
vn 0.273300 0.945400 -0.177500
vn -0.308600 0.927000 -0.213200
vn 0.554300 0.645200 -0.525700
vn -0.188800 0.639400 -0.745300
vn 0.650800 0.238800 -0.720700
vn -0.007200 0.100600 -0.994900
vn 0.701800 -0.085500 -0.707200
vn -0.681800 -0.487900 -0.545000
vn -0.711000 -0.202000 -0.673500
vn -0.823000 0.202300 -0.530700
vn -0.887200 0.434400 -0.155400
vn -0.855000 0.438500 0.276700
vn -0.189400 0.979600 0.066600
vn -0.522800 0.170400 0.835200
vn -0.181500 0.372900 0.909900
vn 0.333400 0.396400 0.855400
vn 0.166300 0.967100 0.192400
vn -0.727000 -0.649800 -0.221600
vn -0.365300 0.247400 -0.897400
vn -0.438800 0.107800 -0.892100
vn -0.447400 -0.724600 -0.524100
vn 0.100400 -0.821900 0.560700
vn 0.002100 -0.835200 0.549900
vn -0.052300 0.060900 -0.996800
vn 0.422300 0.207400 -0.882400
vn 0.654100 -0.563600 -0.504400
vn 0.054300 -0.753300 -0.655400
vn 0.133300 -0.736500 0.663100
vn 0.206400 -0.747300 0.631600
vn 0.680300 0.504100 -0.531900
vn 0.582500 0.807400 -0.093600
vn 0.851600 0.189600 0.488600
vn 0.979200 -0.194300 -0.057900
vn -0.183600 0.238500 -0.953600
vn -0.677700 0.734800 -0.027900
vn -0.065000 0.944400 -0.322400
vn -0.616000 -0.730900 0.294000
vn -0.428100 -0.816100 -0.388100
vn -0.064800 -0.926200 -0.371400
vn -0.667400 0.376800 0.642200
vn -0.496000 0.825300 0.269800
vn -0.774000 0.367400 -0.515600
vn -0.520200 -0.356000 0.776300
vn 0.183500 0.102800 0.977600
vn -0.174800 0.218800 0.960000
vn 0.520200 0.356000 -0.776200
vn 0.174800 -0.218800 -0.960000
vn -0.183500 -0.102800 -0.977600
vn 0.005200 0.999100 0.042100
vn -0.154800 0.578900 -0.800600
vn 0.367200 0.067800 -0.927600
vn 0.616000 0.730800 -0.294000
vn -0.981500 -0.183000 -0.056800
vn -0.628900 -0.517400 -0.580300
vn 0.558700 0.827200 0.060200
vn 0.064800 0.926200 0.371400
vn 0.677700 -0.734800 0.027900
vn 0.065000 -0.944400 0.322400
vn 0.861500 0.375500 0.341700
vn 0.981500 0.183000 0.056800
vn -0.514200 -0.216100 -0.830000
vn 0.687900 -0.071400 0.722200
vn 0.774000 -0.367400 0.515600
vn 0.154800 -0.578900 0.800600
vn 0.183600 -0.238500 0.953600
vn -0.367200 -0.067800 0.927600
vn 0.514200 0.216100 0.830000
vn 0.879400 -0.193700 -0.434900
vn 0.369600 -0.515700 -0.772900
vn 0.260300 -0.810900 -0.524000
vn -0.687900 0.071400 -0.722200
vn -0.879400 0.193700 0.434900
vn 0.428100 0.816100 0.388100
vn -0.861500 -0.375500 -0.341700
vn 0.628900 0.517400 0.580300
vn -0.005200 -0.999100 -0.042100
vn 0.496000 -0.825300 -0.269800
vn -0.369600 0.515700 0.772900
vn -0.260300 0.810900 0.524000
vn 0.667400 -0.376800 -0.642200
vn -0.520200 -0.356000 0.776200
vn 0.616000 0.730900 -0.294000
vn -0.558700 -0.827200 -0.060200
vn 0.176200 -0.840400 0.512400
vn 0.209700 -0.799600 0.562600
vn 0.114600 -0.800100 0.588700
vn 0.114800 -0.853200 0.508800
vn 0.033100 -0.753200 0.657000
vn -0.341200 -0.709100 0.617100
vn 0.031000 -0.792700 0.608700
vn 0.107600 -0.780100 0.616400
vn 0.314000 -0.303400 -0.899600
vn 0.082300 0.424800 0.901500
vn 0.627400 -0.195800 0.753600
vn 0.173900 -0.059800 0.982900
vn -0.174100 0.492700 0.852600
vn 0.719200 0.135000 0.681600
vn 0.262000 -0.021200 0.964800
vn -0.038000 0.613500 0.788800
vn 0.082200 -0.136500 0.987200
vn 0.619300 -0.354800 0.700400
vn 0.784500 -0.089200 0.613600
vn 0.860100 0.283700 0.424000
vn 0.894800 -0.019500 0.445900
vn -0.482300 -0.179300 0.857400
vn -0.552600 0.205200 0.807800
vn 0.601800 -0.040100 0.797600
vn 0.498200 0.056900 0.865200
vn -0.313800 -0.068400 0.947000
vn -0.303000 -0.191600 0.933500
vn -0.573000 -0.184600 0.798400
vn 0.730800 0.062400 0.679700
vn -0.607500 0.210000 0.766000
vn 0.265100 0.346300 0.899800
vn 0.195100 0.513200 0.835700
vn 0.258100 -0.870100 0.419800
vn -0.891300 -0.282400 0.354700
vn 0.026100 -0.231200 0.972500
vn 0.034900 0.356200 0.933700
vn 0.418500 0.677100 0.605300
vn 0.235100 -0.948600 0.211600
vn 0.819900 -0.511000 0.258000
vn 0.074300 0.138000 0.987600
vn -0.133400 -0.485700 0.863800
vn 0.196400 -0.406200 0.892400
vn -0.370200 -0.814400 0.446800
vn -0.863700 -0.113000 0.491100
vn -0.286600 -0.123000 0.950100
vn -0.948200 -0.043400 -0.314500
vn -0.567100 -0.038000 -0.822700
vn -0.857800 -0.068500 -0.509400
vn -0.834400 -0.221400 -0.504700
vn -0.835400 -0.191500 -0.515100
vn -0.988600 -0.141000 -0.052200
vn -0.997400 0.045100 0.056300
vn -0.965400 -0.031900 -0.258900
vn -0.973700 -0.117600 -0.195000
vn -0.884600 -0.170900 -0.433800
vn -0.948800 -0.261200 -0.177300
vn -0.815300 -0.083300 -0.572900
vn -0.837600 -0.380200 -0.392100
vn -0.818000 -0.533800 0.214000
vn -0.982500 0.181200 0.043700
vn -0.830300 0.105600 0.547200
vn -0.917700 0.246000 -0.311800
vn -0.883500 -0.372200 0.284200
vn 0.372900 -0.311100 -0.874100
vn -0.801000 0.125100 0.585500
vn -0.909800 -0.332500 -0.248400
vn -0.809400 -0.437700 -0.391600
vn -0.947500 -0.064200 0.313100
vn 0.669900 0.006400 0.742400
vn -0.174900 0.030500 0.984100
vn -0.798800 -0.182300 0.573300
vn -0.660200 -0.572700 0.485900
vn -0.965500 -0.167000 -0.199400
vn -0.751100 -0.604900 -0.264400
vn -0.780500 -0.531100 -0.329500
vn -0.769500 -0.556000 0.314200
vn -0.257600 -0.432400 0.864100
vn 0.056800 -0.475200 0.878000
vn -0.578400 -0.738300 0.346800
vn 0.646600 -0.021500 0.762500
vn 0.625400 -0.369000 0.687600
vn 0.740400 -0.190100 0.644700
vn -0.666000 -0.680800 -0.304700
vn -0.831900 -0.352700 -0.428400
vn -0.919500 -0.376100 -0.114300
vn -0.998800 -0.020200 0.044600
vn -0.995500 -0.092700 -0.020900
vn -0.932100 -0.148200 -0.330500
vn -0.799100 -0.264900 -0.539700
vn -0.328900 -0.252600 -0.909900
vn -0.952600 -0.203600 -0.226100
vn -0.974100 -0.223700 0.032700
vn -0.450800 0.453900 0.768600
vn 0.625000 -0.008900 0.780500
vn -0.216600 0.156800 0.963600
vn -0.247600 0.001600 0.968800
vn 0.084200 0.037900 0.995700
vn -0.358600 -0.042700 0.932500
vn 0.360300 0.460900 0.811000
vn 0.984700 0.010800 0.173700
vn 0.750800 -0.251200 0.610800
vn 0.323500 -0.294600 0.899200
vn 0.144000 -0.519600 0.842200
vn 0.017400 -0.811500 0.584000
vn 0.850200 0.417900 0.320000
vn 0.425300 -0.013200 0.904900
vn 0.631600 -0.060000 0.773000
vn 0.675000 -0.329400 0.660200
vn -0.077600 -0.286800 0.954800
vn -0.032000 -0.508000 0.860700
vn -0.162900 0.329100 0.930100
vn -0.218400 -0.698900 0.681000
vn -0.535100 -0.016600 0.844600
vn 0.461700 -0.264700 0.846600
vn -0.188500 0.032900 0.981500
vn -0.213400 0.336200 0.917300
vn 0.546100 0.548900 0.632700
vn -0.853200 -0.064300 0.517500
vn -0.578200 -0.031100 0.815200
vn -0.923200 0.082000 0.375400
vn -0.697100 0.205100 0.687000
vn -0.438900 0.394300 0.807400
vn -0.521600 -0.136400 0.842200
vn -0.863400 -0.291600 0.411600
vn -0.894300 -0.212600 0.393800
vn -0.862100 0.072400 0.501500
vn 0.544700 -0.226400 0.807400
vn -0.605200 -0.278000 0.746000
vn -0.471200 -0.363600 0.803600
vn 0.292600 -0.506900 0.810800
vn 0.484200 -0.536800 0.690900
vn 0.579400 -0.391500 0.714800
vn 0.308800 -0.377800 0.872800
vn -0.732400 -0.079500 0.676100
vn -0.307100 0.057000 0.949900
vn -0.301400 -0.106800 0.947500
vn -0.722000 0.179600 0.668200
vn 0.885700 0.233100 0.401300
vn 0.965800 -0.231700 -0.116300
vn -0.437000 0.239200 0.867000
vn 0.356500 -0.165400 0.919500
vn -0.322100 -0.066400 0.944400
vn -0.358400 0.357100 0.862500
vn 0.480900 0.161700 0.861700
vn 0.902600 -0.135200 0.408700
vn -0.337800 0.373800 0.863800
vn -0.134900 0.606200 0.783700
vn 0.061700 0.622800 0.780000
vn 0.592400 0.805500 -0.017300
vn 0.428100 0.336700 0.838600
vn 0.626000 0.155900 0.764100
vn -0.440000 0.420400 0.793500
vn -0.926000 0.377200 0.016100
vn -0.772500 0.611000 0.173100
vn -0.699200 0.282800 0.656600
vn -0.459700 0.595600 0.658700
vn 0.092800 -0.121700 0.988200
vn 0.287900 0.229900 0.929700
vn 0.696200 -0.471500 0.541200
vn 0.804300 -0.201800 0.558900
vn 0.110700 -0.277400 0.954300
vn -0.893100 0.403600 0.198600
vn 0.556900 -0.537600 0.633000
vn -0.039300 -0.451600 0.891400
vn -0.051800 -0.411200 0.910100
vn -0.801200 0.086700 0.592000
vn -0.703800 0.115600 0.700900
vn -0.950900 0.303400 0.060200
vn -0.725700 -0.316800 0.610700
vn -0.676600 -0.077900 0.732200
vn 0.573800 -0.658300 0.487200
vn 0.160500 0.280300 0.946400
vn -0.913400 -0.022000 0.406500
vn -0.239800 -0.065100 0.968600
vn -0.558500 0.035700 0.828700
vn -0.650800 -0.122300 0.749300
vn -0.720600 0.350000 0.598500
vn -0.760200 0.058800 0.647000
vn -0.545300 -0.573900 0.610900
vn -0.702200 -0.176400 0.689800
vn -0.882700 0.161200 0.441300
vn -0.425300 -0.404800 0.809400
vn -0.631200 -0.210500 0.746500
vn 0.077300 -0.469100 0.879700
vn -0.675000 -0.453300 0.582100
vn 0.032000 -0.668000 0.743500
vn -0.464000 0.337300 0.819100
vn -0.284600 0.529800 0.798900
vn -0.856300 0.425500 0.292600
vn -0.830100 -0.167000 0.532000
vn 0.142200 0.692400 0.707300
vn -0.109700 0.311600 0.943800
vn -0.596000 0.474300 -0.647900
vn 0.095900 -0.054300 -0.993900
vn 0.845100 -0.075400 -0.529200
vn 0.758200 -0.466400 -0.455600
vn -0.691200 -0.387600 -0.609900
vn 0.099700 0.569200 -0.816100
vn -0.002500 -0.744600 -0.667500
vn 0.652900 0.711500 -0.259600
vn -0.610000 0.742000 0.277900
vn -0.910300 -0.073300 0.407500
vn -0.912700 -0.049100 0.405500
vn -0.397200 -0.552500 0.732700
vn -0.836000 0.534500 -0.123900
vn -0.861000 0.475800 -0.179700
vn -0.261300 0.801100 -0.538500
vn -0.344800 0.700100 -0.625200
vn 0.351200 0.570500 -0.742400
vn 0.889300 0.135400 -0.436800
vn 0.481200 0.584900 -0.652900
vn 0.894500 -0.417700 0.159200
vn 0.913800 0.020100 -0.405700
vn 0.312800 -0.705300 0.636200
vn 0.838600 -0.542100 0.052900
vn -0.393900 -0.637500 0.662100
vn -0.926500 -0.190100 0.324800
vn -0.340400 -0.449400 0.825900
vn -0.899900 0.186300 -0.394100
vn -0.373200 0.424500 -0.824900
vn 0.340800 0.457700 -0.821200
vn 0.904800 0.257000 -0.339600
vn 0.909500 -0.137000 0.392400
vn 0.371500 -0.427100 0.824300
vn -0.912700 -0.285000 0.292800
vn -0.347500 -0.322400 0.880500
vn -0.874400 -0.059200 -0.481500
vn -0.361000 0.187600 -0.913500
vn 0.310900 0.337600 -0.888500
vn 0.885900 0.301700 -0.352400
vn 0.874400 0.043400 0.483100
vn 0.325700 -0.196600 0.924800
vn -0.883600 -0.383500 0.268700
vn -0.362500 -0.346900 0.865000
vn -0.844800 -0.142700 -0.515800
vn -0.304800 0.145400 -0.941200
vn 0.413100 0.314300 -0.854700
vn 0.930400 0.287000 -0.227800
vn 0.832900 0.117800 0.540700
vn 0.276100 -0.126000 0.952800
vn -0.941600 -0.320400 0.103200
vn -0.553800 -0.373300 0.744200
vn -0.762300 -0.092100 -0.640600
vn -0.156300 0.148100 -0.976500
vn 0.489700 0.313200 -0.813700
vn 0.898900 0.355400 -0.256300
vn 0.791100 0.190600 0.581300
vn 0.074700 -0.165300 0.983400
vn -0.947500 -0.285200 0.144200
vn -0.590200 -0.206300 0.780400
vn -0.718400 -0.222100 -0.659200
vn -0.020300 -0.043000 -0.998800
vn 0.602000 0.159100 -0.782500
vn 0.936800 0.287400 -0.199300
vn 0.739700 0.208300 0.639800
vn -0.037800 -0.051700 0.997900
vn -0.979100 -0.098700 0.177700
vn -0.605900 0.081200 0.791300
vn -0.726300 -0.168600 -0.666300
vn -0.014200 -0.182000 -0.983200
vn 0.589400 -0.094500 -0.802200
vn 0.965200 0.044500 -0.257500
vn 0.846900 0.116400 0.518700
vn 0.107200 0.153400 0.982300
vn -0.931500 0.362700 -0.027100
vn -0.553900 0.487400 0.675000
vn -0.640400 -0.017100 -0.767800
vn -0.005500 -0.395600 -0.918400
vn 0.564100 -0.540600 -0.624100
vn 0.913100 -0.404400 -0.050600
vn 0.809200 -0.112000 0.576700
vn 0.205600 0.254200 0.945000
vn -0.662000 0.678600 -0.318200
vn -0.315200 0.854000 0.414000
vn -0.603400 0.062400 -0.794900
vn -0.231400 -0.610800 -0.757200
vn 0.246900 -0.919500 -0.305900
vn 0.599400 -0.744400 0.294200
vn 0.627700 -0.217400 0.747500
vn 0.265700 0.437000 0.859300
vn -0.110400 0.665500 -0.738200
vn 0.331200 0.940900 0.070400
vn -0.438000 -0.011900 -0.898900
vn -0.500600 -0.669100 -0.549300
vn -0.283200 -0.955900 0.077500
vn 0.075200 -0.751200 0.655700
vn 0.391800 -0.178400 0.902600
vn 0.509300 0.496700 0.702700
vn 0.424600 0.332000 -0.842300
vn 0.780500 0.590000 -0.206400
vn -0.228500 -0.091200 -0.969200
vn -0.684900 -0.518800 -0.511600
vn -0.719900 -0.658600 0.218900
vn -0.369200 -0.440600 0.818300
vn 0.167500 0.006500 0.985800
vn 0.647000 0.468700 0.601400
vn 0.526400 0.171100 -0.832800
vn 0.888400 0.415200 -0.195900
vn -0.160300 -0.179400 -0.970600
vn -0.741000 -0.413100 -0.529300
vn -0.878000 -0.432800 0.204300
vn -0.512400 -0.220400 0.830000
vn 0.138300 0.133000 0.981400
vn 0.721400 0.411000 0.557300
vn 0.599500 0.119900 -0.791300
vn 0.917000 0.347400 -0.195900
vn -0.099200 -0.185100 -0.977700
vn -0.734300 -0.347800 -0.582900
vn -0.931500 -0.342400 0.122300
vn -0.563200 -0.152300 0.812100
vn 0.172700 0.145500 0.974200
vn 0.763100 0.354300 0.540400
vn 0.679600 0.110500 -0.725200
vn 0.953500 0.289900 -0.082200
vn -0.091400 -0.159000 -0.983000
vn -0.757800 -0.309600 -0.574200
vn -0.953900 -0.282800 0.099900
vn -0.624600 -0.107000 0.773500
vn 0.119400 0.137600 0.983200
vn 0.754500 0.304600 0.581300
vn 0.662100 0.073600 -0.745800
vn 0.970000 0.221700 -0.100000
vn -0.113900 -0.141500 -0.983300
vn -0.777800 -0.267000 -0.569000
vn -0.966800 -0.227300 0.116200
vn -0.635600 -0.045800 0.770600
vn 0.121200 0.171900 0.977600
vn 0.777900 0.268500 0.568100
vn 0.619200 -0.002700 -0.785200
vn 0.987700 0.111100 -0.110000
vn -0.178100 -0.117700 -0.976900
vn -0.802700 -0.169300 -0.571900
vn -0.986000 -0.121300 0.114300
vn -0.645400 0.003900 0.763800
vn 0.120600 0.132200 0.983800
vn 0.792400 0.171200 0.585400
vn 0.585900 -0.113300 -0.802400
vn 0.990000 -0.103600 -0.095600
vn -0.219100 -0.044600 -0.974700
vn -0.829500 0.040500 -0.557100
vn -0.984200 0.107200 0.140600
vn -0.624800 0.117500 0.771800
vn 0.113500 0.058700 0.991800
vn 0.795000 -0.035500 0.605500
vn 0.568500 -0.185600 -0.801400
vn 0.939800 -0.330300 -0.086900
vn -0.191700 0.070000 -0.978900
vn -0.783600 0.263100 -0.562800
vn -0.938000 0.319100 0.135400
vn -0.612400 0.212400 0.761500
vn 0.094900 -0.038200 0.994700
vn 0.749700 -0.273700 0.602400
vn 0.517600 -0.285900 -0.806400
vn 0.848800 -0.514200 -0.122900
vn -0.159600 0.120700 -0.979800
vn -0.690300 0.427600 -0.583600
vn -0.841100 0.511100 0.176900
vn -0.532100 0.339400 0.775700
vn 0.053500 -0.029300 0.998100
vn 0.682500 -0.424300 0.595000
vn 0.523800 -0.385600 -0.759500
vn 0.751600 -0.638900 -0.164000
vn -0.002100 0.081700 -0.996600
vn -0.535200 0.536900 -0.652200
vn -0.741600 0.662600 0.104500
vn -0.483700 0.376000 0.790400
vn 0.019500 -0.092000 0.995500
vn 0.533600 -0.529900 0.659000
vn 0.470600 -0.417100 -0.777500
vn 0.646600 -0.745500 -0.161400
vn -0.001700 0.201200 -0.979500
vn -0.449800 0.673000 -0.587200
vn -0.632800 0.771100 0.070400
vn -0.499500 0.441100 0.745600
vn -0.046300 -0.168600 0.984600
vn 0.454900 -0.677200 0.578400
vn 0.371300 -0.452500 -0.810800
vn 0.489900 -0.855800 -0.166100
vn 0.022900 0.207800 -0.977900
vn -0.341300 0.745900 -0.572000
vn -0.486600 0.866800 0.108200
vn -0.378600 0.520100 0.765600
vn -0.028600 -0.175700 0.984000
vn 0.320300 -0.741900 0.589000
vn 0.266200 -0.474300 -0.839100
vn 0.306800 -0.929700 -0.203800
vn 0.069700 0.242200 -0.967700
vn -0.162500 0.817000 -0.553100
vn -0.298200 0.938300 0.174800
vn -0.258200 0.534600 0.804700
vn -0.073500 -0.185400 0.979900
vn 0.155500 -0.803600 0.574400
vn 0.216000 -0.490200 -0.844400
vn 0.179600 -0.963300 -0.199500
vn 0.122700 0.266700 -0.955900
vn -0.034900 0.852100 -0.522100
vn -0.171600 0.965900 0.193900
vn -0.216100 0.546500 0.809100
vn -0.138400 -0.185600 0.972800
vn 0.025700 -0.820200 0.571500
vn 0.999800 0.020800 -0.001600
vn 0.997400 0.052600 0.048100
vn 0.730100 -0.658600 0.182400
vn 0.701600 0.653300 -0.284500
vn 0.692300 0.715200 -0.096200
vn 0.029000 0.914000 -0.404600
vn 0.020800 0.982500 -0.185200
vn -0.665500 0.725100 -0.176800
vn -0.996400 0.054100 -0.065600
vn -0.667300 0.678300 -0.307600
vn -0.736000 -0.668000 0.109400
vn -0.998700 0.043500 -0.023300
vn 0.000500 -0.973800 0.227300
vn -0.728000 -0.621100 0.290100
vn 0.711400 -0.635800 0.299500
vn 0.984000 0.059500 0.168000
vn 0.773700 -0.625500 -0.099900
vn 0.642000 0.690000 0.334200
vn -0.032300 0.946200 0.321900
vn -0.692800 0.707200 0.140800
vn -0.989500 0.075600 -0.122900
vn -0.710300 -0.623000 -0.327400
vn 0.061400 -0.944200 -0.323600
vn 0.970900 -0.007000 0.239100
vn 0.804600 -0.472600 -0.359400
vn 0.580300 0.459900 0.672100
vn -0.116600 0.669300 0.733700
vn -0.753800 0.519200 0.402700
vn -0.983100 0.079100 -0.165200
vn -0.627000 -0.401100 -0.667800
vn 0.134100 -0.629700 -0.765100
vn 0.969600 -0.049300 0.239700
vn 0.825900 -0.293900 -0.481000
vn 0.547900 0.227800 0.804900
vn -0.174800 0.373900 0.910800
vn -0.801100 0.310900 0.511300
vn -0.979800 0.073000 -0.186100
vn -0.580700 -0.202400 -0.788500
vn 0.177200 -0.354500 -0.918100
vn 0.972800 -0.046100 0.227000
vn 0.836500 -0.156600 -0.525100
vn 0.538000 0.092400 0.837800
vn -0.200600 0.177200 0.963500
vn -0.824400 0.160700 0.542700
vn -0.979900 0.052800 -0.192000
vn -0.562800 -0.084800 -0.822200
vn 0.195000 -0.172200 -0.965500
vn 0.975700 -0.016100 0.218200
vn 0.839600 -0.046400 -0.541200
vn 0.536500 0.024000 0.843600
vn -0.209800 0.050100 0.976400
vn -0.833900 0.047200 0.549900
vn -0.980800 0.017300 -0.193900
vn -0.557300 -0.022200 -0.830000
vn 0.199900 -0.048600 -0.978600
vn 0.976000 0.033400 0.215100
vn 0.836900 0.053000 -0.544700
vn 0.537100 -0.005600 0.843500
vn -0.211200 -0.041100 0.976600
vn -0.835100 -0.053000 0.547500
vn -0.979900 -0.034500 -0.196400
vn -0.557100 0.004400 -0.830400
vn 0.197100 0.041000 -0.979500
vn 0.970500 0.102800 0.218100
vn 0.826900 0.153900 -0.540900
vn 0.536500 -0.009000 0.843800
vn -0.207700 -0.114800 0.971400
vn -0.828200 -0.154200 0.538800
vn -0.973700 -0.105200 -0.202100
vn -0.557800 0.004900 -0.829900
vn 0.188400 0.112800 -0.975600
vn 0.953500 0.196300 0.228600
vn 0.804900 0.265900 -0.530500
vn 0.531200 0.009700 0.847200
vn -0.199100 -0.181200 0.963000
vn -0.809100 -0.266900 0.523600
vn -0.956200 -0.200200 -0.213400
vn -0.555500 -0.018100 -0.831300
vn 0.173300 0.175800 -0.969000
vn 0.914400 0.319400 0.248700
vn 0.761400 0.397100 -0.512300
vn 0.515000 0.049700 0.855700
vn -0.183200 -0.247000 0.951500
vn -0.768600 -0.399500 0.499600
vn -0.916400 -0.325300 -0.233100
vn -0.543700 -0.065400 -0.836700
vn 0.149400 0.234700 -0.960500
vn 0.833200 0.475700 0.282000
vn 0.678800 0.551900 -0.484300
vn 0.478100 0.110500 0.871300
vn -0.154800 -0.314900 0.936400
vn -0.690100 -0.554500 0.464900
vn -0.835200 -0.482000 -0.264700
vn -0.510700 -0.137800 -0.848600
vn 0.112600 0.290800 -0.950100
vn 0.709900 0.632400 0.310100
vn 0.571100 0.681300 -0.457800
vn 0.415900 0.197100 0.887800
vn -0.125500 -0.349900 0.928300
vn -0.586700 -0.686200 0.430000
vn -0.711400 -0.631900 -0.307600
vn -0.435500 -0.221400 -0.872500
vn 0.091400 0.320100 -0.942900
vn 0.579800 0.746900 0.325600
vn 0.491000 0.748800 -0.445200
vn 0.317600 0.292200 0.902000
vn -0.135300 -0.336100 0.932000
vn -0.503500 -0.759000 0.412800
vn -0.578600 -0.742500 -0.337200
vn -0.326000 -0.305800 -0.894500
vn 0.113500 0.308000 -0.944600
vn 0.439500 0.833000 0.335900
vn 0.419500 0.793000 -0.441800
vn 0.191300 0.366400 0.910600
vn -0.169200 -0.317800 0.932900
vn -0.424900 -0.807800 0.408500
vn -0.436000 -0.832000 -0.343000
vn -0.201400 -0.386800 -0.899900
vn 0.150200 0.281700 -0.947600
vn 0.260300 0.907200 0.330400
vn 0.308600 0.839100 -0.447900
vn 0.051200 0.420000 0.906100
vn -0.184100 -0.315600 0.930800
vn -0.306900 -0.857100 0.413600
vn -0.255400 -0.908300 -0.331400
vn -0.061000 -0.450100 -0.890900
vn 0.171200 0.268800 -0.947800
vn 0.032900 0.951300 0.306400
vn 0.146500 0.870900 -0.469200
vn -0.102400 0.444000 0.890100
vn -0.169700 -0.323300 0.930900
vn -0.135600 -0.890600 0.434200
vn -0.026800 -0.953700 -0.299400
vn 0.096800 -0.486400 -0.868300
vn 0.169000 0.264000 -0.949600
vn -0.241500 0.934100 0.262900
vn -0.071900 0.858000 -0.508600
vn -0.260400 0.427700 0.865600
vn -0.118000 -0.324500 0.938500
vn 0.088200 -0.876200 0.473800
vn 0.245100 -0.937400 -0.247400
vn 0.265500 -0.481200 -0.835400
vn 0.137300 0.256800 -0.956600
vn -0.526200 0.824500 0.207900
vn -0.320800 0.764700 -0.558800
vn -0.399700 0.369900 0.838700
vn -0.038700 -0.292700 0.955400
vn 0.344000 -0.781000 0.521200
vn 0.520800 -0.830800 -0.196000
vn 0.421600 -0.425200 -0.800800
vn 0.077700 0.231700 -0.969700
vn -0.754200 0.636800 0.160400
vn -0.538400 0.590300 -0.601300
vn -0.499600 0.290000 0.816200
vn 0.044100 -0.223400 0.973700
vn 0.554300 -0.597200 0.579700
vn 0.752500 -0.644100 -0.137600
vn 0.534800 -0.332300 -0.776900
vn 0.007300 0.179200 -0.983800
vn -0.893500 0.428900 0.133100
vn -0.680900 0.383800 -0.623700
vn -0.557300 0.213100 0.802500
vn 0.101200 -0.127300 0.986700
vn 0.691300 -0.392300 0.606800
vn 0.892800 -0.437200 -0.108500
vn 0.595000 -0.236900 -0.768000
vn -0.053200 0.103200 -0.993200
vn -0.960200 0.251400 0.121800
vn -0.752500 0.197900 -0.628100
vn -0.584600 0.154400 0.796500
vn 0.130300 -0.030700 0.991000
vn 0.761300 -0.198200 0.617300
vn 0.961500 -0.254900 -0.102400
vn 0.617700 -0.168100 -0.768200
vn -0.092100 0.020200 -0.995500
vn -0.985600 0.126700 0.111900
vn -0.777200 0.057800 -0.626600
vn -0.598800 0.123200 0.791300
vn 0.136200 0.052800 0.989300
vn 0.781900 -0.050800 0.621300
vn 0.986400 -0.132800 -0.097300
vn 0.625800 -0.140100 -0.767300
vn -0.112300 -0.056600 -0.992000
vn -0.993900 0.053200 0.096600
vn -0.773600 -0.047000 -0.631900
vn -0.610500 0.124600 0.782100
vn 0.127700 0.120700 0.984400
vn 0.776100 0.046100 0.628900
vn 0.995000 -0.062500 -0.077300
vn 0.634600 -0.137900 -0.760400
vn -0.112600 -0.124500 -0.985800
vn -0.994100 0.030500 0.103500
vn -0.777100 -0.100700 -0.621300
vn -0.609500 0.145300 0.779300
vn 0.127400 0.168600 0.977400
vn 0.778900 0.091600 0.620400
vn 0.994900 -0.038000 -0.093600
vn 0.618500 -0.147500 -0.771800
vn -0.124500 -0.171900 -0.977200
vn -0.993200 0.058000 0.100700
vn -0.781700 -0.099200 -0.615600
vn -0.609800 0.185000 0.770600
vn 0.120300 0.194700 0.973400
vn 0.773900 0.077700 0.628500
vn 0.991100 -0.092700 -0.094900
vn 0.601000 -0.199700 -0.773900
vn -0.135300 -0.197700 -0.970900
vn -0.988400 0.102700 0.111500
vn -0.781500 -0.083300 -0.618300
vn -0.586800 0.227900 0.777000
vn 0.135100 0.208900 0.968500
vn 0.777500 0.072400 0.624700
vn 0.988600 -0.108400 -0.104100
vn 0.593500 -0.227700 -0.772000
vn -0.136400 -0.213800 -0.967300
vn -0.989200 0.089000 0.116700
vn -0.785700 -0.099800 -0.610500
vn -0.589000 0.222300 0.776900
vn 0.140300 0.225400 0.964100
vn 0.790900 0.106100 0.602600
vn 0.988500 -0.077500 -0.129900
vn 0.591700 -0.214900 -0.777000
vn -0.138000 -0.224200 -0.964700
vn -0.989100 0.102100 0.105400
vn -0.783600 -0.094900 -0.614000
vn -0.591900 0.240700 0.769200
vn 0.135500 0.235500 0.962400
vn 0.788800 0.096200 0.607000
vn 0.987000 -0.104800 -0.121600
vn 0.588600 -0.243200 -0.771000
vn -0.141100 -0.235000 -0.961700
vn -0.982700 0.162800 0.088600
vn -0.786200 -0.059700 -0.615100
vn -0.592400 0.288600 0.752200
vn 0.133700 0.246500 0.959800
vn 0.789100 0.070600 0.610100
vn 0.983300 -0.147300 -0.106400
vn 0.589900 -0.280100 -0.757300
vn -0.147600 -0.242700 -0.958800
vn -0.977000 0.191400 0.094400
vn -0.790900 -0.049400 -0.610000
vn -0.580800 0.317200 0.749700
vn 0.148800 0.252400 0.956100
vn 0.794900 0.038500 0.605500
vn 0.976000 -0.195500 -0.095500
vn 0.593700 -0.315100 -0.740300
vn -0.142500 -0.257000 -0.955800
vn -0.980700 0.142500 0.133300
vn -0.798400 -0.098300 -0.594000
vn -0.560800 0.292400 0.774600
vn 0.172400 0.260100 0.950000
vn 0.810100 0.074800 0.581400
vn 0.979300 -0.155400 -0.129200
vn 0.585400 -0.294000 -0.755500
vn -0.140900 -0.272400 -0.951800
vn -0.983600 0.043300 0.175100
vn -0.805000 -0.178600 -0.565700
vn -0.558000 0.234200 0.796100
vn 0.171200 0.279300 0.944800
vn 0.814100 0.163600 0.557200
vn 0.984400 -0.050400 -0.168200
vn 0.577400 -0.231600 -0.782900
vn -0.147100 -0.284000 -0.947400
vn -0.969600 -0.082000 0.230500
vn -0.793900 -0.283700 -0.537800
vn -0.538400 0.169700 0.825400
vn 0.175100 0.298600 0.938100
vn 0.809400 0.242700 0.534700
vn 0.978200 0.043400 -0.203000
vn 0.572800 -0.167200 -0.802500
vn -0.131400 -0.298400 -0.945300
vn -0.938700 -0.208200 0.274600
vn -0.769900 -0.389900 -0.505200
vn -0.514600 0.101000 0.851400
vn 0.177000 0.334700 0.925500
vn 0.787400 0.378000 0.486900
vn 0.944600 0.192800 -0.265500
vn 0.538000 -0.093500 -0.837700
vn -0.139600 -0.323200 -0.935900
vn -0.876400 -0.367700 0.310800
vn -0.714100 -0.519500 -0.469200
vn -0.489500 0.006300 0.871900
vn 0.155500 0.375000 0.913800
vn 0.717000 0.543400 0.436600
vn 0.866100 0.397500 -0.302900
vn 0.512500 0.025900 -0.858300
vn -0.120900 -0.346200 -0.930300
vn -0.799600 -0.501100 0.331100
vn -0.655300 -0.622400 -0.428100
vn -0.463200 -0.080900 0.882500
vn 0.136300 0.386700 0.912000
vn 0.655800 0.633300 0.410800
vn 0.793900 0.509900 -0.331200
vn 0.472500 0.095400 -0.876100
vn -0.120100 -0.369400 -0.921500
vn -0.805500 -0.501300 0.315800
vn -0.679900 -0.595900 -0.427400
vn -0.471200 -0.121000 0.873700
vn 0.136200 0.336600 0.931700
vn 0.668400 0.604400 0.433500
vn 0.798500 0.504500 -0.328500
vn 0.451500 0.102400 -0.886400
vn -0.159900 -0.349200 -0.923300
vn -0.862000 -0.415400 0.290400
vn -0.741200 -0.484900 -0.464200
vn -0.482100 -0.106000 0.869700
vn 0.175700 0.271900 0.946100
vn 0.736000 0.495700 0.461000
vn 0.857200 0.418000 -0.300800
vn 0.466100 0.092900 -0.879800
vn -0.191500 -0.275200 -0.942100
vn -0.908100 -0.320200 0.269600
vn -0.791800 -0.365100 -0.489700
vn -0.498700 -0.092500 0.861800
vn 0.193200 0.195800 0.961400
vn 0.782300 0.378400 0.494700
vn 0.902500 0.330100 -0.276700
vn 0.474300 0.081100 -0.876600
vn -0.219800 -0.201600 -0.954500
vn -0.942000 -0.225200 0.248800
vn -0.821600 -0.246400 -0.514000
vn -0.510300 -0.073900 0.856800
vn 0.209500 0.130100 0.969100
vn 0.815900 0.266100 0.513200
vn 0.934700 0.242000 -0.260300
vn 0.489300 0.071000 -0.869200
vn -0.228100 -0.128300 -0.965100
vn -0.959000 -0.156700 0.236000
vn -0.836400 -0.158400 -0.524800
vn -0.518100 -0.064900 0.852800
vn 0.217600 0.074000 0.973200
vn 0.833100 0.181200 0.522600
vn 0.952000 0.179100 -0.248300
vn 0.500700 0.068000 -0.862900
vn -0.231700 -0.069900 -0.970200
vn -0.964000 -0.129000 0.232400
vn -0.841100 -0.113900 -0.528700
vn -0.517600 -0.070700 0.852700
vn 0.227100 0.037700 0.973100
vn 0.841700 0.134300 0.523000
vn 0.959300 0.150900 -0.238500
vn 0.511700 0.077200 -0.855700
vn -0.229200 -0.032700 -0.972800
vn -0.955400 -0.180500 0.233700
vn -0.833900 -0.146900 -0.532000
vn -0.504400 -0.107800 0.856700
vn 0.239500 0.033500 0.970300
vn 0.839600 0.159800 0.519200
vn 0.953900 0.192800 -0.229800
vn 0.519100 0.114400 -0.847000
vn -0.218500 -0.026500 -0.975500
vn -0.916800 -0.321900 0.236200
vn -0.798900 -0.269700 -0.537500
vn -0.475100 -0.179100 0.861500
vn 0.240900 0.072800 0.967800
vn 0.808100 0.282600 0.516800
vn 0.916900 0.331600 -0.222000
vn 0.508700 0.193200 -0.839000
vn -0.198600 -0.055600 -0.978500
vn -0.814200 -0.528400 0.240400
vn -0.702400 -0.462600 -0.540900
vn -0.421900 -0.268000 0.866100
vn 0.211300 0.148900 0.966000
vn 0.713100 0.475000 0.515500
vn 0.816100 0.535200 -0.217700
vn 0.464700 0.297400 -0.834000
vn -0.159900 -0.114000 -0.980500
vn -0.639900 -0.727200 0.248500
vn -0.533900 -0.656400 -0.533000
vn -0.350900 -0.348300 0.869200
vn 0.141400 0.228200 0.963300
vn 0.545900 0.664900 0.509700
vn 0.645300 0.730500 -0.223200
vn 0.385500 0.389200 -0.836600
vn -0.100100 -0.182200 -0.978100
vn -0.447200 -0.855600 0.260500
vn -0.342200 -0.786100 -0.514600
vn -0.279500 -0.403300 0.871300
vn 0.052900 0.279500 0.958600
vn 0.352200 0.792500 0.497800
vn 0.452400 0.859100 -0.239100
vn 0.298000 0.442000 -0.846100
vn -0.029800 -0.238000 -0.970800
vn -0.355500 -0.896100 0.265600
vn -0.250200 -0.828100 -0.501700
vn -0.246700 -0.424500 0.871200
vn 0.008600 0.294000 0.955700
vn 0.256900 0.833200 0.489600
vn 0.358600 0.899700 -0.249000
vn 0.257100 0.455500 -0.852300
vn 0.005400 -0.261500 -0.965200
vn -0.328400 0.755100 -0.567400
vn 0.403000 0.648100 -0.646100
vn 0.308000 -0.813000 0.494100
vn 0.261100 -0.787200 0.558700
vn 0.920300 0.110900 -0.375000
vn 0.861000 -0.494300 0.119400
vn -0.851400 0.471700 -0.229400
vn -0.502300 -0.606700 0.616100
vn -0.965800 -0.061700 0.251600
vn -0.701500 0.582800 0.410200
vn 0.705300 -0.464100 0.535800
vn 0.000000 0.176500 0.984300
vn 0.148900 0.792000 -0.592100
vn -0.133400 -0.839400 0.526900
vn -0.235300 0.949400 0.208000
vn 0.010300 -0.290200 0.956900
vn -0.011200 -0.903800 0.427700
s off
f 6/1/1 7/2/1 8/3/1
f 4/4/2 5/5/2 7/2/2
f 153/6/3 171/7/3 169/8/3
f 158/9/4 169/8/4 167/10/4
f 158/9/5 153/6/5 169/8/5
f 158/9/6 167/10/6 26/11/6
f 151/12/7 171/7/7 153/6/7
f 58/13/8 148/14/8 149/15/8
f 58/16/9 57/17/9 459/18/9
f 457/19/10 459/20/10 57/21/10
f 58/13/11 151/22/11 150/23/11
f 463/24/12 161/25/12 458/26/12
f 159/27/13 155/28/13 153/6/13
f 153/29/14 152/30/14 150/23/14
f 200/31/15 199/32/15 152/30/15
f 155/33/16 156/34/16 198/35/16
f 160/36/17 156/37/17 155/28/17
f 160/36/18 157/38/18 31/39/18
f 456/40/19 335/41/19 48/42/19
f 457/19/20 149/43/20 148/44/20
f 793/45/21 150/46/21 152/47/21
f 161/48/22 162/49/22 163/49/22
f 176/50/23 177/51/23 178/52/23
f 166/48/24 163/49/24 176/50/24
f 171/7/25 172/7/25 170/8/25
f 173/53/26 174/54/26 172/55/26
f 173/56/27 164/57/27 165/57/27
f 188/58/28 189/59/28 187/60/28
f 190/61/29 191/62/29 189/59/29
f 190/61/30 192/63/30 193/64/30
f 192/63/31 194/65/31 195/66/31
f 196/67/32 197/68/32 195/66/32
f 186/69/33 187/69/33 197/69/33
f 159/70/34 21/71/34 18/72/34
f 160/73/35 18/72/35 157/74/35
f 13/75/36 337/76/36 203/77/36
f 644/78/37 462/79/37 461/80/37
f 173/56/38 171/7/38 151/12/38
f 14/81/39 338/82/39 337/76/39
f 11/83/40 10/84/40 340/85/40
f 225/86/41 224/87/41 222/88/41
f 245/89/42 271/90/42 270/91/42
f 260/92/43 243/93/43 288/91/43
f 261/94/44 311/95/44 271/96/44
f 270/91/45 237/97/45 247/92/45
f 314/98/46 315/99/46 292/100/46
f 235/101/47 254/102/47 251/103/47
f 249/104/48 252/105/48 248/106/48
f 235/101/49 257/103/49 254/102/49
f 252/105/50 255/104/50 248/106/50
f 292/100/46 315/99/46 316/107/46
f 271/90/51 317/108/51 261/109/51
f 287/110/52 320/111/52 285/112/52
f 282/113/53 281/114/53 272/115/53
f 247/92/54 237/97/54 244/116/54
f 238/116/55 243/93/55 260/92/55
f 240/93/56 243/93/56 238/116/56
f 284/117/46 321/118/46 322/119/46
f 285/109/57 319/108/57 287/90/57
f 313/120/46 312/121/46 289/122/46
f 269/115/58 262/123/58 278/123/58
f 244/116/59 237/97/59 240/93/59
f 288/91/60 287/90/60 258/89/60
f 269/115/61 280/124/61 283/125/61
f 265/126/62 283/125/62 280/124/62
f 291/90/63 271/90/63 242/127/63
f 236/127/64 287/90/64 291/90/64
f 258/89/65 287/90/65 236/127/65
f 242/127/66 271/90/66 245/89/66
f 281/114/67 282/113/67 293/128/67
f 304/129/68 305/129/68 302/130/68
f 305/129/69 306/131/69 302/130/69
f 306/131/70 307/132/70 302/130/70
f 307/132/71 308/133/71 302/130/71
f 308/133/72 303/133/72 302/130/72
f 303/133/73 309/132/73 302/130/73
f 309/132/74 310/131/74 302/130/74
f 310/131/75 304/129/75 302/130/75
f 289/122/46 312/121/46 311/134/46
f 311/135/76 312/136/76 270/91/76
f 270/91/77 312/136/77 313/137/77
f 237/138/78 313/139/78 290/140/78
f 243/93/79 314/141/79 286/142/79
f 290/142/80 316/141/80 237/97/80
f 316/143/81 315/144/81 240/145/81
f 240/145/81 315/144/81 314/146/81
f 319/147/82 318/148/82 291/149/82
f 317/150/46 318/151/46 279/152/46
f 279/152/46 318/151/46 319/153/46
f 291/149/82 318/148/82 317/154/82
f 288/91/83 321/136/83 320/155/83
f 286/156/84 322/157/84 243/158/84
f 320/159/46 321/118/46 284/117/46
f 322/160/85 321/136/85 288/91/85
f 284/117/46 286/161/46 292/100/46
f 335/162/86 331/163/86 333/164/86
f 10/84/87 201/165/87 336/166/87
f 14/81/88 11/83/88 339/167/88
f 447/168/89 469/169/89 471/170/89
f 452/171/90 467/172/90 469/169/90
f 452/171/91 469/169/91 447/168/91
f 452/171/92 363/173/92 467/172/92
f 445/174/93 447/168/93 471/170/93
f 394/175/94 393/176/94 443/177/94
f 459/18/95 393/178/95 394/179/95
f 457/19/96 443/180/96 393/181/96
f 394/175/97 442/182/97 444/183/97
f 394/179/98 455/184/98 458/26/98
f 447/168/99 449/185/99 453/186/99
f 444/183/100 446/187/100 447/188/100
f 446/187/101 496/189/101 497/190/101
f 449/191/102 497/190/102 495/192/102
f 449/185/103 450/193/103 454/194/103
f 450/195/104 495/192/104 938/196/104
f 454/194/105 450/193/105 938/197/105
f 453/198/106 359/199/106 362/200/106
f 793/45/107 792/201/107 446/202/107
f 794/203/108 148/44/108 150/46/108
f 794/203/109 793/45/109 444/204/109
f 455/205/110 466/205/110 5/206/110
f 7/207/111 468/172/111 475/208/111
f 466/205/112 468/172/112 7/207/112
f 470/169/113 472/170/113 471/170/113
f 472/170/114 474/209/114 473/209/114
f 473/209/115 474/209/115 465/210/115
f 484/211/116 486/212/116 485/213/116
f 486/212/117 488/214/117 487/215/117
f 487/215/118 488/214/118 490/216/118
f 489/217/119 490/216/119 492/218/119
f 492/218/120 494/219/120 493/220/120
f 494/69/121 484/69/121 483/69/121
f 453/198/122 454/221/122 353/222/122
f 454/221/123 451/223/123 353/222/123
f 500/224/124 646/225/124 348/226/124
f 473/209/125 445/174/125 471/170/125
f 646/225/126 647/227/126 349/228/126
f 345/229/127 648/230/127 649/231/127
f 554/232/128 555/233/128 579/234/128
f 569/235/129 568/233/129 597/234/129
f 570/236/130 580/237/130 620/238/130
f 556/235/131 546/239/131 579/234/131
f 601/240/132 624/241/132 623/242/132
f 544/243/133 560/244/133 563/245/133
f 544/243/134 563/245/134 566/244/134
f 561/246/135 557/247/135 564/248/135
f 601/240/132 599/249/132 625/250/132
f 580/251/136 570/252/136 626/253/136
f 596/254/137 594/255/137 629/256/137
f 581/257/138 590/258/138 591/259/138
f 556/235/139 553/260/139 546/239/139
f 547/260/140 569/235/140 552/261/140
f 547/260/141 552/261/141 549/261/141
f 593/262/132 595/263/132 631/264/132
f 594/252/142 596/251/142 628/253/142
f 598/265/132 621/266/132 622/267/132
f 578/257/143 581/257/143 587/268/143
f 553/260/144 550/269/144 549/261/144
f 567/232/145 596/251/145 597/234/145
f 571/268/146 592/270/146 589/271/146
f 551/272/147 580/251/147 600/251/147
f 545/272/148 548/273/148 600/251/148
f 567/232/149 545/272/149 596/251/149
f 551/272/150 554/232/150 580/251/150
f 602/274/151 591/259/151 590/258/151
f 613/275/152 611/276/152 614/275/152
f 614/275/153 611/276/153 615/277/153
f 615/277/154 611/276/154 616/278/154
f 616/278/155 611/276/155 617/279/155
f 617/279/156 611/276/156 612/279/156
f 612/279/157 611/276/157 618/278/157
f 618/278/158 611/276/158 619/277/158
f 619/277/159 611/276/159 613/275/159
f 598/265/132 570/280/132 620/281/132
f 579/234/160 621/282/160 620/283/160
f 579/234/161 546/239/161 622/284/161
f 546/285/162 599/286/162 622/287/162
f 552/261/163 595/288/163 623/289/163
f 599/288/164 546/239/164 625/289/164
f 549/290/165 624/291/165 625/292/165
f 549/290/165 552/293/165 623/294/165
f 600/295/166 627/296/166 628/297/166
f 588/298/132 627/299/132 626/300/132
f 588/298/132 594/301/132 628/302/132
f 600/295/167 580/237/167 626/303/167
f 597/234/168 596/251/168 629/304/168
f 595/305/169 552/293/169 631/306/169
f 593/262/132 630/307/132 629/308/132
f 597/234/170 630/282/170 631/309/170
f 640/310/171 462/311/171 644/312/171
f 344/313/172 649/231/172 645/314/172
f 349/228/173 647/227/173 648/230/173
f 653/315/174 652/316/174 744/317/174
f 653/318/175 756/319/175 652/320/175
f 656/321/176 657/322/176 655/323/176
f 757/324/177 651/325/177 650/326/177
f 756/327/178 757/324/178 655/328/178
f 654/329/176 661/330/176 660/331/176
f 661/330/176 665/332/176 664/333/176
f 665/332/176 671/334/176 664/333/176
f 715/335/179 717/336/179 719/337/179
f 653/315/180 651/338/180 758/339/180
f 761/340/178 760/341/178 759/342/178
f 757/324/181 756/327/181 760/341/181
f 651/325/182 757/324/182 761/340/182
f 653/318/183 759/343/183 760/344/183
f 765/345/178 773/346/178 772/347/178
f 771/348/184 767/349/184 768/350/184
f 763/351/185 788/352/185 789/353/185
f 768/350/186 762/354/186 764/350/186
f 769/345/178 763/351/178 767/349/178
f 764/350/187 771/348/187 768/350/187
f 770/355/188 775/356/188 771/348/188
f 769/345/189 775/356/189 773/346/189
f 779/357/190 781/358/190 777/359/190
f 773/346/190 779/360/190 777/361/190
f 772/347/178 777/361/178 776/361/178
f 774/362/186 779/360/186 775/356/186
f 780/363/191 783/364/191 782/364/191
f 776/361/178 781/363/178 780/363/178
f 784/365/186 787/366/186 785/365/186
f 783/364/191 786/366/191 782/364/191
f 779/360/192 784/365/192 785/365/192
f 783/367/193 785/368/193 787/369/193
f 774/362/194 763/351/194 765/345/194
f 790/370/195 788/352/195 791/371/195
f 762/354/196 791/371/196 788/352/196
f 763/351/197 790/370/197 767/349/197
f 767/349/198 791/371/198 766/372/198
f 152/47/199 341/373/199 792/201/199
f 792/201/200 462/79/200 446/202/200
f 442/374/201 443/180/201 457/19/201
f 335/41/202 456/40/202 461/80/202
f 382/375/203 644/78/203 456/40/203
f 1010/376/204 903/377/204 1028/378/204
f 1009/379/205 1010/376/205 1028/378/205
f 650/326/206 654/380/206 757/324/206
f 655/328/207 757/324/207 654/380/207
f 656/381/208 652/320/208 756/319/208
f 756/319/209 657/382/209 656/381/209
f 58/16/210 458/26/210 161/25/210
f 58/383/211 173/56/211 151/12/211
f 463/24/212 458/26/212 455/184/212
f 394/384/213 445/385/213 473/386/213
f 394/179/214 473/209/214 455/387/214
f 161/388/215 173/56/215 58/383/215
f 744/317/174 650/389/174 651/338/174
f 651/338/174 653/315/174 744/317/174
f 668/390/176 664/333/176 671/334/176
f 665/332/176 669/391/176 671/334/176
f 719/337/179 697/392/179 715/335/179
f 696/393/216 714/394/216 715/335/216
f 715/335/216 716/395/216 717/336/216
f 717/336/216 718/396/216 719/337/216
f 697/392/216 696/393/216 715/335/216
f 765/345/178 769/345/178 773/346/178
f 766/372/217 768/350/217 767/349/217
f 771/348/218 769/345/218 767/349/218
f 763/351/185 762/354/185 788/352/185
f 768/350/186 766/372/186 762/354/186
f 769/345/178 765/345/178 763/351/178
f 764/350/219 770/355/219 771/348/219
f 770/355/220 774/362/220 775/356/220
f 769/345/221 771/348/221 775/356/221
f 779/357/190 783/367/190 781/358/190
f 773/346/222 775/356/222 779/360/222
f 772/347/178 773/346/178 777/361/178
f 774/362/186 778/360/186 779/360/186
f 780/363/191 781/363/191 783/364/191
f 776/361/178 777/361/178 781/363/178
f 784/365/186 786/366/186 787/366/186
f 783/364/191 787/366/191 786/366/191
f 779/360/192 778/360/192 784/365/192
f 783/367/223 779/357/223 785/368/223
f 780/363/224 782/364/224 778/360/224
f 786/366/225 784/365/225 782/364/225
f 782/364/226 784/365/226 778/360/226
f 772/347/224 776/361/224 778/360/224
f 762/354/227 763/351/227 764/350/227
f 765/345/194 772/347/194 774/362/194
f 780/363/224 778/360/224 776/361/224
f 770/355/228 764/350/228 763/351/228
f 772/347/229 778/360/229 774/362/229
f 774/362/230 770/355/230 763/351/230
f 790/370/195 789/353/195 788/352/195
f 762/354/196 766/372/196 791/371/196
f 763/351/197 789/353/197 790/370/197
f 767/349/198 790/370/198 791/371/198
f 461/80/231 792/201/231 341/373/231
f 152/47/232 154/397/232 341/373/232
f 448/398/233 446/202/233 462/79/233
f 792/201/234 461/80/234 462/79/234
f 822/399/235 1028/378/235 903/377/235
f 1010/376/236 905/400/236 903/377/236
f 1028/378/237 953/401/237 1009/379/237
f 1009/379/238 1011/402/238 1010/376/238
f 152/30/239 153/29/239 200/31/239
f 153/29/240 155/33/240 200/31/240
f 199/32/241 154/403/241 152/30/241
f 469/404/242 473/405/242 464/406/242
f 173/407/243 171/408/243 169/409/243
f 169/409/244 167/410/244 161/411/244
f 195/66/245 187/60/245 191/62/245
f 187/60/246 189/59/246 191/62/246
f 488/214/247 484/211/247 492/218/247
f 195/66/248 197/68/248 187/60/248
f 169/409/249 161/411/249 164/412/249
f 196/69/250 194/69/250 192/69/250
f 192/69/251 190/69/251 188/69/251
f 449/191/252 447/188/252 497/190/252
f 446/187/253 448/413/253 496/189/253
f 497/190/254 447/188/254 446/187/254
f 455/414/255 467/415/255 469/404/255
f 469/404/256 471/416/256 473/405/256
f 488/214/257 486/212/257 484/211/257
f 484/211/258 494/219/258 492/218/258
f 489/69/259 493/69/259 483/69/259
f 192/69/260 188/69/260 186/69/260
f 485/69/261 487/69/261 489/69/261
f 489/69/262 491/69/262 493/69/262
f 333/164/263 325/417/263 335/162/263
f 335/162/264 341/418/264 331/163/264
f 325/417/265 48/419/265 335/162/265
f 329/420/266 331/163/266 341/418/266
f 382/421/267 634/422/267 644/312/267
f 642/423/268 640/310/268 644/312/268
f 638/424/269 462/311/269 640/310/269
f 644/312/270 634/422/270 642/423/270
f 693/425/271 695/426/271 673/427/271
f 228/428/272 227/429/272 226/430/272
f 224/87/273 223/431/273 222/88/273
f 221/432/274 228/428/274 226/430/274
f 535/433/275 525/434/275 533/435/275
f 527/436/276 529/437/276 531/438/276
f 531/438/277 532/439/277 527/436/277
f 533/435/278 534/440/278 535/433/278
f 226/430/279 225/86/279 222/88/279
f 741/441/216 743/442/216 721/443/216
f 672/444/280 690/445/280 691/446/280
f 691/446/280 692/447/280 693/425/280
f 693/425/271 694/448/271 695/426/271
f 673/427/280 672/444/280 691/446/280
f 720/449/179 738/450/179 739/451/179
f 739/451/216 740/452/216 741/441/216
f 741/441/179 742/453/179 743/442/179
f 721/443/216 720/449/216 739/451/216
f 533/435/281 525/434/281 527/436/281
f 289/122/46 261/454/46 279/152/46
f 279/152/46 285/455/46 284/117/46
f 601/240/132 593/262/132 588/298/132
f 290/456/46 289/122/46 292/100/46
f 588/298/132 570/280/132 598/265/132
f 598/265/132 599/249/132 601/240/132
f 292/100/282 286/161/282 243/161/282
f 595/263/132 593/262/132 601/240/132
f 292/100/46 289/122/46 279/152/46
f 593/262/132 594/301/132 588/298/132
f 552/263/283 595/263/283 601/240/283
f 1/457/284 6/1/284 8/3/284
f 6/1/285 4/4/285 7/2/285
f 57/458/286 58/13/286 149/15/286
f 458/26/287 58/16/287 459/18/287
f 149/43/288 457/19/288 57/21/288
f 148/14/289 58/13/289 150/23/289
f 158/9/290 159/27/290 153/6/290
f 151/22/291 153/29/291 150/23/291
f 200/31/292 155/33/292 198/35/292
f 159/27/293 160/36/293 155/28/293
f 156/37/294 160/36/294 31/39/294
f 460/459/295 456/40/295 48/42/295
f 794/203/20 457/19/20 148/44/20
f 792/201/296 793/45/296 152/47/296
f 166/48/297 161/48/297 163/49/297
f 168/10/298 176/50/298 178/52/298
f 168/10/299 166/48/299 176/50/299
f 169/8/300 171/7/300 170/8/300
f 171/460/26 173/53/26 172/55/26
f 174/56/301 173/56/301 165/57/301
f 186/461/302 188/58/302 187/60/302
f 188/58/303 190/61/303 189/59/303
f 191/62/304 190/61/304 193/64/304
f 193/64/305 192/63/305 195/66/305
f 194/65/306 196/67/306 195/66/306
f 196/69/307 186/69/307 197/69/307
f 160/73/308 159/70/308 18/72/308
f 801/462/309 13/75/309 203/77/309
f 456/40/310 644/78/310 461/80/310
f 13/75/311 14/81/311 337/76/311
f 339/167/312 11/83/312 340/85/312
f 246/463/313 245/89/313 270/91/313
f 259/463/314 260/92/314 288/91/314
f 246/463/315 270/91/315 247/92/315
f 286/161/46 314/98/46 292/100/46
f 290/456/46 292/100/46 316/107/46
f 278/123/53 282/113/53 272/115/53
f 241/464/316 240/93/316 238/116/316
f 286/161/46 284/117/46 322/119/46
f 290/456/46 313/120/46 289/122/46
f 272/115/58 269/115/58 278/123/58
f 241/464/317 244/116/317 240/93/317
f 259/463/318 288/91/318 258/89/318
f 262/123/61 269/115/61 283/125/61
f 268/465/62 265/126/62 280/124/62
f 239/466/319 291/90/319 242/127/319
f 239/466/320 236/127/320 291/90/320
f 275/465/321 281/114/321 293/128/321
f 261/454/46 289/122/46 311/134/46
f 271/90/322 311/135/322 270/91/322
f 237/97/323 270/91/323 313/137/323
f 237/138/324 316/143/324 240/145/324
f 243/158/81 240/145/81 314/146/81
f 287/110/325 319/147/325 291/149/325
f 261/454/46 317/150/46 279/152/46
f 285/455/46 279/152/46 319/153/46
f 271/467/326 291/149/326 317/154/326
f 287/90/327 288/91/327 320/155/327
f 285/455/46 320/159/46 284/117/46
f 243/93/328 322/160/328 288/91/328
f 340/85/329 10/84/329 336/166/329
f 338/82/330 14/81/330 339/167/330
f 442/182/331 394/175/331 443/177/331
f 458/26/332 459/18/332 394/179/332
f 459/20/333 457/19/333 393/181/333
f 445/468/334 394/175/334 444/183/334
f 452/171/335 447/168/335 453/186/335
f 445/468/336 444/183/336 447/188/336
f 450/195/337 449/191/337 495/192/337
f 453/186/338 449/185/338 454/194/338
f 451/469/339 454/194/339 938/197/339
f 452/470/340 453/198/340 362/200/340
f 444/204/341 793/45/341 446/202/341
f 793/45/342 794/203/342 150/46/342
f 442/374/343 794/203/343 444/204/343
f 4/206/344 455/205/344 5/206/344
f 8/471/345 7/207/345 475/208/345
f 5/206/346 466/205/346 7/207/346
f 469/169/347 470/169/347 471/170/347
f 471/170/348 472/170/348 473/209/348
f 464/210/349 473/209/349 465/210/349
f 483/472/350 484/211/350 485/213/350
f 485/213/351 486/212/351 487/215/351
f 489/217/352 487/215/352 490/216/352
f 491/473/353 489/217/353 492/218/353
f 491/473/354 492/218/354 493/220/354
f 493/69/355 494/69/355 483/69/355
f 359/199/356 453/198/356 353/222/356
f 347/474/357 500/224/357 348/226/357
f 348/226/358 646/225/358 349/228/358
f 344/313/359 345/229/359 649/231/359
f 580/251/360 554/232/360 579/234/360
f 552/261/361 569/235/361 597/234/361
f 555/233/362 556/235/362 579/234/362
f 595/263/132 601/240/132 623/242/132
f 624/241/132 601/240/132 625/250/132
f 587/268/138 581/257/138 591/259/138
f 550/269/363 547/260/363 549/261/363
f 630/307/132 593/262/132 631/264/132
f 599/249/132 598/265/132 622/267/132
f 571/268/143 578/257/143 587/268/143
f 546/239/364 553/260/364 549/261/364
f 568/233/365 567/232/365 597/234/365
f 578/257/146 571/268/146 589/271/146
f 548/273/366 551/272/366 600/251/366
f 596/251/367 545/272/367 600/251/367
f 584/475/368 602/274/368 590/258/368
f 621/266/132 598/265/132 620/281/132
f 580/251/369 579/234/369 620/283/369
f 621/282/370 579/234/370 622/284/370
f 546/285/371 549/290/371 625/292/371
f 624/291/165 549/290/165 623/294/165
f 596/254/372 600/295/372 628/297/372
f 570/280/132 588/298/132 626/300/132
f 627/299/132 588/298/132 628/302/132
f 627/296/166 600/295/166 626/303/166
f 630/282/373 597/234/373 629/304/373
f 594/301/132 593/262/132 629/308/132
f 552/261/374 597/234/374 631/309/374
f 498/476/375 344/313/375 645/314/375
f 345/229/376 349/228/376 648/230/376
f 654/329/176 656/321/176 655/323/176
f 657/477/178 756/327/178 655/328/178
f 656/321/176 654/329/176 660/331/176
f 660/331/176 661/330/176 664/333/176
f 759/342/180 653/315/180 758/339/180
f 758/339/178 761/340/178 759/342/178
f 761/340/181 757/324/181 760/341/181
f 758/339/182 651/325/182 761/340/182
f 756/319/183 653/318/183 760/344/183
f 794/203/377 442/374/377 457/19/377
f 341/373/378 335/41/378 461/80/378
f 460/459/379 382/375/379 456/40/379
f 455/414/380 469/404/380 464/406/380
f 193/64/245 195/66/245 191/62/245
f 490/216/381 488/214/381 492/218/381
f 173/407/382 169/409/382 164/412/382
f 485/69/383 489/69/383 483/69/383
f 196/69/384 192/69/384 186/69/384
f 691/446/280 693/425/280 673/427/280
f 221/432/385 226/430/385 222/88/385
f 739/451/179 741/441/179 721/443/179
f 532/439/386 533/435/386 527/436/386
f 598/265/132 601/240/132 588/298/132
f 240/100/282 292/100/282 243/161/282
f 284/117/46 292/100/46 279/152/46
f 549/240/283 552/263/283 601/240/283
s 1
f 54/478/387 25/51/388 52/479/389
f 212/480/390 55/481/391 15/482/392
f 21/483/393 931/484/394 18/485/395
f 24/486/396 26/11/397 53/487/398
f 52/479/389 141/488/399 51/489/400
f 30/490/401 9/491/402 27/492/403
f 10/493/404 798/494/405 29/495/406
f 501/496/407 504/497/408 9/498/402
f 30/490/401 27/492/403 210/499/409
f 29/495/406 201/500/410 10/493/404
f 441/501/411 1032/502/412 1030/503/413
f 798/494/405 809/504/414 29/495/406
f 809/504/414 27/505/403 29/495/406
f 41/506/415 816/507/416 42/508/417
f 33/509/418 35/510/419 220/511/420
f 219/512/421 36/513/422 38/514/423
f 39/515/424 41/506/415 43/516/425
f 915/517/426 234/518/427 46/519/428
f 232/520/429 45/521/430 44/522/431
f 230/523/432 44/522/431 46/519/428
f 816/507/416 36/513/422 37/524/433
f 39/515/424 38/514/423 36/513/422
f 43/516/425 40/525/434 39/515/424
f 39/515/424 40/525/434 815/526/435
f 217/527/436 35/510/419 33/509/418
f 217/527/436 218/528/437 34/529/438
f 323/530/439 34/529/438 218/528/437
f 504/531/408 502/532/440 49/533/441
f 22/534/442 358/535/443 21/483/393
f 51/489/400 54/478/387 52/479/389
f 52/479/389 25/51/388 384/536/444
f 384/536/444 385/537/445 52/479/389
f 51/489/400 24/486/396 53/487/398
f 53/487/398 54/478/387 51/489/400
f 51/489/400 21/483/393 24/486/396
f 23/538/446 50/539/447 22/534/442
f 26/11/397 54/478/387 53/487/398
f 26/11/397 25/51/388 54/478/387
f 434/540/448 358/535/443 22/534/442
f 23/538/446 21/483/393 51/489/400
f 22/534/442 21/483/393 23/538/446
f 358/535/443 931/484/394 21/483/393
f 354/541/449 1030/503/413 1031/542/450
f 898/543/451 210/499/409 27/492/403
f 30/490/401 210/499/409 15/544/392
f 55/481/391 56/545/452 16/546/453
f 59/547/454 798/494/405 60/548/455
f 60/548/455 62/549/456 63/550/457
f 62/549/456 64/551/458 65/552/459
f 65/552/459 64/551/458 824/553/460
f 61/554/461 63/550/457 123/555/462
f 65/552/459 825/556/463 121/557/464
f 61/554/461 124/558/465 883/559/466
f 63/550/457 65/552/459 122/560/467
f 66/561/468 67/562/469 74/563/470
f 108/564/471 94/565/472 95/566/473
f 110/567/474 93/568/475 94/569/472
f 113/570/476 91/571/477 92/572/478
f 72/573/479 75/574/480 68/575/481
f 98/576/482 96/577/483 91/578/477
f 73/579/484 848/579/485 85/579/486
f 67/562/469 68/575/481 75/574/480
f 106/580/487 95/566/473 96/577/483
f 833/581/488 74/563/470 77/582/489
f 71/583/490 70/584/491 834/585/492
f 77/582/489 88/586/493 89/587/494
f 76/588/495 78/589/496 75/574/480
f 83/590/497 84/591/498 842/592/499
f 74/563/470 75/574/480 78/589/496
f 837/593/500 89/587/494 88/586/493
f 89/594/494 86/595/501 70/596/491
f 87/597/502 90/598/503 78/589/496
f 842/592/499 851/599/504 87/597/502
f 73/600/484 79/601/505 82/602/506
f 78/589/496 90/598/503 88/586/493
f 843/603/507 81/604/508 90/598/503
f 80/605/509 88/586/493 90/598/503
f 73/606/484 85/607/486 83/590/497
f 85/579/486 848/579/485 849/579/510
f 79/608/505 83/590/497 72/573/479
f 72/573/479 83/590/497 76/588/495
f 100/609/511 102/610/512 101/611/513
f 107/612/514 120/613/515 878/614/516
f 101/611/513 102/610/512 857/615/517
f 108/616/471 109/617/518 866/618/519
f 111/619/520 112/620/521 114/621/522
f 106/580/487 107/612/514 109/622/518
f 113/623/476 114/624/522 97/625/523
f 98/576/482 97/625/523 107/612/514
f 105/626/524 865/627/525 100/609/511
f 103/628/526 873/629/527 115/630/528
f 109/617/518 878/631/516 877/632/529
f 97/625/523 119/633/530 120/613/515
f 114/624/522 118/634/531 119/633/530
f 119/633/530 116/635/532 115/630/528
f 118/634/531 117/636/533 116/635/532
f 120/613/515 115/630/528 873/629/527
f 116/635/532 117/636/533 105/626/524
f 101/611/513 115/630/528 116/635/532
f 122/560/467 121/557/464 104/637/534
f 102/610/512 123/555/462 122/560/467
f 124/558/465 123/555/462 102/610/512
f 865/627/525 883/559/466 124/558/465
f 96/577/483 147/638/535 143/639/536
f 94/569/472 93/568/475 144/640/537
f 94/565/472 146/641/538 145/642/539
f 91/571/477 143/643/536 142/644/540
f 95/566/473 145/642/539 147/638/535
f 137/645/541 133/646/542 140/647/543
f 138/648/544 888/649/545 139/650/546
f 135/651/547 136/652/548 131/653/549
f 134/654/550 139/655/546 140/647/543
f 136/656/548 137/645/541 131/657/549
f 140/647/543 68/575/481 67/562/469
f 131/657/549 67/562/469 66/561/468
f 139/655/546 831/658/551 68/575/481
f 128/659/552 127/660/553 138/648/544
f 130/661/554 137/645/541 136/656/548
f 129/662/555 133/646/542 137/645/541
f 126/663/556 125/664/557 136/652/548
f 128/665/552 134/654/550 133/646/542
f 843/603/507 87/597/502 851/599/504
f 85/579/486 849/579/510 84/579/498
f 888/649/545 69/666/558 831/667/551
f 816/507/416 41/506/415 39/515/424
f 50/539/447 23/538/446 141/488/399
f 32/668/559 38/514/423 39/515/424
f 3/669/560 433/670/561 50/539/447
f 52/479/389 385/537/445 3/669/560
f 50/539/447 433/670/561 434/540/448
f 51/489/400 141/488/399 23/538/446
f 203/671/562 208/672/563 801/673/564
f 147/638/535 145/642/539 129/662/555
f 143/639/536 147/638/535 130/661/554
f 146/674/538 144/675/537 127/660/553
f 146/641/538 128/665/552 129/662/555
f 143/643/536 125/664/557 126/663/556
f 824/553/460 64/551/458 14/676/565
f 14/676/565 64/551/458 62/549/456
f 12/677/566 60/548/455 798/494/405
f 11/678/567 62/549/456 60/548/455
f 156/34/568 31/679/569 198/35/570
f 24/680/396 21/71/393 159/70/571
f 24/486/396 158/9/572 26/11/397
f 18/485/395 931/484/394 157/38/573
f 9/681/402 201/500/410 29/495/406
f 49/533/441 502/532/440 48/682/574
f 164/57/575 161/48/576 166/48/577
f 179/683/578 25/684/388 175/685/579
f 175/685/579 162/686/580 161/411/576
f 169/8/581 170/8/582 168/10/583
f 175/685/579 25/684/388 177/687/584
f 181/688/585 185/689/586 174/56/587
f 162/686/580 175/685/579 176/690/588
f 178/52/589 179/52/578 167/10/590
f 177/51/584 25/51/388 179/52/578
f 180/691/591 181/688/585 165/57/592
f 170/8/582 183/692/593 182/693/594
f 184/694/595 183/692/593 170/8/582
f 174/56/587 185/689/586 184/694/595
f 168/10/583 182/693/594 180/691/591
f 206/695/596 209/696/597 204/697/598
f 207/698/599 202/699/600 801/673/564
f 209/696/597 208/672/563 203/671/562
f 12/677/566 10/493/404 11/678/567
f 12/677/566 798/494/405 10/493/404
f 16/546/453 56/545/452 1038/700/601
f 205/701/602 213/702/603 206/695/596
f 208/672/563 213/702/603 207/698/599
f 202/699/600 207/698/599 205/701/602
f 205/701/602 206/695/596 198/703/570
f 211/704/604 15/544/392 210/499/409
f 207/698/599 213/702/603 205/701/602
f 206/695/596 213/702/603 209/696/597
f 209/696/597 213/702/603 208/672/563
f 214/705/605 900/706/606 805/707/607
f 518/708/608 357/709/609 355/710/610
f 215/711/611 216/712/612 56/545/452
f 216/712/612 1029/713/613 1038/700/601
f 1035/714/614 1034/715/615 1044/715/616
f 216/712/612 215/711/611 214/716/605
f 19/717/617 218/718/437 217/719/436
f 20/709/618 217/527/436 909/720/619
f 34/529/438 219/512/421 220/511/420
f 912/721/620 220/511/420 38/514/423
f 502/532/440 382/722/621 460/723/622
f 222/724/623 528/725/624 526/726/625
f 223/727/626 530/728/627 528/725/624
f 224/727/628 16/729/453 223/727/626
f 536/730/629 504/730/408 9/731/402
f 221/732/630 526/726/625 536/730/629
f 226/732/631 227/733/632 9/731/402
f 225/724/633 226/732/631 30/734/401
f 224/727/628 225/724/633 16/729/453
f 229/735/634 233/736/635 43/516/425
f 229/735/634 230/523/432 234/518/427
f 42/508/417 231/737/636 229/735/634
f 231/737/636 232/520/429 230/523/432
f 40/525/434 43/516/425 233/736/635
f 914/738/637 233/736/635 234/518/427
f 258/89/638 236/127/639 248/739/640
f 235/740/641 238/116/642 260/92/643
f 236/127/639 239/466/644 248/739/640
f 235/740/641 241/464/645 238/116/642
f 239/466/644 242/127/646 248/739/640
f 235/740/641 244/116/647 241/464/645
f 242/127/646 245/89/648 248/739/640
f 235/740/641 247/92/649 244/116/647
f 235/740/641 251/741/650 247/92/649
f 250/742/651 249/743/652 245/89/648
f 247/92/649 251/741/650 250/742/651
f 245/89/648 249/743/652 248/739/640
f 253/744/653 252/745/654 249/743/652
f 251/741/650 254/746/655 253/744/653
f 256/742/656 255/743/657 252/745/654
f 254/746/655 257/741/658 256/742/656
f 235/740/641 260/92/643 257/741/658
f 259/463/659 258/89/638 255/743/657
f 257/741/658 260/92/643 259/463/659
f 255/743/657 258/89/638 248/739/640
f 301/747/660 310/748/661 309/749/662
f 294/750/663 303/751/664 308/752/665
f 268/465/666 267/753/667 264/754/668
f 298/755/669 307/756/670 306/757/671
f 264/754/668 267/753/667 266/758/672
f 280/124/673 269/115/674 266/758/672
f 296/759/675 305/760/676 304/761/677
f 304/761/677 310/748/661 301/747/660
f 309/749/662 303/751/664 294/750/663
f 274/753/678 277/754/679 276/762/680
f 308/752/665 307/756/670 298/755/669
f 282/113/681 278/123/682 276/762/680
f 297/763/683 306/764/671 305/760/676
f 280/124/673 267/753/667 268/465/666
f 283/125/684 264/754/668 263/762/685
f 281/114/686 274/753/678 273/758/687
f 265/126/688 264/754/668 283/125/684
f 275/465/689 274/753/678 281/114/686
f 277/754/679 293/128/690 282/113/681
f 274/753/678 275/465/689 293/128/690
f 276/762/680 278/123/682 295/765/691
f 273/758/687 276/762/680 301/766/660
f 273/758/687 300/767/692 294/768/663
f 272/115/693 294/768/663 299/768/694
f 269/115/674 299/768/694 298/767/669
f 266/758/672 298/767/669 297/766/683
f 263/762/685 297/766/683 296/765/675
f 278/123/682 262/123/695 296/765/675
f 47/769/696 46/519/428 44/522/431
f 219/512/421 34/529/438 323/530/439
f 36/513/422 219/512/421 920/770/697
f 19/710/617 805/707/607 324/771/698
f 326/772/699 327/773/700 48/774/574
f 204/775/598 328/776/701 200/777/702
f 328/776/701 330/778/703 329/779/704
f 330/778/703 332/780/705 331/781/706
f 332/780/705 334/782/707 333/783/708
f 334/782/707 326/772/699 325/784/709
f 326/772/699 334/782/707 340/785/710
f 334/782/707 332/780/705 339/786/711
f 332/780/705 330/778/703 338/787/712
f 330/778/703 328/776/701 337/788/713
f 204/775/598 203/789/562 337/788/713
f 327/773/700 326/772/699 336/790/714
f 49/791/441 327/773/700 201/792/410
f 49/791/441 48/774/574 327/773/700
f 9/681/402 49/533/441 201/500/410
f 390/793/715 388/794/716 1/471/717
f 350/795/718 391/796/719 513/797/720
f 359/798/721 353/799/722 931/484/394
f 362/800/723 389/801/724 363/173/725
f 388/794/716 387/802/726 432/803/727
f 366/804/728 364/805/729 343/806/730
f 344/807/731 365/808/732 925/809/733
f 501/496/407 366/810/728 343/811/730
f 366/804/728 511/812/734 364/805/729
f 365/808/732 344/807/731 498/813/735
f 1033/814/736 1035/815/614 441/501/411
f 925/809/733 365/808/732 367/816/737
f 367/816/737 365/808/732 364/817/729
f 377/506/738 949/508/739 375/507/740
f 524/511/741 371/510/742 369/509/743
f 523/512/744 524/511/741 373/514/745
f 376/818/746 378/516/747 377/506/738
f 1020/517/748 951/769/749 381/519/750
f 379/522/751 380/521/752 541/520/753
f 538/523/754 543/518/755 381/519/750
f 375/507/740 943/524/756 372/513/757
f 376/818/746 375/507/740 372/513/757
f 378/516/747 376/818/746 947/525/758
f 376/818/746 374/526/759 947/525/758
f 520/527/760 1015/720/761 369/509/743
f 520/527/760 371/510/742 370/529/762
f 521/819/763 370/529/762 633/530/764
f 504/531/408 343/820/730 383/821/765
f 360/822/766 359/798/721 358/535/443
f 387/802/726 388/794/716 390/793/715
f 388/794/716 384/536/444 1/471/717
f 384/536/444 388/794/716 385/537/445
f 387/802/726 389/801/724 362/800/723
f 389/801/724 387/802/726 390/793/715
f 387/802/726 362/800/723 359/798/721
f 361/823/767 360/822/766 386/824/768
f 363/173/725 389/801/724 390/793/715
f 363/173/725 390/793/715 1/471/717
f 434/540/448 360/822/766 358/535/443
f 361/823/767 387/802/726 359/798/721
f 360/822/766 361/823/767 359/798/721
f 358/535/443 359/798/721 931/484/394
f 354/541/449 1036/825/769 1033/814/736
f 514/826/770 935/827/771 364/805/729
f 350/795/718 511/812/734 366/804/728
f 350/795/718 351/828/772 392/829/773
f 397/830/774 396/831/775 925/809/733
f 399/832/776 398/833/777 396/831/775
f 401/834/778 400/835/779 398/833/777
f 401/834/778 403/836/780 402/837/781
f 397/830/774 431/838/782 430/839/783
f 401/834/778 429/840/784 994/841/785
f 995/842/786 431/838/782 397/830/774
f 399/832/776 430/839/783 429/840/784
f 419/843/787 409/844/788 408/845/789
f 408/846/789 961/847/790 421/848/791
f 406/849/792 405/849/793 423/849/794
f 423/850/794 405/851/793 410/852/795
f 412/853/796 410/852/795 409/844/788
f 415/854/797 416/855/798 414/856/799
f 420/857/800 973/858/801 428/859/802
f 415/854/797 417/860/803 418/861/804
f 972/862/805 973/858/801 420/857/800
f 423/850/794 412/853/796 411/863/806
f 412/853/796 419/843/787 420/857/800
f 970/864/807 413/865/808 414/856/799
f 415/854/797 424/866/809 983/867/810
f 411/863/806 420/857/800 427/868/811
f 980/869/812 411/863/806 426/870/813
f 426/870/813 427/868/811 424/866/809
f 987/871/814 426/870/813 425/872/815
f 428/859/802 983/867/810 424/866/809
f 970/864/807 986/873/816 425/872/815
f 415/854/797 413/865/808 425/872/815
f 418/861/804 963/874/817 994/841/785
f 416/855/798 418/861/804 429/840/784
f 416/855/798 430/839/783 431/838/782
f 971/875/818 414/856/799 431/838/782
f 405/851/793 440/876/819 410/852/795
f 438/877/820 997/878/821 961/847/790
f 437/879/822 438/880/820 408/845/789
f 439/881/823 406/882/792 407/883/824
f 406/849/792 435/849/825 436/849/826
f 410/852/795 440/876/819 437/879/822
f 375/507/740 376/818/746 377/506/738
f 386/824/768 432/803/727 361/823/767
f 368/668/827 374/526/759 376/818/746
f 386/824/768 433/670/561 3/669/560
f 388/794/716 432/803/727 3/669/560
f 434/540/448 433/670/561 386/824/768
f 387/802/726 361/823/767 432/803/727
f 500/884/828 347/885/829 509/886/830
f 349/887/831 400/835/779 402/837/781
f 345/888/832 398/833/777 400/835/779
f 346/889/833 925/809/733 396/831/775
f 346/889/833 396/831/775 398/833/777
f 362/800/723 363/173/725 452/171/834
f 353/799/722 451/469/835 931/484/394
f 365/808/732 498/813/735 343/820/730
f 465/210/836 466/205/837 455/205/838
f 6/1/839 1/457/717 476/890/840
f 455/414/838 4/4/841 6/1/839
f 467/172/842 468/172/843 470/169/844
f 465/210/836 474/209/845 482/891/846
f 467/172/842 476/208/840 475/208/847
f 476/208/840 1/471/717 8/471/848
f 465/210/836 478/892/849 477/893/850
f 470/169/844 468/172/843 479/894/851
f 470/169/844 480/895/852 481/896/853
f 474/209/845 472/170/854 481/896/853
f 466/205/837 477/893/850 479/894/851
f 505/897/855 510/898/856 507/899/857
f 347/885/829 499/900/858 508/901/859
f 500/884/828 509/886/830 510/898/856
f 346/889/833 345/888/832 344/807/731
f 346/889/833 344/807/731 925/809/733
f 351/902/772 503/903/860 1037/904/861
f 506/905/862 507/899/857 515/906/863
f 509/886/830 508/901/859 515/906/863
f 499/900/858 938/197/864 506/905/862
f 495/907/865 507/899/857 506/905/862
f 512/908/866 514/826/770 511/812/734
f 508/901/859 506/905/862 515/906/863
f 507/899/857 510/898/856 515/906/863
f 510/898/856 509/886/830 515/906/863
f 356/909/867 1006/910/868 516/911/869
f 20/709/618 216/708/612 19/710/617
f 392/912/773 518/708/608 517/913/870
f 1037/904/861 1034/914/615 518/708/608
f 391/915/719 517/913/870 519/916/871
f 503/917/860 1038/700/601 1046/700/872
f 516/911/869 518/708/608 355/710/610
f 518/708/608 516/911/869 517/913/870
f 1006/910/868 519/916/871 517/913/870
f 357/709/609 520/527/760 521/819/763
f 357/709/609 352/918/873 1015/720/761
f 370/529/762 371/510/742 524/511/741
f 373/514/745 524/511/741 522/721/874
f 383/821/765 382/722/621 502/532/440
f 526/726/625 528/725/624 527/919/875
f 528/725/624 530/728/627 529/920/876
f 530/728/627 351/921/772 529/920/876
f 343/922/730 536/730/629 535/923/877
f 536/730/629 526/726/625 525/924/878
f 533/924/879 366/925/728 343/922/730
f 532/919/880 351/921/772 366/925/728
f 531/920/881 351/921/772 532/919/880
f 378/516/747 542/736/882 537/735/883
f 537/735/883 542/736/882 543/518/755
f 537/735/883 540/926/884 949/508/739
f 538/523/754 541/520/753 540/926/884
f 947/525/758 539/738/885 542/736/882
f 539/738/885 1020/517/748 543/518/755
f 567/232/886 557/927/887 545/272/888
f 544/928/889 569/235/890 547/260/891
f 545/272/888 557/927/887 548/273/892
f 544/928/889 547/260/891 550/269/893
f 548/273/892 557/927/887 551/272/894
f 544/928/889 550/269/893 553/260/895
f 551/272/894 557/927/887 554/232/896
f 544/928/889 553/260/895 556/235/897
f 544/928/889 556/235/897 560/929/898
f 554/232/896 558/930/899 559/931/900
f 556/235/897 555/233/901 559/931/900
f 554/232/896 557/927/887 558/930/899
f 558/930/899 561/932/902 562/933/903
f 560/929/898 559/931/900 562/933/903
f 558/248/899 557/247/887 561/246/902
f 561/932/902 564/930/904 565/931/905
f 563/934/906 562/933/903 565/931/905
f 544/928/889 566/929/907 569/235/890
f 564/930/904 567/232/886 568/233/908
f 566/929/907 565/931/905 568/233/908
f 564/930/904 557/927/887 567/232/886
f 609/935/909 618/936/910 619/937/911
f 608/938/912 617/939/913 612/940/914
f 573/941/915 576/942/916 577/475/917
f 606/943/918 615/944/919 616/945/920
f 572/946/921 575/947/922 576/942/916
f 575/947/922 578/257/923 589/271/924
f 604/948/925 613/949/926 614/950/927
f 610/951/928 619/937/911 613/949/926
f 603/952/929 612/940/914 618/936/910
f 583/942/930 582/947/931 585/946/932
f 608/938/912 607/953/933 616/945/920
f 585/946/932 587/268/934 591/259/935
f 605/954/936 614/950/927 615/955/919
f 589/271/924 577/475/917 576/942/916
f 592/270/937 571/268/938 572/946/921
f 590/258/939 581/257/940 582/947/931
f 574/956/941 592/270/937 573/941/915
f 584/475/942 590/258/939 583/942/930
f 574/956/941 577/475/917 589/271/924
f 586/941/943 591/259/935 602/274/944
f 583/942/930 586/941/943 602/274/944
f 610/957/928 604/958/925 587/268/934
f 582/947/931 609/959/909 610/957/928
f 603/960/929 609/959/909 582/947/931
f 608/960/912 603/960/929 581/257/940
f 607/959/933 608/960/912 578/257/923
f 606/957/918 607/959/933 575/947/922
f 605/958/936 606/957/918 572/946/921
f 587/268/934 604/958/925 605/958/936
f 951/769/749 380/521/752 379/522/751
f 523/512/744 632/770/945 633/530/764
f 372/513/757 943/524/756 632/770/945
f 355/710/610 521/819/763 1025/771/946
f 382/961/621 636/962/947 635/963/948
f 497/964/949 637/965/950 505/966/855
f 638/967/951 639/968/952 637/965/950
f 640/969/953 641/970/954 639/968/952
f 642/971/955 643/972/956 641/970/954
f 634/973/957 635/963/948 643/972/956
f 635/963/948 645/974/958 649/975/959
f 643/972/956 649/975/959 648/976/960
f 641/970/954 648/976/960 647/977/961
f 639/968/952 647/977/961 646/978/962
f 646/978/962 500/979/828 505/966/855
f 636/962/947 498/980/735 645/974/958
f 383/981/765 498/980/735 636/962/947
f 383/981/765 636/962/947 382/961/621
f 343/820/730 498/813/735 383/821/765
f 654/380/963 650/326/964 659/982/965
f 659/982/965 663/983/966 665/984/967
f 652/320/968 656/381/969 660/985/970
f 658/986/971 747/987/972 749/988/973
f 664/989/974 668/990/975 666/991/976
f 660/985/970 664/989/974 662/992/977
f 663/993/966 751/994/978 753/995/979
f 671/996/980 669/997/981 667/998/982
f 670/999/983 667/1000/982 753/995/979
f 663/983/966 667/998/982 669/997/981
f 668/990/975 671/996/980 670/1001/983
f 703/1002/984 704/1003/985 702/1002/986
f 688/1004/987 695/426/988 694/448/989
f 675/1005/990 677/1006/991 676/1006/992
f 708/1007/993 718/396/994 717/336/995
f 680/1008/996 691/446/997 690/445/998
f 677/1006/991 679/1009/999 678/1009/1000
f 701/1010/1001 702/1002/986 700/1010/1002
f 674/1005/1003 673/427/1004 695/426/988
f 679/1009/999 681/1008/1005 680/1008/996
f 704/1003/985 714/394/1006 702/1002/986
f 684/1011/1007 686/1012/1008 694/448/989
f 680/1008/996 681/1008/1005 683/1013/1009
f 698/1014/1010 701/1010/1001 700/1010/1002
f 678/1009/1000 690/445/998 672/444/1011
f 683/1013/1009 685/1011/1012 684/1011/1007
f 712/1015/1013 718/396/994 710/1016/1014
f 676/1006/992 672/444/1011 673/427/1004
f 685/1011/1012 687/1012/1015 686/1012/1008
f 687/1012/1015 681/1008/1005 679/1009/999
f 687/1012/1015 689/1004/1016 688/1004/987
f 698/1014/1010 719/337/1017 712/1015/1013
f 682/1013/1018 692/447/1019 691/446/997
f 689/1004/1016 675/1005/990 674/1005/1003
f 684/1011/1007 693/425/1020 692/447/1019
f 705/1003/1021 706/1017/1022 704/1003/985
f 700/1010/1002 714/394/1006 696/393/1023
f 707/1017/1024 708/1007/993 706/1017/1022
f 700/1010/1002 697/392/1025 698/1014/1010
f 708/1007/993 711/1016/1026 710/1016/1014
f 711/1016/1026 705/1003/1021 703/1002/984
f 710/1016/1014 713/1015/1027 712/1015/1013
f 704/1003/985 716/395/1028 715/335/1029
f 712/1015/1013 699/1014/1030 698/1014/1010
f 706/1017/1022 717/336/995 716/395/1028
f 727/1018/984 729/1019/1021 728/1019/985
f 732/1020/1031 734/1021/1014 742/453/994
f 725/1022/1001 727/1018/984 726/1018/986
f 728/1019/985 739/451/1029 738/450/1006
f 723/1023/1030 725/1022/1001 724/1022/1032
f 736/1024/1013 743/442/1017 742/453/994
f 722/1023/1010 721/443/1025 743/442/1017
f 729/1019/1021 731/1025/1024 730/1025/1022
f 724/1022/1032 726/1018/986 738/450/1006
f 731/1025/1024 733/1020/1033 732/1020/1031
f 722/1023/1010 724/1022/1032 720/449/1023
f 732/1020/1031 733/1020/1033 735/1021/1026
f 735/1021/1026 729/1019/1021 727/1018/984
f 734/1021/1014 735/1021/1026 737/1024/1027
f 728/1019/985 730/1025/1022 740/452/1028
f 736/1024/1013 737/1024/1027 723/1023/1030
f 730/1025/1022 732/1020/1031 741/441/995
f 754/1026/1034 752/1027/1035 755/1028/1036
f 747/1029/972 750/1030/1037 755/1028/1036
f 670/999/983 752/1031/1035 754/1032/1034
f 659/1033/965 650/1034/964 746/1035/1038
f 662/1036/977 666/1037/976 754/1032/1034
f 744/1038/1039 652/1039/968 749/988/973
f 658/986/971 662/1036/977 750/1040/1037
f 744/1038/1039 745/1041/1040 746/1035/1038
f 659/1033/965 748/1042/1041 751/994/978
f 750/1030/1037 754/1026/1034 755/1028/1036
f 752/1027/1035 753/1043/979 755/1028/1036
f 753/1043/979 751/1044/978 755/1028/1036
f 751/1044/978 748/1045/1041 755/1028/1036
f 748/1045/1041 746/1046/1038 755/1028/1036
f 746/1046/1038 745/1047/1040 755/1028/1036
f 745/1047/1040 749/1048/973 755/1028/1036
f 749/1048/973 747/1029/972 755/1028/1036
f 216/708/612 214/705/605 19/710/617
f 413/865/808 415/854/797 414/856/799
f 971/875/818 970/864/807 414/856/799
f 99/1049/1042 100/609/511 101/611/513
f 99/1049/1042 105/626/524 100/609/511
f 48/682/574 502/532/440 460/723/622
f 505/897/855 500/884/828 510/898/856
f 495/907/865 505/897/855 507/899/857
f 796/1050/1043 800/1051/1044 801/1052/564
f 797/1053/1045 796/1050/1043 930/1054/1046
f 897/1055/1047 896/1056/1048 803/1057/1049
f 894/1058/1050 808/1059/1051 797/1053/1045
f 808/1059/1051 800/1051/1044 797/1053/1045
f 808/1059/1051 28/1060/1052 809/1061/414
f 930/1054/1046 157/1062/573 931/1063/394
f 323/1064/439 811/1065/1053 913/1066/1054
f 912/1067/620 911/1068/1055 812/1069/1056
f 817/1070/1057 37/1071/433 813/1072/1058
f 813/1072/1058 37/1071/433 913/1066/1054
f 911/1068/1055 814/1073/1059 813/1072/1058
f 815/1074/435 820/1075/1060 818/1076/1061
f 816/1077/416 819/1078/1062 42/1079/417
f 817/1070/1057 818/1076/1061 820/1075/1060
f 817/1070/1057 813/1072/1058 814/1073/1059
f 818/1076/1061 32/1080/559 815/1074/435
f 906/1081/1063 812/1069/1056 810/1082/1064
f 907/1083/1065 810/1082/1064 811/1065/1053
f 906/1081/1063 909/1084/619 33/1085/418
f 932/1086/1066 17/1087/1067 806/1088/1068
f 803/1089/1049 822/399/1069 821/1090/1070
f 823/1091/1071 799/1092/1072 798/1093/405
f 825/1094/463 824/1095/460 826/1096/1073
f 827/1097/1074 826/1096/1073 828/1098/1075
f 829/1099/1076 881/1100/1077 882/1101/1078
f 823/1091/1071 884/1102/1079 881/1100/1077
f 59/1103/454 883/1104/466 884/1102/1079
f 827/1097/1074 882/1101/1078 121/1105/464
f 829/1099/1076 828/1098/1075 799/1092/1072
f 830/1106/1080 834/1107/492 835/1108/1081
f 131/653/549 66/1109/468 830/1106/1080
f 869/1110/1082 855/1111/1083 856/1112/1084
f 867/1113/1085 856/1112/1084 93/1114/475
f 111/619/520 92/1115/478 855/1111/1083
f 832/1116/1086 835/1108/1081 836/1117/1087
f 840/1118/1088 835/1108/1081 834/1107/492
f 840/1118/1088 841/1119/1089 836/1117/1087
f 831/1120/551 69/1121/558 82/1122/506
f 838/1123/1090 837/1124/500 80/1125/509
f 847/1126/1091 849/1127/510 848/1128/485
f 84/1129/498 849/1127/510 847/1126/1091
f 839/1130/1092 84/1129/498 847/1126/1091
f 841/1119/1089 854/1131/1093 853/1132/1094
f 853/1132/1094 851/1133/504 842/1134/499
f 850/1135/1095 854/1131/1093 841/1119/1089
f 846/1136/1096 81/1137/508 843/1138/507
f 86/1139/501 852/1140/1097 837/1124/500
f 844/1141/1098 853/1132/1094 854/1131/1093
f 833/1142/488 834/1107/492 830/1106/1080
f 845/1143/1099 80/1125/509 81/1137/508
f 845/1143/1099 846/1136/1096 854/1131/1093
f 836/1117/1087 841/1119/1089 847/1126/1091
f 69/1121/558 836/1117/1087 82/1122/506
f 869/1110/1082 870/1144/1100 112/620/521
f 110/1145/474 866/1146/519 868/1147/1101
f 103/1148/526 857/1149/517 104/1150/534
f 858/1151/1102 104/1150/534 860/1152/1103
f 860/1152/1103 862/1153/1104 861/1154/1105
f 861/1154/1105 862/1153/1104 864/1155/1106
f 863/1156/1107 864/1155/1106 865/1157/525
f 867/1113/1085 868/1147/1101 870/1144/1100
f 112/620/521 876/1158/1108 118/1159/531
f 870/1144/1100 880/1160/1109 876/1158/1108
f 879/1161/1110 872/1162/1111 871/1163/1112
f 868/1147/1101 879/1161/1110 880/1160/1109
f 866/1146/519 877/1164/529 879/1161/1110
f 877/1164/529 874/1165/1113 872/1162/1111
f 858/1151/1102 874/1165/1113 873/1166/527
f 872/1162/1111 874/1165/1113 858/1151/1102
f 899/1167/1114 901/1168/1115 806/1088/1068
f 863/1156/1107 875/1169/1116 871/1163/1112
f 861/1154/1105 871/1163/1112 872/1162/1111
f 105/1170/524 117/1171/533 875/1169/1116
f 882/1101/1078 881/1100/1077 862/1153/1104
f 864/1155/1106 862/1153/1104 881/1100/1077
f 104/1150/534 121/1105/464 882/1101/1078
f 884/1102/1079 883/1104/466 865/1157/525
f 92/1115/478 142/644/540 893/1172/1117
f 855/1111/1083 893/1172/1117 892/1173/1118
f 93/1114/475 856/1112/1084 892/1173/1118
f 890/1174/1119 889/1175/1120 888/1176/545
f 891/1177/1121 887/1178/1122 889/1175/1120
f 891/1177/1121 135/651/547 132/1106/1123
f 889/1175/1120 832/1116/1086 69/1121/558
f 889/1175/1120 887/1178/1122 832/1116/1086
f 887/1178/1122 132/1106/1123 830/1106/1080
f 885/1179/1124 126/1180/556 135/651/547
f 886/1181/1125 890/1174/1119 138/1182/544
f 886/1181/1125 885/1179/1124 891/1177/1121
f 839/1130/1092 842/1134/499 84/1129/498
f 844/1141/1098 843/1138/507 851/1133/504
f 86/1139/501 850/1135/1095 840/1118/1088
f 838/1123/1090 845/1143/1099 850/1135/1095
f 814/1073/1059 32/1080/559 818/1076/1061
f 40/1183/434 820/1075/1060 815/1074/435
f 817/1070/1057 819/1078/1062 816/1077/416
f 816/1077/416 37/1071/433 817/1070/1057
f 808/1059/1051 809/1061/414 799/1092/1072
f 799/1092/1072 800/1051/1044 808/1059/1051
f 797/1053/1045 800/1051/1044 796/1050/1043
f 451/1184/835 938/1185/864 923/1186/1126
f 28/1060/1052 27/1187/403 809/1061/414
f 807/1188/1127 28/1060/1052 808/1059/1051
f 893/1172/1117 885/1179/1124 886/1181/1125
f 892/1173/1118 886/1181/1125 127/1189/553
f 893/1172/1117 142/644/540 126/1180/556
f 894/1058/1050 797/1053/1045 999/1190/1128
f 959/1191/1129 795/1192/1130 894/1058/1050
f 807/1188/1127 808/1059/1051 894/1058/1050
f 799/1092/1072 828/1098/1075 800/1051/1044
f 801/1052/564 800/1051/1044 828/1098/1075
f 403/1193/780 994/1194/785 956/1195/1131
f 801/1052/564 202/1196/600 796/1050/1043
f 796/1050/1043 202/1196/600 31/1197/569
f 876/1158/1108 875/1169/1116 117/1171/533
f 807/1188/1127 795/1192/1130 896/1056/1048
f 211/1198/604 898/1199/451 897/1055/1047
f 821/1090/1070 212/480/390 211/1200/604
f 897/1055/1047 898/1199/451 28/1060/1052
f 880/1160/1109 871/1163/1112 875/1169/1116
f 878/1201/516 873/1166/527 874/1165/1113
f 900/1202/606 899/1167/1114 804/1203/1132
f 904/1204/1133 215/711/611 55/481/391
f 821/1090/1070 902/1205/1134 904/1204/1133
f 822/399/1069 903/377/1135 902/1205/1134
f 215/711/611 904/1204/1133 900/1206/606
f 900/1206/606 904/1204/1133 902/1205/1134
f 899/1207/1114 902/1205/1134 903/377/1135
f 901/1208/1115 903/377/1135 806/1209/1068
f 806/1209/1068 905/400/1136 1010/376/1137
f 806/1209/1068 903/377/1135 905/400/1136
f 805/1210/607 908/1211/1138 324/1212/698
f 17/1087/1067 909/1084/619 906/1081/1063
f 804/1203/1132 907/1083/1065 908/1211/1138
f 906/1081/1063 907/1083/1065 804/1203/1132
f 812/1069/1056 911/1068/1055 910/1213/1139
f 810/1082/1064 910/1213/1139 913/1066/1054
f 814/1073/1059 911/1068/1055 912/1067/620
f 37/1071/433 920/1214/697 913/1066/1054
f 799/1092/1072 809/1061/414 798/1093/405
f 819/1078/1062 916/1215/1140 231/1216/636
f 916/1215/1140 917/1217/1141 232/1218/429
f 819/1078/1062 820/1075/1060 918/1219/1142
f 916/1215/1140 918/1219/1142 919/1220/1143
f 914/1221/637 918/1219/1142 820/1075/1060
f 915/1222/426 919/1220/1143 918/1219/1142
f 45/1223/430 232/1218/429 917/1217/1141
f 915/1222/426 47/1224/696 919/1220/1143
f 919/1220/1143 47/1224/696 45/1223/430
f 908/1211/1138 811/1065/1053 323/1064/439
f 921/1225/1144 803/1057/1049 896/1056/1048
f 822/399/1069 803/1089/1049 921/1226/1144
f 934/1227/1145 933/1228/1146 1012/1229/1147
f 356/1230/867 933/1228/1146 1006/1231/868
f 795/1192/1130 959/1191/1129 1019/1232/1148
f 895/1233/1149 801/1052/564 828/1098/1075
f 157/1062/573 930/1054/1046 796/1050/1043
f 826/1096/1073 895/1233/1149 828/1098/1075
f 801/1052/564 895/1233/1149 13/1234/1150
f 895/1233/1149 826/1096/1073 824/1095/460
f 923/1186/1126 347/1235/829 927/1236/1151
f 930/1054/1046 923/1186/1126 924/1237/1152
f 1004/1238/1153 928/1239/1154 929/1240/1155
f 1001/1241/1156 924/1237/1152 937/1242/1157
f 937/1242/1157 924/1237/1152 927/1236/1151
f 937/1242/1157 367/1243/737 935/1244/771
f 930/1054/1046 931/1063/394 451/1184/835
f 1018/1245/1158 940/1246/1159 633/1247/764
f 522/1248/874 369/1249/743 941/1250/1160
f 945/1251/1161 942/1252/1162 943/1253/756
f 1018/1245/1158 943/1253/756 942/1252/1162
f 942/1252/1162 944/1254/1163 1017/1255/1164
f 374/1256/759 946/1257/1165 950/1258/1166
f 375/1259/740 949/1260/739 948/1261/1167
f 945/1251/1161 948/1261/1167 950/1258/1166
f 946/1257/1165 944/1254/1163 942/1252/1162
f 946/1257/1165 374/1256/759 368/1262/827
f 1012/1229/1147 1013/1263/1168 939/1264/1169
f 940/1246/1159 939/1264/1169 1013/1263/1168
f 1012/1229/1147 941/1250/1160 369/1249/743
f 932/1086/1066 934/1227/1145 352/1265/873
f 929/1240/1155 928/1239/1154 952/1266/1170
f 954/1267/1171 395/1268/1172 925/1269/733
f 403/1193/780 956/1195/1131 955/1270/1173
f 956/1195/1131 958/1271/1174 957/1272/1175
f 956/1195/1131 993/1273/1176 992/1274/1177
f 992/1274/1177 996/1275/1178 954/1267/1171
f 996/1275/1178 995/1276/786 395/1268/1172
f 994/1194/785 993/1273/1176 956/1195/1131
f 958/1271/1174 954/1267/1171 926/1277/1179
f 975/1278/1180 960/1279/1181 407/1280/824
f 961/1281/790 960/1279/1181 975/1278/1180
f 407/1280/824 406/1282/792 422/1283/1182
f 977/1284/1183 422/1283/1182 979/1285/1184
f 421/1286/791 975/1278/1180 976/1287/1185
f 417/1288/803 962/1289/1186 963/1290/817
f 972/1291/805 421/1286/791 974/1292/1187
f 964/1293/1188 965/1294/1189 963/1290/817
f 422/1283/1182 423/1295/794 980/572/812
f 966/1296/1190 967/1297/1191 965/1294/1189
f 966/1296/1190 968/1298/1192 969/1299/1193
f 970/1300/807 971/1301/818 969/1299/1193
f 975/1278/1180 977/1284/1183 978/1302/1194
f 974/1292/1187 989/1303/1195 428/1304/802
f 979/1285/1184 980/572/812 987/1305/814
f 978/1302/1194 979/1285/1184 988/1306/1196
f 991/1307/1197 981/1308/1198 982/1309/1199
f 978/1302/1194 991/1307/1197 990/1310/1200
f 976/1287/1185 990/1310/1200 989/1303/1195
f 990/1310/1200 982/1309/1199 984/1311/1201
f 417/1288/803 983/1312/810 984/1311/1201
f 962/1289/1186 984/1311/1201 982/1309/1199
f 934/1227/1145 1007/1313/1202 1005/1314/1203
f 968/1298/1192 966/1296/1190 981/1308/1198
f 964/1293/1188 982/1309/1199 981/1308/1198
f 970/1300/807 968/1298/1192 985/1315/1204
f 967/1297/1191 992/1274/1177 993/1273/1176
f 969/1299/1193 996/1275/1178 992/1274/1177
f 963/1290/817 965/1294/1189 993/1273/1176
f 971/1301/818 995/1276/786 996/1275/1178
f 998/1316/1205 407/1280/824 960/1279/1181
f 997/1317/821 998/1316/1205 960/1279/1181
f 944/1254/1163 946/1257/1165 368/1262/827
f 947/1318/758 374/1256/759 950/1258/1166
f 945/1251/1161 375/1259/740 948/1261/1167
f 375/1259/740 945/1251/1161 943/1253/756
f 937/1242/1157 926/1277/1179 367/1243/737
f 926/1277/1179 937/1242/1157 927/1236/1151
f 924/1237/1152 923/1186/1126 927/1236/1151
f 955/1270/1173 956/1195/1131 957/1272/1175
f 935/1319/771 367/1320/737 364/1321/729
f 936/1322/1206 937/1242/1157 935/1244/771
f 999/1190/1128 924/1237/1152 1001/1241/1156
f 959/1191/1129 1000/1323/1207 1001/1241/1156
f 1001/1241/1156 937/1242/1157 936/1322/1206
f 926/1277/1179 927/1236/1151 957/1272/1175
f 347/1235/829 957/1272/1175 927/1236/1151
f 795/1192/1130 807/1188/1127 894/1058/1050
f 922/1324/1208 1001/1241/1156 936/1322/1206
f 829/1099/1076 827/1097/1074 828/1098/1075
f 347/1235/829 923/1186/1126 499/1325/858
f 923/1186/1126 938/1185/864 499/1325/858
f 988/1306/1196 987/1305/814 986/1326/816
f 936/1322/1206 1004/1238/1153 1003/1327/1209
f 1004/1238/1153 514/1328/770 512/1329/866
f 512/1329/866 513/1330/720 952/1266/1170
f 1004/1238/1153 936/1322/1206 935/1244/771
f 991/1307/1197 988/1306/1196 985/1315/1204
f 989/1303/1195 984/1311/1201 983/1312/810
f 933/1228/1146 1005/1314/1203 1006/1231/868
f 952/1266/1170 513/1330/720 519/1331/871
f 1027/1332/1210 952/1266/1170 1008/1333/1211
f 1006/1231/868 1005/1314/1203 1008/1333/1211
f 1011/402/1212 1009/379/1213 1007/1334/1202
f 934/1335/1145 932/1336/1066 1010/376/1137
f 356/1230/867 1025/1337/946 1014/1338/1214
f 1012/1229/1147 1015/1339/761 352/1265/873
f 1014/1338/1214 1013/1263/1168 933/1228/1146
f 933/1228/1146 1013/1263/1168 1012/1229/1147
f 1016/1340/1215 1017/1255/1164 941/1250/1160
f 939/1264/1169 940/1246/1159 1018/1245/1158
f 522/1248/874 1017/1255/1164 944/1254/1163
f 943/1253/756 1018/1245/1158 632/1341/945
f 926/1277/1179 925/1269/733 367/1243/737
f 948/1261/1167 949/1260/739 540/1342/884
f 1021/1343/1216 540/1342/884 541/1344/753
f 948/1261/1167 1021/1343/1216 1023/1345/1217
f 1021/1343/1216 1022/1346/1218 1024/1347/1219
f 950/1258/1166 1023/1345/1217 539/1348/885
f 1023/1345/1217 1024/1347/1219 1020/1349/748
f 380/1350/752 1022/1346/1218 541/1344/753
f 1020/1349/748 1024/1347/1219 951/1351/749
f 380/1350/752 951/1351/749 1024/1347/1219
f 1014/1338/1214 1025/1337/946 633/1247/764
f 921/1225/1144 1019/1232/1148 1003/1327/1209
f 953/401/1220 921/1226/1144 929/1352/1155
f 805/1210/607 900/1202/606 804/1203/1132
f 922/1324/1208 1003/1327/1209 1019/1232/1148
f 1002/1353/1221 957/1272/1175 347/1235/829
f 825/1094/463 827/1097/1074 121/1105/464
f 955/1270/1173 957/1272/1175 1002/1353/1221
f 347/1235/829 348/1354/1222 1002/1353/1221
f 1002/1353/1221 348/1354/1222 402/1355/781
f 1027/1356/1210 1026/1357/1223 1009/379/1213
f 1005/1314/1203 1007/1313/1202 1026/1358/1223
f 953/401/1220 929/1352/1155 1027/1356/1210
f 892/1173/1118 893/1172/1117 886/1181/1125
f 885/1179/1124 893/1172/1117 126/1180/556
f 514/1328/770 1004/1238/1153 935/1244/771
f 922/1324/1208 936/1322/1206 1003/1327/1209
f 1003/1327/1209 1004/1238/1153 929/1240/1155
f 802/1359/1224 897/1055/1047 803/1057/1049
f 807/1188/1127 897/1055/1047 28/1060/1052
f 897/1055/1047 807/1188/1127 896/1056/1048
f 806/1088/1068 906/1081/1063 804/1203/1132
f 804/1203/1132 899/1167/1114 806/1088/1068
f 933/1228/1146 934/1227/1145 1005/1314/1203
f 1028/378/1225 822/399/1069 921/1226/1144
f 953/401/1220 1028/378/1225 921/1226/1144
f 439/881/823 435/1360/825 406/882/792
f 405/851/793 436/1361/826 440/876/819
f 1030/1362/413 1032/1363/412 20/709/618
f 1029/1364/613 216/708/612 20/709/618
f 1030/1362/413 20/709/618 17/918/1067
f 1033/1365/736 1036/1366/769 352/918/873
f 1035/1367/614 1033/1365/736 357/709/609
f 1034/914/615 1035/1367/614 357/709/609
f 1037/1368/861 1047/1368/1226 1044/715/616
f 1040/1369/1227 1042/1370/1228 1041/502/1229
f 1038/1371/601 1029/1372/613 1042/1372/1228
f 1043/815/1230 1044/1373/616 1040/1369/1227
f 1044/1373/616 1047/1374/1226 1045/1375/1231
f 1042/1376/1228 1040/1377/1227 1045/1378/1231
f 1032/1379/412 1041/1379/1229 1042/1380/1228
f 1035/815/614 1043/815/1230 1039/501/1232
f 503/903/860 1045/903/1231 1047/904/1226
f 441/501/411 1039/501/1232 1041/502/1229
f 530/728/627 223/727/626 16/729/453
f 16/729/453 503/728/860 530/728/627
f 9/731/402 227/733/632 228/733/1233
f 228/733/1233 536/730/629 9/731/402
f 531/920/881 529/920/876 351/921/772
f 530/728/627 503/728/860 351/921/772
f 535/923/877 534/923/1234 343/922/730
f 343/922/730 504/730/408 536/730/629
f 703/1002/984 705/1003/1021 704/1003/985
f 708/1007/993 710/1016/1014 718/396/994
f 701/1010/1001 703/1002/984 702/1002/986
f 704/1003/985 715/335/1029 714/394/1006
f 698/1014/1010 699/1014/1030 701/1010/1001
f 712/1015/1013 719/337/1017 718/396/994
f 698/1014/1010 697/392/1025 719/337/1017
f 705/1003/1021 707/1017/1024 706/1017/1022
f 700/1010/1002 702/1002/986 714/394/1006
f 707/1017/1024 709/1007/1033 708/1007/993
f 700/1010/1002 696/393/1023 697/392/1025
f 708/1007/993 709/1007/1033 711/1016/1026
f 703/1002/984 701/1010/1001 711/1016/1026
f 699/1014/1030 713/1015/1027 711/1016/1026
f 711/1016/1026 709/1007/1033 707/1017/1024
f 707/1017/1024 705/1003/1021 711/1016/1026
f 701/1010/1001 699/1014/1030 711/1016/1026
f 710/1016/1014 711/1016/1026 713/1015/1027
f 704/1003/985 706/1017/1022 716/395/1028
f 712/1015/1013 713/1015/1027 699/1014/1030
f 706/1017/1022 708/1007/993 717/336/995
f 998/1316/1205 439/1381/823 407/1280/824
f 1026/1357/1223 1007/1334/1202 1009/379/1213
f 934/1335/1145 1011/402/1212 1007/1334/1202
f 181/688/585 180/691/591 182/693/594
f 184/694/595 185/689/586 181/688/585
f 479/894/851 477/893/850 478/892/849
f 478/892/849 482/891/846 481/896/853
f 183/692/593 184/694/595 181/688/585
f 480/895/852 479/894/851 478/892/849
f 679/1009/999 677/1006/991 687/1012/1015
f 675/1005/990 689/1004/1016 687/1012/1015
f 687/1012/1015 685/1011/1012 683/1013/1009
f 683/1013/1009 681/1008/1005 687/1012/1015
f 677/1006/991 675/1005/990 687/1012/1015
f 727/1018/984 725/1022/1001 735/1021/1026
f 723/1023/1030 737/1024/1027 735/1021/1026
f 735/1021/1026 733/1020/1033 731/1025/1024
f 731/1025/1024 729/1019/1021 735/1021/1026
f 725/1022/1001 723/1023/1030 735/1021/1026
f 1048/1382/1235 1056/1383/1236 1063/1383/1237
f 1049/1382/1238 1057/1384/1239 1056/1383/1236
f 1050/1382/1240 1058/1384/1241 1057/1384/1239
f 1059/1382/1242 1058/1384/1241 1050/1382/1240
f 1060/1385/1243 1059/1382/1242 1051/1382/1244
f 1061/1385/1245 1060/1385/1243 1052/1382/1246
f 1062/1383/1247 1061/1385/1245 1053/1385/1248
f 1055/1385/1249 1063/1383/1237 1062/1383/1247
f 1064/1383/1250 1071/1383/1251 1063/1383/1237
f 1065/1383/1252 1064/1383/1250 1056/1383/1236
f 1058/1384/1241 1066/1383/1253 1065/1383/1252
f 1059/1382/1242 1067/1383/1254 1066/1383/1253
f 1060/1385/1243 1068/1383/1255 1067/1383/1254
f 1061/1385/1245 1069/1383/1256 1068/1383/1255
f 1070/1386/1257 1069/1383/1256 1061/1385/1245
f 1071/1383/1251 1070/1386/1257 1062/1383/1247
f 1072/1386/1258 1079/1386/1259 1071/1383/1251
f 1073/1386/1260 1072/1386/1258 1064/1383/1250
f 1066/1383/1253 1074/1386/1261 1073/1386/1260
f 1067/1383/1254 1075/1386/1262 1074/1386/1261
f 1068/1383/1255 1076/1386/1263 1075/1386/1262
f 1069/1383/1256 1077/1386/1264 1076/1386/1263
f 1078/1386/1265 1077/1386/1264 1069/1383/1256
f 1079/1386/1259 1078/1386/1265 1070/1386/1257
f 1080/1387/1266 1087/1387/1267 1079/1386/1259
f 1081/1387/1268 1080/1387/1266 1072/1386/1258
f 1074/1386/1261 1082/1387/1269 1081/1387/1268
f 1075/1386/1262 1083/1387/1270 1082/1387/1269
f 1076/1386/1263 1084/1387/1271 1083/1387/1270
f 1077/1386/1264 1085/1387/1272 1084/1387/1271
f 1086/1387/1273 1085/1387/1272 1077/1386/1264
f 1087/1387/1267 1086/1387/1273 1078/1386/1265
f 1088/1388/1274 1095/1388/1275 1087/1387/1267
f 1089/1388/1276 1088/1388/1274 1080/1387/1266
f 1082/1387/1269 1090/1388/1277 1089/1388/1276
f 1083/1387/1270 1091/1388/1278 1090/1388/1277
f 1084/1387/1271 1092/1388/1279 1091/1388/1278
f 1085/1387/1272 1093/1388/1280 1092/1388/1279
f 1094/1388/1281 1093/1388/1280 1085/1387/1272
f 1095/1388/1275 1094/1388/1281 1086/1387/1273
f 1096/1389/1282 1103/1388/1283 1095/1388/1275
f 1089/1388/1276 1097/1389/1284 1096/1389/1282
f 1090/1388/1277 1098/1389/1285 1097/1389/1284
f 1091/1388/1278 1099/1388/1286 1098/1389/1285
f 1092/1388/1279 1100/1388/1287 1099/1388/1286
f 1101/1388/1288 1100/1388/1287 1092/1388/1279
f 1102/1388/1289 1101/1388/1288 1093/1388/1280
f 1103/1388/1283 1102/1388/1289 1094/1388/1281
f 1104/1389/1290 1111/1389/1291 1103/1388/1283
f 1097/1389/1284 1105/1389/1292 1104/1389/1290
f 1098/1389/1285 1106/1389/1293 1105/1389/1292
f 1099/1388/1286 1107/1389/1294 1106/1389/1293
f 1100/1388/1287 1108/1389/1295 1107/1389/1294
f 1109/1389/1296 1108/1389/1295 1100/1388/1287
f 1110/1389/1297 1109/1389/1296 1101/1388/1288
f 1111/1389/1291 1110/1389/1297 1102/1388/1289
f 1112/1389/1298 1119/1389/1299 1111/1389/1291
f 1105/1389/1292 1113/1389/1300 1112/1389/1298
f 1106/1389/1293 1114/1390/1301 1113/1389/1300
f 1107/1389/1294 1115/1390/1302 1114/1390/1301
f 1108/1389/1295 1116/1390/1303 1115/1390/1302
f 1117/1389/1304 1116/1390/1303 1108/1389/1295
f 1118/1389/1305 1117/1389/1304 1109/1389/1296
f 1119/1389/1299 1118/1389/1305 1110/1389/1297
f 1120/1389/1306 1127/1389/1307 1119/1389/1299
f 1121/1390/1308 1120/1389/1306 1112/1389/1298
f 1122/1390/1309 1121/1390/1308 1113/1389/1300
f 1115/1390/1302 1123/1390/1310 1122/1390/1309
f 1116/1390/1303 1124/1390/1311 1123/1390/1310
f 1117/1389/1304 1125/1390/1312 1124/1390/1311
f 1118/1389/1305 1126/1390/1313 1125/1390/1312
f 1127/1389/1307 1126/1390/1313 1118/1389/1305
f 1128/1389/1314 1135/1389/1315 1127/1389/1307
f 1121/1390/1308 1129/1390/1316 1128/1389/1314
f 1122/1390/1309 1130/1390/1317 1129/1390/1316
f 1123/1390/1310 1131/1390/1318 1130/1390/1317
f 1124/1390/1311 1132/1390/1319 1131/1390/1318
f 1133/1390/1320 1132/1390/1319 1124/1390/1311
f 1134/1390/1321 1133/1390/1320 1125/1390/1312
f 1135/1389/1315 1134/1390/1321 1126/1390/1313
f 1128/1389/1314 1136/1389/1322 1143/1389/1323
f 1137/1390/1324 1136/1389/1322 1128/1389/1314
f 1138/1390/1325 1137/1390/1324 1129/1390/1316
f 1139/1390/1326 1138/1390/1325 1130/1390/1317
f 1140/1390/1327 1139/1390/1326 1131/1390/1318
f 1133/1390/1320 1141/1390/1328 1140/1390/1327
f 1134/1390/1321 1142/1389/1329 1141/1390/1328
f 1135/1389/1315 1143/1389/1323 1142/1389/1329
f 1136/1389/1322 1144/1389/1330 1151/1389/1331
f 1145/1389/1332 1144/1389/1330 1136/1389/1322
f 1146/1389/1333 1145/1389/1332 1137/1390/1324
f 1147/1389/1334 1146/1389/1333 1138/1390/1325
f 1148/1389/1335 1147/1389/1334 1139/1390/1326
f 1141/1390/1328 1149/1389/1336 1148/1389/1335
f 1142/1389/1329 1150/1389/1337 1149/1389/1336
f 1143/1389/1323 1151/1389/1331 1150/1389/1337
f 1144/1389/1330 1152/1388/1338 1159/1388/1339
f 1153/1389/1340 1152/1388/1338 1144/1389/1330
f 1154/1389/1341 1153/1389/1340 1145/1389/1332
f 1155/1389/1342 1154/1389/1341 1146/1389/1333
f 1156/1388/1343 1155/1389/1342 1147/1389/1334
f 1149/1389/1336 1157/1388/1344 1156/1388/1343
f 1150/1389/1337 1158/1388/1345 1157/1388/1344
f 1151/1389/1331 1159/1388/1339 1158/1388/1345
f 1152/1388/1338 1160/1388/1346 1167/1388/1347
f 1161/1388/1348 1160/1388/1346 1152/1388/1338
f 1162/1388/1349 1161/1388/1348 1153/1389/1340
f 1163/1388/1350 1162/1388/1349 1154/1389/1341
f 1164/1388/1351 1163/1388/1350 1155/1389/1342
f 1157/1388/1344 1165/1388/1352 1164/1388/1351
f 1158/1388/1345 1166/1388/1353 1165/1388/1352
f 1159/1388/1339 1167/1388/1347 1166/1388/1353
f 1160/1388/1346 1168/1387/1354 1175/1387/1355
f 1169/1387/1356 1168/1387/1354 1160/1388/1346
f 1170/1387/1357 1169/1387/1356 1161/1388/1348
f 1171/1387/1358 1170/1387/1357 1162/1388/1349
f 1172/1387/1359 1171/1387/1358 1163/1388/1350
f 1165/1388/1352 1173/1387/1360 1172/1387/1359
f 1166/1388/1353 1174/1387/1361 1173/1387/1360
f 1167/1388/1347 1175/1387/1355 1174/1387/1361
f 1168/1387/1354 1176/1386/1362 1183/1386/1363
f 1169/1387/1356 1177/1386/1364 1176/1386/1362
f 1170/1387/1357 1178/1386/1365 1177/1386/1364
f 1171/1387/1358 1179/1386/1366 1178/1386/1365
f 1180/1386/1367 1179/1386/1366 1171/1387/1358
f 1181/1386/1368 1180/1386/1367 1172/1387/1359
f 1182/1386/1369 1181/1386/1368 1173/1387/1360
f 1183/1386/1363 1182/1386/1369 1174/1387/1361
f 1176/1386/1362 1184/1383/1370 1191/1383/1371
f 1177/1386/1364 1185/1383/1372 1184/1383/1370
f 1178/1386/1365 1186/1383/1373 1185/1383/1372
f 1179/1386/1366 1187/1383/1374 1186/1383/1373
f 1188/1383/1375 1187/1383/1374 1179/1386/1366
f 1189/1383/1376 1188/1383/1375 1180/1386/1367
f 1190/1383/1377 1189/1383/1376 1181/1386/1368
f 1191/1383/1371 1190/1383/1377 1182/1386/1369
f 1192/1383/1378 1199/1383/1379 1191/1383/1371
f 1193/1384/1380 1192/1383/1378 1184/1383/1370
f 1194/1384/1381 1193/1384/1380 1185/1383/1372
f 1195/1384/1382 1194/1384/1381 1186/1383/1373
f 1188/1383/1375 1196/1384/1383 1195/1384/1382
f 1189/1383/1376 1197/1384/1384 1196/1384/1383
f 1190/1383/1377 1198/1383/1385 1197/1384/1384
f 1191/1383/1371 1199/1383/1379 1198/1383/1385
f 1200/1384/1386 1207/1384/1387 1199/1383/1379
f 1201/1384/1388 1200/1384/1386 1192/1383/1378
f 1202/1391/1389 1201/1384/1388 1193/1384/1380
f 1203/1391/1390 1202/1391/1389 1194/1384/1381
f 1196/1384/1383 1204/1391/1391 1203/1391/1390
f 1197/1384/1384 1205/1384/1392 1204/1391/1391
f 1198/1383/1385 1206/1384/1393 1205/1384/1392
f 1199/1383/1379 1207/1384/1387 1206/1384/1393
f 1208/1392/1394 1215/1392/1395 1207/1384/1387
f 1209/1392/1396 1208/1392/1394 1200/1384/1386
f 1210/1391/1397 1209/1392/1396 1201/1384/1388
f 1211/1391/1398 1210/1391/1397 1202/1391/1389
f 1204/1391/1391 1212/1392/1399 1211/1391/1398
f 1205/1384/1392 1213/1392/1400 1212/1392/1399
f 1206/1384/1393 1214/1392/1401 1213/1392/1400
f 1207/1384/1387 1215/1392/1395 1214/1392/1401
f 1208/1392/1394 1216/1393/1402 1223/1392/1403
f 1209/1392/1396 1217/1393/1404 1216/1393/1402
f 1218/1393/1405 1217/1393/1404 1209/1392/1396
f 1219/1393/1406 1218/1393/1405 1210/1391/1397
f 1220/1393/1407 1219/1393/1406 1211/1391/1398
f 1221/1393/1408 1220/1393/1407 1212/1392/1399
f 1214/1392/1401 1222/1393/1409 1221/1393/1408
f 1215/1392/1395 1223/1392/1403 1222/1393/1409
f 1216/1393/1402 1224/1393/1410 1231/1393/1411
f 1217/1393/1404 1225/1393/1412 1224/1393/1410
f 1218/1393/1405 1226/1394/1413 1225/1393/1412
f 1227/1394/1414 1226/1394/1413 1218/1393/1405
f 1228/1394/1415 1227/1394/1414 1219/1393/1406
f 1229/1393/1416 1228/1394/1415 1220/1393/1407
f 1230/1393/1417 1229/1393/1416 1221/1393/1408
f 1223/1392/1403 1231/1393/1411 1230/1393/1417
f 1224/1393/1410 1232/1393/1418 1239/1393/1419
f 1225/1393/1412 1233/1394/1420 1232/1393/1418
f 1226/1394/1413 1234/1394/1421 1233/1394/1420
f 1235/1394/1422 1234/1394/1421 1226/1394/1413
f 1236/1394/1423 1235/1394/1422 1227/1394/1414
f 1237/1394/1424 1236/1394/1423 1228/1394/1415
f 1238/1393/1425 1237/1394/1424 1229/1393/1416
f 1231/1393/1411 1239/1393/1419 1238/1393/1425
f 1232/1393/1418 1240/1395/1426 1247/1395/1427
f 1233/1394/1420 1241/1396/1428 1240/1395/1426
f 1234/1394/1421 1242/1396/1429 1241/1396/1428
f 1243/1396/1430 1242/1396/1429 1234/1394/1421
f 1244/1396/1431 1243/1396/1430 1235/1394/1422
f 1245/1396/1432 1244/1396/1431 1236/1394/1423
f 1246/1395/1433 1245/1396/1432 1237/1394/1424
f 1239/1393/1419 1247/1395/1427 1246/1395/1433
f 1248/1397/1434 1256/1397/1435 1263/1397/1436
f 1249/1397/1437 1257/1397/1438 1256/1397/1435
f 1250/1397/1439 1258/1397/1440 1257/1397/1438
f 1259/1398/1441 1258/1397/1440 1250/1397/1439
f 1260/1398/1442 1259/1398/1441 1251/1398/1443
f 1261/1398/1444 1260/1398/1442 1252/1398/1445
f 1262/1399/1446 1261/1398/1444 1253/1400/1447
f 1255/1399/1448 1263/1397/1436 1262/1399/1446
f 1256/1397/1435 1264/1397/1449 1271/1397/1450
f 1257/1397/1438 1265/1397/1451 1264/1397/1449
f 1258/1397/1440 1266/1397/1452 1265/1397/1451
f 1267/1397/1453 1266/1397/1452 1258/1397/1440
f 1268/1398/1454 1267/1397/1453 1259/1398/1441
f 1269/1398/1455 1268/1398/1454 1260/1398/1442
f 1270/1399/1456 1269/1398/1455 1261/1398/1444
f 1263/1397/1436 1271/1397/1450 1270/1399/1456
f 1272/1397/1457 1279/1399/1458 1271/1397/1450
f 1273/1397/1459 1272/1397/1457 1264/1397/1449
f 1274/1397/1460 1273/1397/1459 1265/1397/1451
f 1267/1397/1453 1275/1397/1461 1274/1397/1460
f 1268/1398/1454 1276/1398/1462 1275/1397/1461
f 1269/1398/1455 1277/1400/1463 1276/1398/1462
f 1270/1399/1456 1278/1399/1464 1277/1400/1463
f 1279/1399/1458 1278/1399/1464 1270/1399/1456
f 1280/1399/1465 1287/1399/1466 1279/1399/1458
f 1281/1399/1467 1280/1399/1465 1272/1397/1457
f 1282/1399/1468 1281/1399/1467 1273/1397/1459
f 1275/1397/1461 1283/1399/1469 1282/1399/1468
f 1276/1398/1462 1284/1400/1470 1283/1399/1469
f 1277/1400/1463 1285/1400/1471 1284/1400/1470
f 1278/1399/1464 1286/1399/1472 1285/1400/1471
f 1287/1399/1466 1286/1399/1472 1278/1399/1464
f 1288/1401/1473 1295/1401/1474 1287/1399/1466
f 1289/1401/1475 1288/1401/1473 1280/1399/1465
f 1290/1399/1476 1289/1401/1475 1281/1399/1467
f 1283/1399/1469 1291/1400/1477 1290/1399/1476
f 1284/1400/1470 1292/1402/1478 1291/1400/1477
f 1285/1400/1471 1293/1402/1479 1292/1402/1478
f 1286/1399/1472 1294/1401/1480 1293/1402/1479
f 1295/1401/1474 1294/1401/1480 1286/1399/1472
f 1296/1401/1481 1303/1401/1482 1295/1401/1474
f 1297/1401/1483 1296/1401/1481 1288/1401/1473
f 1298/1401/1484 1297/1401/1483 1289/1401/1475
f 1291/1400/1477 1299/1402/1485 1298/1401/1484
f 1292/1402/1478 1300/1402/1486 1299/1402/1485
f 1293/1402/1479 1301/1402/1487 1300/1402/1486
f 1294/1401/1480 1302/1401/1488 1301/1402/1487
f 1303/1401/1482 1302/1401/1488 1294/1401/1480
f 1304/1403/1489 1311/1403/1490 1303/1401/1482
f 1305/1403/1491 1304/1403/1489 1296/1401/1481
f 1298/1401/1484 1306/1403/1492 1305/1403/1491
f 1299/1402/1485 1307/1404/1493 1306/1403/1492
f 1300/1402/1486 1308/1404/1494 1307/1404/1493
f 1301/1402/1487 1309/1404/1495 1308/1404/1494
f 1310/1403/1496 1309/1404/1495 1301/1402/1487
f 1311/1403/1490 1310/1403/1496 1302/1401/1488
f 1312/1405/1497 1319/1405/1498 1311/1403/1490
f 1313/1405/1499 1312/1405/1497 1304/1403/1489
f 1306/1403/1492 1314/1405/1500 1313/1405/1499
f 1307/1404/1493 1315/1405/1501 1314/1405/1500
f 1308/1404/1494 1316/1406/1502 1315/1405/1501
f 1309/1404/1495 1317/1406/1503 1316/1406/1502
f 1318/1405/1504 1317/1406/1503 1309/1404/1495
f 1319/1405/1498 1318/1405/1504 1310/1403/1496
f 1320/1407/1505 1327/1408/1506 1319/1405/1498
f 1313/1405/1499 1321/1408/1507 1320/1407/1505
f 1314/1405/1500 1322/1408/1508 1321/1408/1507
f 1315/1405/1501 1323/1408/1509 1322/1408/1508
f 1316/1406/1502 1324/1409/1510 1323/1408/1509
f 1325/1408/1511 1324/1409/1510 1316/1406/1502
f 1326/1408/1512 1325/1408/1511 1317/1406/1503
f 1327/1408/1506 1326/1408/1512 1318/1405/1504
f 1328/1410/1513 1335/1410/1514 1327/1408/1506
f 1321/1408/1507 1329/1410/1515 1328/1410/1513
f 1322/1408/1508 1330/1411/1516 1329/1410/1515
f 1323/1408/1509 1331/1411/1517 1330/1411/1516
f 1324/1409/1510 1332/1411/1518 1331/1411/1517
f 1333/1411/1519 1332/1411/1518 1324/1409/1510
f 1334/1411/1520 1333/1411/1519 1325/1408/1511
f 1335/1410/1514 1334/1411/1520 1326/1408/1512
f 1336/1412/1521 1343/1412/1522 1335/1410/1514
f 1329/1410/1515 1337/1412/1523 1336/1412/1521
f 1330/1411/1516 1338/1412/1524 1337/1412/1523
f 1331/1411/1517 1339/1413/1525 1338/1412/1524
f 1332/1411/1518 1340/1413/1526 1339/1413/1525
f 1341/1413/1527 1340/1413/1526 1332/1411/1518
f 1342/1412/1528 1341/1413/1527 1333/1411/1519
f 1343/1412/1522 1342/1412/1528 1334/1411/1520
f 1344/1414/1529 1351/1412/1530 1343/1412/1522
f 1345/1412/1531 1344/1414/1529 1336/1412/1521
f 1346/1415/1532 1345/1412/1531 1337/1412/1523
f 1339/1413/1525 1347/1415/1533 1346/1415/1532
f 1340/1413/1526 1348/1415/1534 1347/1415/1533
f 1341/1413/1527 1349/1415/1535 1348/1415/1534
f 1342/1412/1528 1350/1412/1536 1349/1415/1535
f 1351/1412/1530 1350/1412/1536 1342/1412/1528
f 1352/1414/1537 1359/1414/1538 1351/1412/1530
f 1353/1416/1539 1352/1414/1537 1344/1414/1529
f 1354/1416/1540 1353/1416/1539 1345/1412/1531
f 1355/1415/1541 1354/1416/1540 1346/1415/1532
f 1348/1415/1534 1356/1415/1542 1355/1415/1541
f 1349/1415/1535 1357/1415/1543 1356/1415/1542
f 1350/1412/1536 1358/1415/1544 1357/1415/1543
f 1351/1412/1530 1359/1414/1538 1358/1415/1544
f 1352/1414/1537 1360/1416/1545 1367/1416/1546
f 1353/1416/1539 1361/1416/1547 1360/1416/1545
f 1354/1416/1540 1362/1416/1548 1361/1416/1547
f 1355/1415/1541 1363/1417/1549 1362/1416/1548
f 1364/1417/1550 1363/1417/1549 1355/1415/1541
f 1365/1416/1551 1364/1417/1550 1356/1415/1542
f 1366/1416/1552 1365/1416/1551 1357/1415/1543
f 1367/1416/1546 1366/1416/1552 1358/1415/1544
f 1360/1416/1545 1368/1418/1553 1375/1418/1554
f 1361/1416/1547 1369/1418/1555 1368/1418/1553
f 1362/1416/1548 1370/1417/1556 1369/1418/1555
f 1363/1417/1549 1371/1417/1557 1370/1417/1556
f 1372/1417/1558 1371/1417/1557 1363/1417/1549
f 1373/1417/1559 1372/1417/1558 1364/1417/1550
f 1374/1416/1560 1373/1417/1559 1365/1416/1551
f 1375/1418/1554 1374/1416/1560 1366/1416/1552
f 1368/1418/1553 1376/1418/1561 1383/1418/1562
f 1369/1418/1555 1377/1418/1563 1376/1418/1561
f 1370/1417/1556 1378/1419/1564 1377/1418/1563
f 1371/1417/1557 1379/1419/1565 1378/1419/1564
f 1380/1419/1566 1379/1419/1565 1371/1417/1557
f 1381/1419/1567 1380/1419/1566 1372/1417/1558
f 1382/1418/1568 1381/1419/1567 1373/1417/1559
f 1383/1418/1562 1382/1418/1568 1374/1416/1560
f 1376/1418/1561 1384/1418/1569 1391/1418/1570
f 1377/1418/1563 1385/1418/1571 1384/1418/1569
f 1378/1419/1564 1386/1419/1572 1385/1418/1571
f 1379/1419/1565 1387/1419/1573 1386/1419/1572
f 1388/1419/1574 1387/1419/1573 1379/1419/1565
f 1389/1419/1575 1388/1419/1574 1380/1419/1566
f 1390/1418/1576 1389/1419/1575 1381/1419/1567
f 1391/1418/1570 1390/1418/1576 1382/1418/1568
f 1384/1418/1569 1392/1418/1577 1399/1418/1578
f 1385/1418/1571 1393/1420/1579 1392/1418/1577
f 1386/1419/1572 1394/1420/1580 1393/1420/1579
f 1387/1419/1573 1395/1421/1581 1394/1420/1580
f 1396/1421/1582 1395/1421/1581 1387/1419/1573
f 1397/1421/1583 1396/1421/1582 1388/1419/1574
f 1398/1420/1584 1397/1421/1583 1389/1419/1575
f 1399/1418/1578 1398/1420/1584 1390/1418/1576
f 1392/1418/1577 1400/1420/1585 1407/1420/1586
f 1393/1420/1579 1401/1420/1587 1400/1420/1585
f 1402/1420/1588 1401/1420/1587 1393/1420/1579
f 1403/1420/1589 1402/1420/1588 1394/1420/1580
f 1404/1420/1590 1403/1420/1589 1395/1421/1581
f 1405/1420/1591 1404/1420/1590 1396/1421/1582
f 1398/1420/1584 1406/1420/1592 1405/1420/1591
f 1399/1418/1578 1407/1420/1586 1406/1420/1592
f 1400/1420/1585 1408/1422/1593 1415/1422/1594
f 1409/1422/1595 1408/1422/1593 1400/1420/1585
f 1410/1420/1596 1409/1422/1595 1401/1420/1587
f 1411/1423/1597 1410/1420/1596 1402/1420/1588
f 1412/1423/1598 1411/1423/1597 1403/1420/1589
f 1405/1420/1591 1413/1423/1599 1412/1423/1598
f 1406/1420/1592 1414/1420/1600 1413/1423/1599
f 1407/1420/1586 1415/1422/1594 1414/1420/1600
f 1408/1422/1593 1416/1422/1601 1423/1422/1602
f 1417/1422/1603 1416/1422/1601 1408/1422/1593
f 1418/1424/1604 1417/1422/1603 1409/1422/1595
f 1419/1424/1605 1418/1424/1604 1410/1420/1596
f 1420/1424/1606 1419/1424/1605 1411/1423/1597
f 1413/1423/1599 1421/1424/1607 1420/1424/1606
f 1414/1420/1600 1422/1422/1608 1421/1424/1607
f 1415/1422/1594 1423/1422/1602 1422/1422/1608
f 1416/1422/1601 1424/1425/1609 1431/1425/1610
f 1425/1425/1611 1424/1425/1609 1416/1422/1601
f 1426/1426/1612 1425/1425/1611 1417/1422/1603
f 1427/1426/1613 1426/1426/1612 1418/1424/1604
f 1428/1426/1614 1427/1426/1613 1419/1424/1605
f 1421/1424/1607 1429/1426/1615 1428/1426/1614
f 1422/1422/1608 1430/1425/1616 1429/1426/1615
f 1423/1422/1602 1431/1425/1610 1430/1425/1616
f 1424/1425/1609 1432/1427/1617 1439/1427/1618
f 1433/1427/1619 1432/1427/1617 1424/1425/1609
f 1434/1428/1620 1433/1427/1619 1425/1425/1611
f 1435/1428/1621 1434/1428/1620 1426/1426/1612
f 1436/1428/1622 1435/1428/1621 1427/1426/1613
f 1429/1426/1615 1437/1428/1623 1436/1428/1622
f 1430/1425/1616 1438/1427/1624 1437/1428/1623
f 1431/1425/1610 1439/1427/1618 1438/1427/1624
f 1432/1427/1617 1440/1429/1625 1447/1429/1626
f 1441/1429/1627 1440/1429/1625 1432/1427/1617
f 1442/1430/1628 1441/1429/1627 1433/1427/1619
f 1443/1430/1629 1442/1430/1628 1434/1428/1620
f 1444/1430/1630 1443/1430/1629 1435/1428/1621
f 1437/1428/1623 1445/1430/1631 1444/1430/1630
f 1438/1427/1624 1446/1429/1632 1445/1430/1631
f 1439/1427/1618 1447/1429/1626 1446/1429/1632
f 1440/1429/1625 1448/1431/1633 1455/1431/1634
f 1449/1431/1635 1448/1431/1633 1440/1429/1625
f 1450/1432/1636 1449/1431/1635 1441/1429/1627
f 1451/1432/1637 1450/1432/1636 1442/1430/1628
f 1452/1432/1638 1451/1432/1637 1443/1430/1629
f 1445/1430/1631 1453/1432/1639 1452/1432/1638
f 1446/1429/1632 1454/1431/1640 1453/1432/1639
f 1447/1429/1626 1455/1431/1634 1454/1431/1640
f 1456/1433/1641 1463/1433/1642 1455/1431/1634
f 1449/1431/1635 1457/1433/1643 1456/1433/1641
f 1450/1432/1636 1458/1434/1644 1457/1433/1643
f 1451/1432/1637 1459/1434/1645 1458/1434/1644
f 1452/1432/1638 1460/1434/1646 1459/1434/1645
f 1461/1432/1647 1460/1434/1646 1452/1432/1638
f 1462/1431/1648 1461/1432/1647 1453/1432/1639
f 1463/1433/1642 1462/1431/1648 1454/1431/1640
f 1464/1435/1649 1471/1433/1650 1463/1433/1642
f 1457/1433/1643 1465/1435/1651 1464/1435/1649
f 1458/1434/1644 1466/1436/1652 1465/1435/1651
f 1459/1434/1645 1467/1436/1653 1466/1436/1652
f 1460/1434/1646 1468/1436/1654 1467/1436/1653
f 1469/1434/1655 1468/1436/1654 1460/1434/1646
f 1470/1433/1656 1469/1434/1655 1461/1432/1647
f 1471/1433/1650 1470/1433/1656 1462/1431/1648
f 1472/1437/1657 1479/1437/1658 1471/1433/1650
f 1465/1435/1651 1473/1437/1659 1472/1437/1657
f 1466/1436/1652 1474/1438/1660 1473/1437/1659
f 1467/1436/1653 1475/1438/1661 1474/1438/1660
f 1468/1436/1654 1476/1438/1662 1475/1438/1661
f 1477/1436/1663 1476/1438/1662 1468/1436/1654
f 1478/1435/1664 1477/1436/1663 1469/1434/1655
f 1479/1437/1658 1478/1435/1664 1470/1433/1656
f 1480/1439/1665 1487/1439/1666 1479/1437/1658
f 1473/1437/1659 1481/1439/1667 1480/1439/1665
f 1474/1438/1660 1482/1439/1668 1481/1439/1667
f 1475/1438/1661 1483/1440/1669 1482/1439/1668
f 1476/1438/1662 1484/1440/1670 1483/1440/1669
f 1485/1438/1671 1484/1440/1670 1476/1438/1662
f 1486/1437/1672 1485/1438/1671 1477/1436/1663
f 1487/1439/1666 1486/1437/1672 1478/1435/1664
f 1488/1441/1673 1495/1441/1674 1487/1439/1666
f 1481/1439/1667 1489/1441/1675 1488/1441/1673
f 1482/1439/1668 1490/1441/1676 1489/1441/1675
f 1483/1440/1669 1491/1442/1677 1490/1441/1676
f 1484/1440/1670 1492/1442/1678 1491/1442/1677
f 1493/1439/1679 1492/1442/1678 1484/1440/1670
f 1494/1439/1680 1493/1439/1679 1485/1438/1671
f 1495/1441/1674 1494/1439/1680 1486/1437/1672
f 1496/1443/1681 1503/1443/1682 1495/1441/1674
f 1489/1441/1675 1497/1443/1683 1496/1443/1681
f 1490/1441/1676 1498/1443/1684 1497/1443/1683
f 1491/1442/1677 1499/1444/1685 1498/1443/1684
f 1492/1442/1678 1500/1444/1686 1499/1444/1685
f 1501/1441/1687 1500/1444/1686 1492/1442/1678
f 1502/1441/1688 1501/1441/1687 1493/1439/1679
f 1503/1443/1682 1502/1441/1688 1494/1439/1680
f 1504/1445/1689 1511/1443/1690 1503/1443/1682
f 1497/1443/1683 1505/1445/1691 1504/1445/1689
f 1498/1443/1684 1506/1445/1692 1505/1445/1691
f 1499/1444/1685 1507/1446/1693 1506/1445/1692
f 1500/1444/1686 1508/1444/1694 1507/1446/1693
f 1509/1443/1695 1508/1444/1694 1500/1444/1686
f 1510/1443/1696 1509/1443/1695 1501/1441/1687
f 1511/1443/1690 1510/1443/1696 1502/1441/1688
f 1512/1445/1697 1519/1445/1698 1511/1443/1690
f 1505/1445/1691 1513/1445/1699 1512/1445/1697
f 1506/1445/1692 1514/1445/1700 1513/1445/1699
f 1507/1446/1693 1515/1446/1701 1514/1445/1700
f 1508/1444/1694 1516/1446/1702 1515/1446/1701
f 1517/1445/1703 1516/1446/1702 1508/1444/1694
f 1518/1445/1704 1517/1445/1703 1509/1443/1695
f 1519/1445/1698 1518/1445/1704 1510/1443/1696
f 1520/1447/1705 1527/1447/1706 1519/1445/1698
f 1513/1445/1699 1521/1448/1707 1520/1447/1705
f 1514/1445/1700 1522/1448/1708 1521/1448/1707
f 1515/1446/1701 1523/1448/1709 1522/1448/1708
f 1516/1446/1702 1524/1448/1710 1523/1448/1709
f 1525/1448/1711 1524/1448/1710 1516/1446/1702
f 1526/1448/1712 1525/1448/1711 1517/1445/1703
f 1527/1447/1706 1526/1448/1712 1518/1445/1704
f 1528/1447/1713 1535/1447/1714 1527/1447/1706
f 1521/1448/1707 1529/1449/1715 1528/1447/1713
f 1522/1448/1708 1530/1449/1716 1529/1449/1715
f 1523/1448/1709 1531/1449/1717 1530/1449/1716
f 1524/1448/1710 1532/1449/1718 1531/1449/1717
f 1533/1449/1719 1532/1449/1718 1524/1448/1710
f 1534/1448/1720 1533/1449/1719 1525/1448/1711
f 1535/1447/1714 1534/1448/1720 1526/1448/1712
f 1536/1450/1721 1543/1450/1722 1535/1447/1714
f 1537/1450/1723 1536/1450/1721 1528/1447/1713
f 1538/1449/1724 1537/1450/1723 1529/1449/1715
f 1539/1449/1725 1538/1449/1724 1530/1449/1716
f 1532/1449/1718 1540/1449/1726 1539/1449/1725
f 1533/1449/1719 1541/1449/1727 1540/1449/1726
f 1534/1448/1720 1542/1450/1728 1541/1449/1727
f 1535/1447/1714 1543/1450/1722 1542/1450/1728
f 1536/1450/1721 1544/1451/1729 1551/1452/1730
f 1545/1453/1731 1544/1451/1729 1536/1450/1721
f 1546/1453/1732 1545/1453/1731 1537/1450/1723
f 1547/1453/1733 1546/1453/1732 1538/1449/1724
f 1548/1453/1734 1547/1453/1733 1539/1449/1725
f 1541/1449/1727 1549/1453/1735 1548/1453/1734
f 1542/1450/1728 1550/1453/1736 1549/1453/1735
f 1543/1450/1722 1551/1452/1730 1550/1453/1736
f 1552/1451/1737 1559/1451/1738 1551/1452/1730
f 1553/1451/1739 1552/1451/1737 1544/1451/1729
f 1546/1453/1732 1554/1454/1740 1553/1451/1739
f 1547/1453/1733 1555/1454/1741 1554/1454/1740
f 1548/1453/1734 1556/1454/1742 1555/1454/1741
f 1549/1453/1735 1557/1453/1743 1556/1454/1742
f 1558/1451/1744 1557/1453/1743 1549/1453/1735
f 1559/1451/1738 1558/1451/1744 1550/1453/1736
f 1560/1455/1745 1567/1455/1746 1559/1451/1738
f 1553/1451/1739 1561/1455/1747 1560/1455/1745
f 1554/1454/1740 1562/1455/1748 1561/1455/1747
f 1555/1454/1741 1563/1454/1749 1562/1455/1748
f 1556/1454/1742 1564/1454/1750 1563/1454/1749
f 1565/1455/1751 1564/1454/1750 1556/1454/1742
f 1566/1455/1752 1565/1455/1751 1557/1453/1743
f 1567/1455/1746 1566/1455/1752 1558/1451/1744
f 1568/1456/1753 1575/1456/1754 1567/1455/1746
f 1561/1455/1747 1569/1456/1755 1568/1456/1753
f 1562/1455/1748 1570/1456/1756 1569/1456/1755
f 1563/1454/1749 1571/1457/1757 1570/1456/1756
f 1564/1454/1750 1572/1457/1758 1571/1457/1757
f 1573/1456/1759 1572/1457/1758 1564/1454/1750
f 1574/1456/1760 1573/1456/1759 1565/1455/1751
f 1575/1456/1754 1574/1456/1760 1566/1455/1752
f 1568/1456/1753 1576/1456/1761 1583/1456/1762
f 1569/1456/1755 1577/1456/1763 1576/1456/1761
f 1570/1456/1756 1578/1456/1764 1577/1456/1763
f 1571/1457/1757 1579/1457/1765 1578/1456/1764
f 1580/1457/1766 1579/1457/1765 1571/1457/1757
f 1581/1456/1767 1580/1457/1766 1572/1457/1758
f 1582/1456/1768 1581/1456/1767 1573/1456/1759
f 1583/1456/1762 1582/1456/1768 1574/1456/1760
f 1576/1456/1761 1584/1458/1769 1591/1458/1770
f 1577/1456/1763 1585/1459/1771 1584/1458/1769
f 1578/1456/1764 1586/1459/1772 1585/1459/1771
f 1579/1457/1765 1587/1460/1773 1586/1459/1772
f 1588/1459/1774 1587/1460/1773 1579/1457/1765
f 1589/1459/1775 1588/1459/1774 1580/1457/1766
f 1590/1459/1776 1589/1459/1775 1581/1456/1767
f 1591/1458/1770 1590/1459/1776 1582/1456/1768
f 1584/1458/1769 1592/1458/1777 1599/1458/1778
f 1585/1459/1771 1593/1459/1779 1592/1458/1777
f 1586/1459/1772 1594/1459/1780 1593/1459/1779
f 1587/1460/1773 1595/1461/1781 1594/1459/1780
f 1596/1461/1782 1595/1461/1781 1587/1460/1773
f 1597/1459/1783 1596/1461/1782 1588/1459/1774
f 1598/1459/1784 1597/1459/1783 1589/1459/1775
f 1599/1458/1778 1598/1459/1784 1590/1459/1776
f 1592/1458/1777 1600/1462/1785 1607/1462/1786
f 1593/1459/1779 1601/1461/1787 1600/1462/1785
f 1594/1459/1780 1602/1461/1788 1601/1461/1787
f 1595/1461/1781 1603/1461/1789 1602/1461/1788
f 1604/1461/1790 1603/1461/1789 1595/1461/1781
f 1605/1461/1791 1604/1461/1790 1596/1461/1782
f 1606/1461/1792 1605/1461/1791 1597/1459/1783
f 1607/1462/1786 1606/1461/1792 1598/1459/1784
f 1600/1462/1785 1608/1462/1793 1615/1462/1794
f 1601/1461/1787 1609/1462/1795 1608/1462/1793
f 1602/1461/1788 1610/1461/1796 1609/1462/1795
f 1603/1461/1789 1611/1463/1797 1610/1461/1796
f 1612/1463/1798 1611/1463/1797 1603/1461/1789
f 1613/1461/1799 1612/1463/1798 1604/1461/1790
f 1614/1462/1800 1613/1461/1799 1605/1461/1791
f 1615/1462/1794 1614/1462/1800 1606/1461/1792
f 1608/1462/1793 1616/1462/1801 1623/1462/1802
f 1609/1462/1795 1617/1462/1803 1616/1462/1801
f 1610/1461/1796 1618/1463/1804 1617/1462/1803
f 1619/1463/1805 1618/1463/1804 1610/1461/1796
f 1620/1463/1806 1619/1463/1805 1611/1463/1797
f 1621/1464/1807 1620/1463/1806 1612/1463/1798
f 1622/1464/1808 1621/1464/1807 1613/1461/1799
f 1615/1462/1794 1623/1462/1802 1622/1464/1808
f 1616/1462/1801 1624/1464/1809 1631/1464/1810
f 1625/1464/1811 1624/1464/1809 1616/1462/1801
f 1626/1464/1812 1625/1464/1811 1617/1462/1803
f 1627/1464/1813 1626/1464/1812 1618/1463/1804
f 1628/1464/1814 1627/1464/1813 1619/1463/1805
f 1621/1464/1807 1629/1464/1815 1628/1464/1814
f 1622/1464/1808 1630/1464/1816 1629/1464/1815
f 1623/1462/1802 1631/1464/1810 1630/1464/1816
f 1624/1464/1809 1632/1465/1817 1639/1465/1818
f 1633/1465/1819 1632/1465/1817 1624/1464/1809
f 1634/1465/1820 1633/1465/1819 1625/1464/1811
f 1635/1466/1821 1634/1465/1820 1626/1464/1812
f 1636/1466/1822 1635/1466/1821 1627/1464/1813
f 1629/1464/1815 1637/1465/1823 1636/1466/1822
f 1630/1464/1816 1638/1465/1824 1637/1465/1823
f 1631/1464/1810 1639/1465/1818 1638/1465/1824
f 1050/1382/1240 1642/1382/1825 1643/1382/1826
f 1055/1385/1249 1054/1385/1827 1646/1385/1828
f 1052/1382/1246 1644/1382/1829 1645/1385/1830
f 1051/1382/1244 1643/1382/1826 1644/1382/1829
f 1049/1382/1238 1641/1382/1831 1642/1382/1825
f 1048/1382/1235 1055/1385/1249 1647/1385/1832
f 1054/1385/1827 1053/1385/1248 1645/1385/1830
f 1049/1382/1238 1048/1382/1235 1640/1382/1833
f 211/1200/604 212/480/390 15/482/392
f 30/1467/401 501/496/407 9/498/402
f 354/541/449 441/501/411 1030/503/413
f 912/721/620 33/509/418 220/511/420
f 220/511/420 219/512/421 38/514/423
f 47/769/696 915/517/426 46/519/428
f 230/523/432 232/520/429 44/522/431
f 234/518/427 230/523/432 46/519/428
f 816/507/416 39/515/424 36/513/422
f 909/720/619 217/527/436 33/509/418
f 35/510/419 217/527/436 34/529/438
f 324/771/698 323/530/439 218/528/437
f 9/681/402 504/531/408 49/533/441
f 28/1468/1052 898/543/451 27/492/403
f 16/1469/453 30/490/401 15/544/392
f 15/482/392 55/481/391 16/546/453
f 61/554/461 59/547/454 60/548/455
f 61/554/461 60/548/455 63/550/457
f 63/550/457 62/549/456 65/552/459
f 825/556/463 65/552/459 824/553/460
f 124/558/465 61/554/461 123/555/462
f 122/560/467 65/552/459 121/557/464
f 59/547/454 61/554/461 883/559/466
f 123/555/462 63/550/457 122/560/467
f 833/581/488 66/561/468 74/563/470
f 106/580/487 108/564/471 95/566/473
f 108/616/471 110/567/474 94/569/472
f 111/619/520 113/570/476 92/572/478
f 831/658/551 72/573/479 68/575/481
f 113/623/476 98/576/482 91/578/477
f 74/563/470 67/562/469 75/574/480
f 98/576/482 106/580/487 96/577/483
f 71/1470/490 833/581/488 77/582/489
f 833/1471/488 71/583/490 834/585/492
f 71/1470/490 77/582/489 89/587/494
f 72/573/479 76/588/495 75/574/480
f 76/588/495 83/590/497 842/592/499
f 77/582/489 74/563/470 78/589/496
f 80/605/509 837/593/500 88/586/493
f 71/1472/490 89/594/494 70/596/491
f 76/588/495 87/597/502 78/589/496
f 76/588/495 842/592/499 87/597/502
f 848/1473/485 73/600/484 82/602/506
f 77/582/489 78/589/496 88/586/493
f 87/597/502 843/603/507 90/598/503
f 81/604/508 80/605/509 90/598/503
f 79/608/505 73/606/484 83/590/497
f 831/658/551 79/608/505 72/573/479
f 109/622/518 107/612/514 878/614/516
f 103/628/526 101/611/513 857/615/517
f 110/567/474 108/616/471 866/618/519
f 113/570/476 111/619/520 114/621/522
f 108/564/471 106/580/487 109/622/518
f 98/576/482 113/623/476 97/625/523
f 106/580/487 98/576/482 107/612/514
f 101/611/513 103/628/526 115/630/528
f 866/618/519 109/617/518 877/632/529
f 107/612/514 97/625/523 120/613/515
f 97/625/523 114/624/522 119/633/530
f 120/613/515 119/633/530 115/630/528
f 119/633/530 118/634/531 116/635/532
f 878/614/516 120/613/515 873/629/527
f 99/1049/1042 116/635/532 105/626/524
f 99/1049/1042 101/611/513 116/635/532
f 857/615/517 122/560/467 104/637/534
f 857/615/517 102/610/512 122/560/467
f 100/609/511 124/558/465 102/610/512
f 100/609/511 865/627/525 124/558/465
f 91/578/477 96/577/483 143/639/536
f 146/1474/538 94/569/472 144/640/537
f 95/566/473 94/565/472 145/642/539
f 92/572/478 91/571/477 142/644/540
f 96/577/483 95/566/473 147/638/535
f 131/657/549 137/645/541 140/647/543
f 134/1475/550 138/648/544 139/650/546
f 132/1106/1123 135/651/547 131/653/549
f 133/646/542 134/654/550 140/647/543
f 131/657/549 140/647/543 67/562/469
f 140/647/543 139/655/546 68/575/481
f 134/1475/550 128/659/552 138/648/544
f 125/1476/557 130/661/554 136/656/548
f 130/661/554 129/662/555 137/645/541
f 135/651/547 126/663/556 136/652/548
f 129/662/555 128/665/552 133/646/542
f 83/579/497 85/579/486 84/579/498
f 139/650/546 888/649/545 831/667/551
f 815/526/435 32/668/559 39/515/424
f 141/488/399 3/669/560 50/539/447
f 141/488/399 52/479/389 3/669/560
f 22/534/442 50/539/447 434/540/448
f 130/661/554 147/638/535 129/662/555
f 125/1476/557 143/639/536 130/661/554
f 128/659/552 146/674/538 127/660/553
f 145/642/539 146/641/538 129/662/555
f 142/644/540 143/643/536 126/663/556
f 13/1477/1150 824/553/460 14/676/565
f 11/678/567 14/676/565 62/549/456
f 12/677/566 11/678/567 60/548/455
f 158/1478/572 24/680/396 159/70/571
f 27/505/403 9/681/402 29/495/406
f 165/57/592 164/57/575 166/48/577
f 167/410/590 179/683/578 175/685/579
f 167/410/590 175/685/579 161/411/576
f 167/10/590 169/8/581 168/10/583
f 176/690/588 175/685/579 177/687/584
f 165/57/592 181/688/585 174/56/587
f 163/1479/1834 162/686/580 176/690/588
f 168/10/583 178/52/589 167/10/590
f 178/52/589 177/51/584 179/52/578
f 166/48/577 180/691/591 165/57/592
f 168/10/583 170/8/582 182/693/594
f 172/7/1835 184/694/595 170/8/582
f 172/7/1835 174/56/587 184/694/595
f 166/48/577 168/10/583 180/691/591
f 198/703/570 206/695/596 204/697/598
f 208/672/563 207/698/599 801/673/564
f 204/697/598 209/696/597 203/671/562
f 503/917/860 16/546/453 1038/700/601
f 31/39/569 202/699/600 205/701/602
f 31/39/569 205/701/602 198/703/570
f 898/543/451 211/704/604 210/499/409
f 19/710/617 214/705/605 805/707/607
f 55/481/391 215/711/611 56/545/452
f 56/545/452 216/712/612 1038/700/601
f 1043/714/1230 1035/714/614 1044/715/616
f 20/1480/618 19/717/617 217/719/436
f 17/918/1067 20/709/618 909/720/619
f 35/510/419 34/529/438 220/511/420
f 32/668/559 912/721/620 38/514/423
f 221/732/630 222/724/623 526/726/625
f 222/724/623 223/727/626 528/725/624
f 228/733/1233 221/732/630 536/730/629
f 30/734/401 226/732/631 9/731/402
f 16/729/453 225/724/633 30/734/401
f 41/506/415 229/735/634 43/516/425
f 233/736/635 229/735/634 234/518/427
f 41/506/415 42/508/417 229/735/634
f 229/735/634 231/737/636 230/523/432
f 914/738/637 40/525/434 233/736/635
f 915/517/426 914/738/637 234/518/427
f 246/463/1836 250/742/651 245/89/648
f 246/463/1836 247/92/649 250/742/651
f 250/742/651 253/744/653 249/743/652
f 250/742/651 251/741/650 253/744/653
f 253/744/653 256/742/656 252/745/654
f 253/744/653 254/746/655 256/742/656
f 256/742/656 259/463/659 255/743/657
f 256/742/656 257/741/658 259/463/659
f 300/1481/692 301/747/660 309/749/662
f 299/1482/694 294/750/663 308/752/665
f 265/126/688 268/465/666 264/754/668
f 297/1483/683 298/755/669 306/757/671
f 263/762/685 264/754/668 266/758/672
f 267/753/667 280/124/673 266/758/672
f 295/1484/691 296/759/675 304/761/677
f 295/1484/691 304/761/677 301/747/660
f 300/1481/692 309/749/662 294/750/663
f 273/758/687 274/753/678 276/762/680
f 299/1482/694 308/752/665 298/755/669
f 277/754/679 282/113/681 276/762/680
f 296/759/675 297/763/683 305/760/676
f 262/123/695 283/125/684 263/762/685
f 272/115/693 281/114/686 273/758/687
f 277/754/679 274/753/678 293/128/690
f 301/766/660 276/762/680 295/765/691
f 300/767/692 273/758/687 301/766/660
f 272/115/693 273/758/687 294/768/663
f 269/115/674 272/115/693 299/768/694
f 266/758/672 269/115/674 298/767/669
f 263/762/685 266/758/672 297/766/683
f 262/123/695 263/762/685 296/765/675
f 295/765/691 278/123/682 296/765/675
f 45/521/430 47/769/696 44/522/431
f 920/770/697 219/512/421 323/530/439
f 37/524/433 36/513/422 920/770/697
f 218/528/437 19/710/617 324/771/698
f 325/784/709 326/772/699 48/774/574
f 198/1485/570 204/775/598 200/777/702
f 200/777/702 328/776/701 329/779/704
f 329/779/704 330/778/703 331/781/706
f 331/781/706 332/780/705 333/783/708
f 333/783/708 334/782/707 325/784/709
f 336/790/714 326/772/699 340/785/710
f 340/785/710 334/782/707 339/786/711
f 339/786/711 332/780/705 338/787/712
f 338/787/712 330/778/703 337/788/713
f 328/776/701 204/775/598 337/788/713
f 201/792/410 327/773/700 336/790/714
f 512/908/866 350/795/718 513/797/720
f 504/497/408 501/496/407 343/811/730
f 354/541/449 1033/814/736 441/501/411
f 522/721/874 524/511/741 369/509/743
f 372/513/757 523/512/744 373/514/745
f 543/518/755 1020/517/748 381/519/750
f 538/523/754 379/522/751 541/520/753
f 379/522/751 538/523/754 381/519/750
f 373/514/745 376/818/746 372/513/757
f 371/510/742 520/527/760 369/509/743
f 521/819/763 520/527/760 370/529/762
f 1025/771/946 521/819/763 633/530/764
f 502/532/440 504/531/408 383/821/765
f 511/812/734 514/826/770 364/805/729
f 351/828/772 350/795/718 366/804/728
f 391/796/719 350/795/718 392/829/773
f 395/1486/1172 397/830/774 925/809/733
f 397/830/774 399/832/776 396/831/775
f 399/832/776 401/834/778 398/833/777
f 400/835/779 401/834/778 402/837/781
f 399/832/776 397/830/774 430/839/783
f 403/836/780 401/834/778 994/841/785
f 395/1486/1172 995/842/786 397/830/774
f 401/834/778 399/832/776 429/840/784
f 972/862/805 419/843/787 408/845/789
f 972/1487/805 408/846/789 421/848/791
f 422/849/1182 406/849/792 423/849/794
f 412/853/796 423/850/794 410/852/795
f 419/843/787 412/853/796 409/844/788
f 427/868/811 420/857/800 428/859/802
f 416/855/798 415/854/797 418/861/804
f 419/843/787 972/862/805 420/857/800
f 980/869/812 423/850/794 411/863/806
f 411/863/806 412/853/796 420/857/800
f 417/860/803 415/854/797 983/867/810
f 426/870/813 411/863/806 427/868/811
f 987/871/814 980/869/812 426/870/813
f 425/872/815 426/870/813 424/866/809
f 986/873/816 987/871/814 425/872/815
f 427/868/811 428/859/802 424/866/809
f 413/865/808 970/864/807 425/872/815
f 424/866/809 415/854/797 425/872/815
f 429/840/784 418/861/804 994/841/785
f 430/839/783 416/855/798 429/840/784
f 414/856/799 416/855/798 431/838/782
f 995/842/786 971/875/818 431/838/782
f 408/846/789 438/877/820 961/847/790
f 409/844/788 437/879/822 408/845/789
f 405/849/793 406/849/792 436/849/826
f 409/844/788 410/852/795 437/879/822
f 373/514/745 368/668/827 376/818/746
f 432/803/727 386/824/768 3/669/560
f 385/537/445 388/794/716 3/669/560
f 360/822/766 434/540/448 386/824/768
f 348/1488/1222 349/887/831 402/837/781
f 349/887/831 345/888/832 400/835/779
f 345/888/832 346/889/833 398/833/777
f 364/817/729 365/808/732 343/820/730
f 464/210/1837 465/210/836 455/205/838
f 467/415/842 6/1/839 476/890/840
f 467/415/842 455/414/838 6/1/839
f 469/169/1838 467/172/842 470/169/844
f 478/892/849 465/210/836 482/891/846
f 468/172/843 467/172/842 475/208/847
f 475/208/847 476/208/840 8/471/848
f 466/205/837 465/210/836 477/893/850
f 480/895/852 470/169/844 479/894/851
f 472/170/854 470/169/844 481/896/853
f 482/891/846 474/209/845 481/896/853
f 468/172/843 466/205/837 479/894/851
f 509/886/830 347/885/829 508/901/859
f 392/912/773 351/902/772 1037/904/861
f 508/901/859 499/900/858 506/905/862
f 938/197/864 495/907/865 506/905/862
f 350/795/718 512/908/866 511/812/734
f 355/710/610 356/909/867 516/911/869
f 391/915/719 392/912/773 517/913/870
f 392/912/773 1037/904/861 518/708/608
f 513/1489/720 391/915/719 519/916/871
f 1045/917/1231 503/917/860 1046/700/872
f 516/911/869 1006/910/868 517/913/870
f 355/710/610 357/709/609 521/819/763
f 520/527/760 357/709/609 1015/720/761
f 523/512/744 370/529/762 524/511/741
f 368/668/827 373/514/745 522/721/874
f 525/924/878 526/726/625 527/919/875
f 527/919/875 528/725/624 529/920/876
f 535/923/877 536/730/629 525/924/878
f 534/923/1234 533/924/879 343/922/730
f 533/924/879 532/919/880 366/925/728
f 377/506/738 378/516/747 537/735/883
f 538/523/754 537/735/883 543/518/755
f 377/506/738 537/735/883 949/508/739
f 537/735/883 538/523/754 540/926/884
f 378/516/747 947/525/758 542/736/882
f 542/736/882 539/738/885 543/518/755
f 555/233/901 554/232/896 559/931/900
f 560/929/898 556/235/897 559/931/900
f 559/931/900 558/930/899 562/933/903
f 563/934/906 560/929/898 562/933/903
f 562/933/903 561/932/902 565/931/905
f 566/929/907 563/934/906 565/931/905
f 565/931/905 564/930/904 568/233/908
f 569/235/890 566/929/907 568/233/908
f 610/951/928 609/935/909 619/937/911
f 603/952/929 608/938/912 612/940/914
f 574/956/941 573/941/915 577/475/917
f 607/953/933 606/943/918 616/945/920
f 573/941/915 572/946/921 576/942/916
f 576/942/916 575/947/922 589/271/924
f 605/954/936 604/948/925 614/950/927
f 604/948/925 610/951/928 613/949/926
f 609/935/909 603/952/929 618/936/910
f 586/941/943 583/942/930 585/946/932
f 617/939/913 608/938/912 616/945/920
f 586/941/943 585/946/932 591/259/935
f 606/1490/918 605/954/936 615/955/919
f 573/941/915 592/270/937 572/946/921
f 583/942/930 590/258/939 582/947/931
f 592/270/937 574/956/941 589/271/924
f 584/475/942 583/942/930 602/274/944
f 585/946/932 610/957/928 587/268/934
f 585/946/932 582/947/931 610/957/928
f 581/257/940 603/960/929 582/947/931
f 578/257/923 608/960/912 581/257/940
f 575/947/922 607/959/933 578/257/923
f 572/946/921 606/957/918 575/947/922
f 571/268/938 605/958/936 572/946/921
f 571/268/938 587/268/934 605/958/936
f 381/519/750 951/769/749 379/522/751
f 370/529/762 523/512/744 633/530/764
f 523/512/744 372/513/757 632/770/945
f 356/909/867 355/710/610 1025/771/946
f 634/973/957 382/961/621 635/963/948
f 495/1491/865 497/964/949 505/966/855
f 497/964/949 638/967/951 637/965/950
f 638/967/951 640/969/953 639/968/952
f 640/969/953 642/971/955 641/970/954
f 642/971/955 634/973/957 643/972/956
f 643/972/956 635/963/948 649/975/959
f 641/970/954 643/972/956 648/976/960
f 639/968/952 641/970/954 647/977/961
f 637/965/950 639/968/952 646/978/962
f 637/965/950 646/978/962 505/966/855
f 635/963/948 636/962/947 645/974/958
f 661/1492/1839 654/380/963 659/982/965
f 661/1492/1839 659/982/965 665/984/967
f 658/1493/971 652/320/968 660/985/970
f 652/1039/968 658/986/971 749/988/973
f 662/992/977 664/989/974 666/991/976
f 658/1493/971 660/985/970 662/992/977
f 667/1000/982 663/993/966 753/995/979
f 670/1001/983 671/996/980 667/998/982
f 752/1031/1035 670/999/983 753/995/979
f 665/984/967 663/983/966 669/997/981
f 666/991/976 668/990/975 670/1001/983
f 686/1012/1008 688/1004/987 694/448/989
f 674/1005/1003 675/1005/990 676/1006/992
f 678/1009/1000 680/1008/996 690/445/998
f 676/1006/992 677/1006/991 678/1009/1000
f 688/1004/987 674/1005/1003 695/426/988
f 678/1009/1000 679/1009/999 680/1008/996
f 693/425/1020 684/1011/1007 694/448/989
f 682/1013/1018 680/1008/996 683/1013/1009
f 676/1006/992 678/1009/1000 672/444/1011
f 682/1013/1018 683/1013/1009 684/1011/1007
f 674/1005/1003 676/1006/992 673/427/1004
f 684/1011/1007 685/1011/1012 686/1012/1008
f 686/1012/1008 687/1012/1015 688/1004/987
f 680/1008/996 682/1013/1018 691/446/997
f 688/1004/987 689/1004/1016 674/1005/1003
f 682/1013/1018 684/1011/1007 692/447/1019
f 726/1018/986 727/1018/984 728/1019/985
f 741/441/995 732/1020/1031 742/453/994
f 724/1022/1032 725/1022/1001 726/1018/986
f 726/1018/986 728/1019/985 738/450/1006
f 722/1023/1010 723/1023/1030 724/1022/1032
f 734/1021/1014 736/1024/1013 742/453/994
f 736/1024/1013 722/1023/1010 743/442/1017
f 728/1019/985 729/1019/1021 730/1025/1022
f 720/449/1023 724/1022/1032 738/450/1006
f 730/1025/1022 731/1025/1024 732/1020/1031
f 721/443/1025 722/1023/1010 720/449/1023
f 734/1021/1014 732/1020/1031 735/1021/1026
f 736/1024/1013 734/1021/1014 737/1024/1027
f 739/451/1029 728/1019/985 740/452/1028
f 722/1023/1010 736/1024/1013 723/1023/1030
f 740/452/1028 730/1025/1022 741/441/995
f 666/1037/976 670/999/983 754/1032/1034
f 748/1042/1041 659/1033/965 746/1035/1038
f 750/1040/1037 662/1036/977 754/1032/1034
f 745/1041/1040 744/1038/1039 749/988/973
f 747/987/972 658/986/971 750/1040/1037
f 650/1034/964 744/1038/1039 746/1035/1038
f 663/993/966 659/1033/965 751/994/978
f 999/1190/1128 797/1053/1045 930/1054/1046
f 920/1214/697 323/1064/439 913/1066/1054
f 33/1085/418 912/1067/620 812/1069/1056
f 910/1213/1139 813/1072/1058 913/1066/1054
f 910/1213/1139 911/1068/1055 813/1072/1058
f 819/1078/1062 817/1070/1057 820/1075/1060
f 818/1076/1061 817/1070/1057 814/1073/1059
f 907/1083/1065 906/1081/1063 810/1082/1064
f 908/1211/1138 907/1083/1065 811/1065/1053
f 812/1069/1056 906/1081/1063 33/1085/418
f 802/1494/1224 803/1089/1049 821/1090/1070
f 59/1103/454 823/1091/1071 798/1093/405
f 827/1097/1074 825/1094/463 826/1096/1073
f 827/1097/1074 829/1099/1076 882/1101/1078
f 829/1099/1076 823/1091/1071 881/1100/1077
f 823/1091/1071 59/1103/454 884/1102/1079
f 823/1091/1071 829/1099/1076 799/1092/1072
f 832/1116/1086 830/1106/1080 835/1108/1081
f 132/1106/1123 131/653/549 830/1106/1080
f 867/1113/1085 869/1110/1082 856/1112/1084
f 110/1145/474 867/1113/1085 93/1114/475
f 869/1110/1082 111/619/520 855/1111/1083
f 69/1121/558 832/1116/1086 836/1117/1087
f 70/1495/491 840/1118/1088 834/1107/492
f 835/1108/1081 840/1118/1088 836/1117/1087
f 79/1496/505 831/1120/551 82/1122/506
f 845/1143/1099 838/1123/1090 80/1125/509
f 82/1122/506 847/1126/1091 848/1128/485
f 841/1119/1089 839/1130/1092 847/1126/1091
f 839/1130/1092 841/1119/1089 853/1132/1094
f 839/1130/1092 853/1132/1094 842/1134/499
f 840/1118/1088 850/1135/1095 841/1119/1089
f 844/1141/1098 846/1136/1096 843/1138/507
f 838/1123/1090 86/1139/501 837/1124/500
f 846/1136/1096 844/1141/1098 854/1131/1093
f 66/1109/468 833/1142/488 830/1106/1080
f 846/1136/1096 845/1143/1099 81/1137/508
f 850/1135/1095 845/1143/1099 854/1131/1093
f 82/1122/506 836/1117/1087 847/1126/1091
f 111/619/520 869/1110/1082 112/620/521
f 867/1113/1085 110/1145/474 868/1147/1101
f 858/1151/1102 103/1148/526 104/1150/534
f 859/1497/1840 858/1151/1102 860/1152/1103
f 859/1497/1840 860/1152/1103 861/1154/1105
f 863/1156/1107 861/1154/1105 864/1155/1106
f 105/1170/524 863/1156/1107 865/1157/525
f 869/1110/1082 867/1113/1085 870/1144/1100
f 114/1498/522 112/620/521 118/1159/531
f 112/620/521 870/1144/1100 876/1158/1108
f 880/1160/1109 879/1161/1110 871/1163/1112
f 870/1144/1100 868/1147/1101 880/1160/1109
f 868/1147/1101 866/1146/519 879/1161/1110
f 879/1161/1110 877/1164/529 872/1162/1111
f 103/1148/526 858/1151/1102 873/1166/527
f 859/1497/1840 872/1162/1111 858/1151/1102
f 861/1154/1105 863/1156/1107 871/1163/1112
f 859/1497/1840 861/1154/1105 872/1162/1111
f 863/1156/1107 105/1170/524 875/1169/1116
f 860/1152/1103 882/1101/1078 862/1153/1104
f 884/1102/1079 864/1155/1106 881/1100/1077
f 860/1152/1103 104/1150/534 882/1101/1078
f 864/1155/1106 884/1102/1079 865/1157/525
f 855/1111/1083 92/1115/478 893/1172/1117
f 856/1112/1084 855/1111/1083 892/1173/1118
f 144/1499/537 93/1114/475 892/1173/1118
f 138/1182/544 890/1174/1119 888/1176/545
f 890/1174/1119 891/1177/1121 889/1175/1120
f 887/1178/1122 891/1177/1121 132/1106/1123
f 888/1176/545 889/1175/1120 69/1121/558
f 832/1116/1086 887/1178/1122 830/1106/1080
f 891/1177/1121 885/1179/1124 135/651/547
f 127/1189/553 886/1181/1125 138/1182/544
f 890/1174/1119 886/1181/1125 891/1177/1121
f 853/1132/1094 844/1141/1098 851/1133/504
f 70/1495/491 86/1139/501 840/1118/1088
f 86/1139/501 838/1123/1090 850/1135/1095
f 930/1054/1046 451/1184/835 923/1186/1126
f 144/1499/537 892/1173/1118 127/1189/553
f 1000/1323/1207 894/1058/1050 999/1190/1128
f 1000/1323/1207 959/1191/1129 894/1058/1050
f 118/1159/531 876/1158/1108 117/1171/533
f 802/1359/1224 211/1198/604 897/1055/1047
f 802/1494/1224 821/1090/1070 211/1200/604
f 876/1158/1108 880/1160/1109 875/1169/1116
f 877/1164/529 878/1201/516 874/1165/1113
f 212/480/390 904/1204/1133 55/481/391
f 212/480/390 821/1090/1070 904/1204/1133
f 821/1090/1070 822/399/1069 902/1205/1134
f 214/716/605 215/711/611 900/1206/606
f 899/1207/1114 900/1206/606 902/1205/1134
f 901/1208/1115 899/1207/1114 903/377/1135
f 932/1336/1066 806/1209/1068 1010/376/1137
f 806/1088/1068 17/1087/1067 906/1081/1063
f 805/1210/607 804/1203/1132 908/1211/1138
f 810/1082/1064 812/1069/1056 910/1213/1139
f 811/1065/1053 810/1082/1064 913/1066/1054
f 32/1080/559 814/1073/1059 912/1067/620
f 42/1079/417 819/1078/1062 231/1216/636
f 231/1216/636 916/1215/1140 232/1218/429
f 916/1215/1140 819/1078/1062 918/1219/1142
f 917/1217/1141 916/1215/1140 919/1220/1143
f 40/1183/434 914/1221/637 820/1075/1060
f 914/1221/637 915/1222/426 918/1219/1142
f 917/1217/1141 919/1220/1143 45/1223/430
f 324/1212/698 908/1211/1138 323/1064/439
f 1019/1232/1148 921/1225/1144 896/1056/1048
f 896/1056/1048 795/1192/1130 1019/1232/1148
f 31/1197/569 157/1062/573 796/1050/1043
f 13/1234/1150 895/1233/1149 824/1095/460
f 999/1190/1128 930/1054/1046 924/1237/1152
f 632/1341/945 1018/1245/1158 633/1247/764
f 1017/1255/1164 522/1248/874 941/1250/1160
f 1016/1340/1215 1018/1245/1158 942/1252/1162
f 1016/1340/1215 942/1252/1162 1017/1255/1164
f 946/1257/1165 945/1251/1161 950/1258/1166
f 945/1251/1161 946/1257/1165 942/1252/1162
f 941/1250/1160 1012/1229/1147 939/1264/1169
f 1014/1338/1214 940/1246/1159 1013/1263/1168
f 1015/1339/761 1012/1229/1147 369/1249/743
f 1027/1332/1210 929/1240/1155 952/1266/1170
f 926/1277/1179 954/1267/1171 925/1269/733
f 402/1355/781 403/1193/780 955/1270/1173
f 958/1271/1174 956/1195/1131 992/1274/1177
f 958/1271/1174 992/1274/1177 954/1267/1171
f 954/1267/1171 996/1275/1178 395/1268/1172
f 957/1272/1175 958/1271/1174 926/1277/1179
f 977/1284/1183 975/1278/1180 407/1280/824
f 421/1286/791 961/1281/790 975/1278/1180
f 977/1284/1183 407/1280/824 422/1283/1182
f 978/1302/1194 977/1284/1183 979/1285/1184
f 974/1292/1187 421/1286/791 976/1287/1185
f 418/1500/804 417/1288/803 963/1290/817
f 973/1501/801 972/1291/805 974/1292/1187
f 962/1289/1186 964/1293/1188 963/1290/817
f 979/1285/1184 422/1283/1182 980/572/812
f 964/1293/1188 966/1296/1190 965/1294/1189
f 967/1297/1191 966/1296/1190 969/1299/1193
f 968/1298/1192 970/1300/807 969/1299/1193
f 976/1287/1185 975/1278/1180 978/1302/1194
f 973/1501/801 974/1292/1187 428/1304/802
f 988/1306/1196 979/1285/1184 987/1305/814
f 991/1307/1197 978/1302/1194 988/1306/1196
f 990/1310/1200 991/1307/1197 982/1309/1199
f 976/1287/1185 978/1302/1194 990/1310/1200
f 974/1292/1187 976/1287/1185 989/1303/1195
f 989/1303/1195 990/1310/1200 984/1311/1201
f 962/1289/1186 417/1288/803 984/1311/1201
f 964/1293/1188 962/1289/1186 982/1309/1199
f 985/1315/1204 968/1298/1192 981/1308/1198
f 966/1296/1190 964/1293/1188 981/1308/1198
f 986/1326/816 970/1300/807 985/1315/1204
f 965/1294/1189 967/1297/1191 993/1273/1176
f 967/1297/1191 969/1299/1193 992/1274/1177
f 994/1194/785 963/1290/817 993/1273/1176
f 969/1299/1193 971/1301/818 996/1275/1178
f 961/1281/790 997/1317/821 960/1279/1181
f 1000/1323/1207 999/1190/1128 1001/1241/1156
f 922/1324/1208 959/1191/1129 1001/1241/1156
f 985/1315/1204 988/1306/1196 986/1326/816
f 928/1239/1154 1004/1238/1153 512/1329/866
f 928/1239/1154 512/1329/866 952/1266/1170
f 981/1308/1198 991/1307/1197 985/1315/1204
f 428/1304/802 989/1303/1195 983/1312/810
f 1008/1333/1211 952/1266/1170 519/1331/871
f 1026/1358/1223 1027/1332/1210 1008/1333/1211
f 519/1331/871 1006/1231/868 1008/1333/1211
f 1011/402/1212 934/1335/1145 1010/376/1137
f 934/1227/1145 1012/1229/1147 352/1265/873
f 356/1230/867 1014/1338/1214 933/1228/1146
f 939/1264/1169 1016/1340/1215 941/1250/1160
f 1016/1340/1215 939/1264/1169 1018/1245/1158
f 368/1262/827 522/1248/874 944/1254/1163
f 1021/1343/1216 948/1261/1167 540/1342/884
f 1022/1346/1218 1021/1343/1216 541/1344/753
f 950/1258/1166 948/1261/1167 1023/1345/1217
f 1023/1345/1217 1021/1343/1216 1024/1347/1219
f 947/1318/758 950/1258/1166 539/1348/885
f 539/1348/885 1023/1345/1217 1020/1349/748
f 1022/1346/1218 380/1350/752 1024/1347/1219
f 940/1246/1159 1014/1338/1214 633/1247/764
f 929/1240/1155 921/1225/1144 1003/1327/1209
f 959/1191/1129 922/1324/1208 1019/1232/1148
f 955/1270/1173 1002/1353/1221 402/1355/781
f 953/401/1220 1027/1356/1210 1009/379/1213
f 1008/1333/1211 1005/1314/1203 1026/1358/1223
f 1032/1363/412 1029/1364/613 20/709/618
f 1031/1502/450 1030/1362/413 17/918/1067
f 357/709/609 1033/1365/736 352/918/873
f 518/708/608 1034/914/615 357/709/609
f 1034/715/615 1037/1368/861 1044/715/616
f 1039/501/1232 1040/1369/1227 1041/502/1229
f 1046/1371/872 1038/1371/601 1042/1372/1228
f 1039/501/1232 1043/815/1230 1040/1369/1227
f 1040/1369/1227 1044/1373/616 1045/1375/1231
f 1046/1503/872 1042/1376/1228 1045/1378/1231
f 1029/1380/613 1032/1379/412 1042/1380/1228
f 441/501/411 1035/815/614 1039/501/1232
f 1037/904/861 503/903/860 1047/904/1226
f 1032/502/412 441/501/411 1041/502/1229
f 182/693/594 183/692/593 181/688/585
f 481/896/853 480/895/852 478/892/849
f 1055/1385/1249 1048/1382/1235 1063/1383/1237
f 1048/1382/1235 1049/1382/1238 1056/1383/1236
f 1049/1382/1238 1050/1382/1240 1057/1384/1239
f 1051/1382/1244 1059/1382/1242 1050/1382/1240
f 1052/1382/1246 1060/1385/1243 1051/1382/1244
f 1053/1385/1248 1061/1385/1245 1052/1382/1246
f 1054/1385/1827 1062/1383/1247 1053/1385/1248
f 1054/1385/1827 1055/1385/1249 1062/1383/1247
f 1056/1383/1236 1064/1383/1250 1063/1383/1237
f 1057/1384/1239 1065/1383/1252 1056/1383/1236
f 1057/1384/1239 1058/1384/1241 1065/1383/1252
f 1058/1384/1241 1059/1382/1242 1066/1383/1253
f 1059/1382/1242 1060/1385/1243 1067/1383/1254
f 1060/1385/1243 1061/1385/1245 1068/1383/1255
f 1062/1383/1247 1070/1386/1257 1061/1385/1245
f 1063/1383/1237 1071/1383/1251 1062/1383/1247
f 1064/1383/1250 1072/1386/1258 1071/1383/1251
f 1065/1383/1252 1073/1386/1260 1064/1383/1250
f 1065/1383/1252 1066/1383/1253 1073/1386/1260
f 1066/1383/1253 1067/1383/1254 1074/1386/1261
f 1067/1383/1254 1068/1383/1255 1075/1386/1262
f 1068/1383/1255 1069/1383/1256 1076/1386/1263
f 1070/1386/1257 1078/1386/1265 1069/1383/1256
f 1071/1383/1251 1079/1386/1259 1070/1386/1257
f 1072/1386/1258 1080/1387/1266 1079/1386/1259
f 1073/1386/1260 1081/1387/1268 1072/1386/1258
f 1073/1386/1260 1074/1386/1261 1081/1387/1268
f 1074/1386/1261 1075/1386/1262 1082/1387/1269
f 1075/1386/1262 1076/1386/1263 1083/1387/1270
f 1076/1386/1263 1077/1386/1264 1084/1387/1271
f 1078/1386/1265 1086/1387/1273 1077/1386/1264
f 1079/1386/1259 1087/1387/1267 1078/1386/1265
f 1080/1387/1266 1088/1388/1274 1087/1387/1267
f 1081/1387/1268 1089/1388/1276 1080/1387/1266
f 1081/1387/1268 1082/1387/1269 1089/1388/1276
f 1082/1387/1269 1083/1387/1270 1090/1388/1277
f 1083/1387/1270 1084/1387/1271 1091/1388/1278
f 1084/1387/1271 1085/1387/1272 1092/1388/1279
f 1086/1387/1273 1094/1388/1281 1085/1387/1272
f 1087/1387/1267 1095/1388/1275 1086/1387/1273
f 1088/1388/1274 1096/1389/1282 1095/1388/1275
f 1088/1388/1274 1089/1388/1276 1096/1389/1282
f 1089/1388/1276 1090/1388/1277 1097/1389/1284
f 1090/1388/1277 1091/1388/1278 1098/1389/1285
f 1091/1388/1278 1092/1388/1279 1099/1388/1286
f 1093/1388/1280 1101/1388/1288 1092/1388/1279
f 1094/1388/1281 1102/1388/1289 1093/1388/1280
f 1095/1388/1275 1103/1388/1283 1094/1388/1281
f 1096/1389/1282 1104/1389/1290 1103/1388/1283
f 1096/1389/1282 1097/1389/1284 1104/1389/1290
f 1097/1389/1284 1098/1389/1285 1105/1389/1292
f 1098/1389/1285 1099/1388/1286 1106/1389/1293
f 1099/1388/1286 1100/1388/1287 1107/1389/1294
f 1101/1388/1288 1109/1389/1296 1100/1388/1287
f 1102/1388/1289 1110/1389/1297 1101/1388/1288
f 1103/1388/1283 1111/1389/1291 1102/1388/1289
f 1104/1389/1290 1112/1389/1298 1111/1389/1291
f 1104/1389/1290 1105/1389/1292 1112/1389/1298
f 1105/1389/1292 1106/1389/1293 1113/1389/1300
f 1106/1389/1293 1107/1389/1294 1114/1390/1301
f 1107/1389/1294 1108/1389/1295 1115/1390/1302
f 1109/1389/1296 1117/1389/1304 1108/1389/1295
f 1110/1389/1297 1118/1389/1305 1109/1389/1296
f 1111/1389/1291 1119/1389/1299 1110/1389/1297
f 1112/1389/1298 1120/1389/1306 1119/1389/1299
f 1113/1389/1300 1121/1390/1308 1112/1389/1298
f 1114/1390/1301 1122/1390/1309 1113/1389/1300
f 1114/1390/1301 1115/1390/1302 1122/1390/1309
f 1115/1390/1302 1116/1390/1303 1123/1390/1310
f 1116/1390/1303 1117/1389/1304 1124/1390/1311
f 1117/1389/1304 1118/1389/1305 1125/1390/1312
f 1119/1389/1299 1127/1389/1307 1118/1389/1305
f 1120/1389/1306 1128/1389/1314 1127/1389/1307
f 1120/1389/1306 1121/1390/1308 1128/1389/1314
f 1121/1390/1308 1122/1390/1309 1129/1390/1316
f 1122/1390/1309 1123/1390/1310 1130/1390/1317
f 1123/1390/1310 1124/1390/1311 1131/1390/1318
f 1125/1390/1312 1133/1390/1320 1124/1390/1311
f 1126/1390/1313 1134/1390/1321 1125/1390/1312
f 1127/1389/1307 1135/1389/1315 1126/1390/1313
f 1135/1389/1315 1128/1389/1314 1143/1389/1323
f 1129/1390/1316 1137/1390/1324 1128/1389/1314
f 1130/1390/1317 1138/1390/1325 1129/1390/1316
f 1131/1390/1318 1139/1390/1326 1130/1390/1317
f 1132/1390/1319 1140/1390/1327 1131/1390/1318
f 1132/1390/1319 1133/1390/1320 1140/1390/1327
f 1133/1390/1320 1134/1390/1321 1141/1390/1328
f 1134/1390/1321 1135/1389/1315 1142/1389/1329
f 1143/1389/1323 1136/1389/1322 1151/1389/1331
f 1137/1390/1324 1145/1389/1332 1136/1389/1322
f 1138/1390/1325 1146/1389/1333 1137/1390/1324
f 1139/1390/1326 1147/1389/1334 1138/1390/1325
f 1140/1390/1327 1148/1389/1335 1139/1390/1326
f 1140/1390/1327 1141/1390/1328 1148/1389/1335
f 1141/1390/1328 1142/1389/1329 1149/1389/1336
f 1142/1389/1329 1143/1389/1323 1150/1389/1337
f 1151/1389/1331 1144/1389/1330 1159/1388/1339
f 1145/1389/1332 1153/1389/1340 1144/1389/1330
f 1146/1389/1333 1154/1389/1341 1145/1389/1332
f 1147/1389/1334 1155/1389/1342 1146/1389/1333
f 1148/1389/1335 1156/1388/1343 1147/1389/1334
f 1148/1389/1335 1149/1389/1336 1156/1388/1343
f 1149/1389/1336 1150/1389/1337 1157/1388/1344
f 1150/1389/1337 1151/1389/1331 1158/1388/1345
f 1159/1388/1339 1152/1388/1338 1167/1388/1347
f 1153/1389/1340 1161/1388/1348 1152/1388/1338
f 1154/1389/1341 1162/1388/1349 1153/1389/1340
f 1155/1389/1342 1163/1388/1350 1154/1389/1341
f 1156/1388/1343 1164/1388/1351 1155/1389/1342
f 1156/1388/1343 1157/1388/1344 1164/1388/1351
f 1157/1388/1344 1158/1388/1345 1165/1388/1352
f 1158/1388/1345 1159/1388/1339 1166/1388/1353
f 1167/1388/1347 1160/1388/1346 1175/1387/1355
f 1161/1388/1348 1169/1387/1356 1160/1388/1346
f 1162/1388/1349 1170/1387/1357 1161/1388/1348
f 1163/1388/1350 1171/1387/1358 1162/1388/1349
f 1164/1388/1351 1172/1387/1359 1163/1388/1350
f 1164/1388/1351 1165/1388/1352 1172/1387/1359
f 1165/1388/1352 1166/1388/1353 1173/1387/1360
f 1166/1388/1353 1167/1388/1347 1174/1387/1361
f 1175/1387/1355 1168/1387/1354 1183/1386/1363
f 1168/1387/1354 1169/1387/1356 1176/1386/1362
f 1169/1387/1356 1170/1387/1357 1177/1386/1364
f 1170/1387/1357 1171/1387/1358 1178/1386/1365
f 1172/1387/1359 1180/1386/1367 1171/1387/1358
f 1173/1387/1360 1181/1386/1368 1172/1387/1359
f 1174/1387/1361 1182/1386/1369 1173/1387/1360
f 1175/1387/1355 1183/1386/1363 1174/1387/1361
f 1183/1386/1363 1176/1386/1362 1191/1383/1371
f 1176/1386/1362 1177/1386/1364 1184/1383/1370
f 1177/1386/1364 1178/1386/1365 1185/1383/1372
f 1178/1386/1365 1179/1386/1366 1186/1383/1373
f 1180/1386/1367 1188/1383/1375 1179/1386/1366
f 1181/1386/1368 1189/1383/1376 1180/1386/1367
f 1182/1386/1369 1190/1383/1377 1181/1386/1368
f 1183/1386/1363 1191/1383/1371 1182/1386/1369
f 1184/1383/1370 1192/1383/1378 1191/1383/1371
f 1185/1383/1372 1193/1384/1380 1184/1383/1370
f 1186/1383/1373 1194/1384/1381 1185/1383/1372
f 1187/1383/1374 1195/1384/1382 1186/1383/1373
f 1187/1383/1374 1188/1383/1375 1195/1384/1382
f 1188/1383/1375 1189/1383/1376 1196/1384/1383
f 1189/1383/1376 1190/1383/1377 1197/1384/1384
f 1190/1383/1377 1191/1383/1371 1198/1383/1385
f 1192/1383/1378 1200/1384/1386 1199/1383/1379
f 1193/1384/1380 1201/1384/1388 1192/1383/1378
f 1194/1384/1381 1202/1391/1389 1193/1384/1380
f 1195/1384/1382 1203/1391/1390 1194/1384/1381
f 1195/1384/1382 1196/1384/1383 1203/1391/1390
f 1196/1384/1383 1197/1384/1384 1204/1391/1391
f 1197/1384/1384 1198/1383/1385 1205/1384/1392
f 1198/1383/1385 1199/1383/1379 1206/1384/1393
f 1200/1384/1386 1208/1392/1394 1207/1384/1387
f 1201/1384/1388 1209/1392/1396 1200/1384/1386
f 1202/1391/1389 1210/1391/1397 1201/1384/1388
f 1203/1391/1390 1211/1391/1398 1202/1391/1389
f 1203/1391/1390 1204/1391/1391 1211/1391/1398
f 1204/1391/1391 1205/1384/1392 1212/1392/1399
f 1205/1384/1392 1206/1384/1393 1213/1392/1400
f 1206/1384/1393 1207/1384/1387 1214/1392/1401
f 1215/1392/1395 1208/1392/1394 1223/1392/1403
f 1208/1392/1394 1209/1392/1396 1216/1393/1402
f 1210/1391/1397 1218/1393/1405 1209/1392/1396
f 1211/1391/1398 1219/1393/1406 1210/1391/1397
f 1212/1392/1399 1220/1393/1407 1211/1391/1398
f 1213/1392/1400 1221/1393/1408 1212/1392/1399
f 1213/1392/1400 1214/1392/1401 1221/1393/1408
f 1214/1392/1401 1215/1392/1395 1222/1393/1409
f 1223/1392/1403 1216/1393/1402 1231/1393/1411
f 1216/1393/1402 1217/1393/1404 1224/1393/1410
f 1217/1393/1404 1218/1393/1405 1225/1393/1412
f 1219/1393/1406 1227/1394/1414 1218/1393/1405
f 1220/1393/1407 1228/1394/1415 1219/1393/1406
f 1221/1393/1408 1229/1393/1416 1220/1393/1407
f 1222/1393/1409 1230/1393/1417 1221/1393/1408
f 1222/1393/1409 1223/1392/1403 1230/1393/1417
f 1231/1393/1411 1224/1393/1410 1239/1393/1419
f 1224/1393/1410 1225/1393/1412 1232/1393/1418
f 1225/1393/1412 1226/1394/1413 1233/1394/1420
f 1227/1394/1414 1235/1394/1422 1226/1394/1413
f 1228/1394/1415 1236/1394/1423 1227/1394/1414
f 1229/1393/1416 1237/1394/1424 1228/1394/1415
f 1230/1393/1417 1238/1393/1425 1229/1393/1416
f 1230/1393/1417 1231/1393/1411 1238/1393/1425
f 1239/1393/1419 1232/1393/1418 1247/1395/1427
f 1232/1393/1418 1233/1394/1420 1240/1395/1426
f 1233/1394/1420 1234/1394/1421 1241/1396/1428
f 1235/1394/1422 1243/1396/1430 1234/1394/1421
f 1236/1394/1423 1244/1396/1431 1235/1394/1422
f 1237/1394/1424 1245/1396/1432 1236/1394/1423
f 1238/1393/1425 1246/1395/1433 1237/1394/1424
f 1238/1393/1425 1239/1393/1419 1246/1395/1433
f 1255/1399/1448 1248/1397/1434 1263/1397/1436
f 1248/1397/1434 1249/1397/1437 1256/1397/1435
f 1249/1397/1437 1250/1397/1439 1257/1397/1438
f 1251/1398/1443 1259/1398/1441 1250/1397/1439
f 1252/1398/1445 1260/1398/1442 1251/1398/1443
f 1253/1400/1447 1261/1398/1444 1252/1398/1445
f 1254/1399/1841 1262/1399/1446 1253/1400/1447
f 1254/1399/1841 1255/1399/1448 1262/1399/1446
f 1263/1397/1436 1256/1397/1435 1271/1397/1450
f 1256/1397/1435 1257/1397/1438 1264/1397/1449
f 1257/1397/1438 1258/1397/1440 1265/1397/1451
f 1259/1398/1441 1267/1397/1453 1258/1397/1440
f 1260/1398/1442 1268/1398/1454 1259/1398/1441
f 1261/1398/1444 1269/1398/1455 1260/1398/1442
f 1262/1399/1446 1270/1399/1456 1261/1398/1444
f 1262/1399/1446 1263/1397/1436 1270/1399/1456
f 1264/1397/1449 1272/1397/1457 1271/1397/1450
f 1265/1397/1451 1273/1397/1459 1264/1397/1449
f 1266/1397/1452 1274/1397/1460 1265/1397/1451
f 1266/1397/1452 1267/1397/1453 1274/1397/1460
f 1267/1397/1453 1268/1398/1454 1275/1397/1461
f 1268/1398/1454 1269/1398/1455 1276/1398/1462
f 1269/1398/1455 1270/1399/1456 1277/1400/1463
f 1271/1397/1450 1279/1399/1458 1270/1399/1456
f 1272/1397/1457 1280/1399/1465 1279/1399/1458
f 1273/1397/1459 1281/1399/1467 1272/1397/1457
f 1274/1397/1460 1282/1399/1468 1273/1397/1459
f 1274/1397/1460 1275/1397/1461 1282/1399/1468
f 1275/1397/1461 1276/1398/1462 1283/1399/1469
f 1276/1398/1462 1277/1400/1463 1284/1400/1470
f 1277/1400/1463 1278/1399/1464 1285/1400/1471
f 1279/1399/1458 1287/1399/1466 1278/1399/1464
f 1280/1399/1465 1288/1401/1473 1287/1399/1466
f 1281/1399/1467 1289/1401/1475 1280/1399/1465
f 1282/1399/1468 1290/1399/1476 1281/1399/1467
f 1282/1399/1468 1283/1399/1469 1290/1399/1476
f 1283/1399/1469 1284/1400/1470 1291/1400/1477
f 1284/1400/1470 1285/1400/1471 1292/1402/1478
f 1285/1400/1471 1286/1399/1472 1293/1402/1479
f 1287/1399/1466 1295/1401/1474 1286/1399/1472
f 1288/1401/1473 1296/1401/1481 1295/1401/1474
f 1289/1401/1475 1297/1401/1483 1288/1401/1473
f 1290/1399/1476 1298/1401/1484 1289/1401/1475
f 1290/1399/1476 1291/1400/1477 1298/1401/1484
f 1291/1400/1477 1292/1402/1478 1299/1402/1485
f 1292/1402/1478 1293/1402/1479 1300/1402/1486
f 1293/1402/1479 1294/1401/1480 1301/1402/1487
f 1295/1401/1474 1303/1401/1482 1294/1401/1480
f 1296/1401/1481 1304/1403/1489 1303/1401/1482
f 1297/1401/1483 1305/1403/1491 1296/1401/1481
f 1297/1401/1483 1298/1401/1484 1305/1403/1491
f 1298/1401/1484 1299/1402/1485 1306/1403/1492
f 1299/1402/1485 1300/1402/1486 1307/1404/1493
f 1300/1402/1486 1301/1402/1487 1308/1404/1494
f 1302/1401/1488 1310/1403/1496 1301/1402/1487
f 1303/1401/1482 1311/1403/1490 1302/1401/1488
f 1304/1403/1489 1312/1405/1497 1311/1403/1490
f 1305/1403/1491 1313/1405/1499 1304/1403/1489
f 1305/1403/1491 1306/1403/1492 1313/1405/1499
f 1306/1403/1492 1307/1404/1493 1314/1405/1500
f 1307/1404/1493 1308/1404/1494 1315/1405/1501
f 1308/1404/1494 1309/1404/1495 1316/1406/1502
f 1310/1403/1496 1318/1405/1504 1309/1404/1495
f 1311/1403/1490 1319/1405/1498 1310/1403/1496
f 1312/1405/1497 1320/1407/1505 1319/1405/1498
f 1312/1405/1497 1313/1405/1499 1320/1407/1505
f 1313/1405/1499 1314/1405/1500 1321/1408/1507
f 1314/1405/1500 1315/1405/1501 1322/1408/1508
f 1315/1405/1501 1316/1406/1502 1323/1408/1509
f 1317/1406/1503 1325/1408/1511 1316/1406/1502
f 1318/1405/1504 1326/1408/1512 1317/1406/1503
f 1319/1405/1498 1327/1408/1506 1318/1405/1504
f 1320/1407/1505 1328/1410/1513 1327/1408/1506
f 1320/1407/1505 1321/1408/1507 1328/1410/1513
f 1321/1408/1507 1322/1408/1508 1329/1410/1515
f 1322/1408/1508 1323/1408/1509 1330/1411/1516
f 1323/1408/1509 1324/1409/1510 1331/1411/1517
f 1325/1408/1511 1333/1411/1519 1324/1409/1510
f 1326/1408/1512 1334/1411/1520 1325/1408/1511
f 1327/1408/1506 1335/1410/1514 1326/1408/1512
f 1328/1410/1513 1336/1412/1521 1335/1410/1514
f 1328/1410/1513 1329/1410/1515 1336/1412/1521
f 1329/1410/1515 1330/1411/1516 1337/1412/1523
f 1330/1411/1516 1331/1411/1517 1338/1412/1524
f 1331/1411/1517 1332/1411/1518 1339/1413/1525
f 1333/1411/1519 1341/1413/1527 1332/1411/1518
f 1334/1411/1520 1342/1412/1528 1333/1411/1519
f 1335/1410/1514 1343/1412/1522 1334/1411/1520
f 1336/1412/1521 1344/1414/1529 1343/1412/1522
f 1337/1412/1523 1345/1412/1531 1336/1412/1521
f 1338/1412/1524 1346/1415/1532 1337/1412/1523
f 1338/1412/1524 1339/1413/1525 1346/1415/1532
f 1339/1413/1525 1340/1413/1526 1347/1415/1533
f 1340/1413/1526 1341/1413/1527 1348/1415/1534
f 1341/1413/1527 1342/1412/1528 1349/1415/1535
f 1343/1412/1522 1351/1412/1530 1342/1412/1528
f 1344/1414/1529 1352/1414/1537 1351/1412/1530
f 1345/1412/1531 1353/1416/1539 1344/1414/1529
f 1346/1415/1532 1354/1416/1540 1345/1412/1531
f 1347/1415/1533 1355/1415/1541 1346/1415/1532
f 1347/1415/1533 1348/1415/1534 1355/1415/1541
f 1348/1415/1534 1349/1415/1535 1356/1415/1542
f 1349/1415/1535 1350/1412/1536 1357/1415/1543
f 1350/1412/1536 1351/1412/1530 1358/1415/1544
f 1359/1414/1538 1352/1414/1537 1367/1416/1546
f 1352/1414/1537 1353/1416/1539 1360/1416/1545
f 1353/1416/1539 1354/1416/1540 1361/1416/1547
f 1354/1416/1540 1355/1415/1541 1362/1416/1548
f 1356/1415/1542 1364/1417/1550 1355/1415/1541
f 1357/1415/1543 1365/1416/1551 1356/1415/1542
f 1358/1415/1544 1366/1416/1552 1357/1415/1543
f 1359/1414/1538 1367/1416/1546 1358/1415/1544
f 1367/1416/1546 1360/1416/1545 1375/1418/1554
f 1360/1416/1545 1361/1416/1547 1368/1418/1553
f 1361/1416/1547 1362/1416/1548 1369/1418/1555
f 1362/1416/1548 1363/1417/1549 1370/1417/1556
f 1364/1417/1550 1372/1417/1558 1363/1417/1549
f 1365/1416/1551 1373/1417/1559 1364/1417/1550
f 1366/1416/1552 1374/1416/1560 1365/1416/1551
f 1367/1416/1546 1375/1418/1554 1366/1416/1552
f 1375/1418/1554 1368/1418/1553 1383/1418/1562
f 1368/1418/1553 1369/1418/1555 1376/1418/1561
f 1369/1418/1555 1370/1417/1556 1377/1418/1563
f 1370/1417/1556 1371/1417/1557 1378/1419/1564
f 1372/1417/1558 1380/1419/1566 1371/1417/1557
f 1373/1417/1559 1381/1419/1567 1372/1417/1558
f 1374/1416/1560 1382/1418/1568 1373/1417/1559
f 1375/1418/1554 1383/1418/1562 1374/1416/1560
f 1383/1418/1562 1376/1418/1561 1391/1418/1570
f 1376/1418/1561 1377/1418/1563 1384/1418/1569
f 1377/1418/1563 1378/1419/1564 1385/1418/1571
f 1378/1419/1564 1379/1419/1565 1386/1419/1572
f 1380/1419/1566 1388/1419/1574 1379/1419/1565
f 1381/1419/1567 1389/1419/1575 1380/1419/1566
f 1382/1418/1568 1390/1418/1576 1381/1419/1567
f 1383/1418/1562 1391/1418/1570 1382/1418/1568
f 1391/1418/1570 1384/1418/1569 1399/1418/1578
f 1384/1418/1569 1385/1418/1571 1392/1418/1577
f 1385/1418/1571 1386/1419/1572 1393/1420/1579
f 1386/1419/1572 1387/1419/1573 1394/1420/1580
f 1388/1419/1574 1396/1421/1582 1387/1419/1573
f 1389/1419/1575 1397/1421/1583 1388/1419/1574
f 1390/1418/1576 1398/1420/1584 1389/1419/1575
f 1391/1418/1570 1399/1418/1578 1390/1418/1576
f 1399/1418/1578 1392/1418/1577 1407/1420/1586
f 1392/1418/1577 1393/1420/1579 1400/1420/1585
f 1394/1420/1580 1402/1420/1588 1393/1420/1579
f 1395/1421/1581 1403/1420/1589 1394/1420/1580
f 1396/1421/1582 1404/1420/1590 1395/1421/1581
f 1397/1421/1583 1405/1420/1591 1396/1421/1582
f 1397/1421/1583 1398/1420/1584 1405/1420/1591
f 1398/1420/1584 1399/1418/1578 1406/1420/1592
f 1407/1420/1586 1400/1420/1585 1415/1422/1594
f 1401/1420/1587 1409/1422/1595 1400/1420/1585
f 1402/1420/1588 1410/1420/1596 1401/1420/1587
f 1403/1420/1589 1411/1423/1597 1402/1420/1588
f 1404/1420/1590 1412/1423/1598 1403/1420/1589
f 1404/1420/1590 1405/1420/1591 1412/1423/1598
f 1405/1420/1591 1406/1420/1592 1413/1423/1599
f 1406/1420/1592 1407/1420/1586 1414/1420/1600
f 1415/1422/1594 1408/1422/1593 1423/1422/1602
f 1409/1422/1595 1417/1422/1603 1408/1422/1593
f 1410/1420/1596 1418/1424/1604 1409/1422/1595
f 1411/1423/1597 1419/1424/1605 1410/1420/1596
f 1412/1423/1598 1420/1424/1606 1411/1423/1597
f 1412/1423/1598 1413/1423/1599 1420/1424/1606
f 1413/1423/1599 1414/1420/1600 1421/1424/1607
f 1414/1420/1600 1415/1422/1594 1422/1422/1608
f 1423/1422/1602 1416/1422/1601 1431/1425/1610
f 1417/1422/1603 1425/1425/1611 1416/1422/1601
f 1418/1424/1604 1426/1426/1612 1417/1422/1603
f 1419/1424/1605 1427/1426/1613 1418/1424/1604
f 1420/1424/1606 1428/1426/1614 1419/1424/1605
f 1420/1424/1606 1421/1424/1607 1428/1426/1614
f 1421/1424/1607 1422/1422/1608 1429/1426/1615
f 1422/1422/1608 1423/1422/1602 1430/1425/1616
f 1431/1425/1610 1424/1425/1609 1439/1427/1618
f 1425/1425/1611 1433/1427/1619 1424/1425/1609
f 1426/1426/1612 1434/1428/1620 1425/1425/1611
f 1427/1426/1613 1435/1428/1621 1426/1426/1612
f 1428/1426/1614 1436/1428/1622 1427/1426/1613
f 1428/1426/1614 1429/1426/1615 1436/1428/1622
f 1429/1426/1615 1430/1425/1616 1437/1428/1623
f 1430/1425/1616 1431/1425/1610 1438/1427/1624
f 1439/1427/1618 1432/1427/1617 1447/1429/1626
f 1433/1427/1619 1441/1429/1627 1432/1427/1617
f 1434/1428/1620 1442/1430/1628 1433/1427/1619
f 1435/1428/1621 1443/1430/1629 1434/1428/1620
f 1436/1428/1622 1444/1430/1630 1435/1428/1621
f 1436/1428/1622 1437/1428/1623 1444/1430/1630
f 1437/1428/1623 1438/1427/1624 1445/1430/1631
f 1438/1427/1624 1439/1427/1618 1446/1429/1632
f 1447/1429/1626 1440/1429/1625 1455/1431/1634
f 1441/1429/1627 1449/1431/1635 1440/1429/1625
f 1442/1430/1628 1450/1432/1636 1441/1429/1627
f 1443/1430/1629 1451/1432/1637 1442/1430/1628
f 1444/1430/1630 1452/1432/1638 1443/1430/1629
f 1444/1430/1630 1445/1430/1631 1452/1432/1638
f 1445/1430/1631 1446/1429/1632 1453/1432/1639
f 1446/1429/1632 1447/1429/1626 1454/1431/1640
f 1448/1431/1633 1456/1433/1641 1455/1431/1634
f 1448/1431/1633 1449/1431/1635 1456/1433/1641
f 1449/1431/1635 1450/1432/1636 1457/1433/1643
f 1450/1432/1636 1451/1432/1637 1458/1434/1644
f 1451/1432/1637 1452/1432/1638 1459/1434/1645
f 1453/1432/1639 1461/1432/1647 1452/1432/1638
f 1454/1431/1640 1462/1431/1648 1453/1432/1639
f 1455/1431/1634 1463/1433/1642 1454/1431/1640
f 1456/1433/1641 1464/1435/1649 1463/1433/1642
f 1456/1433/1641 1457/1433/1643 1464/1435/1649
f 1457/1433/1643 1458/1434/1644 1465/1435/1651
f 1458/1434/1644 1459/1434/1645 1466/1436/1652
f 1459/1434/1645 1460/1434/1646 1467/1436/1653
f 1461/1432/1647 1469/1434/1655 1460/1434/1646
f 1462/1431/1648 1470/1433/1656 1461/1432/1647
f 1463/1433/1642 1471/1433/1650 1462/1431/1648
f 1464/1435/1649 1472/1437/1657 1471/1433/1650
f 1464/1435/1649 1465/1435/1651 1472/1437/1657
f 1465/1435/1651 1466/1436/1652 1473/1437/1659
f 1466/1436/1652 1467/1436/1653 1474/1438/1660
f 1467/1436/1653 1468/1436/1654 1475/1438/1661
f 1469/1434/1655 1477/1436/1663 1468/1436/1654
f 1470/1433/1656 1478/1435/1664 1469/1434/1655
f 1471/1433/1650 1479/1437/1658 1470/1433/1656
f 1472/1437/1657 1480/1439/1665 1479/1437/1658
f 1472/1437/1657 1473/1437/1659 1480/1439/1665
f 1473/1437/1659 1474/1438/1660 1481/1439/1667
f 1474/1438/1660 1475/1438/1661 1482/1439/1668
f 1475/1438/1661 1476/1438/1662 1483/1440/1669
f 1477/1436/1663 1485/1438/1671 1476/1438/1662
f 1478/1435/1664 1486/1437/1672 1477/1436/1663
f 1479/1437/1658 1487/1439/1666 1478/1435/1664
f 1480/1439/1665 1488/1441/1673 1487/1439/1666
f 1480/1439/1665 1481/1439/1667 1488/1441/1673
f 1481/1439/1667 1482/1439/1668 1489/1441/1675
f 1482/1439/1668 1483/1440/1669 1490/1441/1676
f 1483/1440/1669 1484/1440/1670 1491/1442/1677
f 1485/1438/1671 1493/1439/1679 1484/1440/1670
f 1486/1437/1672 1494/1439/1680 1485/1438/1671
f 1487/1439/1666 1495/1441/1674 1486/1437/1672
f 1488/1441/1673 1496/1443/1681 1495/1441/1674
f 1488/1441/1673 1489/1441/1675 1496/1443/1681
f 1489/1441/1675 1490/1441/1676 1497/1443/1683
f 1490/1441/1676 1491/1442/1677 1498/1443/1684
f 1491/1442/1677 1492/1442/1678 1499/1444/1685
f 1493/1439/1679 1501/1441/1687 1492/1442/1678
f 1494/1439/1680 1502/1441/1688 1493/1439/1679
f 1495/1441/1674 1503/1443/1682 1494/1439/1680
f 1496/1443/1681 1504/1445/1689 1503/1443/1682
f 1496/1443/1681 1497/1443/1683 1504/1445/1689
f 1497/1443/1683 1498/1443/1684 1505/1445/1691
f 1498/1443/1684 1499/1444/1685 1506/1445/1692
f 1499/1444/1685 1500/1444/1686 1507/1446/1693
f 1501/1441/1687 1509/1443/1695 1500/1444/1686
f 1502/1441/1688 1510/1443/1696 1501/1441/1687
f 1503/1443/1682 1511/1443/1690 1502/1441/1688
f 1504/1445/1689 1512/1445/1697 1511/1443/1690
f 1504/1445/1689 1505/1445/1691 1512/1445/1697
f 1505/1445/1691 1506/1445/1692 1513/1445/1699
f 1506/1445/1692 1507/1446/1693 1514/1445/1700
f 1507/1446/1693 1508/1444/1694 1515/1446/1701
f 1509/1443/1695 1517/1445/1703 1508/1444/1694
f 1510/1443/1696 1518/1445/1704 1509/1443/1695
f 1511/1443/1690 1519/1445/1698 1510/1443/1696
f 1512/1445/1697 1520/1447/1705 1519/1445/1698
f 1512/1445/1697 1513/1445/1699 1520/1447/1705
f 1513/1445/1699 1514/1445/1700 1521/1448/1707
f 1514/1445/1700 1515/1446/1701 1522/1448/1708
f 1515/1446/1701 1516/1446/1702 1523/1448/1709
f 1517/1445/1703 1525/1448/1711 1516/1446/1702
f 1518/1445/1704 1526/1448/1712 1517/1445/1703
f 1519/1445/1698 1527/1447/1706 1518/1445/1704
f 1520/1447/1705 1528/1447/1713 1527/1447/1706
f 1520/1447/1705 1521/1448/1707 1528/1447/1713
f 1521/1448/1707 1522/1448/1708 1529/1449/1715
f 1522/1448/1708 1523/1448/1709 1530/1449/1716
f 1523/1448/1709 1524/1448/1710 1531/1449/1717
f 1525/1448/1711 1533/1449/1719 1524/1448/1710
f 1526/1448/1712 1534/1448/1720 1525/1448/1711
f 1527/1447/1706 1535/1447/1714 1526/1448/1712
f 1528/1447/1713 1536/1450/1721 1535/1447/1714
f 1529/1449/1715 1537/1450/1723 1528/1447/1713
f 1530/1449/1716 1538/1449/1724 1529/1449/1715
f 1531/1449/1717 1539/1449/1725 1530/1449/1716
f 1531/1449/1717 1532/1449/1718 1539/1449/1725
f 1532/1449/1718 1533/1449/1719 1540/1449/1726
f 1533/1449/1719 1534/1448/1720 1541/1449/1727
f 1534/1448/1720 1535/1447/1714 1542/1450/1728
f 1543/1450/1722 1536/1450/1721 1551/1452/1730
f 1537/1450/1723 1545/1453/1731 1536/1450/1721
f 1538/1449/1724 1546/1453/1732 1537/1450/1723
f 1539/1449/1725 1547/1453/1733 1538/1449/1724
f 1540/1449/1726 1548/1453/1734 1539/1449/1725
f 1540/1449/1726 1541/1449/1727 1548/1453/1734
f 1541/1449/1727 1542/1450/1728 1549/1453/1735
f 1542/1450/1728 1543/1450/1722 1550/1453/1736
f 1544/1451/1729 1552/1451/1737 1551/1452/1730
f 1545/1453/1731 1553/1451/1739 1544/1451/1729
f 1545/1453/1731 1546/1453/1732 1553/1451/1739
f 1546/1453/1732 1547/1453/1733 1554/1454/1740
f 1547/1453/1733 1548/1453/1734 1555/1454/1741
f 1548/1453/1734 1549/1453/1735 1556/1454/1742
f 1550/1453/1736 1558/1451/1744 1549/1453/1735
f 1551/1452/1730 1559/1451/1738 1550/1453/1736
f 1552/1451/1737 1560/1455/1745 1559/1451/1738
f 1552/1451/1737 1553/1451/1739 1560/1455/1745
f 1553/1451/1739 1554/1454/1740 1561/1455/1747
f 1554/1454/1740 1555/1454/1741 1562/1455/1748
f 1555/1454/1741 1556/1454/1742 1563/1454/1749
f 1557/1453/1743 1565/1455/1751 1556/1454/1742
f 1558/1451/1744 1566/1455/1752 1557/1453/1743
f 1559/1451/1738 1567/1455/1746 1558/1451/1744
f 1560/1455/1745 1568/1456/1753 1567/1455/1746
f 1560/1455/1745 1561/1455/1747 1568/1456/1753
f 1561/1455/1747 1562/1455/1748 1569/1456/1755
f 1562/1455/1748 1563/1454/1749 1570/1456/1756
f 1563/1454/1749 1564/1454/1750 1571/1457/1757
f 1565/1455/1751 1573/1456/1759 1564/1454/1750
f 1566/1455/1752 1574/1456/1760 1565/1455/1751
f 1567/1455/1746 1575/1456/1754 1566/1455/1752
f 1575/1456/1754 1568/1456/1753 1583/1456/1762
f 1568/1456/1753 1569/1456/1755 1576/1456/1761
f 1569/1456/1755 1570/1456/1756 1577/1456/1763
f 1570/1456/1756 1571/1457/1757 1578/1456/1764
f 1572/1457/1758 1580/1457/1766 1571/1457/1757
f 1573/1456/1759 1581/1456/1767 1572/1457/1758
f 1574/1456/1760 1582/1456/1768 1573/1456/1759
f 1575/1456/1754 1583/1456/1762 1574/1456/1760
f 1583/1456/1762 1576/1456/1761 1591/1458/1770
f 1576/1456/1761 1577/1456/1763 1584/1458/1769
f 1577/1456/1763 1578/1456/1764 1585/1459/1771
f 1578/1456/1764 1579/1457/1765 1586/1459/1772
f 1580/1457/1766 1588/1459/1774 1579/1457/1765
f 1581/1456/1767 1589/1459/1775 1580/1457/1766
f 1582/1456/1768 1590/1459/1776 1581/1456/1767
f 1583/1456/1762 1591/1458/1770 1582/1456/1768
f 1591/1458/1770 1584/1458/1769 1599/1458/1778
f 1584/1458/1769 1585/1459/1771 1592/1458/1777
f 1585/1459/1771 1586/1459/1772 1593/1459/1779
f 1586/1459/1772 1587/1460/1773 1594/1459/1780
f 1588/1459/1774 1596/1461/1782 1587/1460/1773
f 1589/1459/1775 1597/1459/1783 1588/1459/1774
f 1590/1459/1776 1598/1459/1784 1589/1459/1775
f 1591/1458/1770 1599/1458/1778 1590/1459/1776
f 1599/1458/1778 1592/1458/1777 1607/1462/1786
f 1592/1458/1777 1593/1459/1779 1600/1462/1785
f 1593/1459/1779 1594/1459/1780 1601/1461/1787
f 1594/1459/1780 1595/1461/1781 1602/1461/1788
f 1596/1461/1782 1604/1461/1790 1595/1461/1781
f 1597/1459/1783 1605/1461/1791 1596/1461/1782
f 1598/1459/1784 1606/1461/1792 1597/1459/1783
f 1599/1458/1778 1607/1462/1786 1598/1459/1784
f 1607/1462/1786 1600/1462/1785 1615/1462/1794
f 1600/1462/1785 1601/1461/1787 1608/1462/1793
f 1601/1461/1787 1602/1461/1788 1609/1462/1795
f 1602/1461/1788 1603/1461/1789 1610/1461/1796
f 1604/1461/1790 1612/1463/1798 1603/1461/1789
f 1605/1461/1791 1613/1461/1799 1604/1461/1790
f 1606/1461/1792 1614/1462/1800 1605/1461/1791
f 1607/1462/1786 1615/1462/1794 1606/1461/1792
f 1615/1462/1794 1608/1462/1793 1623/1462/1802
f 1608/1462/1793 1609/1462/1795 1616/1462/1801
f 1609/1462/1795 1610/1461/1796 1617/1462/1803
f 1611/1463/1797 1619/1463/1805 1610/1461/1796
f 1612/1463/1798 1620/1463/1806 1611/1463/1797
f 1613/1461/1799 1621/1464/1807 1612/1463/1798
f 1614/1462/1800 1622/1464/1808 1613/1461/1799
f 1614/1462/1800 1615/1462/1794 1622/1464/1808
f 1623/1462/1802 1616/1462/1801 1631/1464/1810
f 1617/1462/1803 1625/1464/1811 1616/1462/1801
f 1618/1463/1804 1626/1464/1812 1617/1462/1803
f 1619/1463/1805 1627/1464/1813 1618/1463/1804
f 1620/1463/1806 1628/1464/1814 1619/1463/1805
f 1620/1463/1806 1621/1464/1807 1628/1464/1814
f 1621/1464/1807 1622/1464/1808 1629/1464/1815
f 1622/1464/1808 1623/1462/1802 1630/1464/1816
f 1631/1464/1810 1624/1464/1809 1639/1465/1818
f 1625/1464/1811 1633/1465/1819 1624/1464/1809
f 1626/1464/1812 1634/1465/1820 1625/1464/1811
f 1627/1464/1813 1635/1466/1821 1626/1464/1812
f 1628/1464/1814 1636/1466/1822 1627/1464/1813
f 1628/1464/1814 1629/1464/1815 1636/1466/1822
f 1629/1464/1815 1630/1464/1816 1637/1465/1823
f 1630/1464/1816 1631/1464/1810 1638/1465/1824
f 1051/1382/1244 1050/1382/1240 1643/1382/1826
f 1647/1385/1832 1055/1385/1249 1646/1385/1828
f 1053/1385/1248 1052/1382/1246 1645/1385/1830
f 1052/1382/1246 1051/1382/1244 1644/1382/1829
f 1050/1382/1240 1049/1382/1238 1642/1382/1825
f 1640/1382/1833 1048/1382/1235 1647/1385/1832
f 1646/1385/1828 1054/1385/1827 1645/1385/1830
f 1641/1382/1831 1049/1382/1238 1640/1382/1833
